Date,Open,High,Low,Close,Volume
2021-06-02,21150.586233876846,22117.611328125,21076.199420410245,22117.611328125,2876725
2021-06-03,22960.66172459789,22960.66172459789,22117.612854215804,22762.296875,2203992
2021-06-04,22315.974431492126,22762.29353723206,22315.974431492126,22464.748046875,1704892
2021-06-07,22266.38373500629,22266.38373500629,20952.22024992155,21324.154296875,33251171
2021-06-08,21324.154296875,21324.154296875,21324.154296875,21324.154296875,0
2021-06-09,19935.605550201406,21125.79111204109,19836.423129979954,21051.404296875,22577914
2021-06-10,21386.141568132472,21913.04680799811,21138.185546875,21138.185546875,20125431
2021-06-11,21324.155728463676,21758.07620176069,20952.22165654058,21479.126953125,13702681
2021-06-14,21479.12464100186,21634.097589389945,20983.21433889557,21138.185546875,15735018
2021-06-15,21138.187495568734,22439.954116565146,20766.255169803368,21913.048828125,26131162
2021-06-16,21913.050341076556,21975.038486181053,21386.145016257076,21510.123046875,11803600
2021-06-17,21076.199379658632,21696.0877502729,20890.233216556117,21634.099609375,9189362
2021-06-18,21820.063949345884,22006.030096910374,21634.097801781394,21696.0859375,13246850
2021-06-21,21634.100058264434,21820.066225225593,21479.127092190898,21541.115234375,7830925
2021-06-22,21820.066372673282,22315.97673472374,21603.105262949543,22099.015625,21378500
2021-06-23,22253.98422904759,22563.928386352865,22130.00795845241,22191.99609375,14726612
2021-06-24,22315.975108420214,22594.924340418176,22068.01907526065,22439.953125,16522912
2021-06-25,22439.95441731247,22687.90872434294,22346.97133462494,22532.9375,11405125
2021-06-28,22749.8984375,22811.886578695176,22501.942391901648,22749.8984375,11410443
2021-06-29,22873.87503103598,22904.869972259592,22594.92578125,22594.92578125,9599193
2021-06-30,22563.930228960107,22625.920109728555,22068.019884856556,22130.009765625,13840250
2021-07-01,22037.026172665923,22439.953426660217,21758.07519650929,22284.98046875,14940225
2021-07-02,22501.94090523314,22563.929042332853,22315.974753525286,22377.962890625,9210206
2021-07-05,22377.962890625,22377.962890625,22377.962890625,22377.962890625,0
2021-07-06,22377.962890625,22377.962890625,22377.962890625,22377.962890625,0
2021-07-07,22377.962890625,22377.962890625,22377.962890625,22377.962890625,0
2021-07-08,22377.962890625,22377.962890625,22377.962890625,22377.962890625,0
2021-07-09,22315.97477154938,22687.907075265484,21076.19810528407,21820.064453125,16265887
2021-07-12,21820.064453125,21820.064453125,21820.064453125,21820.064453125,0
2021-07-13,20642.276562299958,20642.276562299958,20022.388209999415,20394.322265625,9591287
2021-07-14,20394.322265625,20394.322265625,20394.322265625,20394.322265625,0
2021-07-15,19464.490367023856,20425.31612589483,19433.495426283236,20301.33984375,7324637
2021-07-16,20301.33984375,20301.33984375,20301.33984375,20301.33984375,0
2021-07-19,20394.3214118416,20549.292623224672,19805.42802393202,19929.404296875,14402600
2021-07-20,20146.366534917957,21014.2109375,19836.422354054197,21014.2109375,12309887
2021-07-21,21107.193661143236,21386.142897085545,20921.227503848364,20952.220703125,11757743
2021-07-22,20952.219401136223,21324.15343302243,20580.287109658668,21138.185546875,10295231
2021-07-23,21014.21076398673,21169.181982934624,20456.310546875,20456.310546875,10684937
2021-07-26,20208.355612453568,20518.299781003177,19867.416504926383,20270.34375,10822075
2021-07-27,20487.30483123621,20766.25406066134,20456.30989227496,20549.29296875,8099881
2021-07-28,20580.287907711256,20828.242198175125,20487.30483123621,20549.29296875,6966700
2021-07-29,20735.259449933455,21200.1765800769,20642.276371986518,21169.181640625,10979625
2021-07-30,21262.165335857266,22408.958984375,21262.165335857266,22408.958984375,50536750
2021-08-02,22408.958984375,22408.958984375,22408.958984375,22408.958984375,0
2021-08-03,21975.035009595438,22191.99609375,21696.08579014329,22191.99609375,12601556
2021-08-04,22191.99609375,22191.99609375,22191.99609375,22191.99609375,0
2021-08-05,21913.047369807795,22377.962746074303,21882.052431253796,22315.974609375,19819100
2021-08-06,22377.96473653468,22408.959677845596,21975.037461128166,22037.02734375,12392400
2021-08-09,21944.04342194505,22842.881021945617,21789.070461719413,22625.919921875,27657787
2021-08-10,22625.919921875,22625.919921875,22625.919921875,22625.919921875,0
2021-08-11,22625.918773688903,22780.88998564151,22315.974609375,22315.974609375,23707681
2021-08-12,22191.998883772074,22315.97691036268,21882.0546875,21882.0546875,17461456
2021-08-13,21820.06574668366,21975.036968949622,21262.165517626796,21913.048828125,21742475
2021-08-16,21913.048663753045,22315.975927112733,21572.109540753,22130.009765625,17331506
2021-08-17,22130.009765625,22130.009765625,22130.009765625,22130.009765625,0
2021-08-18,21975.037461128166,22191.99856948688,21882.054377604265,22037.02734375,10200643
2021-08-19,22006.032714090605,22037.027655840477,21665.09357606866,21882.0546875,13470093
2021-08-20,21882.054759499213,21913.04970135107,20487.306741890137,20828.244140625,30119793
2021-08-23,20828.244140625,20828.244140625,20828.244140625,20828.244140625,0
2021-08-24,19836.42250997673,20146.36669327678,19650.456348078464,20022.388671875,13058537
2021-08-25,19960.399877381962,20146.366033187107,19774.43372157682,20115.37109375,6994443
2021-08-26,20177.362018386986,20208.356959430515,19712.444864369412,19805.4296875,7108150
2021-08-27,19650.454281556904,19743.43735272756,19092.555854532966,19681.44921875,11600050
2021-08-30,19712.443208611745,20084.377248666766,19588.466935668766,19929.404296875,11542550
2021-08-31,20146.366048378535,20208.355927299493,19836.421875,19836.421875,7947362
2021-09-01,19836.421875,20301.33900527218,19805.428675948275,19836.421875,12528243
2021-09-02,19836.421875,19836.421875,19836.421875,19836.421875,0
2021-09-03,19836.421875,19836.421875,19836.421875,19836.421875,0
2021-09-06,19960.40105212497,20022.38919423866,19805.429826636308,19867.41796875,10613350
2021-09-07,20084.377098367393,20301.33818500704,19960.399085943496,20146.365234375,11447818
2021-09-08,20146.365234375,20146.365234375,20146.365234375,20146.365234375,0
2021-09-09,19836.421860042286,20115.37109375,19805.428661013928,20115.37109375,4933356
2021-09-10,20146.36669327678,20177.361633729426,19991.39547183116,20022.388671875,5895331
2021-09-13,20022.389864033266,20022.389864033266,19774.435546875,19774.435546875,7474712
2021-09-14,19743.439620075344,19836.42270192423,19526.478515625,19526.478515625,6485137
2021-09-15,19526.47787635954,19526.47787635954,19309.516779012152,19340.51171875,7157600
2021-09-16,19371.506800443804,19557.472959416118,19340.511860478822,19402.5,4967281
2021-09-17,19588.466796875,19712.44306893955,19433.493846181293,19588.466796875,6572681
2021-09-20,19836.42222934669,20022.388388614054,19743.439149713005,19898.412109375,9182462
2021-09-21,19898.412109375,19898.412109375,19898.412109375,19898.412109375,0
2021-09-22,19898.412109375,19898.412109375,19898.412109375,19898.412109375,0
2021-09-23,19650.454932907272,19712.44306893955,19526.476920434045,19588.466796875,6053025
2021-09-24,19712.443857566836,19929.404952972687,19712.443857566836,19836.421875,961500625
2021-09-27,19960.400724525687,20084.378747127143,19526.478515625,19526.478515625,6901868
2021-09-28,19526.476920434045,19681.449871127752,19464.488784401772,19588.466796875,3618762
2021-09-29,19588.467093666757,19650.455230638232,19309.516126273335,19433.494140625,5196706
2021-09-30,19433.494638720684,19588.467595734517,19402.499699236167,19557.47265625,6317525
2021-10-01,19526.478515625,19557.47345637757,19278.52421083091,19526.478515625,9260231
2021-10-04,19402.499355924076,19464.48923379625,18968.57891286248,19216.533203125,813481250
2021-10-05,19216.534329325772,19526.478515625,19216.534329325772,19526.478515625,4186431
2021-10-06,19526.478515625,19526.478515625,19526.478515625,19526.478515625,0
2021-10-07,19526.47787635954,19526.47787635954,19340.51171875,19340.51171875,3107587
2021-10-08,19340.51171875,19340.51171875,19340.51171875,19340.51171875,0
2021-10-11,19340.51171875,19340.51171875,19340.51171875,19340.51171875,0
2021-10-12,20394.321620475595,20394.321620475595,20084.37745413003,20208.35546875,4866368
2021-10-13,20208.35546875,20394.321620475595,20146.36559123566,20208.35546875,5332118
2021-10-14,20208.35546875,20208.35546875,20208.35546875,20208.35546875,0
2021-10-15,20146.366551211904,20177.361491445983,19898.41225056563,19960.400390625,4279150
2021-10-18,19960.400390625,19960.400390625,19960.400390625,19960.400390625,0
2021-10-19,20084.378552780294,20084.378552780294,19774.434369480245,20022.388671875,5197137
2021-10-20,20022.388671875,20239.349774225913,19712.44448857495,20022.388671875,5529200
2021-10-21,20022.386566239533,20022.386566239533,19681.44921875,19681.44921875,5940037
2021-10-22,19774.432945380504,19805.42788360098,19495.483722622248,19588.466796875,5501456
2021-10-25,19588.466796875,19588.466796875,19588.466796875,19588.466796875,0
2021-10-26,19588.466796875,19588.466796875,19588.466796875,19588.466796875,0
2021-10-27,19588.466796875,19588.466796875,19588.466796875,19588.466796875,0
2021-10-28,19619.4614315719,19743.439453125,19526.47835050928,19743.439453125,6683081
2021-10-29,19743.439110815376,20456.310546875,19681.450971317976,20456.310546875,19545831
2021-11-01,20456.310546875,20456.310546875,20456.310546875,20456.310546875,0
2021-11-02,20270.343739324875,20549.29296875,20177.36066284983,20549.29296875,10075725
2021-11-03,20642.27766281044,21138.1880230078,20611.284461829197,20983.216796875,18773893
2021-11-04,21107.193011062518,21107.193011062518,20735.258967519214,20766.25390625,6033762
2021-11-05,20952.220057817296,20952.220057817296,20642.275891735564,20766.25390625,5703137
2021-11-08,20766.25376162114,20859.236836757198,20580.287611349024,20704.265625,7741368
2021-11-09,20704.266566109985,20952.220864273975,20673.271626186197,20735.259765625,7256356
2021-11-10,20766.25376162114,20797.248700136057,20549.292672834104,20704.265625,6278137
2021-11-11,20642.276705775985,20797.249665132655,20146.366368570434,20456.310546875,10248512
2021-11-12,20456.3103872143,20673.271484375,20239.349290053597,20673.271484375,6290643
2021-11-15,20704.265625,20828.24189824228,20611.282549863943,20704.265625,7013418
2021-11-16,20673.270984186296,20704.26592314755,20332.33187683866,20549.29296875,7491531
2021-11-17,20549.292317098603,20766.253402129754,20332.331232067452,20642.275390625,6268218
2021-11-18,20766.2535560858,20766.2535560858,20146.365234375,20146.365234375,7902800
2021-11-19,20146.365234375,20146.365234375,20146.365234375,20146.365234375,0
2021-11-22,20766.25438938535,21572.10889186465,20456.310216092643,21169.181640625,13154562
2021-11-23,21231.172987283975,21262.166188469746,20890.233850969536,21045.205078125,5519425
2021-11-24,21014.21121391949,21975.036968949622,20921.228132478147,21913.048828125,20550212
2021-11-25,22006.03141108479,22037.02635099941,21665.092293250294,21789.0703125,10182387
2021-11-26,21789.069971879722,21882.053049761238,21448.130859375,21448.130859375,8925437
2021-11-29,20952.22054527923,21262.164718571938,20952.22054527923,21169.181640625,8762281
2021-11-30,21324.15358369681,21386.14171924485,20580.287255076957,20642.275390625,8834012
2021-12-01,20518.29961762984,20766.25390625,20487.304678899054,20766.25390625,5204325
2021-12-02,20828.243366876934,20828.243366876934,20580.2890625,20580.2890625,3802187
2021-12-03,20704.264601667215,20797.24767220747,20177.359375,20177.359375,7067181
2021-12-06,20022.388671875,20332.33285517505,19619.461407625815,20022.388671875,9342312
2021-12-07,20146.36523053097,20425.314453125,19898.410946139167,20425.314453125,4064675
2021-12-08,20239.34979767066,20704.266943363687,20177.361657102367,20518.30078125,4169468
2021-12-09,20456.309243572206,20642.275390625,20332.331232067452,20642.275390625,3099250
2021-12-10,20580.287611349024,20828.24189824228,20518.299474727883,20704.265625,6800093
2021-12-13,20797.248700136057,20952.219911893255,20642.27574797016,20704.265625,4330756
2021-12-14,20642.275390625,20766.253402129754,20518.299119528918,20642.275390625,3059143
2021-12-15,20518.299474727883,20797.248700136057,20487.304536212967,20704.265625,3051668
2021-12-16,20766.254725179566,20797.249665132655,20456.310546875,20456.310546875,3314587
2021-12-17,20549.294121799576,20642.277203492027,20487.30598080755,20580.2890625,3455031
2021-12-20,20580.288921818294,20642.277062386584,20363.327819216054,20518.30078125,4738143
2021-12-21,20425.31707048815,20425.31707048815,20332.333984375,20332.333984375,3479325
2021-12-22,20239.34881102242,20425.314964070443,20239.34881102242,20270.34375,4866225
2021-12-23,20208.35511079129,20239.34830859075,19836.4210735196,20146.365234375,5944493
2021-12-24,20146.366368570434,20549.293626325492,19960.40020966945,20456.310546875,6285612
2021-12-27,20642.27604522504,20642.27604522504,20394.32175476117,20549.29296875,3535531
2021-12-28,20549.29409586341,20921.228162572606,20487.30595494962,20859.23828125,4998762
2021-12-29,20983.2156428104,21200.17673979067,20890.232564162965,20952.220703125,5487225
2021-12-30,20890.23291707274,21076.199077509234,20766.254896645474,21014.2109375,2615675
2021-12-31,21076.200331938744,21417.139473303796,21076.200331938744,21386.14453125,8124462
2022-01-03,21386.14453125,21386.14453125,21386.14453125,21386.14453125,0
2022-01-04,21572.108587768573,21572.108587768573,21231.17122023882,21324.154296875,6547812
2022-01-05,21293.15967340572,21293.15967340572,20859.237482400713,20890.232421875,8530843
2022-01-06,20766.25555011208,21076.199740729073,20518.30124186379,20921.228515625,8155943
2022-01-07,21014.20942513926,21045.20262270895,20642.275390625,20642.275390625,4777962
2022-01-10,20456.310546875,20704.266585682166,20425.31560692191,20456.310546875,8183975
2022-01-11,20456.31106663545,20487.306007376068,20270.34490300938,20301.33984375,9192956
2022-01-12,20270.344738159212,20797.25002442053,20177.361657102367,20518.30078125,11196687
2022-01-13,20859.237641824526,21231.17169713234,20549.293465939063,20673.271484375,9360856
2022-01-14,20673.272809999162,20735.260952987588,20456.311698926347,20487.306640625,2790331
2022-01-17,20518.30094811669,20859.23833462821,20301.33984375,20301.33984375,10471756
2022-01-18,20301.340782609885,20487.306954836185,20022.38978386153,20332.333984375,6141862
2022-01-19,20332.33252747142,20642.276705775985,20332.33252747142,20456.310546875,3024500
2022-01-20,20456.30939132723,20549.29246552524,20270.34324293121,20425.314453125,4910356
2022-01-21,20425.31558761343,21076.19888356036,20394.32238809842,20735.259765625,6330750
2022-01-24,20766.254875282768,21634.099276972043,20766.254875282768,21293.16015625,18953581
2022-01-25,21293.159346861583,21727.081531212112,21293.159346861583,21603.103515625,6156381
2022-01-26,21696.08786326843,22284.981296296355,21696.08786326843,21975.037109375,12210843
2022-01-27,21944.043794682133,21944.043794682133,21417.138505619125,21634.099609375,8717575
2022-01-28,21634.09977731509,21696.087918694186,21324.155589601938,21417.138671875,14746018
2022-01-31,21417.138671875,21417.138671875,21417.138671875,21417.138671875,0
2022-02-01,21417.138671875,21417.138671875,21417.138671875,21417.138671875,0
2022-02-02,21417.138671875,21417.138671875,21417.138671875,21417.138671875,0
2022-02-03,21417.138671875,21417.138671875,21417.138671875,21417.138671875,0
2022-02-04,21417.138671875,21417.138671875,21417.138671875,21417.138671875,0
2022-02-07,21696.08922259742,21789.072310458632,21479.128104118285,21510.123046875,6537750
2022-02-08,21510.120417654933,22315.974907557025,21510.120417654933,22161.001953125,46662975
2022-02-09,22253.985689757905,22284.98062964548,22006.031391883622,22068.01953125,14590193
2022-02-10,22068.020544652063,22191.99856948688,21913.049318915186,22037.02734375,10971718
2022-02-11,21882.053723368823,22532.93702898469,21851.058782984597,22130.009765625,13764350
2022-02-14,21944.043627147843,22068.01990799713,21076.19921875,21076.19921875,18907725
2022-02-15,21076.19921875,21076.19921875,21076.19921875,21076.19921875,0
2022-02-16,21510.119942863952,21510.119942863952,21076.19776852268,21200.17578125,7330531
2022-02-17,21169.180987422176,21355.147137577824,21138.18604892667,21262.1640625,5625081
2022-02-18,21138.1880230078,21231.17284717811,20890.23371311355,20983.216796875,10520200
2022-02-21,21014.210127951486,21324.154296875,20797.249035664154,21324.154296875,10472331
2022-02-22,21076.20080991673,21510.123046875,20828.244748680878,21510.123046875,11636131
2022-02-23,21572.108876686605,21758.075032449637,21448.130859375,21448.130859375,8420300
2022-02-24,21293.160297144364,21448.131518237853,20735.260072308443,21355.1484375,12783256
2022-02-25,21386.143236372594,21541.114456440657,21262.16521607287,21293.16015625,7918325
2022-02-28,21262.16523794573,21293.160178154747,21014.2109375,21014.2109375,5544581
2022-03-01,21076.199880636454,21076.199880636454,20797.2506293521,20983.216796875,8065668
2022-03-02,20890.23259938368,21076.19875699209,20394.322265625,20394.322265625,19954800
2022-03-03,20456.31052753722,20735.259765625,20394.32238809842,20735.259765625,11740206
2022-03-04,20704.26561203306,21262.1640625,20456.3095848864,21262.1640625,9954831
2022-03-07,20766.25441979391,20952.220575960102,20549.293324130434,20611.283203125,6748343
2022-03-08,20456.309757581224,20580.287772201194,20177.360529992828,20208.35546875,10381337
2022-03-09,20301.33868897758,20425.314964070443,20084.37759695198,20270.34375,5997250
2022-03-10,20456.310404691547,20704.26644177527,20394.322265625,20394.322265625,3162212
2022-03-11,20332.331887546432,20425.314964070443,20208.355612453568,20270.34375,3902668
2022-03-14,20146.365734498413,20332.331887546432,20115.370795520834,20270.34375,3917043
2022-03-15,20332.333984375,20549.295098775317,20270.345840435868,20332.333984375,3953412
2022-03-16,20394.323868723033,20487.306954836185,20239.350898261848,20332.333984375,4735412
2022-03-17,20549.295098775317,20580.290040949334,20332.333984375,20332.333984375,3766681
2022-03-18,20456.312012662165,20518.301897010202,20332.333984375,20332.333984375,3733187
2022-03-21,20394.32125533145,20456.30939132723,20270.34324293121,20425.314453125,4747343
2022-03-22,20456.309243572206,20704.26526658171,20456.309243572206,20642.275390625,4778250
2022-03-23,20580.2890625,20704.26708489288,20549.294121799576,20580.2890625,2961250
2022-03-24,20487.305344429205,20580.28842323341,20363.327325887345,20394.322265625,4130081
2022-03-25,20394.32176550159,20549.29297957203,20270.34375,20270.34375,4798662
2022-03-28,20270.34390619744,20332.332044221534,20022.387873283584,20053.3828125,7008962
2022-03-29,20115.370950524095,20239.348966981022,20022.387873283584,20053.3828125,5268293
2022-03-30,20084.37745413003,20394.321620475595,20022.38757661569,20208.35546875,5972093
2022-03-31,20270.345529552185,20580.28972531208,20208.35738656376,20487.306640625,7939887
2022-04-01,20487.304536212967,20704.265625,20456.309597698048,20704.265625,8431656
2022-04-04,20828.242043302864,20890.231920764436,20704.265769197136,20766.25390625,6891950
2022-04-05,20704.266585682166,20704.266585682166,20425.31560692191,20456.310546875,6480825
2022-04-06,20363.327958414673,20642.277203492027,20301.339817422646,20580.2890625,5975112
2022-04-07,20704.26785403535,21169.18327976875,20611.284768888672,20828.244140625,13870293
2022-04-08,20890.23371311355,21076.199880636454,20859.238771723445,20983.216796875,12800075
2022-04-11,20983.216796875,20983.216796875,20983.216796875,20983.216796875,0
2022-04-12,20983.215804197767,20983.215804197767,20673.271626186197,20735.259765625,7077100
2022-04-13,20766.255199674906,20983.2163034864,20642.277177438507,20859.23828125,7264981
2022-04-14,20859.237624477562,21169.18180010527,20828.242684792163,20952.220703125,7044756
2022-04-15,20952.221221443167,21076.199242842984,20735.26011909569,20797.25,7745393
2022-04-18,20766.256213175635,20828.244357114767,20332.333984375,20332.333984375,8547950
2022-04-19,20208.356089945024,20332.33236796725,19588.467738198826,19619.4609375,7538825
2022-04-20,19650.45751809141,19960.401719845926,19619.462575793284,19774.435546875,6455093
2022-04-21,19836.42270192423,20146.36688822346,19526.478515625,19526.478515625,8480962
2022-04-22,19650.456348078464,20208.356574182075,19650.456348078464,20022.388671875,7458900
2022-04-25,20022.38854868324,20115.371629060275,18906.58984375,18906.58984375,11848737
2022-04-26,18906.588893065076,19371.506011981506,18596.644727257022,19154.544921875,8777375
2022-04-27,19030.566907470038,19340.51107327809,18782.61261906882,19154.544921875,4070712
2022-04-28,18968.57891286248,19340.511218460622,18968.57891286248,19216.533203125,2161568
2022-04-29,19216.533228849585,20270.34375,19061.56201477914,20270.34375,6671293
2022-05-02,20270.34375,20270.34375,20270.34375,20270.34375,0
2022-05-03,20270.34375,20270.34375,20270.34375,20270.34375,0
2022-05-04,19991.39336945506,20146.36457460328,19681.44921875,19681.44921875,2961537
2022-05-05,20022.387377884603,20022.387377884603,19402.499051346138,19650.455078125,4612937
2022-05-06,19340.511218460622,19712.44352405877,19123.550126725466,19216.533203125,2760431
2022-05-09,19216.534383619655,19216.534383619655,18410.679845046583,18968.580078125,7440787
2022-05-10,18782.6124771587,19216.53291368456,18534.65645022218,19092.556640625,5534518
2022-05-11,19092.556487390768,19588.466796875,18968.578474917536,19588.466796875,3333993
2022-05-12,19030.567542726974,19371.50665861929,18286.701171875,18286.701171875,4496500
2022-05-13,18534.656745330652,18782.612776215123,17046.92578125,17046.92578125,8829987
2022-05-16,17139.9070450598,17790.788511580824,17046.92397841394,17108.912109375,7385300
2022-05-17,17108.912989496057,18193.71664977487,17046.924855346188,18131.728515625,3763231
2022-05-18,18410.679062676194,18441.674002199194,17852.78059371476,17945.763671875,5061581
2022-05-19,17604.826655051205,17976.75901198863,17418.860476582493,17728.8046875,2668575
2022-05-20,17728.802716435137,18162.724911558547,17728.802716435137,18007.751953125,2783000
2022-05-23,18038.745585527624,18162.723595207346,17542.835287217367,17635.818359375,1707031
2022-05-24,17852.78125,17852.78125,17449.853983024055,17852.78125,2262768
2022-05-25,17852.77993347791,18596.64453125,17852.77993347791,18596.64453125,5484925
2022-05-26,18844.60236322181,18906.59050550657,18596.646313265046,18813.607421875,3867881
2022-05-27,19092.55676869305,19712.443359375,18968.57875439318,19712.443359375,7059275
2022-05-30,19836.42288813469,19836.42288813469,19526.47869892592,19805.4296875,3226037
2022-05-31,19650.4557342948,19712.44387285508,19526.477716765483,19557.47265625,3375968
2022-06-01,19712.445885671634,19712.445885671634,19278.525390625,19278.525390625,5064887
2022-06-02,19278.525390625,19278.525390625,19278.525390625,19278.525390625,0
2022-06-03,19758.93606548136,19836.422546551446,19294.02065987847,19603.96484375,1620925
2022-06-06,19603.96484375,19797.679306016402,19526.478362679914,19603.96484375,1953620
2022-06-07,19603.964612005537,19603.964612005537,18829.10503169097,19332.763671875,2593250
2022-06-08,19294.01986104721,19913.908203125,19100.305406801177,19913.908203125,5169020
2022-06-09,19991.395584431826,20068.880325386664,19410.250455022062,19952.65234375,3896660
2022-06-10,19526.478515625,19991.395665278258,19487.735274786493,19526.478515625,2620045
2022-06-13,19371.506184720478,19371.506184720478,18441.67367900485,18519.16015625,4404845
2022-06-14,18519.161586450286,18945.333763393646,18209.217393941995,18674.1328125,2357040
2022-06-15,18945.332763753897,18984.076003324273,17899.272256988752,18286.701171875,4178065
2022-06-16,18286.702136762426,18674.1328125,18286.702136762426,18674.1328125,2214440
2022-06-17,18209.215647150664,18480.416572028284,17705.55529488478,17899.271484375,3635035
2022-06-20,17899.2717822966,18209.21595023108,17666.81409144792,17744.298828125,4549400
2022-06-21,17434.354514468003,17976.756368717575,17434.354514468003,17821.78515625,3077975
2022-06-22,17976.757728390254,18519.16136407325,17976.757728390254,18402.931640625,2911800
2022-06-23,18131.73069298792,18480.418122923835,17860.529745350843,18402.931640625,2462035
2022-06-24,18364.189295171836,18596.647012997408,18209.21806342443,18441.67578125,1826315
2022-06-27,18441.672634465544,18712.873549053984,18325.442925181087,18557.90234375,2814740
2022-06-28,18441.674293891505,19216.533870952386,18364.18781406278,18984.076171875,3445170
2022-06-29,18751.619140625,18984.076847981225,18596.646175448288,18751.619140625,2254690
2022-06-30,18984.075169528758,18984.075169528758,18557.903033789946,18596.64453125,2401660
2022-07-01,18480.417453301423,18635.388671875,18209.216515491084,18635.388671875,2129685
2022-07-04,18906.589305080437,18984.075783323224,18596.64513251803,18790.361328125,2097485
2022-07-05,18945.33203125,19061.561745467217,18790.360819369074,18945.33203125,3439650
2022-07-06,18906.590365392865,18984.076847981225,18286.701985503707,18751.619140625,2320470
2022-07-07,18829.104718296596,18984.075935616627,18674.1317605678,18712.875,2871205
2022-07-08,18751.617482724978,18906.58869379127,18596.64453125,18596.64453125,2318400
2022-07-11,18480.417738876164,18596.645719500204,18209.216796875,18209.216796875,1879905
2022-07-12,18209.216796875,18209.216796875,18209.216796875,18209.216796875,0
2022-07-13,18596.64453125,18906.58869379127,18441.673320183712,18596.64453125,2445130
2022-07-14,18441.674213555834,18712.875151366177,18441.674213555834,18635.388671875,1643810
2022-07-15,18790.360720593722,18945.331931660014,18596.64453125,18596.64453125,3038645
2022-07-18,18674.131370331575,18751.617847576726,18519.16015625,18519.16015625,2788750
2022-07-19,18519.16015625,18557.903394872574,18441.67367900485,18519.16015625,1733050
2022-07-20,18674.132504844598,18867.84696931752,18519.161281348028,18829.10546875,3495195
2022-07-21,18829.105690998273,19294.02110738442,18751.619208130964,19100.306640625,4959950
2022-07-22,19100.307110571386,19216.535097323187,18867.84765625,18867.84765625,2345310
2022-07-25,18751.618391111762,18906.58960968534,18519.16069304701,18635.388671875,2128305
2022-07-26,18596.64543212941,18790.36163085735,18596.64543212941,18635.388671875,1707635
2022-07-27,18596.646175448288,18751.619140625,18557.904674562953,18751.619140625,1023500
2022-07-28,19139.048221612033,19139.048221612033,18906.588793177594,18945.33203125,3849625
2022-07-29,19022.819260393982,19139.04897921204,18945.332781181944,19061.5625,4389895
2022-08-01,19100.306859761797,19371.5078125,18984.07713412734,19371.5078125,5123825
2022-08-02,19371.506007787415,19410.24924605612,19139.048318583882,19294.01953125,3899995
2022-08-03,19371.506911952045,19410.250152029093,19139.049211898557,19332.763671875,6994185
2022-08-04,19371.5078125,19565.222281481896,19294.021328743693,19371.5078125,5048615
2022-08-05,19371.507064898826,19371.507064898826,18984.076401478207,19255.27734375,3763720
2022-08-08,19216.53425631631,19371.507219081548,19100.3062746512,19177.791015625,3682415
2022-08-09,19294.02043179795,19371.506911952045,19139.049211898557,19332.763671875,4086295
2022-08-10,19332.76382451588,19410.250305281766,19177.790862984115,19255.27734375,2285855
2022-08-11,19371.507219081548,19448.993700464165,19139.04951534251,19177.791015625,3958530
2022-08-12,19139.048466397868,19255.276441692928,19061.561989262013,19216.533203125,1679000
2022-08-15,19294.02043179795,19487.7348917744,19216.533951643858,19332.763671875,3627790
2022-08-16,19294.02058413294,19332.76382451588,19100.306122627033,19255.27734375,3719675
2022-08-17,19332.763671875,19371.506911952045,19255.277191720907,19332.763671875,3853190
2022-08-18,19332.76315921012,19565.220853099312,19216.53344206115,19487.734375,6878725
2022-08-19,19487.73504563885,19487.73504563885,19216.534103367056,19255.27734375,2195350
2022-08-22,19216.53462451711,19216.53462451711,19061.563399191346,19100.306640625,2575195
2022-08-23,18867.845796422378,19216.533203125,18751.617821127318,19216.533203125,2742750
2022-08-24,19139.049363009977,19294.02058413294,19100.306122627033,19255.27734375,3110635
2022-08-25,19255.27808686554,19371.5078125,19177.79160310923,19371.5078125,4176570
2022-08-26,19448.992634532566,19603.963848395553,19177.789964557072,19216.533203125,4460505
2022-08-29,18945.33188383312,19139.048072687816,18829.103910928992,19022.818359375,3701045
2022-08-30,19061.561597145937,19255.276045591945,19022.818359375,19022.818359375,2318860
2022-08-31,19022.82015775769,19177.791383083455,19022.82015775769,19100.306640625,2262050
2022-09-01,19100.306640625,19100.306640625,19100.306640625,19100.306640625,0
2022-09-02,19100.306640625,19100.306640625,19100.306640625,19100.306640625,0
2022-09-05,19022.81941178936,19177.790631038024,18945.33293196064,18984.076171875,2653855
2022-09-06,18984.076916324037,19139.049882058654,18945.333674890382,19100.306640625,2765980
2022-09-07,18984.07669224657,19061.563174199273,18829.10546875,18829.10546875,3696560
2022-09-08,18906.58869379127,18945.331931660014,18596.64453125,18596.64453125,2392805
2022-09-09,18751.617482724978,18751.617482724978,18402.930082314968,18596.64453125,2562085
2022-09-12,18596.646105963246,18751.61907056091,18402.931640625,18402.931640625,1599420
2022-09-13,18519.162267328167,18596.647012997408,18286.70280909367,18441.67578125,1689925
2022-09-14,18209.216796875,18286.70153715476,18092.987075842157,18209.216796875,2417415
2022-09-15,18286.702439346827,18286.702439346827,18170.47445298857,18247.9609375,1823440
2022-09-16,18209.21656352575,18286.70130281255,17899.27238515221,17938.015625,2438115
2022-09-19,17938.0141069138,17976.755603074136,17589.32671820173,17705.5546875,2942735
2022-09-20,17744.298828125,17783.0420666679,17511.84113727632,17744.298828125,2194200
2022-09-21,17705.5562564772,17705.5562564772,17511.841796875,17511.841796875,1486030
2022-09-22,17434.35501710866,17666.814453125,17434.35501710866,17666.814453125,2100820
2022-09-23,17550.585036877197,17783.0427364816,17511.841796875,17511.841796875,1685440
2022-09-26,17356.871404898327,17434.356148188625,16891.954243112214,17201.8984375,5228475
2022-09-27,17201.898129129797,17395.61259449621,17124.411646819695,17356.87109375,1689235
2022-09-28,17085.667279442518,17240.640233847495,17008.182542648756,17046.92578125,2890065
2022-09-29,17163.153756645006,17163.153756645006,16969.43930404751,17046.92578125,4433825
2022-09-30,17046.92721051054,17395.61290633904,16930.697484961795,17201.8984375,4852195
2022-10-03,17085.668105323388,17279.38430769339,16504.522979030997,16736.982421875,4206585
2022-10-04,16814.46631149438,17008.1825040611,16272.064453125,16272.064453125,3993375
2022-10-05,16349.55243868211,16620.753392889805,16117.0947265625,16117.0947265625,3744170
2022-10-06,16155.837677497577,16427.03862681781,15497.2060546875,15497.2060546875,3275660
2022-10-07,15148.517496859233,15419.718426025776,14412.400316176749,14451.1435546875,9758210
2022-10-10,14102.45692297868,14799.830903448821,14102.45692297868,14489.88671875,7443950
2022-10-11,14489.886347573238,14489.886347573238,13521.311447854003,13560.0546875,7399100
2022-10-12,13869.999219556768,14489.88671875,13792.51273827986,14489.88671875,3870325
2022-10-13,14489.886156885397,15458.4619140625,14334.914070545236,15458.4619140625,4487070
2022-10-14,15884.635977557713,16194.578413212812,15652.17654020324,16155.8369140625,3608930
2022-10-17,15729.663613159992,16272.065506646744,15690.920372138247,16233.322265625,4320090
2022-10-18,16504.521339250543,16659.494285749457,16349.550133160268,16582.0078125,3182740
2022-10-19,16736.98342185389,16736.98342185389,16272.06624879744,16349.552734375,1662555
2022-10-20,16349.5511700002,16659.495342245125,16039.606997755274,16543.265625,4627025
2022-10-21,16543.26471848976,16543.26471848976,15690.918726623835,15807.1484375,3893325
2022-10-24,15845.89247253542,15884.63571144544,14877.316721011113,15109.7744140625,3217470
2022-10-25,15264.746600895196,16155.835829719845,14838.572734757909,15807.1484375,5665820
2022-10-26,15962.121017522215,16194.578718855126,15652.176835608736,16000.8642578125,2494465
2022-10-27,16039.607445948846,17085.66796875,15884.636225700406,17085.66796875,5572900
2022-10-28,17356.86928674306,17473.09725769899,17085.666626892355,17279.3828125,4084455
2022-10-31,17318.12785259495,17434.355835651262,16775.72595724192,17356.87109375,4309395
2022-11-01,17434.35456645961,17821.785209396978,17318.126591864497,17395.611328125,3858710
2022-11-02,17356.87025601232,17395.611754888654,16891.953125,16891.953125,4068930
2022-11-03,16659.495342245125,17046.925992653472,16543.265625,16543.265625,3771195
2022-11-04,16543.265104676946,16582.008342540095,15458.461406143602,15613.4326171875,14508860
2022-11-07,16194.578718855126,16272.065199435696,15652.176835608736,16000.8642578125,5644890
2022-11-08,15962.119647676733,16853.208876654928,15613.432255396803,16504.521484375,4675785
2022-11-09,16582.009224117894,16814.46692324663,16039.60734601458,16078.3505859375,3770505
2022-11-10,16000.8647119381,16194.579178478596,15109.775381197656,15497.2060546875,6284405
2022-11-11,16039.608242386335,16427.038922858275,15845.893772354808,16117.0947265625,4974325
2022-11-14,15884.636044830135,16039.607263313997,15458.462148284161,15729.6630859375,6045665
2022-11-15,15690.919341890733,15845.892295802365,14799.830078125,14799.830078125,7547795
2022-11-16,14644.85829037295,15807.1484375,13869.99790222014,15807.1484375,8507470
2022-11-17,16117.094130878117,16543.266297278024,16117.094130878117,16310.80859375,4950405
2022-11-18,16117.093980225849,16620.752623230157,15962.121019049877,16388.294921875,4067205
2022-11-21,16427.03823904485,16427.03823904485,15962.12109375,15962.12109375,2620850
2022-11-22,15807.15046849919,16543.266844069676,15768.4072265625,15768.4072265625,5091510
2022-11-23,15807.149796769876,16233.32195914541,15768.406556479591,16000.8642578125,2934915
2022-11-24,15962.120285426965,16427.037407178377,15807.149071782309,16272.064453125,2652705
2022-11-25,16659.49609375,16659.49609375,16310.80866669418,16659.49609375,3254500
2022-11-28,16736.98199257436,17240.640625,16698.23875309412,17240.640625,6026805
2022-11-29,17240.640776516462,17240.640776516462,16814.466878897194,17163.154296875,4534105
2022-11-30,17240.641835979688,17395.61306437705,16891.954396574514,17124.412109375,4736160
2022-12-01,17279.384247799964,17705.556410719164,17046.926546170507,17434.35546875,7833915
2022-12-02,17434.35547080699,18209.216796875,17163.15452880583,18209.216796875,5510110
2022-12-05,18247.959672713387,18596.64534802926,17976.75699572074,18286.701171875,5423055
2022-12-06,18286.700016025137,18402.929727389725,17279.3828125,17279.3828125,5932160
2022-12-07,17434.354020577463,17434.354020577463,16853.208944571834,17279.3828125,3789250
2022-12-08,17395.612969538644,18441.675282051176,17124.412016015143,17550.5859375,5515285
2022-12-09,17628.071596224323,17976.75727699594,17395.612155164854,17860.529296875,3817770
2022-12-12,17860.529372078003,18054.24383336775,17434.35546875,17434.35546875,3659070
2022-12-13,17356.87065539707,17860.529296875,17240.640934867333,17860.529296875,3097755
2022-12-14,17899.27238515221,18170.47332367796,17628.07144662646,17938.015625,3786950
2022-12-15,17821.78658758609,18209.217260484133,17821.78658758609,17976.7578125,4730640
2022-12-16,17821.78515625,18131.72932159386,17705.55544159279,17821.78515625,2553575
2022-12-19,17744.30025015953,18015.50120128525,17628.072265625,17628.072265625,3889990
2022-12-20,17628.07060827096,17744.29858187798,17201.89673062202,17473.09765625,2951935
2022-12-21,17511.841495780776,17821.785670060468,17279.383800173193,17666.814453125,2170395
2022-12-22,17821.7853052108,17821.7853052108,17628.07085290502,17744.298828125,2252160
2022-12-23,17744.298828125,17744.298828125,17279.38344642764,17744.298828125,1995365
2022-12-26,17744.30050378222,17744.30050378222,17124.412109375,17124.412109375,2044700
2022-12-27,17124.412109375,17511.842790981733,17046.92736538076,17124.412109375,2346115
2022-12-28,17124.410518043762,17395.611447843745,17008.182542648756,17046.92578125,2100360
2022-12-29,17046.92578125,17356.869949651227,16891.952826845023,17046.92578125,2080465
2022-12-30,17046.92593100821,17201.897146365893,16891.952975241787,16969.439453125,1540425
2023-01-02,16969.439453125,16969.439453125,16969.439453125,16969.439453125,0
2023-01-03,17046.926250470307,17589.328125,17008.183010802648,17589.328125,1779855
2023-01-04,17705.55716505248,17705.55716505248,17473.09945351932,17550.5859375,1887610
2023-01-05,17628.069954770697,17821.784397206902,17550.583481632766,17705.5546875,2420175
2023-01-06,17666.814686474252,18092.98684398238,17511.84172708309,17938.015625,3913565
2023-01-09,18092.98593345653,18092.98593345653,17783.04177068087,17899.271484375,2008705
2023-01-10,18015.499702551224,18170.47265625,17783.04201241177,18170.47265625,3520265
2023-01-11,18286.701985503707,18945.333606687043,18170.474002030016,18751.619140625,6136975
2023-01-12,18751.618472797614,19100.305891618085,18751.618472797614,18984.076171875,3311540
2023-01-13,19061.562414481028,19216.53363180106,18712.875,18712.875,2477560
2023-01-16,18712.876181389136,19371.5078125,18712.876181389136,19371.5078125,4068815
2023-01-17,19410.250381483598,19720.194565355127,19332.763900413513,19603.96484375,4581485
2023-01-18,19603.964329211118,19913.908504947645,19448.99311154724,19758.935546875,6251285
2023-01-19,19758.934598203577,20146.365234375,19720.19310095425,20146.365234375,6349840
2023-01-20,20146.365234375,20146.365234375,20146.365234375,20146.365234375,0
2023-01-23,20146.365234375,20146.365234375,20146.365234375,20146.365234375,0
2023-01-24,20146.365234375,20146.365234375,20146.365234375,20146.365234375,0
2023-01-25,20146.365234375,20146.365234375,20146.365234375,20146.365234375,0
2023-01-26,20146.365234375,20146.365234375,20146.365234375,20146.365234375,0
2023-01-27,20417.568359375,20533.798084883085,20068.880923259614,20417.568359375,4319400
2023-01-30,20378.822252529924,20417.565488919136,19681.44921875,19681.44921875,6208850
2023-01-31,19681.450743732406,20185.109375,19371.506569011864,20185.109375,4002575
2023-02-01,20223.853369900473,20340.083092415993,19448.99377435681,19526.478515625,4005220
2023-02-02,19487.73579772559,19836.423234220096,19216.534844987385,19371.5078125,3317060
2023-02-03,19371.506830609833,19565.221289772857,18906.589692046276,18984.076171875,10961915
2023-02-06,18906.588888971637,19487.733982184825,18712.87443803681,19294.01953125,2755055
2023-02-07,19371.50667643938,19448.99315565142,18906.589541575926,19061.5625,2839695
2023-02-08,19216.53462451711,19410.250831685382,19022.82015775769,19100.306640625,2210760
2023-02-09,19100.305891618085,19448.993310438553,18984.076171875,18984.076171875,3710015
2023-02-10,19061.56333056958,19177.79131404327,18751.619140625,18751.619140625,2308625
2023-02-13,18712.87460895415,18712.87460895415,18441.67367900485,18519.16015625,2980340
2023-02-14,18674.130458874228,18674.130458874228,18441.672778893426,18480.416015625,1654390
2023-02-15,18519.15974917017,19100.30483491688,18402.930035857353,19022.818359375,3829960
2023-02-16,19216.533203125,19216.533203125,18906.589034990306,19216.533203125,1867025
2023-02-17,19255.276441692928,19332.762918828783,19022.818750694085,19216.533203125,1973630
2023-02-20,19139.050372231606,19991.396484375,19100.307129805693,19991.396484375,5636725
2023-02-21,19991.394983983966,20146.36620164785,19758.935546875,19758.935546875,1975010
2023-02-22,19526.47828602179,19797.679228293582,19255.27734375,19255.27734375,3050490
2023-02-23,19177.78888609888,19758.933951119798,18790.36000302402,19681.44921875,4439690
2023-02-24,19371.50667643938,19603.964373666724,19022.819260393982,19061.5625,2561740
2023-02-27,18984.075783323224,19061.56226156601,18674.131610760818,18790.361328125,3573855
2023-02-28,18984.07632420046,19177.790784917823,18790.3618634831,18906.58984375,7071350
2023-03-01,18906.589270072644,19526.477614049658,18751.618054282764,19487.734375,2916285
2023-03-02,19371.506760226406,19720.194177779973,19371.506760226406,19410.25,3838240
2023-03-03,19410.250070524195,19603.96452968722,18984.076171875,18984.076171875,2755400
2023-03-06,19255.277638672193,19448.993843553944,18829.10546875,18829.10546875,6008405
2023-03-07,19177.790631038024,19371.506830609833,18829.104952626338,18984.076171875,5338070
2023-03-08,18790.362665145443,19371.5078125,18790.362665145443,19371.5078125,3202635
2023-03-09,19371.508028611242,19720.195468995757,19294.021543990486,19642.708984375,4298010
2023-03-10,19410.24924605612,19526.477220453533,19177.789816443877,19294.01953125,2785300
2023-03-13,19177.790631038024,19332.76359069547,18867.846452131915,18984.076171875,4620010
2023-03-14,19022.819328922105,19139.049048158868,18557.9039327926,18635.388671875,7780440
2023-03-15,19061.561989262013,19216.533203125,18945.332273558233,19216.533203125,2253425
2023-03-16,18984.07632420046,19177.790784917823,18712.87538303264,18906.58984375,2873735
2023-03-17,19022.82062579759,19100.307110571386,18867.84765625,18867.84765625,1435660
2023-03-20,18751.617482724978,18867.84545592252,18596.64453125,18596.64453125,2824515
2023-03-21,18906.590365392865,18906.590365392865,18480.418191974597,18751.619140625,1711200
2023-03-22,18867.84621732003,18867.84621732003,18635.388521135603,18712.875,2140265
2023-03-23,18674.13199296889,19061.562651703724,18557.90401363459,18984.076171875,8141080
2023-03-24,19061.561597145937,19255.276045591945,18984.075121604063,19022.818359375,1934185
2023-03-27,19061.561745467217,19177.789719275737,18867.845555105185,18945.33203125,2826700
2023-03-28,19100.304983539627,19216.532957348143,18945.33203125,18945.33203125,9529015
2023-03-29,18984.07632420046,19061.562804650926,18867.84660352477,18906.58984375,17456770
2023-03-30,19061.5625,19139.04897921204,19022.819260393982,19061.5625,2439035
2023-03-31,19139.05010163995,19565.222281481896,19100.306859761797,19371.5078125,6764415
2023-04-03,19565.22265625,19681.45238411082,19371.50818355754,19565.22265625,11460900
2023-04-04,19565.220853099312,19642.707331198628,19410.249637309433,19487.734375,8266660
2023-04-05,19448.993622018643,19603.96484375,19410.250381483598,19603.96484375,3816620
2023-04-06,19681.45017352836,19720.193411797067,19294.01953125,19294.01953125,4980765
2023-04-07,19332.763520452812,19448.993239773594,19294.02028067922,19410.25,3614910
2023-04-10,19448.994296256307,19487.73579772559,19255.27808686554,19371.5078125,4182665
2023-04-11,19294.02043179795,19410.250152029093,19139.049211898557,19332.763671875,1837125
2023-04-12,19371.507064898826,19410.250305281766,19216.534103367056,19255.27734375,3703230
2023-04-13,19332.763671875,19410.250152029093,19255.277191720907,19332.763671875,2896275
2023-04-14,19410.250152029093,19448.99339210614,19255.277191720907,19332.763671875,5774610
2023-04-17,19332.764570621846,19371.5078125,19216.534844987385,19371.5078125,1895890
2023-04-18,19371.507219081548,19371.507219081548,19177.791015625,19177.791015625,2418910
2023-04-19,19216.534025143053,19216.534025143053,18906.58984375,18906.58984375,5284710
2023-04-20,18984.075783323224,19022.81902244462,18751.61808900361,18790.361328125,2840845
2023-04-21,18829.104567246395,18906.589305080437,18790.361328125,18790.361328125,2843375
2023-04-24,18829.105623213356,18945.333606687043,18674.132658036644,18751.619140625,2615100
2023-04-25,18829.104718296596,18945.33269618443,18674.1317605678,18712.875,7099180
2023-04-26,18712.875,18751.6182394322,18557.903782679965,18712.875,4434975
2023-04-27,18751.6182394322,18945.33269618443,18674.1317605678,18712.875,2508380
2023-04-28,18751.619140625,18906.590365392865,18712.875899330822,18751.619140625,11235615
2023-05-01,18751.619140625,18751.619140625,18751.619140625,18751.619140625,0
2023-05-02,18751.619140625,18751.619140625,18751.619140625,18751.619140625,0
2023-05-03,18751.619140625,18751.619140625,18751.619140625,18751.619140625,0
2023-05-04,18829.10657562781,19177.792284094958,18829.10657562781,19139.05078125,4949945
2023-05-05,18984.076916324037,19177.791383083455,18984.076916324037,19100.306640625,3017485
2023-05-08,19100.305971821508,19371.506911952045,19061.562731744463,19332.763671875,2649485
2023-05-09,19371.506007787415,19410.24924605612,19216.533054712585,19294.01953125,3572360
2023-05-10,19294.01953125,19332.762769518708,19216.533054712585,19294.01953125,2253770
2023-05-11,19371.506007787415,19448.992484324826,19216.533054712585,19294.01953125,2937445
2023-05-12,19371.5078125,19410.251054378154,19216.534844987385,19371.5078125,2698705
2023-05-15,19526.479039603742,19603.96552336005,19332.764570621846,19371.5078125,7340450
2023-05-16,19371.5078125,19410.251054378154,19294.021328743693,19371.5078125,1681530
2023-05-17,19371.506007787415,19487.733982184825,19255.276292981292,19294.01953125,3965200
2023-05-18,19294.021328743693,19448.994296256307,19255.27808686554,19371.5078125,3854110
2023-05-19,19410.250152029093,19410.250152029093,19177.790711566813,19332.763671875,4607475
2023-05-22,19371.506760226406,19410.25,19294.02028067922,19410.25,5272290
2023-05-23,19526.479257443865,19836.423455518,19371.508028611242,19642.708984375,24980760
2023-05-24,19642.708984375,19642.708984375,19642.708984375,19642.708984375,0
2023-05-25,19526.476922446156,19526.476922446156,19294.019236790326,19448.9921875,10108960
2023-05-26,19526.479039603742,19526.479039603742,19332.764570621846,19371.5078125,9844690
2023-05-29,19448.992876359087,19603.96409214897,19371.506398259775,19487.734375,19058260
2023-05-30,19603.964997302013,19603.964997302013,19371.5072926798,19526.478515625,25984940
2023-05-31,19526.476273193155,19681.44921875,19371.505068044935,19681.44921875,33526525
2023-06-01,19837.55480614778,20068.22404807973,19606.88556421583,19745.287109375,12761200
2023-06-02,19837.556264334864,20391.16248566514,19791.422412557342,20114.359375,15030000
2023-06-05,20298.89385775862,20437.29540678879,19975.956910021552,20068.224609375,13842800
2023-06-06,20114.359375,20160.493226777526,20022.091671444956,20114.359375,9941200
2023-06-07,20114.36028675629,20298.89570223112,20114.36028675629,20160.494140625,9178100
2023-06-08,20114.35765697338,20206.62535264757,19929.822265625,19929.822265625,9677000
2023-06-09,19975.95715360354,19975.95715360354,19653.020201928655,19883.689453125,7464100
2023-06-12,19975.959248433857,19975.959248433857,19699.15611797057,19791.423828125,4285400
2023-06-13,19837.55456995081,19929.822265625,19745.286874276622,19929.822265625,7969500
2023-06-14,19975.958984375,20206.628256711894,19929.825129907622,19975.958984375,8030500
2023-06-15,19975.95794480847,20022.091796875,19883.690240675405,20022.091796875,5405900
2023-06-16,20022.091671444956,20391.16248566514,19929.823967889908,20114.359375,14410500
2023-06-19,20114.360547777138,20160.494402244516,19929.825129907622,19975.958984375,4658700
2023-06-20,19975.958984375,20022.092838842378,19837.557420972866,19975.958984375,5637600
2023-06-21,19929.824092741936,20022.091796875,19883.690240675405,20022.091796875,5482100
2023-06-22,20022.091796875,20022.091796875,20022.091796875,20022.091796875,0
2023-06-23,20022.091547160388,20206.626953125,19929.82384417808,20206.626953125,11433200
2023-06-26,20483.430600421347,20760.23371664326,20298.89518960674,20529.564453125,11784600
2023-06-27,20806.36664203266,20806.36664203266,20483.4296875,20483.4296875,5619900
2023-06-28,20483.429564882284,20667.964966367712,20391.161864139573,20575.697265625,8230200
2023-06-29,20575.69776505422,20667.965468036527,20206.626953125,20206.626953125,8151200
2023-06-30,20206.627737032315,20345.029296875,20114.36003047052,20345.029296875,5117900
2023-07-03,20345.029296875,20391.163150155895,20252.76159031321,20345.029296875,4029900
2023-07-04,20252.76068004261,20345.028382457385,20206.626828835226,20298.89453125,4346600
2023-07-05,20298.89361474943,20391.161312998294,20252.759765625,20252.759765625,8124400
2023-07-06,20252.761057207663,20298.894909274193,19975.95794480847,20022.091796875,6424400
2023-07-07,20022.091796875,20068.225648941534,19837.55638860887,20022.091796875,7142800
2023-07-10,20068.224369127278,20391.161312998294,20022.09052000285,20252.759765625,9032000
2023-07-11,20575.697638494315,20575.697638494315,20252.76068004261,20298.89453125,8848500
2023-07-12,20483.43111770595,20483.43111770595,20114.36028675629,20160.494140625,5185000
2023-07-13,20298.89453125,20298.89453125,20114.359126420455,20298.89453125,6741100
2023-07-14,20345.028382457385,20391.16223366477,20114.359126420455,20298.89453125,6897700
2023-07-17,20345.028382457385,20345.028382457385,20206.626828835226,20298.89453125,6533500
2023-07-18,20206.626828835226,20298.89453125,20160.49297762784,20298.89453125,6780400
2023-07-19,20298.89453125,20437.29608487216,20252.76068004261,20298.89453125,9552300
2023-07-20,20298.89453125,20345.028382457385,20206.626828835226,20298.89453125,6284600
2023-07-21,20298.894407522625,20391.162109375,20206.62670567025,20391.162109375,6679400
2023-07-24,20391.163150155895,20483.43085671769,20252.76159031321,20345.029296875,6759900
2023-07-25,20298.89416339686,20760.232667110424,20298.89416339686,20575.697265625,13703900
2023-07-26,20575.697265625,20714.098816739068,20483.429564882284,20575.697265625,5967200
2023-07-27,20575.696467621332,20621.830316203443,20345.02722471078,20437.294921875,7207700
2023-07-28,20483.4296875,20667.96509009009,20345.028135557433,20483.4296875,8610200
2023-07-31,20760.232843137255,21175.4375,20714.09899237473,21175.4375,19206000
2023-08-01,21452.240730135392,21452.240730135392,20990.9022198099,21083.169921875,13714200
2023-08-02,21037.036728896102,21359.97369622565,21037.036728896102,21313.83984375,12406100
2023-08-03,21267.706514858743,21682.91119736141,21221.572661247334,21636.77734375,17006600
2023-08-04,21775.178662909835,22513.3203125,21452.24169121414,22513.3203125,18672300
2023-08-07,22098.113519736842,22190.381217105263,21775.17657894737,21913.578125,28085700
2023-08-08,21959.71339142628,22051.9810947516,21498.37487479968,21590.642578125,15266300
2023-08-09,21590.642830684268,21775.178239493536,21359.973569672682,21406.107421875,15555900
2023-08-10,21452.241658706334,21544.509364765287,21129.3046875,21129.3046875,12692000
2023-08-11,21175.438540529478,21221.572393558952,20852.501569323147,21129.3046875,9157400
2023-08-14,21129.305467055314,21267.70703125,21037.037757592192,21267.70703125,10439500
2023-08-15,21359.973028070293,21452.240730135392,21083.169921875,21083.169921875,6458700
2023-08-16,21083.170834470526,21267.70624658843,21037.036981441048,21129.3046875,8397000
2023-08-17,21175.43879921531,21221.57265280837,20944.76953125,20944.76953125,10120500
2023-08-18,20944.768576983446,20944.768576983446,20206.626953125,20206.626953125,20451400
2023-08-21,20160.49297762784,20483.429936079545,20160.49297762784,20298.89453125,7974800
2023-08-22,20391.163150155895,20437.29700343679,19929.824617346938,20345.029296875,9067900
2023-08-23,20483.43111770595,20575.698825443364,20160.494140625,20160.494140625,5544300
2023-08-24,20160.493883751416,20529.564709998584,20160.493883751416,20345.029296875,5311100
2023-08-25,20298.89361474943,20345.027463873863,20160.49206737614,20252.759765625,5378200
2023-08-28,20298.895443594105,20391.163150155895,20252.76159031321,20345.029296875,5156300
2023-08-29,20345.029296875,20483.43085671769,20252.76159031321,20345.029296875,5774700
2023-08-30,20345.028792281457,20760.233461511692,20345.028792281457,20714.099609375,7222100
2023-08-31,20714.098451327434,20852.5,20714.098451327434,20852.5,7206600
2023-09-01,20852.5,20852.5,20852.5,20852.5,0
2023-09-04,20852.5,20852.5,20852.5,20852.5,0
2023-09-05,20944.768492445055,21267.70545157967,20898.63464114011,20990.90234375,7626800
2023-09-06,20990.902096949892,21175.4375,20852.50054466231,21175.4375,4778100
2023-09-07,21221.572393558952,21359.973952647382,20990.903128411574,21129.3046875,9854900
2023-09-08,21129.303897664835,21175.43774896978,20944.768492445055,20990.90234375,5525800
2023-09-11,21037.036703020134,21129.30440785794,20529.564326412194,20621.83203125,10535900
2023-09-12,20621.83153331044,20990.90234375,20483.429979395605,20990.90234375,6681500
2023-09-13,20990.90259492794,21037.036446784925,20714.09948378603,20806.3671875,6938800
2023-09-14,20760.233461511692,21037.036574331847,20667.965757238308,20714.099609375,6192000
2023-09-15,20852.500914045253,20990.902468784494,20714.099359306016,20898.634765625,5249900
2023-09-18,20852.501165785077,20898.63501792177,20575.698052964923,20714.099609375,4363000
2023-09-19,20714.099609375,20714.099609375,20714.099609375,20714.099609375,0
2023-09-20,20575.698052964923,20806.367313648385,20529.56420082823,20714.099609375,5294700
2023-09-21,20667.96484375,20806.36639404297,20621.830993652344,20667.96484375,5426000
2023-09-22,20483.429564882284,20760.232667110424,20391.161864139573,20575.697265625,9793000
2023-09-25,20575.697638494315,20621.831489701704,20298.89453125,20298.89453125,7623000
2023-09-26,20345.028507598458,20529.56391356307,20160.493101633845,20206.626953125,9404200
2023-09-27,20206.626828835226,20298.89453125,20068.225275213066,20298.89453125,5685000
2023-09-28,20160.492308728448,20298.89385775862,20022.090759698276,20068.224609375,4991800
2023-09-29,20114.36028675629,20345.029556099827,20114.36028675629,20160.494140625,2338700
2023-10-02,20114.359250142694,20252.76080461615,20022.091547160388,20206.626953125,3809300
2023-10-03,20114.35765697338,20206.62535264757,19929.822265625,19929.822265625,5507600
2023-10-04,19883.688417787907,20022.089961299193,19837.55456995081,19929.822265625,3178300
2023-10-05,20068.223809136285,20252.759200484667,19929.822265625,19929.822265625,3350700
2023-10-06,19929.823967889908,20206.627078555048,19883.690116112386,20114.359375,2440800
2023-10-09,20022.09082465278,20806.36627170139,20022.09082465278,20760.232421875,8978000
2023-10-10,20760.233989514803,21083.170962685035,20760.233989514803,21037.037109375,6535100
2023-10-11,21037.037238436125,21037.037238436125,20806.367970470816,20944.76953125,2844500
2023-10-12,20944.76953125,21129.304945622247,20760.234116877753,20944.76953125,5633800
2023-10-13,20852.500914045253,20944.768617204747,20760.233210885763,20898.634765625,4691800
2023-10-16,20806.366150442478,20944.767699115044,20667.964601769912,20852.5,4219800
2023-10-17,20852.501165785077,20898.63501792177,20714.099609375,20714.099609375,3657500
2023-10-18,20714.100123122167,20714.100123122167,20345.029296875,20345.029296875,6208800
2023-10-19,20345.028633887618,20437.29633744266,20114.359375,20114.359375,6209300
2023-10-20,20114.359250142694,20391.162359089612,20114.359250142694,20206.626953125,3670300
2023-10-23,20391.16248566514,20391.16248566514,20022.091671444956,20114.359375,2398300
2023-10-24,20252.76080461615,20391.162359089612,20114.359250142694,20206.626953125,2550700
2023-10-25,20483.43006207192,20529.56391356307,20206.626953125,20206.626953125,2487200
2023-10-26,20068.226428280508,20068.226428280508,19330.08476655065,19468.486328125,12593400
2023-10-27,19791.421752646464,20022.09100384281,19560.752501450115,19883.689453125,3180900
2023-10-30,19929.82460387324,19975.958457122946,19653.021484375,19653.021484375,3856500
2023-10-31,19699.15326098861,19883.68865453417,19606.88556421583,19745.287109375,3489400
2023-11-01,19745.286874276622,19975.956113462096,19699.153026439526,19929.822265625,4832800
2023-11-02,20068.224911540077,20575.697265625,19929.82336042601,20575.697265625,5148100
2023-11-03,20575.69856327948,20667.96626984127,20345.029296875,20345.029296875,4885400
2023-11-06,20483.4296875,20621.831239442567,20391.161986204956,20483.4296875,3789100
2023-11-07,20391.162109375,20529.563662153563,20391.162109375,20391.162109375,2325400
2023-11-08,20391.16316303454,21129.304815995067,20345.02930972451,21037.037109375,7911900
2023-11-09,21129.304150498894,21129.304150498894,20806.3671875,20806.3671875,4763900
2023-11-10,20667.96484375,20852.500244140625,20529.56329345703,20667.96484375,5047700
2023-11-13,20714.099609375,20852.501165785077,20483.430348691538,20714.099609375,3415300
2023-11-14,20714.10026328469,21129.304945622247,20714.10026328469,20944.76953125,10301200
2023-11-15,21221.572916666668,21682.911458333332,21175.439062499998,21452.2421875,32333400
2023-11-16,21452.241148068668,21590.64270386266,21313.83959227468,21498.375,8080900
2023-11-17,21590.643481552863,21590.643481552863,20806.367970470816,20944.76953125,12350400
2023-11-20,20667.964722222223,21175.4370703125,20437.29547309028,20760.232421875,10207600
2023-11-21,20898.633849557522,21037.035398230088,20760.232300884956,20852.5,3711000
2023-11-22,20760.234116877753,20990.903384843063,20621.83255609857,20944.76953125,4392400
2023-11-23,20944.768193975226,20990.902044622748,20483.4296875,20483.4296875,5181900
2023-11-24,20575.69856327948,20575.69856327948,20114.36003047052,20345.029296875,7898300
2023-11-27,20345.029556099827,20391.163409968536,20160.494140625,20160.494140625,3259000
2023-11-28,20206.626953125,20391.162359089612,20022.091547160388,20206.626953125,4187100
2023-11-29,20298.895443594105,20621.832416560374,20298.895443594105,20345.029296875,4828800
2023-11-30,20345.027463873863,20575.696709496013,20252.759765625,20252.759765625,5243600
2023-12-01,20437.295162122722,20437.295162122722,20068.224369127278,20252.759765625,5734700
2023-12-04,20345.028013768217,20714.098816739068,20298.89416339686,20575.697265625,9041000
2023-12-05,20575.696467621332,20714.098013367664,20345.02722471078,20437.294921875,3557500
2023-12-06,20437.29571451093,20575.697265625,20298.89416339686,20575.697265625,2791900
2023-12-07,20575.697143554688,20760.232543945312,20483.429443359375,20667.96484375,7237600
2023-12-08,20667.96484375,20806.36639404297,20575.697143554688,20667.96484375,3812500
2023-12-11,20714.098693847656,20760.232543945312,20529.56329345703,20667.96484375,2274400
2023-12-12,20714.09857204861,20760.232421875,20575.697022569446,20760.232421875,3228200
2023-12-13,20760.232667110424,20806.36651748178,20575.697265625,20575.697265625,3929800
2023-12-14,20667.964722222223,20990.901671006945,20575.697022569446,20760.232421875,6945700
2023-12-15,20852.500789835165,21083.17004635989,20806.36693853022,20990.90234375,6189100
2023-12-18,20944.769402754933,21037.037109375,20898.6355494449,21037.037109375,6388000
2023-12-19,21037.037757592192,21313.840885981564,21037.037757592192,21267.70703125,11470900
2023-12-20,21267.70586526805,21452.241274077318,21267.70586526805,21406.107421875,8859100
2023-12-21,21406.108333333334,21452.2421875,21267.706770833334,21452.2421875,7082700
2023-12-22,21406.107421875,21498.375126279632,21406.107421875,21406.107421875,4510000
2023-12-25,21452.240113088865,21636.775511911135,21406.1062633833,21544.5078125,7582400
2023-12-26,21590.64375,21590.64375,21452.2421875,21452.2421875,5728800
2023-12-27,21406.10729613734,21590.64270386266,21406.10729613734,21498.375,4866000
2023-12-28,21498.373486842105,22098.113519736842,21498.373486842105,21913.578125,10513000
2023-12-29,22051.98046875,22236.515870162133,21959.712768043933,22051.98046875,9195100
2024-01-01,22051.98046875,22051.98046875,22051.98046875,22051.98046875,0
2024-01-02,22098.1146152863,22836.25623082822,22098.1146152863,22559.453125,13883500
2024-01-03,22605.587265625,23066.92578125,22374.9180078125,23066.92578125,9803400
2024-01-04,23251.460813982212,23666.665471374752,23159.193112339428,23343.728515625,23587800
2024-01-05,23343.729302247055,23482.130859375,23113.06004036714,23482.130859375,9272100
2024-01-08,23712.798269538955,23758.93211831238,23251.459781804733,23389.861328125,12389600
2024-01-09,23297.5950390625,23389.8627421875,23020.7919296875,23066.92578125,15449500
2024-01-10,23251.461850247524,23528.264967512376,23066.926438737624,23297.595703125,17603300
2024-01-11,23435.997261757424,23758.93423189975,23205.32799737005,23297.595703125,9933500
2024-01-12,23205.328265049662,24174.139186652134,23113.06055823038,23805.068359375,25561200
2024-01-15,23989.602427124504,23989.602427124504,23343.728515625,23343.728515625,11719300
2024-01-16,23435.998046875,23574.399610143948,23113.061065914124,23435.998046875,12380200
2024-01-17,23482.131901297984,23805.06888225886,23389.86419245202,23435.998046875,9714300
2024-01-18,23482.13164138794,23758.93476486206,23389.863933563232,23620.533203125,9611300
2024-01-19,23805.067196531792,23943.46875,23666.665643063585,23943.46875,12771300
2024-01-22,24174.138545627375,24266.40625,23805.06772813688,24266.40625,12001200
2024-01-23,24220.271731795823,24404.80713546665,24035.736328125,24035.736328125,11731500
2024-01-24,24035.737626423208,24081.871479832847,23712.800652555718,23805.068359375,11341900
2024-01-25,23805.068359375,23805.068359375,23805.068359375,23805.068359375,0
2024-01-26,23851.20158032319,24358.67395437262,23851.20158032319,24266.40625,6856000
2024-01-29,24450.941112716766,24450.941112716766,23943.46875,23943.46875,9276600
2024-01-30,24035.73645231214,24174.138005780347,23897.334898843932,23943.46875,6379000
2024-01-31,24081.870555218447,24081.870555218447,23574.398187196603,23758.93359375,12158100
2024-02-01,23712.800398137017,24081.871221454327,23712.800398137017,23989.603515625,6281100
2024-02-02,23989.603515625,23989.603515625,23989.603515625,23989.603515625,0
2024-02-05,24220.27245391187,25834.957284172662,24128.00474932554,25650.421875,28121400
2024-02-06,25696.5546875,25742.68853792639,25512.019285794435,25696.5546875,5447300
2024-02-07,25696.555475725447,26019.49243861607,25696.555475725447,25834.95703125,11893900
2024-02-08,25834.95703125,25834.95703125,25834.95703125,25834.95703125,0
2024-02-09,25834.95703125,25834.95703125,25834.95703125,25834.95703125,0
2024-02-15,25881.091918945312,26204.028894761028,25096.81640625,25096.81640625,14244300
2024-02-16,25373.619013247284,25465.88671875,25189.083602241848,25465.88671875,9495400
2024-02-19,25558.154296875,25558.154296875,25096.81577166065,25558.154296875,11856900
2024-02-20,25373.6181020304,25604.287357503403,25235.216548746597,25419.751953125,7316400
2024-02-21,25373.61888678926,25742.68970696074,25281.35118174639,25558.154296875,10251900
2024-02-22,25558.153382120254,25604.287232990504,25373.61797863924,25512.01953125,7401800
2024-02-23,25558.152830242674,26204.026728479854,25189.08203125,25189.08203125,25975600
2024-02-26,25189.083728693182,25558.154552556818,25004.548316761364,25373.619140625,9785600
2024-02-27,25558.154424252716,25558.154424252716,25235.217454993206,25465.88671875,12054800
2024-02-28,25512.020068359376,25834.95703125,25419.75236467634,25834.95703125,10460800
2024-02-29,25927.224734933036,26065.62629045759,25558.153920200893,25834.95703125,9951400
2024-03-01,25834.957284172662,25834.957284172662,25419.752613534172,25650.421875,10193800
2024-03-04,25650.421875,26019.492693345324,25281.351056654676,25650.421875,13216500
2024-03-05,25650.42071500447,25834.956115831843,25419.75146397026,25788.822265625,6332600
2024-03-06,25834.957540760868,25973.359099014946,25419.752865998642,25465.88671875,9791600
2024-03-07,25465.886846590907,25558.154552556818,25281.35143465909,25373.619140625,10165800
2024-03-08,25373.61873267098,25512.02028939464,24912.28021025878,24958.4140625,23017000
2024-03-11,24958.412470794392,25004.546320093457,24589.34167640187,24681.609375,12015800
2024-03-12,24589.34167640187,24773.87707359813,24543.207827102804,24681.609375,8312600
2024-03-13,24681.610215585442,25512.01953125,24681.610215585442,25512.01953125,8935300
2024-03-14,25465.88618119266,25465.88618119266,24958.413811639908,25142.94921875,8224300
2024-03-15,25142.949093778567,25281.35064842322,24912.27983603748,25235.216796875,7822800
2024-03-18,25096.814823420074,25235.216375755113,24635.476315636617,24820.01171875,14119300
2024-03-19,24727.745053538176,24958.4143170973,24681.611200826348,24773.87890625,7121300
2024-03-20,24773.87905184659,25558.154552556818,24727.745198863635,25373.619140625,14002400
2024-03-21,25558.153920200893,25834.95703125,25419.75236467634,25834.95703125,12818200
2024-03-22,26065.62512141985,26711.499018233793,25742.688173012877,25973.357421875,22676200
2024-03-25,25881.0915234375,25881.0915234375,25373.619140625,25373.619140625,10187100
2024-03-26,25465.8853141771,25788.822265625,25235.21606314289,25788.822265625,6283500
2024-03-27,25788.823179408482,25881.090883091518,25465.886216517858,25834.95703125,5958200
2024-03-28,26111.758728780864,26388.561824845678,26019.49103009259,26157.892578125,12423400
2024-03-29,26204.027220394735,26434.69647409539,25973.35796669408,26296.294921875,13489800
2024-04-01,26296.294921875,26296.294921875,26296.294921875,26296.294921875,0
2024-04-02,26111.761588083187,26204.029296875,25742.690752915936,26204.029296875,10409700
2024-04-03,26019.49243861607,26204.027845982146,25742.689327566964,25834.95703125,10199400
2024-04-04,25881.090464071007,25881.090464071007,25419.751953125,25419.751953125,11155900
2024-04-05,25189.083196650554,25281.35090066759,25004.54778861648,25050.681640625,12289500
2024-04-08,25050.681640625,25142.949344642035,24866.14623259093,25050.681640625,6869300
2024-04-09,25050.680481627747,25189.08203125,24958.41278187958,25189.08203125,5371500
2024-04-10,25327.48382726015,25465.88537822878,25004.546875,25004.546875,5122000
2024-04-11,24912.280084599446,25050.681640625,24820.01238058241,25050.681640625,11286500
2024-04-12,25096.815401785716,25834.95703125,24912.279994419645,25834.95703125,9767600
2024-04-15,25650.422107774673,25834.957518621974,24773.87890625,24773.87890625,16253800
2024-04-16,24773.878528573896,25050.681640625,24681.61082455686,25050.681640625,17350400
2024-04-17,25096.814018691588,25142.947867990653,24681.609375,24681.609375,10479700
2024-04-19,24543.208984375,24727.744390272557,24404.807429951834,24543.208984375,10862500
2024-04-22,24820.013803055037,24866.147657707555,24635.478384444963,24727.74609375,6313700
2024-04-23,24727.74530956848,24866.146869136963,24497.076043621015,24589.34375,8540500
2024-04-24,24727.744801293902,25004.54791474122,24635.47709681146,24958.4140625,6681200
2024-04-25,24912.281512360074,24958.415367012592,24681.61223909748,24727.74609375,5141600
2024-04-26,24727.745053538176,24912.280464385472,24543.209642690876,24773.87890625,5444000
2024-04-29,24773.87890625,24773.87890625,24773.87890625,24773.87890625,0
2024-04-30,24773.87890625,24773.87890625,24773.87890625,24773.87890625,0
2024-05-02,24773.8796875,25050.6828125,24727.745833333334,24912.28125,4797900
2024-05-03,25004.548316761364,25373.619140625,25004.548316761364,25373.619140625,8718800
2024-05-06,25373.619013247284,25558.154424252716,25235.217454993206,25465.88671875,7445000
2024-05-07,25604.287232990504,25650.421083860758,25373.61797863924,25512.01953125,4300700
2024-05-08,25373.6181020304,25512.0196553142,25189.082697651997,25419.751953125,4037700
2024-05-09,25465.88671875,25650.422129755436,25373.619013247284,25465.88671875,4100900
2024-05-10,25465.88659183213,25558.154296875,25327.485034267826,25558.154296875,4909800
2024-05-13,25834.957412003612,25834.957412003612,25512.020444353566,25558.154296875,5551200
2024-05-14,25558.153258727478,25742.688661317567,25512.019408079956,25604.287109375,4470600
2024-05-15,25696.555854439306,25696.555854439306,25558.154296875,25558.154296875,7803400
2024-05-16,25834.9576880531,26204.02851216814,25650.422275995577,26065.626953125,30203800
2024-05-17,26065.626953125,26204.02851216814,26019.49310011062,26065.626953125,8504100
2024-05-20,26296.296218196905,26342.430071211285,26019.49310011062,26065.626953125,9333300
2024-05-21,26065.626038896276,26111.759890292553,25696.555227726065,26019.4921875,10824000
2024-05-22,22625.64382896587,22665.76045517974,22384.945873786128,22425.0625,10675565
2024-05-23,22465.180657198503,22866.345144572795,22465.180657198503,22826.228515625,12017155
2024-05-24,22826.227415721343,24230.300350719313,22665.76090766241,23468.08984375,38925430
2024-05-27,23668.67131474868,23949.485903385903,23468.089980608827,23628.5546875,8665825
2024-05-28,23829.13811210915,23829.13811210915,23508.206892339535,23789.021484375,12289705
2024-05-29,23829.13768477906,23869.25250969025,23468.08984375,23468.08984375,15464050
2024-05-30,23387.85617062417,23588.4375,23147.158214952473,23588.4375,15077765
2024-05-31,23879.14197198276,24165.69167564655,23544.833984375,23544.833984375,11122400
2024-06-03,23544.833984375,23544.833984375,23544.833984375,23544.833984375,0
2024-06-04,23688.108290816326,23688.108290816326,23353.80031090561,23401.55859375,9722200
2024-06-05,23640.351442184292,23640.351442184292,23210.526870508213,23258.28515625,10785200
2024-06-06,23306.043441991787,23401.56001347536,23210.526870508213,23258.28515625,8027700
2024-06-07,23449.317886972814,23544.834456777186,23210.52646246189,23497.076171875,5887100
2024-06-10,23497.076107838115,23592.59267738217,23210.52639920594,23306.04296875,7670900
2024-06-11,23306.04338121118,23353.801666828414,23019.493667507762,23067.251953125,9200500
2024-06-12,23067.252072460542,23449.318359375,22828.460643139002,23449.318359375,10388900
2024-06-13,23449.31794984879,23783.625945060485,23306.043094758064,23688.109375,11713500
2024-06-14,23592.59274167937,23783.62588128811,23497.076171875,23497.076171875,11038000
2024-06-17,23497.076645239307,23497.076645239307,23162.768644189156,23449.318359375,6368600
2024-06-18,23592.59321696792,23592.59321696792,23306.04350178208,23449.318359375,5724600
2024-06-19,23449.31741648707,23592.592268318967,23162.767712823275,23544.833984375,7612500
2024-06-20,23449.31794984879,23735.867660030242,23306.043094758064,23688.109375,10170900
2024-06-21,23735.868074560847,23735.868074560847,23401.560073510693,23449.318359375,5122000
2024-06-24,23497.075012966805,23497.075012966805,22828.459057313277,23019.4921875,14215300
2024-06-25,22923.976091476092,23115.009225571725,22828.459524428275,22971.734375,6698400
2024-06-26,22923.97562240664,23019.4921875,22541.909362033195,23019.4921875,10135100
2024-06-27,22923.977035490607,23019.493606471817,22732.943893528183,22876.21875,4901400
2024-06-28,22732.943359375,22923.97649684874,22685.185075006564,22732.943359375,5751000
2024-07-01,22732.943359375,22780.701643743436,22541.91022190126,22732.943359375,3933500
2024-07-02,22732.942957380455,23019.492658523908,22637.42639033264,22971.734375,5696300
2024-07-03,23067.251010792526,23306.04242912371,22876.217876127575,23162.767578125,5848800
2024-07-04,23210.52680997671,23258.285095593943,22876.218810656057,23067.251953125,6368100
2024-07-05,23067.250542534723,23210.525390625,22923.975694444445,23210.525390625,6335000
2024-07-08,23210.525861791237,23258.284145457474,23019.492727126286,23162.767578125,4943500
2024-07-09,23067.250542534723,23306.04195601852,22971.733977141204,23210.525390625,7986400
2024-07-10,23401.558996456184,23401.558996456184,23162.767578125,23162.767578125,6470200
2024-07-11,23258.285095593943,23258.285095593943,23067.251953125,23067.251953125,4990300
2024-07-12,23019.493131510415,23067.251416015624,22732.943424479166,22923.9765625,7151400
2024-07-15,22923.977035490607,22971.73532098121,22828.460464509393,22876.21875,4481500
2024-07-16,22923.97562240664,23210.525317686723,22876.21733985996,23019.4921875,6992700
2024-07-17,23210.52546237245,24070.17455357143,23115.008896683674,23401.55859375,28890400
2024-07-18,23401.55966481855,23974.65908518145,23401.55966481855,23688.109375,10659400
2024-07-19,23688.108503486055,24165.69133621763,23544.833653666585,23974.658203125,17067800
2024-07-22,23974.65956439394,24070.176136363636,23544.834990530304,23640.3515625,15146800
2024-07-23,23688.10911458333,23783.62568359375,22923.9765625,22923.9765625,15105000
2024-07-24,22923.976627066117,23306.042904183887,22732.943488507233,23115.009765625,12248400
2024-07-25,23067.250942047816,23067.250942047816,22732.942957380455,22971.734375,7155800
2024-07-26,23019.4921875,23067.25047004668,22923.97562240664,23019.4921875,3447400
2024-07-29,23210.52680997671,23210.52680997671,22971.73538189053,23067.251953125,4102600
2024-07-30,22923.97709627329,23067.251953125,22876.218810656057,23067.251953125,5489200
2024-07-31,23115.01035832485,23449.318359375,23019.49378659623,23449.318359375,8548700
2024-08-01,23401.55989039666,23497.07646137787,22876.21875,22876.21875,9174700
2024-08-02,22828.460464509393,22923.977035490607,22589.669037056367,22876.21875,13706000
2024-08-05,22541.910021551725,22780.70144127155,22112.085466056036,22159.84375,20086500
2024-08-06,22446.39453125,22589.66938996011,22207.60310006649,22446.39453125,8020900
2024-08-07,22541.910089476496,22541.910089476496,22255.36038494925,22350.876953125,4400300
2024-08-08,22207.6015625,22446.39297715054,22207.6015625,22207.6015625,3649600
2024-08-09,22350.877019332627,22541.91015625,22255.36045087394,22541.91015625,3006900
2024-08-12,22541.91022190126,22732.943359375,22255.36051569065,22732.943359375,4197300
2024-08-13,22494.15187202066,22732.943293167373,22446.393587791314,22541.91015625,2850000
2024-08-14,22637.427199442674,22732.943769904457,22494.15234375,22494.15234375,3316800
2024-08-15,22494.1528174867,22541.911103723407,22398.6362450133,22446.39453125,2655100
2024-08-16,22446.393717447914,22923.9765625,22446.393717447914,22923.9765625,6516200
2024-08-19,22923.976091476092,23067.250942047816,22876.217807952184,22971.734375,3836600
2024-08-20,22971.73390495332,23210.525317686723,22923.97562240664,23019.4921875,5413000
2024-08-21,22971.734975345797,23306.04296875,22971.734975345797,23306.04296875,6556900
2024-08-22,23401.559538294056,23449.317823066085,23210.52639920594,23306.04296875,6789100
2024-08-23,23306.042497443763,23401.559065056237,23162.76764602505,23353.80078125,3892900
2024-08-26,23449.317348862474,23449.317348862474,23306.042497443763,23353.80078125,4921300
2024-08-27,23353.80078125,23401.559065056237,23306.042497443763,23353.80078125,4154700
2024-08-28,23401.55859375,23449.31687659439,23306.042028061223,23401.55859375,5222500
2024-08-29,23449.31741648707,23783.62540409483,23449.31741648707,23544.833984375,8588000
2024-08-30,23544.834519909276,23688.109375,23544.834519909276,23688.109375,4483800
2024-09-04,23401.559132543105,23592.592268318967,23353.800848599138,23544.833984375,5632900
2024-09-05,23544.833442283165,23592.591725127553,23353.80031090561,23401.55859375,3534700
2024-09-06,23401.559602070633,23497.076171875,23353.801317168447,23497.076171875,5003500
2024-09-09,23449.317348862474,23497.07563266871,23210.52592983129,23353.80078125,4686500
2024-09-10,23353.800712789947,23449.31728012242,23019.492727126286,23162.767578125,6133500
2024-09-11,23067.251953125,23162.76852435947,23019.493667507762,23067.251953125,3584100
2024-09-12,23162.76764602505,23401.559065056237,23115.009362218814,23353.80078125,2617700
2024-09-13,23306.04296875,23353.801253522026,23162.76811443391,23306.04296875,2370800
2024-09-16,23306.04338121118,23449.318238062886,23067.251953125,23067.251953125,3712400
2024-09-17,23067.250613839286,23401.55859375,23019.492330994897,23401.55859375,4078100
2024-09-18,23401.559132543105,23640.35055226293,23258.284280711207,23544.833984375,8718500
2024-09-19,23640.351089969758,23735.867660030242,23497.076234879034,23688.109375,5219400
2024-09-20,23783.62573099415,24643.27485380117,23783.62573099415,24500.0,34310900
2024-09-23,24547.75828460039,24834.30799220273,24452.24171539961,24500.0,8574100
2024-09-24,24500.00053370276,24643.275390625,24261.20910549903,24643.275390625,12775500
2024-09-25,24834.308653387405,25025.341796875,24643.27550989981,25025.341796875,23014300
2024-09-26,25120.858308293267,25168.61659405048,24834.30859375,24834.30859375,18172200
2024-09-27,24834.307583252896,25216.37385376448,24738.791015625,24738.791015625,10807400
2024-09-30,24547.75734223301,24786.54875606796,24547.75734223301,24595.515625,8455300
2024-10-01,24595.515625,24977.581887135922,24595.515625,24595.515625,10408300
2024-10-02,24547.758819343508,24929.825104469477,24452.242248062015,24643.275390625,10112400
2024-10-03,24786.549230909535,25120.85721668288,24547.7578125,24547.7578125,14798400
2024-10-04,24547.75869678888,24595.51698219119,24261.208984375,24261.208984375,8664100
2024-10-07,24356.72508134823,24547.758219241157,24213.450227928537,24308.966796875,6769700
2024-10-08,24356.724609375,24499.99946001838,24213.44975873162,24356.724609375,6522700
2024-10-09,24452.241904761904,25073.099609375,24404.483619791667,25073.099609375,20003200
2024-10-10,25216.374940362595,25311.89151210639,24882.0669392593,25025.341796875,9079400
2024-10-11,24929.82421875,24977.582502693967,24738.791082974138,24929.82421875,6560000
2024-10-14,24977.581959748313,25073.09852555997,24786.548828125,24786.548828125,9026900
2024-10-15,24786.54977257616,25025.341196204063,24643.27491839942,24691.033203125,7109800
2024-10-16,24595.515625,24691.03219053398,24452.24077669903,24595.515625,5395600
2024-10-17,24738.790616037284,24977.58203125,24595.515766909655,24977.58203125,9195000
2024-10-18,25073.0990705819,25311.890490301725,24786.549366918105,24929.82421875,11490300
2024-10-21,24834.308533187985,24929.825104469477,24643.275390625,24643.275390625,5532000
2024-10-22,24643.275267593504,24691.033552995817,24261.208984375,24261.208984375,12115300
2024-10-23,24261.208984375,24404.48384058194,24022.417557363435,24261.208984375,7700100
2024-10-24,24261.208859375,24308.967144531252,23879.142578125,23879.142578125,8926700
2024-10-25,23879.14156626506,23974.65813253012,23735.86671686747,23783.625,9220400
2024-10-28,23783.624603938864,24022.416015625,23640.349756927186,24022.416015625,4995600
2024-10-29,24165.692351810514,24165.692351810514,23974.659210689482,24070.17578125,4176800
2024-10-30,24070.174769671314,24117.93305294447,23831.38335330553,23974.658203125,3872400
2024-10-31,23974.65927196112,24308.967269777313,23926.90098655881,24261.208984375,5074500
2024-11-01,24165.691265060243,24261.2078313253,23783.625,23783.625,7855400
2024-11-04,23879.142992424244,23926.901278409092,23544.834990530304,23640.3515625,9116700
2024-11-05,23688.109848484848,23783.626420454548,23640.3515625,23640.3515625,3066100
2024-11-06,23783.62507003237,24070.174769671314,23688.108503486055,23974.658203125,6242400
2024-11-07,24070.174769671314,24165.69133621763,23783.62507003237,23974.658203125,4841200
2024-11-08,23974.65813253012,24070.17469879518,23640.35015060241,23783.625,8221400
2024-11-11,23783.625471579475,23879.142039738428,23544.834051182093,23735.8671875,6742100
2024-11-12,23688.10890342052,23831.383755658953,23544.834051182093,23735.8671875,4142900
2024-11-13,23688.108433734942,23783.625,23497.07530120482,23783.625,6390100
2024-11-14,23544.834931103615,23735.868074560847,23449.318359375,23449.318359375,5795300
2024-11-15,23449.317823066085,23497.076107838115,23210.52639920594,23306.04296875,9277500
2024-11-18,23306.042028061223,23497.075159438777,23019.492330994897,23401.55859375,8106600
2024-11-19,23401.558521412036,23449.316804108796,23210.525390625,23210.525390625,5784700
2024-11-20,23115.008896683674,23449.31687659439,23067.250613839286,23401.55859375,6237600
2024-11-21,23401.55919894366,23735.8671875,23162.767778546277,23735.8671875,7582000
2024-11-22,23735.868193418086,23831.384765625,23544.835049004258,23831.384765625,5693800
2024-11-25,23831.38328313253,23879.14156626506,23688.108433734942,23783.625,4108700
2024-11-26,23783.6260078125,23974.659148437502,23735.86772265625,23879.142578125,3558600
2024-11-27,23831.383822199354,24070.175243263475,23831.383822199354,23926.900390625,2744700
2024-11-28,24022.416015625,24070.174297962225,23831.382886276093,24022.416015625,4592100
2024-11-29,24022.41749596974,24070.17578125,23879.14264012897,24070.17578125,3880000
2024-12-02,24117.932580299454,24213.449144973903,23926.899450950546,24022.416015625,2487700
2024-12-03,24070.17571875,24070.17571875,23831.384292968753,23879.142578125,6127300
2024-12-04,23831.383822199354,23926.900390625,23735.867253773704,23926.900390625,4616000
2024-12-05,23879.141840953307,24547.7578125,23831.3835572714,24547.7578125,8267100
2024-12-06,24356.72514619883,24595.51656920078,24356.72514619883,24500.0,6049500
2024-12-09,24452.241176470587,24499.99946001838,24213.44975873162,24356.724609375,5414200
2024-12-10,24356.724066198225,24356.724066198225,24213.44921875,24213.44921875,3399100
2024-12-11,24213.450698972687,24356.725555179626,24070.175842765748,24261.208984375,8827300
2024-12-12,24261.207973073124,24356.724539896244,24117.93312283844,24165.69140625,5863500
2024-12-13,24165.69086263668,24165.69086263668,23974.65773328777,24022.416015625,6040200
2024-12-16,24022.416015625,24117.932580299454,23926.899450950546,24022.416015625,5161100
2024-12-17,24117.934066530255,24117.934066530255,23926.900925409223,24070.17578125,3329200
2024-12-18,24117.932580299454,24117.932580299454,23974.65773328777,24022.416015625,3381500
2024-12-19,23926.900800151212,23926.900800151212,23592.592804939515,23688.109375,9712000
2024-12-20,23735.867660030242,23783.625945060485,23640.351089969758,23688.109375,4724000
2024-12-23,23735.86671686747,23831.38328313253,23688.108433734942,23783.625,3465200
2024-12-24,23783.6260078125,23879.142578125,23688.1094375,23879.142578125,3230700
2024-12-25,23879.142236615913,24452.241650294694,23831.38395214268,24308.966796875,9512300
2024-12-26,24308.965856623043,24404.482421875,24261.207573997064,24404.482421875,5579300
2024-12-27,24452.24070450098,24547.757269752936,24356.72413924902,24404.482421875,7689900
2024-12-30,24213.450698972687,24500.000411386565,24213.450698972687,24261.208984375,5000400
2024-12-31,24261.20910549903,24643.275390625,24213.450819858284,24643.275390625,8841000
2025-01-02,24452.2421875,24547.758758544922,24261.209045410156,24452.2421875,4567900
2025-01-03,24356.72446931026,24404.482752583415,23974.658203125,23974.658203125,5017300
2025-01-06,23879.14251512097,23926.900800151212,23640.351089969758,23688.109375,12052700
2025-01-07,23688.1094375,23926.90086328125,23688.1094375,23879.142578125,5022100
2025-01-08,23879.142578125,23879.142578125,23688.1094375,23879.142578125,4088100
2025-01-09,23831.384765625,23879.143051728457,23735.868193418086,23831.384765625,3839200
2025-01-10,23783.624928833502,23831.383211823126,23592.591796875,23592.591796875,4710900
2025-01-13,23401.56013257576,23735.868134469696,23401.56013257576,23640.3515625,4625500
2025-01-14,23640.35055226293,23688.1088362069,23401.559132543105,23544.833984375,5059900
2025-01-15,23735.86671686747,23831.38328313253,23544.83358433735,23783.625,7425100
2025-01-16,23735.86671686747,23831.38328313253,23544.83358433735,23783.625,7425100
2025-01-17,23735.868193418086,23879.143051728457,23688.10990731463,23831.384765625,2378900
2025-01-20,23831.384292968753,23926.90086328125,23688.1094375,23879.142578125,4004400
2025-01-21,23926.901337831914,23974.65962393537,23735.868193418086,23831.384765625,4342600
2025-01-22,23879.142039738428,23879.142039738428,23688.10890342052,23735.8671875,2787900
2025-01-23,23783.625138957508,24261.207973073124,23783.625138957508,24165.69140625,8896800
2025-01-24,24070.174371301775,24356.724066198225,24070.174371301775,24213.44921875,4898600
2025-01-27,24213.44921875,24213.44921875,24213.44921875,24213.44921875,0
2025-01-28,24213.44921875,24213.44921875,24213.44921875,24213.44921875,0
2025-01-29,24213.44921875,24213.44921875,24213.44921875,24213.44921875,0
2025-01-30,24213.44921875,24213.44921875,24213.44921875,24213.44921875,0
2025-01-31,24213.44921875,24213.44921875,24213.44921875,24213.44921875,0
2025-02-03,23926.899919851843,24165.69133621763,23783.62507003237,23974.658203125,4767900
2025-02-04,24117.93359375,24213.45016243812,23926.90045637376,24117.93359375,4903600
2025-02-05,24117.93412816806,24261.208984375,24070.175842765748,24261.208984375,7492100
2025-02-06,24356.724609375,24499.99946001838,24261.20804227941,24356.724609375,5593800
2025-02-07,24356.724677772374,24643.274379863815,24261.20811040856,24547.7578125,9875600
2025-02-10,24500.00053370276,24977.583390110223,24356.725676780523,24643.275390625,14032400
2025-02-11,24691.033203125,24786.54977257616,24547.758348948257,24691.033203125,5420500
2025-02-12,24738.79142300195,24834.30799220273,24500.0,24500.0,6789000
2025-02-13,24499.999528818094,24595.516096181906,24404.48296145428,24547.7578125,5749900
2025-02-14,24786.54875606796,24786.54875606796,24547.75734223301,24595.515625,8139200
2025-02-17,24786.55024754724,24786.55024754724,24595.517104984254,24643.275390625,5734800
2025-02-18,24643.27390776699,24834.30703883495,24595.515625,24595.515625,5157400
2025-02-19,24595.517104984254,24738.791961906492,24547.758819343508,24643.275390625,5028300
2025-02-20,24691.032262313343,24786.548828125,24595.515696501683,24786.548828125,5709400
2025-02-21,24834.308653387405,25168.616654490696,24786.550367515505,25025.341796875,12719300
2025-02-24,24882.065465164913,25073.098597335087,24882.065465164913,24977.58203125,6396900
2025-02-25,24977.583451021634,25073.10002253606,24834.30859375,24834.30859375,6475900
2025-02-26,24882.065393936657,24929.823676842483,24786.548828125,24786.548828125,5056300
2025-02-27,24834.30765086207,24929.82421875,24691.032799030174,24929.82421875,5656800
2025-02-28,24834.30859375,25025.341736778846,24643.275450721154,24834.30859375,5469900
2025-03-03,24834.30859375,24882.066879507212,24643.275450721154,24834.30859375,5597900
2025-03-04,24738.790616037284,25025.34031429254,24643.274049952197,24977.58203125,9957300
2025-03-05,25120.85688037763,25455.16486167543,24977.58203125,24977.58203125,11670700
2025-03-06,25073.100142045456,25216.375,24977.58357007576,25216.375,5071000
2025-03-07,25311.891160002346,25598.440871247654,25168.616304379688,25455.166015625,10705500
2025-03-10,25502.924237948962,25550.682523038755,25216.374527410208,25264.1328125,8494800
2025-03-11,25120.857957230626,25264.1328125,24929.824816871456,25264.1328125,9142000
2025-03-12,25311.89055816302,25502.923694451045,25025.340853730988,25120.857421875,7796200
2025-03-13,25168.61563846983,25264.13220635776,24929.82421875,24929.82421875,8885500
2025-03-14,25025.341736778846,25025.341736778846,24738.792022235575,24834.30859375,11548600
2025-03-17,24929.8252251312,25073.1000827469,24834.308653387405,25025.341796875,5664400
2025-03-18,25120.857421875,25359.648842235027,25073.099137802994,25120.857421875,6008500
2025-03-19,25120.858368618796,25120.858368618796,24882.0669392593,25025.341796875,7913600
2025-03-20,25216.374464285716,25264.132749255954,24977.583039434525,25073.099609375,4862600
2025-03-21,25073.0990705819,25120.857354525862,24929.82421875,24929.82421875,4131900
2025-03-24,25073.098668020637,25168.615234375,24882.065535311907,25168.615234375,7888300
2025-03-25,25216.373990019012,25264.13227409102,24977.58256965898,25120.857421875,5597300
2025-03-26,25120.85688037763,25264.131729505258,24929.82374820746,24977.58203125,7433900
2025-03-27,24834.30859375,25025.341736778846,24786.550307992788,24834.30859375,6649100
2025-03-28,24834.307111030826,24882.065393936657,24691.032262313343,24786.548828125,9728600
2025-03-31,24691.033736478366,24834.30859375,24643.275450721154,24834.30859375,9126200
2025-04-01,24834.30812140115,24882.06640625,24738.791551703456,24882.06640625,3049500
2025-04-02,24929.823676842483,25025.34024265414,24738.79054521917,24786.548828125,7480900
2025-04-03,24022.41766546972,24213.450807938665,23067.251953125,23067.251953125,39685300
2025-04-04,21682.261103269433,22732.943359375,21491.227965795693,22732.943359375,72249400
2025-04-08,22064.327322587473,22255.36045957957,21156.919921875,21156.919921875,43676900
2025-04-09,19819.68738800889,21825.535268241114,19819.68738800889,20822.611328125,36854500
2025-04-10,22255.361328125,22255.361328125,22255.361328125,22255.361328125,996700
2025-04-11,23688.10890342052,23783.625471579475,22876.218074069417,23735.8671875,35983500
2025-04-14,23735.867660030242,24213.450510332663,23497.076234879034,23688.109375,19363500
2025-04-15,23497.075012966805,23592.591578060164,23019.4921875,23019.4921875,14721800
2025-04-16,23353.800238715277,23592.591652199073,23067.250542534723,23210.525390625,11032100
2025-04-17,23401.558521412036,23449.316804108796,23019.492259837964,23210.525390625,10139900
2025-04-18,23401.55859375,23640.350007971938,23353.80031090561,23401.55859375,10996500
2025-04-21,23258.2836002334,23401.558447873445,23019.4921875,23019.4921875,7246000
2025-04-22,23210.525317686723,23306.041882780082,21634.501993646267,23019.4921875,13607200
2025-04-23,23497.076171875,23497.076171875,23067.251607755337,23497.076171875,6832100
2025-04-24,23306.04338121118,23449.318238062886,23067.251953125,23067.251953125,6476600
2025-04-25,23306.0418083159,23306.0418083159,22828.458984375,22828.458984375,13357000
2025-04-28,22971.73532098121,22971.73532098121,22780.70217901879,22876.21875,4005500
2025-04-29,22876.217807952184,23115.009225571725,22876.217807952184,22971.734375,3581800
2025-04-30,22971.734375,22971.734375,22971.734375,22971.734375,0
2025-05-01,22971.734375,22971.734375,22971.734375,22971.734375,0
2025-05-02,22971.734375,22971.734375,22971.734375,22971.734375,0
2025-05-05,22971.734375,22971.734375,22971.734375,22971.734375,0
2025-05-06,23162.767509095633,23162.767509095633,22923.976091476092,22971.734375,4629000
2025-05-07,22971.73484700521,23115.009700520834,22923.9765625,22923.9765625,8432500
2025-05-08,23115.009700520834,23115.009700520834,22876.21827799479,22923.9765625,7755800
2025-05-09,23019.493667507762,23067.251953125,22876.218810656057,23067.251953125,7281600
2025-05-12,23067.251953125,23067.251953125,23067.251953125,23067.251953125,0
2025-05-13,23162.76811443391,23353.801253522026,23067.251544889856,23306.04296875,9189800
2025-05-14,20390.71104813499,20515.298606855024,20307.652675654965,20432.240234375,11097730
2025-05-15,20473.769773440952,20722.94302961706,20473.769773440952,20598.35546875,12556965
2025-05-16,21179.759876482614,21304.34743453477,20847.530119459472,21221.2890625,28344280
2025-05-19,21138.232310535088,21345.87637265258,21013.644753929824,21096.703125,16003630
2025-05-20,21138.232310535088,21345.87637265258,21013.644753929824,21096.703125,16003630
2025-05-21,21179.75998690719,21304.347545608907,21096.70347999736,21262.818359375,12679670
2025-05-22,21387.406029149162,21511.991722939918,21262.81846980042,21304.34765625,14216530
2025-05-23,25700.0,25750.0,25500.0,25550.0,18033200
2025-05-26,21600.0,21650.0,21100.0,21500.0,9939200
2025-05-27,21600.0,21650.0,21100.0,21500.0,9939200
2025-05-28,21600.0,21600.0,21400.0,21450.0,9317300
2025-05-29,21500.0,21550.0,21350.0,21400.0,7858900
2025-05-30,21450.0,21500.0,21300.0,21300.0,9071600
2025-06-02,21100.0,21200.0,21000.0,21100.0,8187500
2025-06-03,21100.0,21200.0,21000.0,21100.0,8187500
2025-06-04,21150.0,895.8333129882812,21150.0,21250.0,7279100
2025-06-05,21150.0,895.8333129882812,21150.0,21250.0,7279100
2025-06-06,21150.0,21200.0,21000.0,21000.0,249400
2025-06-09,21000.0,21050.0,20900.0,20950.0,5705200
2025-06-10,21000.0,21050.0,20900.0,20950.0,5705200
2025-06-11,21050.0,21050.0,20900.0,20950.0,5712500
2025-06-12,21000.0,21050.0,20900.0,20950.0,3581900
2025-06-13,21050.0,21150.0,20950.0,21050.0,6547500
2025-06-16,21000.0,21300.0,20950.0,21300.0,8986600
2025-06-17,21000.0,21300.0,20950.0,21300.0,8986600
2025-06-18,21400.0,21450.0,21150.0,21200.0,7025500
2025-06-19,21200.0,21350.0,21150.0,21300.0,7425200
2025-06-20,21300.0,21350.0,21150.0,21300.0,7279500
2025-06-23,21400.0,21450.0,21250.0,21350.0,8984400
2025-06-24,21400.0,21450.0,21250.0,21350.0,8984400
2025-06-25,21450.0,21600.0,21300.0,21300.0,8571600
2025-06-26,21350.0,21450.0,21250.0,21250.0,7771700
2025-06-27,21300.0,21350.0,21150.0,21200.0,9897400
2025-06-30,21250.0,21300.0,21150.0,21300.0,5858100
2025-07-01,21250.0,21300.0,21150.0,21300.0,5858100
2025-07-02,21300.0,21400.0,21250.0,21300.0,7527600
2025-07-03,21300.0,21450.0,21250.0,21300.0,7629500
2025-07-04,21350.0,21600.0,21300.0,21400.0,15125500
2025-07-07,22050.0,22350.0,21900.0,22250.0,17316100
2025-07-08,22050.0,22350.0,21900.0,22250.0,17316100
2025-07-09,22400.0,22400.0,22100.0,22250.0,14675400
2025-07-10,22250.0,22500.0,22250.0,22450.0,18703900
2025-07-11,22650.0,22700.0,22400.0,22550.0,9132500
2025-07-14,22750.0,22850.0,22350.0,22700.0,12303700
2025-07-15,22750.0,22850.0,22350.0,22700.0,12303700
2025-07-16,22700.0,22800.0,22450.0,22450.0,12688100
2025-07-17,22450.0,22550.0,22300.0,22450.0,10934500
2025-07-18,22450.0,22550.0,22400.0,22450.0,15112900
2025-07-21,22700.0,23100.0,22650.0,22850.0,17137200
2025-07-22,22700.0,23100.0,22650.0,22850.0,17137200
2025-07-23,22850.0,22900.0,22600.0,22900.0,12037900
2025-07-24,23050.0,23150.0,22900.0,23000.0,15197600
2025-07-25,23150.0,23500.0,23100.0,23200.0,15167000
2025-07-28,23700.0,23850.0,23500.0,23850.0,16870500
2025-07-29,23700.0,23850.0,23500.0,23850.0,16870500
2025-07-30,23900.0,23950.0,22750.0,22750.0,34025200
2025-07-31,22750.0,23100.0,22700.0,23000.0,15001100
2025-08-01,23200.0,23250.0,22700.0,23000.0,10605400
2025-08-04,23000.0,23300.0,22800.0,23300.0,11137700
2025-08-05,23000.0,23300.0,22800.0,23300.0,11137700
2025-08-06,23500.0,24500.0,23300.0,23450.0,42323400
2025-08-07,23700.0,24400.0,23700.0,24200.0,16251000
2025-08-08,24400.0,24650.0,24100.0,24400.0,19097800
2025-08-11,24300.0,24700.0,24250.0,24400.0,16056300
2025-08-12,24300.0,24700.0,24250.0,24400.0,16056300
2025-08-13,24500.0,24550.0,24100.0,24250.0,14628100
2025-08-14,24400.0,24650.0,24150.0,24500.0,19292100
2025-08-15,24750.0,26200.0,24700.0,26200.0,34889500
2025-08-18,26800.0,27500.0,26350.0,27050.0,28477800
2025-08-19,26800.0,27500.0,26350.0,27050.0,28477800
2025-08-20,27050.0,28700.0,27000.0,28450.0,41181100
2025-08-21,28500.0,28500.0,26900.0,28000.0,33270000
2025-08-22,28300.0,29500.0,28000.0,29450.0,45796400
2025-08-25,28200.0,28400.0,25950.0,26200.0,37410300
2025-08-26,28200.0,28400.0,25950.0,26200.0,37410300
2025-08-27,26250.0,27400.0,26100.0,27350.0,20812100
2025-08-28,27800.0,28600.0,27550.0,27650.0,18831800
2025-08-29,27800.0,28150.0,27100.0,27550.0,13927700
2025-09-01,27550.0,27550.0,27550.0,27550.0,0
2025-09-02,27550.0,27550.0,27550.0,27550.0,0
2025-09-03,27700.0,27750.0,27200.0,27500.0,18715200
2025-09-04,27700.0,27750.0,27200.0,27500.0,18715200
2025-09-05,27600.0,27750.0,27400.0,27650.0,11279900
2025-09-08,27000.0,27600.0,26550.0,26550.0,26152700
2025-09-09,27000.0,27600.0,26550.0,26550.0,26152700
2025-09-10,26950.0,26950.0,26450.0,26550.0,15204500
2025-09-11,26700.0,26850.0,26450.0,26550.0,14091100
2025-09-12,26500.0,26550.0,25800.0,26200.0,20449900
2025-09-15,26200.0,26200.0,26200.0,26200.0,0
2025-09-16,26300.0,26650.0,26100.0,26400.0,27899800
2025-09-17,26600.0,26600.0,26200.0,26400.0,40108800
2025-09-18,26400.0,26450.0,26050.0,26150.0,13049100
2025-09-19,26200.0,26200.0,25550.0,25550.0,21848000
2025-09-22,25450.0,25450.0,25050.0,25150.0,19404800
2025-09-23,25450.0,25450.0,25050.0,25150.0,19404800
2025-09-24,25150.0,25700.0,25150.0,25350.0,9385500
2025-09-25,25500.0,26000.0,25250.0,26000.0,10853300
2025-09-26,26150.0,26150.0,25650.0,25650.0,8158200
2025-09-29,25550.0,25800.0,25350.0,25600.0,8265200
2025-09-30,25550.0,25800.0,25350.0,25600.0,8265200
2025-10-01,25750.0,25800.0,25450.0,25500.0,9277900
2025-10-02,25700.0,25950.0,25550.0,25800.0,10480500
2025-10-03,25900.0,26200.0,25700.0,25750.0,10937500
2025-10-06,26150.0,26800.0,25900.0,26800.0,20288600
2025-10-07,26150.0,26800.0,25900.0,26800.0,20288600
2025-10-08,26900.0,26900.0,26450.0,26450.0,12389800
2025-10-09,26650.0,26850.0,26600.0,26750.0,18228000
2025-10-10,26800.0,26950.0,26600.0,26950.0,16388600
2025-10-13,26550.0,26800.0,26400.0,26750.0,18373300
2025-10-14,26550.0,26800.0,26400.0,26750.0,18373300
2025-10-15,26750.0,26950.0,26250.0,26300.0,18531600
2025-10-16,26400.0,26650.0,26150.0,26300.0,14416100
2025-10-17,26400.0,26550.0,26150.0,26300.0,13461000
2025-10-20,25600.0,25650.0,24600.0,24800.0,32231800
2025-10-21,25600.0,25650.0,24600.0,24800.0,32231800
2025-10-22,24850.0,25300.0,24850.0,25000.0,19371400
2025-10-23,25200.0,25300.0,24650.0,25100.0,15620500
2025-10-24,25100.0,25200.0,24950.0,24950.0,8751200
2025-10-27,25300.0,25550.0,24950.0,25000.0,10208700
2025-10-28,25300.0,25550.0,24950.0,25000.0,10208700
2025-10-29,25100.0,25400.0,25050.0,25400.0,10305300
2025-10-30,25400.0,25550.0,25300.0,25400.0,6350700
2025-10-31,25500.0,25700.0,25000.0,25100.0,9309300
2025-11-03,25400.0,25900.0,25300.0,25450.0,13864900
2025-11-04,25450.0,26100.0,25400.0,26000.0,17972000
2025-11-05,25450.0,26100.0,25400.0,26000.0,17972000
2025-11-06,25550.0,25700.0,25300.0,25300.0,6525200
2025-11-07,25250.0,25300.0,24850.0,24900.0,12107200
2025-11-10,24900.0,25200.0,24700.0,24800.0,7222900
2025-11-11,24850.0,25050.0,24800.0,24850.0,6962300
2025-11-12,25000.0,25200.0,24800.0,25200.0,6319100
2025-11-13,25200.0,25200.0,25000.0,25100.0,5637200
2025-11-14,25100.0,25100.0,24900.0,24950.0,6763400
2025-11-17,25000.0,25150.0,24950.0,25150.0,3945100
2025-11-18,25200.0,25400.0,25050.0,25100.0,6387000
2025-11-19,25150.0,25150.0,24850.0,24900.0,5994400
2025-11-20,25000.0,25000.0,24800.0,24800.0,6153200
2025-11-21,24750.0,24850.0,24600.0,24700.0,7299200
2025-11-24,24700.0,24850.0,24600.0,24600.0,7081700
2025-11-25,24650.0,24700.0,24100.0,24200.0,15856700
2025-11-26,24200.0,24400.0,24150.0,24200.0,9003200
2025-11-27,24450.0,24500.0,24300.0,24350.0,7791600
2025-11-28,24350.0,24450.0,24250.0,24250.0,5358800
2025-12-01,24300.0,24350.0,24000.0,24000.0,9243000
2025-12-02,24050.0,24150.0,23850.0,23950.0,15503200
2025-12-03,24000.0,24550.0,24000.0,24450.0,16051700
2025-12-04,24000.0,24550.0,24000.0,24450.0,16051700
2025-12-05,24900.0,25000.0,24350.0,24350.0,8994300
2025-12-08,24250.0,24450.0,24200.0,24200.0,4935600
2025-12-09,24200.0,24250.0,24000.0,24100.0,11326500
2025-12-10,24150.0,24300.0,24050.0,24100.0,5460100
2025-12-11,24250.0,24250.0,23950.0,23950.0,7525800
2025-12-12,24050.0,24100.0,23500.0,23500.0,13924900
2025-12-15,23500.0,23600.0,23450.0,23550.0,9317100
2025-12-16,23550.0,24800.0,23450.0,24000.0,9830200
2025-12-17,24050.0,24150.0,23900.0,24000.0,6430600
2025-12-18,24050.0,24150.0,23900.0,24000.0,6430600
2025-12-19,23900.0,24050.0,23850.0,23900.0,3538700
2025-12-22,24000.0,24450.0,23900.0,24300.0,10013100
2025-12-23,24450.0,24600.0,23950.0,24200.0,8578300
2025-12-24,24150.0,24450.0,23950.0,24300.0,8709200
2025-12-25,24150.0,24450.0,23950.0,24300.0,8709200
2025-12-26,23900.0,24050.0,23650.0,23900.0,7831900
2025-12-29,23850.0,24100.0,23800.0,24000.0,3770400
2025-12-30,24000.0,24200.0,23900.0,24100.0,5337300
2025-12-31,24150.0,24250.0,23900.0,24000.0,5932900
2026-01-01,24000.0,24000.0,24000.0,24000.0,0
2026-01-02,24000.0,24000.0,24000.0,24000.0,0
2026-01-05,24000.0,24100.0,23850.0,24000.0,8986200
2026-01-06,24050.0,24100.0,23750.0,24000.0,12736300
2026-01-07,24200.0,24750.0,24100.0,24650.0,22731900
2026-01-08,24750.0,25050.0,24500.0,24550.0,24925700
2026-01-09,24700.0,24950.0,24500.0,24550.0,16460000
2026-01-12,24650.0,25500.0,24650.0,25500.0,22302500
2026-01-13,25700.0,25800.0,24900.0,24900.0,24138300
2026-01-14,25000.0,25150.0,24500.0,24650.0,19456100
2026-01-15,24850.0,24900.0,24550.0,24900.0,14169900
2026-01-16,25000.0,25100.0,24650.0,24850.0,10941400
2026-01-19,24900.0,25150.0,24750.0,25100.0,10927600
2026-01-20,25100.0,25300.0,25000.0,25050.0,18384900
2026-01-21,25000.0,25150.0,24750.0,24850.0,12924400
2026-01-22,24900.0,25050.0,24800.0,24850.0,10084800
2026-01-23,25000.0,25100.0,24900.0,25050.0,11781000
2026-01-26,25050.0,25100.0,24650.0,24800.0,13742900
2026-01-27,24600.0,24800.0,24450.0,24700.0,12471600
2026-01-28,24450.0,24500.0,23850.0,23900.0,32294900
2026-01-29,24000.0,24150.0,23750.0,23800.0,20344800
2026-01-30,23850.0,24100.0,23800.0,24100.0,15667300
2026-02-02,24050.0,24050.0,23700.0,23750.0,14303300
2026-02-03,23800.0,23900.0,23700.0,23700.0,17659700
2026-02-04,23700.0,23800.0,23550.0,23600.0,17881700
2026-02-05,23650.0,23700.0,23450.0,23450.0,14043600
2026-02-06,23400.0,23450.0,23000.0,23000.0,18597300
2026-02-09,23200.0,23350.0,22900.0,22950.0,11128300
2026-02-10,23100.0,23150.0,22850.0,23000.0,14120400
2026-02-11,23050.0,23650.0,23050.0,23650.0,17796900
2026-02-12,23650.0,23850.0,23550.0,23850.0,17469600
2026-02-13,23850.0,23900.0,23700.0,23850.0,13629700
2026-02-16,23850.0,23850.0,23850.0,23850.0,0
2026-02-17,23850.0,23850.0,23850.0,23850.0,0
2026-02-18,23850.0,23850.0,23850.0,23850.0,0
2026-02-19,23850.0,23850.0,23850.0,23850.0,0
2026-02-20,23850.0,23850.0,23850.0,23850.0,0
2026-02-23,24000.0,24100.0,23850.0,24050.0,11535400
2026-02-24,24100.0,24100.0,24000.0,24000.0,13798400
2026-02-25,24100.0,24450.0,24050.0,24450.0,16965000
2026-02-26,24500.0,24550.0,24250.0,24450.0,13367200
2026-02-27,24450.0,24600.0,24200.0,24550.0,11051000
2026-03-02,24000.0,24200.0,23900.0,23950.0,19337800
2026-03-03,24000.0,24200.0,23900.0,23950.0,19337800
2026-03-04,23500.0,23600.0,23100.0,23200.0,21996800
2026-03-05,23500.0,23550.0,23200.0,23550.0,9923300
2026-03-06,23500.0,23600.0,23200.0,23300.0,11699100
2026-03-09,22100.0,22650.0,21700.0,21700.0,35451400
2026-03-10,22550.0,23200.0,22000.0,23150.0,23159600
2026-03-11,23050.0,23600.0,23000.0,23200.0,18301200
2026-03-12,23000.0,23250.0,22600.0,23150.0,15668600
2026-03-13,22950.0,23450.0,22800.0,23450.0,15525700
2026-03-16,23400.0,23450.0,23250.0,23450.0,9534100
2026-03-17,23500.0,23850.0,23500.0,23750.0,9847800
2026-03-18,23750.0,23900.0,23550.0,23750.0,10506600
2026-03-19,23500.0,23800.0,23250.0,23600.0,16614600
2026-03-20,23400.0,23500.0,23000.0,23000.0,13775200
2026-03-23,22950.0,22950.0,22450.0,22500.0,15858400
2026-03-24,22750.0,23100.0,22750.0,23100.0,14004000
2026-03-25,23200.0,23800.0,23150.0,23800.0,12449400
2026-03-26,23700.0,23700.0,23300.0,23600.0,8294500
2026-03-27,23400.0,23800.0,23300.0,23800.0,7638400
2026-03-30,23300.0,23800.0,23300.0,23750.0,7414700
2026-03-31,23650.0,23850.0,23450.0,23550.0,13096000
2026-04-01,23850.0,23900.0,23700.0,23800.0,9883500
2026-04-02,23700.0,23700.0,23300.0,23600.0,9767900
2026-04-03,23600.0,23700.0,23250.0,23500.0,11386300
2026-04-06,23500.0,23500.0,23200.0,23250.0,5554000
2026-04-07,23250.0,23400.0,23150.0,23200.0,10472700
2026-04-08,23700.0,24150.0,23550.0,24100.0,19727300
2026-04-09,24050.0,24050.0,23750.0,23850.0,5141500
2026-04-10,24100.0,24200.0,23850.0,23850.0,8136300
2026-04-13,23800.0,24000.0,23550.0,23750.0,8083900
2026-04-14,23950.0,24150.0,23800.0,24000.0,15449600
2026-04-15,24150.0,24200.0,23800.0,23800.0,7254600
2026-04-16,23900.0,23900.0,23600.0,23650.0,8623100
2026-04-17,23700.0,23850.0,23650.0,23750.0,6073500
2026-04-20,23850.0,24000.0,23750.0,23950.0,8670200
2026-04-21,24000.0,24050.0,23750.0,23750.0,6823700
2026-04-22,23750.0,23800.0,23550.0,23600.0,8805900
2026-04-23,23550.0,23900.0,23500.0,23500.0,14035700
2026-04-24,23550.0,23600.0,23300.0,23400.0,17478700
2026-04-27,23400.0,23400.0,23400.0,23400.0,0
2026-04-28,23400.0,23500.0,23350.0,23500.0,7240400
2026-04-29,23500.0,23550.0,23300.0,23500.0,8936800
2026-04-30,23500.0,23500.0,23500.0,23500.0,0
2026-05-01,23500.0,23500.0,23500.0,23500.0,0
2026-05-04,23550.0,23550.0,23100.0,23100.0,12018500
2026-05-05,23100.0,23150.0,22500.0,22600.0,28808700
2026-05-06,22650.0,23250.0,22650.0,23100.0,19398600
2026-05-07,23100.0,23200.0,22850.0,22900.0,20236200
2026-05-08,22900.0,23050.0,22850.0,22850.0,15734200
2026-05-11,23000.0,23000.0,22750.0,22750.0,12866600
2026-05-12,22800.0,22850.0,22650.0,22700.0,10943200
2026-05-13,22700.0,22750.0,22400.0,22500.0,21238100
2026-05-14,22500.0,22900.0,22500.0,22800.0,16144400
2026-05-15,22800.0,23350.0,22800.0,23300.0,21591900
2026-05-18,23100.0,23250.0,22900.0,23000.0,11124600
2026-05-19,23000.0,23100.0,22800.0,22800.0,15520700
2026-05-20,22800.0,22800.0,22450.0,22650.0,22390400
2026-05-21,22700.0,22900.0,22650.0,22800.0,13391700
2026-05-22,22800.0,22950.0,22700.0,22850.0,10675400
2026-05-25,22950.0,23600.0,22950.0,23550.0,30477300
2026-05-26,23600.0,24900.0,23550.0,24800.0,58824300
2026-05-27,24850.0,25450.0,24550.0,25200.0,40506300
2026-05-28,25100.0,25300.0,24650.0,24650.0,21718800
2026-05-29,24500.0,25200.0,24500.0,24900.0,16936300
