Date,Open,High,Low,Close,Volume
2021-06-04,20040.384136063043,20110.089908189133,19691.857086160267,20005.53125,138400
2021-06-07,19866.121347958804,19935.827119493606,18820.534774936794,19447.88671875,2979488
2021-06-08,19447.88671875,19447.88671875,19447.88671875,19447.88671875,0
2021-06-09,19169.0617600612,19517.590583688805,19169.0617600612,19343.326171875,869294
2021-06-10,18994.798828125,19308.47479382822,18611.417092265507,18994.798828125,2696196
2021-06-11,18994.797454146712,19238.767632046212,18820.533041361356,19134.208984375,2099287
2021-06-14,19308.47328951224,19447.88481896328,19099.355995335678,19343.326171875,2034383
2021-06-15,19657.003157056606,19935.826230766037,19517.59162020189,19831.267578125,2073485
2021-06-16,19761.561809697643,19970.679114979717,19447.88585177453,19831.267578125,1639370
2021-06-17,19482.742282240917,21016.26765604783,19447.889391683308,20911.708984375,2869097
2021-06-18,21225.381094114917,21260.233978259912,20772.29360023001,20807.146484375,3196545
2021-06-21,20214.649692739902,20667.73723680554,20144.9439167298,20284.35546875,1819453
2021-06-22,20214.64786755772,20493.470946423156,19970.679484278062,20075.236328125,1488547
2021-06-23,20075.235956893186,20179.794609534223,19726.708925483963,19831.267578125,1842595
2021-06-24,19691.856791792037,19866.121219502227,19657.00390625,19657.00390625,830990
2021-06-25,19831.268968503922,19866.12185516115,19447.88721527439,19691.857421875,1142212
2021-06-28,19691.856605797257,20040.38364719807,19657.003720584413,19970.6796875,1333999
2021-06-29,19970.678171086904,20319.20518602337,19970.678171086904,20110.087890625,1845255
2021-06-30,20214.646538324185,20354.058068589762,20040.38212549221,20110.087890625,1098588
2021-07-01,20040.383443266823,20354.059406990436,19970.679484278062,20075.236328125,1155512
2021-07-02,20214.648199877254,20214.648199877254,19761.5625,19761.5625,2042629
2021-07-05,19761.5625,19761.5625,19761.5625,19761.5625,0
2021-07-06,19761.5625,19761.5625,19761.5625,19761.5625,0
2021-07-07,19761.5625,19761.5625,19761.5625,19761.5625,0
2021-07-08,19761.5625,19761.5625,19761.5625,19761.5625,0
2021-07-09,18158.331218983036,18576.564025093387,18088.625449510044,18437.154296875,2101681
2021-07-12,18437.154296875,18437.154296875,18437.154296875,18437.154296875,0
2021-07-13,18402.300954833478,18402.300954833478,17984.066348388842,18088.625,1092470
2021-07-14,18088.625,18088.625,18088.625,18088.625,0
2021-07-15,17809.80336332279,18123.479343417694,17774.95047664558,17844.65625,946701
2021-07-16,17844.65625,17844.65625,17844.65625,17844.65625,0
2021-07-19,17774.951872578677,18088.627877307725,17600.687425506985,17705.24609375,1408746
2021-07-20,17635.538184628054,18053.772807079265,17635.538184628054,18018.919921875,1254465
2021-07-21,17984.066291192754,18402.30089630725,17949.213407433213,18193.18359375,1321763
2021-07-22,18193.183480000225,18506.857621147356,18158.330596458592,18402.30078125,738421
2021-07-23,18402.304371307866,18541.714121943936,17774.95234517005,17949.216796875,1729278
2021-07-26,18053.770799841426,18158.329443829287,17600.6833425607,18123.4765625,1010009
2021-07-27,18018.919062292076,18646.269155313876,18018.919062292076,18402.30078125,1227333
2021-07-28,18297.743511171244,18402.302169684976,18158.33196648627,18262.890625,453799
2021-07-29,18262.890625,18472.007942027467,18123.47908031502,18262.890625,799335
2021-07-30,18506.857709545995,19169.0625,18262.8893343168,19169.0625,5126922
2021-08-02,18959.944734551536,19134.209148834707,18611.415905985195,18820.533203125,1694964
2021-08-03,18820.53509094221,18994.79952270519,18715.97643188442,18925.09375,1135296
2021-08-04,18925.09375,18925.09375,18925.09375,18925.09375,0
2021-08-05,18646.26878884183,18855.386085981634,18646.26878884183,18820.533203125,716343
2021-08-06,18785.680320268366,19099.356265978073,18785.680320268366,18820.533203125,1105238
2021-08-09,18820.533496646334,19482.73828125,18646.269079645368,19482.73828125,2792488
2021-08-10,19482.73828125,19482.73828125,19482.73828125,19482.73828125,0
2021-08-11,19482.73947853981,19866.121219502227,19308.475050829624,19657.00390625,2108331
2021-08-12,19378.18226810689,19587.29959696554,19273.62360367757,19413.03515625,1222545
2021-08-13,19482.740932536217,19552.446708822434,19064.506274818923,19413.03515625,1563825
2021-08-16,19517.59298858885,20179.79602434853,19482.74010193162,19691.857421875,3184575
2021-08-17,19691.857421875,19691.857421875,19691.857421875,19691.857421875,0
2021-08-18,19796.415730426954,21085.970703125,19482.73975608016,21085.970703125,8787109
2021-08-19,21434.49886041226,22026.996092904457,21155.67578125,21155.67578125,4482399
2021-08-20,21295.08719935706,22131.554621344756,20563.176620731185,21364.79296875,5934504
2021-08-23,21190.531288457427,21434.501512915533,20214.650390625,20214.650390625,6423682
2021-08-24,20284.355539379216,20493.47286813765,19517.593811326067,20179.796875,3380087
2021-08-25,20040.38463157616,20388.913500824227,19796.416233830216,20249.501953125,2373535
2021-08-26,20458.618910738965,21643.615234375,20319.207365519705,21643.615234375,6875619
2021-08-27,21643.614010561163,22863.464962254588,21643.614010561163,22654.34765625,5277213
2021-08-30,23002.874688863405,23177.139110533895,22480.083234579513,22654.34765625,2746470
2021-08-31,22549.78930825587,23630.226926499316,22270.96622981173,23002.875,4363762
2021-09-01,22758.907796389773,23490.816604503438,22689.202023166785,23177.140625,2744874
2021-09-02,23177.140625,23177.140625,23177.140625,23177.140625,0
2021-09-03,23177.140625,23177.140625,23177.140625,23177.140625,0
2021-09-06,22968.02142684207,23699.931985822557,22828.611702525715,23072.580078125,3080303
2021-09-07,23037.727104781916,23072.579988407364,22305.818359375,22305.818359375,3476113
2021-09-08,22305.818359375,22305.818359375,22305.818359375,22305.818359375,0
2021-09-09,22410.3777690338,23002.875,22410.3777690338,23002.875,1592553
2021-09-10,23002.876324312052,23246.846531996427,22689.202153731272,22968.0234375,1647882
2021-09-13,22968.022570599387,22968.022570599387,22410.378213381853,22480.083984375,2480202
2021-09-14,22445.229723818084,22654.347023986382,22131.553773565633,22619.494140625,2617725
2021-09-15,22480.083234579513,22828.61207792049,22201.260159906727,22654.34765625,1773967
2021-09-16,22654.34765625,22933.16892019521,22480.083234579513,22654.34765625,1916544
2021-09-17,22654.347785841655,23874.19693378552,22654.347785841655,23316.55078125,6153955
2021-09-20,23421.10917947764,23421.10917947764,22828.61195959655,22863.46484375,2819621
2021-09-21,22863.46484375,22863.46484375,22863.46484375,22863.46484375,0
2021-09-22,22863.46484375,22863.46484375,22863.46484375,22863.46484375,0
2021-09-23,23699.93116935283,23804.489817033682,23072.579283267733,23351.40234375,2211806
2021-09-24,23351.40282259714,23455.96147242209,22724.052734375,22724.052734375,151966935
2021-09-27,22724.05610195458,23002.877398746685,21608.763671875,21608.763671875,3184043
2021-09-28,21434.49923020545,22480.083984375,21434.49923020545,22480.083984375,2635813
2021-09-29,22305.81943353294,22828.612713090297,22305.81943353294,22689.201171875,1779553
2021-09-30,22689.199851100017,22758.90561764998,22375.523901625187,22724.052734375,1462478
2021-10-01,22689.202153731272,23107.43498474821,22480.084832858953,22968.0234375,2220318
2021-10-04,23211.992818008526,24362.138041820046,23037.728390158292,24327.28515625,675778050
2021-10-05,24362.138041820046,24466.694887802547,24153.02072839977,24327.28515625,2606021
2021-10-06,24327.28515625,24327.28515625,24327.28515625,24327.28515625,0
2021-10-07,25198.60700168123,25198.60700168123,24780.372349663754,24850.078125,1523925
2021-10-08,24850.078125,24850.078125,24850.078125,24850.078125,0
2021-10-11,24850.078125,24850.078125,24850.078125,24850.078125,0
2021-10-12,24606.107028848175,25442.576302883943,24536.40125601186,25233.458984375,2383909
2021-10-13,25233.460791514743,25721.40123631367,25233.460791514743,25442.578125,1895796
2021-10-14,25442.578125,25442.578125,25442.578125,25442.578125,0
2021-10-15,25268.313680428953,25512.283902828418,25163.755013686325,25442.578125,995911
2021-10-18,25442.578125,25442.578125,25442.578125,25442.578125,0
2021-10-19,25791.102575523943,26313.894008537485,25477.426629279318,26069.923828125,1291971
2021-10-20,26279.041762554043,26279.041762554043,25616.83878182622,26104.77734375,945371
2021-10-21,26104.77734375,26139.630227510806,25791.103200630263,26104.77734375,520831
2021-10-22,26104.780343944447,26592.72077267424,25860.811940307303,26488.162109375,1458488
2021-10-25,26488.162109375,26488.162109375,26488.162109375,26488.162109375,0
2021-10-26,26488.162109375,26488.162109375,26488.162109375,26488.162109375,0
2021-10-27,26488.162109375,26488.162109375,26488.162109375,26488.162109375,0
2021-10-28,26418.456333842172,26801.838099272725,26313.89767054293,26488.162109375,1128912
2021-10-29,26523.011306033903,26801.83436936246,26069.923828125,26069.923828125,1500251
2021-11-01,26069.923828125,26069.923828125,26069.923828125,26069.923828125,0
2021-11-02,25094.049235857907,25198.607902600535,24780.37323563002,25442.578125,1378688
2021-11-03,25372.871863121523,25442.577639620133,24745.51987463404,25198.607421875,1587499
2021-11-04,24954.635587936387,25163.75290388868,24571.253842023856,24675.8125,1720766
2021-11-05,24396.99308246676,24919.784601469924,24396.99308246676,24780.373046875,1757209
2021-11-08,24919.780507262207,25163.75068772012,24780.368975571968,25094.044921875,1702146
2021-11-09,25094.044921875,25581.985282790825,25024.33915602988,25094.044921875,1744175
2021-11-10,25128.900017896627,25128.900017896627,24675.8125,24675.8125,1836743
2021-11-11,24571.253842023856,25094.04713190458,24431.84229805566,24675.8125,2037575
2021-11-12,24675.814568887396,25442.578125,24571.255902144767,25442.578125,1260583
2021-11-15,25128.900390625,25791.105234296178,24710.66575251689,25128.900390625,2789828
2021-11-16,24919.783137073136,25094.04757007624,24640.96004426817,25024.341796875,1339320
2021-11-17,25094.04757007624,25094.04757007624,24675.812930868793,25024.341796875,1036343
2021-11-18,24989.485460949865,24989.485460949865,24396.98828125,24396.98828125,1949262
2021-11-19,24431.840553759936,24606.104971278677,23002.874140833763,23386.255859375,2886653
2021-11-22,23386.25719655826,23386.25719655826,22270.966671395563,22480.083984375,3252672
2021-11-23,22166.4099235524,23246.84765625,22166.4099235524,23246.84765625,1219353
2021-11-24,23595.374369664965,23699.933025534865,23281.698402055274,23560.521484375,1079170
2021-11-25,23421.10943485041,23421.10943485041,23211.99212764959,23316.55078125,1471522
2021-11-26,23351.40234375,23595.37252167198,23177.137930948582,23351.40234375,2318473
2021-11-29,23177.138839342722,24222.725357131454,23037.72730363756,24048.4609375,1039535
2021-11-30,24989.48853924779,24989.48853924779,24083.31531181357,24571.25390625,2170576
2021-12-01,24919.781046858297,24919.781046858297,24292.43095139552,24362.13671875,1378156
2021-12-02,24327.284008910327,24362.136892836617,24013.60805357371,24048.4609375,1152586
2021-12-03,24292.433441367455,24292.433441367455,23525.669921875,23525.669921875,1043525
2021-12-06,23281.698411312384,23839.344576173567,22654.348286571178,22689.201171875,2303045
2021-12-07,22863.466874859238,23525.669921875,22828.61398760958,23525.669921875,1613834
2021-12-08,23699.93442693177,23699.93442693177,23246.84689137077,23421.111328125,1004423
2021-12-09,23386.25837287637,23525.669921875,23281.6997111274,23525.669921875,1095396
2021-12-10,23525.667851158447,24013.6082297054,23525.667851158447,23734.78515625,858388
2021-12-13,23874.199011895107,24327.28655026884,23804.49323676069,24187.875,896958
2021-12-14,24222.727391704906,24501.54867580711,23874.19852316752,23943.904296875,1575795
2021-12-15,23874.19712013794,24013.60865936001,23002.875,23002.875,1419386
2021-12-16,23525.66999017754,23595.37576487923,23316.55266607246,23421.111328125,1266169
2021-12-17,23351.404172635204,23665.0801402449,23351.404172635204,23560.521484375,1175728
2021-12-20,23525.667393389995,23630.226043901243,23281.697208863752,23386.255859375,1787001
2021-12-21,23281.697491121595,24048.4609375,23177.138839342722,24048.4609375,2958740
2021-12-22,24396.989776762908,24536.39950174052,24013.60805357371,24048.4609375,4154951
2021-12-23,24048.459463351584,24396.98828125,23560.519118293803,24396.98828125,6098361
2021-12-24,24536.40138446631,25581.987982484934,24327.285875590274,25024.341796875,5069465
2021-12-27,25442.575091724353,25442.575091724353,24675.811627025647,25059.193359375,1610376
2021-12-28,24919.78182033887,25581.986630760483,24815.223166061773,25059.193359375,2126685
2021-12-29,25024.342134181108,25059.195021251515,24396.991977641494,24501.548828125,1923726
2021-12-30,24466.69355905418,24745.516628472098,24327.28383507276,24362.13671875,957607
2021-12-31,24362.135556111596,24640.95680149574,24083.3125,24083.3125,1992088
2022-01-03,24083.3125,24083.3125,24083.3125,24083.3125,0
2022-01-04,24327.28251767032,24571.250879471765,24013.606581561744,24396.98828125,1373368
2022-01-05,24327.28476867524,25094.046428272806,24327.28476867524,24745.517578125,1666768
2022-01-06,24640.95797744038,24640.95797744038,24257.57806771828,24362.13671875,1363526
2022-01-07,24536.401426917437,24536.401426917437,24118.16859771408,24153.021484375,1392786
2022-01-10,24118.166882251175,24396.989955706576,23699.932272068076,23734.78515625,2293735
2022-01-11,23560.52115688828,23734.78558091587,23002.875,23002.875,2379653
2022-01-12,23002.873679694945,23316.54962494042,22654.346662371914,23037.7265625,1268297
2022-01-13,23595.372687380845,23595.372687380845,23037.7265625,23037.7265625,1042727
2022-01-14,22828.612949125,23351.404423360098,22828.612949125,23142.287109375,421879
2022-01-17,23142.285755658264,23211.991522909168,21957.2895231205,22305.818359375,2223776
2022-01-18,22305.818359375,22619.49431200405,21922.43663949505,22305.818359375,1110824
2022-01-19,22340.673067639975,22549.790386472007,22305.820181167972,22514.9375,314680
2022-01-20,22480.083234579513,22968.021804529308,22480.083234579513,22654.34765625,566052
2022-01-21,22689.200422982747,22968.021685482785,22689.200422982747,22863.46484375,503541
2022-01-24,22933.17205267406,22933.17205267406,21817.88141237116,21957.29296875,1047515
2022-01-25,21957.291380786315,22480.08467939826,21852.732721063927,22410.37890625,837374
2022-01-26,22410.376840456698,22793.758557431916,22340.67107373393,22619.494140625,1353418
2022-01-27,22480.08451377457,23490.81640625,22375.52585482253,23490.81640625,1422578
2022-01-28,23525.667678605634,24048.4609375,23351.403258974176,24048.4609375,1982246
2022-01-31,24048.4609375,24048.4609375,24048.4609375,24048.4609375,0
2022-02-01,24048.4609375,24048.4609375,24048.4609375,24048.4609375,0
2022-02-02,24048.4609375,24048.4609375,24048.4609375,24048.4609375,0
2022-02-03,24048.4609375,24048.4609375,24048.4609375,24048.4609375,0
2022-02-04,24048.4609375,24048.4609375,24048.4609375,24048.4609375,0
2022-02-07,24327.28342520544,24327.28342520544,23804.490178854892,23909.048828125,651970
2022-02-08,23699.934574059058,24257.580775134422,23665.08168649185,24187.875,1654798
2022-02-09,24187.874931345148,24501.549107831965,24187.874931345148,24292.43359375,1326285
2022-02-10,24222.726178276345,24292.43194849194,23699.93290165941,23769.638671875,692935
2022-02-11,23699.933529407135,24013.609503685733,23665.08064337618,23804.4921875,470025
2022-02-14,23560.522809124657,23804.493019872258,23525.669921875,23525.669921875,676975
2022-02-15,23525.669921875,23525.669921875,23525.669921875,23525.669921875,0
2022-02-16,23874.1994791292,25198.607421875,23874.1994791292,25198.607421875,3018324
2022-02-17,25198.606296669008,25268.31207005501,24850.077429738998,24919.783203125,1376826
2022-02-18,24780.37016258615,25721.398046571787,24780.37016258615,25268.310546875,2392421
2022-02-21,25303.164757211314,25651.693621392882,24919.78300661159,25233.458984375,1981182
2022-02-22,25059.195381464197,25094.048269035597,24745.519393321607,24954.63671875,1323625
2022-02-23,25163.754521989456,26139.633581790942,24954.63719259033,25965.369140625,2782646
2022-02-24,25965.368864776454,26174.48619195398,25094.04847893119,25616.841796875,2177492
2022-02-25,25616.842974549,26313.898953125165,25338.019858827396,25791.107421875,1735928
2022-02-28,25547.133515381225,26557.865353541438,25512.280630936817,26348.748046875,2652837
2022-03-01,26383.60111246197,26453.306881829365,25965.366496257604,26035.072265625,953883
2022-03-02,25965.370058473163,26418.457621520767,25616.842974549,25791.107421875,1354748
2022-03-03,25791.102414234607,26488.15825746933,25372.86782185728,26383.599609375,2184940
2022-03-04,26697.27636768375,26697.27636768375,26000.218692467573,26104.77734375,680699
2022-03-07,26069.925477990128,26104.778363111902,25616.839782134677,25721.3984375,984473
2022-03-08,25512.280739019425,26244.18950472511,25268.310546875,25268.310546875,2952888
2022-03-09,25198.60771065977,25442.577931200885,24780.373046875,24780.373046875,2285223
2022-03-10,25128.901788164385,25442.577784190504,24919.784457480306,24989.490234375,1188762
2022-03-11,25128.901018869637,26000.221392650958,24989.489469348187,25163.75390625,2277243
2022-03-14,24989.486110771217,25616.83799930189,24989.486110771217,25407.720703125,1070391
2022-03-15,25372.867985255474,25372.867985255474,24989.486273107323,25094.044921875,702777
2022-03-16,25128.90059045044,25268.31213759508,24815.224609375,24815.224609375,1279735
2022-03-17,24954.636023673756,25268.312003079347,24850.077363871897,25024.341796875,781247
2022-03-18,25024.341796875,25268.312003079347,24989.48891027438,25024.341796875,685487
2022-03-21,25268.309336487797,25268.309336487797,24919.780507262207,25094.044921875,846418
2022-03-22,25059.195455537716,25965.368724344942,25059.195455537716,25825.958984375,3017526
2022-03-23,25825.959398420026,26418.456687656442,25686.547845487275,25965.369140625,2198772
2022-03-24,25860.809796928424,27777.71484375,25791.104027172903,27777.71484375,5667970
2022-03-25,27882.27496080793,28126.24516774848,27394.33454692683,27533.74609375,2521964
2022-03-28,27254.92461596543,28195.95073956603,27254.92461596543,27847.421875,3070992
2022-03-29,28195.950607674287,28474.77369802287,27847.421744738564,28056.5390625,2838241
2022-03-30,28056.536937737983,28683.88884351202,27638.302333888623,28370.212890625,3676147
2022-03-31,28579.332095424084,29415.799548089097,28405.06766555061,28474.7734375,2817227
2022-04-01,28579.33145600931,29415.79888995976,28474.77280042455,29311.240234375,2940917
2022-04-04,29276.389155705485,29590.065141815416,28753.59765625,28753.59765625,2038107
2022-04-05,28753.596460732166,29032.41773717598,28335.361829974965,28579.33203125,2130409
2022-04-06,28405.068790372658,29624.918037064537,28335.363015662962,29520.359375,2488182
2022-04-07,29555.210567167862,29973.44519143749,28230.802734375,28230.802734375,2728382
2022-04-08,28579.332726613877,28683.891386847197,27847.422104980655,28509.626953125,2564525
2022-04-11,28509.626953125,28509.626953125,28509.626953125,28509.626953125,0
2022-04-12,28788.448632359494,28788.448632359494,27533.7447712183,27568.59765625,1783543
2022-04-13,27568.59852734092,28579.332225196587,27045.80704607428,28265.65625,2323261
2022-04-14,28230.803172285665,29102.123508968845,27882.27431332133,28579.33203125,1980118
2022-04-15,28474.77162772186,30531.08995880725,28474.77162772186,30321.97265625,3947735
2022-04-18,30321.972994256128,31228.144360650418,29834.032616183365,30879.619140625,2268198
2022-04-19,35572.4751905608,35653.69025069909,33704.514131064876,34354.23828125,1407497
2022-04-20,34110.59322893087,34232.41398505635,32486.27734375,32486.27734375,2596179
2022-04-21,31917.767639108926,33542.079824042565,31633.51309847251,32811.140625,1684602
2022-04-22,32689.315847867398,33866.94336163251,30537.100299888305,31105.609375,3137204
2022-04-25,31471.08340510576,31471.08340510576,28953.39453125,28953.39453125,3048382
2022-04-26,27653.942354891693,30049.804792613628,27207.25588893821,30009.197265625,1628626
2022-04-27,29643.729603418375,30415.280051956364,29237.65061308675,30049.80859375,717048
2022-04-28,30861.967827194134,32120.810546875,30740.14339133362,32120.810546875,2337347
2022-04-29,32486.275279694662,34273.02117223899,32486.275279694662,33460.86328125,2224701
2022-05-02,33460.86328125,33460.86328125,33460.86328125,33460.86328125,0
2022-05-03,33460.86328125,33460.86328125,33460.86328125,33460.86328125,0
2022-05-04,33704.51171875,34273.02076810724,33460.86288669485,33704.51171875,1693391
2022-05-05,34110.591277837935,34273.02138943364,32526.884848004614,33379.6484375,1799561
2022-05-06,33217.22260148113,35694.29863300793,32892.35866739601,34922.75,4428354
2022-05-09,34516.6676430597,35125.78608433037,32892.35546875,32892.35546875,2750923
2022-05-10,32486.27566097765,35166.39453125,32323.845548504905,35166.39453125,3052777
2022-05-11,36100.375700514385,37602.8671875,35125.78761951802,37602.8671875,4754496
2022-05-12,36547.065095825805,38577.45637812312,35328.828125,35328.828125,4220179
2022-05-13,34963.35596762303,36100.37412273195,32892.35546875,32892.35546875,4000669
2022-05-16,30658.923815466722,34069.981834419224,30618.314453125,30618.314453125,3622715
2022-05-17,30354.367074718917,32736.017578125,28953.395327049708,32736.017578125,2699241
2022-05-18,33576.599669708005,34744.07489531183,33156.30668056959,34090.2890625,1609689
2022-05-19,32829.41400467278,35958.25042071293,32829.41400467278,35724.75390625,2119568
2022-05-20,35958.25314001162,36518.63894657484,35024.270680607566,35584.66015625,1938344
2022-05-23,35678.05698647422,35724.757027262436,33856.795755605606,34323.78515625,1540699
2022-05-24,34136.98700299015,35024.265625,33856.790471074535,35024.265625,2006932
2022-05-25,35491.259747287964,37452.6171875,35397.85967732808,37452.6171875,1935529
2022-05-26,38993.68870821626,39834.27106549784,38339.90283800603,39133.78515625,3286758
2022-05-27,38760.18801690045,41842.32421875,38293.19868394471,41842.32421875,5290472
2022-05-30,42589.511989589686,44223.9765625,41982.422527452356,44223.9765625,2277258
2022-05-31,43850.38165339285,44597.56752139799,41562.13135351486,42262.6171875,2660623
2022-06-01,42309.31249451035,45111.25576038921,42122.51603217985,44597.56640625,2329956
2022-06-02,44597.56640625,44597.56640625,44597.56640625,44597.56640625,0
2022-06-03,43196.597241475705,44364.0724459395,41842.32556400824,43430.09375,2578157
2022-06-06,43430.08857093422,44971.15653763201,42542.806347245474,42869.69921875,3317733
2022-06-07,43897.083789350305,45298.055524403746,42776.30860275489,44831.0625,4541644
2022-06-08,46699.02288395088,46699.02288395088,44971.161928478825,45905.140625,2841444
2022-06-09,46138.638646218475,46138.638646218475,45064.55980783697,45204.65625,1558801
2022-06-10,44410.770623756565,45298.05291613923,42075.8203125,42075.8203125,4765106
2022-06-13,39694.17425342636,43663.58947732154,39694.17425342636,40394.66015625,4074607
2022-06-14,41048.441986531005,42729.60652046385,40814.945485509714,42262.6171875,2201229
2022-06-15,42589.51523959833,42589.51523959833,40861.650462623154,42402.71875,2330961
2022-06-16,42963.102168154626,45344.75269216303,42823.0057259916,45204.65625,6688768
2022-06-17,44504.16671087393,46605.62417776974,43943.78098829797,46232.03125,3837870
2022-06-20,46232.02932173194,46512.22584041201,43009.796875,43009.796875,3571365
2022-06-21,42029.1239984017,42823.006293906576,40021.06640625,40021.06640625,6705060
2022-06-22,39834.26717235932,40908.345950776515,37265.8203125,37265.8203125,4285397
2022-06-23,37125.72243601221,39834.265625,36892.22594179379,39834.265625,2620396
2022-06-24,40394.654605941396,40674.847460940146,39834.26522686532,40067.76171875,1174029
2022-06-27,40067.76375619408,41281.93530231494,39460.67431405487,40161.16015625,2104281
2022-06-28,40161.161749839295,41795.62633376407,39227.183035904825,40908.34765625,3491313
2022-06-29,40161.15667201516,40721.54603096969,39460.67089059162,40347.953125,1957653
2022-06-30,40861.64806661643,41842.32682769417,40207.86222589793,40254.55859375,2217320
2022-07-01,40441.353025496544,40628.14949468716,38293.19913342259,40161.16015625,2446011
2022-07-04,41095.139927623895,41095.139927623895,39460.67536502325,39694.171875,1024786
2022-07-05,39834.26962908211,39834.26962908211,36938.9296875,36938.9296875,3719803
2022-07-06,36752.12998325276,37312.51937510174,34417.1796875,34417.1796875,2357511
2022-07-07,34417.18026666369,35537.95540014311,34090.28736652058,35211.0625,1190924
2022-07-08,35070.968456595634,36238.44370366676,35070.968456595634,35911.55078125,944533
2022-07-11,35724.75478690373,35724.75478690373,33483.20066767126,33623.30078125,1978773
2022-07-12,33623.30078125,33623.30078125,33623.30078125,33623.30078125,0
2022-07-13,35304.464560189714,36798.832712177005,35257.764523511665,36145.046875,1383411
2022-07-14,35724.75284157043,36191.7421875,35537.95636938284,36191.7421875,940711
2022-07-15,36145.04622148921,36798.832046845615,35678.053201309885,36378.5390625,2169650
2022-07-18,36892.22883360997,37219.12174969226,36238.44300144539,36985.62890625,1846023
2022-07-19,36892.22674241883,38059.701900689935,36892.22674241883,37919.60546875,2122987
2022-07-20,38013.005943824566,39227.18114879184,37826.20947620816,38526.6953125,2672088
2022-07-21,38339.89802612733,38760.18731747983,37826.20866842184,38153.1015625,1410564
2022-07-22,38293.19715901859,38713.4901102968,37779.5078125,37779.5078125,1311807
2022-07-25,37592.71510540242,38153.104540017936,37172.42578125,37172.42578125,1428465
2022-07-26,37265.81996948946,37359.2200375767,35631.35546875,35631.35546875,2052791
2022-07-27,35024.26619892926,36471.937908492786,35024.26619892926,36238.44140625,1053548
2022-07-28,36612.033519345685,36845.5300163406,36285.140625,36285.140625,1912800
2022-07-29,36658.736152421174,36705.43251986896,35117.66796875,35117.66796875,3991940
2022-08-01,35491.2578125,35818.1507013816,35024.26482631605,35491.2578125,1933919
2022-08-02,35491.26196116419,36892.23007624298,35351.161847485186,36705.43359375,1847632
2022-08-03,36658.73391221183,38199.80200170858,36471.93744659901,37919.60546875,4333469
2022-08-04,37826.20806710535,38106.400923552836,37359.21875,37359.21875,1897715
2022-08-05,37125.72507414718,37919.6073403769,37032.3250021914,37826.2109375,2092817
2022-08-08,37826.20987927226,38713.49219263511,37592.713374994004,38293.19921875,2521839
2022-08-09,38526.698067380246,38713.49454835368,37405.919181539684,37546.015625,2561061
2022-08-10,37546.01399153722,38153.1034455588,37359.221187769326,37639.4140625,2534511
2022-08-11,38013.00660002292,38013.00660002292,36425.23843241404,37452.6171875,2821934
2022-08-12,37359.221187769326,37966.30697271207,36985.628242075865,37639.4140625,1554980
2022-08-15,37966.30409238633,39133.7792072984,37686.11123891258,39040.3828125,4547879
2022-08-16,39040.385254003566,39554.074630216215,39040.385254003566,39320.578125,2384866
2022-08-17,39320.57879154352,39320.57879154352,38246.49998605196,38666.79296875,3029908
2022-08-18,38853.58862241686,39227.181561581005,38293.19921367064,38713.4921875,2111321
2022-08-19,38760.18731747983,39040.38384746015,37452.615741167174,38153.1015625,2806044
2022-08-22,37639.41458783924,38993.68628307069,37592.71455170604,38853.58984375,2287315
2022-08-23,38760.18991300997,39507.37581755371,38526.69706964923,39460.67578125,1924667
2022-08-24,39460.67536502325,39927.66471589788,39273.878890857624,39694.171875,2277459
2022-08-25,39694.16611101869,39974.35894704096,39273.87318790696,39787.5625,1902945
2022-08-26,39927.66223752576,39927.66223752576,38900.28352792524,38993.68359375,1499869
2022-08-29,38526.69387730268,39227.1796875,37686.1116388816,39227.1796875,3024276
2022-08-30,39460.673742453044,40067.76317579834,39087.080809483436,39367.27734375,1386830
2022-08-31,39087.080582596886,40581.45230580104,38900.28411719637,40207.859375,3635528
2022-09-01,40207.859375,40207.859375,40207.859375,40207.859375,0
2022-09-02,40207.859375,40207.859375,40207.859375,40207.859375,0
2022-09-05,40254.560040422,40768.2494578874,40021.06718553352,40394.66015625,1451194
2022-09-06,40394.65396916295,41235.2361899869,40301.25390625,40301.25390625,2335587
2022-09-07,40301.25558037331,40301.25558037331,38760.1875,38760.1875,2529683
2022-09-08,38853.58696284627,39133.779820711985,37966.3046875,37966.3046875,2308836
2022-09-09,38293.19716962835,39740.86514526627,38059.70067784481,39647.46875,1708245
2022-09-12,39927.66365671035,40394.65666427562,39600.77075286193,39740.8671875,1450590
2022-09-13,39974.363687059384,40161.16015625,39367.27791399895,40161.16015625,1391054
2022-09-14,39320.58132262207,40114.46363439112,39320.58132262207,39974.3671875,1500271
2022-09-15,40161.16015625,40441.353025496544,39974.363687059384,40161.16015625,1398697
2022-09-16,40254.55764419474,40254.55764419474,39273.87890625,39273.87890625,1729566
2022-09-19,38806.88982608555,39460.67565594583,38199.80403238069,38433.296875,1966906
2022-09-20,38946.98785377953,39180.484375,38433.29844235772,39180.484375,1336747
2022-09-21,38993.68870821626,39180.48519528762,38806.89222114489,39133.78515625,760091
2022-09-22,39040.387271557775,39460.6765997724,38666.79431153656,39413.9765625,908932
2022-09-23,39600.76851944751,39600.76851944751,38853.58635382464,39040.3828125,599987
2022-09-26,38246.498849135234,38479.99535136864,36331.84147332047,36658.734375,2489859
2022-09-27,36658.73866641191,37265.824506576326,36471.942176573815,36845.53515625,1115699
2022-09-28,36845.5334886047,36892.22985714134,34557.27934346485,35070.96875,1216267
2022-09-29,36425.23727734203,36425.23727734203,35024.265625,35024.265625,1167995
2022-09-30,34463.881864526644,35958.25,34417.181828364664,35958.25,1149289
2022-10-03,35911.54815386868,35911.54815386868,34183.68359375,34183.68359375,744604
2022-10-04,34977.57472004726,35117.67117333265,33669.99926153199,34323.78515625,938096
2022-10-05,35024.26698813666,36191.7421875,34790.77414971129,36191.7421875,1128773
2022-10-06,36145.048736794175,36191.74510679858,34603.98046875,34603.98046875,648059
2022-10-07,33763.39934310843,34603.98173190004,33389.80635496121,34323.78515625,1368326
2022-10-10,33623.2958807608,36285.13894553719,33623.2958807608,35537.953125,832299
2022-10-11,35491.258621833134,35864.84788258948,34277.08343440862,35024.265625,646249
2022-10-12,35024.263406409955,35958.245671835015,34557.27410823665,35771.44921875,816611
2022-10-13,35958.25191794432,36051.64832617098,35257.766014467605,35444.5625,747018
2022-10-14,35537.95821065269,36191.74406264338,35537.95821065269,36098.34765625,610044
2022-10-17,36098.34513421463,37452.61678131511,35724.752196584406,37265.8203125,1007086
2022-10-18,37779.51091858408,37779.51091858408,37172.425126912865,37405.91796875,600390
2022-10-19,37452.61514578963,37546.01154157926,36892.22576381605,37359.21875,448130
2022-10-20,37312.519707317355,38293.19839997564,36845.53037782465,37919.60546875,1589977
2022-10-21,37826.212891151794,38106.4057833328,35584.65874646656,36892.23046875,1441137
2022-10-24,36938.93445194602,36938.93445194602,35537.96250326937,35864.85546875,988984
2022-10-25,36238.44140479561,37359.2202126215,34790.77336436893,36658.734375,790664
2022-10-26,36238.4411715796,37079.0234375,35958.24830596571,37079.0234375,639209
2022-10-27,37125.72507414718,38013.00741233268,36612.03568562704,37826.2109375,1046911
2022-10-28,37826.20971894533,38293.19905644373,37265.8203125,37265.8203125,826868
2022-10-31,37359.22351449043,37872.91292954166,36892.23046875,36892.23046875,668373
2022-11-01,37125.72522049727,37312.5216960663,35958.25,35958.25,932264
2022-11-02,36051.647525454646,36892.22985714134,35024.26871238435,35070.96875,1570869
2022-11-03,35024.27073563907,35958.25319651064,34557.2813397429,35164.3671875,1261120
2022-11-04,35211.06448580553,35211.06448580553,32736.017578125,32736.017578125,4983338
2022-11-07,32689.311925364873,32736.011954018413,30634.55469354879,31988.826171875,2143101
2022-11-08,31381.744697102647,32595.919921875,31054.85179071149,32595.919921875,733139
2022-11-09,32876.11196824946,32876.11196824946,32222.326171875,32222.326171875,463818
2022-11-10,31568.541418478144,32128.92716583988,29980.773239769307,31755.337890625,1929293
2022-11-11,32175.628168323365,32362.42464608519,31054.852970831347,32315.724609375,1008293
2022-11-14,30914.757953999695,32315.726098136547,30774.659671954367,32035.533203125,700354
2022-11-15,31288.34466030773,32175.626979626908,29793.9765625,29793.9765625,945136
2022-11-16,27739.220440560002,31802.03352647979,27739.220440560002,31475.140625,1614315
2022-11-17,31708.640269251824,32222.3296894924,31428.447374240273,32035.533203125,1087741
2022-11-18,31755.336841475913,32269.02620563852,30821.354511599035,32222.326171875,862067
2022-11-21,32175.625500503724,32782.714920162995,32128.925467665635,32455.818359375,737966
2022-11-22,32315.723463968076,32922.81291244591,32082.23062685098,32689.31640625,1126762
2022-11-23,32689.32256853321,32922.81911874569,31988.83658697528,32782.72265625,335092
2022-11-24,32782.71639253834,32782.71639253834,32035.53050988496,32595.919921875,412127
2022-11-25,32689.31680781438,32969.50968342838,32455.82029875014,32876.11328125,619296
2022-11-28,33156.307090902905,34090.289484392015,32689.31772869782,33856.79296875,767936
2022-11-29,34557.279248879146,34557.279248879146,33156.30747687621,34043.58984375,732938
2022-11-30,33903.49153127932,34557.27734375,33810.091461452765,34557.27734375,735553
2022-12-01,34790.7734375,35024.266271145476,33716.6946616788,34790.7734375,807358
2022-12-02,34744.07371973683,36425.23828125,33996.88783947374,36425.23828125,1071651
2022-12-05,36471.93767231033,37359.219972192615,36425.23763834844,37079.0234375,726703
2022-12-06,37032.32405715467,37499.3170668585,35257.76309514801,36425.23828125,705986
2022-12-07,36425.23975691045,36658.73627122178,35491.261037822995,36145.046875,893042
2022-12-08,36471.9397935885,36658.73627122178,35864.850324010615,36145.046875,641622
2022-12-09,36145.04359026321,37826.20806710535,35491.2578125,37359.21875,1989634
2022-12-12,37405.91511335551,37499.31517822375,36658.73293980268,37359.21875,582891
2022-12-13,37359.22351449043,37359.22351449043,35958.25171542727,36892.23046875,792072
2022-12-14,37125.72603681504,37125.72603681504,36145.0472703237,36331.84375,911949
2022-12-15,36378.53742925204,36378.53742925204,35678.05159951089,36051.64453125,839741
2022-12-16,35491.26233876591,36892.23046875,35491.26233876591,36892.23046875,1209630
2022-12-19,36752.13143498413,36752.13143498413,36004.94921875,36004.94921875,484133
2022-12-20,35584.65543418605,35911.548334329156,34090.28736652058,35211.0625,706992
2022-12-21,35070.97113254444,35070.97113254444,33623.30288982303,34323.78515625,499017
2022-12-22,34277.08878454104,34463.885278614645,33623.30288982303,34323.78515625,330063
2022-12-23,34277.08528306919,35491.26053597762,33623.299455136694,34510.578125,669983
2022-12-26,34510.578696173354,34510.578696173354,32595.921216704723,32829.4140625,1094178
2022-12-27,32736.01840731312,33623.30078125,32315.725404734956,33623.30078125,316185
2022-12-28,33623.29850690139,33669.994872523304,33156.305498052,33529.8984375,1760339
2022-12-29,33483.1984027993,33623.29850690139,33156.305498052,33529.8984375,994213
2022-12-30,33249.7043513507,33903.49013693319,33249.7043513507,33389.80078125,636795
2023-01-02,33389.80078125,33389.80078125,33389.80078125,33389.80078125,0
2023-01-03,33296.407201735485,34463.88244178766,33296.407201735485,33856.79296875,554531
2023-01-04,34323.77715645884,34323.77715645884,33716.691444021606,34136.984375,428217
2023-01-05,33950.191164403026,34790.7734375,33950.191164403026,34790.7734375,791469
2023-01-06,34463.87827541412,34790.77115634716,34090.285363182506,34697.37109375,308139
2023-01-09,34744.07133988788,34930.867797158746,33856.78908512093,34277.08203125,464422
2023-01-10,34323.783003748555,34417.183079467715,33623.30078125,33623.30078125,848993
2023-01-11,33623.300122186934,34183.68588920145,33529.90004829855,33856.79296875,445113
2023-01-12,34090.289484392015,34090.289484392015,33483.200011354355,33856.79296875,255442
2023-01-13,33856.7913422473,33950.19141164869,33483.1984027993,33529.8984375,458589
2023-01-16,33669.99511919875,33716.69515424158,33109.609375,33109.609375,449739
2023-01-17,33109.60846798836,33203.00486643669,32222.326171875,32222.326171875,1415190
2023-01-18,32642.616619798344,32829.41309236193,31802.03432780161,32269.02734375,1157133
2023-01-19,32549.222731670085,32922.81570564798,32362.426244681137,32642.619140625,569415
2023-01-20,32642.619140625,32642.619140625,32642.619140625,32642.619140625,0
2023-01-23,32642.619140625,32642.619140625,32642.619140625,32642.619140625,0
2023-01-24,32642.619140625,32642.619140625,32642.619140625,32642.619140625,0
2023-01-25,32642.619140625,32642.619140625,32642.619140625,32642.619140625,0
2023-01-26,32642.619140625,32642.619140625,32642.619140625,32642.619140625,0
2023-01-27,33389.80360654492,34463.88244178766,33156.307090902905,33856.79296875,1287268
2023-01-30,33856.795755605606,35211.06758582983,33856.795755605606,34323.78515625,2226974
2023-01-31,34837.46875,35211.061675437355,34370.479427742626,34837.46875,961629
2023-02-01,35024.262928703894,35257.759409145045,33996.884285288266,34136.984375,881577
2023-02-02,34136.990347441206,34323.78316158041,33389.804414568236,33810.09375,644237
2023-02-03,33856.791174925434,34043.58764372628,32922.8125,32922.8125,2437362
2023-02-06,33156.30747687621,34043.58984375,33062.91107097954,34043.58984375,628347
2023-02-07,34697.37814439722,35211.06758582983,33996.892208891,34323.78515625,1470704
2023-02-08,34557.28169111182,34557.28169111182,33810.095714817384,34323.78515625,576857
2023-02-09,34463.88244178766,34463.88244178766,33856.79296875,33856.79296875,331471
2023-02-10,33903.49013693319,34090.28659982514,33389.80078125,33389.80078125,687481
2023-02-13,32689.31599672926,33436.50187193262,32269.02669373644,32922.8125,793480
2023-02-14,32969.51050379295,33203.00701866718,32736.017657997676,32829.4140625,250212
2023-02-15,32922.8125,33156.30533419198,32736.01603119916,32922.8125,349976
2023-02-16,33109.608323019645,33249.70475461809,32969.508222342505,33156.3046875,325638
2023-02-17,33062.906668997675,33389.79954973211,33016.20663772747,33249.703125,417356
2023-02-20,33343.10395774853,34043.58984375,33343.10395774853,34043.58984375,630962
2023-02-21,34043.58984375,34417.18280549465,33856.793362877674,34043.58984375,666764
2023-02-22,33856.79093072755,33856.79093072755,33343.1015625,33343.1015625,506660
2023-02-23,33156.305749563006,33249.70581967289,32502.519935109038,32689.31640625,952981
2023-02-24,32782.716476359885,32969.50927842204,32455.819900054095,32689.31640625,492581
2023-02-27,32502.51547982902,32502.51547982902,31568.536921228057,31988.826171875,717451
2023-02-28,37306.0559414393,37415.298560706404,36759.846576832235,37032.953125,191516
2023-03-01,36377.496721492236,37142.1875,36268.25411549741,37142.1875,375161
2023-03-02,37142.18991664072,37579.16036905133,37142.18991664072,37524.5390625,188193
2023-03-03,37524.538906481066,37688.399093725486,36650.60546875,36650.60546875,279491
2023-03-06,37360.675204524465,37360.675204524465,36595.984375,36595.984375,232093
2023-03-07,37142.18894273645,37142.18894273645,36595.98335500175,36814.46484375,148665
2023-03-08,36377.496721492236,37251.43010599483,36377.496721492236,37142.1875,233667
2023-03-09,37142.1875,37360.67271198965,37032.94862573319,37142.1875,450544
2023-03-10,37032.948209692855,37306.05098988378,36978.32690730908,37251.4296875,499516
2023-03-13,37032.94738488992,37906.880740110086,37032.94738488992,37469.9140625,431479
2023-03-14,37469.919042131216,37469.919042131216,36923.70968959718,37196.8125,282464
2023-03-15,37524.53885000798,37579.16015625,37087.572131800065,37579.16015625,217926
2023-03-16,37360.67271198965,37469.91531798448,36595.9819334819,37142.1875,497942
2023-03-17,37415.29401498707,37415.29401498707,36923.70601973836,37142.1875,165106
2023-03-20,36978.33043801207,37087.57305321015,36432.12109375,36432.12109375,262525
2023-03-21,37087.57240304523,37087.57240304523,35612.80831890954,36595.984375,368515
2023-03-22,36650.6056816415,36869.08717647923,36541.3630683585,36595.984375,123130
2023-03-23,36159.017443560246,36650.60546875,36159.017443560246,36650.60546875,286487
2023-03-24,36650.60056690224,36869.08203125,36541.35796886448,36869.08203125,263225
2023-03-27,36869.084716740945,37142.1875,36595.9819334819,37142.1875,198687
2023-03-28,37306.051408992236,37469.91531798448,36595.9819334819,37142.1875,352949
2023-03-29,37032.94654961158,37032.94654961158,36486.73728198675,36705.21875,283164
2023-03-30,36705.22634501255,37087.575523674735,36595.987454266215,36759.84765625,153212
2023-03-31,36869.08572675625,36923.70703125,36595.98293601565,36923.70703125,132399
2023-04-03,37032.95230644966,37306.05511685248,37032.95230644966,37196.8125,359420
2023-04-04,37251.43371825241,38234.609804088046,37251.43371825241,38125.3671875,737730
2023-04-05,38234.609161374145,38890.06111815605,37142.19047731375,38289.23046875,540442
2023-04-06,38671.57781295011,38671.57781295011,37852.265625,37852.265625,496542
2023-04-07,37852.26150834658,38125.3642973856,37688.39759588631,37906.8828125,322516
2023-04-10,37961.506568323166,38234.609375,37415.29722324117,38234.609375,487972
2023-04-11,37961.50556821589,38234.60836769775,37579.16015625,37579.16015625,341231
2023-04-12,37961.50699434632,38835.440463593906,37852.26437775827,38125.3671875,901612
2023-04-13,38125.365148757126,38234.60775950345,37524.53825310869,37688.3984375,353998
2023-04-14,37961.50331323319,37961.50331323319,37142.1875,37142.1875,419411
2023-04-17,37142.19201253864,37142.19201253864,36869.08919609934,37032.953125,223522
2023-04-18,37032.94862573319,37469.91531798448,36923.70601973836,37142.1875,338082
2023-04-19,37469.91634445933,37469.91634445933,36814.46442226251,36923.70703125,295407
2023-04-20,36869.08572675625,37087.57094473123,36705.22181327502,36923.70703125,134148
2023-04-21,36814.46651521495,37087.57305321015,36322.87847855192,36432.12109375,379884
2023-04-24,36595.98382431543,36595.98382431543,35776.66796875,35776.66796875,426232
2023-04-25,35831.290520838,36869.087904049746,35503.56640625,35503.56640625,516831
2023-04-26,35776.667367670154,35995.15258727771,35011.9765625,35011.9765625,738605
2023-04-27,35011.975931995235,35776.66672339464,35011.975931995235,35175.83984375,274768
2023-04-28,36049.776096767375,36869.08825694363,35885.91217204077,36322.87890625,1896447
2023-05-01,36322.87890625,36322.87890625,36322.87890625,36322.87890625,0
2023-05-02,36322.87890625,36322.87890625,36322.87890625,36322.87890625,0
2023-05-03,36322.87890625,36322.87890625,36322.87890625,36322.87890625,0
2023-05-04,36759.84499216621,37087.57283583964,36486.7421875,36486.7421875,506162
2023-05-05,36486.73971473473,36595.98232188899,36104.39432142287,36159.015625,402621
2023-05-08,36268.25695838438,36705.22368488731,36268.25695838438,36486.7421875,541842
2023-05-09,36759.84564045923,36759.84564045923,36268.257598007796,36322.87890625,417137
2023-05-10,36159.01892709793,36486.74304676094,36159.01892709793,36268.2578125,380408
2023-05-11,36595.985447461004,36595.985447461004,36268.257598007796,36322.87890625,481851
2023-05-12,36322.876015100206,36432.11862288936,36049.77322735543,36104.39453125,751373
2023-05-15,36159.017443560246,37360.6749875084,36159.017443560246,36650.60546875,1302484
2023-05-16,37032.94592830663,37306.04869167327,36759.83943321225,36869.08203125,604281
2023-05-17,36869.08782281399,37142.190629080855,36377.499786150955,36432.12109375,566678
2023-05-18,36595.98501654712,36595.98501654712,36322.87847855192,36432.12109375,637512
2023-05-19,37123.077587001244,37123.077587001244,36494.93440074814,36871.8203125,500367
2023-05-22,37374.32571116206,38065.28125,37060.25602943423,38065.28125,1133812
2023-05-23,38630.61448616468,39447.19504582782,38379.35720700903,39321.56640625,1602089
2023-05-24,39321.56640625,39321.56640625,39321.56640625,39321.56640625,0
2023-05-25,38819.057552601036,38819.057552601036,38253.73051163296,38316.54296875,779904
2023-05-26,38504.984645590615,39195.93654412468,38379.35600993123,38630.61328125,886213
2023-05-29,38630.61328125,39070.30790846529,38316.53982623735,38630.61328125,752833
2023-05-30,38630.612785685844,38819.05387089336,38316.53933470222,38442.16796875,724544
2023-05-31,38442.168461896734,39384.38136347794,38190.914922306336,38630.61328125,893818
2023-06-01,38819.054096077176,38819.054096077176,38316.539556971016,38504.984375,708727
2023-06-02,38504.984423396956,38819.05414486889,38316.53960513111,38567.796875,1088186
2023-06-05,38881.867987958845,39635.636092812674,38442.16961581674,39258.75390625,2026870
2023-06-06,39070.30584771493,39886.89007056629,39070.30584771493,39635.6328125,1294112
2023-06-07,39635.6328125,40012.51869959944,39133.12202809559,39635.6328125,1862615
2023-06-08,39384.3819593461,39447.19441226194,38944.68359375,38944.68359375,1631898
2023-06-09,38944.67945922544,39070.30435172025,38442.16496233404,38881.86328125,1475248
2023-06-12,39007.4921875,39510.00295629656,38693.42249053615,39007.4921875,1278599
2023-06-13,39133.125577296494,40200.96342333412,39070.30939121868,39447.1953125,2291350
2023-06-14,39698.44804503728,39698.44804503728,39070.30491486914,39133.12109375,1020811
2023-06-15,39195.936865843214,39195.936865843214,38567.79741411892,38819.0546875,1394490
2023-06-16,38881.86776905647,39510.00723094353,38819.05531555915,39195.9375,2058656
2023-06-19,39258.75093084207,40515.02976647599,39258.75093084207,39761.26171875,2796280
2023-06-20,40012.51533722619,40012.51533722619,39572.817038423455,39886.88671875,767737
2023-06-21,40075.33142765848,40075.33142765848,39510.00445893194,39761.26171875,1326355
2023-06-22,39761.26171875,39761.26171875,39761.26171875,39761.26171875,0
2023-06-23,39698.44871434161,40138.147047008446,39510.00390625,39510.00390625,1291374
2023-06-26,39447.19499953133,39886.89337167345,39195.93772067057,39258.75390625,1322857
2023-06-27,39447.1953125,39761.265047703506,39258.754217723596,39447.1953125,1266280
2023-06-28,39572.819149014475,40954.7265625,39572.819149014475,40954.7265625,3656791
2023-06-29,41268.79843576881,41268.79843576881,40075.33203125,40075.33203125,1107501
2023-06-30,40075.32991799247,41205.98381285303,40075.32991799247,40954.7265625,2759171
2023-07-03,41017.53900922423,41394.42488475377,40954.7265625,40954.7265625,1262782
2023-07-04,40954.73073701815,41080.359375,40515.032369945904,41080.359375,1229475
2023-07-05,41143.172095985894,42273.826113455114,40829.10236485077,41205.98828125,2296977
2023-07-06,41394.4248308233,41582.86590247853,40766.28543748716,40891.9140625,1799651
2023-07-07,40829.09793732349,40954.7265625,40452.21579352201,40954.7265625,1458519
2023-07-10,41394.425502049955,41645.682756149865,40954.72717323917,41268.796875,2263062
2023-07-11,41520.054409147306,41520.054409147306,40891.91500138892,41394.42578125,1026742
2023-07-12,41708.49429470364,41708.49429470364,40829.09765625,40829.09765625,1223239
2023-07-13,41080.356128814274,41771.307985522486,40954.72750075965,41457.23828125,1497605
2023-07-14,41520.054461141386,41582.86690930463,41017.53994892289,41457.23828125,1039822
2023-07-17,41457.23738532487,41457.23738532487,41017.5390625,41017.5390625,1078148
2023-07-18,40891.91416888838,41205.983866373565,40829.0979903545,41017.5390625,1011077
2023-07-19,40954.72628056167,41205.983529185,40703.46903193833,40829.09765625,773669
2023-07-20,40829.10101931925,41017.54210544452,40326.59021240909,40577.84375,1313883
2023-07-21,40452.2199168192,41268.80046610855,40389.403731964056,41080.359375,1355251
2023-07-24,41457.24073750886,41457.24073750886,40703.47265625,40703.47265625,1121645
2023-07-25,40766.28554354869,41268.79631317937,40766.28554354869,41017.5390625,1120884
2023-07-26,41143.17087388914,42650.70703125,40954.729787151125,42650.70703125,3717170
2023-07-27,42336.63639516856,42713.52229223397,41896.938047789736,42148.1953125,1265215
2023-07-28,42022.56396382398,43027.58922597237,41771.306715354876,42713.51953125,1951130
2023-07-31,42399.4486196005,42713.52206467926,41771.3091928995,42085.37890625,1731972
2023-08-01,42211.005693836036,42273.8218727988,41143.16796875,41143.16796875,1923146
2023-08-02,41143.16729696043,41520.0531693989,40766.28515625,40766.28515625,1919952
2023-08-03,40829.09760245906,41331.60836731565,40577.84035416675,40766.28515625,1310081
2023-08-04,40703.47173640705,40829.10036906589,40200.9609375,40200.9609375,3100912
2023-08-07,40389.39928381153,40766.28515625,40389.39928381153,40766.28515625,984614
2023-08-08,41080.35485075137,41080.35485075137,40703.46897831291,40766.28515625,1137310
2023-08-09,40703.47201255514,40766.288195174864,40326.58984375,40326.58984375,1274036
2023-08-10,40326.588123371905,40515.029199735356,39510.00390625,39510.00390625,2316748
2023-08-11,39510.004408264016,39949.70274651765,39321.56332950622,39698.44921875,1323313
2023-08-14,40012.51533722619,40389.3974609269,39698.44565689965,39886.88671875,620212
2023-08-15,40075.33142765848,40075.33142765848,39572.82063975056,39761.26171875,911916
2023-08-16,39824.07389018563,39886.89007056629,39635.6328125,39635.6328125,555119
2023-08-17,39635.63243016446,39824.07350603234,39384.37890625,39384.37890625,1026438
2023-08-18,39384.379961326464,39572.821042242525,38002.46875,38002.46875,2651189
2023-08-21,37814.03211662765,38442.17161471276,37688.40347066489,38316.54296875,1248486
2023-08-22,38190.914383782285,38504.984102637914,37625.58739715082,38379.35546875,1138983
2023-08-23,38567.796553717715,38693.42518760563,38190.914383782285,38379.35546875,464931
2023-08-24,38190.914922306336,38630.61328125,38190.914922306336,38630.61328125,678614
2023-08-25,38630.61328125,38630.61328125,38316.53982623735,38630.61328125,635117
2023-08-28,38944.68089987749,39572.8203125,38756.2360907082,39572.8203125,817774
2023-08-29,39698.45259335421,39761.265047703506,39070.30939121868,39447.1953125,649565
2023-08-30,39195.93442588959,39572.8203125,39070.30579701946,39572.8203125,728651
2023-08-31,39572.82395292711,39824.0775020528,39321.56667207289,39447.1953125,1198145
2023-09-01,39447.1953125,39447.1953125,39447.1953125,39447.1953125,0
2023-09-04,39447.1953125,39447.1953125,39447.1953125,39447.1953125,0
2023-09-05,39886.89094941236,40075.33203125,39635.633685810004,40075.33203125,941117
2023-09-06,40075.33235414406,40577.84315366933,39949.70372133067,40263.7734375,981724
2023-09-07,40326.58901781438,40452.217648752514,39886.89067539505,39949.703125,1287572
2023-09-08,40138.14848703472,40389.40202062411,39886.89122171705,40200.9609375,1429014
2023-09-11,40452.217648752514,40452.217648752514,39886.89067539505,39949.703125,1603002
2023-09-12,39761.26176957929,40012.51902971855,39572.820690338944,39824.07421875,1212289
2023-09-13,40138.147659788185,40138.147659788185,39761.26176957929,39824.07421875,1319815
2023-09-14,39886.88979070506,40012.51841885676,39447.19145803823,39510.00390625,957086
2023-09-15,39572.8203125,39949.70246738224,39510.00413220085,39572.8203125,510709
2023-09-18,39886.89337167345,39886.89337167345,39195.93772067057,39258.75390625,1050468
2023-09-19,39384.3759765731,40138.143955702384,39070.30256451869,39886.88671875,949482
2023-09-20,39886.891540822726,40389.40234375,39824.07535812662,40389.40234375,1452131
2023-09-21,40452.21612225626,41457.23766837954,40452.21612225626,41143.16796875,2325417
2023-09-22,40829.09575972964,40891.91193483167,39761.25810027381,39886.88671875,1547794
2023-09-25,39886.89250177699,40389.40331681074,38819.0546875,38819.0546875,1592508
2023-09-26,38819.05083500259,39258.74915391854,38756.23465702715,38881.86328125,1188563
2023-09-27,39133.12175352308,39572.82008618992,38819.052049007936,39510.00390625,606068
2023-09-28,39572.817038423455,39886.88671875,39070.30256451869,39886.88671875,853515
2023-09-29,39886.89029750779,40263.77245502337,39635.63303801194,39698.44921875,509036
2023-10-02,39949.69916212416,40326.58501755274,39761.25810027381,39886.88671875,546298
2023-10-03,39447.19441226194,39886.89277785804,38819.05495618991,38944.68359375,1041799
2023-10-04,38819.05584209299,39886.893688130614,38756.239656015176,39447.1953125,935490
2023-10-05,39886.89277785804,39886.89277785804,38944.68359375,38944.68359375,472535
2023-10-06,39321.561938105064,39321.561938105064,38756.2349901077,39070.3046875,604851
2023-10-09,38944.67945922544,39070.30435172025,38756.23465702715,38881.86328125,687283
2023-10-10,39321.56640625,39761.26477890815,39070.30912709435,39321.56640625,794809
2023-10-11,39572.82368540565,39572.82368540565,39007.49667316968,39321.56640625,408811
2023-10-12,39510.00390625,39949.702238916834,39447.19145803823,39510.00390625,707967
2023-10-13,39070.30939121868,39447.1953125,39070.30939121868,39447.1953125,452460
2023-10-16,39447.190563407596,39698.44781401266,38944.679793925534,39070.3046875,491850
2023-10-17,39133.124140739514,39447.19386441368,38693.42578125,38693.42578125,492459
2023-10-18,38693.42032053613,38756.23276371504,36746.18606952797,37939.65234375,1015792
2023-10-19,37939.65531116826,38065.28393907986,37374.32835143013,37437.14453125,382804
2023-10-20,37374.32542822844,38002.464786928904,37060.255748878204,37939.65234375,302958
2023-10-23,38190.907983444864,38190.907983444864,37060.25419966593,37185.8828125,318471
2023-10-24,37060.2586475152,37499.956979341725,37060.2586475152,37437.14453125,263415
2023-10-25,37562.76858109605,37625.58475950059,37060.2578125,37060.2578125,408963
2023-10-26,36494.93108574116,37311.51528783178,35175.83984375,35175.83984375,1214722
2023-10-27,35301.47120675174,35489.91229425758,33605.49022401404,34547.703125,939444
2023-10-30,34422.0700255384,34798.95215167571,34296.44140625,34296.44140625,345542
2023-10-31,34359.2552910301,34547.70009372987,32788.90681338567,33040.1640625,594814
2023-11-01,33291.41893912141,33479.86001778688,31846.69902704855,32726.095703125,731692
2023-11-02,33291.4161836707,34484.882469318654,33040.16267682179,34296.44140625,677093
2023-11-03,34673.32539156421,34673.32539156421,33291.41796875,33291.41796875,1351601
2023-11-06,33731.11921515624,34798.95703125,33731.11921515624,34798.95703125,618691
2023-11-07,34798.956760928384,35175.842668713536,34422.07458487161,34673.328125,603026
2023-11-08,34673.32652916124,36118.050178251724,34484.88544980585,35803.98046875,792071
2023-11-09,35803.98046875,36432.11988775344,35489.91075924828,35803.98046875,493371
2023-11-10,36118.046818365925,36871.814797396335,35615.53607625494,36055.234375,605764
2023-11-13,36055.238056507784,36432.12021864153,35803.98079393313,35992.421875,378849
2023-11-14,36055.23887427242,36432.12104495418,35678.35297186233,36369.30859375,554054
2023-11-15,36934.63222264829,36997.448406214964,36369.30896091839,36620.5625,417784
2023-11-16,36494.93349615837,36620.56213029507,36180.863776680795,36369.30859375,232085
2023-11-17,36369.308642461685,36934.6318992415,36180.86382514008,36432.12109375,743251
2023-11-20,35866.78997764782,36494.929345157245,35803.97753358804,36306.48828125,684545
2023-11-21,36432.12077142609,36557.74940461958,35929.60997038042,36243.6796875,309802
2023-11-22,36620.56157849663,36620.56157849663,36118.05078125,36118.05078125,305695
2023-11-23,36683.37776048263,36683.37776048263,36118.05078125,36118.05078125,289270
2023-11-24,36055.237780100455,36118.05022939846,35615.53943982975,35866.79296875,454893
2023-11-27,35866.79269185437,35992.42132120873,35678.35161368691,35741.1640625,251096
2023-11-28,36118.05045580348,36118.05045580348,35678.352112776534,35929.609375,222351
2023-11-29,35929.60586902186,36306.48799385301,35929.60586902186,36180.859375,273909
2023-11-30,36180.862678696474,36369.30749004693,35866.79296875,35866.79296875,207599
2023-12-01,35992.421875,36243.679137574654,35741.16461242534,35992.421875,189196
2023-12-04,36055.238922563454,36557.74972805496,35992.422739546804,36432.12109375,945984
2023-12-05,36746.18844564142,37688.39754461805,36746.18844564142,37248.69921875,887278
2023-12-06,37248.698600697644,37311.51477862399,36809.004013853366,36934.62890625,337938
2023-12-07,36934.6318992415,37311.517802156384,36180.86382514008,36432.12109375,674355
2023-12-08,36432.114867223274,37185.8828125,36180.857641555136,37185.8828125,819751
2023-12-11,37185.890039762344,37562.77221978578,36871.8203125,36871.8203125,360447
2023-12-12,36871.81674074249,37123.073990904544,36620.55949058043,37060.2578125,436491
2023-12-13,37185.888838858744,37185.888838858744,36118.05105430651,36243.6796875,893970
2023-12-14,36494.93238864295,36683.3771999934,35866.79296875,35866.79296875,422955
2023-12-15,35929.61270981567,36432.12354917503,35489.91432597802,35615.54296875,780665
2023-12-18,35929.60882084826,35929.60882084826,35175.84077753167,35678.3515625,756026
2023-12-19,35364.28125,35803.97957871782,35175.840175328965,35364.28125,438468
2023-12-20,35427.09369764764,35678.350951694425,35113.02399595321,35364.28125,620821
2023-12-21,35175.84432376599,35552.72651755538,34861.774585031984,35489.9140625,811538
2023-12-22,35615.537883389494,35615.537883389494,35050.2109375,35050.2109375,582799
2023-12-25,35050.21127057215,35489.90959580586,34987.39509169414,35238.65234375,730324
2023-12-26,35364.28063372126,35427.093080274295,35050.2109375,35050.2109375,946592
2023-12-27,35113.024047841456,35489.90992946858,35113.024047841456,35427.09375,801653
2023-12-28,35615.538556677624,35678.35100441808,35364.28130225954,35427.09375,527439
2023-12-29,35803.98019167413,36118.04989874536,35427.094304151746,35678.3515625,1083167
2024-01-01,35678.3515625,35678.3515625,35678.3515625,35678.3515625,0
2024-01-02,36118.05078125,36620.56157849663,35866.79351676255,36118.05078125,1184609
2024-01-03,36118.046931437435,36306.48799385301,35866.78969373142,36180.859375,571088
2024-01-04,36369.30832069349,36934.63157247176,36118.05105430651,36243.6796875,1366202
2024-01-05,36243.67543682564,36306.48788019156,35992.41819990621,36055.234375,843781
2024-01-08,36055.23745002239,36306.49097664247,35678.3515625,35678.3515625,1399205
2024-01-09,35427.09341692785,35615.53822183378,35175.839896600075,35238.65234375,1653495
2024-01-10,35364.28063372126,35427.093080274295,34924.58231266588,35050.2109375,1039974
2024-01-11,35050.2109375,35238.65200888715,34924.58231266588,35050.2109375,653824
2024-01-12,34987.397800535175,35050.21398427663,34547.703172986934,34610.515625,1204685
2024-01-15,34610.5156729,35050.21403278515,34610.5156729,34673.328125,293680
2024-01-16,34736.14096138128,35113.02310111873,34484.88371373763,34924.58203125,472840
2024-01-17,34924.58264454422,35427.09341692785,34736.14157136637,35238.65234375,531393
2024-01-18,35301.47189846836,35364.28435162496,34924.585984343394,34987.3984375,450939
2024-01-19,34987.395039127194,35427.093363700274,34861.7701450161,35175.83984375,438012
2024-01-22,35489.90959580586,35489.90959580586,35113.02371772207,35238.65234375,331702
2024-01-23,35238.65327681072,36055.23750175,35175.84082799763,35741.1640625,752681
2024-01-24,35741.16401122298,35803.98019167413,35364.281855428766,35678.3515625,352690
2024-01-25,35678.3515625,35678.3515625,35678.3515625,35678.3515625,0
2024-01-26,35238.6525707174,35489.90982439157,35175.84012316292,35301.46875,632075
2024-01-29,35301.4729656053,35678.35515939469,35238.65677882137,35489.9140625,514055
2024-01-30,35364.28130225954,35552.722377209044,35175.84022731004,35427.09375,1079821
2024-01-31,35615.53816832308,35678.35061537863,34987.395039127194,35175.83984375,900510
2024-02-01,35175.84294196284,35427.09648404299,34736.14457866207,34798.95703125,1347495
2024-02-02,34798.95703125,34798.95703125,34798.95703125,34798.95703125,0
2024-02-05,34736.144799795955,35301.47180359994,34673.32861507972,34861.7734375,904160
2024-02-06,34861.770421934256,35552.72227194606,34861.770421934256,35301.46875,928190
2024-02-07,35489.9140625,35615.542704339314,35364.285420660686,35489.9140625,491850
2024-02-08,35489.9140625,35489.9140625,35489.9140625,35489.9140625,0
2024-02-09,35489.9140625,35489.9140625,35489.9140625,35489.9140625,0
2024-02-12,35489.9140625,35489.9140625,35489.9140625,35489.9140625,0
2024-02-13,35489.9140625,35489.9140625,35489.9140625,35489.9140625,0
2024-02-14,35489.9140625,35489.9140625,35489.9140625,35489.9140625,0
2024-02-15,35552.72469665015,37060.260858053276,35552.72469665015,36620.5625,1961776
2024-02-16,36620.56303799876,37562.77221978578,36620.56303799876,36871.8203125,1354035
2024-02-19,37060.25419966593,37248.695253053185,36683.37209289141,37185.8828125,1653343
2024-02-20,37248.698600697644,37248.698600697644,36746.18783592702,36934.62890625,951307
2024-02-21,36934.62684932971,37939.652054628306,36746.18578950116,37814.0234375,1632963
2024-02-22,37876.842863076534,37876.842863076534,37374.32835143013,37437.14453125,708119
2024-02-23,37499.95949250736,37688.400581139605,36746.19140625,36746.19140625,1596766
2024-02-26,36997.44813164057,36997.44813164057,36432.12114237785,36494.93359375,1276622
2024-02-27,36934.62941410784,37248.699112874,36620.559715341675,37123.07421875,994956
2024-02-28,37374.330176936295,38504.984151638055,37185.88909172878,38442.16796875,2379104
2024-02-29,38442.16796875,39070.30740726061,38316.53933470222,38442.16796875,1490153
2024-03-01,38442.1655164291,39510.003240122795,38442.1655164291,39133.12109375,1852273
2024-03-04,39133.1208660153,39698.44781401266,38819.051168623,39070.3046875,2133939
2024-03-05,39133.12230093304,39824.074167840416,38881.86504111497,39761.26171875,1716915
2024-03-06,39635.635869666636,39698.45205489242,39070.30886127689,39195.9375,1150389
2024-03-07,39133.12197731861,39635.632761070985,39070.30579701946,39572.8203125,1684216
2024-03-08,39572.82036384752,40577.84193265632,39447.19173481437,39635.6328125,2569366
2024-03-11,39572.82304982203,39572.82304982203,38567.79768106972,38944.68359375,1606196
2024-03-12,38944.68359375,39510.00686517777,38693.42631862982,38944.68359375,1551292
2024-03-13,39321.563702037594,40326.58901781438,39133.12262149452,39949.703125,2235077
2024-03-14,40326.589892782205,40703.47206204559,40012.52017448662,40389.40234375,1910371
2024-03-15,40515.03065328294,40515.03065328294,39572.8215059341,40200.9609375,1229475
2024-03-18,40200.957945457536,40200.957945457536,38065.2825443944,38756.234375,2363135
2024-03-19,39195.936865843214,39195.936865843214,38442.16877742838,38819.0546875,1377152
2024-03-20,38881.863562368846,39133.120812631154,38379.352793572296,39007.4921875,1250767
2024-03-21,39510.00390625,39635.63253440169,39007.493125371395,39510.00390625,1471294
2024-03-22,40138.1485364149,40766.28796875356,39698.45018743217,40263.7734375,2553701
2024-03-25,40263.768842450714,40954.72437820583,39698.44565689965,39886.88671875,1546425
2024-03-26,39886.89127078812,40515.03070312678,39761.26263797472,40263.7734375,1072368
2024-03-27,40515.030603283114,40515.030603283114,40012.519804996205,40138.1484375,972447
2024-03-28,40326.58952039156,40389.40197077931,40012.519804996205,40138.1484375,784467
2024-03-29,40138.14821301472,40577.84282672645,39949.70339944882,40075.33203125,1344301
2024-04-01,40075.33142765848,40326.58868747655,39321.563379932486,39761.26171875,1680262
2024-04-02,39886.89127078812,40263.7734375,39572.821554618786,40263.7734375,1501103
2024-04-03,40326.58530758537,40891.91222893018,39886.88700562028,40012.515625,1796457
2024-04-04,39886.88979070506,40012.51841885676,39447.19145803823,39510.00390625,1434185
2024-04-05,39447.19504582782,39761.26477890815,39321.56640625,39321.56640625,943094
2024-04-08,39195.93772067057,39384.38254568038,38819.055534107894,39258.75390625,1155408
2024-04-09,39384.382858150704,39572.82395292711,39258.754217723596,39447.1953125,739145
2024-04-10,39572.82368540565,39698.45232498348,39321.56640625,39321.56640625,851081
2024-04-11,38944.68067715963,39510.00390625,38944.68067715963,39510.00390625,1290614
2024-04-12,39892.97948265289,40148.29203344417,39573.83595015283,40084.46484375,975337
2024-04-15,39701.49119416818,40084.465716717496,38807.89155891579,38871.71875,2073713
2024-04-16,38999.37592088916,39127.03409178814,38105.77251661084,38552.57421875,1713265
2024-04-17,38807.89049523658,39063.20304459029,38297.2578125,38297.2578125,1027807
2024-04-18,38297.2578125,38297.2578125,38297.2578125,38297.2578125,0
2024-04-19,37722.801634685995,38297.2577132541,36829.1982342273,37020.68359375,2398115
2024-04-22,37212.16614286377,38041.94229148513,37148.33895851487,37595.140625,1337457
2024-04-23,37403.658170577786,37722.80170101497,37148.341829422214,37276.0,1240881
2024-04-24,37595.14271119278,38744.05863732743,37467.484543396815,38488.74609375,1649388
2024-04-25,38424.915983184146,38424.915983184146,37850.456111112784,38297.2578125,935186
2024-04-26,38169.5959907556,39446.17378347318,37850.452490579766,39318.515625,1867330
2024-04-29,39318.515625,39318.515625,39318.515625,39318.515625,0
2024-04-30,39318.515625,39318.515625,39318.515625,39318.515625,0
2024-05-01,39318.515625,39318.515625,39318.515625,39318.515625,0
2024-05-02,39063.20522917918,40978.0703125,38935.54705135582,40978.0703125,3748804
2024-05-03,40978.06750097216,42063.15625,40978.06750097216,42063.15625,5571421
2024-05-06,42318.47446741869,42318.47446741869,41552.52921103095,41680.18359375,2451954
2024-05-07,42063.155162430696,42063.155162430696,41361.03714673602,41488.6953125,2157665
2024-05-08,41871.671884902345,42509.95895334057,41297.21200650209,42382.30078125,5439713
2024-05-09,42956.75661316731,43084.410981218345,41999.3223086847,42126.98046875,2024132
2024-05-10,42318.469604855076,42446.12397290611,41488.69346043777,42126.98046875,1828852
2024-05-13,42509.96087379931,43403.5643267887,42063.159147304614,42765.2734375,2322224
2024-05-14,43212.07125798005,43212.07125798005,42382.29886493151,42509.95703125,900205
2024-05-15,42509.95703125,42892.92773819104,42382.29886493151,42509.95703125,1683000
2024-05-16,43020.5860416616,44041.84758345095,42573.78435412965,43786.53125,2641607
2024-05-17,43978.018588159684,44041.8495704094,43403.5625,43403.5625,2254240
2024-05-20,43658.87392787054,43786.53209706561,42829.10151612439,43084.4140625,1946720
2024-05-21,43895.04094726048,43968.4429731348,43087.607286599276,43454.625,1412165
2024-05-22,43381.21918211112,43895.04094726048,43234.415130362475,43454.625,882239
2024-05-23,43381.21935898182,45289.69858359718,43014.2054360993,45142.89453125,2938198
2024-05-24,45216.29407366126,45216.29407366126,43748.23467075811,44629.0703125,1871734
2024-05-27,44775.879181688964,45656.71484375,44408.861478486026,45656.71484375,1323558
2024-05-28,45876.924663354745,46610.95248502909,45509.90696050312,46464.1484375,1384922
2024-05-29,46610.95575809239,46610.95575809239,45363.1060984122,45509.91015625,996239
2024-05-30,45142.89621964078,45509.91015625,44849.28431195046,45509.91015625,1500640
2024-05-31,45803.5192118483,46097.13489327049,45142.893408684584,45730.1171875,967408
2024-06-03,45730.1171875,45730.1171875,45730.1171875,45730.1171875,0
2024-06-04,46243.9397010303,46317.34172658345,45730.11793812915,45876.92578125,610995
2024-06-05,45730.11825480109,46170.53799519891,45730.11825480109,45950.328125,899432
2024-06-06,45950.32991379284,46390.74967133568,45509.91015625,45509.91015625,746948
2024-06-07,45583.31597718362,45950.32991379284,45142.89621964078,45509.91015625,607159
2024-06-10,45583.31281991519,46464.148481976226,45509.90700406593,45656.71484375,851690
2024-06-11,46023.73194271175,46464.15170025459,45509.91015625,45509.91015625,807915
2024-06-12,45730.117451688195,46610.953125,45509.90758535661,46610.953125,1748212
2024-06-13,47638.59848887115,47638.59848887115,46757.7627813714,46977.97265625,1186679
2024-06-14,47051.37375586536,47124.775782038945,45142.89453125,45142.89453125,1608292
2024-06-17,45142.89484831087,45876.92649124596,45069.492821621745,45216.296875,1082201
2024-06-18,45289.69771902503,46831.16299133158,45216.29569425268,46610.953125,1189456
2024-06-19,46537.54796102275,46757.7578125,46023.72623824724,46757.7578125,888852
2024-06-20,46610.95312950067,48886.450025794016,46610.95312950067,48225.82421875,2113619
2024-06-21,49106.65949973049,49106.65949973049,47344.984375,47344.984375,1238918
2024-06-24,47418.391005578625,47858.80695031417,45509.90800767129,46684.359375,1512278
2024-06-25,46684.35719163273,48079.014570095605,46684.35719163273,47051.37109375,1011712
2024-06-26,47565.19646124983,47565.19646124983,46170.53897637157,46977.97265625,1286792
2024-06-27,46977.97265625,47638.59848887115,46390.74885125017,46977.97265625,1066464
2024-06-28,46610.95394358215,46684.35976165816,45950.328125,45950.328125,1531190
2024-07-01,45950.32731801977,46684.358941786864,45363.1035358119,46610.953125,1371035
2024-07-02,46831.16596864833,46831.16596864833,46243.94214910739,46390.75,1192101
2024-07-03,46537.552906492805,46977.97265625,46243.941003992884,46977.97265625,1334402
2024-07-04,46977.969363022465,48079.014868215825,46757.75950358091,47932.20703125,1948571
2024-07-05,48299.22834562377,48299.22834562377,46977.97288201713,47858.80859375,1103890
2024-07-08,48446.02917554009,49033.25673627306,48152.41729118082,48813.046875,2217171
2024-07-09,49180.05964011788,51382.15440968502,48299.22400749962,51015.13671875,2845887
2024-07-10,51675.76840831786,53070.42583187906,50721.52692313602,52262.9921875,3173603
2024-07-11,52336.395281197736,53804.4585511621,52116.18541150163,52483.203125,2255788
2024-07-12,52262.99186769498,52409.79591558496,51602.362276146705,52189.58984375,1504079
2024-07-15,52189.58905421032,53070.42470426802,51675.76731033973,52850.21484375,1617020
2024-07-16,52850.21753505131,54244.875,52483.20361017469,54244.875,1481464
2024-07-17,54318.27882744305,55566.128401489936,50648.12454515519,52997.0234375,2805022
2024-07-18,52997.02268143348,53290.63456478605,51088.5397516202,52850.21484375,2123406
2024-07-19,52850.216672692615,52850.216672692615,51602.36328125,51602.36328125,1227412
2024-07-22,51382.154756982854,51602.36082261507,50281.10546875,50281.10546875,2031227
2024-07-23,50207.70671415407,51382.1581006921,49987.49684217727,50134.3046875,1612524
2024-07-24,49914.09337854758,50648.125,48446.03013564272,50648.125,1501037
2024-07-25,50501.31846544849,51969.38174633434,50207.706567674235,51749.171875,1386244
2024-07-26,51749.173563808516,52483.2052282062,51675.771534973166,52116.1875,1390079
2024-07-29,52409.79730709159,52776.81502058996,51602.36364621556,52483.203125,752767
2024-07-30,52116.18579921417,52262.99364410859,50281.10859411415,51749.171875,2642355
2024-07-31,50648.12313941901,51088.5390625,49767.28370922833,51088.5390625,2697635
2024-08-01,50941.73694357552,50941.73694357552,48446.030186424156,49840.69140625,2111371
2024-08-02,48299.22663521398,51602.36328125,48299.22663521398,51602.36328125,2064819
2024-08-05,50501.31619619518,50501.31619619518,48005.61328125,48005.61328125,1520875
2024-08-06,48079.01589788406,49253.46345070531,47858.80603372646,48959.8515625,872850
2024-08-07,49180.062241713946,49326.870084256865,48299.2265625,48299.2265625,563914
2024-08-08,48299.22825629377,49400.273841927126,48225.82622845545,48666.2421875,642735
2024-08-09,49326.87034331393,49400.272368963626,48886.45060538668,49180.0625,719440
2024-08-12,49180.06133560328,51015.138477499786,49180.06133560328,50574.71875,1084714
2024-08-13,50501.31677207998,50648.12461205176,49180.0613803918,49767.28515625,960796
2024-08-14,50281.10729326654,51015.13891471897,49547.07946382861,50648.125,912789
2024-08-15,50648.127624475164,50721.52965281959,49473.67621089088,49547.08203125,759908
2024-08-16,49620.48070995689,51308.75,49620.48070995689,51308.75,1479613
2024-08-19,51308.75138773665,52336.394911040625,51088.54151959801,51602.36328125,1278328
2024-08-20,51602.361885572085,51675.76770097593,50868.334067649084,51308.75,974418
2024-08-21,51528.96061821637,51895.9745325627,51015.13886292281,51455.55859375,986849
2024-08-22,51822.57109876031,51822.57109876031,51088.539498015445,51161.9453125,798393
2024-08-23,51015.140546923234,51895.97624563935,51015.140546923234,51822.57421875,1171206
2024-08-26,52336.39393817672,52556.60380222196,50941.73652190953,51382.15625,894803
2024-08-27,51088.54349110219,51382.15918796068,50207.70777657075,50354.515625,915699
2024-08-28,50427.91765320728,50648.12752984381,50060.90372015619,50354.515625,701189
2024-08-29,50281.10729326654,50648.125,50207.70526872565,50648.125,434838
2024-08-30,50427.91765320728,50794.931586258375,50281.10980477803,50354.515625,452427
2024-09-02,50354.515625,50354.515625,50354.515625,50354.515625,0
2024-09-03,50354.515625,50354.515625,50354.515625,50354.515625,0
2024-09-04,49914.094132540566,49987.49615819026,49180.0625,49180.0625,1018721
2024-09-05,49253.46239588492,49547.078069816576,47785.402986298555,47932.20703125,1481332
2024-09-06,47712.00590254336,48372.63175723571,46831.16637360052,48152.421875,1232834
2024-09-09,48225.82171784391,49033.25532458924,48152.41590485666,48519.43359375,673549
2024-09-10,48666.24163332593,48813.04947934549,47638.59808723291,47712.00390625,866898
2024-09-11,47712.00422251099,48446.03208143043,47638.59840300732,47785.40625,651199
2024-09-12,48372.62826830889,48372.62826830889,47785.40448604432,48225.82421875,371754
2024-09-13,48225.82421875,48446.03029308833,48079.0163771766,48225.82421875,345172
2024-09-16,48299.22662372324,48299.22662372324,47491.79296875,47491.79296875,749196
2024-09-17,47711.99956233389,47711.99956233389,47051.37000341452,47638.59375,1102039
2024-09-18,47712.002776357374,48446.03061302839,47712.002776357374,48299.2265625,843226
2024-09-19,48446.02778076275,48813.04546965609,48299.22373881686,48519.43359375,630700
2024-09-20,48813.04719518231,49326.86894418499,48813.04719518231,48886.44921875,1118173
2024-09-23,49033.25737856218,49180.0614266576,48886.44953845229,48959.8515625,650670
2024-09-24,48959.85124231769,49180.06110503518,48739.64517161463,48886.44921875,606101
2024-09-25,49106.66227715406,49767.28811628328,48886.452400106085,49547.08203125,910541
2024-09-26,49840.69350381425,50060.903378949864,49473.67578125,49473.67578125,748931
2024-09-27,49547.07913092509,49914.09304317812,48886.44953845229,48959.8515625,638106
2024-09-30,48739.64517161463,49106.6590814675,48592.83733246482,48886.44921875,486944
2024-10-01,48959.8515625,49326.86926676749,48886.44953845229,48959.8515625,586661
2024-10-02,48739.64792015082,49767.287684092604,48739.64792015082,49473.67578125,890439
2024-10-03,49767.285643502095,49914.09348491122,48886.44997109088,49033.2578125,629510
2024-10-04,49180.063966397516,49180.063966397516,48666.2421875,48666.2421875,448988
2024-10-07,48813.04832337843,49400.272109521065,48299.2265625,48299.2265625,693519
2024-10-08,48519.43960939778,48666.24366954507,48005.61781485271,48152.421875,555846
2024-10-09,48152.421875,48152.421875,47932.21199276429,48152.421875,686509
2024-10-10,48152.417648631104,48372.62751153885,48005.6136013689,48079.015625,874966
2024-10-11,48225.827697088425,48519.43960939778,48005.61781485271,48152.421875,844680
2024-10-14,48813.04864476396,48886.45067051144,48225.82485475505,48372.62890625,545134
2024-10-15,48372.63037359784,48592.840249534725,47858.80859375,47858.80859375,493028
2024-10-16,47711.99956233389,48079.01345594624,47418.38768904115,47638.59375,559946
2024-10-17,47638.59375,47858.803602973116,47565.19172968038,47638.59375,444624
2024-10-18,47638.597338348576,48079.01707746917,47565.1953125,47565.1953125,380880
2024-10-21,47491.79080990222,47565.1928319228,46977.969071729414,47051.37109375,503475
2024-10-22,46977.96942291692,47051.37144548622,46243.93782118069,46317.33984375,847061
2024-10-23,46243.93857419192,46610.95248502909,46170.53655042737,46464.1484375,492895
2024-10-24,46464.14907545528,46610.953125,46243.9392091237,46610.953125,604118
2024-10-25,46904.56707457861,46904.56707457861,46243.9375,46243.9375,357868
2024-10-28,46390.746413735455,46610.95248502909,46170.53655042737,46464.1484375,377441
2024-10-29,46464.14913370505,47418.390625,46390.74710884067,47418.390625,742054
2024-10-30,47638.59808723291,47858.80796025493,47491.794033227976,47712.00390625,851028
2024-10-31,47491.79080990222,47565.1928319228,45950.32559538381,47051.37109375,517362
2024-11-01,46977.97348671633,46977.97348671633,45509.91015625,45509.91015625,4539878
2024-11-04,45730.11922661438,47051.37468387131,45509.909351735776,46977.97265625,1702983
2024-11-05,46464.149506624955,47565.19505648563,46464.149506624955,46684.359375,740203
2024-11-06,46831.164493358774,47271.58424014762,46537.552592837754,46904.5703125,898771
2024-11-07,47124.774510406874,47491.79221540024,46757.760597427994,47344.984375,920195
2024-11-08,47638.59669959313,47638.59669959313,47198.18075839236,47418.390625,926675
2024-11-11,47418.39200622551,47712.00390625,46977.972260181465,47712.00390625,728697
2024-11-12,48005.61466942869,48446.03061302839,47785.40480162157,48299.2265625,995049
2024-11-13,48152.41732753326,48152.41732753326,47565.193558371386,48005.61328125,723407
2024-11-14,48152.41986027942,48446.031760303915,47712.00390625,47712.00390625,697354
2024-11-15,47491.794033227976,47858.80796025493,47418.39200622551,47712.00390625,1102965
2024-11-18,47638.593426394764,47785.40125805102,46684.355792679,46757.7578125,654373
2024-11-19,46977.972421854836,46977.972421854836,46097.13671875,46097.13671875,579784
2024-11-20,46097.136213958,46831.1640625,45363.10457340142,46831.1640625,1178347
2024-11-21,47124.7763141864,47712.00390625,46831.16441416191,47712.00390625,770356
2024-11-22,47712.002836836255,47858.80688755073,47198.18107530651,47491.79296875,590628
2024-11-25,47565.194875504385,49400.27204896138,47124.77514043006,49106.66015625,2114413
2024-11-26,49106.65940260989,49253.46345070531,48739.64549035687,48959.8515625,652918
2024-11-27,48959.852631036374,49547.08021227756,48666.24073642305,49180.0625,1280709
2024-11-28,49253.46452564969,49326.87034331393,48886.45060538668,49180.0625,849574
2024-11-29,49326.8671875,49326.8671875,49033.255311671266,49326.8671875,659927
2024-12-02,49400.27172800105,49767.285643502095,48886.44997109088,49033.2578125,686774
2024-12-03,49253.46340437046,50281.10690812954,48813.047468484045,49767.28515625,1367994
2024-12-04,49914.09093915748,49914.09093915748,49326.8671875,49326.8671875,649744
2024-12-05,49326.867492074954,50354.510959828,49326.867492074954,50207.703125,1497466
2024-12-06,50207.70488415088,50281.10690812954,49767.28515625,49767.28515625,719307
2024-12-09,50134.302860172225,50134.302860172225,49547.07908431402,49767.28515625,746551
2024-12-10,49914.095531521234,50281.109462070825,49473.67578125,49473.67578125,587586
2024-12-11,49473.67299132037,49620.48083047018,48813.04719518231,48886.44921875,925221
2024-12-12,48886.44704964344,49253.46094321179,48446.02734375,48446.02734375,587322
2024-12-13,48519.43499064072,49106.65875935928,48372.627152453875,48813.046875,395559
2024-12-16,48813.04971784798,49033.25959194595,48446.03199701314,48592.83984375,309994
2024-12-17,48592.83701372694,49106.65875935928,48446.02917554009,48813.046875,364613
2024-12-18,48813.047468484045,49767.28515625,48739.64544450538,49767.28515625,1066331
2024-12-19,49180.05967493595,50060.899100192146,49033.25563206947,49400.26953125,967541
2024-12-20,49400.270926460245,50060.90051406053,49326.86890295391,49693.8828125,769959
2024-12-23,50207.70564236308,50207.70564236308,49767.285907811194,49914.09375,585206
2024-12-24,49914.095964986824,49914.095964986824,49473.67621089088,49547.08203125,588777
2024-12-25,49547.08224870691,51161.949631459924,49547.08224870691,50427.91796875,1424200
2024-12-26,50501.317534726164,50574.719559813304,49914.09375,49914.09375,492102
2024-12-27,50207.70564236308,50207.70564236308,49693.883882724054,49914.09375,546457
2024-12-30,49547.08021227756,49987.49615819026,49180.0625,49180.0625,543812
2024-12-31,49326.869649896165,49840.69140625,48886.44991816016,49840.69140625,530983
2025-01-01,49840.69140625,49840.69140625,49840.69140625,49840.69140625,0
2025-01-02,49840.69210689088,49840.69210689088,49033.25844870062,49180.0625,451237
2025-01-03,49400.270681013055,49400.270681013055,47712.00139666906,48005.61328125,875098
2025-01-06,48005.61621100702,48225.82608588562,46904.57062862868,46977.97265625,1112883
2025-01-07,47271.58341709112,47712.003156211715,46757.761652121946,47565.1953125,614036
2025-01-08,47565.1928319228,47565.1928319228,46904.567049708836,47051.37109375,573700
2025-01-09,47051.376056198635,47418.39378903917,46831.16617489727,47271.5859375,205781
2025-01-10,47565.19359550912,47565.19359550912,46904.56780268982,47198.1796875,447005
2025-01-13,47198.18213320349,47712.00390625,46831.16441416191,47712.00390625,426241
2025-01-14,47785.40341981069,48005.61328125,47418.38951208813,48005.61328125,304704
2025-01-15,47711.99956233389,48005.611435626626,47565.19172968038,47638.59375,472793
2025-01-16,47711.99956233389,48005.611435626626,47565.19172968038,47638.59375,472793
2025-01-17,48152.417921931774,49106.65940260989,48079.01589788406,48959.8515625,749196
2025-01-20,48959.85231388705,49180.06218142422,48005.61461057871,49106.66015625,510352
2025-01-21,49180.05892290097,49180.05892290097,48446.02734375,48446.02734375,367787
2025-01-22,48592.83705041187,48592.83705041187,47932.20746609395,48005.61328125,544208
2025-01-23,48005.61498549807,48372.62890625,47932.20916773604,48372.62890625,449121
2025-01-24,48446.031760303915,48446.031760303915,47712.00390625,47712.00390625,1578932
2025-01-27,47712.00390625,47712.00390625,47712.00390625,47712.00390625,0
2025-01-28,47712.00390625,47712.00390625,47712.00390625,47712.00390625,0
2025-01-29,47712.00390625,47712.00390625,47712.00390625,47712.00390625,0
2025-01-30,47712.00390625,47712.00390625,47712.00390625,47712.00390625,0
2025-01-31,47712.00390625,47712.00390625,47712.00390625,47712.00390625,0
2025-02-03,47858.80500877428,47932.20703125,47418.38908190556,47932.20703125,245720
2025-02-04,48225.82128281755,48739.643009021805,48005.611429870834,48446.02734375,525032
2025-02-05,48519.43499064072,48959.85092117243,48446.02917554009,48813.046875,446740
2025-02-06,49033.25488227934,49033.25488227934,48446.02734375,48446.02734375,521065
2025-02-07,48592.83808028714,49473.673752698356,48592.83808028714,49033.2578125,1070299
2025-02-10,49106.65983719731,49106.65983719731,48739.64592169626,49033.2578125,678178
2025-02-11,49180.06430549848,49547.08203125,48959.85442845051,49547.08203125,761760
2025-02-12,49767.285907811194,50207.70564236308,49547.079832549774,49914.09375,877611
2025-02-13,49914.09343086784,50207.70532135368,49547.07951576416,49840.69140625,687567
2025-02-14,49840.6939366424,50060.90381369037,49473.67621089088,49547.08203125,816114
2025-02-17,49473.673314862914,49767.28520306823,48959.8515625,48959.8515625,659795
2025-02-18,48886.452400106085,49620.484059594426,48886.452400106085,49547.08203125,588248
2025-02-19,49693.883066635135,52997.0234375,49547.07901887172,52997.0234375,4045395
2025-02-20,53951.264663572096,53951.264663572096,52923.62109375,52923.62109375,1053900
2025-02-21,52923.61686658454,53437.43861045513,52042.78121652684,52850.21484375,1729697
2025-02-24,52703.4096709152,55786.33627618992,52409.79400182777,55052.3046875,3082615
2025-02-25,55052.306121263304,55272.51598280678,54244.87249028017,54538.484375,1053371
2025-02-26,54538.48593772159,55052.307698707715,53804.45810089673,54024.66796875,1440599
2025-02-27,54322.32259575422,55587.36403292243,53950.24954963329,55066.46484375,1104552
2025-02-28,55066.46429119531,55215.29043275344,53578.179810137684,53875.8359375,1398676
2025-03-03,54247.90711139396,54247.90711139396,53503.76489649608,54024.6640625,995181
2025-03-04,53578.17907492454,54768.80741228175,53280.52295164674,54396.734375,1456337
2025-03-05,54471.14744475795,55364.11965883736,53801.42212844439,54396.734375,1080350
2025-03-06,54694.39266658787,55661.77798877635,54396.736531509756,54843.22265625,959077
2025-03-07,54992.048685803406,54992.048685803406,54322.323344350225,54545.56640625,737161
2025-03-10,54768.807059854444,56331.50073594577,54099.07790360448,55810.6015625,2366217
2025-03-11,54917.63307115461,55736.188364066016,54917.63307115461,55512.9453125,921518
2025-03-12,55512.945051041555,55810.60117031233,54768.80667498759,54917.6328125,737822
2025-03-13,55215.28839436867,55215.28839436867,53652.59090022214,53727.0078125,1400263
2025-03-14,53578.18031908344,53950.24952075915,52536.38194129614,52759.625,1329112
2025-03-17,52759.62400758621,53503.76624118633,52387.554812909155,52685.2109375,890836
2025-03-18,52461.96898827613,53652.59351172386,52461.96898827613,53057.28125,631758
2025-03-19,52834.03782878906,53057.280886467444,51792.23945578734,52164.3125,1141714
2025-03-20,52834.036341262945,53354.93551309805,52238.724100378815,53206.109375,690741
2025-03-21,53503.765495442065,53950.247753982185,52908.453254557935,53206.109375,670639
2025-03-24,53206.11049021027,53578.1796875,52461.96825138476,53578.1796875,434044
2025-03-25,53875.836927853066,54322.32304922693,53206.11159003839,53950.25,1138672
2025-03-26,54024.6640625,54694.389364935945,53652.59103292811,54024.6640625,1074928
2025-03-27,53578.17907492454,54694.390498277804,53578.17907492454,54396.734375,680823
2025-03-28,54619.978696870734,54619.978696870734,52759.625,52759.625,1078102
2025-03-31,52461.96996663255,53131.6953125,52313.13997630303,53131.6953125,927072
2025-04-01,53503.765495442065,53503.765495442065,52908.453254557935,53206.109375,597637
2025-04-02,53578.18132405547,53727.01131406503,52685.2129167366,52834.0390625,603853
2025-04-03,50303.95750899012,51271.3389415501,49187.74609375,49187.74609375,2487490
2025-04-04,45987.93879831409,48964.50390625,45764.695742475844,48964.50390625,2405892
2025-04-07,48964.50390625,48964.50390625,48964.50390625,48964.50390625,0
2025-04-08,46136.76538346819,48071.53598985893,45541.453125,45541.453125,1931643
2025-04-09,42490.47306141037,48666.846122820745,42490.47306141037,45392.625,2473207
2025-04-10,48518.01953125,48518.01953125,48518.01953125,48518.01953125,192688
2025-04-11,49113.33156139761,50378.373020649546,47997.12009204137,50229.546875,2532455
2025-04-14,50601.615022328806,50601.615022328806,49485.403576377874,50155.12890625,680161
2025-04-15,49485.403970052575,49634.23011376542,47699.46333577562,48741.26171875,1452634
2025-04-16,47997.1184904366,49113.32992254624,47997.1184904366,48666.84765625,784903
2025-04-17,48443.60634455608,48741.26248088212,47773.877154637856,48220.36328125,824446
2025-04-18,48741.26171875,49262.16091023719,48369.19251522177,48741.26171875,524239
2025-04-21,48890.09161004486,51569.000634040574,47625.0501697563,50750.4453125,1525636
2025-04-22,50824.85914609051,50824.85914609051,47327.394748126084,50229.546875,1613979
2025-04-23,50676.02746812,51048.10050834202,49857.472161576006,50973.68359375,837936
2025-04-24,50973.6826001455,51345.75563311488,50601.61341142206,50899.26953125,634006
2025-04-25,51196.92518560386,52015.48046875,50824.85600026322,52015.48046875,1322235
2025-04-28,52015.483149478045,52015.483149478045,51345.7578125,51345.7578125,442508
2025-04-29,51345.756633972014,51717.82582994801,50973.68359375,50973.68359375,444889
2025-04-30,50973.68359375,50973.68359375,50973.68359375,50973.68359375,0
2025-05-01,50973.68359375,50973.68359375,50973.68359375,50973.68359375,0
2025-05-02,50973.68359375,50973.68359375,50973.68359375,50973.68359375,0
2025-05-05,51569.00036146996,52610.79489263197,50601.61505737786,52461.96875,803551
2025-05-06,51569.00036146996,52610.79489263197,50601.61505737786,52461.96875,803551
2025-05-07,52759.62463438118,52759.62463438118,51866.65625,51866.65625,906044
2025-05-08,51866.65419905142,52908.45252842362,51717.82421875,51717.82421875,817305
2025-05-09,52089.89930715681,52313.13852006756,51792.23933478369,51866.65625,458510
2025-05-12,51569.00087290805,52313.13928194008,50973.684763737874,51345.7578125,951935
2025-05-13,51569.00087290805,52313.13928194008,50973.684763737874,51345.7578125,951935
2025-05-14,51717.82790008892,51717.82790008892,51048.10255167543,51122.515625,853409
2025-05-15,51345.75573905261,53652.59163354012,51196.9257567086,53206.109375,2329848
2025-05-16,52982.86905250956,53280.52518828252,52685.2129167366,52834.0390625,861741
2025-05-19,52610.79588521991,53578.181207563306,52387.556667060184,52536.3828125,812676
2025-05-20,52610.79588521991,53578.181207563306,52387.556667060184,52536.3828125,812676
2025-05-21,52536.38240797759,54322.32304922693,52536.38240797759,53950.25,1535422
2025-05-22,53950.24688166685,54545.56295717134,53057.278534778954,53429.3515625,780936
2025-05-23,53354.93814515743,54247.91039478092,51941.070542248446,52536.3828125,1047287
2025-05-26,52982.86645190355,53503.765625,51345.75586338499,53503.765625,908954
2025-05-27,52982.86645190355,53503.765625,51345.75586338499,53503.765625,908954
2025-05-28,53875.83605946385,55066.4644158545,53503.76686048018,54173.4921875,1909161
2025-05-29,54471.14819222463,54619.97817802882,53503.76673935862,53875.8359375,883562
2025-05-30,53875.83757565529,54024.66756598481,52834.03917608711,53131.6953125,740996
2025-06-02,53354.93504634164,54992.04561657431,52610.79282962335,54322.3203125,1478158
2025-06-03,53354.93504634164,54992.04561657431,52610.79282962335,54322.3203125,1478158
2025-06-04,55066.4654853082,55066.4654853082,54247.91015625,54247.91015625,1001132
2025-06-05,53950.24801381482,54992.04636250249,53578.17882253179,53801.421875,939239
2025-06-06,54099.07775369811,57522.12890625,53652.59165076866,57522.12890625,2828166
2025-06-09,57522.12977358083,57819.785898606606,56554.74448406257,57298.88671875,1324351
2025-06-10,57522.12977358083,57819.785898606606,56554.74448406257,57298.88671875,1324351
2025-06-11,65808.13919015537,67091.7867267741,65037.95220588251,65465.83984375,1736615
2025-06-12,58020.70685074959,58020.70685074959,56138.025758744814,57763.9765625,746925
2025-06-13,58020.70685074959,58448.58682025279,57250.51983024693,57763.9765625,711735
2025-06-16,57250.51944039448,59903.38369059088,56651.48594947071,59218.7734375,1324340
2025-06-17,57250.51944039448,59903.38369059088,56651.48594947071,59218.7734375,1324340
2025-06-18,59304.35001636043,59304.35001636043,58277.43271777521,58962.04296875,623990
2025-06-19,58790.886912849426,60502.414388694764,58534.160482444764,59047.6171875,942770
2025-06-20,58705.313998878475,59646.65065077209,58534.160482444764,59047.6171875,538430
2025-06-23,58534.1608139711,59047.61752193446,57507.24355379846,57592.8203125,918390
2025-06-24,58534.1608139711,59047.61752193446,57507.24355379846,57592.8203125,918390
2025-06-25,57849.55271553064,58020.706239226456,56737.0625,56737.0625,1614140
2025-06-26,56908.209957467196,57421.666664260636,56908.209957467196,57336.09375,981065
2025-06-27,57592.82303700027,58191.85653200321,57164.943067497064,57763.9765625,677810
2025-06-30,57678.40009567368,58962.04385501525,57592.82333248476,58277.43359375,1179670
2025-07-01,57678.40009567368,58962.04385501525,57592.82333248476,58277.43359375,1179670
2025-07-02,58277.433294753064,58619.74034575252,57421.66951150054,57763.9765625,1019245
2025-07-03,58106.27915682829,58106.27915682829,56651.48573815209,56737.0625,2113930
2025-07-04,56908.21248203828,57336.09629355293,56394.75575246679,57250.51953125,1847360
2025-07-07,56993.7876974803,57164.94121744091,56737.061261785384,56908.2109375,993945
2025-07-08,56993.7876974803,57164.94121744091,56737.061261785384,56908.2109375,993945
2025-07-09,57164.943067497064,57935.13008799973,57079.3663047472,57763.9765625,1218195
2025-07-10,58191.85653200321,58277.433294753064,57336.09659299679,57763.9765625,1138270
2025-07-11,58191.85653200321,58191.85653200321,57592.82303700027,57763.9765625,802815
2025-07-14,57336.09457370235,58619.73828125,57164.9410542304,58619.73828125,1722930
2025-07-15,57336.09457370235,58619.73828125,57164.9410542304,58619.73828125,1722930
2025-07-16,58705.31640625,59389.922811567194,58277.43259761917,58705.31640625,1169895
2025-07-17,58876.46484375,59732.22859871751,58705.31516815329,58876.46484375,1011310
2025-07-18,59047.61923636642,59304.34951992516,58020.70579062355,58191.85546875,1696480
2025-07-21,58790.8893237301,60930.29683414605,58705.31640625,58705.31640625,2081385
2025-07-22,58790.8893237301,60930.29683414605,58705.31640625,58705.31640625,2081385
2025-07-23,58705.31516815329,59218.7718834354,58277.43136854654,58876.46484375,995095
2025-07-24,59047.61738075916,59903.38112148269,58619.73743252036,59304.34765625,1189330
2025-07-25,59817.80567688319,60160.108874143734,59304.34895886937,59389.921875,1276960
2025-07-28,59903.38381170068,59903.38381170068,59047.62003254541,59475.5,1258790
2025-07-29,59903.38381170068,59903.38381170068,59047.62003254541,59475.5,1258790
2025-07-30,59646.65207689161,59732.22883715456,56908.211125461145,57164.94140625,2029520
2025-07-31,58020.704106007746,58020.704106007746,57079.363604536644,57592.8203125,1212445
2025-08-01,57763.97488384466,57763.97488384466,56309.177647866476,57164.94140625,1196805
2025-08-04,55881.29769079772,57164.94140625,55881.29769079772,57164.94140625,650440
2025-08-05,55881.29769079772,57164.94140625,55881.29769079772,57164.94140625,650440
2025-08-06,57079.36445746061,57935.12821301764,56138.02394192327,56908.2109375,1363555
2025-08-07,56908.21248203828,57421.66921160976,56651.48603937558,57250.51953125,1246715
2025-08-08,57336.09629355293,57507.24597391269,56651.48603937558,57250.51953125,989115
2025-08-11,58534.16113963837,58876.4643321031,58106.27734375,58106.27734375,1074445
2025-08-12,58534.16113963837,58876.4643321031,58106.27734375,58106.27734375,1074445
2025-08-13,58191.855835893,58705.31640625,57763.97587150824,58705.31640625,1713960
2025-08-14,58962.04147594792,59304.34851489181,57935.12804760819,58619.73828125,1502705
2025-08-15,58876.4672720574,58962.04403550829,57763.977035688156,58534.1640625,1306860
2025-08-18,57079.36551799618,57250.51904113682,56480.33203125,56480.33203125,1173345
2025-08-19,57079.36551799618,57250.51904113682,56480.33203125,56480.33203125,1173345
2025-08-20,56480.33309667693,56651.486623046156,55624.569309076935,56052.453125,1542380
2025-08-21,55624.569309076935,56908.21306835386,55282.26610058462,56052.453125,1313530
2025-08-22,56480.33339261699,56993.79013016889,56052.453418698096,56565.91015625,1054320
2025-08-25,56309.178776622924,56309.178776622924,54683.231831771605,54768.80859375,658720
2025-08-26,56309.178776622924,56309.178776622924,54683.231831771605,54768.80859375,658720
2025-08-27,54768.808033059686,55966.875,54768.808033059686,55966.875,456205
2025-08-28,56309.17850810936,56993.788756425856,55624.56825979286,56480.33203125,1209455
2025-08-29,56480.33047434544,56565.907233556805,55966.87376332324,56138.0234375,634685
2025-09-01,56138.0234375,56138.0234375,56138.0234375,56138.0234375,0
2025-09-02,56138.0234375,56138.0234375,56138.0234375,56138.0234375,0
2025-09-03,55795.72247539716,56052.45276329432,55453.41542486761,55538.9921875,791775
2025-09-04,55795.72247539716,56052.45276329432,55453.41542486761,55538.9921875,791775
2025-09-05,55795.72147779537,56309.17820016322,55624.56795559075,55966.875,851115
2025-09-08,57507.244603055806,58363.00836143933,56993.787885724094,57164.94140625,1599995
2025-09-09,57507.244603055806,58363.00836143933,56993.787885724094,57164.94140625,1599995
2025-09-10,57336.09718470093,57336.09718470093,56223.60310171796,56565.91015625,724845
2025-09-11,56480.332514769725,57250.51953125,56394.75575246679,57250.51953125,663895
2025-09-12,57336.09730159487,57336.09730159487,55710.1464777451,56822.63671875,950130
2025-09-15,56822.63671875,56822.63671875,56822.63671875,56822.63671875,0
2025-09-16,57592.82198469231,58191.85546875,57336.09554537961,58191.85546875,1407140
2025-09-17,58448.58405526955,58534.1608139711,57421.666795096906,57592.8203125,930005
2025-09-18,57336.095238831185,58363.00867908365,57250.51847810248,57678.3984375,739910
2025-09-19,57336.093555900574,57678.39674452209,56822.633006599426,57079.36328125,850195
2025-09-22,57336.095238831185,59047.6189206673,56052.4515163926,57678.3984375,1045350
2025-09-23,57336.095238831185,59047.6189206673,56052.4515163926,57678.3984375,1045350
2025-09-24,57935.129906156304,57935.129906156304,57164.94288807106,57507.24609375,327635
2025-09-25,57507.24322808838,57849.55026095581,56394.753059761046,57079.36328125,1284090
2025-09-26,57164.940553603716,58020.704299223056,56993.78703563066,57849.55078125,1538355
2025-09-29,56565.90690790975,56908.21009853862,55624.56640625,55624.56640625,945760
2025-09-30,56565.90690790975,56908.21009853862,55624.56640625,55624.56640625,945760
2025-10-01,55795.72283544616,56052.453125,54854.38228466155,56052.453125,743015
2025-10-02,56480.33321422544,56651.486740950866,56052.45324165799,56309.1796875,264960
2025-10-03,56223.60262655273,56651.48644110158,55710.145893340225,55795.72265625,338905
2025-10-06,55111.10969818374,55795.7199236874,55111.10969818374,55624.56640625,316710
2025-10-07,55111.10969818374,55795.7199236874,55111.10969818374,55624.56640625,316710
2025-10-08,55795.72247539716,55795.72247539716,55282.26574384895,55538.9921875,378465
2025-10-09,55710.1431649687,55881.2966824061,55196.68645690244,55624.56640625,307970
2025-10-10,56052.45264278958,56052.45264278958,55196.68886255159,55282.265625,445625
2025-10-13,55624.56758355991,55624.56758355991,55282.2643856861,55453.4140625,398705
2025-10-14,55624.56758355991,55624.56758355991,55282.2643856861,55453.4140625,398705
2025-10-15,56309.17957030771,56309.17957030771,55453.41578270771,56052.453125,683905
2025-10-16,56052.45006763894,56138.02298190988,55282.26308523314,55367.83984375,588570
2025-10-17,55367.8432802082,55624.569727446826,54255.349194686954,54597.65625,1066280
2025-10-20,53485.161504836244,54084.19884424604,51260.18104972717,51345.7578125,1468550
2025-10-21,53485.161504836244,54084.19884424604,51260.18104972717,51345.7578125,1468550
2025-10-22,52115.94560376745,52971.70555565631,51516.90825550061,52629.40234375,1036035
2025-10-23,52714.97532844034,53228.43203161112,52030.365109464,52886.125,315905
2025-10-24,53057.278710533144,53314.00898518372,52800.552280128475,53142.85546875,227470
2025-10-27,54340.925302155454,54340.925302155454,53314.01183711226,53570.73828125,228045
2025-10-28,54340.925302155454,54340.925302155454,53314.01183711226,53570.73828125,228045
2025-10-29,53998.62257129974,54340.92578125,53314.01230715307,54340.92578125,313835
2025-10-30,54340.92374088687,55367.84102067183,53913.04378345331,55196.6875,501515
2025-10-31,54854.38076732149,55710.14453125,54854.38076732149,55710.14453125,306360
2025-11-03,56052.45019984349,56822.63333981992,55624.56640625,55624.56640625,323840
2025-11-04,55111.10969818374,55624.56640625,54340.92271396138,55624.56640625,522215
2025-11-05,55111.10969818374,55624.56640625,54340.92271396138,55624.56640625,522215
2025-11-06,55966.87481370236,55966.87481370236,55282.264571408756,55710.14453125,163530
2025-11-07,55966.87588034118,55966.87588034118,54939.958575206365,55282.265625,324070
2025-11-10,54854.38251829847,55453.416018896045,54340.92578125,54340.92578125,188025
2025-11-11,54426.500189214006,55025.53366388534,54340.923429368675,54683.23046875,120865
2025-11-12,55111.11073966409,55196.6875,54512.0772615587,55196.6875,138345
2025-11-13,55624.5694248444,56822.636423430165,55282.26621563967,56309.1796875,527965
2025-11-14,56309.17998015128,56822.63671875,56223.60321634381,56822.63671875,406295
2025-11-17,57164.94246499346,57164.94246499346,56394.75545260837,56737.0625,243340
2025-11-18,56480.33147579012,57763.97519822871,56309.1779543327,57678.3984375,797870
2025-11-19,57678.398745878556,58790.88895280768,57592.82198469231,58191.85546875,1284550
2025-11-20,58191.85653200321,58277.433294753064,57763.9765625,57763.9765625,505425
2025-11-21,58191.853646573756,58191.853646573756,57164.94023298688,57336.09375,426765
2025-11-24,57336.095988689274,57336.095988689274,56480.33221445628,56737.0625,329245
2025-11-25,57763.973841479674,57763.973841479674,55624.56640625,55624.56640625,897460
2025-11-26,56223.59987303496,56223.59987303496,55196.68645690244,55624.56640625,518535
2025-11-27,55710.145021363176,56565.90879282032,55624.56825979286,56480.33203125,436770
2025-11-28,56394.75615237227,56480.332915282044,55710.145893340225,55795.72265625,153410
2025-12-01,55881.29911789277,56052.45264278958,55282.265625,55282.265625,212635
2025-12-02,55282.26482337025,55453.414501539184,53913.044332542515,53998.62109375,547170
2025-12-03,54426.50031523512,54939.95703125,54169.77003510469,54939.95703125,328555
2025-12-04,55538.99037871134,55538.99037871134,54512.07694905934,54683.23046875,433665
2025-12-05,54768.80735540904,54939.95703125,54512.0770752786,54939.95703125,340055
2025-12-08,54169.770894848305,55111.11142602086,54169.770894848305,54255.34765625,306935
2025-12-09,54768.80651933647,54768.80651933647,53570.73574126289,53656.3125,389850
2025-12-10,54597.653327487475,54597.653327487475,53485.159301515996,54169.76953125,259210
2025-12-11,54169.76920817671,54255.34596691382,53656.3125,53656.3125,114425
2025-12-12,53913.0452127363,53998.62197534094,53314.01171875,53314.01171875,194695
2025-12-15,53142.85819354074,53485.16139971316,53142.85819354074,53314.01171875,619620
2025-12-16,53142.85831152302,53741.89180683924,51773.63779530135,53570.73828125,414805
2025-12-17,53570.736601533456,53827.466881867505,52971.703125,52971.703125,360985
2025-12-18,53570.736601533456,53827.466881867505,52971.703125,52971.703125,360985
2025-12-19,53570.736601533456,53570.736601533456,52714.97668891194,52971.703125,394450
2025-12-22,53399.586925556745,53399.586925556745,52629.399928800594,52971.703125,349025
2025-12-23,53057.28094543327,53228.43446907638,52543.82421875,52543.82421875,317975
2025-12-24,52714.976180718135,52971.70261433124,52115.94270995961,52201.515625,302335
2025-12-25,52714.976180718135,52971.70261433124,52115.94270995961,52201.515625,302335
2025-12-26,52543.82285334776,52714.976372543286,52201.515814956714,52458.24609375,347300
2025-12-29,52458.24609375,52629.39961294552,52115.942899604925,52458.24609375,250125
2025-12-30,52458.2486387495,52629.402166248496,52201.518347501005,52372.671875,267030
2025-12-31,52458.24590285907,52714.976180718135,52201.515625,52201.515625,406985
2026-01-01,52201.515625,52201.515625,52201.515625,52201.515625,0
2026-01-02,52201.515625,52201.515625,52201.515625,52201.515625,0
2026-01-05,52458.24714985706,53057.28063485536,52030.3671875,52030.3671875,855945
2026-01-06,52201.518347501005,52971.705377000326,52030.36866424817,52372.671875,435965
2026-01-07,52372.67099574372,53399.58829925118,52372.67099574372,53057.28125,733930
2026-01-08,53057.281129609764,53399.58817808423,52629.401163262766,52800.5546875,707135
2026-01-09,53057.279373617595,53485.15932580341,52201.515625,52201.515625,898840
2026-01-12,52458.24881567376,52800.55587182624,52201.518523559396,52629.40234375,1111245
2026-01-13,53741.88893202209,54255.34563707733,53057.278710533144,53142.85546875,1353780
2026-01-14,53142.85819354074,54169.77165630409,53142.85819354074,53314.01171875,1273165
2026-01-15,53827.46845013167,53827.46845013167,53142.85819354074,53314.01171875,672520
2026-01-16,53314.0111498125,56052.45214695312,53314.0111498125,54512.078125,1302490
2026-01-19,54768.806845982464,55710.143509213,53913.04309775347,54169.76953125,866295
2026-01-20,54255.347346230155,54597.65438988095,53656.3138640873,53741.890625,877335
2026-01-21,53656.312173805236,53741.88893202209,53057.278710533144,53142.85546875,701385
2026-01-22,53998.6224553846,54683.23271806166,53656.31540192299,54084.19921875,948405
2026-01-23,54426.500868055555,54683.23115079365,53741.890625,53741.890625,477020
2026-01-26,53998.619008490234,54084.195766393015,52800.55208634312,52886.125,822250
2026-01-27,52886.125386332504,53399.5859375,52886.125386332504,53399.5859375,366390
2026-01-28,53741.888734781896,53741.888734781896,52800.55208634312,52886.125,613410
2026-01-29,53142.85801231279,53913.04502888187,52886.127725374405,53057.28125,810865
2026-01-30,53399.585743400574,53485.15865737152,52886.125194099426,53142.85546875,851575
2026-02-02,53228.43566824882,53228.43566824882,52201.518347501005,52372.671875,1367120
2026-02-03,52800.55260112079,53741.88925873711,52629.399083646575,53656.3125,872160
2026-02-04,53827.46856963386,53913.045332428475,53057.2815487284,53570.73828125,589605
2026-02-05,53827.465690238954,53827.465690238954,53142.85546875,53142.85546875,478285
2026-02-06,53399.58660507941,53399.58660507941,52458.24609375,52458.24609375,742555
2026-02-09,53057.28094543327,53142.85770725482,52458.247456928446,52543.82421875,357995
2026-02-10,52543.82372364063,52629.40048465582,51773.63671875,51773.63671875,856060
2026-02-11,51773.63483575566,52886.125,51773.63483575566,52886.125,278300
2026-02-12,52886.127725374405,53057.28125,52629.40128268211,53057.28125,270825
2026-02-13,53057.27975787855,53057.27975787855,52714.9765625,52714.9765625,199985
2026-02-16,52714.9765625,52714.9765625,52714.9765625,52714.9765625,0
2026-02-17,52714.9765625,52714.9765625,52714.9765625,52714.9765625,0
2026-02-18,52714.9765625,52714.9765625,52714.9765625,52714.9765625,0
2026-02-19,52714.9765625,52714.9765625,52714.9765625,52714.9765625,0
2026-02-20,52714.9765625,52714.9765625,52714.9765625,52714.9765625,0
2026-02-23,53057.28125,53314.011536938386,52886.127725374405,53057.28125,418025
2026-02-24,53057.28143093611,53399.58848135463,52971.70466833148,53314.01171875,652970
2026-02-25,53399.58625873959,53913.04296875,53314.00949969686,53913.04296875,986815
2026-02-26,54434.78125,54434.78125,53652.17578125,54086.95703125,395830
2026-02-27,54173.9140625,54173.9140625,53478.26171875,53739.12890625,307740
2026-03-02,53652.17578125,56869.56640625,52608.6953125,55913.04296875,2359800
2026-03-03,53652.17578125,56869.56640625,52608.6953125,55913.04296875,2359800
2026-03-04,56086.95703125,57913.04296875,54782.609375,56086.95703125,2444325
2026-03-05,56347.82421875,56869.56640625,55217.390625,55217.390625,824895
2026-03-06,55565.21875,55565.21875,53043.4765625,53913.04296875,1112740
2026-03-09,52173.9140625,52260.87109375,50173.9140625,50173.9140625,2645345
2026-03-10,51304.34765625,52173.9140625,50956.5234375,51826.0859375,1257410
2026-03-11,52000.0,52869.56640625,51739.12890625,52521.73828125,912295
2026-03-12,52260.87109375,54782.609375,51304.34765625,54347.82421875,1733855
2026-03-13,54608.6953125,56173.9140625,54434.78125,55478.26171875,1335265
2026-03-16,56347.82421875,56347.82421875,53913.04296875,55130.43359375,1173115
2026-03-17,55130.43359375,55217.390625,54347.82421875,54782.609375,718290
2026-03-18,54521.73828125,55826.0859375,53913.04296875,55652.17578125,899530
2026-03-19,54869.56640625,57826.0859375,54521.73828125,56869.56640625,2442830
2026-03-20,56869.56640625,60782.609375,56608.6953125,58608.6953125,4340560
2026-03-23,58695.65234375,60608.6953125,55652.17578125,56521.73828125,2152915
2026-03-24,58086.95703125,58695.65234375,56782.609375,57652.17578125,1199910
2026-03-25,58000.0,61652.17578125,57652.17578125,61652.17578125,4429915
2026-03-26,63043.4765625,63043.4765625,61652.17578125,62347.82421875,2382800
2026-03-27,61739.12890625,63043.4765625,61130.43359375,62347.82421875,1930620
2026-03-30,62347.82421875,64521.73828125,60869.56640625,60869.56640625,3651480
2026-03-31,60869.56640625,61739.12890625,59478.26171875,59565.21875,2824285
2026-04-01,60869.56640625,61304.34765625,58608.6953125,58608.6953125,2097025
2026-04-02,58608.6953125,59391.3046875,57391.3046875,57652.17578125,2127730
2026-04-03,58260.87109375,58608.6953125,56000.0,56000.0,2698245
2026-04-06,56956.5234375,57043.4765625,55739.12890625,56000.0,1285585
2026-04-07,57130.43359375,57391.3046875,56000.0,56695.65234375,1021200
2026-04-08,57565.21875,58260.87109375,57130.43359375,58000.0,1676125
2026-04-09,58521.73828125,58521.73828125,56869.56640625,56956.5234375,1159430
2026-04-10,56869.56640625,57565.21875,56608.6953125,57217.390625,991070
2026-04-13,57565.21875,58434.78125,57478.26171875,57826.0859375,949785
2026-04-14,57826.0859375,58260.87109375,57304.34765625,57304.34765625,1003605
2026-04-15,58086.95703125,58086.95703125,56086.95703125,56434.78125,1192665
2026-04-16,56434.78125,56869.56640625,55652.17578125,56086.95703125,830875
2026-04-17,56347.82421875,56347.82421875,55652.17578125,56000.0,654810
2026-04-20,55826.0859375,56956.5234375,55652.17578125,56782.609375,1559745
2026-04-21,57391.3046875,57391.3046875,56086.95703125,56347.82421875,1246485
2026-04-22,56695.65234375,56695.65234375,55913.04296875,56347.82421875,891825
2026-04-23,56521.73828125,56521.73828125,53913.04296875,54086.95703125,2148430
2026-04-24,54521.73828125,54608.6953125,53826.0859375,54173.9140625,605475
2026-04-27,54173.9140625,54173.9140625,54173.9140625,54173.9140625,0
2026-04-28,54695.65234375,54695.65234375,52173.9140625,52173.9140625,2113815
2026-04-29,52173.9140625,53391.3046875,52173.9140625,52434.78125,1074215
2026-04-30,52434.78125,52434.78125,52434.78125,52434.78125,0
2026-05-01,52434.78125,52434.78125,52434.78125,52434.78125,0
2026-05-04,52695.65234375,53565.21875,52695.65234375,53217.390625,618240
2026-05-05,53217.390625,53565.21875,52695.65234375,52869.56640625,516350
2026-05-06,52869.56640625,53565.21875,52869.56640625,53478.26171875,456665
2026-05-07,53478.26171875,54347.82421875,53304.34765625,53391.3046875,1136660
2026-05-08,53913.04296875,53913.04296875,52869.56640625,53043.4765625,957145
2026-05-11,53826.0859375,53826.0859375,52956.5234375,53130.43359375,595700
2026-05-12,53478.26171875,53826.0859375,52956.5234375,53217.390625,684365
2026-05-13,53391.3046875,53391.3046875,52608.6953125,52956.5234375,971520
2026-05-14,52608.6953125,53130.43359375,52521.73828125,52608.6953125,1026720
2026-05-15,52782.609375,52869.56640625,52260.87109375,52434.78125,810290
2026-05-18,53000.0,53300.0,52400.0,52800.0,639600
2026-05-19,53100.0,53900.0,52900.0,53700.0,694400
2026-05-20,53900.0,54800.0,52800.0,53500.0,964800
2026-05-21,54000.0,54000.0,52900.0,53300.0,460200
2026-05-22,52600.0,53200.0,52200.0,52600.0,630000
2026-05-25,52700.0,53300.0,52300.0,52400.0,386000
2026-05-26,52500.0,53000.0,52400.0,52800.0,305900
2026-05-27,53200.0,53300.0,52800.0,53300.0,400400
2026-05-28,53500.0,53700.0,53000.0,53000.0,396200
2026-05-29,53100.0,53100.0,52300.0,52700.0,395600
2026-06-01,52700.0,53100.0,51200.0,51200.0,1109400
2026-06-02,51000.0,51400.0,50400.0,50500.0,1086900
