Date,Open,High,Low,Close,Volume
2016-06-06,11300.0,12000.0,11100.0,12000.0,2078010
2016-06-07,12200.0,12300.0,11900.0,11900.0,1458150
2016-06-08,11800.0,12200.0,11700.0,12100.0,1685930
2016-06-09,12000.0,12100.0,11900.0,12100.0,1421620
2016-06-10,12100.0,12100.0,11500.0,11500.0,915680
2016-06-13,11700.0,11900.0,11400.0,11800.0,2042500
2016-06-14,11900.0,11900.0,11700.0,11800.0,352490
2016-06-15,11800.0,11800.0,11500.0,11700.0,715860
2016-06-16,11700.0,11800.0,11600.0,11600.0,810600
2016-06-17,11500.0,11800.0,11300.0,11300.0,2160740
2016-06-20,11500.0,11500.0,11300.0,11300.0,801820
2016-06-21,11400.0,11500.0,11200.0,11500.0,1032700
2016-06-22,11500.0,11700.0,11400.0,11500.0,689770
2016-06-23,11500.0,11600.0,11400.0,11500.0,340140
2016-06-24,11500.0,11500.0,10700.0,11300.0,1945750
2016-06-27,11100.0,11400.0,10900.0,11300.0,731260
2016-06-28,11200.0,11400.0,11100.0,11300.0,556280
2016-06-29,11300.0,11500.0,11300.0,11400.0,412930
2016-06-30,11300.0,11500.0,11200.0,11300.0,684520
2016-07-01,11300.0,11400.0,11100.0,11300.0,504630
2016-07-04,11400.0,11400.0,11200.0,11300.0,519110
2016-07-05,11300.0,11600.0,11200.0,11400.0,1166540
2016-07-06,11300.0,11400.0,11200.0,11300.0,358400
2016-07-07,11300.0,11400.0,11200.0,11200.0,349120
2016-07-08,11200.0,11300.0,11000.0,11200.0,1046230
2016-07-11,11200.0,11300.0,11000.0,11200.0,713940
2016-07-12,11100.0,11200.0,11000.0,11200.0,501660
2016-07-13,11100.0,11700.0,11100.0,11500.0,2043090
2016-07-14,11500.0,11700.0,11400.0,11500.0,1864290
2016-07-15,11600.0,12300.0,11600.0,11900.0,4121930
2016-07-18,11900.0,12100.0,11900.0,12100.0,1142740
2016-07-19,12100.0,12200.0,11500.0,11600.0,1118480
2016-07-20,11400.0,11500.0,11100.0,11200.0,1972550
2016-07-21,11200.0,11500.0,11200.0,11300.0,616450
2016-07-22,11300.0,11300.0,11000.0,11100.0,1025910
2016-07-25,11200.0,11200.0,11000.0,11000.0,558160
2016-07-26,11000.0,11200.0,11000.0,11200.0,383560
2016-07-27,11200.0,11200.0,11200.0,11200.0,0
2016-07-28,11200.0,11200.0,11000.0,11200.0,750120
2016-07-29,11000.0,11300.0,11000.0,11300.0,1192360
2016-08-01,11300.0,11300.0,11100.0,11200.0,406670
2016-08-02,11100.0,11200.0,10900.0,11100.0,821380
2016-08-03,11000.0,11100.0,10800.0,11000.0,416390
2016-08-04,10900.0,11000.0,10500.0,10500.0,810520
2016-08-05,10600.0,11000.0,10500.0,11000.0,2051050
2016-08-08,10500.0,10900.0,10500.0,10900.0,869100
2016-08-09,10900.0,10900.0,10700.0,10700.0,190360
2016-08-10,10800.0,10900.0,10700.0,10800.0,165580
2016-08-11,10800.0,10900.0,10700.0,10900.0,359550
2016-08-12,10900.0,11000.0,10700.0,10900.0,406780
2016-08-15,10700.0,11000.0,10700.0,10900.0,320470
2016-08-16,10800.0,10900.0,10700.0,10700.0,244020
2016-08-17,10700.0,10800.0,10600.0,10800.0,774790
2016-08-18,10800.0,10900.0,10600.0,10600.0,258770
2016-08-19,10600.0,10700.0,10500.0,10600.0,619850
2016-08-22,10700.0,10700.0,10500.0,10600.0,108920
2016-08-23,10500.0,10600.0,10500.0,10500.0,108640
2016-08-24,10500.0,10600.0,10500.0,10500.0,153670
2016-08-25,10400.0,10500.0,10300.0,10300.0,217980
2016-08-26,10500.0,10600.0,10400.0,10500.0,190480
2016-08-29,10500.0,10600.0,10500.0,10500.0,226790
2016-08-30,10500.0,10600.0,10400.0,10500.0,200230
2016-08-31,10400.0,10500.0,10400.0,10400.0,195100
2016-09-01,10500.0,10500.0,10100.0,10200.0,1040380
2016-09-05,10200.0,10300.0,10000.0,10000.0,1419180
2016-09-06,10000.0,10200.0,10000.0,10200.0,700130
2016-09-07,10200.0,10200.0,9900.0,10000.0,741350
2016-09-08,10000.0,10100.0,9900.0,9900.0,1084790
2016-09-09,10000.0,10000.0,9700.0,9900.0,2496270
2016-09-12,10000.0,10200.0,9880.0,10000.0,3968120
2016-09-13,10000.0,10000.0,9910.0,9990.0,742300
2016-09-14,9990.0,10100.0,9900.0,10100.0,1379170
2016-09-15,10000.0,10100.0,9920.0,10100.0,1620470
2016-09-16,10050.0,10050.0,9400.0,9400.0,9564610
2016-09-19,9600.0,9900.0,9600.0,9870.0,317770
2016-09-20,9890.0,9890.0,9590.0,9790.0,337860
2016-09-21,9590.0,9630.0,9490.0,9520.0,995760
2016-09-22,9510.0,9690.0,9450.0,9600.0,797070
2016-09-23,9520.0,9680.0,9500.0,9500.0,315760
2016-09-26,9500.0,9560.0,9400.0,9410.0,402320
2016-09-27,9400.0,9500.0,9400.0,9430.0,391300
2016-09-28,9430.0,9650.0,9420.0,9430.0,452560
2016-09-29,9430.0,9490.0,9350.0,9390.0,737210
2016-09-30,9360.0,9390.0,9300.0,9320.0,644360
2016-10-03,9320.0,9390.0,9050.0,9200.0,1055280
2016-10-04,9200.0,9250.0,9100.0,9150.0,606210
2016-10-05,9100.0,9400.0,9100.0,9350.0,570610
2016-10-06,9350.0,9680.0,9350.0,9610.0,882200
2016-10-07,9610.0,9610.0,9500.0,9530.0,456540
2016-10-10,9550.0,9550.0,9330.0,9370.0,408880
2016-10-11,9300.0,9330.0,9190.0,9250.0,402850
2016-10-12,9210.0,9340.0,9180.0,9220.0,477060
2016-10-13,9230.0,9250.0,9200.0,9200.0,559870
2016-10-14,9190.0,9330.0,9190.0,9210.0,1207130
2016-10-17,9200.0,9330.0,9200.0,9220.0,838920
2016-10-18,9220.0,9270.0,9210.0,9240.0,246240
2016-10-19,9230.0,9590.0,9230.0,9480.0,1107790
2016-10-20,9490.0,9520.0,9320.0,9320.0,759310
2016-10-21,9270.0,9300.0,9220.0,9250.0,608320
2016-10-24,9250.0,9250.0,9200.0,9200.0,622260
2016-10-25,9200.0,9290.0,9100.0,9100.0,500800
2016-10-26,9100.0,9160.0,9020.0,9020.0,574060
2016-10-27,9020.0,9060.0,8950.0,8950.0,905430
2016-10-28,9000.0,9000.0,8870.0,8870.0,508880
2016-10-31,8800.0,8860.0,8760.0,8820.0,687480
2016-11-01,8700.0,8800.0,8450.0,8500.0,877760
2016-11-02,8400.0,8490.0,8210.0,8250.0,484870
2016-11-03,8250.0,8300.0,8230.0,8240.0,270170
2016-11-04,8260.0,8410.0,8260.0,8380.0,182490
2016-11-07,8350.0,8600.0,8350.0,8420.0,316170
2016-11-08,8500.0,8500.0,8390.0,8430.0,245020
2016-11-09,8300.0,8430.0,8010.0,8250.0,372690
2016-11-10,8300.0,8430.0,8300.0,8400.0,303510
2016-11-11,8390.0,8400.0,8240.0,8240.0,224930
2016-11-14,8240.0,8240.0,7950.0,8010.0,1186200
2016-11-15,8050.0,8100.0,7800.0,8100.0,480170
2016-11-16,8010.0,8180.0,8010.0,8100.0,255980
2016-11-17,8100.0,8100.0,7910.0,7910.0,844060
2016-11-18,7990.0,7990.0,7800.0,7880.0,531210
2016-11-21,7880.0,8300.0,7880.0,8300.0,930630
2016-11-22,8250.0,8350.0,8000.0,8270.0,633530
2016-11-23,8260.0,8300.0,8230.0,8270.0,349760
2016-11-24,8270.0,8290.0,8100.0,8220.0,642570
2016-11-25,8220.0,8220.0,8060.0,8100.0,153500
2016-11-28,8020.0,8020.0,7770.0,7800.0,1984640
2016-11-29,7860.0,7860.0,7450.0,7800.0,2260120
2016-11-30,7700.0,7700.0,7380.0,7500.0,2387680
2016-12-01,7500.0,7620.0,7500.0,7550.0,939850
2016-12-02,7550.0,7800.0,7520.0,7740.0,940350
2016-12-05,7610.0,7640.0,7450.0,7500.0,841520
2016-12-06,7500.0,7540.0,7360.0,7510.0,1079180
2016-12-07,7520.0,7820.0,7400.0,7400.0,1858910
2016-12-08,7500.0,7910.0,7470.0,7910.0,1941520
2016-12-09,7910.0,7910.0,7710.0,7800.0,769320
2016-12-12,7540.0,7790.0,7540.0,7610.0,1239220
2016-12-13,7610.0,7660.0,7600.0,7620.0,1350180
2016-12-14,7640.0,7900.0,7640.0,7900.0,5855310
2016-12-15,7950.0,8410.0,7850.0,8000.0,3490530
2016-12-16,8000.0,8260.0,7990.0,8200.0,20938600
2016-12-19,8200.0,8480.0,8200.0,8420.0,1904150
2016-12-20,8410.0,8470.0,8310.0,8400.0,1689660
2016-12-21,8340.0,8370.0,8250.0,8260.0,2297650
2016-12-22,8250.0,8250.0,8060.0,8200.0,1285330
2016-12-23,8140.0,8540.0,8100.0,8340.0,2047050
2016-12-26,8440.0,8500.0,8350.0,8350.0,1216270
2016-12-27,8320.0,8600.0,8200.0,8600.0,3001210
2016-12-28,8650.0,9100.0,8600.0,9100.0,3725930
2016-12-29,9140.0,9400.0,9040.0,9400.0,6526590
2016-12-30,9300.0,9540.0,9150.0,9450.0,9635540
2017-01-03,9160.0,9300.0,8790.0,8790.0,4992030
2017-01-04,8610.0,8780.0,8200.0,8200.0,3363350
2017-01-05,8450.0,8650.0,8450.0,8580.0,1287450
2017-01-06,8550.0,9140.0,8550.0,8780.0,2703680
2017-01-09,8660.0,9080.0,8640.0,8990.0,3038300
2017-01-10,8920.0,9100.0,8900.0,9000.0,1232330
2017-01-11,8970.0,9070.0,8960.0,9030.0,1349300
2017-01-12,9030.0,9070.0,9000.0,9040.0,1797240
2017-01-13,9060.0,9060.0,8930.0,8950.0,2017120
2017-01-16,8950.0,8970.0,8700.0,8960.0,1291500
2017-01-17,8810.0,9300.0,8810.0,9240.0,2350910
2017-01-18,9280.0,9530.0,9250.0,9450.0,4600250
2017-01-19,9460.0,9620.0,9300.0,9590.0,2582630
2017-01-20,9530.0,9610.0,9430.0,9500.0,1869720
2017-01-23,9450.0,9650.0,9430.0,9550.0,1821800
2017-01-24,9550.0,9850.0,9550.0,9850.0,3116170
2017-01-25,9850.0,10350.0,9850.0,10200.0,3438690
2017-01-26,10200.0,10200.0,10200.0,10200.0,0
2017-02-03,10000.0,10250.0,9960.0,10050.0,2635600
2017-02-06,9950.0,10100.0,9940.0,9950.0,2846170
2017-02-07,9900.0,9960.0,9760.0,9870.0,1725610
2017-02-08,9890.0,10000.0,9760.0,10000.0,3235360
2017-02-09,10100.0,10350.0,10000.0,10200.0,2145060
2017-02-10,10300.0,10300.0,10100.0,10200.0,1469330
2017-02-13,10150.0,10200.0,9900.0,10000.0,1785570
2017-02-14,10050.0,10300.0,9970.0,10100.0,2570710
2017-02-15,10100.0,10200.0,9950.0,9950.0,2883530
2017-02-16,10050.0,10600.0,9960.0,10450.0,6179030
2017-02-17,10350.0,11000.0,10350.0,11000.0,7610430
2017-02-20,11000.0,11200.0,10950.0,11050.0,5137610
2017-02-21,11050.0,11200.0,10800.0,10850.0,5324970
2017-02-22,10700.0,10950.0,10600.0,10950.0,3962810
2017-02-23,11000.0,11500.0,10950.0,11050.0,5917390
2017-02-24,11000.0,11050.0,10300.0,10300.0,10600150
2017-02-27,10100.0,10750.0,10100.0,10450.0,3082020
2017-02-28,10550.0,10600.0,10250.0,10300.0,1955320
2017-03-01,10300.0,10400.0,9900.0,10200.0,2429100
2017-03-02,10300.0,10300.0,10100.0,10200.0,729090
2017-03-03,10200.0,10900.0,10150.0,10900.0,5044750
2017-03-06,11000.0,11300.0,10700.0,10800.0,4251180
2017-03-07,10700.0,10900.0,10450.0,10500.0,2221470
2017-03-08,10450.0,10750.0,10250.0,10600.0,2451570
2017-03-09,10600.0,10700.0,10450.0,10450.0,1621400
2017-03-10,10450.0,10750.0,10400.0,10450.0,1867560
2017-03-13,10550.0,10800.0,10550.0,10550.0,2546430
2017-03-14,10550.0,10700.0,10450.0,10450.0,985280
2017-03-15,10450.0,10550.0,10350.0,10350.0,1299350
2017-03-16,10400.0,10450.0,10300.0,10350.0,1893910
2017-03-17,10350.0,10450.0,10300.0,10300.0,3764970
2017-03-20,10400.0,10600.0,10400.0,10550.0,1646200
2017-03-21,10550.0,10750.0,10500.0,10700.0,2217160
2017-03-22,10700.0,11100.0,10650.0,10750.0,6347030
2017-03-23,10750.0,11500.0,10750.0,11400.0,9556890
2017-03-24,11600.0,11850.0,11250.0,11400.0,13413190
2017-03-27,11500.0,11650.0,11400.0,11400.0,5749350
2017-03-28,11350.0,11400.0,11150.0,11150.0,4881550
2017-03-29,11200.0,11250.0,11050.0,11200.0,2930270
2017-03-30,11300.0,11500.0,11200.0,11250.0,2842790
2017-03-31,11400.0,11850.0,11200.0,11450.0,10132150
2017-04-03,11600.0,12250.0,11600.0,12250.0,18140820
2017-04-04,12800.0,12800.0,12300.0,12400.0,14362330
2017-04-05,12250.0,12600.0,12050.0,12300.0,7535020
2017-04-07,11700.0,13150.0,11700.0,13150.0,26336490
2017-04-10,13400.0,13800.0,12800.0,12800.0,10962740
2017-04-11,12700.0,13000.0,12550.0,12650.0,5045820
2017-04-12,12550.0,13000.0,12500.0,12750.0,6402260
2017-04-13,12900.0,12900.0,11900.0,11900.0,4994400
2017-04-14,11700.0,12200.0,11350.0,11600.0,5497070
2017-04-17,11900.0,12000.0,11200.0,11200.0,5038810
2017-04-18,11200.0,11300.0,11050.0,11300.0,6659720
2017-04-19,11300.0,11700.0,11300.0,11600.0,3200840
2017-04-20,11600.0,11900.0,11500.0,11600.0,3038720
2017-04-21,11700.0,11800.0,11050.0,11250.0,5004420
2017-04-24,11000.0,11400.0,10500.0,10500.0,4982210
2017-04-25,10750.0,11200.0,10450.0,11100.0,5363000
2017-04-26,11100.0,11850.0,10950.0,11850.0,8428630
2017-04-27,11900.0,12600.0,11900.0,12400.0,11427550
2017-04-28,12400.0,12400.0,12400.0,12400.0,0
2017-05-03,11550.0,11900.0,11500.0,11650.0,4246930
2017-05-04,11600.0,12250.0,11600.0,12150.0,6460220
2017-05-05,12150.0,12150.0,11950.0,12100.0,3470050
2017-05-08,11800.0,12100.0,11700.0,11750.0,2700320
2017-05-09,11750.0,11900.0,11700.0,11900.0,2410010
2017-05-10,11900.0,12500.0,11900.0,12400.0,6651760
2017-05-11,12600.0,12650.0,12200.0,12350.0,3610150
2017-05-12,12200.0,12450.0,12200.0,12200.0,1873730
2017-05-15,12350.0,13000.0,12150.0,12650.0,5718970
2017-05-16,12600.0,12900.0,12300.0,12350.0,3540640
2017-05-17,12500.0,12600.0,12350.0,12500.0,2663290
2017-05-18,12500.0,12900.0,12400.0,12450.0,3435170
2017-05-19,12450.0,12550.0,12350.0,12400.0,2610790
2017-05-22,12400.0,12900.0,12350.0,12700.0,5150660
2017-05-23,12800.0,12900.0,12400.0,12400.0,3420220
2017-05-24,12500.0,12750.0,12400.0,12550.0,2937350
2017-05-25,12550.0,12750.0,12350.0,12400.0,4879100
2017-05-26,12400.0,12450.0,12250.0,12300.0,2984470
2017-05-29,12450.0,13000.0,12400.0,12700.0,6539820
2017-05-30,13000.0,13100.0,12550.0,12600.0,4936770
2017-05-31,12600.0,12750.0,12450.0,12500.0,3648970
2017-06-01,12600.0,12650.0,12450.0,12650.0,1142170
2017-06-02,12650.0,12650.0,12400.0,12400.0,1721590
2017-06-05,12600.0,12900.0,12500.0,12700.0,2279100
2017-06-06,12750.0,13550.0,12750.0,13550.0,13478470
2017-06-07,13900.0,13950.0,13400.0,13450.0,6012030
2017-06-08,13600.0,13950.0,13300.0,13800.0,3670150
2017-06-09,13800.0,14250.0,13700.0,13900.0,8232210
2017-06-12,14000.0,14200.0,13700.0,13800.0,4834940
2017-06-13,13900.0,13950.0,13400.0,13900.0,5375720
2017-06-14,14100.0,14100.0,13900.0,14000.0,3775730
2017-06-15,14000.0,14050.0,13700.0,13750.0,3015650
2017-06-16,13700.0,13900.0,13600.0,13900.0,15373500
2017-06-19,14000.0,14300.0,13950.0,14150.0,6721540
2017-06-20,14300.0,14600.0,14300.0,14550.0,6390010
2017-06-21,14550.0,14700.0,14200.0,14600.0,7121830
2017-06-22,14550.0,14600.0,14200.0,14300.0,4770860
2017-06-23,14200.0,14300.0,13900.0,14200.0,4049930
2017-06-26,14200.0,14200.0,13950.0,14200.0,3266330
2017-06-27,14400.0,14650.0,14200.0,14350.0,3374550
2017-06-28,14400.0,14400.0,14000.0,14200.0,4267300
2017-06-29,14200.0,14200.0,13950.0,14100.0,4432020
2017-06-30,14100.0,14200.0,13450.0,13800.0,8296560
2017-07-03,13800.0,14000.0,13600.0,13600.0,3454090
2017-07-04,13600.0,13650.0,12950.0,13200.0,5322950
2017-07-05,13000.0,13500.0,12900.0,13450.0,3235010
2017-07-06,13600.0,13750.0,13350.0,13450.0,2208080
2017-07-07,13450.0,13450.0,13000.0,13000.0,3089000
2017-07-10,13100.0,13200.0,12800.0,12850.0,2950630
2017-07-11,12850.0,12900.0,12400.0,12600.0,2802160
2017-07-12,12600.0,12850.0,12550.0,12600.0,1922680
2017-07-13,12600.0,12600.0,12600.0,12600.0,0
2017-07-14,12350.0,12500.0,12050.0,12100.0,3526580
2017-07-17,12000.0,12000.0,11400.0,11700.0,4502010
2017-07-18,11700.0,12100.0,11500.0,12100.0,2805030
2017-07-19,12400.0,12400.0,12050.0,12050.0,1307330
2017-07-20,12000.0,12050.0,11800.0,11800.0,1355350
2017-07-21,11800.0,12050.0,11700.0,11700.0,2077700
2017-07-24,11800.0,11900.0,11650.0,11850.0,2354130
2017-07-25,11900.0,12500.0,11850.0,12500.0,3406030
2017-07-26,12550.0,12950.0,12500.0,12800.0,4427250
2017-07-27,12600.0,12900.0,12600.0,12650.0,1883150
2017-07-28,12650.0,12650.0,12650.0,12650.0,0
2017-07-31,12800.0,13200.0,12700.0,13100.0,4492180
2017-08-01,13100.0,13100.0,12950.0,13000.0,1812500
2017-08-02,12700.0,12900.0,12500.0,12550.0,4832580
2017-08-03,12300.0,12700.0,12300.0,12300.0,3983410
2017-08-04,12500.0,12750.0,12400.0,12700.0,2336320
2017-08-07,12700.0,12750.0,12550.0,12550.0,1886350
2017-08-08,12600.0,12600.0,12200.0,12200.0,2403020
2017-08-09,12200.0,12200.0,11800.0,11800.0,3700060
2017-08-10,11800.0,12100.0,11800.0,11950.0,1484820
2017-08-11,11950.0,12100.0,11850.0,11950.0,849270
2017-08-14,12000.0,12150.0,11950.0,12100.0,786880
2017-08-15,12250.0,12250.0,11900.0,11900.0,1378810
2017-08-16,11900.0,12050.0,11700.0,12000.0,1952380
2017-08-17,12050.0,12100.0,11850.0,11850.0,895770
2017-08-18,11850.0,11900.0,11650.0,11750.0,928080
2017-08-21,11800.0,11900.0,11600.0,11700.0,1543440
2017-08-22,11800.0,11800.0,11600.0,11700.0,961110
2017-08-23,11750.0,11950.0,11650.0,11800.0,58245000
2017-08-24,11700.0,11900.0,11700.0,11750.0,120970000
2017-08-25,11750.0,11800.0,11700.0,11800.0,1158950
2017-08-28,11800.0,11900.0,11700.0,11750.0,1104120
2017-08-29,11750.0,11800.0,11600.0,11600.0,2181750
2017-08-30,11750.0,11750.0,11400.0,11450.0,1985990
2017-08-31,11400.0,11800.0,11300.0,11700.0,2599940
2017-09-01,11650.0,11750.0,11500.0,11600.0,1408480
2017-09-04,11600.0,11600.0,11600.0,11600.0,0
2017-09-05,11700.0,11900.0,11500.0,11850.0,2866040
2017-09-06,11800.0,11900.0,11650.0,11650.0,1144370
2017-09-07,11650.0,11900.0,11650.0,11750.0,1020940
2017-09-08,11750.0,11800.0,11650.0,11650.0,912570
2017-09-11,11700.0,11700.0,11600.0,11600.0,1153080
2017-09-12,11600.0,11650.0,11450.0,11450.0,1544140
2017-09-13,11500.0,11550.0,11400.0,11500.0,1356240
2017-09-14,11550.0,11700.0,11450.0,11700.0,2108820
2017-09-15,11700.0,11750.0,11500.0,11500.0,5536640
2017-09-18,11550.0,11950.0,11550.0,11800.0,1770890
2017-09-19,11800.0,11900.0,11700.0,11750.0,1529880
2017-09-20,11750.0,11750.0,11650.0,11700.0,969630
2017-09-21,11700.0,11700.0,11550.0,11600.0,1437280
2017-09-22,11650.0,11750.0,11550.0,11550.0,1343360
2017-09-25,11450.0,12350.0,11450.0,12300.0,7067150
2017-09-26,12550.0,12800.0,12350.0,12500.0,5174150
2017-09-27,12350.0,12450.0,12200.0,12250.0,1455920
2017-09-28,12200.0,12900.0,12200.0,12600.0,6772290
2017-09-29,12600.0,12650.0,12400.0,12500.0,1935010
2017-10-02,12500.0,12650.0,12300.0,12300.0,1909860
2017-10-03,12300.0,12300.0,12000.0,12150.0,1844640
2017-10-04,12000.0,12350.0,12000.0,12200.0,2031090
2017-10-05,12300.0,12350.0,12050.0,12100.0,1454260
2017-10-06,12100.0,12300.0,12050.0,12300.0,1067440
2017-10-09,12600.0,12600.0,12350.0,12450.0,1817050
2017-10-10,12500.0,12500.0,12350.0,12450.0,1321470
2017-10-11,12050.0,12200.0,11600.0,11650.0,9309570
2017-10-12,11650.0,11900.0,11600.0,11600.0,5790330
2017-10-13,11350.0,11600.0,11300.0,11500.0,4143320
2017-10-16,11500.0,11600.0,11350.0,11600.0,1481020
2017-10-17,11600.0,11600.0,11450.0,11450.0,3036700
2017-10-18,11550.0,11550.0,11400.0,11400.0,2845200
2017-10-19,11400.0,11600.0,11350.0,11500.0,2164080
2017-10-20,11550.0,11550.0,11450.0,11550.0,1585160
2017-10-23,11450.0,11500.0,11250.0,11300.0,1899440
2017-10-24,11400.0,11400.0,11200.0,11300.0,1902950
2017-10-25,11300.0,11400.0,11300.0,11300.0,909250
2017-10-26,11350.0,11350.0,11100.0,11350.0,1787310
2017-10-27,11300.0,11350.0,11100.0,11350.0,1152360
2017-10-30,11400.0,11400.0,11150.0,11250.0,1498710
2017-10-31,11250.0,11250.0,11000.0,11000.0,1572270
2017-11-01,11150.0,11200.0,11050.0,11200.0,1126140
2017-11-02,11300.0,11300.0,11100.0,11300.0,1035130
2017-11-03,11350.0,11350.0,11100.0,11100.0,700700
2017-11-06,11250.0,11250.0,11100.0,11200.0,912390
2017-11-07,11250.0,11250.0,11150.0,11200.0,754030
2017-11-08,11200.0,11250.0,11150.0,11200.0,1168460
2017-11-09,11200.0,11250.0,11100.0,11150.0,594710
2017-11-10,11100.0,11450.0,11100.0,11400.0,1951220
2017-11-13,11500.0,11500.0,11200.0,11200.0,995580
2017-11-14,11200.0,11300.0,11150.0,11150.0,1577250
2017-11-15,11200.0,11450.0,11150.0,11450.0,2355030
2017-11-16,11400.0,12050.0,11400.0,12000.0,7844650
2017-11-17,12000.0,12150.0,11650.0,11750.0,4020830
2017-11-20,11700.0,11850.0,11650.0,11850.0,1850790
2017-11-21,11800.0,11950.0,11800.0,11850.0,2810990
2017-11-22,11900.0,12400.0,11750.0,12400.0,7063090
2017-11-23,12450.0,12600.0,12150.0,12350.0,4070330
2017-11-24,12250.0,12450.0,12150.0,12400.0,2655650
2017-11-27,12300.0,12700.0,12250.0,12550.0,4981930
2017-11-28,12600.0,12650.0,12400.0,12600.0,3207750
2017-11-29,12900.0,13300.0,12850.0,13200.0,11303760
2017-11-30,13350.0,13400.0,12950.0,13100.0,6055990
2017-12-01,13050.0,13100.0,12900.0,13000.0,3311710
2017-12-04,13100.0,13700.0,13050.0,13700.0,10088860
2017-12-05,13700.0,13700.0,13000.0,13000.0,5927870
2017-12-06,13000.0,13250.0,12800.0,13250.0,7182320
2017-12-07,13300.0,13350.0,12850.0,13000.0,5844310
2017-12-08,12950.0,13050.0,12850.0,12950.0,3170840
2017-12-11,12800.0,12850.0,12300.0,12300.0,4124060
2017-12-12,12400.0,12550.0,11450.0,12450.0,6713650
2017-12-13,12500.0,12500.0,12000.0,12000.0,1791790
2017-12-14,11900.0,12500.0,11900.0,12500.0,2535990
2017-12-15,12500.0,12700.0,12300.0,12700.0,3316180
2017-12-18,12950.0,12950.0,12600.0,12750.0,3899560
2017-12-19,12900.0,12900.0,12500.0,12550.0,2998760
2017-12-20,12550.0,12750.0,12450.0,12550.0,2961790
2017-12-21,12600.0,12650.0,12300.0,12300.0,3185360
2017-12-22,12300.0,12650.0,12300.0,12550.0,4056860
2017-12-25,12650.0,12750.0,12300.0,12350.0,3767280
2017-12-26,12450.0,12600.0,12350.0,12600.0,3685430
2017-12-27,12650.0,13100.0,12600.0,12850.0,18184020
2017-12-28,12900.0,13100.0,12850.0,12950.0,9637560
2017-12-29,13000.0,13050.0,12800.0,12850.0,7267650
2018-01-01,12850.0,12850.0,12850.0,12850.0,0
2018-01-02,12850.0,13500.0,12700.0,13400.0,16330710
2018-01-03,13500.0,13600.0,13250.0,13350.0,15695370
2018-01-04,13350.0,13850.0,13350.0,13600.0,26486080
2018-01-05,13700.0,13800.0,13450.0,13600.0,17260770
2018-01-08,13700.0,14550.0,13700.0,14550.0,33849130
2018-01-09,15050.0,15250.0,14600.0,14850.0,36237040
2018-01-10,14700.0,15650.0,14500.0,15600.0,49555650
2018-01-11,15400.0,16500.0,15200.0,16250.0,24136660
2018-01-12,16100.0,16500.0,15500.0,15500.0,34240510
2018-01-15,15350.0,15600.0,14950.0,15350.0,37458060
2018-01-16,15000.0,15200.0,14750.0,14950.0,42132270
2018-01-17,14950.0,14950.0,14950.0,14950.0,0
2018-01-18,14150.0,15000.0,13900.0,15000.0,31286260
2018-01-19,15100.0,15600.0,14900.0,15450.0,28631100
2018-01-22,15450.0,15450.0,15450.0,15450.0,0
2018-01-23,15450.0,15450.0,15450.0,15450.0,0
2018-01-24,15450.0,15450.0,15450.0,15450.0,0
2018-01-25,15200.0,15900.0,14850.0,15400.0,48551070
2018-01-26,15600.0,15900.0,15200.0,15700.0,22848750
2018-01-29,15800.0,16750.0,15750.0,16750.0,34304980
2018-01-30,16600.0,17300.0,16250.0,17100.0,30030790
2018-01-31,17200.0,17200.0,16250.0,16250.0,26189160
2018-02-01,16350.0,16400.0,15650.0,15700.0,26002480
2018-02-02,15800.0,16400.0,15550.0,16250.0,13867670
2018-02-05,15850.0,16050.0,15150.0,15150.0,22169590
2018-02-06,14100.0,15400.0,14100.0,15400.0,32948840
2018-02-07,15900.0,16100.0,15600.0,15750.0,14286510
2018-02-08,15350.0,15700.0,14900.0,14900.0,8479180
2018-02-09,14400.0,15150.0,14300.0,14950.0,13411880
2018-02-12,15400.0,15900.0,15200.0,15900.0,9914870
2018-02-13,16000.0,16100.0,15850.0,15900.0,10209140
2018-02-14,15900.0,15900.0,15900.0,15900.0,0
2018-02-15,15900.0,15900.0,15900.0,15900.0,0
2018-02-16,15900.0,15900.0,15900.0,15900.0,0
2018-02-19,15900.0,15900.0,15900.0,15900.0,0
2018-02-20,15900.0,15900.0,15900.0,15900.0,0
2018-02-21,16050.0,16600.0,15900.0,16300.0,16316020
2018-02-22,16100.0,16700.0,16000.0,16100.0,18524560
2018-02-23,16300.0,16450.0,16050.0,16450.0,13291780
2018-02-26,16750.0,16800.0,16050.0,16050.0,19198360
2018-02-27,16200.0,16250.0,15900.0,16150.0,12575110
2018-02-28,16150.0,16150.0,16150.0,16150.0,0
2018-03-01,15900.0,16150.0,15700.0,15750.0,17478590
2018-03-02,15500.0,15800.0,15450.0,15700.0,11091610
2018-03-05,15850.0,15900.0,14950.0,14950.0,17426940
2018-03-06,15200.0,15450.0,15000.0,15300.0,12649080
2018-03-07,15350.0,15350.0,14950.0,15050.0,10579590
2018-03-08,15100.0,15300.0,15000.0,15200.0,6052260
2018-03-09,15500.0,15500.0,15250.0,15400.0,7217150
2018-03-12,15550.0,16150.0,15450.0,15950.0,17246770
2018-03-13,16000.0,16200.0,15900.0,16100.0,11565610
2018-03-14,16200.0,16450.0,16050.0,16050.0,16435110
2018-03-15,16050.0,16400.0,15900.0,16150.0,12448630
2018-03-16,16400.0,16550.0,16250.0,16300.0,22637590
2018-03-19,16500.0,16600.0,16000.0,16050.0,12281670
2018-03-20,15900.0,16050.0,15900.0,16000.0,12481130
2018-03-21,16100.0,16500.0,16050.0,16250.0,19142330
2018-03-22,16300.0,16450.0,15950.0,16000.0,13091770
2018-03-23,15500.0,15800.0,15400.0,15750.0,17462630
2018-03-26,15500.0,15750.0,15400.0,15650.0,10950260
2018-03-27,15800.0,15900.0,15450.0,15500.0,8281210
2018-03-28,15450.0,15500.0,15300.0,15350.0,6522170
2018-03-29,15450.0,15500.0,15200.0,15250.0,5936830
2018-03-30,15300.0,15550.0,15200.0,15500.0,5869030
2018-04-02,15650.0,15900.0,15550.0,15800.0,8270980
2018-04-03,15700.0,15850.0,15600.0,15700.0,6880570
2018-04-04,15750.0,15950.0,15600.0,15600.0,7381040
2018-04-05,15650.0,15750.0,15550.0,15700.0,6478900
2018-04-06,15750.0,16300.0,15750.0,16100.0,19585030
2018-04-09,16200.0,16500.0,16100.0,16400.0,14760890
2018-04-10,16500.0,16650.0,16000.0,16200.0,12994170
2018-04-11,16200.0,16300.0,15550.0,15650.0,16587330
2018-04-12,15550.0,15700.0,15400.0,15600.0,10108420
2018-04-13,15750.0,15800.0,15350.0,15450.0,8574840
2018-04-16,15400.0,15650.0,15200.0,15500.0,4935240
2018-04-17,15500.0,15800.0,15500.0,15800.0,4935860
2018-04-18,15850.0,15850.0,15500.0,15500.0,4805610
2018-04-19,15500.0,15550.0,15000.0,15000.0,9404240
2018-04-20,15200.0,15450.0,14900.0,15450.0,7856380
2018-04-23,15450.0,15500.0,14400.0,14400.0,11192640
2018-04-24,14400.0,14500.0,14100.0,14150.0,7281230
2018-04-25,14150.0,14150.0,14150.0,14150.0,0
2018-04-26,14100.0,14250.0,13200.0,13350.0,8527570
2018-04-27,13350.0,13950.0,13300.0,13850.0,5678620
2018-04-30,13850.0,13850.0,13850.0,13850.0,0
2018-05-01,13850.0,13850.0,13850.0,13850.0,0
2018-05-02,13800.0,13950.0,13200.0,13300.0,5157290
2018-05-03,13300.0,13700.0,12650.0,13700.0,7686450
2018-05-04,13700.0,13800.0,13350.0,13450.0,4008960
2018-05-07,13500.0,13950.0,13400.0,13950.0,4882230
2018-05-08,13900.0,14000.0,13650.0,13650.0,3345160
2018-05-09,13600.0,13750.0,13450.0,13500.0,2448570
2018-05-10,13500.0,13500.0,12800.0,12900.0,5838710
2018-05-11,12900.0,13150.0,12700.0,13100.0,5002790
2018-05-14,13300.0,13300.0,12950.0,13100.0,2829090
2018-05-15,13000.0,13300.0,13000.0,13100.0,3437030
2018-05-16,13050.0,13200.0,13000.0,13050.0,2502170
2018-05-17,13050.0,13100.0,12750.0,12750.0,2661130
2018-05-18,12850.0,12900.0,12500.0,12750.0,3843440
2018-05-21,12800.0,12950.0,12600.0,12600.0,3395120
2018-05-22,12500.0,12550.0,11750.0,12000.0,7441600
2018-05-23,12000.0,12250.0,11800.0,12150.0,4596350
2018-05-24,12200.0,12300.0,11950.0,12050.0,4270750
2018-05-25,12000.0,12100.0,11650.0,11650.0,3719300
2018-05-28,11600.0,11650.0,10850.0,10850.0,7851450
2018-05-29,10900.0,11600.0,10900.0,11600.0,7049880
2018-05-30,11600.0,11750.0,11400.0,11500.0,4355010
2018-05-31,11450.0,11850.0,11400.0,11750.0,3226080
2018-06-01,11700.0,12000.0,11700.0,11750.0,4314180
2018-06-04,12000.0,12550.0,12000.0,12550.0,7419940
2018-06-05,12700.0,13150.0,12600.0,12900.0,8107860
2018-06-06,12800.0,13450.0,12700.0,13300.0,8478470
2018-06-07,13300.0,13350.0,12950.0,13000.0,7106430
2018-06-08,13000.0,13100.0,12850.0,12900.0,3969030
2018-06-11,12800.0,12900.0,12600.0,12600.0,3756490
2018-06-12,12500.0,12950.0,12350.0,12800.0,8549820
2018-06-13,12800.0,12950.0,12700.0,12800.0,1814330
2018-06-14,12750.0,12800.0,12500.0,12550.0,2464740
2018-06-15,12400.0,12600.0,12350.0,12400.0,5462650
2018-06-18,12400.0,12550.0,11850.0,12000.0,3986380
2018-06-19,11950.0,11950.0,11300.0,11700.0,8280170
2018-06-20,11750.0,12000.0,11600.0,12000.0,3285750
2018-06-21,11900.0,12000.0,11650.0,11700.0,2488750
2018-06-22,11600.0,12050.0,11600.0,12000.0,3189890
2018-06-25,12350.0,12350.0,12050.0,12150.0,2825390
2018-06-26,11900.0,12050.0,11850.0,12000.0,2546840
2018-06-27,12000.0,12200.0,11800.0,11800.0,1747560
2018-06-28,11800.0,11850.0,11400.0,11550.0,3663730
2018-06-29,11600.0,11700.0,11500.0,11550.0,1885150
2018-07-02,11550.0,11550.0,11100.0,11100.0,3788190
2018-07-03,11200.0,11250.0,10350.0,10350.0,6648330
2018-07-04,10500.0,10650.0,10250.0,10300.0,6767270
2018-07-05,10250.0,10350.0,9670.0,9720.0,5658700
2018-07-06,9800.0,10400.0,9700.0,10400.0,8470650
2018-07-09,10550.0,10750.0,10400.0,10400.0,4717430
2018-07-10,10400.0,10600.0,10400.0,10400.0,2366070
2018-07-11,10200.0,10300.0,9850.0,10000.0,4815180
2018-07-12,10000.0,10450.0,10000.0,10150.0,3157170
2018-07-13,10350.0,10500.0,10300.0,10450.0,2839740
2018-07-16,10550.0,10700.0,10450.0,10500.0,3023400
2018-07-17,10450.0,10800.0,10450.0,10750.0,4090070
2018-07-18,10850.0,11200.0,10800.0,11200.0,5786780
2018-07-19,11200.0,11200.0,10900.0,11000.0,3335440
2018-07-20,10950.0,11100.0,10800.0,11000.0,4076100
2018-07-23,11300.0,11750.0,11250.0,11750.0,14236370
2018-07-24,11750.0,11750.0,11750.0,11750.0,0
2018-07-25,11400.0,11550.0,11200.0,11200.0,3150420
2018-07-26,11200.0,11350.0,11050.0,11250.0,4443590
2018-07-27,11300.0,11400.0,11200.0,11200.0,2794540
2018-07-30,11300.0,11550.0,11250.0,11500.0,5185990
2018-07-31,11500.0,11700.0,11350.0,11450.0,4228220
2018-08-01,11450.0,11550.0,11300.0,11300.0,2520310
2018-08-02,11250.0,11300.0,10950.0,11050.0,7584140
2018-08-03,11250.0,11300.0,11050.0,11050.0,2413580
2018-08-06,11050.0,11350.0,11000.0,11150.0,3133130
2018-08-07,11200.0,11250.0,11050.0,11150.0,2230630
2018-08-08,11200.0,11350.0,11100.0,11350.0,3476090
2018-08-09,11400.0,11650.0,11200.0,11300.0,8036140
2018-08-10,11250.0,11350.0,11200.0,11250.0,3197060
2018-08-13,11250.0,11800.0,11200.0,11800.0,10740690
2018-08-14,11800.0,11850.0,11600.0,11600.0,3492740
2018-08-15,11700.0,11750.0,11350.0,11400.0,5347120
2018-08-16,11300.0,11400.0,11150.0,11400.0,5988420
2018-08-17,11550.0,11600.0,11200.0,11200.0,3021220
2018-08-20,11200.0,11300.0,11150.0,11150.0,4785990
2018-08-21,11150.0,11300.0,11150.0,11200.0,5557070
2018-08-22,11500.0,11600.0,11400.0,11450.0,6524970
2018-08-23,11450.0,11500.0,11350.0,11400.0,3559200
2018-08-24,11350.0,11450.0,11250.0,11300.0,3585410
2018-08-27,11400.0,11550.0,11350.0,11400.0,4277920
2018-08-28,11500.0,11550.0,11400.0,11500.0,3742950
2018-08-29,11500.0,11550.0,11350.0,11400.0,2619380
2018-08-30,11450.0,11550.0,11300.0,11500.0,5942360
2018-08-31,11550.0,11550.0,11350.0,11350.0,6896940
2018-09-03,11350.0,11350.0,11350.0,11350.0,0
2018-09-04,11350.0,11400.0,11200.0,11250.0,4334470
2018-09-05,11250.0,11250.0,11050.0,11100.0,4077680
2018-09-06,11150.0,11200.0,11000.0,11050.0,3468930
2018-09-07,11300.0,11500.0,11250.0,11300.0,4700940
2018-09-10,11350.0,11800.0,11350.0,11750.0,18103700
2018-09-11,11750.0,11850.0,11600.0,11800.0,6153730
2018-09-12,12000.0,12300.0,11900.0,12100.0,13219870
2018-09-13,12200.0,12200.0,12050.0,12050.0,7446610
2018-09-14,12100.0,12200.0,11950.0,12000.0,5249010
2018-09-17,12000.0,12050.0,11850.0,11850.0,7063020
2018-09-18,11800.0,12400.0,11650.0,12400.0,9697580
2018-09-19,12450.0,12750.0,12350.0,12550.0,11799070
2018-09-20,12550.0,12650.0,12500.0,12650.0,4633490
2018-09-21,12650.0,12900.0,12600.0,12700.0,14011070
2018-09-24,12800.0,12850.0,12500.0,12550.0,7248540
2018-09-25,12550.0,12800.0,12500.0,12650.0,4617820
2018-09-26,12600.0,12900.0,12600.0,12700.0,6316740
2018-09-27,12750.0,12850.0,12600.0,12650.0,4737730
2018-09-28,12700.0,13500.0,12650.0,13500.0,27263660
2018-10-01,13800.0,14400.0,13700.0,13850.0,22126950
2018-10-02,13900.0,14050.0,13700.0,13900.0,9280400
2018-10-03,13800.0,14050.0,13800.0,13850.0,16349910
2018-10-04,13900.0,13950.0,13800.0,13850.0,8961930
2018-10-05,13800.0,14300.0,13750.0,13800.0,19475140
2018-10-08,13650.0,13950.0,13600.0,13850.0,17690010
2018-10-09,13950.0,13950.0,13400.0,13550.0,19464630
2018-10-10,13500.0,13600.0,13300.0,13400.0,9022660
2018-10-11,12950.0,13100.0,12500.0,12500.0,24729240
2018-10-12,12400.0,13100.0,12300.0,13050.0,14990250
2018-10-15,13000.0,13200.0,12900.0,12950.0,7832090
2018-10-16,13000.0,13600.0,13000.0,13600.0,9787750
2018-10-17,13900.0,13900.0,13450.0,13550.0,8921720
2018-10-18,13350.0,13850.0,13350.0,13500.0,14182290
2018-10-19,13300.0,13600.0,13250.0,13450.0,8314490
2018-10-22,13350.0,13500.0,12950.0,12950.0,8687300
2018-10-23,12800.0,12950.0,12350.0,12550.0,9767110
2018-10-24,12600.0,12850.0,12550.0,12600.0,6594420
2018-10-25,11950.0,12650.0,11950.0,12550.0,6170000
2018-10-26,12750.0,12750.0,12300.0,12300.0,5793540
2018-10-29,12300.0,12350.0,11950.0,12000.0,5707100
2018-10-30,11950.0,12300.0,11900.0,11950.0,5088100
2018-10-31,12200.0,12500.0,12150.0,12500.0,5142100
2018-11-01,12550.0,12600.0,12200.0,12200.0,3089540
2018-11-02,12350.0,12550.0,12200.0,12400.0,6058610
2018-11-05,12300.0,12400.0,12200.0,12350.0,3015460
2018-11-06,12400.0,12500.0,12250.0,12250.0,3477960
2018-11-07,12250.0,12800.0,12150.0,12700.0,11330740
2018-11-08,12950.0,12950.0,12600.0,12600.0,3120870
2018-11-09,12550.0,12650.0,12350.0,12350.0,3513330
2018-11-12,12200.0,12350.0,12050.0,12200.0,4618460
2018-11-13,12000.0,12200.0,11950.0,12000.0,5031020
2018-11-14,12000.0,12200.0,11950.0,11950.0,3232520
2018-11-15,12000.0,12050.0,11850.0,12000.0,3884920
2018-11-16,12100.0,12250.0,12000.0,12100.0,3925350
2018-11-19,12250.0,12350.0,12100.0,12300.0,3045270
2018-11-20,12250.0,12300.0,12150.0,12200.0,2691270
2018-11-21,12050.0,12250.0,12050.0,12250.0,2547880
2018-11-22,12300.0,12450.0,12250.0,12400.0,4899780
2018-11-23,12300.0,12400.0,12250.0,12250.0,2126820
2018-11-26,12250.0,12300.0,12150.0,12300.0,1556000
2018-11-27,12300.0,12400.0,12150.0,12150.0,2873780
2018-11-28,12100.0,12250.0,12100.0,12250.0,1972080
2018-11-29,12300.0,12350.0,12150.0,12150.0,3188990
2018-11-30,12150.0,12250.0,12100.0,12150.0,2724410
2018-12-03,12400.0,12800.0,12300.0,12800.0,10674800
2018-12-04,12800.0,12900.0,12650.0,12800.0,5838070
2018-12-05,12550.0,12850.0,12550.0,12700.0,6617680
2018-12-06,12650.0,12750.0,12550.0,12600.0,4741210
2018-12-07,12650.0,12850.0,12600.0,12650.0,5038420
2018-12-10,12600.0,12600.0,12450.0,12500.0,4481730
2018-12-11,12550.0,12600.0,12450.0,12500.0,2968290
2018-12-12,12500.0,12500.0,12500.0,12500.0,0
2018-12-13,12800.0,13100.0,12750.0,12900.0,8926020
2018-12-14,12900.0,13000.0,12700.0,12800.0,3741130
2018-12-17,12650.0,12700.0,12500.0,12500.0,3971510
2018-12-18,12300.0,12450.0,12200.0,12400.0,5276070
2018-12-19,12450.0,12450.0,12200.0,12450.0,3151380
2018-12-20,12300.0,12400.0,12200.0,12250.0,3411360
2018-12-21,12150.0,12300.0,12100.0,12100.0,3672880
2018-12-24,12300.0,12450.0,12150.0,12150.0,3321220
2018-12-25,12000.0,12100.0,11700.0,11950.0,6727130
2018-12-26,12000.0,12150.0,11950.0,11950.0,2469970
2018-12-27,12200.0,12250.0,12000.0,12000.0,2092380
2018-12-28,12000.0,12000.0,12000.0,12000.0,0
2018-12-31,12000.0,12000.0,12000.0,12000.0,0
2019-01-01,12000.0,12000.0,12000.0,12000.0,0
2019-01-02,12000.0,12050.0,11600.0,11600.0,3858970
2019-01-03,11500.0,11650.0,11100.0,11100.0,6284880
2019-01-04,11000.0,11350.0,10900.0,11150.0,3828780
2019-01-07,11400.0,11600.0,11350.0,11500.0,3702750
2019-01-08,11500.0,11500.0,11300.0,11350.0,1572220
2019-01-09,11400.0,11550.0,11400.0,11400.0,2633920
2019-01-10,11500.0,11500.0,11350.0,11400.0,2073630
2019-01-11,11450.0,11500.0,11300.0,11400.0,2169340
2019-01-14,11400.0,11450.0,11200.0,11200.0,1929220
2019-01-15,11250.0,11350.0,11200.0,11300.0,2159900
2019-01-16,11400.0,11450.0,11300.0,11300.0,2682420
2019-01-17,11200.0,11400.0,11150.0,11200.0,1740540
2019-01-18,11250.0,11300.0,11050.0,11250.0,2620140
2019-01-21,11350.0,11850.0,11250.0,11700.0,6690440
2019-01-22,11850.0,11850.0,11700.0,11750.0,4051900
2019-01-23,11750.0,12250.0,11700.0,12150.0,7824620
2019-01-24,12100.0,12200.0,12000.0,12200.0,3754610
2019-01-25,12200.0,12400.0,12150.0,12300.0,6422920
2019-01-28,12350.0,12350.0,12100.0,12250.0,2703010
2019-01-29,12200.0,12200.0,12050.0,12150.0,2870480
2019-01-30,12150.0,12200.0,12000.0,12000.0,2487300
2019-01-31,12100.0,12400.0,12000.0,12300.0,5064350
2019-02-01,12300.0,12400.0,12200.0,12400.0,3351230
2019-02-04,12400.0,12400.0,12400.0,12400.0,0
2019-02-05,12400.0,12400.0,12400.0,12400.0,0
2019-02-06,12400.0,12400.0,12400.0,12400.0,0
2019-02-07,12400.0,12400.0,12400.0,12400.0,0
2019-02-08,12400.0,12400.0,12400.0,12400.0,0
2019-02-11,12600.0,12950.0,12450.0,12950.0,6861770
2019-02-12,12850.0,13100.0,12800.0,13000.0,6462030
2019-02-13,13000.0,13100.0,12950.0,13000.0,6887720
2019-02-14,12900.0,13050.0,12900.0,12950.0,4821990
2019-02-15,12900.0,13050.0,12750.0,13000.0,4507890
2019-02-18,13000.0,13000.0,13000.0,13000.0,0
2019-02-19,13150.0,13150.0,12800.0,12800.0,5247880
2019-02-20,12850.0,13050.0,12700.0,12900.0,5454950
2019-02-21,12950.0,13000.0,12800.0,13000.0,4116800
2019-02-22,12800.0,13150.0,12800.0,13050.0,5726470
2019-02-25,13100.0,13150.0,12900.0,12900.0,6896200
2019-02-26,12900.0,12950.0,12700.0,12800.0,3764680
2019-02-27,12800.0,12900.0,12700.0,12700.0,2409880
2019-02-28,12750.0,12850.0,12300.0,12300.0,8437060
2019-03-01,12500.0,12650.0,12450.0,12650.0,2599200
2019-03-04,12750.0,12800.0,12650.0,12750.0,3063000
2019-03-05,12750.0,12900.0,12650.0,12700.0,4727110
2019-03-06,12700.0,12750.0,12600.0,12650.0,2020170
2019-03-07,12650.0,12900.0,12650.0,12800.0,3504640
2019-03-08,12800.0,12800.0,12800.0,12800.0,0
2019-03-11,12600.0,12650.0,12450.0,12550.0,2106880
2019-03-12,12600.0,12700.0,12500.0,12700.0,3782210
2019-03-13,12750.0,12950.0,12750.0,12800.0,6154040
2019-03-14,12850.0,13150.0,12750.0,13000.0,8475690
2019-03-15,13000.0,13050.0,12850.0,12950.0,4399800
2019-03-18,12950.0,13050.0,12850.0,12850.0,3314010
2019-03-19,12800.0,12900.0,12700.0,12700.0,4335960
2019-03-20,12650.0,12850.0,12650.0,12800.0,4222210
2019-03-21,12850.0,12900.0,12500.0,12500.0,4744360
2019-03-22,12600.0,12650.0,12450.0,12550.0,3001570
2019-03-25,12300.0,12450.0,12150.0,12250.0,3929770
2019-03-26,12300.0,12450.0,12300.0,12300.0,1684920
2019-03-27,12350.0,12400.0,12300.0,12350.0,1242070
2019-03-28,12300.0,12300.0,12150.0,12150.0,4031920
2019-03-29,12200.0,12350.0,12150.0,12200.0,3432790
2019-04-01,12200.0,12400.0,12200.0,12400.0,1685150
2019-04-02,12450.0,12500.0,12200.0,12200.0,1825870
2019-04-03,12200.0,12300.0,12150.0,12250.0,1428070
2019-04-04,12300.0,12300.0,12200.0,12300.0,1093530
2019-04-05,12300.0,12300.0,12200.0,12250.0,1143430
2019-04-08,12250.0,12300.0,12150.0,12250.0,1881280
2019-04-09,12300.0,12350.0,12200.0,12250.0,2722310
2019-04-10,12200.0,12250.0,12050.0,12100.0,1969270
2019-04-11,12200.0,12200.0,12050.0,12050.0,788760
2019-04-12,12050.0,12150.0,12050.0,12100.0,1541760
2019-04-15,12100.0,12100.0,12100.0,12100.0,0
2019-04-16,12000.0,12150.0,11850.0,12050.0,3054010
2019-04-17,12150.0,12200.0,11900.0,11900.0,1712260
2019-04-18,12000.0,12000.0,11750.0,11750.0,2439170
2019-04-19,11800.0,11900.0,11750.0,11750.0,1650400
2019-04-22,11800.0,11800.0,11550.0,11550.0,2430560
2019-04-23,11600.0,12200.0,11550.0,12050.0,4444940
2019-04-24,12150.0,12200.0,12050.0,12050.0,2009830
2019-04-25,12050.0,12050.0,11800.0,11850.0,2901000
2019-04-26,11850.0,12000.0,11850.0,11950.0,1503470
2019-04-29,11950.0,11950.0,11950.0,11950.0,0
2019-04-30,11950.0,11950.0,11950.0,11950.0,0
2019-05-01,11950.0,11950.0,11950.0,11950.0,0
2019-05-02,12100.0,12100.0,11850.0,11900.0,2096650
2019-05-03,11900.0,12400.0,11900.0,12350.0,8683660
2019-05-06,12200.0,12200.0,12050.0,12050.0,2757880
2019-05-07,12150.0,12200.0,12050.0,12100.0,3868150
2019-05-08,11950.0,12250.0,11950.0,12150.0,4254250
2019-05-09,12150.0,12200.0,11850.0,11900.0,6642650
2019-05-10,12000.0,12050.0,11900.0,12000.0,1969450
2019-05-13,11950.0,12050.0,11850.0,11950.0,1962990
2019-05-14,11850.0,11950.0,11800.0,11900.0,2992760
2019-05-15,12000.0,12150.0,11950.0,12050.0,3044590
2019-05-16,12150.0,12150.0,11950.0,12000.0,1844380
2019-05-17,11950.0,12050.0,11950.0,11950.0,1816710
2019-05-20,12000.0,12050.0,11900.0,11950.0,2869040
2019-05-21,12000.0,12200.0,11950.0,12050.0,5450380
2019-05-22,12150.0,12200.0,12000.0,12050.0,4453110
2019-05-23,12050.0,12150.0,11950.0,12000.0,1873810
2019-05-24,11900.0,11950.0,11750.0,11800.0,6040540
2019-05-27,11800.0,11900.0,11750.0,11800.0,1256990
2019-05-28,11850.0,11950.0,11750.0,11800.0,2307740
2019-05-29,11850.0,11850.0,11750.0,11750.0,1765170
2019-05-30,11750.0,11900.0,11700.0,11800.0,2100560
2019-05-31,11750.0,11900.0,11700.0,11750.0,1928870
2019-06-03,11700.0,11750.0,11500.0,11600.0,3847140
2019-06-04,11650.0,11700.0,11550.0,11600.0,2440450
2019-06-05,11700.0,11800.0,11650.0,11650.0,2401360
2019-06-06,11650.0,11700.0,11550.0,11550.0,1900010
2019-06-07,11600.0,11750.0,11600.0,11750.0,1429480
2019-06-10,11750.0,11850.0,11750.0,11800.0,3030830
2019-06-11,11850.0,11850.0,11700.0,11700.0,1201010
2019-06-12,11700.0,11800.0,11650.0,11650.0,556040
2019-06-13,11650.0,11700.0,11600.0,11600.0,1308500
2019-06-14,11650.0,11750.0,11600.0,11650.0,1135670
2019-06-17,11650.0,11700.0,11450.0,11450.0,2865290
2019-06-18,11450.0,11500.0,11200.0,11200.0,3530280
2019-06-19,11350.0,11400.0,11250.0,11300.0,1284560
2019-06-20,11300.0,11550.0,11300.0,11500.0,2744170
2019-06-21,11600.0,11600.0,11400.0,11450.0,15020810
2019-06-24,11500.0,11700.0,11500.0,11700.0,3159730
2019-06-25,11700.0,11800.0,11600.0,11650.0,2499830
2019-06-26,11600.0,11650.0,11500.0,11500.0,2815950
2019-06-27,11550.0,11550.0,11300.0,11300.0,3913270
2019-06-28,11350.0,11400.0,11250.0,11350.0,3056690
2019-07-01,11450.0,11600.0,11450.0,11550.0,4227550
2019-07-02,11550.0,11550.0,11400.0,11450.0,2530270
2019-07-03,11500.0,11500.0,11350.0,11350.0,2342120
2019-07-04,11350.0,11350.0,11350.0,11350.0,0
2019-07-05,11350.0,11350.0,11350.0,11350.0,0
2019-07-08,11350.0,11350.0,11350.0,11350.0,0
2019-07-09,11350.0,11350.0,11350.0,11350.0,0
2019-07-10,11350.0,11350.0,11350.0,11350.0,0
2019-07-11,11350.0,11350.0,11350.0,11350.0,0
2019-07-12,11350.0,11350.0,11350.0,11350.0,0
2019-07-15,11350.0,11350.0,11350.0,11350.0,0
2019-07-16,11350.0,11350.0,11350.0,11350.0,0
2019-07-17,11450.0,11650.0,11400.0,11550.0,7842600
2019-07-18,11550.0,11650.0,11500.0,11550.0,3647500
2019-07-19,11550.0,11750.0,11550.0,11700.0,4763810
2019-07-22,11650.0,11750.0,11500.0,11500.0,2825190
2019-07-23,11550.0,11600.0,11500.0,11500.0,1904960
2019-07-24,11500.0,11550.0,11350.0,11350.0,4401900
2019-07-25,11350.0,11350.0,11350.0,11350.0,0
2019-07-26,11350.0,11350.0,11350.0,11350.0,0
2019-07-29,11350.0,11350.0,11350.0,11350.0,0
2019-07-30,11350.0,11350.0,11350.0,11350.0,0
2019-07-31,10900.0,10900.0,10600.0,10700.0,3284590
2019-08-01,10700.0,10750.0,10500.0,10500.0,5005510
2019-08-02,10400.0,10800.0,10350.0,10600.0,3080950
2019-08-05,10550.0,10600.0,10400.0,10450.0,2081320
2019-08-06,10450.0,10450.0,10450.0,10450.0,0
2019-08-07,10450.0,10600.0,10400.0,10400.0,1977070
2019-08-08,10400.0,10450.0,10350.0,10450.0,1509710
2019-08-09,10450.0,10450.0,10450.0,10450.0,0
2019-08-12,10400.0,10450.0,10300.0,10350.0,1447220
2019-08-13,10300.0,10350.0,10150.0,10200.0,4097420
2019-08-14,10350.0,10350.0,10150.0,10150.0,3673350
2019-08-15,10050.0,10350.0,10000.0,10350.0,3229580
2019-08-16,10350.0,10350.0,10350.0,10350.0,0
2019-08-19,10350.0,10350.0,10350.0,10350.0,0
2019-08-20,10350.0,10350.0,10350.0,10350.0,0
2019-08-21,10300.0,10300.0,10200.0,10250.0,2443720
2019-08-22,10250.0,10400.0,10250.0,10300.0,2733650
2019-08-23,10400.0,10750.0,10300.0,10700.0,6009530
2019-08-26,10500.0,10650.0,10450.0,10550.0,3639220
2019-08-27,10550.0,10650.0,10450.0,10450.0,3932380
2019-08-28,10500.0,10500.0,10350.0,10350.0,2132130
2019-08-29,10400.0,10450.0,10300.0,10350.0,1731710
2019-08-30,10350.0,10400.0,10300.0,10400.0,1448930
2019-09-02,10400.0,10400.0,10400.0,10400.0,0
2019-09-03,10400.0,10400.0,10200.0,10200.0,3237800
2019-09-04,10200.0,10250.0,10050.0,10150.0,2860970
2019-09-05,10150.0,10300.0,10100.0,10150.0,2863620
2019-09-06,10200.0,10200.0,10100.0,10150.0,1276330
2019-09-09,10250.0,10250.0,10100.0,10100.0,1396010
2019-09-10,10150.0,10150.0,10000.0,10050.0,5125250
2019-09-11,10000.0,10100.0,10000.0,10050.0,1463100
2019-09-12,10100.0,10150.0,10050.0,10150.0,2176840
2019-09-13,10150.0,10350.0,10100.0,10350.0,4211290
2019-09-16,10350.0,10400.0,10250.0,10350.0,2484340
2019-09-17,10250.0,10350.0,10150.0,10200.0,3517780
2019-09-18,10200.0,10300.0,10150.0,10200.0,3453760
2019-09-19,10200.0,10550.0,10150.0,10550.0,8105240
2019-09-20,10600.0,10600.0,10350.0,10350.0,3594730
2019-09-23,10350.0,10750.0,10350.0,10550.0,10246570
2019-09-24,10550.0,10650.0,10500.0,10500.0,2859850
2019-09-25,10450.0,10650.0,10450.0,10600.0,2613640
2019-09-26,10600.0,10700.0,10550.0,10700.0,3308980
2019-09-27,10700.0,10750.0,10600.0,10650.0,4205060
2019-09-30,10700.0,10750.0,10550.0,10550.0,3901750
2019-10-01,10550.0,10600.0,10450.0,10500.0,3586610
2019-10-02,10500.0,10600.0,10400.0,10400.0,3177060
2019-10-03,10350.0,10500.0,10300.0,10500.0,2364630
2019-10-04,10500.0,10600.0,10400.0,10400.0,1576130
2019-10-07,10450.0,10600.0,10400.0,10500.0,2965990
2019-10-08,10600.0,11000.0,10550.0,11000.0,11682970
2019-10-09,11000.0,11100.0,10850.0,10900.0,5653080
2019-10-10,10900.0,10950.0,10800.0,10800.0,3374460
2019-10-11,10800.0,11250.0,10800.0,11000.0,8083600
2019-10-14,11100.0,11300.0,11100.0,11100.0,6856600
2019-10-15,11100.0,11200.0,11000.0,11050.0,2781510
2019-10-16,11100.0,11200.0,11000.0,11050.0,2388980
2019-10-17,11050.0,11050.0,10900.0,10900.0,3904920
2019-10-18,10950.0,11050.0,10800.0,10800.0,3235350
2019-10-21,10850.0,10950.0,10700.0,10950.0,2982590
2019-10-22,10900.0,11100.0,10900.0,11000.0,3812730
2019-10-23,11000.0,11100.0,10950.0,11000.0,1855200
2019-10-24,11000.0,11050.0,10900.0,10950.0,2084420
2019-10-25,10950.0,11000.0,10850.0,10900.0,1939620
2019-10-28,11000.0,11000.0,10750.0,10850.0,5437940
2019-10-29,10800.0,10900.0,10650.0,10650.0,4553070
2019-10-30,10700.0,10800.0,10650.0,10700.0,2781010
2019-10-31,10800.0,10850.0,10650.0,10800.0,3127620
2019-11-01,10800.0,10950.0,10700.0,10900.0,3145580
2019-11-04,10900.0,11100.0,10850.0,10900.0,6499460
2019-11-05,10950.0,10950.0,10850.0,10950.0,4411700
2019-11-06,10950.0,11050.0,10900.0,11000.0,4062650
2019-11-07,11000.0,11000.0,10850.0,10900.0,3848980
2019-11-08,10900.0,11000.0,10850.0,10850.0,2863990
2019-11-11,10850.0,10900.0,10750.0,10800.0,3088540
2019-11-12,10850.0,10850.0,10750.0,10750.0,1447030
2019-11-13,10800.0,10900.0,10750.0,10800.0,2249060
2019-11-14,10800.0,10850.0,10650.0,10700.0,2044260
2019-11-15,10800.0,10800.0,10650.0,10700.0,1610810
2019-11-18,10750.0,10800.0,10600.0,10600.0,2213290
2019-11-19,10550.0,10650.0,10550.0,10600.0,2332900
2019-11-20,10600.0,10600.0,10350.0,10400.0,4829400
2019-11-21,10350.0,10450.0,10200.0,10200.0,4304070
2019-11-22,10300.0,10400.0,10100.0,10250.0,3604040
2019-11-25,10300.0,10300.0,10100.0,10150.0,2010840
2019-11-26,10200.0,10250.0,10100.0,10150.0,3956940
2019-11-27,10200.0,10250.0,10100.0,10100.0,2201930
2019-11-28,10100.0,10200.0,10050.0,10100.0,2397650
2019-11-29,10150.0,10200.0,10050.0,10100.0,2157840
2019-12-02,10100.0,10150.0,10000.0,10000.0,3128820
2019-12-06,10000.0,10100.0,9990.0,10000.0,1579960
2019-12-09,10000.0,10050.0,9920.0,9950.0,1893020
2019-12-10,9900.0,10050.0,9900.0,10050.0,2040130
2019-12-11,10050.0,10100.0,9950.0,10050.0,1047810
2019-12-12,10050.0,10100.0,10000.0,10100.0,1650790
2019-12-13,10150.0,10200.0,10050.0,10050.0,1361390
2019-12-16,10050.0,10100.0,10000.0,10050.0,1601000
2019-12-17,10100.0,10100.0,9990.0,10050.0,2119490
2019-12-18,10000.0,10050.0,9900.0,9940.0,2113420
2019-12-19,10050.0,10050.0,9900.0,9930.0,2703230
2019-12-20,9980.0,10050.0,9950.0,10000.0,1537200
2019-12-23,10100.0,10300.0,10100.0,10200.0,3414120
2019-12-24,10200.0,10250.0,10100.0,10100.0,1559130
2019-12-25,10200.0,10250.0,10100.0,10100.0,1263440
2019-12-26,10100.0,10150.0,10000.0,10100.0,2335560
2019-12-27,10100.0,10200.0,10000.0,10150.0,2014010
2019-12-30,10100.0,10250.0,10100.0,10100.0,1960860
2019-12-31,10100.0,10200.0,10050.0,10050.0,1831670
2020-01-01,10050.0,10050.0,10050.0,10050.0,0
2020-01-02,10100.0,10300.0,10000.0,10200.0,2914530
2020-01-03,10250.0,10300.0,10150.0,10200.0,1975250
2020-01-06,10100.0,10150.0,10000.0,10050.0,2302490
2020-01-07,10050.0,10150.0,10000.0,10150.0,2154970
2020-01-08,10050.0,10100.0,9970.0,9980.0,4490220
2020-01-09,10100.0,10200.0,10050.0,10150.0,2443480
2020-01-10,10150.0,10500.0,10150.0,10500.0,10754160
2020-01-13,10500.0,10550.0,10300.0,10400.0,3390120
2020-01-14,10400.0,10450.0,10300.0,10300.0,1811340
2020-01-15,10300.0,10350.0,10200.0,10250.0,2479650
2020-01-16,10300.0,10550.0,10300.0,10400.0,9556920
2020-01-17,10450.0,10700.0,10400.0,10600.0,6094750
2020-01-20,10500.0,10750.0,10500.0,10700.0,4135740
2020-01-21,10700.0,11050.0,10700.0,10900.0,7604200
2020-01-22,10900.0,10950.0,10750.0,10900.0,7030700
2020-01-23,10900.0,10900.0,10900.0,10900.0,0
2020-01-24,10900.0,10900.0,10900.0,10900.0,0
2020-01-27,10900.0,10900.0,10900.0,10900.0,0
2020-01-28,10900.0,10900.0,10900.0,10900.0,0
2020-01-29,10900.0,10900.0,10900.0,10900.0,0
2020-01-30,10800.0,10800.0,10200.0,10350.0,8264520
2020-01-31,10300.0,10500.0,10200.0,10200.0,6261030
2020-02-03,10000.0,10400.0,9820.0,10250.0,7105100
2020-02-04,10250.0,10400.0,10100.0,10200.0,5433400
2020-02-05,10350.0,10450.0,10250.0,10250.0,3967950
2020-02-06,10300.0,10950.0,10300.0,10950.0,22697950
2020-02-07,11000.0,11450.0,10950.0,11150.0,14963660
2020-02-10,10900.0,11100.0,10800.0,10950.0,5335400
2020-02-11,10950.0,11450.0,10900.0,11350.0,14652800
2020-02-12,11400.0,11800.0,11400.0,11550.0,14679180
2020-02-13,11500.0,11600.0,11300.0,11500.0,7807880
2020-02-14,11550.0,11900.0,11450.0,11600.0,17826750
2020-02-17,11650.0,11850.0,11500.0,11650.0,8914870
2020-02-18,11650.0,11750.0,11350.0,11550.0,8502440
2020-02-19,11400.0,11550.0,11300.0,11400.0,6823570
2020-02-20,11500.0,11550.0,11200.0,11300.0,7140210
2020-02-21,11250.0,11500.0,11200.0,11300.0,7650810
2020-02-24,11000.0,11100.0,10750.0,10850.0,11765040
2020-02-25,10700.0,11150.0,10700.0,11150.0,5669010
2020-02-26,11000.0,11400.0,10950.0,11200.0,8381260
2020-02-27,11300.0,11700.0,11150.0,11650.0,13069630
2020-02-28,11350.0,11750.0,11350.0,11600.0,11942990
2020-03-02,11800.0,12400.0,11750.0,12350.0,27550640
2020-03-03,12600.0,12700.0,12150.0,12250.0,15552620
2020-03-05,12650.0,12700.0,12200.0,12200.0,17517480
2020-03-06,12100.0,12400.0,12100.0,12250.0,12062750
2020-03-09,11500.0,11700.0,11400.0,11400.0,17015340
2020-03-10,11000.0,11500.0,10850.0,11400.0,15319250
2020-03-11,11450.0,11500.0,10650.0,10650.0,18789590
2020-03-12,10000.0,10250.0,9930.0,9950.0,21362410
2020-03-13,9300.0,10550.0,9280.0,10400.0,16337900
2020-03-16,10400.0,10500.0,9800.0,9990.0,9159620
2020-03-17,9900.0,10200.0,9560.0,10200.0,8611390
2020-03-18,10400.0,10400.0,10000.0,10000.0,8306390
2020-03-19,9900.0,9960.0,9600.0,9750.0,7516500
2020-03-20,9810.0,9920.0,9740.0,9800.0,4889230
2020-03-23,9300.0,9500.0,9120.0,9120.0,10633200
2020-03-24,9120.0,9170.0,8800.0,8800.0,7815200
2020-03-25,9150.0,9260.0,8900.0,9110.0,9894240
2020-03-26,9110.0,9110.0,8700.0,8700.0,7221630
2020-03-27,8750.0,8750.0,8210.0,8210.0,11651840
2020-03-30,7700.0,7990.0,7640.0,7640.0,16130350
2020-03-31,7860.0,7860.0,7120.0,7300.0,12191270
2020-04-01,7200.0,7810.0,7200.0,7810.0,8807420
2020-04-02,7810.0,7810.0,7810.0,7810.0,0
2020-04-03,7990.0,8350.0,7900.0,8350.0,10672810
2020-04-06,8900.0,8930.0,8610.0,8930.0,12901110
2020-04-07,9400.0,9400.0,9010.0,9180.0,17284520
2020-04-08,9000.0,9290.0,8800.0,9280.0,8761230
2020-04-09,9400.0,9490.0,9180.0,9190.0,9821780
2020-04-10,9150.0,9230.0,8950.0,9010.0,10709980
2020-04-13,9010.0,9240.0,9010.0,9040.0,7684370
2020-04-14,9100.0,9160.0,8940.0,9160.0,8530630
2020-04-15,9200.0,9800.0,9180.0,9700.0,14857170
2020-04-16,9500.0,9950.0,9500.0,9720.0,7634020
2020-04-17,9900.0,9940.0,9720.0,9730.0,8375490
2020-04-20,9700.0,9850.0,9540.0,9550.0,11284390
2020-04-21,9350.0,9450.0,8970.0,8990.0,16193310
2020-04-22,8730.0,9290.0,8730.0,9170.0,8168410
2020-04-23,9350.0,9380.0,9150.0,9150.0,5414960
2020-04-24,9150.0,9200.0,9040.0,9100.0,4794810
2020-04-27,9180.0,9230.0,8990.0,8990.0,8059440
2020-04-28,9080.0,9120.0,8940.0,8980.0,7077710
2020-04-29,8980.0,8980.0,8980.0,8980.0,0
2020-04-30,8980.0,8980.0,8980.0,8980.0,0
2020-05-01,8980.0,8980.0,8980.0,8980.0,0
2020-05-04,9100.0,9100.0,8980.0,8980.0,4402500
2020-05-05,8980.0,9090.0,8930.0,8970.0,4803310
2020-05-06,9000.0,9140.0,8930.0,9140.0,8419490
2020-05-07,9180.0,9380.0,9170.0,9340.0,12175430
2020-05-08,9400.0,9770.0,9400.0,9520.0,15592700
2020-05-11,9670.0,9750.0,9540.0,9690.0,10595020
2020-05-12,9690.0,9750.0,9460.0,9700.0,11311610
2020-05-13,9700.0,10150.0,9550.0,9960.0,19002960
2020-05-14,9880.0,10300.0,9790.0,10050.0,12577730
2020-05-15,10050.0,10050.0,10050.0,10050.0,0
2020-05-18,10050.0,10050.0,10050.0,10050.0,0
2020-05-19,9920.0,10150.0,9860.0,10150.0,15436660
2020-05-20,10150.0,10150.0,10150.0,10150.0,0
2020-05-21,10500.0,10550.0,10250.0,10500.0,10196270
2020-05-22,10300.0,10600.0,10200.0,10200.0,14870140
2020-05-25,10250.0,10400.0,10100.0,10250.0,9448390
2020-05-26,10300.0,10450.0,10300.0,10450.0,9396730
2020-05-27,10450.0,10550.0,10000.0,10100.0,15368550
2020-05-28,10100.0,10600.0,10050.0,10300.0,16769210
2020-05-29,10200.0,10450.0,10200.0,10300.0,6856490
2020-06-01,10400.0,10750.0,10350.0,10750.0,18020090
2020-06-02,10850.0,10900.0,10500.0,10500.0,13896530
2020-06-03,10600.0,10700.0,10500.0,10650.0,8714660
2020-06-04,10750.0,10900.0,10600.0,10600.0,13972710
2020-06-05,10600.0,10600.0,10600.0,10600.0,0
2020-06-08,10600.0,10600.0,10600.0,10600.0,0
2020-06-09,10600.0,10600.0,10600.0,10600.0,0
2020-06-10,10750.0,11500.0,10600.0,11500.0,30775990
2020-06-11,12150.0,12300.0,11050.0,11050.0,38094150
2020-06-12,11200.0,11800.0,11000.0,11800.0,31670570
2020-06-15,12100.0,12600.0,11750.0,12050.0,31268310
2020-06-16,12500.0,12500.0,11900.0,11900.0,18761140
2020-06-17,11850.0,11950.0,11550.0,11600.0,15663170
2020-06-18,11400.0,11750.0,11350.0,11400.0,13243590
2020-06-19,11550.0,11950.0,11400.0,11900.0,15350170
2020-06-22,12000.0,12000.0,11650.0,11700.0,10790120
2020-06-23,11650.0,11800.0,11400.0,11550.0,12607230
2020-06-24,11600.0,11650.0,11200.0,11200.0,11843150
2020-06-25,11150.0,11500.0,10950.0,11450.0,10662480
2020-06-26,11600.0,11650.0,11200.0,11300.0,6481490
2020-06-29,11300.0,11300.0,10900.0,10950.0,13159470
2020-06-30,11100.0,11200.0,10600.0,10750.0,10862380
2020-07-01,10800.0,11350.0,10750.0,11200.0,9138780
2020-07-02,11200.0,11300.0,11000.0,11050.0,4903810
2020-07-03,11150.0,11200.0,11000.0,11000.0,3885370
2020-07-06,11050.0,11600.0,11050.0,11550.0,16285280
2020-07-07,11600.0,11700.0,11400.0,11450.0,8914970
2020-07-08,11400.0,11700.0,11350.0,11500.0,9193690
2020-07-09,11700.0,11850.0,11500.0,11800.0,14045940
2020-07-10,11800.0,11800.0,11800.0,11800.0,0
2020-07-13,11650.0,11700.0,11450.0,11450.0,6095670
2020-07-14,11400.0,11650.0,11350.0,11550.0,6750550
2020-07-15,11550.0,11550.0,11550.0,11550.0,0
2020-07-16,11550.0,11600.0,11450.0,11600.0,5104280
2020-07-17,11600.0,11750.0,11500.0,11600.0,9198320
2020-07-20,11650.0,11700.0,11450.0,11450.0,8089560
2020-07-21,11450.0,11600.0,11400.0,11500.0,7047320
2020-07-22,11550.0,11600.0,11250.0,11300.0,8504960
2020-07-23,11350.0,11400.0,11100.0,11250.0,8264440
2020-07-24,11150.0,11250.0,10600.0,10900.0,20162440
2020-07-27,10400.0,10650.0,10150.0,10150.0,26014460
2020-07-28,10200.0,10600.0,10100.0,10550.0,13933220
2020-07-29,10250.0,10350.0,9950.0,10150.0,14831390
2020-07-30,10200.0,10350.0,10150.0,10200.0,6312810
2020-07-31,9900.0,10250.0,9900.0,10100.0,5740090
2020-08-03,10150.0,10450.0,10050.0,10350.0,9792690
2020-08-04,10500.0,10500.0,10350.0,10500.0,6786090
2020-08-05,10500.0,10700.0,10400.0,10650.0,8289610
2020-08-06,10600.0,10700.0,10500.0,10500.0,5678190
2020-08-07,10550.0,10550.0,10400.0,10450.0,7123120
2020-08-10,10550.0,10800.0,10550.0,10600.0,11949300
2020-08-11,10700.0,10750.0,10500.0,10650.0,7719420
2020-08-12,10650.0,10800.0,10600.0,10750.0,8772530
2020-08-13,10750.0,10900.0,10750.0,10850.0,6495400
2020-08-14,10850.0,10850.0,10650.0,10700.0,8807480
2020-08-17,10700.0,10750.0,10550.0,10650.0,5192680
2020-08-18,10650.0,10800.0,10600.0,10750.0,5212200
2020-08-19,10800.0,10800.0,10700.0,10800.0,4210320
2020-08-20,10750.0,10850.0,10650.0,10650.0,6059540
2020-08-21,10700.0,11050.0,10650.0,11050.0,12934020
2020-08-24,11100.0,11400.0,11100.0,11300.0,14295580
2020-08-25,11300.0,11400.0,11200.0,11250.0,9624650
2020-08-26,11250.0,11300.0,11100.0,11200.0,9988740
2020-08-27,11250.0,11350.0,11150.0,11300.0,6803050
2020-08-28,11400.0,11450.0,11300.0,11350.0,10087760
2020-08-31,11500.0,11550.0,11200.0,11200.0,8672820
2020-09-01,11200.0,11350.0,11150.0,11300.0,4572030
2020-09-02,11300.0,11300.0,11300.0,11300.0,0
2020-09-03,11400.0,11450.0,11300.0,11400.0,11143030
2020-09-04,11250.0,11350.0,11200.0,11300.0,9881990
2020-09-07,11400.0,11400.0,11200.0,11200.0,6937040
2020-09-08,11250.0,11250.0,11100.0,11250.0,6011590
2020-09-09,11150.0,11300.0,11050.0,11300.0,8875270
2020-09-10,11350.0,11400.0,11200.0,11200.0,5248510
2020-09-11,11150.0,11250.0,11100.0,11150.0,5393090
2020-09-14,11200.0,11350.0,11200.0,11300.0,6799070
2020-09-15,11350.0,11800.0,11250.0,11600.0,24122170
2020-09-16,11650.0,11700.0,11550.0,11550.0,10179630
2020-09-17,11550.0,11700.0,11450.0,11450.0,11363380
2020-09-18,11450.0,11650.0,11450.0,11650.0,8721320
2020-09-21,11800.0,12050.0,11750.0,11750.0,17853730
2020-09-22,11750.0,12550.0,11650.0,12550.0,45707880
2020-09-23,12700.0,13250.0,12500.0,12650.0,24791380
2020-09-24,12600.0,12700.0,12400.0,12450.0,17728750
2020-09-25,12450.0,13300.0,12400.0,13300.0,39321600
2020-09-28,13700.0,14050.0,13600.0,13800.0,28883470
2020-09-29,13800.0,13950.0,13300.0,13300.0,22791400
2020-09-30,13300.0,13900.0,12950.0,13800.0,28314430
2020-10-01,14000.0,14200.0,13650.0,13750.0,13285440
2020-10-02,13750.0,13900.0,13150.0,13450.0,23206500
2020-10-05,13650.0,13800.0,13400.0,13700.0,22603020
2020-10-06,13750.0,14400.0,13700.0,14200.0,27112100
2020-10-07,14050.0,14300.0,13700.0,13700.0,19465920
2020-10-08,13800.0,13850.0,13450.0,13550.0,21328780
2020-10-09,13600.0,13800.0,13450.0,13550.0,12474800
2020-10-12,13700.0,13800.0,13300.0,13300.0,17962060
2020-10-13,13300.0,13600.0,13200.0,13450.0,12669050
2020-10-14,13500.0,13750.0,13350.0,13500.0,12364650
2020-10-15,13600.0,14000.0,13450.0,13850.0,20799860
2020-10-16,13850.0,13950.0,13700.0,13750.0,13048220
2020-10-19,13800.0,14300.0,13750.0,14100.0,20547610
2020-10-20,14000.0,14350.0,13950.0,14200.0,17698150
2020-10-21,14350.0,14750.0,14300.0,14400.0,25828950
2020-10-22,14350.0,14700.0,14200.0,14600.0,18152400
2020-10-23,14800.0,14800.0,14500.0,14550.0,13634620
2020-10-26,14500.0,14650.0,14100.0,14100.0,26821200
2020-10-27,14100.0,14200.0,13300.0,13300.0,37138550
2020-10-28,13300.0,13650.0,13100.0,13100.0,22628960
2020-10-29,13000.0,13500.0,13000.0,13500.0,13046030
2020-10-30,13500.0,13550.0,13050.0,13300.0,8184700
2020-11-02,13400.0,13450.0,13250.0,13450.0,5463810
2020-11-03,13500.0,13700.0,13450.0,13600.0,12021500
2020-11-04,13700.0,13900.0,13500.0,13650.0,9734960
2020-11-05,13650.0,13700.0,13350.0,13350.0,8295550
2020-11-06,13500.0,13500.0,13250.0,13350.0,6207220
2020-11-09,13500.0,13700.0,13400.0,13700.0,7874430
2020-11-10,13950.0,14000.0,13600.0,13600.0,9473760
2020-11-11,13700.0,13700.0,13450.0,13600.0,7954210
2020-11-12,13600.0,13750.0,13600.0,13700.0,6757380
2020-11-13,13700.0,13950.0,13700.0,13900.0,15076240
2020-11-16,14050.0,14100.0,13650.0,13650.0,12294300
2020-11-17,13700.0,13900.0,13600.0,13850.0,9076100
2020-11-18,13850.0,14400.0,13800.0,14200.0,22974320
2020-11-19,14200.0,14400.0,14050.0,14200.0,12623080
2020-11-20,14250.0,14250.0,14050.0,14150.0,9539770
2020-11-23,14250.0,14700.0,14050.0,14600.0,27268530
2020-11-24,14600.0,14650.0,14200.0,14500.0,16805930
2020-11-25,14550.0,14600.0,14350.0,14350.0,12055730
2020-11-26,14350.0,14650.0,14350.0,14500.0,21860890
2020-11-27,14600.0,14600.0,14350.0,14500.0,11455070
2020-11-30,14550.0,15000.0,14500.0,14650.0,18682960
2020-12-01,14450.0,15500.0,14400.0,15450.0,37839250
2020-12-02,15450.0,15800.0,15150.0,15400.0,21124570
2020-12-03,15550.0,15900.0,15450.0,15650.0,20877740
2020-12-04,15700.0,16100.0,15500.0,15600.0,24514030
2020-12-07,15600.0,15750.0,15550.0,15550.0,14994850
2020-12-08,15650.0,15900.0,15500.0,15850.0,19849710
2020-12-09,15900.0,16200.0,15900.0,15900.0,18897260
2020-12-10,15950.0,16050.0,15450.0,15550.0,21848500
2020-12-11,15700.0,15900.0,15500.0,15800.0,15443500
2020-12-14,15950.0,16100.0,15800.0,15950.0,15678170
2020-12-15,15850.0,16050.0,15800.0,15950.0,17651510
2020-12-16,16300.0,16800.0,16250.0,16600.0,23929920
2020-12-17,16500.0,16950.0,16400.0,16600.0,23515290
2020-12-18,16800.0,17150.0,16650.0,17000.0,25115670
2020-12-21,17200.0,17300.0,16900.0,17000.0,25779000
2020-12-22,17000.0,17000.0,17000.0,17000.0,0
2020-12-23,17200.0,17300.0,16700.0,16700.0,26091720
2020-12-24,16800.0,16850.0,15800.0,16500.0,29370800
2020-12-25,16500.0,16950.0,16250.0,16950.0,20824680
2020-12-28,17050.0,17100.0,16550.0,16750.0,23669440
2020-12-29,16750.0,16900.0,16600.0,16700.0,13078710
2020-12-30,17000.0,17250.0,16800.0,16800.0,35805500
2020-12-31,17000.0,17000.0,16750.0,16900.0,14969830
2021-01-01,16900.0,16900.0,16900.0,16900.0,0
2021-01-04,17050.0,17700.0,16900.0,17550.0,4680960
2021-01-05,17550.0,17950.0,17450.0,17700.0,2339950
2021-01-06,17900.0,18350.0,17700.0,18000.0,3119360
2021-01-07,18050.0,18450.0,17850.0,18450.0,3968350
2021-01-08,18800.0,19500.0,18650.0,19400.0,3488920
2021-01-11,20000.0,20400.0,19800.0,20100.0,3349310
2021-01-12,19900.0,20050.0,19500.0,19800.0,2723680
2021-01-13,19800.0,20050.0,19400.0,19500.0,2665000
2021-01-14,19650.0,20250.0,19000.0,20100.0,2746230
2021-01-15,20500.0,21500.0,20500.0,21100.0,5169260
2021-01-18,21700.0,21700.0,20250.0,20600.0,5965920
2021-01-19,20350.0,20450.0,19200.0,19200.0,4504570
2021-01-20,19400.0,19600.0,17950.0,19000.0,3442670
2021-01-21,19400.0,20000.0,18850.0,20000.0,3447710
2021-01-22,20000.0,20200.0,19700.0,19950.0,2996740
2021-01-25,19700.0,19900.0,19350.0,19350.0,2807170
2021-01-26,19300.0,19300.0,18050.0,18100.0,3230220
2021-01-27,17800.0,18650.0,17000.0,17250.0,3215850
2021-01-28,16150.0,16950.0,16050.0,16050.0,4505090
2021-01-29,15500.0,17150.0,15500.0,16900.0,3123040
2021-02-01,17000.0,17450.0,16100.0,16100.0,2312390
2021-02-02,16400.0,17200.0,16000.0,17150.0,2075640
2021-02-03,17350.0,18200.0,17150.0,18000.0,2710980
2021-02-04,17900.0,18150.0,17550.0,17600.0,1865100
2021-02-05,17650.0,18300.0,17600.0,18300.0,1806030
2021-02-08,18300.0,18450.0,17100.0,17400.0,2403730
2021-02-09,17400.0,17400.0,17400.0,17400.0,0
2021-02-10,17400.0,17400.0,17400.0,17400.0,0
2021-02-11,17400.0,17400.0,17400.0,17400.0,0
2021-02-12,17400.0,17400.0,17400.0,17400.0,0
2021-02-15,17400.0,17400.0,17400.0,17400.0,0
2021-02-16,17400.0,17400.0,17400.0,17400.0,0
2021-02-17,18300.0,18800.0,18200.0,18750.0,2103120
2021-02-18,18700.0,18800.0,18450.0,18600.0,2250390
2021-02-19,18400.0,19000.0,18250.0,18700.0,2259090
2021-02-22,18800.0,19200.0,18550.0,18600.0,2599100
2021-02-23,18650.0,19000.0,18500.0,18800.0,2489720
2021-02-24,18800.0,18800.0,18800.0,18800.0,0
2021-02-25,18800.0,18800.0,18800.0,18800.0,0
2021-02-26,18250.0,18550.0,18200.0,18350.0,1742110
2021-03-01,18600.0,19150.0,18500.0,19100.0,3578110
2021-03-02,19600.0,19600.0,19050.0,19150.0,2113790
2021-03-03,19150.0,19300.0,19000.0,19000.0,1662460
2021-03-04,19050.0,19150.0,18300.0,18350.0,2354350
2021-03-05,18350.0,18850.0,18150.0,18700.0,2486180
2021-03-08,19000.0,19150.0,18500.0,18600.0,1365310
2021-03-09,18500.0,18700.0,18300.0,18550.0,1477030
2021-03-10,18650.0,18900.0,18400.0,18700.0,1897000
2021-03-11,19000.0,19350.0,18850.0,19300.0,3459430
2021-03-12,19400.0,19500.0,19000.0,19200.0,1994150
2021-03-15,19200.0,19350.0,18900.0,18900.0,2295410
2021-03-16,18950.0,19150.0,18750.0,18900.0,2379940
2021-03-17,19000.0,19750.0,19000.0,19600.0,3832490
2021-03-18,19850.0,19950.0,19600.0,19700.0,1987740
2021-03-19,19600.0,19900.0,19550.0,19600.0,2432890
2021-03-22,19700.0,19700.0,19150.0,19200.0,3281630
2021-03-23,19200.0,19200.0,18750.0,18800.0,2529750
2021-03-24,18550.0,18850.0,18300.0,18400.0,2297320
2021-03-25,18600.0,19050.0,18450.0,18750.0,2872430
2021-03-26,18750.0,19100.0,18300.0,18950.0,2336510
2021-03-29,19050.0,19250.0,18900.0,19200.0,3699540
2021-03-30,19250.0,20500.0,19000.0,20500.0,9997850
2021-03-31,21450.0,21900.0,21250.0,21450.0,5667400
2021-04-01,21400.0,21650.0,21100.0,21600.0,3320280
2021-04-02,21900.0,22950.0,21800.0,22600.0,5603920
2021-04-05,23000.0,23300.0,22600.0,23150.0,4616380
2021-04-06,22600.0,23200.0,22600.0,22750.0,4237400
2021-04-07,22300.0,22600.0,22100.0,22300.0,5162580
2021-04-08,22500.0,22600.0,22000.0,22200.0,2666540
2021-04-09,22200.0,22900.0,22200.0,22700.0,2531720
2021-04-12,23000.0,23850.0,22750.0,23450.0,4931340
2021-04-13,23450.0,23550.0,22600.0,22700.0,4662780
2021-04-14,22500.0,22950.0,22200.0,22900.0,3510580
2021-04-15,23000.0,23000.0,22200.0,22350.0,3694740
2021-04-16,22200.0,22800.0,21800.0,22100.0,4148500
2021-04-19,22300.0,22900.0,22000.0,22900.0,2903210
2021-04-20,23000.0,23150.0,22300.0,22500.0,2974490
2021-04-21,22500.0,22500.0,22500.0,22500.0,0
2021-04-22,22500.0,22600.0,21000.0,21000.0,3545090
2021-04-23,21300.0,22450.0,20900.0,22450.0,4522700
2021-04-26,22900.0,23200.0,22450.0,22550.0,4162950
2021-04-27,22550.0,23250.0,22300.0,23100.0,4754650
2021-04-28,23100.0,24350.0,22900.0,24200.0,7112570
2021-04-29,24250.0,24600.0,23850.0,23900.0,3889340
2021-04-30,23900.0,23900.0,23900.0,23900.0,0
2021-05-03,23900.0,23900.0,23900.0,23900.0,0
2021-05-04,23300.0,24200.0,23150.0,24100.0,5430790
2021-05-05,24150.0,25100.0,24050.0,24700.0,5167730
2021-05-06,24550.0,24900.0,24300.0,24400.0,3426900
2021-05-07,24250.0,24550.0,23800.0,24000.0,4845830
2021-05-10,23800.0,24500.0,23700.0,24300.0,4148890
2021-05-11,24450.0,25450.0,24450.0,24650.0,5801200
2021-05-12,24850.0,26350.0,24800.0,26350.0,5947530
2021-05-13,26050.0,27150.0,26050.0,26300.0,4710530
2021-05-14,26600.0,26850.0,26150.0,26400.0,3274260
2021-05-17,26500.0,26700.0,25850.0,25950.0,3975210
2021-05-18,25900.0,27400.0,25650.0,27300.0,4474520
2021-05-19,27300.0,28700.0,27300.0,28500.0,4648420
2021-05-20,28450.0,29550.0,28100.0,29400.0,5726810
2021-05-21,29250.0,29800.0,28800.0,28850.0,4579280
2021-05-24,28850.0,29250.0,28800.0,28900.0,3159520
2021-05-25,28950.0,29750.0,28900.0,29350.0,2412310
2021-05-26,29600.0,29800.0,29350.0,29500.0,3148960
2021-05-27,29550.0,30300.0,29000.0,29800.0,4675150
2021-05-28,30400.0,31850.0,30000.0,31850.0,7383990
2021-05-31,32150.0,33900.0,31900.0,33800.0,4212880
2021-06-01,33500.0,33550.0,32350.0,32400.0,4706350
2021-06-02,31600.0,32400.0,31200.0,32200.0,5165730
2021-06-03,33200.0,33200.0,32200.0,32750.0,3095070
2021-06-04,32200.0,33000.0,31800.0,32150.0,3748190
2021-06-07,31800.0,32000.0,30000.0,30700.0,38824700
2021-06-08,30700.0,30700.0,30700.0,30700.0,0
2021-06-09,28500.0,30350.0,28000.0,29600.0,37519500
2021-06-10,29600.0,30050.0,28800.0,28900.0,23976800
2021-06-11,29100.0,30800.0,28800.0,30500.0,36442200
2021-06-14,30700.0,31300.0,30400.0,30800.0,26889200
2021-06-15,30800.0,30800.0,29800.0,30100.0,29659500
2021-06-16,29600.0,30200.0,29000.0,29200.0,30686500
2021-06-17,28550.0,29650.0,28550.0,29400.0,19581100
2021-06-18,29900.0,30100.0,29500.0,29650.0,16991300
2021-06-21,29500.0,30300.0,29350.0,29850.0,24072800
2021-06-22,30150.0,30750.0,29850.0,30200.0,25185700
2021-06-23,30200.0,30350.0,29750.0,29750.0,24112800
2021-06-24,29750.0,29900.0,28850.0,29000.0,21749700
2021-06-25,29000.0,29500.0,28900.0,29500.0,15572700
2021-06-28,29800.0,30400.0,29450.0,30200.0,19303900
2021-06-29,30500.0,31500.0,30400.0,31000.0,36074600
2021-06-30,30950.0,31400.0,30500.0,30600.0,16495700
2021-07-01,30600.0,31250.0,30450.0,31000.0,29589500
2021-07-02,31100.0,31950.0,31100.0,31500.0,41478500
2021-07-05,31500.0,31500.0,31500.0,31500.0,0
2021-07-06,31500.0,31500.0,31500.0,31500.0,0
2021-07-07,31500.0,31500.0,31500.0,31500.0,0
2021-07-08,31500.0,31500.0,31500.0,31500.0,0
2021-07-09,30000.0,30500.0,29000.0,29100.0,38413800
2021-07-12,29100.0,29100.0,29100.0,29100.0,0
2021-07-13,28800.0,29000.0,28050.0,28700.0,18442600
2021-07-14,28700.0,28700.0,28700.0,28700.0,0
2021-07-15,27100.0,28800.0,27100.0,28800.0,25368800
2021-07-16,28800.0,28800.0,28800.0,28800.0,0
2021-07-19,27500.0,27950.0,26700.0,27500.0,38557500
2021-07-20,27800.0,28100.0,27200.0,28100.0,23884800
2021-07-21,28300.0,28400.0,27800.0,27850.0,14144600
2021-07-22,27850.0,28150.0,27650.0,28000.0,16617400
2021-07-23,28300.0,29950.0,27900.0,28700.0,63584600
2021-07-26,28900.0,29300.0,28350.0,28700.0,15097600
2021-07-27,29000.0,29750.0,28700.0,29100.0,29764400
2021-07-28,28900.0,29450.0,28700.0,28900.0,17532900
2021-07-29,29100.0,29400.0,29000.0,29300.0,16102300
2021-07-30,29400.0,30350.0,29250.0,29900.0,32248600
2021-08-02,29800.0,30400.0,29300.0,29300.0,26509200
2021-08-03,29400.0,29800.0,29250.0,29800.0,26539400
2021-08-04,29800.0,29800.0,29800.0,29800.0,0
2021-08-05,30600.0,31250.0,30300.0,31050.0,30721500
2021-08-06,31000.0,31150.0,30300.0,30300.0,30921200
2021-08-09,30300.0,30800.0,30100.0,30700.0,20906000
2021-08-10,30700.0,30700.0,30700.0,30700.0,0
2021-08-11,30500.0,30850.0,30350.0,30400.0,26155800
2021-08-12,30300.0,30500.0,29600.0,29600.0,27936600
2021-08-13,29600.0,29800.0,29150.0,29700.0,22964600
2021-08-16,29850.0,30400.0,29400.0,30300.0,24095900
2021-08-17,30300.0,30300.0,30300.0,30300.0,0
2021-08-18,30000.0,30150.0,29550.0,29950.0,22196200
2021-08-19,29800.0,30050.0,29600.0,29950.0,16698400
2021-08-20,29800.0,29900.0,28000.0,28300.0,42106300
2021-08-23,28200.0,28500.0,27000.0,27000.0,29889700
2021-08-24,26900.0,27850.0,26650.0,27250.0,25860800
2021-08-25,27350.0,27550.0,27100.0,27350.0,8164000
2021-08-26,27500.0,27550.0,26850.0,27100.0,13170400
2021-08-27,27000.0,27300.0,26550.0,27300.0,16479200
2021-08-30,27350.0,27950.0,27200.0,27900.0,11734700
2021-08-31,28000.0,28000.0,27300.0,27350.0,11977600
2021-09-01,27200.0,27500.0,27200.0,27200.0,10287300
2021-09-02,27200.0,27200.0,27200.0,27200.0,0
2021-09-03,27200.0,27200.0,27200.0,27200.0,0
2021-09-06,27200.0,27850.0,27100.0,27550.0,16262200
2021-09-07,27750.0,28350.0,27550.0,27900.0,13779100
2021-09-08,27900.0,27900.0,27900.0,27900.0,0
2021-09-09,27150.0,27500.0,27100.0,27350.0,9342700
2021-09-10,27500.0,27600.0,27150.0,27200.0,10699600
2021-09-13,27250.0,27300.0,26800.0,26900.0,10646300
2021-09-14,26900.0,27200.0,26650.0,26650.0,12638800
2021-09-15,26650.0,26900.0,26550.0,26600.0,10157900
2021-09-16,26900.0,26950.0,26600.0,26750.0,5187000
2021-09-17,26900.0,27100.0,26700.0,26800.0,16365100
2021-09-20,27000.0,27500.0,26900.0,27100.0,17459500
2021-09-21,27100.0,27100.0,27100.0,27100.0,0
2021-09-22,27100.0,27100.0,27100.0,27100.0,0
2021-09-23,26750.0,27000.0,26600.0,26600.0,12776800
2021-09-24,26700.0,27200.0,26700.0,26750.0,1384940000
2021-09-27,27000.0,27100.0,26500.0,26500.0,10520000
2021-09-28,26350.0,26600.0,26200.0,26550.0,9950300
2021-09-29,26500.0,26550.0,25700.0,25800.0,19931200
2021-09-30,25850.0,26150.0,25700.0,25700.0,10103000
2021-10-01,25650.0,25650.0,24500.0,24700.0,24145000
2021-10-04,24500.0,24800.0,24050.0,24300.0,1574160000
2021-10-05,24400.0,25750.0,24400.0,25750.0,13478800
2021-10-06,25750.0,25750.0,25750.0,25750.0,0
2021-10-07,25500.0,25750.0,24900.0,25500.0,10015400
2021-10-08,25500.0,25500.0,25500.0,25500.0,0
2021-10-11,25500.0,25500.0,25500.0,25500.0,0
2021-10-12,26750.0,26800.0,26350.0,26600.0,11680000
2021-10-13,26700.0,26750.0,26200.0,26250.0,9597600
2021-10-14,26250.0,26250.0,26250.0,26250.0,0
2021-10-15,26500.0,27200.0,26400.0,26850.0,18823000
2021-10-18,26850.0,26850.0,26850.0,26850.0,0
2021-10-19,26900.0,26950.0,26200.0,26200.0,8316500
2021-10-20,26400.0,26750.0,25650.0,26300.0,14904000
2021-10-21,26500.0,26600.0,26000.0,26100.0,8665200
2021-10-22,26400.0,26400.0,26000.0,26200.0,6241800
2021-10-25,26200.0,26200.0,26200.0,26200.0,0
2021-10-26,26200.0,26200.0,26200.0,26200.0,0
2021-10-27,25750.0,26650.0,25650.0,26500.0,18102100
2021-10-28,26600.0,26700.0,26000.0,26700.0,11057400
2021-10-29,26600.0,26700.0,26200.0,26600.0,10004300
2021-11-01,26600.0,26600.0,26600.0,26600.0,0
2021-11-02,26700.0,26650.0,26500.0,26800.0,9856900
2021-11-03,26800.0,28450.0,26500.0,27900.0,416
2021-11-04,27900.0,28150.0,27450.0,27450.0,13509500
2021-11-05,27500.0,27750.0,27350.0,27650.0,9439300
2021-11-08,27650.0,28000.0,27300.0,27850.0,22636800
2021-11-09,28050.0,28800.0,27300.0,28100.0,26353000
2021-11-10,28200.0,28750.0,28150.0,28450.0,16093600
2021-11-11,28550.0,28600.0,27700.0,27700.0,22523900
2021-11-12,27450.0,28450.0,27300.0,28100.0,17017200
2021-11-15,28400.0,28400.0,27650.0,27950.0,12698200
2021-11-16,28000.0,28800.0,27700.0,28050.0,22035100
2021-11-17,28100.0,28300.0,27600.0,28000.0,10324800
2021-11-18,28150.0,28150.0,27550.0,27650.0,12176100
2021-11-19,27700.0,28450.0,27000.0,27900.0,22040300
2021-11-22,28000.0,29500.0,27900.0,28800.0,35710300
2021-11-23,28950.0,28950.0,28300.0,28500.0,10730300
2021-11-24,28500.0,30450.0,28350.0,30450.0,67319900
2021-11-25,31000.0,31250.0,30350.0,30650.0,28507400
2021-11-26,30700.0,31450.0,30500.0,30850.0,29138700
2021-11-29,30100.0,30600.0,29800.0,29900.0,38634400
2021-11-30,30250.0,30300.0,28650.0,28900.0,35420000
2021-12-01,28800.0,29900.0,28750.0,29900.0,19243000
2021-12-02,29900.0,30050.0,29300.0,29300.0,13458600
2021-12-03,29400.0,29550.0,28000.0,28000.0,23483000
2021-12-06,28000.0,28400.0,26400.0,27000.0,26472000
2021-12-07,27300.0,28100.0,26900.0,28050.0,12829200
2021-12-08,28050.0,28800.0,27800.0,28600.0,15748100
2021-12-09,28500.0,28900.0,28400.0,28850.0,11915400
2021-12-10,28850.0,29050.0,28400.0,28600.0,9892400
2021-12-13,28600.0,29000.0,28350.0,28650.0,10709100
2021-12-14,28550.0,28800.0,28100.0,28100.0,11426600
2021-12-15,28100.0,28900.0,27700.0,28350.0,15191400
2021-12-16,28700.0,28700.0,28000.0,28600.0,11084400
2021-12-17,28650.0,28700.0,28000.0,28300.0,9269300
2021-12-20,28250.0,28700.0,28150.0,28650.0,13058500
2021-12-21,28650.0,28800.0,28200.0,28200.0,9480400
2021-12-22,28450.0,28600.0,27200.0,27650.0,12051600
2021-12-23,27600.0,27800.0,26900.0,27400.0,14265800
2021-12-24,27400.0,28250.0,27400.0,28200.0,10410800
2021-12-27,28450.0,28450.0,27850.0,28100.0,7405300
2021-12-28,28250.0,30050.0,28050.0,30050.0,45046600
2021-12-29,30500.0,30800.0,29500.0,29500.0,16201800
2021-12-30,29600.0,31050.0,29600.0,30500.0,26157300
2021-12-31,30700.0,32300.0,30500.0,31500.0,35409200
2022-01-03,31500.0,31500.0,31500.0,31500.0,0
2022-01-04,32000.0,32850.0,31700.0,32100.0,32861600
2022-01-05,31900.0,32800.0,31700.0,32550.0,36939600
2022-01-06,32500.0,33900.0,32400.0,32700.0,38537500
2022-01-07,32700.0,32950.0,31950.0,31950.0,28165900
2022-01-10,31950.0,32950.0,31150.0,31600.0,28376500
2022-01-11,31800.0,33300.0,31700.0,32450.0,29595900
2022-01-12,32500.0,34700.0,31650.0,34700.0,62422400
2022-01-13,35400.0,36200.0,34300.0,34300.0,43947500
2022-01-14,33800.0,35450.0,33750.0,35000.0,26697800
2022-01-17,35500.0,35600.0,32600.0,32600.0,44370800
2022-01-18,32600.0,34500.0,32550.0,33900.0,39676700
2022-01-19,34300.0,34400.0,32700.0,32900.0,20802100
2022-01-20,32600.0,33900.0,31800.0,33800.0,30983900
2022-01-21,33600.0,35250.0,33350.0,34600.0,39140700
2022-01-24,34400.0,34950.0,33000.0,33300.0,30187300
2022-01-25,33100.0,34800.0,33000.0,34700.0,24092400
2022-01-26,35000.0,36500.0,34800.0,35550.0,48906400
2022-01-27,35300.0,35950.0,34750.0,35400.0,23697100
2022-01-28,35200.0,36200.0,35200.0,35550.0,22212200
2022-01-31,35550.0,35550.0,35550.0,35550.0,0
2022-02-01,35550.0,35550.0,35550.0,35550.0,0
2022-02-02,35550.0,35550.0,35550.0,35550.0,0
2022-02-03,35550.0,35550.0,35550.0,35550.0,0
2022-02-04,35550.0,35550.0,35550.0,35550.0,0
2022-02-07,36000.0,36300.0,35450.0,35600.0,18652400
2022-02-08,35350.0,36200.0,35350.0,35850.0,18823800
2022-02-09,36000.0,36700.0,35000.0,35050.0,32928900
2022-02-10,35000.0,35250.0,34200.0,34750.0,33959900
2022-02-11,34750.0,35350.0,34450.0,35300.0,18450500
2022-02-14,34850.0,35000.0,32850.0,32850.0,37421900
2022-02-15,32850.0,32850.0,32850.0,32850.0,0
2022-02-16,33750.0,34100.0,33100.0,33600.0,20057100
2022-02-17,33600.0,34250.0,33450.0,33900.0,15739300
2022-02-18,33600.0,33800.0,33200.0,33350.0,18494900
2022-02-21,33350.0,33550.0,32800.0,33200.0,21150600
2022-02-22,32900.0,33700.0,32800.0,33700.0,24415700
2022-02-23,33900.0,33950.0,33600.0,33600.0,13866100
2022-02-24,33400.0,33700.0,32000.0,32900.0,30479000
2022-02-25,33100.0,33550.0,32900.0,33000.0,17789600
2022-02-28,33000.0,33350.0,32800.0,32850.0,16458800
2022-03-01,33000.0,33000.0,32650.0,32650.0,16919600
2022-03-02,32500.0,32550.0,31100.0,31250.0,45276000
2022-03-03,31550.0,31900.0,31100.0,31850.0,19790900
2022-03-04,31850.0,32550.0,31500.0,32000.0,13257500
2022-03-07,31200.0,32000.0,31200.0,31500.0,16727500
2022-03-08,31050.0,31650.0,30650.0,30850.0,16477900
2022-03-09,31000.0,31300.0,30500.0,31100.0,14911000
2022-03-10,31750.0,32000.0,31550.0,31550.0,12219700
2022-03-11,31400.0,32450.0,31300.0,32050.0,15987700
2022-03-14,32050.0,32600.0,31850.0,32500.0,20978200
2022-03-15,32500.0,33150.0,32350.0,32700.0,17471800
2022-03-16,32800.0,32950.0,32550.0,32900.0,11148500
2022-03-17,33000.0,33150.0,32650.0,32800.0,10884800
2022-03-18,32800.0,33250.0,32550.0,33100.0,26734000
2022-03-21,33100.0,33450.0,32800.0,33100.0,12852100
2022-03-22,33350.0,34200.0,33350.0,34050.0,24584000
2022-03-23,34000.0,34300.0,33650.0,34000.0,15498400
2022-03-24,34000.0,34050.0,33600.0,33650.0,9921600
2022-03-25,33600.0,34000.0,33600.0,33650.0,11344100
2022-03-28,33500.0,33550.0,31800.0,31850.0,36749100
2022-03-29,32100.0,32350.0,31750.0,32300.0,12694700
2022-03-30,31950.0,32650.0,31500.0,32250.0,15931800
2022-03-31,32100.0,32450.0,31700.0,31700.0,9023400
2022-04-01,31650.0,32250.0,31550.0,32200.0,9156000
2022-04-04,32500.0,32700.0,32150.0,32200.0,10191000
2022-04-05,32050.0,32300.0,31800.0,31800.0,8729900
2022-04-06,31800.0,32600.0,31550.0,32350.0,12151500
2022-04-07,32400.0,32900.0,31750.0,31900.0,11478600
2022-04-08,31900.0,31950.0,30900.0,31000.0,18745300
2022-04-11,31000.0,31000.0,31000.0,31000.0,0
2022-04-12,31150.0,31450.0,30500.0,30800.0,9624800
2022-04-13,31000.0,31500.0,30700.0,31350.0,6924200
2022-04-14,31350.0,31500.0,30750.0,30800.0,6467600
2022-04-15,30700.0,31000.0,30100.0,30100.0,10461600
2022-04-18,30100.0,30200.0,29000.0,29000.0,14856200
2022-04-19,29100.0,29400.0,27500.0,27500.0,15852000
2022-04-20,27800.0,28200.0,27450.0,27550.0,12024300
2022-04-21,27400.0,28350.0,27100.0,27650.0,9902300
2022-04-22,28100.0,29000.0,27800.0,28800.0,11530600
2022-04-25,28800.0,29000.0,26800.0,26800.0,14386300
2022-04-26,26600.0,27500.0,25650.0,27400.0,11114800
2022-04-27,27000.0,28200.0,26450.0,28200.0,8593800
2022-04-28,27850.0,28200.0,27400.0,27700.0,6523900
2022-04-29,27550.0,28150.0,27400.0,27700.0,11168500
2022-05-02,27700.0,27700.0,27700.0,27700.0,0
2022-05-03,27700.0,27700.0,27700.0,27700.0,0
2022-05-04,27700.0,27700.0,26700.0,26750.0,8979400
2022-05-05,27000.0,27050.0,25900.0,26900.0,13505600
2022-05-06,26000.0,26600.0,25400.0,25500.0,15245000
2022-05-09,25100.0,25100.0,23750.0,23750.0,23972900
2022-05-10,22550.0,23900.0,22550.0,23900.0,18391700
2022-05-11,23900.0,24000.0,22800.0,23550.0,13068000
2022-05-12,23450.0,23450.0,21950.0,21950.0,24214900
2022-05-13,21500.0,21950.0,20450.0,20450.0,22537200
2022-05-16,21100.0,21300.0,19050.0,19050.0,35190100
2022-05-17,18700.0,20350.0,18600.0,20350.0,30818300
2022-05-18,20950.0,21750.0,20700.0,21750.0,27100600
2022-05-19,21300.0,22400.0,21250.0,21750.0,22221600
2022-05-20,21750.0,22050.0,21500.0,21600.0,14328800
2022-05-23,21750.0,21750.0,20150.0,20350.0,30824100
2022-05-24,20350.0,21750.0,20100.0,21750.0,17952200
2022-05-25,22000.0,22850.0,22000.0,22750.0,20351500
2022-05-26,22600.0,22750.0,22300.0,22400.0,15266200
2022-05-27,22500.0,22700.0,22100.0,22250.0,15040300
2022-05-30,22450.0,23000.0,22250.0,22800.0,16390500
2022-05-31,22600.0,22800.0,22350.0,22350.0,12812300
2022-06-01,22300.0,22600.0,22000.0,22250.0,14727100
2022-06-02,22250.0,22250.0,22250.0,22250.0,0
2022-06-03,21500.0,21700.0,20950.0,21150.0,12083400
2022-06-06,21150.0,21400.0,20500.0,20500.0,17162600
2022-06-07,20500.0,20550.0,19800.0,20200.0,16797600
2022-06-08,20400.0,21600.0,20300.0,21600.0,11493800
2022-06-09,22250.0,22350.0,21700.0,22300.0,16071100
2022-06-10,21800.0,22700.0,21750.0,21900.0,17446000
2022-06-13,21050.0,21600.0,20500.0,20600.0,16680200
2022-06-14,20350.0,21250.0,20350.0,20900.0,12472300
2022-06-15,21000.0,21050.0,19950.0,20700.0,13262200
2022-06-16,21100.0,21250.0,20800.0,21000.0,11245300
2022-06-17,20500.0,20500.0,19800.0,20250.0,12492500
2022-06-20,20300.0,20550.0,18850.0,18850.0,16894800
2022-06-21,18850.0,19600.0,18700.0,19200.0,10840400
2022-06-22,19700.0,20500.0,19600.0,20500.0,9689900
2022-06-23,20150.0,21700.0,20150.0,21300.0,15465200
2022-06-24,21300.0,21800.0,21050.0,21200.0,11596900
2022-06-27,21400.0,21750.0,21150.0,21500.0,9786600
2022-06-28,21500.0,22800.0,21350.0,22550.0,24887500
2022-06-29,22100.0,23300.0,22100.0,22600.0,13808600
2022-06-30,22550.0,22750.0,21500.0,21500.0,18789800
2022-07-01,21400.0,22050.0,20700.0,22000.0,16869800
2022-07-04,22300.0,22950.0,22100.0,22350.0,22132700
2022-07-05,22400.0,23600.0,22350.0,23050.0,30049300
2022-07-06,22600.0,23400.0,22450.0,22500.0,17725300
2022-07-07,22500.0,23150.0,22100.0,22600.0,15935900
2022-07-08,23000.0,23050.0,22350.0,22500.0,15739700
2022-07-11,22250.0,22450.0,21650.0,22050.0,21170600
2022-07-12,22050.0,22050.0,22050.0,22050.0,0
2022-07-13,22600.0,23400.0,22600.0,23050.0,17150700
2022-07-14,22900.0,23350.0,22800.0,23300.0,12876400
2022-07-15,23400.0,23750.0,22950.0,23000.0,16982600
2022-07-18,23050.0,23400.0,22550.0,22550.0,14305700
2022-07-19,22550.0,23150.0,22450.0,22950.0,11691000
2022-07-20,23250.0,23500.0,22950.0,23050.0,11199600
2022-07-21,23050.0,23600.0,23000.0,23100.0,17945400
2022-07-22,23300.0,23500.0,23000.0,23000.0,11581700
2022-07-25,23000.0,23300.0,22800.0,22850.0,6665200
2022-07-26,22950.0,22950.0,22700.0,22950.0,9279700
2022-07-27,22850.0,23050.0,22750.0,23050.0,9170900
2022-07-28,23350.0,24650.0,23250.0,24450.0,40238200
2022-07-29,24650.0,24900.0,24300.0,24700.0,17762000
2022-08-01,24500.0,25600.0,24500.0,25200.0,16701100
2022-08-02,25000.0,25500.0,24850.0,24950.0,18607500
2022-08-03,24850.0,25650.0,24750.0,25450.0,14338500
2022-08-04,25650.0,25700.0,25100.0,25200.0,13127200
2022-08-05,25100.0,25250.0,24850.0,25250.0,12665800
2022-08-08,25250.0,25650.0,25100.0,25300.0,7664100
2022-08-09,25300.0,25500.0,25000.0,25250.0,7863800
2022-08-10,25200.0,25300.0,24900.0,24900.0,8967800
2022-08-11,25200.0,25600.0,24800.0,25200.0,15664300
2022-08-12,25050.0,25650.0,25050.0,25650.0,8391200
2022-08-15,25900.0,26350.0,25650.0,25650.0,13671000
2022-08-16,25800.0,25800.0,25350.0,25550.0,9490900
2022-08-17,25550.0,25600.0,25300.0,25400.0,11130300
2022-08-18,25200.0,25650.0,25000.0,25200.0,12921000
2022-08-19,25250.0,25500.0,25050.0,25100.0,7722200
2022-08-22,25000.0,25200.0,24700.0,24700.0,9667900
2022-08-23,24600.0,25000.0,24300.0,25000.0,9877300
2022-08-24,25100.0,25550.0,24800.0,25400.0,13326500
2022-08-25,25550.0,25650.0,25400.0,25650.0,8891300
2022-08-26,25700.0,25800.0,25100.0,25100.0,10738200
2022-08-29,24700.0,24850.0,24050.0,24850.0,15059400
2022-08-30,24900.0,25100.0,24650.0,24650.0,8084200
2022-08-31,24550.0,24900.0,24400.0,24800.0,7673100
2022-09-01,24800.0,24800.0,24800.0,24800.0,0
2022-09-02,24800.0,24800.0,24800.0,24800.0,0
2022-09-05,24700.0,24850.0,24600.0,24700.0,5292400
2022-09-06,24700.0,25050.0,24650.0,24700.0,6307900
2022-09-07,24700.0,25450.0,24350.0,24350.0,22424200
2022-09-08,24700.0,24700.0,23900.0,23900.0,10363500
2022-09-09,24000.0,24050.0,22650.0,23750.0,21144800
2022-09-12,23750.0,23900.0,23100.0,23100.0,5734900
2022-09-13,23000.0,23450.0,23000.0,23050.0,6532800
2022-09-14,22650.0,23050.0,22500.0,23050.0,10170600
2022-09-15,23250.0,23350.0,22800.0,23050.0,8396500
2022-09-16,22950.0,23000.0,22450.0,22450.0,16349600
2022-09-19,22600.0,22650.0,21600.0,21600.0,10742400
2022-09-20,21900.0,22300.0,21650.0,22150.0,6368400
2022-09-21,22050.0,22100.0,21750.0,21750.0,3707700
2022-09-22,21450.0,21950.0,21450.0,21950.0,5220700
2022-09-23,21800.0,22000.0,21450.0,21450.0,6962300
2022-09-26,20950.0,21000.0,20250.0,20500.0,16606500
2022-09-27,20800.0,20800.0,20400.0,20500.0,5440900
2022-09-28,20200.0,20600.0,20150.0,20300.0,6498700
2022-09-29,20600.0,20700.0,19700.0,19700.0,7927300
2022-09-30,19600.0,20800.0,19500.0,20600.0,16490500
2022-10-03,20300.0,20400.0,19200.0,19200.0,14937100
2022-10-04,19750.0,19750.0,18600.0,18750.0,15971100
2022-10-05,19350.0,19500.0,19000.0,19250.0,10610300
2022-10-06,19350.0,19350.0,17950.0,18000.0,18656100
2022-10-07,17600.0,17600.0,16750.0,16750.0,40976500
2022-10-10,16200.0,17250.0,15750.0,17000.0,34119100
2022-10-11,16950.0,17000.0,15850.0,15850.0,24976900
2022-10-12,15950.0,16950.0,15900.0,16950.0,15160800
2022-10-13,17050.0,17700.0,16950.0,17650.0,16491000
2022-10-14,18100.0,18100.0,17450.0,17650.0,25065100
2022-10-17,17450.0,18150.0,17300.0,18150.0,12846000
2022-10-18,18500.0,18650.0,17500.0,17700.0,14148300
2022-10-19,17750.0,17850.0,16900.0,17300.0,17992600
2022-10-20,17250.0,17750.0,16900.0,17150.0,13245100
2022-10-21,17100.0,17250.0,15950.0,15950.0,22530300
2022-10-24,16050.0,16350.0,14850.0,14850.0,27147400
2022-10-25,14900.0,15850.0,14050.0,14900.0,22832700
2022-10-26,15150.0,15400.0,14800.0,15000.0,7624800
2022-10-27,15000.0,16050.0,15000.0,16050.0,21985200
2022-10-28,16450.0,16850.0,16100.0,16150.0,18824600
2022-10-31,16200.0,16500.0,15600.0,16150.0,16782900
2022-11-01,16500.0,17250.0,16350.0,16900.0,29458400
2022-11-02,16900.0,17300.0,16750.0,16900.0,19123400
2022-11-03,16800.0,17450.0,16800.0,17250.0,19534000
2022-11-04,17050.0,17250.0,16050.0,16600.0,32100600
2022-11-07,16350.0,16700.0,15500.0,15500.0,20698900
2022-11-08,15500.0,16550.0,15300.0,16450.0,22034700
2022-11-09,16800.0,17050.0,15800.0,16250.0,35899100
2022-11-10,16000.0,16250.0,15150.0,15150.0,37391500
2022-11-11,15600.0,16200.0,15450.0,15600.0,39517200
2022-11-14,15450.0,16100.0,14850.0,15850.0,36929800
2022-11-15,15750.0,16000.0,14850.0,15100.0,27646400
2022-11-16,14800.0,16150.0,14450.0,16150.0,29344400
2022-11-17,16900.0,17250.0,16600.0,17200.0,35148700
2022-11-18,16950.0,17650.0,16450.0,17100.0,32563700
2022-11-21,17300.0,17400.0,16700.0,16700.0,17502900
2022-11-22,16600.0,17850.0,16600.0,16900.0,30775500
2022-11-23,16900.0,17900.0,16900.0,17500.0,25665600
2022-11-24,17300.0,18200.0,16900.0,18200.0,18314400
2022-11-25,18500.0,18950.0,18000.0,18900.0,24962000
2022-11-28,19100.0,19750.0,19050.0,19700.0,28234200
2022-11-29,19500.0,19950.0,18900.0,19750.0,26282100
2022-11-30,19550.0,20200.0,19150.0,20000.0,25462700
2022-12-01,20200.0,21100.0,19500.0,19500.0,39125200
2022-12-02,19800.0,20850.0,19500.0,20850.0,27685300
2022-12-05,22300.0,22300.0,21850.0,22300.0,38505100
2022-12-06,22250.0,22650.0,20750.0,20750.0,49350900
2022-12-07,20550.0,20900.0,19700.0,20300.0,27772200
2022-12-08,20750.0,21700.0,20750.0,21700.0,20042500
2022-12-09,22500.0,22600.0,21900.0,22400.0,26467900
2022-12-12,22500.0,22600.0,21300.0,21300.0,20770500
2022-12-13,21350.0,22600.0,21050.0,22550.0,25986500
2022-12-14,23000.0,23500.0,22700.0,23250.0,21018800
2022-12-15,23100.0,23650.0,22650.0,23250.0,20332000
2022-12-16,22850.0,23200.0,22550.0,22800.0,25278700
2022-12-19,23000.0,23400.0,22400.0,22400.0,23175600
2022-12-20,22000.0,22450.0,21250.0,22450.0,28918700
2022-12-21,22750.0,23800.0,22300.0,23550.0,35449400
2022-12-22,23750.0,24150.0,23100.0,23400.0,17470200
2022-12-23,23450.0,23700.0,22900.0,23500.0,13227800
2022-12-26,23450.0,23550.0,21900.0,21900.0,20485300
2022-12-27,22000.0,23000.0,21850.0,22500.0,20842100
2022-12-28,22600.0,23000.0,22050.0,22900.0,15196800
2022-12-29,22700.0,22950.0,22350.0,22350.0,9448000
2022-12-30,22600.0,22700.0,22200.0,22500.0,10618600
2023-01-02,22500.0,22500.0,22500.0,22500.0,0
2023-01-03,22500.0,23600.0,22500.0,23500.0,16251000
2023-01-04,23600.0,24100.0,23300.0,23300.0,18036600
2023-01-05,23400.0,24250.0,23400.0,24200.0,19217000
2023-01-06,24250.0,25100.0,24100.0,24300.0,25666300
2023-01-09,24600.0,25000.0,24200.0,24650.0,13239000
2023-01-10,24650.0,25300.0,24150.0,24950.0,14761200
2023-01-11,25250.0,25400.0,24700.0,24700.0,10080600
2023-01-12,24900.0,24950.0,24550.0,24950.0,7154600
2023-01-13,25150.0,25450.0,24950.0,25300.0,13353500
2023-01-16,25400.0,25550.0,25000.0,25500.0,7925000
2023-01-17,25500.0,26550.0,25500.0,26550.0,14388000
2023-01-18,26550.0,26850.0,26550.0,26800.0,8512500
2023-01-19,26550.0,27000.0,26500.0,26800.0,12060500
2023-01-20,26800.0,26800.0,26800.0,26800.0,0
2023-01-23,26800.0,26800.0,26800.0,26800.0,0
2023-01-24,26800.0,26800.0,26800.0,26800.0,0
2023-01-25,26800.0,26800.0,26800.0,26800.0,0
2023-01-26,26800.0,26800.0,26800.0,26800.0,0
2023-01-27,27100.0,27400.0,26650.0,26650.0,8531800
2023-01-30,26500.0,26650.0,25850.0,25850.0,18539200
2023-01-31,25850.0,27100.0,25150.0,27100.0,25362500
2023-02-01,27100.0,27300.0,25400.0,25650.0,16199300
2023-02-02,25700.0,26350.0,25400.0,26150.0,18433700
2023-02-03,26350.0,27150.0,26050.0,26050.0,30634000
2023-02-06,26100.0,26400.0,25600.0,25700.0,19359900
2023-02-07,25900.0,26300.0,25550.0,25750.0,19755100
2023-02-08,25900.0,25950.0,25000.0,25000.0,28192600
2023-02-09,25200.0,25700.0,24200.0,24450.0,37343600
2023-02-10,24500.0,24800.0,23650.0,23650.0,16166300
2023-02-13,23800.0,24500.0,23350.0,24500.0,17392800
2023-02-14,24500.0,24850.0,24050.0,24400.0,9246400
2023-02-15,24100.0,24600.0,22950.0,23350.0,33356400
2023-02-16,23750.0,24250.0,23450.0,23900.0,15366000
2023-02-17,24600.0,24900.0,24350.0,24400.0,17975900
2023-02-20,24300.0,25700.0,24200.0,25700.0,20147300
2023-02-21,25950.0,26100.0,25350.0,25350.0,16561800
2023-02-22,25100.0,25500.0,24700.0,24700.0,18524900
2023-02-23,24600.0,25000.0,24050.0,25000.0,14252800
2023-02-24,25050.0,25050.0,24300.0,24300.0,8464100
2023-02-27,24000.0,24200.0,23600.0,23600.0,13398600
2023-02-28,23950.0,24000.0,23600.0,23750.0,6462100
2023-03-01,23600.0,25400.0,23600.0,25400.0,21605400
2023-03-02,25400.0,25700.0,25200.0,25600.0,11122900
2023-03-03,25650.0,25750.0,25000.0,25000.0,11814300
2023-03-06,25250.0,25600.0,24700.0,24900.0,18558000
2023-03-07,25050.0,25300.0,24850.0,25000.0,15476600
2023-03-08,24850.0,25350.0,24850.0,25350.0,13744200
2023-03-09,25500.0,27100.0,25450.0,26500.0,42575200
2023-03-10,26500.0,26850.0,25950.0,26000.0,23483500
2023-03-13,25600.0,25750.0,25000.0,25000.0,29609000
2023-03-14,24900.0,25050.0,24100.0,24400.0,25329600
2023-03-15,25100.0,25500.0,24900.0,25350.0,20097700
2023-03-16,24800.0,24950.0,24500.0,24600.0,19670500
2023-03-17,24750.0,25050.0,24550.0,25050.0,21263500
2023-03-20,25000.0,25050.0,24200.0,24200.0,16972100
2023-03-21,24500.0,24650.0,24150.0,24600.0,10858100
2023-03-22,24750.0,25250.0,24600.0,24800.0,16551000
2023-03-23,24550.0,25150.0,24500.0,25000.0,12242200
2023-03-24,25250.0,25550.0,25050.0,25050.0,16106400
2023-03-27,25050.0,25700.0,24950.0,25500.0,16704000
2023-03-28,25900.0,26000.0,25300.0,25400.0,17176400
2023-03-29,25500.0,25650.0,25150.0,25350.0,16807400
2023-03-30,25700.0,26450.0,25400.0,26000.0,39396200
2023-03-31,26000.0,26350.0,25850.0,26200.0,22409800
2023-04-03,26600.0,27050.0,26500.0,26750.0,25291900
2023-04-04,26750.0,26950.0,26500.0,26900.0,17729100
2023-04-05,26900.0,26900.0,25900.0,26250.0,39446300
2023-04-06,26250.0,26400.0,25650.0,25650.0,26271200
2023-04-07,25750.0,26000.0,25500.0,26000.0,15461800
2023-04-10,26100.0,26500.0,25850.0,25950.0,16465400
2023-04-11,25900.0,25950.0,25600.0,25950.0,13353600
2023-04-12,25950.0,26400.0,25800.0,26100.0,20359600
2023-04-13,26200.0,26550.0,26050.0,26450.0,16207400
2023-04-14,26700.0,26750.0,25700.0,25700.0,16397700
2023-04-17,25800.0,26050.0,25650.0,25900.0,10198100
2023-04-18,25900.0,26100.0,25800.0,25900.0,10113700
2023-04-19,26000.0,26000.0,25500.0,25500.0,14169900
2023-04-20,25600.0,25800.0,25500.0,25700.0,9010300
2023-04-21,25700.0,25800.0,25500.0,25600.0,8711200
2023-04-24,25650.0,25900.0,25450.0,25550.0,7659200
2023-04-25,25750.0,25900.0,24900.0,25050.0,15450700
2023-04-26,25050.0,25400.0,24650.0,25400.0,12437000
2023-04-27,25400.0,25500.0,25150.0,25150.0,6548900
2023-04-28,25250.0,25450.0,25150.0,25300.0,6775000
2023-05-01,25300.0,25300.0,25300.0,25300.0,0
2023-05-02,25300.0,25300.0,25300.0,25300.0,0
2023-05-03,25300.0,25300.0,25300.0,25300.0,0
2023-05-04,25050.0,25300.0,24950.0,25150.0,8447400
2023-05-05,25050.0,25250.0,24850.0,24950.0,7684600
2023-05-08,25000.0,25700.0,25000.0,25650.0,10204600
2023-05-09,25650.0,25900.0,25600.0,25750.0,7317100
2023-05-10,25800.0,26450.0,25750.0,26350.0,14508700
2023-05-11,26400.0,26750.0,26300.0,26400.0,14943800
2023-05-12,26550.0,26850.0,26350.0,26800.0,16486600
2023-05-15,27000.0,27600.0,26900.0,27000.0,29853900
2023-05-16,27000.0,27550.0,27000.0,27400.0,13149900
2023-05-17,27400.0,27500.0,26900.0,27000.0,17690100
2023-05-18,27150.0,27500.0,27000.0,27200.0,15189700
2023-05-19,27350.0,27950.0,27200.0,27850.0,24344500
2023-05-22,28000.0,28500.0,27800.0,28150.0,17738400
2023-05-23,28200.0,28300.0,27700.0,27950.0,17308100
2023-05-24,27950.0,27950.0,27950.0,27950.0,0
2023-05-25,27200.0,27500.0,26850.0,27000.0,35282200
2023-05-26,27250.0,27250.0,26850.0,27200.0,11437800
2023-05-29,27400.0,27700.0,27300.0,27700.0,9984100
2023-05-30,27950.0,27950.0,27400.0,27700.0,9099700
2023-05-31,27700.0,27900.0,27550.0,27700.0,15062400
2023-06-01,27650.0,28000.0,27650.0,28000.0,8842400
2023-06-02,28200.0,28800.0,28150.0,28300.0,17871000
2023-06-05,28550.0,28650.0,28050.0,28050.0,14176900
2023-06-06,28050.0,28300.0,27750.0,28300.0,17184500
2023-06-07,28700.0,28800.0,28150.0,28350.0,12976500
2023-06-08,28300.0,28400.0,27600.0,27600.0,20255700
2023-06-09,27700.0,28100.0,27250.0,28100.0,12851200
2023-06-12,28150.0,28200.0,27500.0,28200.0,11276200
2023-06-13,28200.0,28400.0,27950.0,28200.0,9048400
2023-06-14,28250.0,28450.0,27800.0,27800.0,16588600
2023-06-15,27800.0,27900.0,27600.0,27800.0,11049600
2023-06-16,28050.0,29600.0,28000.0,29000.0,44855200
2023-06-19,29150.0,29150.0,28750.0,28750.0,8516000
2023-06-20,28900.0,29250.0,28700.0,29250.0,10685100
2023-06-21,29250.0,29550.0,29100.0,29400.0,16888300
2023-06-22,29400.0,29400.0,29400.0,29400.0,0
2023-06-23,30200.0,30650.0,30000.0,30300.0,16889100
2023-06-26,30200.0,30250.0,29250.0,29600.0,31159200
2023-06-27,29550.0,29750.0,29450.0,29600.0,11224400
2023-06-28,29700.0,30000.0,29550.0,29900.0,13693600
2023-06-29,29950.0,30050.0,29300.0,29550.0,14837600
2023-06-30,29550.0,29800.0,29300.0,29800.0,8144800
2023-07-03,29800.0,29950.0,29450.0,29700.0,7045400
2023-07-04,29700.0,29850.0,29300.0,29850.0,17233800
2023-07-05,29850.0,30250.0,29650.0,29900.0,14555700
2023-07-06,29850.0,29900.0,29100.0,29100.0,26337200
2023-07-07,29100.0,29600.0,29000.0,29600.0,9708200
2023-07-10,29800.0,29950.0,29500.0,29850.0,11191900
2023-07-11,30050.0,30350.0,29850.0,30000.0,17902700
2023-07-12,29800.0,29900.0,29300.0,29800.0,32137800
2023-07-13,29650.0,30000.0,29650.0,30000.0,11703900
2023-07-14,30200.0,30200.0,27900.0,29000.0,74861900
2023-07-17,28850.0,28900.0,28000.0,28000.0,41707400
2023-07-18,28000.0,28450.0,27900.0,28450.0,23016500
2023-07-19,28450.0,28600.0,28200.0,28250.0,11967700
2023-07-20,28250.0,28300.0,27600.0,27850.0,27253400
2023-07-21,27950.0,28750.0,27800.0,28750.0,29526800
2023-07-24,28750.0,28900.0,28450.0,28700.0,17378100
2023-07-25,28600.0,29150.0,28400.0,28500.0,19697700
2023-07-26,28500.0,28500.0,28200.0,28300.0,13249800
2023-07-27,28300.0,28450.0,27900.0,28100.0,21100800
2023-07-28,28100.0,28750.0,28100.0,28650.0,19908800
2023-07-31,28900.0,29100.0,28500.0,28950.0,21200800
2023-08-01,29100.0,29700.0,28900.0,28950.0,41823000
2023-08-02,28900.0,29300.0,28800.0,29100.0,18419000
2023-08-03,29150.0,29200.0,28600.0,28600.0,20537400
2023-08-04,28600.0,28950.0,28500.0,28950.0,18096200
2023-08-07,29050.0,30250.0,29050.0,30050.0,49624600
2023-08-08,30350.0,30400.0,29750.0,29800.0,15546300
2023-08-09,29850.0,31200.0,29650.0,31200.0,37815900
2023-08-10,31150.0,31300.0,30550.0,30550.0,13398600
2023-08-11,30750.0,32100.0,30550.0,31850.0,33178800
2023-08-14,31900.0,32000.0,31500.0,31900.0,16893000
2023-08-15,31900.0,32000.0,31450.0,31500.0,16928700
2023-08-16,31500.0,32900.0,31200.0,32900.0,44953500
2023-08-17,32600.0,32800.0,32250.0,32350.0,14884100
2023-08-18,32100.0,32450.0,30300.0,31300.0,45150600
2023-08-21,31600.0,32700.0,31300.0,31800.0,35255100
2023-08-22,32000.0,32150.0,30500.0,32150.0,32920900
2023-08-23,32100.0,32200.0,30750.0,30900.0,38653900
2023-08-24,31100.0,31700.0,30900.0,31550.0,14088400
2023-08-25,31300.0,31500.0,30950.0,31100.0,17148500
2023-08-28,31150.0,31900.0,30950.0,31650.0,18709800
2023-08-29,31800.0,31900.0,31350.0,31750.0,17672400
2023-08-30,31800.0,32500.0,31800.0,32500.0,27237000
2023-08-31,32500.0,32650.0,32350.0,32650.0,18726700
2023-09-01,32650.0,32650.0,32650.0,32650.0,0
2023-09-04,32650.0,32650.0,32650.0,32650.0,0
2023-09-05,32700.0,33150.0,32400.0,32700.0,22518900
2023-09-06,32600.0,33050.0,32150.0,33050.0,23144500
2023-09-07,33000.0,33250.0,32650.0,33000.0,20729300
2023-09-08,32800.0,32950.0,32500.0,32500.0,18547100
2023-09-11,32700.0,32700.0,31550.0,31600.0,32699500
2023-09-12,31800.0,32350.0,31350.0,32350.0,14337200
2023-09-13,32500.0,32550.0,31850.0,31950.0,17037500
2023-09-14,32000.0,32450.0,31800.0,31800.0,14940900
2023-09-15,32300.0,33150.0,32100.0,32500.0,34137000
2023-09-18,32300.0,33050.0,32300.0,32600.0,15196000
2023-09-19,32700.0,33600.0,32650.0,33300.0,33669800
2023-09-20,33300.0,33550.0,33200.0,33250.0,10589700
2023-09-21,33200.0,33700.0,32350.0,32350.0,31019800
2023-09-22,32000.0,33000.0,31350.0,32900.0,35946000
2023-09-25,32800.0,33150.0,31400.0,31650.0,25662800
2023-09-26,31950.0,32200.0,31350.0,31350.0,17056300
2023-09-27,31500.0,31800.0,30550.0,31800.0,19340500
2023-09-28,31700.0,31700.0,30450.0,30750.0,29418900
2023-09-29,31000.0,31250.0,30650.0,30650.0,12280500
2023-10-02,30750.0,31100.0,30600.0,30850.0,10885000
2023-10-03,30650.0,30650.0,29050.0,29200.0,33380900
2023-10-04,28900.0,30600.0,28850.0,30200.0,20419400
2023-10-05,30100.0,30350.0,29850.0,29900.0,10308800
2023-10-06,29850.0,30950.0,29650.0,30950.0,13108100
2023-10-09,30950.0,31300.0,30600.0,31200.0,9199800
2023-10-10,31350.0,31650.0,31250.0,31250.0,11506300
2023-10-11,31250.0,31800.0,31150.0,31750.0,8374300
2023-10-12,31950.0,31950.0,31300.0,31600.0,8160500
2023-10-13,31200.0,31600.0,31000.0,31500.0,11308800
2023-10-16,31400.0,31450.0,30200.0,30200.0,25870900
2023-10-17,30450.0,30700.0,30000.0,30000.0,11770400
2023-10-18,30100.0,30300.0,29350.0,29700.0,20147600
2023-10-19,29500.0,29900.0,28950.0,29000.0,20421700
2023-10-20,29000.0,30300.0,28850.0,30100.0,18953900
2023-10-23,29800.0,30100.0,29400.0,29700.0,13702000
2023-10-24,30000.0,30200.0,29750.0,30000.0,11931200
2023-10-25,30000.0,30200.0,29550.0,29550.0,8074600
2023-10-26,29000.0,29200.0,27700.0,28100.0,40837400
2023-10-27,28550.0,29250.0,28150.0,28700.0,16878600
2023-10-30,28750.0,28800.0,27000.0,27000.0,21271700
2023-10-31,27100.0,27550.0,26550.0,27000.0,27998300
2023-11-01,27500.0,27700.0,27100.0,27650.0,8556100
2023-11-02,27950.0,29050.0,27900.0,29000.0,15521400
2023-11-03,29200.0,29200.0,28400.0,28500.0,18856700
2023-11-06,28650.0,29500.0,28600.0,29450.0,26745600
2023-11-07,29150.0,29300.0,28900.0,29000.0,11144900
2023-11-08,28900.0,30100.0,28750.0,30000.0,20906400
2023-11-09,30050.0,30300.0,29650.0,29650.0,22227400
2023-11-10,29400.0,30000.0,29250.0,29500.0,13739800
2023-11-13,29500.0,29600.0,29000.0,29250.0,15892800
2023-11-14,29600.0,30450.0,29500.0,30000.0,18566200
2023-11-15,30600.0,30700.0,29800.0,30000.0,16567100
2023-11-16,29900.0,30200.0,29750.0,30200.0,9783300
2023-11-17,30250.0,30400.0,29050.0,29350.0,22164800
2023-11-20,28700.0,29450.0,28700.0,29200.0,16240800
2023-11-21,29550.0,29600.0,29100.0,29300.0,7021500
2023-11-22,29300.0,29450.0,28750.0,29100.0,19080700
2023-11-23,29150.0,29300.0,28200.0,28200.0,16575800
2023-11-24,28400.0,28400.0,27500.0,28300.0,23863000
2023-11-27,28200.0,28200.0,27400.0,27400.0,19828300
2023-11-28,27500.0,28150.0,26850.0,28150.0,17252700
2023-11-29,28050.0,28250.0,27800.0,27800.0,12029500
2023-11-30,27800.0,28100.0,27500.0,27500.0,13608300
2023-12-01,27500.0,27650.0,27050.0,27500.0,13635000
2023-12-04,27600.0,28350.0,27550.0,28200.0,19614700
2023-12-05,28150.0,28300.0,27800.0,27800.0,12589600
2023-12-06,27700.0,28100.0,27700.0,28100.0,14176100
2023-12-07,28300.0,28950.0,28050.0,28550.0,29262200
2023-12-08,28700.0,28850.0,28200.0,28200.0,14678400
2023-12-11,28300.0,28400.0,27850.0,27850.0,14345000
2023-12-12,27950.0,28100.0,27800.0,28000.0,6953400
2023-12-13,28000.0,28200.0,27450.0,27450.0,20639100
2023-12-14,27700.0,27750.0,27100.0,27100.0,14265300
2023-12-15,27100.0,27450.0,27050.0,27100.0,12858200
2023-12-18,27100.0,27200.0,26300.0,26300.0,21729000
2023-12-19,26300.0,26600.0,25850.0,26600.0,18259600
2023-12-20,26700.0,26950.0,26450.0,26950.0,8217200
2023-12-21,26750.0,26850.0,26500.0,26600.0,10018700
2023-12-22,26600.0,27450.0,26300.0,27200.0,22251300
2023-12-25,27250.0,27800.0,27250.0,27500.0,12751000
2023-12-26,27600.0,27600.0,27150.0,27500.0,13847000
2023-12-27,27500.0,27650.0,27350.0,27400.0,10685200
2023-12-28,27450.0,27800.0,27350.0,27600.0,10407400
2023-12-29,27650.0,28100.0,27600.0,27950.0,16014900
2024-01-01,27950.0,27950.0,27950.0,27950.0,0
2024-01-02,28000.0,28150.0,27750.0,27750.0,14813300
2024-01-03,27750.0,28500.0,27600.0,28500.0,19990700
2024-01-04,28600.0,29550.0,28500.0,28600.0,31414000
2024-01-05,29000.0,29450.0,28850.0,29300.0,31291500
2024-01-08,29600.0,29650.0,29000.0,29200.0,15853600
2024-01-09,29200.0,29500.0,29100.0,29200.0,16760900
2024-01-10,29100.0,29800.0,29100.0,29450.0,25102500
2024-01-11,29700.0,29950.0,29200.0,29500.0,24449200
2024-01-12,29300.0,30150.0,29100.0,29900.0,41145100
2024-01-15,30100.0,30250.0,29700.0,29800.0,13057500
2024-01-16,29750.0,29900.0,29600.0,29900.0,13163500
2024-01-17,29900.0,30050.0,29700.0,29700.0,15239500
2024-01-18,29750.0,30250.0,29650.0,29800.0,14262500
2024-01-19,30000.0,30300.0,29950.0,30300.0,19382800
2024-01-22,30500.0,30600.0,30150.0,30250.0,13400000
2024-01-23,30350.0,30700.0,30250.0,30500.0,17926900
2024-01-24,30450.0,31250.0,30400.0,30750.0,24678500
2024-01-25,30750.0,30750.0,30750.0,30750.0,0
2024-01-26,30700.0,30700.0,30200.0,30300.0,15139100
2024-01-29,30300.0,30650.0,30300.0,30350.0,8935200
2024-01-30,30350.0,30700.0,30300.0,30700.0,11432400
2024-01-31,30750.0,30900.0,29800.0,29900.0,34436400
2024-02-01,29900.0,30150.0,29700.0,29800.0,10674100
2024-02-02,29800.0,29800.0,29800.0,29800.0,0
2024-02-05,30000.0,30850.0,29850.0,30600.0,20315900
2024-02-06,30800.0,31100.0,30700.0,30800.0,13437900
2024-02-07,30750.0,31200.0,30750.0,31100.0,12202200
2024-02-08,31100.0,31100.0,31100.0,31100.0,0
2024-02-09,31100.0,31100.0,31100.0,31100.0,0
2024-02-15,31200.0,31700.0,31000.0,31250.0,17188200
2024-02-16,31300.0,31400.0,30750.0,30800.0,20794300
2024-02-19,30950.0,30950.0,30450.0,30700.0,15780500
2024-02-20,30700.0,31050.0,30550.0,30700.0,16158900
2024-02-21,31000.0,32000.0,30850.0,31500.0,44463100
2024-02-22,31400.0,31500.0,31000.0,31050.0,15526000
2024-02-23,31150.0,31550.0,30650.0,30650.0,33551000
2024-02-26,30650.0,30750.0,30150.0,30500.0,24763200
2024-02-27,30600.0,30850.0,30350.0,30750.0,15451600
2024-02-28,30850.0,31500.0,30750.0,31400.0,28484800
2024-02-29,31600.0,31800.0,31100.0,31550.0,23713600
2024-03-01,31750.0,32200.0,31700.0,31950.0,27190200
2024-03-04,32100.0,32200.0,31650.0,31750.0,17157800
2024-03-05,31750.0,31950.0,31550.0,31900.0,12352400
2024-03-06,31800.0,32150.0,31350.0,31550.0,18418500
2024-03-07,31550.0,31600.0,31150.0,31300.0,17422800
2024-03-08,31350.0,31500.0,30600.0,30650.0,34885800
2024-03-11,30600.0,30700.0,30100.0,30200.0,20137400
2024-03-12,30100.0,30550.0,30100.0,30250.0,13195300
2024-03-13,30300.0,30850.0,30150.0,30850.0,16466100
2024-03-14,30900.0,30950.0,30400.0,30450.0,15812300
2024-03-15,30450.0,30750.0,30200.0,30500.0,17494500
2024-03-18,30500.0,30700.0,29700.0,30250.0,26184800
2024-03-19,30300.0,30550.0,29900.0,30400.0,13159300
2024-03-20,30400.0,31250.0,30150.0,31150.0,28145900
2024-03-21,31250.0,31500.0,31100.0,31500.0,15677800
2024-03-22,31650.0,32400.0,31550.0,31650.0,32805000
2024-03-25,31600.0,31700.0,30800.0,30850.0,25048000
2024-03-26,30800.0,31000.0,30750.0,31000.0,19270400
2024-03-27,31000.0,31200.0,30650.0,30900.0,15097000
2024-03-28,31200.0,32000.0,30800.0,32000.0,31997700
2024-03-29,32250.0,32600.0,31600.0,31600.0,34573900
2024-04-01,31500.0,31700.0,31050.0,31400.0,24131300
2024-04-02,30500.0,30950.0,29600.0,30200.0,105089800
2024-04-03,30500.0,30800.0,30100.0,30100.0,26957600
2024-04-04,30100.0,30200.0,29650.0,29700.0,30271800
2024-04-05,29500.0,29850.0,29150.0,29600.0,25456900
2024-04-08,29300.0,29450.0,28950.0,29000.0,26854100
2024-04-09,29000.0,29250.0,28700.0,29150.0,17950600
2024-04-10,29300.0,29450.0,29100.0,29100.0,14930400
2024-04-11,28900.0,29100.0,28750.0,28850.0,10462800
2024-04-12,29100.0,29400.0,28900.0,29100.0,15445100
2024-04-15,29000.0,29400.0,27500.0,27500.0,24337900
2024-04-16,27650.0,27800.0,27200.0,27300.0,22651800
2024-04-17,27600.0,27600.0,26800.0,26800.0,12961400
2024-04-19,26400.0,28000.0,26150.0,26800.0,23052500
2024-04-22,27400.0,28150.0,27100.0,27650.0,13422600
2024-04-23,27550.0,28150.0,27550.0,27800.0,18401000
2024-04-24,27900.0,28600.0,27800.0,28600.0,13991900
2024-04-25,28600.0,28650.0,28200.0,28450.0,9380100
2024-04-26,28250.0,28950.0,28100.0,28200.0,11932400
2024-04-29,28200.0,28200.0,28200.0,28200.0,0
2024-04-30,28200.0,28200.0,28200.0,28200.0,0
2024-05-02,28350.0,28350.0,27500.0,27600.0,10054400
2024-05-03,27800.0,28050.0,27500.0,27550.0,8851200
2024-05-06,27950.0,28150.0,27650.0,28100.0,8810000
2024-05-07,28150.0,28350.0,28100.0,28300.0,8560700
2024-05-08,28300.0,28350.0,27850.0,27950.0,9179100
2024-05-09,28000.0,28150.0,27800.0,27800.0,7552300
2024-05-10,27900.0,28000.0,27600.0,27600.0,6903400
2024-05-13,27700.0,27700.0,27200.0,27250.0,7861600
2024-05-14,27300.0,27550.0,27200.0,27250.0,7428600
2024-05-15,27350.0,27900.0,27300.0,27800.0,9801400
2024-05-16,28100.0,28650.0,28100.0,28400.0,16790800
2024-05-17,28500.0,28550.0,28300.0,28500.0,7138700
2024-05-20,28750.0,28750.0,28200.0,28300.0,10164400
2024-05-21,28300.0,28450.0,27850.0,28300.0,9961400
2024-05-22,28300.0,28400.0,27950.0,28000.0,7853200
2024-05-23,27900.0,28550.0,27700.0,28550.0,10710600
2024-05-24,28450.0,29250.0,28300.0,28700.0,28342000
2024-05-27,28800.0,28950.0,28350.0,28700.0,6564000
2024-05-28,28800.0,29000.0,28600.0,28850.0,9012300
2024-05-29,28900.0,28900.0,28250.0,28250.0,10808900
2024-05-30,28000.0,28250.0,27600.0,27850.0,16001700
2024-05-31,28050.0,28200.0,27800.0,27850.0,5567800
2024-06-03,27850.0,27850.0,27850.0,27850.0,0
2024-06-04,30500.0,30600.0,29850.0,29950.0,20232100
2024-06-05,30000.0,30400.0,29600.0,29600.0,15295100
2024-06-06,29950.0,31100.0,29650.0,30700.0,31379700
2024-06-07,30700.0,31100.0,30700.0,30750.0,12983500
2024-06-10,31200.0,31700.0,31050.0,31100.0,14942300
2024-06-11,31200.0,31350.0,30700.0,31200.0,14064100
2024-06-12,31250.0,31350.0,30900.0,31350.0,10808500
2024-06-13,31500.0,31900.0,31250.0,31650.0,19842400
2024-06-14,31650.0,31900.0,30550.0,30550.0,15865800
2024-06-17,30400.0,30800.0,30250.0,30500.0,14506900
2024-06-18,30550.0,31150.0,30550.0,30550.0,11579400
2024-06-19,30600.0,31200.0,30450.0,30900.0,13605100
2024-06-20,31100.0,31100.0,30000.0,30750.0,21298600
2024-06-21,30700.0,31350.0,30450.0,30650.0,11453900
2024-06-24,30650.0,30750.0,29400.0,29500.0,20293700
2024-06-25,29700.0,29800.0,29250.0,29600.0,11199300
2024-06-26,29400.0,29650.0,28950.0,29500.0,14572000
2024-06-27,29300.0,29500.0,29100.0,29200.0,6435800
2024-06-28,29050.0,29400.0,28800.0,28800.0,9182400
2024-07-01,29000.0,29350.0,28800.0,29300.0,5212400
2024-07-02,29350.0,29750.0,29250.0,29600.0,5431700
2024-07-03,29550.0,30100.0,29550.0,29900.0,6484600
2024-07-04,29900.0,29950.0,29600.0,29900.0,4385800
2024-07-05,29900.0,30150.0,29600.0,30100.0,6500200
2024-07-08,30000.0,30300.0,29750.0,30150.0,11712100
2024-07-09,30150.0,30400.0,29950.0,30350.0,11044600
2024-07-10,30350.0,30450.0,29850.0,29850.0,7896500
2024-07-11,30000.0,30150.0,29850.0,29850.0,5412300
2024-07-12,30000.0,30150.0,29700.0,29750.0,8716700
2024-07-15,29800.0,29950.0,29600.0,29750.0,3659300
2024-07-16,29750.0,30200.0,29750.0,29900.0,7816800
2024-07-17,30100.0,31200.0,29950.0,30400.0,25058400
2024-07-18,30400.0,30600.0,29950.0,30600.0,10719300
2024-07-19,30550.0,30850.0,30150.0,30300.0,8140200
2024-07-22,30300.0,30600.0,29900.0,30000.0,10809000
2024-07-23,30100.0,30300.0,29000.0,29000.0,11984600
2024-07-24,29000.0,29450.0,28600.0,29200.0,12412500
2024-07-25,29150.0,29150.0,28600.0,28800.0,8570900
2024-07-26,28800.0,29100.0,28750.0,29100.0,5366200
2024-07-29,29200.0,29400.0,28800.0,29100.0,5947800
2024-07-30,29050.0,29150.0,28800.0,28900.0,4458200
2024-07-31,29000.0,29250.0,28850.0,29000.0,6032600
2024-08-01,29000.0,29250.0,28050.0,28050.0,11998200
2024-08-02,28000.0,28550.0,27950.0,28400.0,10783600
2024-08-05,28200.0,28400.0,27000.0,27200.0,21028700
2024-08-06,27550.0,28450.0,27300.0,28400.0,8945400
2024-08-07,28400.0,28500.0,27900.0,28400.0,7957500
2024-08-08,28050.0,28600.0,28000.0,28250.0,5944200
2024-08-09,28650.0,28950.0,28200.0,28850.0,9925300
2024-08-12,28850.0,29350.0,28600.0,29200.0,9701500
2024-08-13,29200.0,29500.0,29150.0,29150.0,7059600
2024-08-14,29250.0,29400.0,29200.0,29200.0,5866500
2024-08-15,29200.0,29300.0,28750.0,28950.0,3730700
2024-08-16,28950.0,29450.0,28950.0,29350.0,8293900
2024-08-19,29500.0,29700.0,29350.0,29650.0,5992100
2024-08-20,29650.0,29800.0,29500.0,29650.0,6413400
2024-08-21,29650.0,29950.0,29400.0,29950.0,8881200
2024-08-22,30000.0,30050.0,29800.0,29900.0,4940600
2024-08-23,29900.0,30000.0,29650.0,29950.0,5876500
2024-08-26,30050.0,30200.0,29750.0,29750.0,7701300
2024-08-27,29750.0,29850.0,29600.0,29600.0,4245000
2024-08-28,29700.0,29850.0,29550.0,29550.0,4655800
2024-08-29,29650.0,30900.0,29650.0,30450.0,25193800
2024-08-30,30550.0,30650.0,30350.0,30550.0,5079700
2024-09-04,30400.0,30400.0,29950.0,30100.0,9433600
2024-09-05,30100.0,30150.0,29400.0,29600.0,10457600
2024-09-06,29550.0,29900.0,29500.0,29900.0,8550100
2024-09-09,29650.0,29750.0,29500.0,29500.0,4193600
2024-09-10,29700.0,29750.0,29150.0,29200.0,7772100
2024-09-11,29150.0,29700.0,29100.0,29600.0,6358300
2024-09-12,29650.0,29800.0,29550.0,29700.0,5852700
2024-09-13,29700.0,29950.0,29550.0,29800.0,6158600
2024-09-16,29800.0,29900.0,29550.0,29550.0,4878700
2024-09-17,29650.0,29850.0,29450.0,29850.0,5758400
2024-09-18,29850.0,30600.0,29800.0,30250.0,14764700
2024-09-19,30350.0,30600.0,30300.0,30500.0,7185600
2024-09-20,30700.0,31300.0,30600.0,30850.0,23258900
2024-09-23,30900.0,31300.0,30800.0,30800.0,6037200
2024-09-24,30850.0,32050.0,30800.0,31850.0,24839400
2024-09-25,32000.0,32700.0,31850.0,32700.0,28614000
2024-09-26,32800.0,33200.0,32600.0,32750.0,25838600
2024-09-27,32900.0,33650.0,32800.0,33600.0,22047200
2024-09-30,33550.0,33650.0,33200.0,33350.0,12432400
2024-10-01,33400.0,34400.0,33400.0,33500.0,16258900
2024-10-02,33500.0,33900.0,33400.0,33550.0,11383200
2024-10-03,33550.0,34200.0,33550.0,33750.0,19074200
2024-10-04,33700.0,33800.0,33100.0,33100.0,14347400
2024-10-07,33400.0,34150.0,33350.0,33800.0,14756600
2024-10-08,33850.0,34200.0,33550.0,33700.0,13909400
2024-10-09,33700.0,34300.0,33600.0,34150.0,17686600
2024-10-10,34500.0,34800.0,33600.0,33600.0,20748300
2024-10-11,33650.0,33800.0,33400.0,33800.0,7702400
2024-10-14,34100.0,34200.0,33600.0,33900.0,12932200
2024-10-15,33950.0,34200.0,33600.0,33700.0,12425100
2024-10-16,33650.0,33750.0,33150.0,33600.0,18409100
2024-10-17,33700.0,34600.0,33250.0,34600.0,27209600
2024-10-18,35100.0,36450.0,34700.0,35550.0,32868800
2024-10-21,35650.0,36100.0,35250.0,35250.0,13537800
2024-10-22,35250.0,35900.0,34900.0,35000.0,17680700
2024-10-23,35100.0,35800.0,34650.0,35800.0,12097200
2024-10-24,35800.0,35800.0,33400.0,33400.0,32157700
2024-10-25,33650.0,34000.0,33300.0,33450.0,19673700
2024-10-28,33300.0,34100.0,33300.0,33750.0,11423600
2024-10-29,33850.0,34300.0,33800.0,34050.0,10111000
2024-10-30,34200.0,35200.0,33950.0,34800.0,17096800
2024-10-31,34800.0,35700.0,34600.0,35200.0,17764700
2024-11-01,35000.0,35250.0,34950.0,35000.0,9112000
2024-11-04,35000.0,35350.0,34650.0,34900.0,11339100
2024-11-05,34850.0,35300.0,34850.0,34850.0,6852800
2024-11-06,35000.0,35500.0,34800.0,35500.0,6934000
2024-11-07,35600.0,35800.0,35400.0,35600.0,8231800
2024-11-08,35850.0,36000.0,35000.0,35500.0,9413400
2024-11-11,35400.0,35550.0,33400.0,33800.0,32893000
2024-11-12,33800.0,33900.0,33250.0,33550.0,14613800
2024-11-13,33500.0,33500.0,32400.0,33400.0,15006400
2024-11-14,33550.0,33550.0,32500.0,32500.0,9004900
2024-11-15,32400.0,32850.0,32200.0,32400.0,12216400
2024-11-18,32550.0,32700.0,31900.0,32600.0,10149900
2024-11-19,32600.0,32600.0,31750.0,31950.0,7271700
2024-11-20,31700.0,32750.0,31300.0,32400.0,8575900
2024-11-21,32400.0,33050.0,32250.0,33050.0,8026600
2024-11-22,33000.0,33150.0,32600.0,32650.0,5610500
2024-11-25,32700.0,33150.0,32650.0,32850.0,5082200
2024-11-26,33000.0,33350.0,32950.0,33200.0,6126800
2024-11-27,33100.0,33300.0,32800.0,33200.0,5196000
2024-11-28,33200.0,33600.0,32950.0,33150.0,8503500
2024-11-29,33050.0,33300.0,32800.0,33300.0,6626200
2024-12-02,33400.0,33400.0,32850.0,33100.0,5222300
2024-12-03,33150.0,33150.0,32600.0,32600.0,8715400
2024-12-04,32550.0,32600.0,32150.0,32400.0,5780600
2024-12-05,32350.0,34000.0,32250.0,33950.0,13198900
2024-12-06,33900.0,33950.0,33600.0,33800.0,5016000
2024-12-09,33700.0,34100.0,33600.0,34000.0,5819800
2024-12-10,34050.0,34200.0,33500.0,33500.0,5671300
2024-12-11,33800.0,33900.0,33500.0,33650.0,5182000
2024-12-12,33650.0,34100.0,33650.0,33800.0,4826000
2024-12-13,33800.0,34200.0,33550.0,34000.0,7644600
2024-12-16,34000.0,34100.0,33850.0,34100.0,4502700
2024-12-17,34100.0,34200.0,33850.0,34100.0,3703800
2024-12-18,34100.0,34200.0,33850.0,34200.0,4850900
2024-12-19,33800.0,34000.0,33550.0,33900.0,8676200
2024-12-20,33750.0,33950.0,33500.0,33850.0,7578900
2024-12-23,34150.0,35000.0,34100.0,34500.0,10898800
2024-12-24,34550.0,34750.0,34350.0,34700.0,6484800
2024-12-25,34800.0,36500.0,34750.0,36250.0,24376900
2024-12-26,36450.0,37400.0,36350.0,37100.0,16442000
2024-12-27,37200.0,37400.0,36900.0,37400.0,11145700
2024-12-30,37350.0,37850.0,36800.0,37850.0,10631900
2024-12-31,37550.0,37550.0,36900.0,36900.0,9388400
2025-01-02,36950.0,37200.0,36600.0,37000.0,5957100
2025-01-03,36950.0,36950.0,36100.0,36100.0,8642600
2025-01-06,36100.0,36600.0,36050.0,36250.0,9584000
2025-01-07,36450.0,37050.0,36350.0,36900.0,7377300
2025-01-08,36700.0,36900.0,36500.0,36700.0,6074100
2025-01-09,36800.0,36900.0,36400.0,36400.0,5593400
2025-01-10,36400.0,36550.0,35200.0,35200.0,15560200
2025-01-13,35000.0,35350.0,34700.0,35300.0,8382600
2025-01-14,35300.0,35400.0,34900.0,35400.0,4412700
2025-01-15,35400.0,35450.0,35100.0,35100.0,6977700
2025-01-16,35400.0,35450.0,35100.0,35100.0,6977700
2025-01-17,35400.0,35800.0,35150.0,35750.0,5715900
2025-01-20,35850.0,36350.0,35750.0,35950.0,6359200
2025-01-21,36450.0,36450.0,35900.0,36050.0,5396100
2025-01-22,36200.0,36650.0,36150.0,36350.0,7602200
2025-01-23,36650.0,37550.0,36450.0,37000.0,10155400
2025-01-24,37300.0,37350.0,36900.0,37000.0,4818200
2025-01-27,37000.0,37000.0,37000.0,37000.0,0
2025-01-28,37000.0,37000.0,37000.0,37000.0,0
2025-01-29,37000.0,37000.0,37000.0,37000.0,0
2025-01-30,37000.0,37000.0,37000.0,37000.0,0
2025-01-31,37000.0,37000.0,37000.0,37000.0,0
2025-02-03,36800.0,36900.0,36300.0,36550.0,9000500
2025-02-04,36700.0,37800.0,36650.0,37300.0,12650000
2025-02-05,37450.0,37500.0,37000.0,37250.0,5279300
2025-02-06,37500.0,37850.0,37300.0,37350.0,8268500
2025-02-07,37350.0,38100.0,37200.0,37450.0,11948300
2025-02-10,37400.0,38850.0,37200.0,38450.0,21128100
2025-02-11,38400.0,38700.0,38150.0,38500.0,5513100
2025-02-12,38500.0,38850.0,38300.0,38650.0,8553900
2025-02-13,38500.0,38800.0,38400.0,38800.0,4741600
2025-02-14,39300.0,39300.0,38250.0,38250.0,8007000
2025-02-17,38250.0,38500.0,38100.0,38300.0,6088300
2025-02-18,38300.0,39150.0,38150.0,38650.0,8042000
2025-02-19,38650.0,39100.0,38500.0,38750.0,7478000
2025-02-20,38900.0,39050.0,38550.0,38750.0,7041600
2025-02-21,38750.0,38950.0,38300.0,38850.0,8170200
2025-02-24,38850.0,39600.0,38700.0,39400.0,7261100
2025-02-25,39500.0,39700.0,39250.0,39250.0,6148600
2025-02-26,39250.0,39350.0,38550.0,38550.0,15149500
2025-02-27,38550.0,38650.0,38100.0,38300.0,12864400
2025-02-28,38250.0,38700.0,38250.0,38250.0,5601900
2025-03-03,38350.0,38850.0,38350.0,38850.0,5444600
2025-03-04,38650.0,39400.0,38500.0,39200.0,9150800
2025-03-05,39300.0,39700.0,38800.0,38800.0,9606400
2025-03-06,38850.0,39550.0,38750.0,39500.0,7514100
2025-03-07,39650.0,39900.0,39400.0,39750.0,11663800
2025-03-10,40000.0,40300.0,39200.0,40000.0,15036900
2025-03-11,39400.0,39900.0,39400.0,39900.0,5687100
2025-03-12,40000.0,40050.0,39300.0,39750.0,10908500
2025-03-13,39650.0,39700.0,38950.0,39000.0,16107200
2025-03-14,38800.0,39050.0,38350.0,38850.0,12595200
2025-03-17,39000.0,39200.0,38500.0,38850.0,5677600
2025-03-18,38950.0,39100.0,38400.0,38400.0,6627800
2025-03-19,38400.0,38600.0,37900.0,38400.0,12163700
2025-03-20,38400.0,39000.0,38100.0,38900.0,8974900
2025-03-21,38950.0,39000.0,38350.0,38650.0,6529400
2025-03-24,38700.0,38700.0,37900.0,38600.0,9208700
2025-03-25,38750.0,38800.0,38350.0,38650.0,5559800
2025-03-26,38650.0,39200.0,38450.0,38600.0,10412200
2025-03-27,38400.0,38600.0,38150.0,38250.0,5286900
2025-03-28,38250.0,38700.0,37950.0,38250.0,6500900
2025-03-31,38000.0,38750.0,37950.0,38300.0,7858700
2025-04-01,38650.0,39700.0,38300.0,39700.0,12024400
2025-04-02,39650.0,39750.0,39250.0,39250.0,8155200
2025-04-03,38100.0,38500.0,36550.0,36550.0,90990400
2025-04-04,34100.0,37500.0,34100.0,37400.0,38581000
2025-04-08,36000.0,36900.0,34800.0,34800.0,50377200
2025-04-09,33000.0,36000.0,32400.0,33100.0,30887500
2025-04-10,35400.0,35400.0,35400.0,35400.0,231100
2025-04-11,35400.0,37850.0,35400.0,37850.0,45803600
2025-04-14,37950.0,38500.0,37550.0,37800.0,12950500
2025-04-15,37450.0,38450.0,37100.0,38450.0,16839800
2025-04-16,38600.0,38850.0,38050.0,38150.0,9915900
2025-04-17,38000.0,38500.0,37950.0,38300.0,12994500
2025-04-18,38600.0,39150.0,38500.0,38550.0,14439400
2025-04-21,38550.0,41200.0,37850.0,40450.0,34146600
2025-04-22,40450.0,40650.0,37650.0,40650.0,32019500
2025-04-23,41050.0,41200.0,40150.0,40200.0,13621800
2025-04-24,40200.0,40450.0,39500.0,40200.0,13836900
2025-04-25,40200.0,40500.0,39150.0,39150.0,23650700
2025-04-28,39250.0,39300.0,38750.0,39250.0,9043800
2025-04-29,39200.0,39400.0,38900.0,39100.0,4551800
2025-04-30,39100.0,39100.0,39100.0,39100.0,0
2025-05-01,39100.0,39100.0,39100.0,39100.0,0
2025-05-02,39100.0,39100.0,39100.0,39100.0,0
2025-05-05,39100.0,39100.0,39100.0,39100.0,0
2025-05-06,39200.0,39650.0,38950.0,39500.0,5167000
2025-05-07,39400.0,39700.0,38850.0,38850.0,8137000
2025-05-08,38950.0,39150.0,38550.0,38850.0,9004500
2025-05-09,38850.0,39600.0,38750.0,39500.0,9549200
2025-05-12,39500.0,39500.0,39500.0,39500.0,0
2025-05-13,39800.0,40050.0,39750.0,40000.0,17745900
2025-05-14,40350.0,40400.0,39600.0,40100.0,13378200
2025-05-15,40200.0,40300.0,39700.0,40000.0,11857000
2025-05-16,40200.0,41100.0,40050.0,40700.0,18297100
2025-05-19,39500.0,39650.0,38950.0,39000.0,15035800
2025-05-20,39500.0,39650.0,38950.0,39000.0,15035800
2025-05-21,39000.0,39650.0,39000.0,39500.0,10361100
2025-05-22,39500.0,42250.0,39500.0,41800.0,39103400
2025-05-23,41750.0,42000.0,41000.0,41100.0,9149500
2025-05-26,41500.0,41750.0,40300.0,41550.0,10359000
2025-05-27,41500.0,41750.0,40300.0,41550.0,10359000
2025-05-28,41550.0,42100.0,41100.0,41500.0,8067700
2025-05-29,41700.0,41700.0,41050.0,41050.0,7824600
2025-05-30,41150.0,41400.0,40750.0,41300.0,7364400
2025-06-02,40700.0,42200.0,40500.0,41800.0,11981200
2025-06-03,40700.0,42200.0,40500.0,41800.0,11981200
2025-06-04,41900.0,42000.0,41550.0,41600.0,5967100
2025-06-05,41700.0,41750.0,41000.0,41000.0,7724000
2025-06-06,41000.0,41900.0,41000.0,41350.0,10652000
2025-06-09,41950.0,42200.0,41600.0,41950.0,7225300
2025-06-10,41950.0,42200.0,41600.0,41950.0,7225300
2025-06-11,42100.0,44000.0,42000.0,42900.0,15151600
2025-06-12,43150.0,43300.0,42600.0,42850.0,6729600
2025-06-13,43200.0,45750.0,43200.0,45000.0,20238200
2025-06-16,44600.0,45500.0,44550.0,45500.0,8042500
2025-06-17,44600.0,45500.0,44550.0,45500.0,8042500
2025-06-18,45550.0,46400.0,45500.0,46000.0,8798900
2025-06-19,46000.0,47800.0,45700.0,47200.0,12882100
2025-06-20,47200.0,47450.0,46700.0,47150.0,8489700
2025-06-23,46250.0,47200.0,46150.0,46450.0,6599000
2025-06-24,46250.0,47200.0,46150.0,46450.0,6599000
2025-06-25,46850.0,47200.0,46150.0,46500.0,10511600
2025-06-26,46500.0,47350.0,46450.0,46800.0,6595600
2025-06-27,47000.0,47200.0,46200.0,46800.0,9648600
2025-06-30,46600.0,47050.0,46350.0,46700.0,6019100
2025-07-01,46600.0,47050.0,46350.0,46700.0,6019100
2025-07-02,46800.0,46950.0,46450.0,46950.0,6104200
2025-07-03,47300.0,48100.0,47000.0,47550.0,9449300
2025-07-04,47400.0,47700.0,46400.0,46650.0,14989200
2025-07-07,47100.0,48500.0,47100.0,47550.0,8252600
2025-07-08,47100.0,48500.0,47100.0,47550.0,8252600
2025-07-09,47700.0,48050.0,47200.0,47650.0,6020400
2025-07-10,48000.0,48100.0,47350.0,47800.0,9776500
2025-07-11,47900.0,47900.0,47250.0,47650.0,8376100
2025-07-14,47750.0,48100.0,47200.0,47950.0,8661400
2025-07-15,47750.0,48100.0,47200.0,47950.0,8661400
2025-07-16,48200.0,49200.0,47700.0,47700.0,9831600
2025-07-17,47800.0,48150.0,47250.0,47800.0,9529800
2025-07-18,48050.0,48400.0,47600.0,47700.0,9050500
2025-07-21,50700.0,50800.0,49150.0,49500.0,10525200
2025-07-22,50700.0,50800.0,49150.0,49500.0,10525200
2025-07-23,49200.0,49500.0,48700.0,49500.0,9543900
2025-07-24,49700.0,49700.0,48500.0,48700.0,15205900
2025-07-25,48800.0,49500.0,48500.0,49000.0,10168300
2025-07-28,48800.0,49300.0,48350.0,49100.0,15097200
2025-07-29,48800.0,49300.0,48350.0,49100.0,15097200
2025-07-30,49100.0,50800.0,48000.0,48000.0,24137000
2025-07-31,48850.0,50300.0,48100.0,49300.0,17249500
2025-08-01,49900.0,50700.0,49250.0,49950.0,18161500
2025-08-04,48900.0,50000.0,48500.0,50000.0,10261900
2025-08-05,48900.0,50000.0,48500.0,50000.0,10261900
2025-08-06,50400.0,53500.0,49650.0,51700.0,34970000
2025-08-07,52600.0,54100.0,52200.0,54100.0,12203200
2025-08-08,54800.0,55200.0,52900.0,54600.0,14247000
2025-08-11,53600.0,53800.0,52700.0,53700.0,11099300
2025-08-12,53600.0,53800.0,52700.0,53700.0,11099300
2025-08-13,53600.0,54800.0,53000.0,54000.0,7085300
2025-08-14,54400.0,54400.0,52900.0,53900.0,8805500
2025-08-15,54300.0,56300.0,53700.0,55400.0,16179400
2025-08-18,53900.0,53900.0,52200.0,52800.0,12871600
2025-08-19,53900.0,53900.0,52200.0,52800.0,12871600
2025-08-20,52700.0,53900.0,52300.0,53200.0,10619300
2025-08-21,53400.0,54400.0,51700.0,54100.0,25005100
2025-08-22,54800.0,57800.0,54700.0,57800.0,26950700
2025-08-25,56200.0,56500.0,51700.0,53000.0,22715200
2025-08-26,56200.0,56500.0,51700.0,53000.0,22715200
2025-08-27,52500.0,55000.0,52400.0,55000.0,12289300
2025-08-28,55300.0,56400.0,54100.0,55600.0,15918500
2025-08-29,55900.0,56200.0,54400.0,54800.0,8394200
2025-09-01,54800.0,54800.0,54800.0,54800.0,0
2025-09-02,54800.0,54800.0,54800.0,54800.0,0
2025-09-03,56000.0,56300.0,55200.0,56300.0,7512300
2025-09-04,56000.0,56300.0,55200.0,56300.0,7512300
2025-09-05,56700.0,56800.0,55700.0,56400.0,7720900
2025-09-08,55700.0,56200.0,53900.0,54000.0,11396400
2025-09-09,55700.0,56200.0,53900.0,54000.0,11396400
2025-09-10,53900.0,54300.0,53100.0,54200.0,6237400
2025-09-11,54500.0,54900.0,53400.0,53900.0,7469300
2025-09-12,54200.0,55700.0,52600.0,55400.0,12854900
2025-09-15,55200.0,56000.0,54500.0,56000.0,8931100
2025-09-16,55200.0,56000.0,54500.0,56000.0,8931100
2025-09-17,56400.0,56900.0,55900.0,56100.0,6628000
2025-09-18,56300.0,56600.0,55500.0,56200.0,8281600
2025-09-19,56500.0,57300.0,55800.0,57000.0,8193300
2025-09-22,55500.0,55700.0,53600.0,54800.0,8456900
2025-09-23,55500.0,55700.0,53600.0,54800.0,8456900
2025-09-24,55200.0,55700.0,54500.0,55400.0,5215300
2025-09-25,55400.0,57000.0,54500.0,57000.0,6866400
2025-09-26,57200.0,57200.0,56000.0,56900.0,6594300
2025-09-29,56500.0,56600.0,55400.0,56600.0,5361700
2025-09-30,56500.0,56600.0,55400.0,56600.0,5361700
2025-10-01,56600.0,57100.0,56000.0,56900.0,8892800
2025-10-02,57100.0,59800.0,56700.0,59800.0,18440100
2025-10-03,60000.0,60300.0,58000.0,58700.0,8412100
2025-10-06,58000.0,59800.0,57100.0,59800.0,10349900
2025-10-07,58000.0,59800.0,57100.0,59800.0,10349900
2025-10-08,60000.0,60400.0,58500.0,58500.0,7496400
2025-10-09,58600.0,60000.0,58500.0,59900.0,10390300
2025-10-10,60300.0,61000.0,59700.0,60000.0,9593000
2025-10-13,59900.0,61000.0,59300.0,61000.0,7743200
2025-10-14,59900.0,61000.0,59300.0,61000.0,7743200
2025-10-15,61100.0,61300.0,60100.0,60600.0,7039200
2025-10-16,60200.0,60800.0,60000.0,60000.0,3805800
2025-10-17,60100.0,60400.0,58500.0,59500.0,10235300
2025-10-20,58600.0,58800.0,54900.0,54900.0,13295700
2025-10-21,58600.0,58800.0,54900.0,54900.0,13295700
2025-10-22,55500.0,55600.0,53000.0,55600.0,11955700
2025-10-23,55700.0,55700.0,53500.0,55400.0,5680600
2025-10-24,55400.0,55900.0,54700.0,55600.0,5822500
2025-10-27,54500.0,55300.0,53500.0,54600.0,4852600
2025-10-28,54500.0,55300.0,53500.0,54600.0,4852600
2025-10-29,54400.0,56800.0,53600.0,56800.0,6598200
2025-10-30,56800.0,58100.0,56500.0,57200.0,5986100
2025-10-31,57200.0,57300.0,56400.0,56900.0,3281900
2025-11-03,55400.0,55800.0,52300.0,52300.0,6619800
2025-11-04,52000.0,54800.0,51700.0,53900.0,11567100
2025-11-05,52000.0,54800.0,51700.0,53900.0,11567100
2025-11-06,53500.0,53800.0,51900.0,51900.0,7748900
2025-11-07,51700.0,51900.0,48350.0,48350.0,20318100
2025-11-10,48500.0,49400.0,48350.0,48500.0,8290900
2025-11-11,48700.0,49650.0,47450.0,49650.0,8621000
2025-11-12,49700.0,50600.0,48850.0,50600.0,8640000
2025-11-13,50500.0,50500.0,48550.0,48700.0,17041000
2025-11-14,48600.0,48650.0,47400.0,48050.0,14304600
2025-11-17,48100.0,49050.0,47900.0,48900.0,10169700
2025-11-18,48900.0,49650.0,48500.0,49500.0,8541600
2025-11-19,49450.0,50300.0,49050.0,49500.0,9515600
2025-11-20,49500.0,49800.0,49100.0,49500.0,5896100
2025-11-21,49050.0,51300.0,48900.0,51300.0,10132900
2025-11-24,51500.0,51500.0,50000.0,50000.0,6116900
2025-11-25,50000.0,51000.0,49750.0,50000.0,5219100
2025-11-26,50100.0,51200.0,49950.0,49950.0,7616300
2025-11-27,49800.0,50600.0,49300.0,49300.0,3672600
2025-11-28,49000.0,49550.0,48600.0,48600.0,4671200
2025-12-01,48700.0,49600.0,48650.0,49000.0,3344100
2025-12-02,49000.0,49650.0,49000.0,49400.0,5477800
2025-12-03,49200.0,50900.0,49200.0,49700.0,7311300
2025-12-04,49200.0,50900.0,49200.0,49700.0,7311300
2025-12-05,50600.0,50600.0,49200.0,49200.0,6092100
2025-12-08,49200.0,49250.0,48700.0,48700.0,4224200
2025-12-09,48350.0,49250.0,48050.0,48550.0,10646500
2025-12-10,48450.0,48650.0,48400.0,48600.0,5984100
2025-12-11,48400.0,48600.0,47700.0,47700.0,6162200
2025-12-12,47700.0,48500.0,46000.0,46000.0,8811500
2025-12-15,46050.0,47200.0,45950.0,46800.0,6054400
2025-12-16,46500.0,48200.0,46500.0,47050.0,5417200
2025-12-17,47200.0,47800.0,47100.0,47200.0,4055200
2025-12-18,47200.0,47800.0,47100.0,47200.0,4055200
2025-12-19,47700.0,49000.0,47700.0,49000.0,7229300
2025-12-22,49300.0,52400.0,48600.0,52400.0,13019000
2025-12-23,54700.0,56000.0,54200.0,56000.0,8408800
2025-12-24,58800.0,58800.0,56600.0,58700.0,19984100
2025-12-25,58800.0,58800.0,56600.0,58700.0,19984100
2025-12-26,55500.0,57500.0,53100.0,57500.0,17485500
2025-12-29,58200.0,60400.0,58100.0,59900.0,22403400
2025-12-30,60300.0,60800.0,58500.0,60000.0,19183500
2025-12-31,59600.0,60200.0,58000.0,58000.0,14589500
2026-01-01,58000.0,58000.0,58000.0,58000.0,0
2026-01-02,58000.0,58000.0,58000.0,58000.0,0
2026-01-05,58200.0,58300.0,56000.0,57900.0,18337600
2026-01-06,57500.0,58700.0,56700.0,56700.0,12705700
2026-01-07,55600.0,55900.0,52800.0,53400.0,53941300
2026-01-08,53700.0,55200.0,53100.0,53500.0,16488100
2026-01-09,53600.0,54300.0,51500.0,51800.0,21551500
2026-01-12,51500.0,54300.0,51100.0,53800.0,21181100
2026-01-13,53800.0,55200.0,53700.0,54100.0,18230000
2026-01-14,53900.0,55100.0,53800.0,54100.0,14857600
2026-01-15,53800.0,57800.0,53700.0,57800.0,23196000
2026-01-16,59400.0,60600.0,57900.0,58400.0,18237000
2026-01-19,58000.0,58700.0,57600.0,58300.0,8938300
2026-01-20,58200.0,60900.0,58100.0,58100.0,16114900
2026-01-21,57600.0,62100.0,57200.0,62100.0,25967900
2026-01-22,63000.0,66400.0,63000.0,63500.0,17206700
2026-01-23,63200.0,66100.0,62600.0,62600.0,16451000
2026-01-26,63000.0,63800.0,61600.0,62000.0,14884400
2026-01-27,62000.0,63300.0,61000.0,61900.0,12496700
2026-01-28,62000.0,65600.0,61900.0,63200.0,12810300
2026-01-29,64000.0,64400.0,62600.0,62800.0,7052500
2026-01-30,62800.0,65000.0,62700.0,63000.0,9372100
2026-02-02,63000.0,64000.0,62000.0,63500.0,12216000
2026-02-03,64000.0,64500.0,62700.0,63000.0,10152200
2026-02-04,62800.0,64600.0,62600.0,63800.0,11683400
2026-02-05,63800.0,65000.0,62300.0,62300.0,10907100
2026-02-06,61800.0,62400.0,60800.0,61500.0,14979600
2026-02-09,61600.0,62100.0,60300.0,60300.0,5613100
2026-02-10,60300.0,60700.0,59000.0,59500.0,15767700
2026-02-11,59300.0,62900.0,59300.0,61100.0,8440100
2026-02-12,61200.0,62700.0,61100.0,61100.0,4636600
2026-02-13,61200.0,62600.0,61100.0,62600.0,8998200
2026-02-16,62600.0,62600.0,62600.0,62600.0,0
2026-02-17,62600.0,62600.0,62600.0,62600.0,0
2026-02-18,62600.0,62600.0,62600.0,62600.0,0
2026-02-19,62600.0,62600.0,62600.0,62600.0,0
2026-02-20,62600.0,62600.0,62600.0,62600.0,0
2026-02-23,62500.0,63700.0,62500.0,62900.0,5818900
2026-02-24,63200.0,64200.0,63000.0,63400.0,7967200
2026-02-25,63400.0,67800.0,63400.0,66700.0,20065800
2026-02-26,66800.0,67300.0,65600.0,67000.0,8140000
2026-02-27,66900.0,67200.0,65500.0,65500.0,7079500
2026-03-02,65100.0,70000.0,64100.0,67000.0,22266500
2026-03-03,65100.0,70000.0,64100.0,67000.0,22266500
2026-03-04,67600.0,68100.0,65300.0,66700.0,15992100
2026-03-05,67600.0,68700.0,64900.0,64900.0,11705000
2026-03-06,64900.0,65400.0,62600.0,63800.0,9695500
2026-03-09,59400.0,64100.0,59400.0,60800.0,34718500
2026-03-10,63000.0,65000.0,62600.0,65000.0,21117100
2026-03-11,65100.0,67400.0,64500.0,66300.0,9254700
2026-03-12,65600.0,67100.0,65100.0,65700.0,6081700
2026-03-13,65000.0,67000.0,64900.0,65800.0,6921900
2026-03-16,65700.0,68900.0,65600.0,66600.0,10881400
2026-03-17,67000.0,69200.0,67000.0,67600.0,8825000
2026-03-18,67700.0,68800.0,62900.0,63300.0,33645200
2026-03-19,63300.0,64700.0,62100.0,63400.0,11631900
2026-03-20,63100.0,64000.0,62700.0,63400.0,9388100
2026-03-23,62400.0,62900.0,60000.0,60000.0,8986900
2026-03-24,61100.0,62000.0,60500.0,60800.0,6025600
2026-03-25,61300.0,62700.0,61100.0,62200.0,5688900
2026-03-26,62000.0,62100.0,60300.0,60600.0,5034300
2026-03-27,60500.0,60700.0,59700.0,59900.0,9368300
2026-03-30,58900.0,63400.0,58100.0,61200.0,7574900
2026-03-31,61200.0,62700.0,61200.0,62200.0,5233600
2026-04-01,62800.0,63700.0,62200.0,62200.0,3187200
2026-04-02,61600.0,62100.0,60700.0,61100.0,6494800
2026-04-03,60800.0,62300.0,60600.0,60800.0,4610800
2026-04-06,60800.0,62100.0,59600.0,61200.0,4204600
2026-04-07,61500.0,62000.0,61000.0,61700.0,2931800
2026-04-08,63500.0,66000.0,63100.0,66000.0,9822700
2026-04-09,65900.0,68800.0,65500.0,66300.0,11522600
2026-04-10,66300.0,68700.0,66100.0,66900.0,10148800
2026-04-13,66300.0,68700.0,66000.0,67300.0,5230900
2026-04-14,67900.0,68200.0,66100.0,66100.0,4179900
2026-04-15,66400.0,66500.0,64300.0,64300.0,6883400
2026-04-16,64500.0,65500.0,63500.0,63800.0,4595200
2026-04-17,64000.0,65200.0,63900.0,64000.0,3714500
2026-04-20,64500.0,65200.0,64100.0,64200.0,2566400
2026-04-21,68000.0,68600.0,66900.0,67700.0,14144000
2026-04-22,68400.0,69200.0,66500.0,66500.0,8519100
2026-04-23,66700.0,67000.0,65200.0,65400.0,7987700
2026-04-24,65400.0,65500.0,64800.0,64900.0,2756500
2026-04-27,64900.0,64900.0,64900.0,64900.0,0
2026-04-28,65900.0,69300.0,65100.0,68100.0,8214800
2026-04-29,67800.0,68900.0,67300.0,67500.0,4951500
2026-04-30,67500.0,67500.0,67500.0,67500.0,0
2026-05-01,67500.0,67500.0,67500.0,67500.0,0
2026-05-04,67600.0,68100.0,66200.0,66200.0,4121200
2026-05-05,66200.0,67000.0,65800.0,66600.0,3623900
2026-05-06,66600.0,69800.0,66600.0,68900.0,7606000
2026-05-07,69000.0,73700.0,68400.0,73700.0,18877100
2026-05-08,74000.0,74800.0,72300.0,73500.0,4750300
2026-05-11,73000.0,73300.0,71900.0,72200.0,3266700
2026-05-12,72300.0,76800.0,71900.0,76800.0,6934600
2026-05-13,76000.0,76600.0,73500.0,73500.0,10029200
2026-05-14,73000.0,75100.0,72800.0,73600.0,4387600
2026-05-15,73900.0,74400.0,72800.0,72900.0,3743400
2026-05-18,72900.0,74000.0,71600.0,72100.0,5605300
2026-05-19,72100.0,73300.0,71600.0,72300.0,4823500
2026-05-20,71700.0,72400.0,70100.0,71600.0,5903700
2026-05-21,71800.0,72800.0,70700.0,70800.0,5478500
2026-05-22,71100.0,71800.0,70500.0,71200.0,4564100
2026-05-25,71200.0,72000.0,70000.0,70000.0,4541800
2026-05-26,70300.0,70900.0,69300.0,69600.0,5384000
2026-05-27,70000.0,70500.0,68300.0,68300.0,5709900
2026-05-28,68400.0,69400.0,68000.0,68000.0,7107900
2026-05-29,68000.0,68800.0,68000.0,68000.0,2629200
2026-06-01,68400.0,69600.0,67000.0,67000.0,5044700
2026-06-02,67200.0,67600.0,66300.0,66600.0,6788500
