Date,Open,High,Low,Close,Volume
2016-06-06,7492.414056008539,7534.744127642077,7365.423841107924,7450.083984375,1674752
2016-06-07,7450.084959030217,7450.084959030217,7365.4248046875,7365.4248046875,1121668
2016-06-08,7407.753912741462,7492.414056008539,7407.753912741462,7450.083984375,1029758
2016-06-09,7450.084480006985,7577.074703355882,7407.754405557353,7534.74462890625,1857195
2016-06-10,7450.084480006985,7577.074703355882,7450.084480006985,7534.74462890625,2217594
2016-06-13,7534.744127642077,7534.744127642077,7407.753912741462,7450.083984375,1218542
2016-06-14,7407.754881858858,7407.754881858858,7280.764650344784,7365.4248046875,2037676
2016-06-15,7365.4248046875,7407.754881858858,7280.764650344784,7365.4248046875,1037789
2016-06-16,7323.09472559777,7407.754879918309,7280.7646484375,7280.7646484375,894021
2016-06-17,7323.094281273762,7323.094281273762,7153.7744140625,7153.7744140625,1318483
2016-06-20,7196.10400390625,7238.434078182924,7153.774360785989,7196.10400390625,895398
2016-06-21,7238.434078182924,7280.764152459597,7153.774360785989,7196.10400390625,588192
2016-06-22,7280.764206681843,7280.764206681843,7111.44433947058,7153.7744140625,1071395
2016-06-23,7196.104494116961,7280.7646484375,7153.774848113134,7280.7646484375,1000846
2016-06-24,7238.434124854513,7280.7641994041205,6772.804167121665,7069.1142578125,2281489
2016-06-27,6942.1240341636785,7069.1142578125,6942.1240341636785,7069.1142578125,697352
2016-06-28,7026.784176068769,7069.114250575038,6984.4541015625,6984.4541015625,380571
2016-06-29,7069.114264878661,7238.434132089923,7069.114264878661,7153.7744140625,1071416
2016-06-30,7196.104548016962,7238.434625494291,7111.44482421875,7111.44482421875,831691
2016-07-01,7111.444286509316,7238.434078182924,7111.444286509316,7196.10400390625,562367
2016-07-04,7238.43408203125,7280.764156330429,7153.774364589306,7238.43408203125,981988
2016-07-05,7238.434573173426,7450.084959030217,7238.434573173426,7365.4248046875,1664114
2016-07-06,7365.424802758039,7365.424802758039,7238.434571277231,7280.7646484375,625072
2016-07-07,7280.764163937843,7323.09423828125,7196.104015251027,7323.09423828125,704528
2016-07-08,7365.424802758039,7365.424802758039,7238.434571277231,7280.7646484375,543530
2016-07-11,7280.764650344784,7534.745113372934,7280.764650344784,7365.4248046875,2535043
2016-07-12,7407.754401923516,7492.41455078125,7365.424327494648,7492.41455078125,4357027
2016-07-13,7534.745019244843,8000.375,7492.414942602295,8000.375,10774843
2016-07-14,8169.695808612912,8550.665659494265,7873.38525390625,7873.38525390625,10645135
2016-07-15,8042.703585286134,8169.693791666018,7915.71337890625,7915.71337890625,3053521
2016-07-18,7831.053241319661,8042.703585286134,7746.393103733071,7915.71337890625,2261505
2016-07-19,8042.705185080828,8042.705185080828,7534.745120834393,7704.0654296875,3430171
2016-07-20,7704.064926704778,7704.064926704778,7492.414554456617,7534.74462890625,3665369
2016-07-21,7492.414554456617,7619.404777805514,7450.084480006985,7534.74462890625,1637872
2016-07-22,7534.74462890625,7534.74462890625,7365.424331107721,7534.74462890625,2593931
2016-07-25,7577.075191519731,7577.075191519731,7407.7548828125,7407.7548828125,966573
2016-07-26,7407.753912741462,7450.083984375,7365.423841107924,7450.083984375,565684
2016-07-27,7450.083984375,7450.083984375,7450.083984375,7450.083984375,0
2016-07-28,7619.404777805514,7619.404777805514,7534.74462890625,7534.74462890625,610032
2016-07-29,7577.074703355882,7619.404777805514,7492.414554456617,7534.74462890625,908352
2016-08-01,7534.744625210118,7534.744625210118,7450.084476352383,7492.41455078125,1272173
2016-08-02,7492.4150342388475,7492.4150342388475,7238.434571277231,7280.7646484375,2805620
2016-08-03,7238.43408203125,7323.0942306296065,7196.104007732071,7238.43408203125,937285
2016-08-04,7196.104015251027,7407.754386968065,7196.104015251027,7323.09423828125,1273237
2016-08-05,7196.104007732071,7365.424304928785,7196.104007732071,7238.43408203125,1147785
2016-08-08,7280.7646484375,7280.7646484375,7196.104494116961,7280.7646484375,469560
2016-08-09,7238.434132089923,7323.094281273762,7153.7744140625,7153.7744140625,906037
2016-08-10,7196.104496002067,7365.4248046875,7196.104496002067,7365.4248046875,943981
2016-08-11,7365.423841107924,7534.744127642077,7323.093769474386,7450.083984375,1398898
2016-08-12,7450.084959989308,7492.415037166115,7280.7646512820775,7407.7548828125,833548
2016-08-15,7407.7548828125,7407.7548828125,7280.7646512820775,7407.7548828125,579994
2016-08-16,7323.09423828125,7407.754386968065,7323.09423828125,7323.09423828125,663267
2016-08-17,7365.424312624657,7365.424312624657,7280.764163937843,7323.09423828125,550205
2016-08-18,7323.09423828125,7365.424312624657,7280.764163937843,7323.09423828125,562471
2016-08-19,7280.764156330429,7323.0942306296065,7196.104007732071,7238.43408203125,1257696
2016-08-22,7280.7646484375,7280.7646484375,7238.434571277231,7280.7646484375,1034431
2016-08-23,7280.764156330429,7280.764156330429,7238.43408203125,7238.43408203125,505711
2016-08-24,7238.434089594435,7323.09423828125,7238.434089594435,7323.09423828125,891101
2016-08-25,7323.0942306296065,7323.0942306296065,7238.43408203125,7238.43408203125,360921
2016-08-26,7280.764650344784,7450.084959030217,7280.764650344784,7365.4248046875,1297789
2016-08-29,7365.424312624657,7407.754386968065,7323.09423828125,7323.09423828125,447699
2016-08-30,7323.094727516142,7407.754881858858,7323.094727516142,7365.4248046875,1393204
2016-08-31,7365.4248046875,7407.754881858858,7323.094727516142,7365.4248046875,1240195
2016-09-01,7280.7646484375,7365.424802758039,7238.434571277231,7280.7646484375,784506
2016-09-05,7323.0942306296065,7323.0942306296065,7238.43408203125,7238.43408203125,655278
2016-09-06,7323.0942306296065,7323.0942306296065,7196.104007732071,7238.43408203125,824495
2016-09-07,7196.104494116961,7323.09472559777,7196.104494116961,7280.7646484375,381969
2016-09-08,7323.09472559777,7323.09472559777,7238.434571277231,7280.7646484375,671236
2016-09-09,7323.094727516142,7365.4248046875,7280.764650344784,7365.4248046875,785257
2016-09-12,7365.424860866141,7365.424860866141,7238.4346283834675,7301.93017578125,827624
2016-09-13,7323.094290183717,7323.094290183717,7238.434140896872,7259.599609375,348134
2016-09-14,7259.6000953894,7259.6000953894,7069.114746741421,7111.44482421875,876874
2016-09-15,7111.44428460218,7238.434076241732,7111.44428460218,7174.93896484375,635106
2016-09-16,7196.1040019764105,7196.1040019764105,7153.774358867501,7174.93896484375,325584
2016-09-19,7174.938970582482,7259.599550337252,7174.938970582482,7238.43408203125,1064970
2016-09-20,7196.104005824771,7238.434080112729,7196.104005824771,7217.26904296875,531056
2016-09-21,7217.269041044587,7238.434078182924,7196.10400390625,7196.10400390625,278085
2016-09-22,7238.434078182924,7238.434078182924,7196.10400390625,7196.10400390625,684377
2016-09-23,7196.104057498003,7238.434132089923,7153.7744140625,7153.7744140625,401223
2016-09-26,7153.7744140625,7196.104057498003,7153.7744140625,7153.7744140625,460152
2016-09-27,7132.609385444734,7280.764215540295,7132.609385444734,7259.599609375,1577982
2016-09-28,7280.764650344784,7450.084959030217,7259.6000429155465,7365.4248046875,1755105
2016-09-29,7407.754439470561,7407.754439470561,7259.599609375,7259.599609375,218008
2016-09-30,7238.434076241732,7259.599544530805,7174.93896484375,7174.93896484375,899424
2016-10-03,7196.1040019764105,7280.764150507053,7174.93896484375,7174.93896484375,328296
2016-10-04,7174.9389780793235,7365.424312624657,7153.774372064033,7323.09423828125,1463648
2016-10-05,7323.093769474386,7555.90873230246,7280.763697840847,7450.083984375,3067643
2016-10-06,7492.414056008539,7534.744127642077,7428.918517401846,7450.083984375,1766766
2016-10-07,7450.084461311473,7450.084461311473,7323.09423828125,7323.09423828125,614746
2016-10-10,7323.0942306296065,7407.754379227964,7238.43408203125,7238.43408203125,1160780
2016-10-11,7238.434140896872,7280.764215540295,7196.104066253451,7259.599609375,995965
2016-10-12,7301.929684018422,7365.4243648271395,7238.434140896872,7259.599609375,636650
2016-10-13,7301.929684018422,7301.929684018422,7217.269103575161,7259.599609375,676868
2016-10-14,7280.764154400688,7323.0942286886475,7217.26904296875,7217.26904296875,1336652
2016-10-17,7217.26904296875,7259.599548413122,7196.104005824771,7217.26904296875,774848
2016-10-18,7217.26904296875,7238.434080112729,7174.938968680791,7217.26904296875,674552
2016-10-19,7238.434629005154,7407.754938996595,7217.269590256225,7344.26025390625,2394092
2016-10-20,7365.424312624657,7386.588918639948,7301.929632265959,7323.09423828125,629432
2016-10-21,7344.259758661844,7344.259758661844,7259.599609375,7259.599609375,498785
2016-10-24,7259.599557922552,7386.588918639948,7259.599557922552,7323.09423828125,1721041
2016-10-25,7365.424802758039,7365.424802758039,7238.434571277231,7280.7646484375,1318837
2016-10-26,7280.764150507053,7280.764150507053,7174.93896484375,7174.93896484375,788532
2016-10-27,7174.939009379325,7196.10404664336,7026.7841796875,7026.7841796875,1706814
2016-10-28,7153.774360785989,7196.10400390625,7026.784137955969,7196.10400390625,2081274
2016-10-31,7280.763706455036,7280.763706455036,7111.44385087694,7132.60888671875,519103
2016-11-01,7132.60937143528,7174.939014839145,7026.78418503458,7090.279296875,581996
2016-11-02,7090.279295087304,7132.609369636911,7047.949220537696,7069.1142578125,837657
2016-11-03,7047.949216951534,7069.1142542155685,7026.7841796875,7026.7841796875,722969
2016-11-04,7069.1142542155685,7069.1142542155685,7026.7841796875,7026.7841796875,323769
2016-11-07,7026.784183262893,7090.279295087304,7026.784183262893,7069.1142578125,480261
2016-11-08,7069.114745107568,7111.444822575113,7005.61962890625,7005.61962890625,631977
2016-11-09,7026.783681509237,7069.1137530362275,6920.958502691758,6963.28857421875,1007208
2016-11-10,6963.289067895397,7047.949216951534,6963.289067895397,7026.7841796875,1396228
2016-11-11,7026.783681509237,7047.948717272732,6963.28857421875,6963.28857421875,659909
2016-11-14,7005.619138815634,7005.619138815634,6963.289064309365,6984.4541015625,633917
2016-11-15,6984.4541015625,7005.619138815634,6963.289064309365,6984.4541015625,469706
2016-11-16,7026.784172405907,7026.784172405907,6942.1240234375,6942.1240234375,349239
2016-11-17,6942.124017925894,6984.45409237649,6878.62890625,6878.62890625,1188608
2016-11-18,6878.62890625,6920.958980700596,6836.298831799404,6878.62890625,593636
2016-11-21,6878.629396503615,7005.61962890625,6878.629396503615,7005.61962890625,1233707
2016-11-22,6984.4541104743,7090.279296875,6963.28907319416,7090.279296875,1110925
2016-11-23,7069.11425959486,7111.4443341551405,7047.94922231472,7090.279296875,860750
2016-11-24,7047.949209648009,7090.279284132212,6899.793948953296,6942.1240234375,672988
2016-11-25,6984.45409237649,6984.45409237649,6857.463869024702,6878.62890625,1519198
2016-11-28,6899.793937895225,6899.793937895225,6793.969183010733,6815.1337890625,697582
2016-11-29,6793.96923828125,6878.628956646287,6793.96923828125,6793.96923828125,943585
2016-11-30,6793.969183010733,6857.463863478863,6772.804145802552,6815.1337890625,790618
2016-12-01,6815.134278015409,6878.629394195421,6815.134278015409,6857.46435546875,920994
2016-12-02,6878.628902552845,6920.958976980689,6836.298828125,6836.298828125,1229139
2016-12-05,6899.7939940266515,6899.7939940266515,6793.96923828125,6793.96923828125,1434235
2016-12-06,6793.968727077284,6857.463403284377,6645.8134765625,6645.8134765625,1443810
2016-12-07,6645.8139631186195,6688.1440377933595,6603.48388844388,6624.64892578125,1268106
2016-12-08,6624.648922308801,6772.8041835927315,6582.31884765625,6582.31884765625,1172337
2016-12-09,6582.318842396843,6645.813954324936,6518.82373046875,6518.82373046875,1213556
2016-12-12,6561.1543541811625,6561.1543541811625,6264.844238208704,6349.50439453125,1865706
2016-12-13,6391.834472842584,6391.834472842584,6159.019042950116,6180.18408203125,1409287
2016-12-14,6180.183595397921,6286.008782470815,6180.183595397921,6201.3486328125,946964
2016-12-15,6264.843751625726,6518.823769710585,6222.51367675218,6286.0087890625,1286775
2016-12-16,6328.339355450614,6349.50439453125,6286.00927728934,6349.50439453125,971788
2016-12-19,6434.164008904354,6603.483876131186,6412.998971606448,6476.49365234375,1840235
2016-12-20,6476.49365057337,6603.4838743260925,6455.32861328125,6455.32861328125,1157943
2016-12-21,6455.328668817789,6518.823781240411,6391.833987551585,6434.1640625,1465838
2016-12-22,6455.32817247795,6476.493208324811,6349.503424400026,6391.83349609375,1078779
2016-12-23,6370.668950077377,6434.1640625,6328.338875128962,6434.1640625,1004058
2016-12-26,6434.163571013725,6476.493211572288,6370.668463441301,6412.99853515625,680623
2016-12-27,6412.999025025792,6455.328668817789,6391.833987551585,6434.1640625,549204
2016-12-28,6434.1640625,6455.328668817789,6391.833987551585,6434.1640625,1123170
2016-12-29,6391.8344726925225,6476.494197858617,6349.50439453125,6349.50439453125,1841675
2016-12-30,6349.5034211950715,6455.32816921958,6307.173349522714,6370.66845703125,898027
2017-01-03,6455.328587679833,6815.1337890625,6455.328587679833,6815.1337890625,2103469
2017-01-04,6942.1240234375,7026.784172405907,6815.133799984889,6942.1240234375,2099714
2017-01-05,6899.793952549961,6984.4541015625,6772.804160187569,6984.4541015625,1860741
2017-01-06,6815.133336634393,7238.433621540475,6815.133336634393,7047.94873046875,2401768
2017-01-09,7196.104007732071,7323.0942306296065,7111.444290290127,7238.43408203125,2786512
2017-01-10,7196.104057498003,7196.104057498003,7111.44433947058,7153.7744140625,1446668
2017-01-11,7153.774386506725,7492.41455078125,7153.774386506725,7492.41455078125,4189353
2017-01-12,7492.414056008539,7534.744127642077,7365.423841107924,7450.083984375,1543542
2017-01-13,7450.084461311473,7450.084461311473,7301.929632265959,7323.09423828125,1300606
2017-01-16,7499.55393460863,7499.55393460863,7278.97900390625,7278.97900390625,1700911
2017-01-17,7411.324032241786,7786.30126953125,7389.266494832091,7786.30126953125,6266351
2017-01-18,7786.30173583958,8050.992200607788,7587.784336601132,7631.8994140625,3388826
2017-01-19,7543.668807362279,7786.30126953125,7543.668807362279,7786.30126953125,2270350
2017-01-20,7786.301701248829,8028.935075546158,7764.244611953842,7896.58984375,4881053
2017-01-23,7896.590382267504,8403.91335607924,7874.532392792834,8073.0498046875,6249079
2017-01-24,8205.393512459425,8271.56656984456,7984.819050976456,8183.33642578125,4401292
2017-01-25,8161.27844042777,8271.56656984456,7984.819050976456,8183.33642578125,5095662
2017-01-26,8183.33642578125,8183.33642578125,8183.33642578125,8183.33642578125,0
2017-02-03,8249.50990464049,8337.740062823063,8028.935407859511,8139.22265625,4319061
2017-02-06,8095.10779416217,8183.337954709904,8006.877633614435,8073.0498046875,2888226
2017-02-07,8028.935430351409,8227.452837480589,7984.820351136541,8006.87744140625,6713758
2017-02-08,8006.877961077979,8050.993043156055,7852.475623142467,7874.53271484375,6057792
2017-02-09,7918.647614252084,8028.935766240868,7918.647614252084,7962.7626953125,3321615
2017-02-10,7962.761065622976,8249.50858449108,7940.703978944801,8183.33642578125,7439106
2017-02-13,8183.338263745167,8227.453345684995,8095.1080998655125,8161.2802734375,4041059
2017-02-14,8139.221997396975,8293.624312380205,8139.221997396975,8227.4521484375,5592570
2017-02-15,8227.452636749571,8558.31527345106,8227.452636749571,8514.2001953125,10021565
2017-02-16,8558.31527345106,8668.602519459748,8381.854960896819,8514.2001953125,12115710
2017-02-17,8470.085474371906,8514.200554370876,8315.68314371325,8337.740234375,5795330
2017-02-20,8271.568427624821,8381.855683136637,8117.165191497673,8161.2802734375,5619834
2017-02-21,8249.510125782968,8315.683195531505,8073.0498046875,8073.0498046875,4862133
2017-02-22,8117.164991134346,8117.164991134346,7874.532495792165,7940.70556640625,8038750
2017-02-23,7984.819998280772,8006.87708757576,7720.129534688455,7896.58984375,5160140
2017-02-24,7852.475441999204,8117.165029686213,7808.360360938787,7962.7626953125,2935787
2017-02-27,7896.590382267504,8139.222874436036,7874.532392792834,8073.0498046875,3176032
2017-02-28,8073.049276857066,8161.279431636154,7984.820020753391,8050.9921875,5394712
2017-03-01,8028.93572810804,8050.992819195745,7830.41741494127,7940.70556640625,2467060
2017-03-02,8028.935115709112,8028.935115709112,7896.589883250927,7918.64697265625,1703039
2017-03-03,7918.6474730667005,8095.10779416217,7808.360221719769,8073.0498046875,3658944
2017-03-06,8139.222539347803,8249.509786154256,8073.0494723235815,8117.16455078125,3584264
2017-03-07,8050.992713888302,8161.279965235234,8050.992713888302,8073.0498046875,1762010
2017-03-08,8050.991858009635,8315.682311514329,7962.761706841404,8095.10693359375,4113923
2017-03-09,8095.107460890134,8249.509786154256,8095.107460890134,8117.16455078125,2672970
2017-03-10,8117.164314262823,8227.45245653113,8028.93505859375,8028.93505859375,2022803
2017-03-13,8028.935115709112,8050.992205114436,7918.64697265625,7918.64697265625,2209396
2017-03-14,7896.58984375,7984.819998280772,7852.474766484614,7896.58984375,2088345
2017-03-15,7896.589685757747,7984.819838523241,7830.41662184593,7852.474609375,2186242
2017-03-16,7896.590705220543,7984.820869376696,7852.475623142467,7874.53271484375,1848892
2017-03-17,7940.705604120037,8073.049948625797,7940.705604120037,7962.7626953125,1453927
2017-03-20,8028.935623089105,8117.164884961367,7940.70546254137,8073.0498046875,3502535
2017-03-21,8139.22318180534,8249.510437317154,8117.165191497673,8161.2802734375,5152672
2017-03-22,8249.509248800467,8337.739399968697,8095.10693359375,8095.10693359375,4969124
2017-03-23,8095.1080998655125,8183.338263745167,8050.993017925684,8161.2802734375,1945704
2017-03-24,8205.394687277114,8315.682832484546,8161.279608929228,8249.509765625,5156177
2017-03-27,8381.854171404162,8492.14140702482,8249.508949454168,8293.6240234375,3384946
2017-03-28,8293.625519256982,8337.74060119681,8117.165191497673,8161.2802734375,2069738
2017-03-29,8139.222009177865,8161.279097632235,8073.048946464004,8095.10693359375,2292461
2017-03-30,8117.1640220481195,8205.394173216351,8095.10693359375,8095.10693359375,2069947
2017-03-31,8139.221644220926,8139.221644220926,7940.704262331473,7984.8193359375,3014638
2017-04-03,8006.8777383448505,8028.93572810804,7896.5904855553545,7940.70556640625,3282064
2017-04-04,7984.820038223051,8006.877127628374,7918.64697265625,7918.64697265625,1618618
2017-04-05,7962.762657493955,8006.8777383448505,7896.5904855553545,7940.70556640625,1665136
2017-04-07,7918.64757664306,7984.820647257145,7874.532495792165,7940.70556640625,1421073
2017-04-10,7940.704921015386,8006.87708757576,7896.58984375,7896.58984375,933092
2017-04-11,7896.589188725446,8006.876423402845,7830.416128978737,7984.8193359375,2584482
2017-04-12,7940.704762140494,8073.049092613341,7852.474609375,7852.474609375,2387855
2017-04-13,7896.589566821385,7962.761731061141,7830.41650390625,7830.41650390625,1990303
2017-04-14,7764.245453138601,7830.417626868122,7676.0152890489,7720.13037109375,3433154
2017-04-17,7720.129084399003,7852.474308475904,7499.5537109375,7499.5537109375,3385948
2017-04-18,7499.554181678396,7631.8994140625,7477.496642947713,7631.8994140625,2248634
2017-04-19,7609.842324669524,7676.014491523868,7609.842324669524,7631.8994140625,1037768
2017-04-20,7676.0146484375,7742.186816644541,7565.727401867289,7676.0146484375,946422
2017-04-21,7676.014172190856,7676.014172190856,7521.611407499441,7543.6689453125,1360912
2017-04-24,7543.6687856298,7587.783860322101,7499.5537109375,7499.5537109375,758514
2017-04-25,7499.553869686381,7631.899096564737,7477.496331873323,7543.6689453125,598622
2017-04-26,7499.554026589344,7631.899256236578,7499.554026589344,7587.7841796875,991501
2017-04-27,7587.784336601132,7676.014491523868,7587.784336601132,7631.8994140625,856765
2017-04-28,7631.8994140625,7631.8994140625,7631.8994140625,7631.8994140625,0
2017-05-03,7742.187462778421,7764.245453138601,7653.958197364229,7720.13037109375,989811
2017-05-04,7720.12938022676,7940.704762140494,7676.014303844013,7852.474609375,2030730
2017-05-05,7808.359415384792,7874.531579624547,7786.301428187953,7830.41650390625,879378
2017-05-08,7808.359415384792,7896.589566821385,7764.244339666494,7830.41650390625,1467758
2017-05-09,7786.301740198064,7940.704960736989,7764.244650792742,7918.64697265625,1761050
2017-05-10,7918.6474730667005,8161.279965235234,7896.590382267504,8073.0498046875,4030024
2017-05-11,8117.163658080243,8117.163658080243,7984.8193359375,7984.8193359375,1337236
2017-05-12,7940.705271921674,8139.222679050853,7940.705271921674,8006.87744140625,1467007
2017-05-15,8006.876423402845,8028.934409543526,7874.531202584764,7984.8193359375,2316075
2017-05-16,7918.646774611424,8028.934914905988,7808.359532992254,7852.474609375,1701703
2017-05-17,7830.41650390625,7962.761731061141,7764.244339666494,7830.41650390625,1365981
2017-05-18,7852.474805764865,8050.992205114436,7830.416817684126,7918.64697265625,1947269
2017-05-19,7940.704904249268,8117.164314262823,7940.704904249268,8028.93505859375,2277192
2017-05-22,8161.279419663701,8580.372204911864,8073.049265014045,8470.0849609375,10786004
2017-05-23,8470.085157364432,8580.372403896432,8249.509765625,8249.509765625,4099404
2017-05-24,8293.624213427553,8580.371751550336,8161.278988445798,8492.1416015625,4315348
2017-05-25,8492.142565033659,8558.315634369845,8315.68314371325,8337.740234375,4631316
2017-05-26,8337.740234375,8470.085474371906,8293.625154376032,8337.740234375,2871120
2017-05-29,8448.026994928834,8778.89052506404,8448.026994928834,8624.4873046875,11661085
2017-05-30,8624.487805030565,8690.660874366753,8337.740234375,8337.740234375,5401158
2017-05-31,8337.739097420832,8448.026333041487,8249.508949454168,8293.6240234375,2208729
2017-06-01,8293.624312380205,8425.969538940994,8227.4521484375,8227.4521484375,3459354
2017-06-02,8249.509765625,8271.56775413666,8139.222519093001,8249.509765625,3273240
2017-06-05,8381.854171404162,8425.969245387494,8271.566935783507,8293.6240234375,2020321
2017-06-06,8315.682639638308,8492.142050262208,8249.509574313359,8470.0849609375,2991024
2017-06-07,8514.200157348854,8845.062792575074,8514.200157348854,8778.890625,12715145
2017-06-08,8734.775447624374,8778.89052506404,8558.315137865708,8624.4873046875,2681544
2017-06-09,8624.487598765634,8756.832835597346,8558.3154296875,8558.3154296875,2525782
2017-06-12,8602.4306640625,8690.660823544475,8514.200504580525,8602.4306640625,2428824
2017-06-13,8602.43015916963,8778.89046777679,8536.257094104238,8734.775390625,2622343
2017-06-14,8823.003859801023,9021.52213862655,8823.003859801023,8933.2919921875,6632133
2017-06-15,8911.23432461077,9220.039848180106,8911.23432461077,9021.5224609375,5852153
2017-06-16,8933.293647558936,9087.695983100915,8933.293647558936,8999.4658203125,2048649
2017-06-19,9065.637408386285,9175.924644488427,8999.464347784722,9131.8095703125,3285569
2017-06-20,9220.0400390625,9242.097127579276,9109.752799127857,9220.0400390625,4094189
2017-06-21,9220.039518776746,9220.039518776746,8778.889685256827,8933.2919921875,5564972
2017-06-22,8955.350574901611,9021.523645118716,8800.9482421875,8800.9482421875,3827347
2017-06-23,8778.890703153344,8823.0048828125,8668.602557979157,8823.0048828125,2819679
2017-06-26,8800.946772528925,9065.637211846075,8800.946772528925,8933.2919921875,2562433
2017-06-27,8955.350117816264,8999.465196150853,8823.0048828125,8823.0048828125,3077343
2017-06-28,8867.120720543404,8911.235802656087,8690.661290768176,8889.1787109375,2715316
2017-06-29,8823.005638430719,9043.58104899414,8823.005638430719,8889.1787109375,3202525
2017-06-30,8911.234006240073,8933.2919921875,8867.118933020549,8933.2919921875,1795824
2017-07-03,8955.34971315566,9109.7529296875,8911.234636814475,9109.7529296875,5508483
2017-07-04,9131.81052962327,9131.81052962327,8933.293124314718,8977.408203125,1478396
2017-07-05,9043.580901706708,9043.580901706708,8933.293647558936,8999.4658203125,2333180
2017-07-06,8999.464152679122,9043.579225898648,8933.2919921875,8933.2919921875,3350819
2017-07-07,8977.408026400648,9043.580193975722,8778.890625,8778.890625,3765247
2017-07-10,8778.89014851741,8867.119400936974,8293.62431749524,8646.544921875,5518141
2017-07-11,8602.42984632753,8690.65999742247,8470.08461968512,8646.544921875,2258731
2017-07-12,8690.660823544475,8690.660823544475,8514.200504580525,8602.4306640625,1422679
2017-07-13,8646.545079896297,8690.66015625,8514.199850835192,8690.66015625,2115234
2017-07-14,8690.661044863264,8734.776125727698,8514.200721405525,8536.2578125,1885919
2017-07-17,8536.25648100815,8558.314467337488,8205.393875470838,8293.6240234375,4456947
2017-07-18,8293.62468626806,8381.85484128612,8205.39453125,8205.39453125,4822728
2017-07-19,8315.68314371325,8337.740234375,8249.510074377062,8337.740234375,3443626
2017-07-20,8337.739416515833,8381.8544921875,8183.337101002689,8381.8544921875,3556813
2017-07-21,8381.85484128612,8492.142085720987,8205.39453125,8205.39453125,3823968
2017-07-24,8205.39453125,8271.567596851253,8161.27945374097,8205.39453125,1570097
2017-07-25,8249.5094205522,8425.9697265625,8249.5094205522,8425.9697265625,2360465
2017-07-26,8492.1419170469,8668.6022235781,8425.9697514354,8580.3720703125,5101503
2017-07-27,8492.142206905506,8602.430351589623,8470.08511717394,8514.2001953125,4023661
2017-07-28,8514.200504580525,8712.717914077237,8492.1425153723,8602.4306640625,6197555
2017-07-31,8690.66114922854,8999.4658203125,8690.66114922854,8999.4658203125,6704622
2017-08-01,8999.465196150853,8999.465196150853,8823.0048828125,8823.0048828125,5763894
2017-08-02,8690.661290768176,9065.639039388238,8646.546208655493,8889.1787109375,9142917
2017-08-03,8933.293793050185,9087.696131106824,8867.120720543404,8889.1787109375,10696556
2017-08-04,8911.235494315368,8955.350574901611,8668.603000428771,8800.9482421875,7366429
2017-08-07,8845.063322773743,8867.120413729126,8712.718081015015,8800.9482421875,5702649
2017-08-08,8800.947773777461,8889.177930254102,8668.6025390625,8668.6025390625,6973467
2017-08-09,8602.429541320818,8646.54461530415,8249.508949454168,8293.6240234375,9187849
2017-08-10,8249.50858449108,8381.853800586043,8161.27844042777,8183.33642578125,7967534
2017-08-11,8227.452176674356,8381.8544921875,8161.279113829167,8381.8544921875,5765751
2017-08-14,8359.79727525611,8536.256676556419,8359.79727525611,8492.1416015625,2825145
2017-08-15,8492.142344973654,8536.257423829453,8381.85509717188,8403.9130859375,2990378
2017-08-16,8359.798223712218,8403.913303711188,8315.68314371325,8337.740234375,2499998
2017-08-17,8315.681641876214,8381.853800586043,8183.33642578125,8183.33642578125,3473143
2017-08-18,8161.27945374097,8271.567596851253,8073.04929872291,8205.39453125,3019185
2017-08-21,8183.33642578125,8249.50858449108,8161.27844042777,8183.33642578125,2049003
2017-08-22,8183.337419668634,8183.337419668634,8050.9921875,8050.9921875,2805369
2017-08-23,8050.9921875,8117.16435424661,7984.820020753391,8050.9921875,359404833
2017-08-24,8073.049754381186,8359.798223712218,8050.992663719436,8337.740234375,539352356
2017-08-25,8359.797694393226,8403.91277159895,8271.567539981774,8315.6826171875,3036812
2017-08-28,8315.6826171875,8337.739706452658,8227.452462776047,8315.6826171875,2184364
2017-08-29,8293.624843972886,8337.739922320774,8227.452675788774,8249.509765625,3097807
2017-08-30,8205.393512459425,8249.50858449108,8183.33642578125,8183.33642578125,1303317
2017-08-31,8227.452770514305,8470.085254883475,8205.394781748684,8403.9130859375,4954981
2017-09-01,8403.9130859375,8536.257423829453,8359.798007081701,8403.9130859375,4327176
2017-09-04,8403.9130859375,8403.9130859375,8403.9130859375,8403.9130859375,0
2017-09-05,8381.85531437397,8403.913303711188,8293.625154376032,8337.740234375,1783955
2017-09-06,8337.740532400992,8337.740532400992,8227.453277799172,8271.568359375,2095146
2017-09-07,8271.56806371428,8403.913303711188,8271.56806371428,8337.740234375,1929934
2017-09-08,8337.740532400992,8381.85561397682,8271.568359375,8271.568359375,2300618
2017-09-11,8271.56656984456,8315.681641876214,8161.27844042777,8183.33642578125,2358212
2017-09-12,8205.394161339682,8271.567223957763,8183.3370729172375,8227.4521484375,1484529
2017-09-13,8227.452519342223,8271.567596851253,8183.337441833193,8205.39453125,2229005
2017-09-14,8205.395287673507,8293.625450825164,8205.395287673507,8271.568359375,3262372
2017-09-15,8271.56775413666,8271.56775413666,8227.452675788774,8249.509765625,1171857
2017-09-18,8337.740094934754,8536.257502272378,8337.740094934754,8448.02734375,6432794
2017-09-19,8403.912949303813,8602.430351589623,8403.912949303813,8514.2001953125,4261008
2017-09-20,8536.257595113288,8646.545743803486,8492.1425153723,8602.4306640625,3321657
2017-09-21,8558.315082017838,8734.775390625,8558.315082017838,8734.775390625,4625705
2017-09-22,8734.775447624374,8800.947614446166,8624.4873046875,8624.4873046875,6322694
2017-09-25,8624.487598765634,8646.545587575309,8536.257440877826,8558.3154296875,3144200
2017-09-26,8558.3149813338,8668.6022235781,8492.1419170469,8580.3720703125,3103481
2017-09-27,8740.539044328552,8740.539044328552,8603.2529296875,8603.2529296875,2440631
2017-09-28,8557.491860225866,8649.015947014232,8465.9677734375,8465.9677734375,1826113
2017-09-29,8465.9677734375,8534.611304641787,8420.205730043317,8465.9677734375,1545086
2017-10-02,8465.967468823314,8603.253594066166,8443.0869140625,8443.0869140625,1308324
2017-10-03,8443.086564163548,8511.729157827287,8374.443038273856,8420.205078125,1352172
2017-10-04,8443.086262052566,8603.2529296875,8420.204776832763,8603.2529296875,1787480
2017-10-05,8694.777666690401,8809.18230480341,8626.135070267796,8649.015625,4172853
2017-10-06,8580.372394532082,8763.41961554145,8580.372394532082,8740.5390625,2171118
2017-10-09,8786.3017578125,8854.944354295585,8763.420270834144,8786.3017578125,3539561
2017-10-10,8740.5390625,8763.41961554145,8671.896471149728,8740.5390625,3511066
2017-10-11,8740.539708380804,8786.301750071205,8626.135070267796,8649.015625,3680847
2017-10-12,8649.01531954915,8694.777359623407,8626.134765625,8626.134765625,1288444
2017-10-13,8626.134749876908,8694.77734375,8557.49122377786,8694.77734375,1255569
2017-10-16,8694.777328125261,8786.301407942217,8694.777328125261,8763.419921875,3281877
2017-10-17,8740.540041570444,8900.706727479414,8740.540041570444,8877.826171875,6324113
2017-10-18,8969.3499323948,9083.754570706302,8877.8258488552,8923.587890625,7992190
2017-10-19,8923.587890625,8969.3499323948,8854.944361857304,8923.587890625,2421898
2017-10-20,8900.7060546875,8992.230134639027,8832.063460836833,8900.7060546875,3204819
2017-10-23,8900.706746371387,8992.230833435353,8649.015973058495,8671.8974609375,4022952
2017-10-24,8603.253279474891,8717.658845773516,8603.253279474891,8626.134765625,1945203
2017-10-25,8671.896471149728,8763.41961554145,8626.134432840905,8740.5390625,2927776
2017-10-26,8763.419597322434,8763.419597322434,8603.2529296875,8603.2529296875,2795523
2017-10-27,8580.372394532082,8740.5390625,8580.372394532082,8740.5390625,1580506
2017-10-30,8809.18265930742,8877.82619071841,8671.8974609375,8671.8974609375,4944489
2017-10-31,8649.015643443987,8694.777685231977,8580.373046875,8580.373046875,1936359
2017-11-01,8580.372376693618,8671.896453120988,8557.490891473817,8603.2529296875,1739064
2017-11-02,8626.135391430153,8740.540033802596,8465.9677734375,8465.9677734375,3152773
2017-11-03,8465.967476292031,8580.373046875,8420.205434504041,8580.373046875,2290939
2017-11-06,8671.897442531179,8877.826171875,8580.373355661475,8877.826171875,5932611
2017-11-07,8832.063807085402,9037.992528936504,8832.063807085402,8923.587890625,6786518
2017-11-08,8877.825541266066,9152.396850145826,8877.825541266066,9106.6357421875,8923343
2017-11-09,9106.635405105813,9129.515958238055,8946.467804276426,9015.111328125,2635819
2017-11-10,9060.87399474917,9426.969395825607,8969.349911423564,9335.4453125,10338534
2017-11-13,9426.969395825607,9426.969395825607,9266.80271611879,9335.4453125,6530273
2017-11-14,9358.32617517974,9610.01692142266,9335.444689761694,9564.2548828125,5685710
2017-11-15,9518.4931640625,9564.25520421045,9449.85056995355,9518.4931640625,4813237
2017-11-16,9472.730490301452,9610.0166015625,9472.730490301452,9610.0166015625,7980801
2017-11-17,9655.77994290412,9701.541986172446,9404.089171041349,9426.9697265625,6498858
2017-11-20,9472.731123914547,9587.135758171447,9426.969083766595,9518.4931640625,3403491
2017-11-21,9610.017905594106,9884.590165374288,9564.255862297408,9701.5419921875,10474604
2017-11-22,9747.303680107476,10365.08984375,9724.422193180351,10365.08984375,9466707
2017-11-23,10571.018550788243,11028.637993875109,10433.732438194413,10845.58984375,10417343
2017-11-24,10616.781580447112,10982.876982682672,10616.781580447112,10708.3056640625,12976376
2017-11-27,10639.662135237963,10754.066773644201,10593.900093430268,10708.3056640625,7966365
2017-11-28,10708.305656577115,10708.305656577115,10387.971364147179,10571.01953125,7334325
2017-11-29,10571.020136696652,11028.6396484375,10548.138648385284,11028.6396484375,13144467
2017-11-30,11165.925127653965,11440.497377952766,10982.8769607881,11120.1630859375,11595813
2017-12-01,11120.162444074664,11165.924483149716,10959.995773424947,11005.7578125,5375813
2017-12-04,11120.162780679646,11165.924821139906,11005.75814564198,11097.2822265625,12476360
2017-12-05,11097.282174195325,11211.686808693126,10731.185852240824,10754.06640625,8418007
2017-12-06,10754.06640625,10822.709932729449,10479.495097010085,10754.06640625,6950312
2017-12-07,10754.066114529962,10799.82815353291,10479.494812738203,10662.54296875,2804326
2017-12-08,10616.780913805975,10685.423506094365,10433.732758069025,10525.2568359375,3619664
2017-12-11,10342.208980624102,10479.495101414743,9793.0654296875,9793.0654296875,6102015
2017-12-12,9793.0654296875,10021.874698779273,9129.51631197905,9793.0654296875,9077145
2017-12-13,9884.589801646263,9884.589801646263,9541.3740234375,9541.3740234375,3156111
2017-12-14,9610.017249262894,10113.398758921307,9541.373722892953,10067.63671875,4837414
2017-12-15,9930.350881303817,10159.160134976872,9930.350881303817,10021.8740234375,4449249
2017-12-18,10136.279624384353,10365.088879002877,10113.398139586958,10296.4462890625,4776335
2017-12-19,10387.970354647727,10387.970354647727,10067.636093347766,10090.517578125,5406206
2017-12-20,10067.636758552006,10342.209000665356,9884.589529369068,10273.56640625,3963146
2017-12-21,10342.20962974125,10342.20962974125,10113.3994140625,10113.3994140625,2984829
2017-12-22,9953.232096429965,10250.684891788958,9953.232096429965,10204.9228515625,4425281
2017-12-25,10227.804661437322,10296.447257836153,10067.637049463397,10159.1611328125,1925574
2017-12-26,10250.684588627542,10616.780899611995,10159.16051088143,10593.8994140625,6364122
2017-12-27,10662.54296875,10845.59019253586,10593.899444132607,10662.54296875,6769643
2017-12-28,10754.066456997567,11097.2822265625,10616.781267842753,11097.2822265625,5688464
2017-12-29,11165.924468656307,11188.805022051165,10868.471681167528,11074.400390625,7940854
2018-01-01,11074.400390625,11074.400390625,11074.400390625,11074.400390625,0
2018-01-02,11074.400407352165,11440.496720030356,10914.233736668426,11417.615234375,8274031
2018-01-03,11486.258773678386,11554.901366279608,11188.805053137248,11348.97265625,8221443
2018-01-04,11348.972658002196,11760.830078125,11280.329133164436,11760.830078125,10420639
2018-01-05,11669.306013652906,11715.068052856992,11440.496749858414,11486.2587890625,6408096
2018-01-08,11486.258775451777,11852.35415642472,11417.615250614017,11760.830078125,10467053
2018-01-09,11806.59211727486,11829.47360296276,10982.876344803315,11760.830078125,13686788
2018-01-10,11715.068682287803,11989.640932264623,11532.02051563659,11669.306640625,20066889
2018-01-11,11532.020541259339,11852.354833610707,11440.49738995637,11737.9501953125,8734372
2018-01-12,11760.830399776423,12058.283196272696,11646.425764885847,11715.068359375,10740842
2018-01-15,11669.306655913451,12058.283544443899,11417.615892551277,11943.87890625,10038190
2018-01-16,11943.878279946868,12332.85514808047,11943.878279946868,12172.6884765625,16077334
2018-01-17,12172.689090657075,12264.213173920585,11532.0205078125,11532.0205078125,10457019
2018-01-18,11440.497364536974,11669.306640625,11074.401031234547,11669.306640625,10307995
2018-01-19,11669.306307273584,11783.71187427542,11463.37759178663,11577.7822265625,8852982
2018-01-22,11577.7822265625,11577.7822265625,11577.7822265625,11577.7822265625,0
2018-01-23,11577.7822265625,11577.7822265625,11577.7822265625,11577.7822265625,0
2018-01-24,11577.7822265625,11577.7822265625,11577.7822265625,11577.7822265625,0
2018-01-25,11943.87826555848,12584.545883084518,11852.354187022484,12241.3310546875,26352411
2018-01-26,12538.784502609857,12698.9521145761,12287.09373952489,12493.0224609375,18001093
2018-01-29,12538.784212599683,13156.571294774672,12493.022171985758,12950.642578125,19890496
2018-01-30,12584.546541655076,12904.8808332947,12493.02245832947,12836.2373046875,13637036
2018-01-31,13110.80886891637,13316.737579515093,12447.259765625,12447.259765625,17912730
2018-02-01,12676.070317944168,12996.404601824737,12401.498074617966,12470.1416015625,16198197
2018-02-02,12630.30828301353,12927.761080636374,12493.0221612893,12813.3564453125,18706561
2018-02-05,12584.545205639784,12813.355389662585,11920.9970703125,11920.9970703125,16135930
2018-02-06,11097.28186201895,11669.305950642369,11097.28186201895,11143.04296875,23747194
2018-02-07,11669.306346674379,11920.998035592664,11486.259116860128,11783.7119140625,12005881
2018-02-08,11577.781903851583,11783.711545824563,11211.6865234375,11211.6865234375,6615966
2018-02-09,10571.018908543401,11303.210601597504,10548.137422890431,11211.6865234375,9968538
2018-02-12,11669.306341569745,11989.640625,11623.54430107971,11989.640625,7538337
2018-02-13,12355.73568708647,12447.259765625,12172.688462235352,12447.259765625,8567303
2018-02-14,12447.259765625,12447.259765625,12447.259765625,12447.259765625,0
2018-02-15,12447.259765625,12447.259765625,12447.259765625,12447.259765625,0
2018-02-16,12447.259765625,12447.259765625,12447.259765625,12447.259765625,0
2018-02-19,12447.259765625,12447.259765625,12447.259765625,12447.259765625,0
2018-02-20,12447.259765625,12447.259765625,12447.259765625,12447.259765625,0
2018-02-21,12813.356417450837,13225.213849502003,12561.665660950019,12744.712890625,23353105
2018-02-22,12584.5456193115,13522.666006303483,12584.5456193115,13110.80859375,37594605
2018-02-23,13454.024124043042,13911.64453125,13270.975961160259,13911.64453125,28617442
2018-02-26,14277.739890554843,14460.78805299872,13911.644497893063,14048.9296875,31606798
2018-02-27,14094.691152598543,14689.59765625,13865.881891112374,14689.59765625,38424378
2018-02-28,14689.59765625,14689.59765625,14689.59765625,14689.59765625,0
2018-03-01,15101.456046959118,15810.767227114064,14849.76528375123,14964.169921875,42995200
2018-03-02,14598.074520543343,15238.742172043234,14552.312478848637,14964.169921875,34069416
2018-03-05,15192.980471255438,15192.980471255438,13957.40625,13957.40625,30032904
2018-03-06,14323.500683175636,14781.1201171875,14048.928463432987,14781.1201171875,18055017
2018-03-07,14781.121768860057,14987.051422790986,14254.859687219881,14415.0263671875,18239086
2018-03-08,14277.739606189794,14689.597963485667,14277.739606189794,14506.5498046875,9283847
2018-03-09,14781.121747391648,15078.575484365187,14689.598596275933,14826.8837890625,18815409
2018-03-12,15192.98012752251,15467.552377639673,15101.456044150123,15307.384765625,19049104
2018-03-13,15330.267161127524,16337.0302734375,15307.385672815362,16337.0302734375,29285529
2018-03-14,16474.315428550395,16748.88579864967,16153.980222681445,16268.38671875,17937449
2018-03-15,16108.220000720818,16931.93488517319,16016.695917509223,16748.88671875,19501435
2018-03-16,16931.933619831936,17023.45769620384,16542.956761364305,16794.6484375,15918943
2018-03-19,17092.102534299072,17092.102534299072,16382.792286196434,16611.6015625,24314255
2018-03-20,16405.672877425463,16703.125683062477,16382.792322634612,16474.31640625,20293680
2018-03-21,16703.123062281546,16794.647131536472,16428.55085451676,16565.837890625,18258653
2018-03-22,16657.36324456595,16680.243797531402,16245.503968928606,16382.791015625,18929701
2018-03-23,15879.41079130769,16199.744151661554,15490.432969919151,15993.8154296875,27616575
2018-03-26,15925.170634056749,16382.791015625,15833.646557743099,16382.791015625,16239041
2018-03-27,16703.124350496855,16794.64842681051,16359.908598207709,16382.791015625,15831748
2018-03-28,16199.743808216375,16428.55308012509,16062.456753509588,16108.2197265625,10125594
2018-03-29,16245.506560686737,16245.506560686737,15925.173174709878,16016.697265625,9070365
2018-03-30,16016.695624006366,16039.57617827699,15581.956702830796,15833.6474609375,11257901
2018-04-02,16062.45457749705,16611.59899302662,16062.45457749705,16565.837890625,15663136
2018-04-03,16565.84045302008,16703.125645911823,16428.553395676354,16611.6015625,12203468
2018-04-04,16748.886081195953,16794.649053285753,16382.79162673711,16428.552734375,14575970
2018-04-05,16565.838824811046,16565.838824811046,16245.503632128508,16291.2666015625,9369290
2018-04-06,16520.078451030604,16657.36551645148,16314.149717351385,16337.0302734375,12146290
2018-04-09,16428.552809913363,17252.26953125,16291.267621916548,17252.26953125,26573528
2018-04-10,17389.5540388859,17503.958668482523,16954.816073528382,17069.220703125,14175435
2018-04-11,17160.747072606464,17298.032273575245,16337.0302734375,16337.0302734375,19351430
2018-04-12,16199.745072468719,16497.19789494449,16039.57745096173,16337.0302734375,12844520
2018-04-13,16474.315331619404,16520.076438216074,15627.718079514163,15650.5986328125,18681737
2018-04-16,15650.598294416284,15970.931627022364,15192.978848310777,15559.07421875,9765966
2018-04-17,15604.837582940692,15925.171875,15398.908861301277,15925.171875,7756555
2018-04-18,16108.219690202084,16131.10024445092,15353.146484375,15353.146484375,8171879
2018-04-19,15330.265927300436,15353.146481545053,14369.26400450709,14460.7880859375,19852886
2018-04-20,14735.359107433402,15330.265625,14369.263721156833,15330.265625,9073557
2018-04-23,15330.265212994333,15467.551328743171,14277.7392578125,14277.7392578125,11819955
2018-04-24,13865.883116594547,14506.550783385414,13637.072902659946,13888.763671875,11904814
2018-04-25,13888.763671875,13888.763671875,13888.763671875,13888.763671875,0
2018-04-26,13888.763686028638,13957.406284165963,12927.76171875,12927.76171875,17233400
2018-04-27,12927.760770360563,13522.666351328076,12744.712612454881,13408.26171875,11559725
2018-04-30,13408.26171875,13408.26171875,13408.26171875,13408.26171875,0
2018-05-01,13408.26171875,13408.26171875,13408.26171875,13408.26171875,0
2018-05-02,13591.31019680554,13591.31019680554,12470.1416015625,12470.1416015625,11260654
2018-05-03,12470.142211939057,13270.9765625,11806.593057534954,13270.9765625,19673823
2018-05-04,13362.499351885666,13454.023428596121,12950.641938914545,13042.166015625,8989157
2018-05-07,13087.928099861816,13934.5244140625,13019.284575975375,13934.5244140625,13166850
2018-05-08,13751.476922614578,14323.50196551029,13728.596368367216,13911.64453125,16957025
2018-05-09,13728.595703125,14048.929040421608,13522.66606374755,13728.595703125,8861118
2018-05-10,13637.072243431903,13820.120405730875,12813.3564453125,12813.3564453125,14695019
2018-05-11,12767.593793943233,13705.714182507356,12561.66508732139,13454.0234375,18099511
2018-05-14,13659.951820694054,13682.833305458005,13316.737007041997,13499.78515625,7534791
2018-05-15,13522.666033237589,13820.11974895036,13431.142888663573,13659.9521484375,11083510
2018-05-16,13591.309534636535,13659.952126010832,13179.451189712983,13316.7373046875,12628075
2018-05-17,13362.5,13522.666675898814,13179.451837700803,13362.5,9101634
2018-05-18,13499.786805333051,13568.429403558222,12881.999692402444,13476.90625,10445504
2018-05-21,13545.547477978213,13591.309516241115,13179.451171875,13179.451171875,6034032
2018-05-22,12904.880491846938,13156.571248219923,12355.736006423005,12401.498046875,13327848
2018-05-23,12218.450850066813,12813.3564453125,12195.569363666456,12813.3564453125,10848793
2018-05-24,12813.357109926375,12904.881195823109,12401.498723391076,12515.904296875,5443754
2018-05-25,12584.545851517873,12676.069929824294,11943.878235598864,11966.7587890625,9539112
2018-05-28,11669.305950642369,11852.354106470313,11143.04296875,11143.04296875,16487172
2018-05-29,11577.781328165353,11920.9970703125,11188.804481439536,11920.9970703125,14231007
2018-05-30,11898.116875375188,12195.569680731318,11692.188153548019,11737.9501953125,9847696
2018-05-31,11715.068372321051,12470.141573665975,11715.068372321051,12401.498046875,11380245
2018-06-01,12264.213210250451,12881.99937577021,12218.451168483136,12561.666015625,15396773
2018-06-04,12538.783859205085,12859.118134474213,12378.617187683492,12790.474609375,12235947
2018-06-05,12790.47465309933,13133.689483090851,12721.832059991406,12996.404296875,16374715
2018-06-06,12996.403981637133,13385.380841674316,12859.117866525317,13248.0947265625,11380579
2018-06-07,13316.738284065017,13316.738284065017,12950.642882767796,12973.5234375,12452266
2018-06-08,12813.357082007891,13156.571937259814,12813.357082007891,13065.0478515625,9945029
2018-06-11,12904.8808332947,13156.571596327123,12836.2373046875,12836.2373046875,9647147
2018-06-12,12721.831350843822,12767.593387773528,12149.806355335451,12538.783203125,18354860
2018-06-13,12538.784528628346,12698.952140926946,12378.617848555741,12561.666015625,6025417
2018-06-14,12538.784201847118,12653.189769396806,12264.212890625,12264.212890625,6742712
2018-06-15,12126.926736389001,12447.260087326995,12035.402655485012,12401.498046875,6073437
2018-06-18,12355.73568602492,12493.02180382092,11829.4736328125,11829.4736328125,9601484
2018-06-19,11669.305984401877,11692.187470059534,11005.757815944828,11623.5439453125,17222928
2018-06-20,11715.068039832811,12012.520828215711,11486.258776292698,11966.7587890625,7384223
2018-06-21,11943.878909398154,11989.640951132975,11577.782575519594,11600.6640625,5089571
2018-06-22,11440.497060397276,11852.3544921875,11440.497060397276,11852.3544921875,6293678
2018-06-25,12081.164689451698,12241.331364834716,11989.64060859684,12058.283203125,8278808
2018-06-26,11898.1162109375,12012.520842846901,11783.7115790281,11898.1162109375,4734469
2018-06-27,11920.999046879642,12035.403691747017,11440.498046875,11440.498046875,4787871
2018-06-28,11440.497377952766,11554.902016130936,11005.758447759328,11120.1630859375,11533963
2018-06-29,11257.448902060427,11371.853537098094,11028.638699759127,11097.2822265625,6531504
2018-07-02,10982.876975005354,11074.401058556765,10387.971364147179,10571.01953125,12354808
2018-07-03,10571.019885738611,10662.543972359192,9838.828125,9838.828125,26292230
2018-07-04,10021.8740234375,10021.8740234375,9610.01662104528,10021.8740234375,8705439
2018-07-05,9930.351512301404,10021.87466025068,9358.326477319171,9381.20703125,11643208
2018-07-06,9381.206435146327,10021.8740234375,9289.682360786746,10021.8740234375,15609254
2018-07-09,10319.329074286386,10479.4957591485,10067.63737092675,10113.3994140625,12217048
2018-07-10,10159.160188691922,10387.970375800674,10067.636113848419,10227.8037109375,9893150
2018-07-11,9838.827114473466,9976.11229807802,9541.373397394455,9564.2548828125,13392097
2018-07-12,9610.017868514984,10227.804984523724,9541.374337721778,9976.11328125,9610537
2018-07-13,10250.684903814712,10525.257145495576,10182.042309507478,10342.208984375,10776929
2018-07-16,10525.256496794402,10616.780571713804,10342.208346955598,10433.732421875,10633829
2018-07-17,10342.209301767474,11028.638994809537,10227.804663669127,10982.876953125,20157902
2018-07-18,11074.401059116377,11394.7353515625,11028.639017338359,11394.7353515625,11571887
2018-07-19,11211.686845080332,11417.615560735094,11120.162764294668,11165.9248046875,13686892
2018-07-20,10982.876654420466,11326.091491606983,10799.828492660734,11303.2109375,14967639
2018-07-23,11211.686474938422,11440.496669348657,10799.828125,10799.828125,9721805
2018-07-24,10799.828125,10799.828125,10799.828125,10799.828125,0
2018-07-25,10937.113901705803,10937.113901705803,10433.732421875,10433.732421875,9257877
2018-07-26,10433.732758069025,10571.018874871737,10342.208680200549,10525.2568359375,7995987
2018-07-27,10662.543622254807,10891.352899067282,10502.37600981488,10708.3056640625,7638549
2018-07-30,10845.590846245173,10937.114929767613,10731.186207955121,10914.234375,6269397
2018-07-31,10891.352202764094,11074.400358292281,10731.185532789897,10799.828125,11181302
2018-08-01,10799.82847930744,10868.47200599545,10525.257169233297,10616.78125,8643359
2018-08-02,10525.257463506896,10593.900059888107,10342.209296855683,10502.3759765625,9301683
2018-08-03,10593.90038704047,10685.424473192452,10433.733702387515,10456.6142578125,6963433
2018-08-06,10433.733702387515,10662.543917767467,10342.209616235536,10456.6142578125,6353150
2018-08-07,10342.208980247027,10754.066410377973,10342.208980247027,10548.1376953125,7490150
2018-08-08,10593.899770449772,10959.99609375,10571.019216356492,10959.99609375,11611646
2018-08-09,11074.400404999611,11234.567075649325,10982.876326849506,11005.7578125,14668714
2018-08-10,10937.114618838606,11120.162780679646,10891.352578378346,11097.2822265625,9412408
2018-08-13,11097.28223863765,11783.7119140625,11051.520198127595,11783.7119140625,23778589
2018-08-14,11806.592428340207,11920.997995342042,11577.7822265625,11577.7822265625,11387150
2018-08-15,11829.474244531904,12035.402965761808,11440.49735677498,11532.0205078125,20389512
2018-08-16,11348.972658833067,12035.402313905286,11211.686541373436,11966.7587890625,23420942
2018-08-17,12218.45048540014,12287.093078100592,11898.1162109375,11898.1162109375,18038329
2018-08-20,11875.23564211262,12012.520827336262,11760.830078125,11760.830078125,11114342
2018-08-21,11715.067449620772,12126.92578125,11623.543375925388,12126.92578125,14829942
2018-08-22,12149.806621610376,12264.212182554897,11920.997364173165,12012.5205078125,13563942
2018-08-23,12012.521502721142,12104.045586166658,11829.474268056101,11943.87890625,12804906
2018-08-24,11920.998351501617,12172.689114863791,11692.188142887826,11943.87890625,17444191
2018-08-27,12104.044937218483,12538.78384416353,12058.282897949219,12447.259765625,19687423
2018-08-28,12493.0221557267,12561.665682671235,12401.498074617966,12470.1416015625,13109046
2018-08-29,12470.141898346707,12493.022453055453,12309.975218707505,12355.736328125,11545916
2018-08-30,12355.736343546394,12790.475273589107,12309.975234071784,12630.30859375,15482633
2018-08-31,12607.428049771106,12676.070646267588,12332.855799333198,12424.3798828125,11672725
2018-09-03,12424.3798828125,12424.3798828125,12424.3798828125,12424.3798828125,0
2018-09-04,12332.855450760071,12401.498045316452,11852.3544921875,11852.3544921875,16836787
2018-09-05,11852.353548992713,12035.401696210954,11760.829475383593,11920.9970703125,13931915
2018-09-06,11943.878573079986,12012.521167636369,11760.830411295014,11852.3544921875,7570879
2018-09-07,11806.591523316156,12149.8063335609,11783.710971005255,12126.92578125,8987801
2018-09-10,12104.045260112107,12172.688786960145,11943.878584509963,11989.640625,5701460
2018-09-11,11943.877644740687,12401.497081408628,11943.877644740687,12332.8544921875,13053705
2018-09-12,12424.378554647052,12447.259106957952,12126.92578125,12126.92578125,10198938
2018-09-13,12264.212862756525,12401.49805194264,12149.807295466806,12195.5693359375,9369395
2018-09-14,12309.973939855754,12515.902639745034,12264.211902966372,12332.8544921875,13928535
2018-09-17,12332.85514808047,12332.85514808047,12172.6884765625,12172.6884765625,6076232
2018-09-18,12126.927413902888,12309.9755859375,12012.521840268244,12309.9755859375,7666460
2018-09-19,12447.260120697756,12493.022161272438,12264.212890625,12264.212890625,10758301
2018-09-20,12309.975252017766,12561.666015625,12218.451168483136,12561.666015625,11767283
2018-09-21,12630.307966915212,12950.642242921416,12584.545927485753,12859.1181640625,24371579
2018-09-24,12859.118485887244,12950.64256703673,12721.832364163014,12813.3564453125,9037698
2018-09-25,12721.8330078125,12904.881179372627,12653.190409590461,12721.8330078125,12069692
2018-09-26,12698.95149255584,12904.880203881645,12653.189453125,12653.189453125,12149273
2018-09-27,12721.832677151202,12790.475273589107,12607.428039012695,12630.30859375,9954791
2018-09-28,12676.07032915427,12859.118491533618,12607.427734375,12607.427734375,12669107
2018-10-01,12630.307937666184,12721.83201631315,12264.212555304264,12378.6171875,13479522
2018-10-02,12378.617492761987,12561.665654569962,12195.56933095401,12401.498046875,16158354
2018-10-03,12493.021819789845,12676.069977085155,12470.141266240904,12584.5458984375,8609274
2018-10-04,12744.712907189085,12767.594393569427,12607.427717810915,12676.0703125,7246650
2018-10-05,12676.070289586965,12721.83233003896,12401.498046875,12401.498046875,10843807
2018-10-08,12309.975236968681,12470.14191684548,12264.21319525731,12287.09375,9716611
2018-10-09,12287.092786383255,12355.735377454012,12172.688157190023,12218.4501953125,6959282
2018-10-10,12264.213514712295,12287.094070050971,12058.283855534133,12104.0458984375,7398074
2018-10-11,11532.019536628668,11760.8297255179,11257.4482421875,11257.4482421875,25204251
2018-10-12,11074.400408465923,11623.5439453125,11028.638369376547,11623.5439453125,11241901
2018-10-15,11623.54460163872,11669.30664331206,11326.091796875,11326.091796875,6017615
2018-10-16,11348.972973079313,11509.1396484375,11303.21093265898,11509.1396484375,4183533
2018-10-17,11715.068347629125,11760.830387984666,11554.901672497712,11577.7822265625,6688706
2018-10-18,11440.497042298755,11669.306311942037,11371.853515625,11371.853515625,6486425
2018-10-19,11211.686856620134,11394.735018379866,11074.400735300334,11303.2109375,6491828
2018-10-22,11394.735317562108,11440.497359203579,11188.8056640625,11188.8056640625,4375092
2018-10-23,11165.925805083118,11165.925805083118,10639.662759528725,10822.7109375,12349363
2018-10-24,10822.709965612099,10959.996086762154,10616.78125,10616.78125,6299206
2018-10-25,10250.684602332074,10593.899428225888,10113.39848552936,10525.2568359375,9942192
2018-10-26,10708.30462538247,10708.30462538247,10296.4462890625,10296.4462890625,4162611
2018-10-29,10204.923500334,10410.852228331865,10113.3994140625,10113.3994140625,7685171
2018-10-30,10113.399091137948,10319.328744786424,10067.637049463397,10159.1611328125,5275413
2018-10-31,10342.209329600948,10708.3056640625,10250.68524598556,10708.3056640625,12109806
2018-11-01,10754.067071693427,10776.948559344431,10433.733702387515,10456.6142578125,5355224
2018-11-02,10525.257137254399,10891.352526982937,10502.375651019262,10754.06640625,9509950
2018-11-05,10616.781217743024,10776.947892485137,10593.899731507887,10754.06640625,4422840
2018-11-06,10845.589835432364,10891.351872928546,10639.6611328125,10639.6611328125,5620773
2018-11-07,10639.6611328125,10754.06576044,10456.612982827774,10639.6611328125,5744265
2018-11-08,10845.590519690792,10868.47200599545,10616.78125,10616.78125,5611428
2018-11-09,10479.495105215432,10639.661780082954,10319.32843034791,10342.208984375,6418692
2018-11-12,10296.446960313131,10365.089554728487,10113.39879890423,10273.56640625,4933954
2018-11-13,10067.63671875,10250.684879435228,10067.63671875,10067.63671875,6907152
2018-11-14,10067.637406335052,10227.805023986504,9587.136417832744,9701.5419921875,11831094
2018-11-15,9701.541321047509,9930.351521702203,9610.017240785632,9724.421875,7763772
2018-11-16,9884.590150749054,10136.280922395475,9793.066064291079,10044.7568359375,6390052
2018-11-19,10136.280265181556,10548.1376953125,10044.7561846578,10548.1376953125,11500524
2018-11-20,10387.971048083242,10731.185884845396,10365.089561778585,10616.78125,10200878
2018-11-21,10433.732773735253,10754.066114529962,10410.85128812081,10662.54296875,7258582
2018-11-22,10799.828781257725,10799.828781257725,10502.3759765625,10502.3759765625,6930161
2018-11-23,10456.613635432937,10571.019202426482,10273.56640625,10273.56640625,6621828
2018-11-26,10250.684251693614,10365.088879002877,10250.684251693614,10296.4462890625,3676424
2018-11-27,10387.97101246833,10456.613606695035,10136.280257335795,10204.9228515625,4630732
2018-11-28,10204.922847672422,10410.8515625,10204.922847672422,10410.8515625,5125951
2018-11-29,10502.37630088849,10616.781874691476,10387.971659311524,10456.6142578125,8719770
2018-11-30,10410.851272488939,10639.661467160126,10387.970719134786,10525.2568359375,7395216
2018-12-03,10799.82785751945,11074.400084011371,10754.065819770798,11051.51953125,14239392
2018-12-04,11005.75778235,11120.162413611255,10845.590179913122,10937.1142578125,8447879
2018-12-05,10754.067382057363,11165.925781627568,10754.067382057363,11028.6396484375,10551119
2018-12-06,10959.99609375,11051.520174575056,10868.472012924944,10959.99609375,8869482
2018-12-07,11005.7578125,11165.924483149716,10959.995773424947,11005.7578125,8998627
2018-12-10,10799.828807902533,10868.472336679088,10571.01953125,10571.01953125,13940947
2018-12-11,10571.0188907441,10708.305007752948,10548.137405129659,10662.54296875,6791754
2018-12-12,10662.54296875,10662.54296875,10662.54296875,10662.54296875,0
2018-12-13,10776.947569554726,10845.590161751345,10593.8994140625,10593.8994140625,8687395
2018-12-14,10525.256488065928,10616.78056290943,10113.39815127017,10227.8037109375,23613669
2018-12-17,10067.637388262918,10136.280919197756,9884.590147630735,9907.470703125,11433522
2018-12-18,9747.302722911385,9998.993461037506,9701.540685777009,9815.9453125,10278436
2018-12-19,9770.184242183635,9815.946283846439,9129.51659113038,9335.4453125,23384458
2018-12-20,9381.207018513971,9564.255178615931,9175.278304512243,9243.9208984375,12906620
2018-12-21,9198.159177454725,9541.3740234375,9175.278622761336,9541.3740234375,7555004
2018-12-24,9426.969087426314,9610.017248089183,9289.68296692916,9312.564453125,5767607
2018-12-25,9060.873366615408,9106.635405105813,8763.419650314798,9015.111328125,9601922
2018-12-26,9106.635716905963,9152.396824737249,8763.419950363656,8832.0634765625,6506284
2018-12-27,9152.39714045751,9175.278627388429,8854.9443359375,8854.9443359375,8012466
2018-12-28,8923.587556676986,9015.111636791475,8809.181990420899,8832.0634765625,4820058
2018-12-31,8832.0634765625,8832.0634765625,8832.0634765625,8832.0634765625,0
2019-01-01,8832.0634765625,8832.0634765625,8832.0634765625,8832.0634765625,0
2019-01-02,8809.181977613805,8900.706057595231,8694.77734375,8694.77734375,5048852
2019-01-03,8694.776324733828,8786.300393988757,8260.037461885844,8282.9189453125,11500921
2019-01-04,8260.038104192145,8488.848295121905,8099.871436654274,8397.32421875,7935785
2019-01-07,8603.253586225428,8603.253586225428,8305.80078125,8305.80078125,8307866
2019-01-08,8351.562175248428,8351.562175248428,8145.633469655675,8191.3955078125,11757333
2019-01-09,8237.157551212129,8557.490886287871,8191.3955130261775,8397.32421875,12421936
2019-01-10,8420.205119177861,8763.419953621815,8374.443079103605,8626.134765625,15283065
2019-01-11,8603.2529296875,8809.181635536119,8557.490891473817,8603.2529296875,8397752
2019-01-14,8511.728853260132,8717.65849133467,8488.84830026625,8603.2529296875,10029909
2019-01-15,8603.253583309599,8740.539708380804,8580.373028577393,8649.015625,6413373
2019-01-16,8694.777330703644,8740.539370625693,8511.729171015451,8557.4912109375,7618753
2019-01-17,8557.491552318548,8649.015635813783,8443.0869140625,8443.0869140625,6617447
2019-01-18,8511.728861429501,8511.728861429501,8328.681640625,8328.681640625,7100254
2019-01-21,8397.324547180058,8900.7060546875,8374.443061079199,8900.7060546875,23881074
2019-01-22,9015.111297049456,9198.158518154185,8900.705735104837,8946.4677734375,19077495
2019-01-23,8900.706392987026,9175.278643277596,8832.06379652738,9129.5166015625,14472608
2019-01-24,9152.396532089033,9381.206725059037,9106.63542572096,9358.326171875,18384085
2019-01-25,9335.44497848848,9426.96905853946,9175.278304512243,9243.9208984375,12467473
2019-01-28,9243.920926763443,9358.326493290717,9198.158886597725,9312.564453125,9264301
2019-01-29,9266.80306433797,9518.493836828191,9198.159533151347,9495.61328125,13764137
2019-01-30,9495.612287657003,9541.373394025075,9358.326171875,9358.326171875,5368616
2019-01-31,9404.088189180497,9449.850227670904,8969.349289634592,9015.111328125,18857317
2019-02-01,8923.587862170225,9221.040666612435,8923.587862170225,9198.1591796875,7582769
2019-02-04,9198.1591796875,9198.1591796875,9198.1591796875,9198.1591796875,0
2019-02-05,9198.1591796875,9198.1591796875,9198.1591796875,9198.1591796875,0
2019-02-06,9198.1591796875,9198.1591796875,9198.1591796875,9198.1591796875,0
2019-02-07,9198.1591796875,9198.1591796875,9198.1591796875,9198.1591796875,0
2019-02-08,9198.1591796875,9198.1591796875,9198.1591796875,9198.1591796875,0
2019-02-11,9426.968431767098,9564.254542715804,9289.682320818392,9472.73046875,7608657
2019-02-12,9472.73142713134,9724.422189888577,9426.969385518572,9541.3740234375,15880769
2019-02-13,9518.49346874411,9724.422189888577,9495.61291405072,9541.3740234375,15828994
2019-02-14,9564.25551035688,9655.779593582418,9518.49346874411,9541.3740234375,10505414
2019-02-15,9472.731123914547,9655.779284506356,9426.969083766595,9518.4931640625,8859032
2019-02-18,9518.4931640625,9518.4931640625,9518.4931640625,9518.4931640625,0
2019-02-19,9541.37370544368,9632.897785618914,9381.20703125,9381.20703125,18550068
2019-02-20,9381.207683294177,9564.255856367472,9358.327127773025,9426.9697265625,11425929
2019-02-21,9449.850882770004,9449.850882770004,9289.683270837197,9335.4453125,14908522
2019-02-22,9335.445015429,9701.541337081571,9243.920935015858,9655.779296875,27509354
2019-02-25,9838.827794483504,9884.589836256506,9747.3037109375,9747.3037109375,12372184
2019-02-26,9701.541001924505,9815.94563237564,9610.016924673226,9770.18359375,13671768
2019-02-27,9815.945290786949,9815.945290786949,9655.778627283873,9678.6591796875,10492043
2019-02-28,9678.65983846735,9724.421878615303,9449.85056995355,9518.4931640625,16789914
2019-03-01,9564.25520421045,9587.135758171447,9449.85056995355,9518.4931640625,9336936
2019-03-04,9564.255862297408,9770.184591019533,9541.374374536048,9701.5419921875,14186887
2019-03-05,9701.541321047509,9930.351521702203,9632.897794738123,9724.421875,16572156
2019-03-06,9747.3037109375,9793.065752710501,9655.779627391496,9747.3037109375,7515266
2019-03-07,9838.828125,9930.35221162058,9770.184593921555,9838.828125,16760543
2019-03-08,9838.828125,9838.828125,9838.828125,9838.828125,0
2019-03-11,9701.541337081571,9747.303377288143,9610.017256668429,9655.779296875,6634407
2019-03-12,9747.30400120252,10113.3994140625,9610.01787179527,10113.3994140625,18979703
2019-03-13,10227.805015049084,10410.852255849895,10113.399440794301,10319.3291015625,30489824
2019-03-14,10296.4462890625,10410.850916371763,10227.803699122123,10296.4462890625,10792220
2019-03-15,10204.92350702449,10479.495766019005,10159.16146385874,10387.9716796875,17884903
2019-03-18,10479.495455024029,10731.18621885335,10456.613968007186,10708.3056640625,21098233
2019-03-19,10708.305656577115,10708.305656577115,10502.376002473446,10571.01953125,15643944
2019-03-20,10479.494797003263,10593.899428225888,10319.328126846398,10525.2568359375,18807253
2019-03-21,10525.25780228425,10571.01984542,10113.3994140625,10113.3994140625,14972729
2019-03-22,10227.803699122123,10342.208326431386,10090.517587015467,10296.4462890625,12902093
2019-03-25,10067.636746875793,10159.160827474094,9907.470071941743,10136.2802734375,15001120
2019-03-26,10273.565748359251,10365.088890976847,10159.160188691922,10227.8037109375,6252083
2019-03-27,10296.4462890625,10433.732401169156,10204.92221432473,10296.4462890625,7025116
2019-03-28,10204.923164164085,10410.85188537826,10204.923164164085,10365.08984375,5411943
2019-03-29,10410.851595080712,10433.733081369806,10250.684919960906,10273.56640625,8681074
2019-04-01,10319.329098479104,10319.329098479104,10136.280925506964,10182.04296875,5785776
2019-04-02,10296.446919606535,10319.328405805167,10067.63671875,10067.63671875,5279564
2019-04-03,9998.994768923076,10044.756812043204,9884.59012723576,9976.11328125,10472393
2019-04-04,10113.398758921307,10204.92283926392,9930.35153046204,10067.63671875,4231783
2019-04-05,10113.39809779708,10182.041619679718,10021.8740234375,10021.8740234375,4909089
2019-04-08,10021.87469065667,10204.9228515625,9998.994136656424,10204.9228515625,5459587
2019-04-09,10250.684908072397,10342.2089886707,10136.2802734375,10136.2802734375,8122962
2019-04-10,10021.8740234375,10136.279582499927,9998.993470960553,10021.8740234375,4672682
2019-04-11,10021.875348209995,10182.042965624463,9998.994792708512,10044.7568359375,4304981
2019-04-12,10021.874694634329,10090.51822111424,9998.994140625,9998.994140625,3203484
2019-04-15,9998.994140625,9998.994140625,9998.994140625,9998.994140625,0
2019-04-16,9884.589494019767,9930.351534208337,9747.303373454053,9861.7080078125,6571430
2019-04-17,9907.469386768753,9998.993461037506,9815.9453125,9815.9453125,4499376
2019-04-18,9770.183265254105,9838.826786997577,9564.254564475485,9610.0166015625,7951868
2019-04-19,9678.65983846735,9724.421878615303,9518.4931640625,9518.4931640625,4190897
2019-04-22,9518.49315151285,9610.017231688085,9358.326477319171,9381.20703125,4818431
2019-04-23,9472.73142713134,9701.541635195186,9381.207343905802,9541.3740234375,5105925
2019-04-24,9655.77930889686,9861.708023969839,9610.017268633312,9793.0654296875,5104006
2019-04-25,9747.304011574119,9793.066054758561,9632.8984375,9632.8984375,2702404
2019-04-26,9632.897794738123,9747.303361178449,9610.017240785632,9724.421875,3019874
2019-04-29,9724.421875,9724.421875,9724.421875,9724.421875,0
2019-04-30,9724.421875,9724.421875,9724.421875,9724.421875,0
2019-05-01,9724.421875,9724.421875,9724.421875,9724.421875,0
2019-05-02,9747.302712823546,9747.302712823546,9564.254564475485,9610.0166015625,4004220
2019-05-03,9564.2548828125,9678.659513224939,9541.373397394455,9564.2548828125,3597803
2019-05-06,9426.968763653038,9472.730802247039,9312.564133281,9358.326171875,5157512
2019-05-07,9381.207354162803,9518.493479151213,9266.80271611879,9335.4453125,3116456
2019-05-08,9221.040056092997,9358.326171875,9198.158570683034,9358.326171875,3727824
2019-05-09,9335.445304559133,9426.969387806888,9175.278624988558,9198.1591796875,4165573
2019-05-10,9243.92155049649,9381.207680257017,9221.040994982748,9289.68359375,3539165
2019-05-13,9335.444686465036,9541.373394025075,9289.682647871035,9358.326171875,4025289
2019-05-14,9266.801779512258,9449.84992766258,9266.801779512258,9404.087890625,4382768
2019-05-15,9449.849926747647,9678.6591796875,9449.849926747647,9678.6591796875,7669923
2019-05-16,9678.659850865306,9770.183931278447,9610.017256668429,9655.779296875,5102900
2019-05-17,9655.779948890802,9770.184591019533,9610.017905594106,9701.5419921875,5374144
2019-05-20,9701.541001924505,9838.827117801424,9655.778963298864,9770.18359375,5953512
2019-05-21,9770.183915130938,9838.827441440326,9701.541321047509,9724.421875,4801451
2019-05-22,9747.303373454053,9930.351534208337,9724.421887246788,9861.7080078125,10426939
2019-05-23,9838.828125,9884.59016831029,9747.304038379421,9838.828125,3917776
2019-05-24,9770.184591019533,9838.828122077592,9701.5419921875,9701.5419921875,4589262
2019-05-27,9678.66050442614,9724.422547722836,9610.017905594106,9701.5419921875,3568786
2019-05-28,9701.54067573653,9701.54067573653,9564.254564475485,9610.0166015625,4223793
2019-05-29,9564.25522038791,9587.135774387607,9449.8505859375,9449.8505859375,4852746
2019-05-30,9426.969099711841,9541.373734162251,9381.207059486485,9449.8505859375,3274868
2019-05-31,9495.613254503802,9495.613254503802,9289.68359375,9289.68359375,4218766
2019-06-03,9198.158890330113,9312.56445690381,9106.6357421875,9106.6357421875,6418880
2019-06-04,9152.396484375,9243.92056108586,9106.635378245493,9152.396484375,4237373
2019-06-05,9289.683262935256,9404.088833107944,9198.1591796875,9198.1591796875,3996210
2019-06-06,9198.159507242983,9312.565081489765,9129.51690847573,9289.68359375,4133928
2019-06-07,9335.444686465036,9358.326171875,9289.682647871035,9358.326171875,2898218
2019-06-10,9472.731111425233,9495.612597582021,9358.326477319171,9381.20703125,5166357
2019-06-11,9381.20703125,9404.088517406788,9358.326477319171,9381.20703125,2385143
2019-06-12,9358.325831673343,9381.206384025605,9266.8017578125,9266.8017578125,2531101
2019-06-13,9243.921571189963,9312.565102336905,9221.041015625,9221.041015625,2783591
2019-06-14,9266.803038236258,9426.969723510527,9221.040994982748,9289.68359375,5827726
2019-06-17,9335.444686465036,9426.968763653038,9312.564133281,9358.326171875,5067083
2019-06-18,9381.206384025605,9426.968420956027,9266.8017578125,9266.8017578125,3709154
2019-06-19,9335.444347095185,9381.206384025605,9266.8017578125,9266.8017578125,2980427
2019-06-20,9266.801789522831,9610.0166015625,9243.920304866375,9610.0166015625,11245197
2019-06-21,9701.541349160407,9793.0654296875,9587.135782388557,9793.0654296875,9728459
2019-06-24,9770.183943442746,9838.827469951048,9678.659862915652,9793.0654296875,8050453
2019-06-25,9678.660480684443,9793.066054758561,9632.8984375,9632.8984375,7571108
2019-06-26,9587.135436004617,9770.18359044526,9564.2548828125,9564.2548828125,6487176
2019-06-27,9541.373734162251,9564.25522038791,9426.969099711841,9449.8505859375,8842656
2019-06-28,9472.731459636603,9495.6129466345,8923.587890625,8923.587890625,8643088
2019-07-01,9358.326789212413,9541.3740234375,9289.683260680264,9541.3740234375,7585836
2019-07-02,9610.017244358403,9678.65983846735,9495.612610101503,9518.4931640625,5385408
2019-07-03,9472.73175246746,9678.660480684443,9449.85119698825,9632.8984375,8492394
2019-07-04,9678.6591796875,9724.42121672065,9587.1351056212,9678.6591796875,5052189
2019-07-05,9678.6591796875,9815.945290786949,9610.016590250723,9678.6591796875,6641103
2019-07-08,9678.659513224939,9678.659513224939,9495.612291010222,9564.2548828125,6774545
2019-07-09,9564.255188264651,9655.779268407963,9541.373702115843,9587.1357421875,5084147
2019-07-10,9610.0166015625,9747.302712823546,9610.0166015625,9610.0166015625,5561489
2019-07-11,9655.779293076912,9907.47004800107,9655.779293076912,9861.7080078125,11306067
2019-07-12,9884.588834314514,9953.23142390313,9770.183275365624,9815.9453125,7125850
2019-07-15,9815.946637231844,9884.59016831029,9770.184593921555,9838.828125,4169640
2019-07-16,9838.827481862107,9953.232116546493,9838.827481862107,9930.3515625,10852088
2019-07-17,9976.111986257709,10067.636060617291,9907.469396600973,10021.8740234375,9192313
2019-07-18,9930.352190845288,10021.875345048367,9907.470703125,9907.470703125,5876330
2019-07-19,10044.756180869621,10136.280261358861,9976.11265438971,9998.994140625,14052402
2019-07-22,9998.993494290966,10090.517568864097,9861.707382431267,9884.5888671875,6873651
2019-07-23,9884.590147630735,9953.23274633955,9861.70865991045,9907.470703125,6097927
2019-07-24,9953.232075654694,9976.112629607183,9724.421875,9724.421875,8020164
2019-07-25,9724.421875,9724.421875,9724.421875,9724.421875,0
2019-07-26,9724.421875,9724.421875,9724.421875,9724.421875,0
2019-07-29,9724.421875,9724.421875,9724.421875,9724.421875,0
2019-07-30,9724.421875,9724.421875,9724.421875,9724.421875,0
2019-07-31,9472.731793445784,9541.37439240638,9449.851237867593,9495.61328125,4591160
2019-08-01,9518.493479151213,9518.493479151213,9289.683270837197,9335.4453125,5854907
2019-08-02,9243.920926763443,9472.731127592031,9221.040372793565,9312.564453125,6914850
2019-08-05,9358.326493290717,9358.326493290717,9266.802412959281,9312.564453125,5864461
2019-08-06,9312.564453125,9312.564453125,9312.564453125,9312.564453125,0
2019-08-07,9243.9208984375,9335.44497848848,9175.278304512243,9243.9208984375,2975838
2019-08-08,9289.682647871035,9358.326171875,9198.158570683034,9358.326171875,4708790
2019-08-09,9358.326477319171,9472.731111425233,9312.564437231553,9381.20703125,4526035
2019-08-12,9381.207047260596,9404.088533456435,9266.802412959281,9312.564453125,4786202
2019-08-13,9243.921553489203,9426.9697265625,9221.040997968053,9426.9697265625,4823604
2019-08-14,9518.49315151285,9541.37370544368,9381.20703125,9381.20703125,5650436
2019-08-15,9198.15918751159,9335.4453125,9198.15918751159,9335.4453125,4799511
2019-08-16,9404.088517406788,9518.49315151285,9289.682951074765,9381.20703125,6790273
2019-08-19,9426.969071337617,9518.49315151285,9381.20703125,9381.20703125,2619402
2019-08-20,9381.207683294177,9449.851214309674,9358.327127773025,9426.9697265625,4564710
2019-08-21,9426.969750063377,9587.136435788787,9381.207706680972,9495.61328125,9599252
2019-08-22,9587.136411888623,9587.136411888623,9426.9697265625,9426.9697265625,4124833
2019-08-23,9426.969071337617,9472.731111425233,9381.20703125,9381.20703125,3905280
2019-08-26,9266.803038236258,9335.44563700351,9221.040994982748,9289.68359375,7183027
2019-08-27,9358.327124743275,9381.207680257017,9243.92155049649,9289.68359375,4065152
2019-08-28,9289.682310164762,9312.56379474292,9243.920273234342,9266.8017578125,1899937
2019-08-29,9289.682938462991,9289.682938462991,9198.15885841201,9243.9208984375,2027851
2019-08-30,9243.9208984375,9312.564424588714,9243.9208984375,9243.9208984375,3011989
2019-09-02,9243.9208984375,9243.9208984375,9243.9208984375,9243.9208984375,0
2019-09-03,9243.921239737241,9289.683281452335,9129.5166015625,9129.5166015625,3429086
2019-09-04,9152.396484375,9221.040008021107,9083.753892954815,9152.396484375,3508313
2019-09-05,9221.04068499269,9243.921239737241,9129.5166015625,9129.5166015625,2756786
2019-09-06,9129.516296166663,9221.040376535237,9106.6357421875,9106.6357421875,2554840
2019-09-09,9106.636046817948,9175.278643277596,9106.636046817948,9129.5166015625,2334828
2019-09-10,9152.396821489534,9175.278307623015,9015.111633592476,9037.9921875,4528079
2019-09-11,9060.8740234375,9083.75457822835,9015.111981629807,9060.8740234375,2308315
2019-09-12,9083.754885557146,9243.921571189963,9060.874329992183,9221.041015625,2245610
2019-09-13,9221.040664374104,9564.25551035688,9175.278622761336,9541.3740234375,13279640
2019-09-16,9472.731793445784,9678.660522553599,9472.731793445784,9495.61328125,6957926
2019-09-17,9449.851237867593,9518.493836828191,9426.969750063377,9495.61328125,2948866
2019-09-18,9472.731123914547,9655.779284506356,9449.85056995355,9518.4931640625,10295020
2019-09-19,9541.373714476244,9747.303361178449,9541.373714476244,9724.421875,9800823
2019-09-20,9724.421891071877,9747.303377288143,9632.897810658735,9655.779296875,3817209
2019-09-23,9655.778638649515,9724.42122816709,9610.0166015625,9610.0166015625,4915848
2019-09-24,9610.017923593003,9655.77996697541,9495.61328125,9495.61328125,7289435
2019-09-25,9472.731123914547,9564.25520421045,9449.85056995355,9518.4931640625,3488996
2019-09-26,9564.254553217574,9678.6591796875,9564.254553217574,9678.6591796875,4817284
2019-09-27,9678.6591796875,9747.302701350174,9678.6591796875,9678.6591796875,5015455
2019-09-30,9724.42121672065,9815.945290786949,9655.778627283873,9678.6591796875,7390877
2019-10-01,9747.3037109375,9747.3037109375,9632.898140391999,9747.3037109375,5228290
2019-10-02,9724.42122816709,9793.064749910562,9587.135116906044,9610.0166015625,4820079
2019-10-03,9541.373079819028,9610.0166015625,9495.61197495791,9610.0166015625,4235767
2019-10-04,9632.898455156947,9632.898455156947,9426.9697265625,9426.9697265625,4563917
2019-10-07,9449.84992766258,9495.611964700161,9404.087890625,9404.087890625,3947772
2019-10-08,9426.969750063377,9518.493836828191,9381.207706680972,9495.61328125,2390191
2019-10-09,9518.49350207249,9815.946307484006,9518.49350207249,9747.3037109375,12791597
2019-10-10,9747.302701350174,9793.064738383324,9678.6591796875,9678.6591796875,4767366
2019-10-11,9678.6591796875,9770.1832537538,9678.6591796875,9678.6591796875,3257887
2019-10-14,9815.945995589651,10044.756197184388,9770.183955270702,9930.3515625,14810396
2019-10-15,9930.3515625,9976.112670592984,9884.589522181053,9930.3515625,5192745
2019-10-16,9998.993470960553,10113.39809779708,9976.111986257709,10021.8740234375,8601076
2019-10-17,9998.993470960553,10067.636060617291,9976.111986257709,10021.8740234375,6929765
2019-10-18,10021.874046821296,10044.755531577532,9838.826829900934,9884.5888671875,6129676
2019-10-21,9838.827441440326,9884.589481571265,9724.421875,9724.421875,7322915
2019-10-22,9724.421270571567,9884.5888671875,9724.421270571567,9884.5888671875,4016194
2019-10-23,9884.588834314514,9976.111976357368,9770.183275365624,9815.9453125,4047296
2019-10-24,9838.828125,9884.59016831029,9793.06608168971,9838.828125,3295686
2019-10-25,9838.827450119426,10067.63671875,9793.06540994812,10067.63671875,9100758
2019-10-28,10113.398758921307,10227.804325462554,10067.63671875,10067.63671875,6307508
2019-10-29,10113.39813067633,10273.565727439263,10067.636093347766,10090.517578125,6809006
2019-10-30,10067.636746875793,10227.804354035803,10067.636746875793,10136.2802734375,6318522
2019-10-31,10204.92283926392,10250.684879435228,10067.63671875,10067.63671875,4983601
2019-11-01,10021.87469065667,10204.9228515625,9998.994136656424,10204.9228515625,8866207
2019-11-04,10250.684919960906,10410.851595080712,10227.804365897775,10273.56640625,12197857
2019-11-05,10296.447590025951,10319.32907771444,10250.685546875,10250.685546875,5547220
2019-11-06,10250.684891788958,10342.208972241873,10204.9228515625,10204.9228515625,6785809
2019-11-07,10204.923524258505,10250.685567501541,10136.280925506964,10182.04296875,6173920
2019-11-08,10250.684891788958,10296.446932015415,10182.042297562253,10204.9228515625,4538635
2019-11-11,10227.805008853451,10319.329095311426,10044.7568359375,10044.7568359375,8087855
2019-11-12,10044.756164777327,10136.28024511994,10021.874678578693,10067.63671875,5729204
2019-11-13,10090.51822111424,10273.566382092722,9884.589506126431,9998.994140625,18362077
2019-11-14,9976.11200953473,9976.11200953473,9884.5888671875,9884.5888671875,4759585
2019-11-15,9884.589522181053,10021.874710911932,9838.827481862107,9930.3515625,5246355
2019-11-18,9907.470064233386,9907.470064233386,9793.0654296875,9793.0654296875,12161894
2019-11-19,9815.946637231844,9884.59016831029,9793.06608168971,9838.828125,7721635
2019-11-20,9838.827794483504,9861.70834925701,9747.3037109375,9747.3037109375,6080279
2019-11-21,9747.3037109375,9838.827794483504,9678.660182165,9747.3037109375,9908211
2019-11-22,9793.065417494714,9815.945971485018,9518.493176255286,9655.779296875,8469302
2019-11-25,9701.540664317023,9701.540664317023,9564.254553217574,9678.6591796875,4648254
2019-11-26,9724.422547722836,9724.422547722836,9632.898461129442,9701.5419921875,4434438
2019-11-27,9701.541968389676,9747.304011574119,9632.8984375,9632.8984375,3484157
2019-11-28,9632.897471213077,9632.897471213077,9358.326171875,9358.326171875,7588381
2019-11-29,9381.206725059037,9404.088210469,9266.802094686998,9358.326171875,6587117
2019-12-02,9335.445342057672,9358.326829074515,9060.8740234375,9060.8740234375,8218022
2019-12-06,9175.27895172924,9312.565081489765,9175.27895172924,9289.68359375,3849334
2019-12-09,9243.921571189963,9312.565102336905,9221.041015625,9221.041015625,4585883
2019-12-10,9243.920914355962,9243.920914355962,9129.516280208205,9175.2783203125,4783261
2019-12-11,9175.278969496749,9221.041012838874,9015.112283912325,9083.7548828125,5361607
2019-12-12,9106.636373348134,9266.803058980951,9106.636373348134,9221.041015625,3983193
2019-12-13,9266.803041236377,9472.731769830823,9266.803041236377,9426.9697265625,8266354
2019-12-16,9426.969723510527,9426.969723510527,9289.68359375,9289.68359375,2998555
2019-12-17,9312.56379474292,9404.087868603763,9266.8017578125,9266.8017578125,3524479
2019-12-18,9243.921571189963,9335.445657901868,9221.041015625,9221.041015625,3643883
2019-12-19,9243.921571189963,9289.683614545915,9152.39748447806,9221.041015625,2793312
2019-12-20,9221.040372793565,9358.326493290717,9198.158886597725,9312.564453125,2227983
2019-12-23,9335.444368955681,9518.492517106002,9335.444368955681,9404.087890625,6901917
2019-12-24,9449.851214309674,9449.851214309674,9335.445640025851,9426.9697265625,2617149
2019-12-25,9381.207683294177,9518.493813099149,9381.207683294177,9426.9697265625,2881363
2019-12-26,9426.9697265625,9472.731769830823,9358.327127773025,9426.9697265625,4329491
2019-12-27,9449.8505859375,9449.8505859375,9312.56446526143,9449.8505859375,3314794
2019-12-30,9472.73175246746,9655.779925205232,9449.85119698825,9632.8984375,9647627
2019-12-31,9678.659513224939,9701.540998642982,9541.373397394455,9564.2548828125,3635267
2020-01-01,9564.2548828125,9564.2548828125,9564.2548828125,9564.2548828125,0
2020-01-02,9564.255865138262,9953.232767162712,9541.374377370104,9838.828125,9069155
2020-01-03,9953.232432803012,9998.994474576015,9724.422223938001,9747.3037109375,7565205
2020-01-06,9701.541001924505,9930.351195052704,9655.778963298864,9770.18359375,6619909
2020-01-07,9884.589522181053,9998.99415686544,9815.945995589651,9930.3515625,8685309
2020-01-08,9861.70865991045,10136.280919197756,9747.304017987084,9907.470703125,20577023
2020-01-09,9998.99416413665,10342.209000665356,9998.99416413665,10273.56640625,17923619
2020-01-10,10296.44727014337,10982.87696385613,10296.44727014337,10776.9482421875,30668156
2020-01-13,10662.543290383352,10982.876640840846,10616.78125,10616.78125,11092292
2020-01-14,10639.661771752199,10891.352526982937,10616.781217743024,10754.06640625,14687133
2020-01-15,10754.066086117953,10845.590163882047,10639.661455025804,10799.828125,9105118
2020-01-16,10845.590850226288,11417.615906338513,10822.710295450275,11394.7353515625,16693666
2020-01-17,11532.019865973967,11623.543944143514,11257.448563691261,11417.615234375,13377057
2020-01-20,11394.734710654328,11577.781935244731,11326.091185735228,11486.2587890625,9882303
2020-01-21,11532.020186206959,11806.592428340207,11486.259078077383,11577.7822265625,12648205
2020-01-22,11577.782238170728,11783.71188609012,11463.377603280152,11715.068359375,9902725
2020-01-23,11715.068359375,11715.068359375,11715.068359375,11715.068359375,0
2020-01-24,11715.068359375,11715.068359375,11715.068359375,11715.068359375,0
2020-01-27,11715.068359375,11715.068359375,11715.068359375,11715.068359375,0
2020-01-28,11715.068359375,11715.068359375,11715.068359375,11715.068359375,0
2020-01-29,11715.068359375,11715.068359375,11715.068359375,11715.068359375,0
2020-01-30,11394.73464912639,11600.663358319858,10982.876298513516,11143.04296875,23611958
2020-01-31,11257.448885473164,11554.901681913589,11165.9248046875,11165.9248046875,24647975
2020-02-03,10754.06644761497,11532.020202534684,10639.661812677119,11509.1396484375,28931804
2020-02-04,11623.544940807698,12309.9755859375,11600.664385416381,12309.9755859375,30983019
2020-02-05,12538.784505375326,12721.832672105123,12149.8076171875,12149.8076171875,24473605
2020-02-06,12218.45117570951,12859.118828604833,12058.283563316183,12698.9521484375,22042027
2020-02-07,12584.546911763404,12653.190442389392,12195.570012302858,12309.9755859375,18691375
2020-02-10,12012.520872818586,12493.021819598443,11989.640319269995,12172.6884765625,13115909
2020-02-11,12309.97525929827,12698.9521484375,12287.093772288083,12698.9521484375,14106263
2020-02-12,13019.28479037784,13019.28479037784,12447.259765625,12447.259765625,21675370
2020-02-13,12515.903642116868,12630.3082773898,12126.926763517733,12470.1416015625,19787406
2020-02-14,12515.903647672762,12515.903647672762,12218.45085005032,12264.212890625,12742535
2020-02-17,12309.975229189069,12378.617825599747,12081.165020776822,12149.8076171875,12136590
2020-02-18,12218.4501953125,12470.140938873163,12172.688157190023,12218.4501953125,15085061
2020-02-19,12264.21317706402,12447.26041141197,12264.21317706402,12355.736328125,12297776
2020-02-20,12515.904313363431,12676.07099778071,12195.570012302858,12309.9755859375,18797281
2020-02-21,12264.212539720194,12309.974578985528,11737.949554281833,11829.4736328125,25135517
2020-02-24,11486.259087437324,11623.544276389855,11143.0433183781,11165.9248046875,25693754
2020-02-25,11165.925129189103,11943.87890625,11143.043642214729,11943.87890625,20368005
2020-02-26,11692.187168217959,11989.639948506996,11623.543645243004,11806.591796875,12994191
2020-02-27,11783.71190890782,11989.640625,11715.068382059782,11989.640625,11524326
2020-02-28,11669.306346674379,11920.998035592664,11440.497076350075,11783.7119140625,16463600
2020-03-02,11875.236294220611,11920.998335883414,11623.544598962197,11669.306640625,10167147
2020-03-03,11989.641257292089,12332.85611295434,11875.236616146678,12104.0458984375,19846523
2020-03-05,12264.212509671339,12287.093063134975,11966.7587890625,11966.7587890625,12511113
2020-03-06,11806.591796875,11920.997357757955,11646.42513030996,11806.591796875,11167118
2020-03-09,11028.638994809537,11303.21124491676,10982.876953125,10982.876953125,22474165
2020-03-10,10982.876328037486,11463.377272264544,10593.899461970434,11211.6865234375,23094899
2020-03-11,11348.972963907658,11440.497044674361,10456.613642545288,10616.78125,17777828
2020-03-12,10067.637367490259,10250.685539970778,9884.59012723576,9976.11328125,23601153
2020-03-13,9381.207675230191,10250.685564354933,9289.683588772215,10044.7568359375,21987937
2020-03-16,10044.756146407468,10090.518186495085,9381.20703125,9381.20703125,15658087
2020-03-17,9152.396230692344,9701.54067573653,8877.824940396147,9610.0166015625,16575535
2020-03-18,9747.303348551275,9861.707982617438,9587.1357421875,9587.1357421875,13401505
2020-03-19,9381.207346183011,9426.969387806888,9083.754541740802,9198.1591796875,9855164
2020-03-20,9335.445342057672,9381.207383865365,8992.230494612963,9060.8740234375,13406407
2020-03-23,8603.253594066166,8694.7776775614,8443.0869140625,8443.0869140625,13452320
2020-03-24,8443.08688789669,8557.491525798188,8076.990555050313,8374.443359375,13269669
2020-03-25,8694.777028720815,8946.4677734375,8603.252952055489,8946.4677734375,14687676
2020-03-26,8717.65849133467,8969.349235396974,8603.2529296875,8603.2529296875,10684060
2020-03-27,8717.658829858336,8740.539383740714,8557.49122377786,8694.77734375,13061569
2020-03-30,8168.514666848422,8237.158195610338,8099.8720703125,8099.8720703125,15292869
2020-03-31,8237.157841842012,8465.967108618881,7596.489750747091,7871.0615234375,12730018
2020-04-01,7779.537750725626,8397.324846290892,7779.537750725626,8374.443359375,11503403
2020-04-02,8374.443359375,8374.443359375,8374.443359375,8374.443359375,0
2020-04-03,8511.728853260132,8694.77700611487,8465.966815046448,8603.2529296875,9649024
2020-04-06,8832.063778922471,9198.1591796875,8694.777654050838,9198.1591796875,22022023
2020-04-07,9243.921568396923,9266.803056181,8969.3502405702,9083.7548828125,15136272
2020-04-08,8832.063174163372,9152.396511370294,8740.539097182558,9015.111328125,9673368
2020-04-09,9152.397174826894,9312.564787266821,9060.8740234375,9060.8740234375,15155443
2020-04-10,9060.87366071565,9198.158848416984,8832.063460836833,8900.7060546875,11892298
2020-04-13,8877.825529131525,9152.39683763599,8809.182002835938,8969.349609375,8726403
2020-04-14,8946.468437757027,9037.992521218468,8603.253590889615,8786.3017578125,15415422
2020-04-15,8786.302067201701,9129.516926154625,8786.302067201701,9083.7548828125,14097335
2020-04-16,8969.349939822112,9106.636065245195,8877.825856206724,9060.8740234375,7739762
2020-04-17,9381.207346183011,9381.207346183011,9152.397138063623,9198.1591796875,17895291
2020-04-20,9289.683611739049,9358.32714286525,9083.7548828125,9083.7548828125,13124587
2020-04-21,8992.229788390856,9037.99182660454,8580.372376693618,8603.2529296875,19399658
2020-04-22,8420.20478169694,9015.1112788185,8420.20478169694,8809.181640625,13274947
2020-04-23,8923.587883004662,9015.111966466104,8786.3017578125,8786.3017578125,6153957
2020-04-24,8786.3017578125,8832.06379954322,8694.777674351059,8786.3017578125,5989141
2020-04-27,8877.825519920438,8877.825519920438,8626.134765625,8626.134765625,8982127
2020-04-28,8626.135096033322,8832.063818142226,8557.491567179692,8717.6591796875,8224801
2020-04-29,8832.063148112911,9152.396484375,8740.53907140205,9152.396484375,19477633
2020-04-30,9152.396484375,9152.396484375,9152.396484375,9152.396484375,0
2020-05-01,9152.396484375,9152.396484375,9152.396484375,9152.396484375,0
2020-05-04,9037.992199999617,9358.326480729676,8946.468119791027,9175.2783203125,15700892
2020-05-05,9175.278969496749,9221.041012838874,8992.23079612825,9083.7548828125,6208756
2020-05-06,9129.516264486754,9289.682938462991,8946.468104384794,9243.9208984375,14374003
2020-05-07,9243.921229174393,9449.850882770004,9198.15918751159,9335.4453125,15694780
2020-05-08,9472.730805592179,9907.469706275744,9426.968766982018,9564.2548828125,26421855
2020-05-11,9815.945955261877,9861.707995392815,9564.255200654694,9724.421875,15966504
2020-05-12,9678.660487052246,9976.113301833815,9541.374357408593,9907.470703125,13719225
2020-05-13,9793.066061201635,10044.756832768653,9678.660487052246,9907.470703125,14516540
2020-05-14,9793.065079175785,9953.23174825256,9770.18359375,9770.18359375,12158181
2020-05-15,9770.18359375,9770.18359375,9770.18359375,9770.18359375,0
2020-05-18,9770.18359375,9770.18359375,9770.18359375,9770.18359375,0
2020-05-19,10067.636758552006,10273.56640625,9976.112677847555,10273.56640625,22994166
2020-05-20,10273.56640625,10273.56640625,10273.56640625,10273.56640625,0
2020-05-21,10227.80465881167,10639.66210155091,10204.923171867273,10502.3759765625,22145598
2020-05-22,10433.732746169559,10799.828125,10365.08922173352,10799.828125,15932627
2020-05-25,10479.495101032664,10685.423816098135,10387.971020508907,10548.1376953125,14041493
2020-05-26,10548.137405129659,10662.54296875,10456.61332712376,10662.54296875,13106355
2020-05-27,10662.543935233569,10731.186533846987,10250.685546875,10250.685546875,17566265
2020-05-28,10319.3291015625,10502.376342363312,10227.805015049084,10319.3291015625,12382781
2020-05-29,10273.56573649101,10387.970363800272,10273.56573649101,10296.4462890625,7429593
2020-06-01,10433.733056765774,10754.06640625,10387.97101652146,10754.06640625,14853222
2020-06-02,10891.351225921388,11120.161399809693,10708.304019036595,10731.1845703125,20001514
2020-06-03,10799.828786386852,11005.758440080264,10776.94823165758,10982.876953125,14397428
2020-06-04,11074.40039207801,11394.734665229613,11028.638353056353,11280.3291015625,18660877
2020-06-05,11211.68715099623,11303.21123427917,11074.40102607182,11188.8056640625,11315141
2020-06-08,11188.8056640625,11188.8056640625,11188.8056640625,11188.8056640625,0
2020-06-09,11188.8056640625,11188.8056640625,11188.8056640625,11188.8056640625,0
2020-06-10,11074.40039207801,11440.49670425127,11028.638353056353,11280.3291015625,17206157
2020-06-11,11303.211239548564,11348.973281211367,10502.3759765625,10502.3759765625,19311775
2020-06-12,10113.39850071461,10662.54296875,10113.39850071461,10662.54296875,14798777
2020-06-15,10616.781213600618,10754.066402054028,10113.398771109585,10204.9228515625,16540344
2020-06-16,10525.256505185,10639.6611328125,10387.970392696454,10639.6611328125,8415921
2020-06-17,10525.2568359375,10639.661467160126,10479.494797003263,10525.2568359375,5150607
2020-06-18,10387.971036522653,10616.781238184773,10387.971036522653,10479.4951171875,4076500
2020-06-19,10593.899747498228,10708.305314394674,10502.375666871458,10685.423828125,5976938
2020-06-22,10662.541984258934,10845.589191143727,10639.660500757178,10731.1845703125,6230430
2020-06-23,10708.304655169726,10776.947245301044,10548.137057820137,10639.6611328125,6042668
2020-06-24,10708.304646633203,10776.947236709802,10387.9703844153,10433.732421875,6373572
2020-06-25,10296.447593355995,10456.614278323119,10250.685550190243,10387.9716796875,5319699
2020-06-26,10525.257830104678,10548.138385620021,10250.685570564427,10319.3291015625,4875463
2020-06-29,10250.684209336454,10319.32773121909,9907.469396600973,10021.8740234375,9602277
2020-06-30,10182.042289132496,10250.684883302372,9793.065413642624,9861.7080078125,5866797
2020-07-01,9907.470056203509,10204.9228515625,9861.70801597705,10204.9228515625,4389714
2020-07-02,10250.684891788958,10296.446932015415,10113.398771109585,10204.9228515625,3636415
2020-07-03,10227.80433778871,10273.566378015168,10204.9228515625,10204.9228515625,4484836
2020-07-06,10342.208980247027,10662.543262080177,10273.566385967191,10548.1376953125,10115435
2020-07-07,10662.541984258934,10845.589191143727,10616.779949481273,10731.1845703125,13885104
2020-07-08,10731.186848514362,10982.877627111842,10662.544247888158,10822.7109375,11065508
2020-07-09,10845.591470850743,11074.40169283419,10776.948870368731,11028.6396484375,12616060
2020-07-10,11028.6396484375,11028.6396484375,11028.6396484375,11028.6396484375,0
2020-07-13,10982.87664784328,11257.44889031845,10959.99609375,10959.99609375,12781564
2020-07-14,10959.995773424947,11120.162444074664,10891.3522486994,11005.7578125,8379458
2020-07-15,11005.7578125,11005.7578125,11005.7578125,11005.7578125,0
2020-07-16,10982.87760404081,11028.6396484375,10845.591470850743,11028.6396484375,7886847
2020-07-17,10982.87760404081,11120.16373723088,10891.353515247432,11028.6396484375,7201113
2020-07-20,11028.638659947701,11028.638659947701,10868.471985027947,10891.3525390625,6099429
2020-07-21,10937.114929767613,10959.99641676122,10731.186207955121,10914.234375,5726471
2020-07-22,10959.996070005313,10959.996070005313,10685.423828125,10685.423828125,5629096
2020-07-23,10754.066422482096,10754.066422482096,10525.257153141132,10685.423828125,6237084
2020-07-24,10548.138382468256,10639.662468954326,9976.11330804333,10182.04296875,17650602
2020-07-27,9747.302690647413,10021.873980318931,9472.73046875,9472.73046875,15719291
2020-07-28,9678.659874632809,9976.112670592984,9610.01728026737,9930.3515625,8925033
2020-07-29,9701.541635195186,9747.303676807956,9335.445302293034,9541.3740234375,9822205
2020-07-30,9632.89747787308,9815.94563237564,9610.016924673226,9770.18359375,5371098
2020-07-31,9610.017905594106,9838.828122077592,9564.255862297408,9701.5419921875,6108962
2020-08-03,9701.541658512826,9976.112976623383,9678.660171538451,9953.232421875,5616559
2020-08-04,10113.39813067633,10204.922205333463,10021.8740560192,10090.517578125,6499692
2020-08-05,10113.399080907566,10387.971330677125,10067.637039279305,10365.08984375,9544640
2020-08-06,10365.09018863937,10433.733719478809,10227.804991412535,10250.685546875,5965695
2020-08-07,10342.208968299461,10479.4950889265,10273.566374098922,10410.8515625,8074191
2020-08-10,10571.018534254103,10708.304646633203,10433.732421875,10433.732421875,8490454
2020-08-11,10639.661804078693,10662.543290383352,10433.733088466593,10616.78125,8079385
2020-08-12,10662.543622254807,10891.352899067282,10616.781580447112,10708.3056640625,9099006
2020-08-13,10891.352233079242,10937.114272088664,10845.59019406982,10868.4716796875,10703877
2020-08-14,10822.709932729449,10914.234013218074,10639.661771752199,10754.06640625,10928019
2020-08-17,10639.661771752199,10776.947892485137,10593.899731507887,10754.06640625,6045547
2020-08-18,10754.06643892409,10776.947925228747,10571.019209616648,10616.78125,5594573
2020-08-19,10616.78092974705,10754.066114529962,10593.899444132607,10662.54296875,5340288
2020-08-20,10708.305007752948,10776.947600144404,10639.661483135556,10662.54296875,8782475
2020-08-21,10754.066752205767,11165.925127653965,10754.066752205767,11120.1630859375,19979423
2020-08-24,11303.210925865997,11348.972966258827,11165.9248046875,11165.9248046875,9194796
2020-08-25,11234.567410727117,11371.853532046916,11165.9248161802,11303.2109375,10854237
2020-08-26,11211.686856620134,11486.259099259734,11188.805370287184,11303.2109375,14176854
2020-08-27,11257.449200477984,11463.377921895022,11257.449200477984,11326.091796875,6435923
2020-08-28,11394.734710654328,11623.543974448818,11348.972671450241,11486.2587890625,20004810
2020-08-31,11760.830078125,11989.640273874302,11532.019882375698,11760.830078125,15352633
2020-09-01,11760.830078986022,11966.7587890625,11715.068039832811,11966.7587890625,9958275
2020-09-02,11966.7587890625,11966.7587890625,11966.7587890625,11966.7587890625,0
2020-09-03,12058.283563072831,12172.68913366947,11829.474286331544,11875.236328125,17404849
2020-09-04,11715.068054101706,12081.164367773294,11715.068054101706,11898.1162109375,13723084
2020-09-07,11943.8796029627,11966.760159045754,11440.498046875,11440.498046875,16732653
2020-09-08,11554.90138238032,11692.1875,11348.972672063768,11692.1875,11485484
2020-09-09,11486.259078077383,11669.306307273584,11463.37759178663,11577.7822265625,8077612
2020-09-10,11623.544266918041,11737.949833919878,11577.7822265625,11577.7822265625,5539502
2020-09-11,11577.7822265625,11577.7822265625,11577.7822265625,11577.7822265625,0
2020-09-14,11898.116520980695,11898.116520980695,11692.18780528727,11715.068359375,5888929
2020-09-15,11737.94950914891,11783.711548238287,11623.5439453125,11623.5439453125,6811029
2020-09-16,11646.426078004884,11646.426078004884,11509.139953109618,11532.0205078125,8282458
2020-09-17,11577.7822265625,11737.949833919878,11554.901672497712,11577.7822265625,8336278
2020-09-18,11669.305683151004,11829.473281941957,11623.543645243004,11806.591796875,8788420
2020-09-21,11898.116549224653,11966.75914387675,11715.068387184434,11783.7119140625,10581658
2020-09-22,11715.067721059002,11829.473281941957,11669.305683151004,11806.591796875,8842823
2020-09-23,11875.235326240538,12172.688106689646,11852.353841161268,12012.5205078125,13388467
2020-09-24,11989.640289355397,12035.402328564345,11829.473618237049,11898.1162109375,7473337
2020-09-25,11943.878584509963,11989.640625,11760.830422549818,11989.640625,9660247
2020-09-28,12081.16503587811,12561.666008031456,12081.16503587811,12424.3798828125,25063237
2020-09-29,12538.78385892157,12538.78385892157,12172.6884765625,12172.6884765625,12412361
2020-09-30,12172.68910414172,12241.331700552399,12012.521492140151,12149.8076171875,9939167
2020-10-01,12287.093108757344,12355.735701629063,12149.806990787965,12172.6884765625,11245906
2020-10-02,12401.497081408628,12538.783192076779,12035.401718519453,12332.8544921875,27622583
2020-10-05,12584.5458984375,12653.189423536214,12470.141266240904,12584.5458984375,12389248
2020-10-06,12630.307922702059,12653.189408449663,12447.259765625,12447.259765625,12326396
2020-10-07,12401.498369768484,12698.95210656413,12355.736328125,12355.736328125,17434387
2020-10-08,12447.26043756933,12538.784521048634,12264.213202836716,12424.3798828125,13588954
2020-10-09,12447.259809573248,12721.832046158286,12447.259809573248,12653.189453125,21097128
2020-10-12,13522.666011036315,13522.666011036315,13156.570636663524,13316.7373046875,35101991
2020-10-13,13270.975945171758,14186.215826257048,13156.571309620836,13980.287109375,22779828
2020-10-14,14048.929040421608,14117.5725642894,13728.595703125,13728.595703125,17394649
2020-10-15,13820.121069333665,13957.406265423968,13728.596983789454,13751.4775390625,21083652
2020-10-16,13957.405644109473,14392.144564979048,13820.120454130425,14254.859375,27027903
2020-10-19,14689.59796189069,14849.76463470872,14598.073882501545,14712.478515625,20127238
2020-10-20,14575.192093280986,14781.120801508909,14506.549501280322,14689.59765625,20783955
2020-10-21,14735.35973828897,14849.765308831957,14209.09765625,14209.09765625,19173451
2020-10-22,14186.215540076028,14643.8359375,14094.691460591233,14643.8359375,18181366
2020-10-23,14735.359734818887,14758.241221812492,14460.78841647756,14552.3125,13843864
2020-10-26,14598.074848101493,14598.074848101493,13957.40625,13957.40625,18575142
2020-10-27,13957.404984332534,14231.977215763338,13843.000354015996,14071.810546875,23421839
2020-10-28,13957.406285743855,14163.33594463114,13682.8349609375,13682.8349609375,16554946
2020-10-29,13591.309534636535,13820.119726260731,13316.7373046875,13316.7373046875,24424939
2020-10-30,13408.26269088285,13499.786776471417,12904.881152371745,13270.9765625,18981163
2020-11-02,13408.262083322346,13911.64453125,13362.50004260165,13911.64453125,10836798
2020-11-03,14026.048829361376,14048.929383058052,13774.3580775682,13820.1201171875,10341934
2020-11-04,13865.88277598758,14186.216135401213,13774.358692661974,14003.16796875,14920391
2020-11-05,13957.405612024037,14140.453774543268,13843.0009765625,13843.0009765625,12121404
2020-11-06,13865.882462990388,14026.049139081733,13820.120422360582,13843.0009765625,11227111
2020-11-09,14026.04884195632,14231.977554315114,14026.04884195632,14163.3349609375,16460325
2020-11-10,14277.74021872682,14392.144856770832,14003.16796875,14003.16796875,18161236
2020-11-11,14071.811822916845,14140.45442088614,13911.645139504477,13957.40625,12649290
2020-11-12,14003.167657726952,14300.621388041453,14003.167657726952,14186.2158203125,11701866
2020-11-13,14277.740231460863,14643.836565089805,14277.740231460863,14620.955078125,22346188
2020-11-16,14849.764976754557,14964.169612513182,14552.312178001355,14598.07421875,32906466
2020-11-17,14735.360353328819,14941.290016011108,14643.837198190731,14872.646484375,18163260
2020-11-18,14872.645215690993,15055.693374804643,14804.00262213635,14987.05078125,15225136
2020-11-19,14987.050463603722,15238.7412109375,14895.526385986723,15238.7412109375,28368915
2020-11-20,15261.622085733321,15307.384125505854,15078.574858869146,15192.9794921875,15098015
2020-11-23,15192.979478569543,15192.979478569543,14918.407240180459,15055.693359375,14886556
2020-11-24,15170.098008137698,15170.098008137698,14872.645215690993,14987.05078125,18457658
2020-11-25,15192.979155642683,15330.265271919206,15055.693039366159,15101.455078125,22353260
2020-11-26,15101.456059179745,15673.480182487485,15078.575504426874,15581.95703125,24245855
2020-11-27,15650.599627734611,15787.88668515582,15559.075544271136,15581.95703125,12983782
2020-11-30,15581.956377857508,15650.598971463754,15330.265625,15330.265625,22950860
2020-12-01,15101.4560338925,15559.07551821761,15055.693992237391,15513.3134765625,20262390
2020-12-02,15513.312513985504,15650.598630432443,15376.027329764496,15444.669921875,18059356
2020-12-03,15467.5517578125,15581.956391330481,15421.789717960117,15467.5517578125,13050805
2020-12-04,15559.075901117474,15970.933353923048,15513.313858336187,15879.4111328125,39549092
2020-12-07,16016.69632893035,16062.457439485623,15833.648157805199,15879.4111328125,15254507
2020-12-08,15879.410802408225,15902.291357209786,15696.362635091775,15787.88671875,17950090
2020-12-09,15787.88671875,15970.933021614463,15765.004299496453,15787.88671875,16998369
2020-12-10,15787.885340141622,15970.931627022364,15559.07421875,15559.07421875,21253829
2020-12-11,15742.123406550545,15925.17156993508,15536.19468885593,15902.291015625,16883743
2020-12-14,16153.98116663306,16291.268224156891,15970.932999569277,16199.744140625,22628175
2020-12-15,16199.745447455245,16199.745447455245,15856.529640410503,16016.697265625,22921572
2020-12-16,16062.45708310117,16245.505250164953,16062.45708310117,16199.744140625,16079190
2020-12-17,16199.741659818677,16292.57696937187,15828.4013671875,15828.4013671875,29887822
2020-12-18,15921.239178577815,16060.4912109375,15828.402914368551,16060.4912109375,11807815
2020-12-21,16083.697894157725,16455.039130026824,16014.07283080465,16176.533203125,16438860
2020-12-22,16292.577216170072,16431.831128190854,16130.11684036344,16153.3251953125,13415982
2020-12-23,16246.16156570169,16246.16156570169,15967.65561466166,16014.07421875,11992009
2020-12-24,16014.072965218635,16153.32498425677,14946.46690313404,15758.775390625,17330107
2020-12-25,15828.401329546145,16106.908203125,15457.061037798047,16106.908203125,16702490
2020-12-28,16246.160932552064,16338.996245947405,15874.819678970698,15921.23828125,13308010
2020-12-29,15921.238285983021,16037.281954970878,15828.40202697845,15851.611328125,10450511
2020-12-30,15944.4462890625,16222.95222317436,15851.61097769188,15944.4462890625,11641893
2020-12-31,15990.86264974738,16130.116559342061,15944.445940657939,16037.28125,9414494
2021-01-01,16037.28125,16037.28125,16037.28125,16037.28125,0
2021-01-04,16246.160712117337,16710.3372727959,16199.742110467861,16478.248046875,2929070
2021-01-05,16431.83203125,16687.1277320466,16338.996715188512,16431.83203125,1922299
2021-01-06,16710.33818007473,17569.0625,16571.084258728824,17569.0625,3216605
2021-01-07,17870.776010649846,18404.579533385633,17824.35929971452,18033.23828125,2227774
2021-01-08,18334.95258035244,18334.95258035244,17870.77601506814,17963.611328125,1748096
2021-01-11,18056.446641181858,18381.3711824625,17917.194617178196,17963.611328125,2276190
2021-01-12,17963.610700437996,18056.44601025099,17685.106662162198,17870.775390625,1909574
2021-01-13,17940.404296875,18311.745576512014,17870.77733415221,17940.404296875,1890738
2021-01-14,18102.863222601532,18265.323583944333,17870.774020284178,18172.48828125,1726318
2021-01-15,18334.951171875,18613.45708965096,18242.11586594968,18334.951171875,2361738
2021-01-18,18381.36989207369,18497.41355245758,17917.193359375,17917.193359375,1501301
2021-01-19,17870.777179058005,17917.19578419148,16663.919921875,16663.919921875,3017725
2021-01-20,16710.337268991316,16896.00789322047,15689.149781312599,16547.875,2332993
2021-01-21,16756.753765158883,17174.51171875,16478.247832377067,17174.51171875,1578879
2021-01-22,17151.305211032053,17777.94220890854,17035.261532665674,17453.01953125,2364116
2021-01-25,17313.764995636524,17429.808657248217,16942.4237655486,17081.67578125,1372698
2021-01-26,16942.425497720094,16965.633854182597,16014.07421875,16014.07421875,1728446
2021-01-27,15874.819236178158,16315.787435297025,15085.720039909545,15132.1376953125,1990950
2021-01-28,14273.412813334313,14807.215389817147,14087.7421875,14087.7421875,2773850
2021-01-29,13368.268951817765,15039.302688992688,13368.268951817765,14157.3681640625,3091340
2021-02-01,14760.797501043944,15132.137801286559,14621.54453385986,14853.6328125,2568941
2021-02-02,14760.797525509015,15781.984062054962,14714.379869704053,15735.56640625,1620266
2021-02-03,16014.07345350893,16362.204457300839,15781.984226484412,16199.7421875,2101779
2021-02-04,16153.32491220962,16269.368576084353,15898.027338754666,16106.908203125,1963602
2021-02-05,16222.952349517938,16617.501953125,16130.117037424323,16617.501953125,1772419
2021-02-08,16710.33717458778,16756.753884801223,15735.56640289161,15805.193359375,2679541
2021-02-09,15805.193359375,15805.193359375,15805.193359375,15805.193359375,0
2021-02-10,15805.193359375,15805.193359375,15805.193359375,15805.193359375,0
2021-02-11,15805.193359375,15805.193359375,15805.193359375,15805.193359375,0
2021-02-12,15805.193359375,15805.193359375,15805.193359375,15805.193359375,0
2021-02-15,15805.193359375,15805.193359375,15805.193359375,15805.193359375,0
2021-02-16,15805.193359375,15805.193359375,15805.193359375,15805.193359375,0
2021-02-17,16896.00705736918,17081.67578125,16640.709488892946,17081.67578125,2064398
2021-02-18,17035.25907307058,17197.721334024835,16849.588458026617,17081.67578125,2092747
2021-02-19,16849.589076086155,17406.600941649787,16756.753765158883,17174.51171875,2535461
2021-02-22,17174.51171875,17661.896628327377,17081.676407822728,17174.51171875,2367599
2021-02-23,17220.929056363308,17453.01637107255,17174.510458723616,17197.720703125,1741254
2021-02-24,17197.720703125,17197.720703125,17197.720703125,17197.720703125,0
2021-02-25,17545.852956659866,17592.271557689764,17197.721959170067,17313.765625,1771084
2021-02-26,17058.46935315927,17336.975307170134,16942.425678445583,17290.55859375,1846327
2021-03-01,17545.851567845933,17731.522174942646,17453.016264297574,17685.10546875,2910817
2021-03-02,17870.776800384407,17917.19540453429,17638.689453125,17638.689453125,1527084
2021-03-03,17824.35805283526,18010.02866591474,17777.939453983832,17917.193359375,2727311
2021-03-04,18102.865960401894,18102.865960401894,17406.602030475922,17777.94140625,2151885
2021-03-05,17685.108057274883,17847.568443891134,17406.602105865593,17638.689453125,2118634
2021-03-08,17824.358815067655,17917.194125577356,17429.80921819222,17592.271484375,1580131
2021-03-09,17592.272201867454,17592.272201867454,17220.930944683667,17267.34765625,2109769
2021-03-10,17290.556578555905,17545.852254938934,17197.72127137213,17429.80859375,1557936
2021-03-11,17615.47977259253,17847.56710240747,17545.852817182775,17731.5234375,1593565
2021-03-12,17801.151096404865,17870.776163402985,17615.48046875,17615.48046875,1459685
2021-03-15,17638.689453125,17731.52477026143,17522.645779495295,17638.689453125,1410580
2021-03-16,17708.314515247068,17731.522869252156,17476.225301706774,17499.435546875,1473056
2021-03-17,17522.646129615987,18381.372357495376,17453.019167581613,18358.162109375,4940901
2021-03-18,19124.05155222984,19240.09521928241,18659.87499285633,18799.12890625,3347419
2021-03-19,18729.50132191156,18984.79889380256,18706.292967511425,18775.919921875,1728717
2021-03-22,19008.00780920645,19379.349055221086,18799.12883111402,19077.634765625,4314305
2021-03-23,19124.05155222984,19147.259907407708,18659.87499285633,18799.12890625,3055983
2021-03-24,18567.039908267405,18775.920780914894,18056.446632287807,18102.865234375,3809178
2021-03-25,18334.951865386796,18636.666148265525,18056.445937076467,18288.53515625,3061031
2021-03-26,18242.11789124942,18474.207127411584,17545.85396508957,18126.07421875,3390266
2021-03-29,18381.37033609859,18590.24930806795,18242.116427343568,18567.0390625,2417643
2021-03-30,18706.294225578036,18938.38156751445,18497.4152396026,18752.7109375,2326442
2021-03-31,18752.709678804273,18961.588650759593,18567.03906125217,18636.666015625,2470169
2021-04-01,18706.292840988102,19193.67773591028,18706.292840988102,19054.423828125,3899961
2021-04-02,19263.306017660125,19286.514373503083,19031.216785740675,19170.470703125,2544681
2021-04-05,19495.392578125,19634.644598772564,19263.305246657994,19495.392578125,3382672
2021-04-06,19472.185374667974,20214.866013977575,19309.723098336188,19959.5703125,4698965
2021-04-07,19959.5703125,20330.90968657314,19866.734996190884,19959.5703125,2534647
2021-04-08,19959.56905845266,20098.821078585555,19773.8984375,19773.8984375,2430639
2021-04-09,19727.48046875,19820.315782200778,19634.64515529922,19727.48046875,3056129
2021-04-12,19773.900292444992,20098.82296401081,19704.273330265394,20052.40625,2816780
2021-04-13,20191.657114855738,20191.657114855738,19495.39320683749,19518.6015625,3154359
2021-04-14,19448.973842048552,19959.568993590707,19263.305112862454,19843.5234375,2985121
2021-04-15,19913.15116830661,19959.569770782993,19495.3932018355,19588.228515625,2907542
2021-04-16,19681.063199763892,20052.404443041672,18938.380713208328,19495.392578125,4472779
2021-04-19,19588.228444155462,19727.48046875,19170.470479208583,19727.48046875,3344290
2021-04-20,19797.106865497397,20029.194196964403,19263.305246657994,19495.392578125,4848219
2021-04-21,19495.392578125,19495.392578125,19495.392578125,19495.392578125,0
2021-04-22,19379.347216276336,19472.18251897067,18172.48828125,18172.48828125,4470005
2021-04-23,18311.74451646594,19216.88741481092,18102.865531552736,19170.470703125,3662761
2021-04-26,19170.471614071943,19170.471614071943,18404.58070555422,18427.7890625,2645414
2021-04-27,18358.15952645354,18613.457090551296,18242.115866832053,18404.578125,1493958
2021-04-28,18381.371027915193,18775.92063229873,18358.16078147368,18450.99609375,1665991
2021-04-29,18567.0396132312,18961.589214468182,18450.99594660207,18938.380859375,2961173
2021-04-30,18938.380859375,18938.380859375,18938.380859375,18938.380859375,0
2021-05-03,18938.380859375,18938.380859375,18938.380859375,18938.380859375,0
2021-05-04,18590.250815313037,19959.5703125,18590.250815313037,19959.5703125,5301321
2021-05-05,20238.07492578086,20609.416201210304,20122.03125,20122.03125,4623827
2021-05-06,19959.56899128857,20284.491631280758,19820.31508046106,19913.150390625,4156832
2021-05-07,19750.689882482908,20377.326803474276,19634.644327191305,20330.908203125,5337639
2021-05-10,20887.921252333137,20934.339855331353,20655.83391083194,20795.0859375,5253781
2021-05-11,20771.87569033753,20841.502642913787,20516.578125,20516.578125,3278748
2021-05-12,20377.32666839668,20887.919921875,20354.118313957475,20887.919921875,4089162
2021-05-13,20748.66958987394,21885.899852587972,20725.45934238577,21584.185546875,7096604
2021-05-14,21816.271484375,22025.15235130691,21653.81110942334,21816.271484375,3559274
2021-05-17,21839.4824313828,22094.778125,21537.76813545858,21700.228515625,3551493
2021-05-18,21653.811179091394,21793.063199664153,21444.932202650645,21607.392578125,3682557
2021-05-19,21723.437313240414,22396.49092690666,21584.183406771914,22280.447265625,3644425
2021-05-20,22582.16141748025,22698.205078125,22303.655497234966,22698.205078125,2932199
2021-05-21,22698.206480279645,22883.87710524608,22373.283832170007,22396.4921875,3306950
2021-05-24,22651.79060050161,23951.48313177695,22558.955284613134,23765.8125,6363351
2021-05-25,23905.0651531922,24137.15248503835,23719.39453125,23719.39453125,2268702
2021-05-26,23765.810545164833,24044.316469922007,23580.13992866005,23905.064453125,2891230
2021-05-27,23951.48200832481,23997.900609673423,23208.801407215997,23301.63671875,4112943
2021-05-28,23487.306552334572,23812.231103525894,23255.21920819504,23765.8125,3527170
2021-05-31,23765.811572798993,24647.74609375,23672.976260532403,24647.74609375,3684560
2021-06-01,24833.418139781068,25019.088774942287,24369.24155187802,24415.66015625,2237516
2021-06-02,24044.317033322313,24554.91029509298,23951.48172289463,24137.15234375,3094657
2021-06-03,24601.328062526245,25158.338015060617,24137.151526111655,24879.833984375,3646073
2021-06-04,24926.25188424905,25483.263754579308,24879.83517396981,25065.50390625,2707640
2021-06-07,24926.25153680372,24972.67013759916,23672.975791611574,24137.15234375,37120121
2021-06-08,24137.15234375,24137.15234375,24137.15234375,24137.15234375,0
2021-06-09,22976.714030012496,23672.97797691206,22512.53932618837,23440.890625,31051711
2021-06-10,23440.889462594547,23626.560091382365,22976.712890625,22976.712890625,24107594
2021-06-11,23208.800999404797,24554.91015625,23023.13037959928,24554.91015625,37456177
2021-06-14,24740.581484621176,25065.504133004957,24137.152898552766,24369.240234375,29425667
2021-06-15,24369.24100545972,24601.330239788906,24044.318346794826,24183.572265625,33773536
2021-06-16,23951.483933904565,23951.483933904565,23440.890625,23440.890625,44600134
2021-06-17,22976.714030012496,23672.97797691206,22930.29731609543,23440.890625,36360605
2021-06-18,23858.647815888475,24369.241107693433,23672.97718411152,23765.8125,27571621
2021-06-21,23533.72335191966,23905.06458700898,23208.80071679809,23348.052734375,23504737
2021-06-22,23533.724449512465,24322.823665298594,23255.218510206196,24090.736328125,45705719
2021-06-23,24229.986895529117,24833.415448833926,24090.734879829215,24462.07421875,35266702
2021-06-24,25065.504045549667,25390.42858396301,24647.74608606193,24787.0,51304986
2021-06-25,24694.163992997794,24972.669921875,24322.822754494853,24972.669921875,29826598
2021-06-28,25297.594384993172,25436.84641389605,24972.671723444244,25251.17578125,29015349
2021-06-29,25251.17523079156,25390.429147822117,24833.41726202644,25019.087890625,38895733
2021-06-30,25065.50277205481,25297.591986438834,24369.23891122902,24462.07421875,65429773
2021-07-01,24462.074281683155,24740.580204962607,24090.73494180703,24322.822265625,60997420
2021-07-02,24462.07421875,24694.163433134025,24322.8222030501,24462.07421875,34522205
2021-07-05,24462.07421875,24462.07421875,24462.07421875,24462.07421875,0
2021-07-06,24462.07421875,24462.07421875,24462.07421875,24462.07421875,0
2021-07-07,24462.07421875,24462.07421875,24462.07421875,24462.07421875,0
2021-07-08,24462.07421875,24462.07421875,24462.07421875,24462.07421875,0
2021-07-09,22885.99008202243,23245.454835381566,22167.058684140862,22526.5234375,29573222
2021-07-12,22526.5234375,22526.5234375,22526.5234375,22526.5234375,0
2021-07-13,21268.392363985786,21537.992811872795,20249.906405922764,20729.193359375,19016101
2021-07-14,20729.193359375,20729.193359375,20729.193359375,20729.193359375,0
2021-07-15,20249.906511129866,21238.4383399127,20130.08429935347,20968.837890625,24420967
2021-07-16,20968.837890625,20968.837890625,20968.837890625,20968.837890625,0
2021-07-19,20070.174529161566,20339.773092526357,19321.287109375,19321.287109375,33498950
2021-07-20,19351.241428417117,19950.35055492429,18961.818794140654,19920.39453125,32380061
2021-07-21,20040.218660226034,20279.86309031892,19590.885826592697,19680.75390625,16072210
2021-07-22,19680.753064256947,20339.772382072908,19620.84101371527,20070.173828125,21501803
2021-07-23,19860.487204849254,20189.997838726846,19471.06640625,19471.06640625,26282981
2021-07-26,19291.33108828702,19471.065355075545,19051.68855117445,19261.376953125,16405792
2021-07-27,19471.06640625,19980.30942545596,19411.15435036496,19471.06640625,25691778
2021-07-28,19471.064504604707,19830.529240154243,19471.064504604707,19710.70703125,11555441
2021-07-29,19950.35172764272,20459.594704224368,19890.441567935613,20309.818359375,27512417
2021-07-30,20369.728624480165,20789.10541808951,20339.772598890006,20609.373046875,33583315
2021-08-02,20249.907198626934,20489.551630315804,20160.041009534434,20219.951171875,40574310
2021-08-03,20219.950276226275,20429.638671875,19920.395695465697,20429.638671875,36012935
2021-08-04,20429.638671875,20429.638671875,20429.638671875,20429.638671875,0
2021-08-05,20309.818410512922,20489.55078125,20130.08414861262,20489.55078125,21584067
2021-08-06,20579.415954988985,20908.926545917908,20429.63772596197,20459.59375,30613726
2021-08-09,20429.637845654473,20729.19241430039,20339.771664177013,20699.23828125,25049019
2021-08-10,20699.23828125,20699.23828125,20699.23828125,20699.23828125,0
2021-08-11,20759.151306765696,21028.751779611397,20549.462890625,20549.462890625,27967375
2021-08-12,20669.283206892094,20819.061443679675,20549.460995694677,20609.373046875,21200707
2021-08-13,20609.37494733,20729.195278413197,20189.998115048606,20549.462890625,19735791
2021-08-16,20549.461151574636,21238.438398395283,20429.638939468296,21028.75,35010735
2021-08-17,21028.75,21028.75,21028.75,21028.75,0
2021-08-18,20789.10541430058,20849.01557430675,20549.46099194942,20669.283203125,18012770
2021-08-19,20579.418918977502,20669.2851128716,20459.5966967309,20549.462890625,18379645
2021-08-20,20549.462591611224,20819.063060533987,19171.509892570928,19590.88671875,37870423
2021-08-23,19590.88671875,20040.219572845686,19560.932581996767,19590.88671875,31832495
2021-08-24,19710.7060230407,19890.440272785196,19560.9296879439,19620.83984375,18066589
2021-08-25,19590.885678050192,19650.797730700793,18991.776498523854,19261.376953125,29425664
2021-08-26,19351.241892795515,19590.884414451306,18632.31054550184,18692.220703125,34097102
2021-08-27,18392.66706528109,18692.221650912074,18033.20042782596,18662.265625,32144258
2021-08-30,18812.04319602737,19351.2421875,18752.131146328644,19351.2421875,21396427
2021-08-31,19471.066276880352,19501.020413460472,19051.689453125,19051.689453125,19783469
2021-09-01,19051.688494892518,19351.243083770754,18931.86628110857,19201.46484375,24718508
2021-09-02,19201.46484375,19201.46484375,19201.46484375,19201.46484375,0
2021-09-03,19201.46484375,19201.46484375,19201.46484375,19201.46484375,0
2021-09-06,19201.46484375,19351.243083770754,19051.688494892518,19201.46484375,18671368
2021-09-07,19261.377049365095,19740.664017148287,19261.377049365095,19560.931640625,17483306
2021-09-08,19560.931640625,19560.931640625,19560.931640625,19560.931640625,0
2021-09-09,19261.376001847184,19411.15234375,19231.419977001347,19411.15234375,12358850
2021-09-10,19471.064395734273,19590.88471280536,19351.2421875,19351.2421875,10752841
2021-09-13,19321.28502738773,19381.195182403124,19051.686493073837,19081.640625,13670388
2021-09-14,19111.59747997657,19201.46366199289,18692.220703125,18692.220703125,14540384
2021-09-15,18572.39943842703,18871.954024058014,18572.39943842703,18662.265625,11520855
2021-09-16,18871.95412544424,19201.464738757535,18812.04396446149,18961.8203125,10299338
2021-09-17,19021.733425381513,19261.377865002676,18991.777397638023,19051.689453125,11043917
2021-09-20,19351.241050476965,19351.241050476965,19081.640625,19081.640625,14127286
2021-09-21,19081.640625,19081.640625,19081.640625,19081.640625,0
2021-09-22,19081.640625,19081.640625,19081.640625,19081.640625,0
2021-09-23,18871.95513215801,19111.599571199244,18812.044967979386,18931.8671875,13211390
2021-09-24,18991.775390625,19111.59759777301,18991.775390625,18991.775390625,1025877164
2021-09-27,19051.687261609743,19111.597419041886,18572.3984375,18572.3984375,12539055
2021-09-28,18452.577173059573,18602.35541102745,18392.66701257037,18542.443359375,10870338
2021-09-29,18542.444282718774,18572.400310036694,18182.979519557077,18212.935546875,16616866
2021-09-30,18212.935546875,18482.53411924627,18212.935546875,18212.935546875,10855954
2021-10-01,18212.93437534368,18302.80056035354,17793.557584522194,17823.51171875,19546212
2021-10-04,17733.644275463954,17793.556321994995,17194.4453125,17194.4453125,3261780282
2021-10-05,17374.181731534856,17703.69046396969,17374.181731534856,17673.736328125,14080739
2021-10-06,17673.736328125,17673.736328125,17673.736328125,17673.736328125,0
2021-10-07,17613.82523122236,17763.603483237857,17523.959036478434,17583.87109375,12797645
2021-10-08,17583.87109375,17583.87109375,17583.87109375,17583.87109375,0
2021-10-11,17583.87109375,17583.87109375,17583.87109375,17583.87109375,0
2021-10-12,18662.26455895498,18871.95294603496,18422.62203883725,18452.576171875,17480397
2021-10-13,18452.578132353752,18752.1327326992,18392.66796875,18392.66796875,11334669
2021-10-14,18392.66796875,18392.66796875,18392.66796875,18392.66796875,0
2021-10-15,18392.66696324589,18542.443309648857,18272.84475142557,18362.7109375,13326786
2021-10-18,18362.7109375,18362.7109375,18362.7109375,18362.7109375,0
2021-10-19,18212.933532384108,18302.79971323464,18093.111327529023,18153.021484375,11185495
2021-10-20,18212.935450574576,18212.935450574576,17703.69055351589,17973.291015625,14972392
2021-10-21,18003.245979932937,18033.200114160743,17823.51171875,17823.51171875,11907286
2021-10-22,17853.4677475269,17913.377907157097,17763.6015625,17763.6015625,6907276
2021-10-25,17763.6015625,17763.6015625,17763.6015625,17763.6015625,0
2021-10-26,17763.6015625,17763.6015625,17763.6015625,17763.6015625,0
2021-10-27,17763.6015625,17763.6015625,17763.6015625,17763.6015625,0
2021-10-28,18782.088840011027,18812.044867522058,18572.40042976054,18752.1328125,23267168
2021-10-29,18871.953125,19021.7313562617,18722.176784901465,18871.953125,21038603
2021-11-01,18871.953125,18871.953125,18871.953125,18871.953125,0
2021-11-02,19291.330192230318,19411.15240080266,19201.46400859186,19530.974609375,19106123
2021-11-03,19471.064563046875,19920.39548383246,19381.196487726556,19770.619140625,3358541630
2021-11-04,19890.441235092025,19890.441235092025,19501.018584441117,19530.974609375,18380615
2021-11-05,19620.842746666614,19650.79877458323,19291.332113074004,19590.88671875,16955943
2021-11-08,19590.88482495829,19740.66305889937,19171.508039319106,19650.796875,18131722
2021-11-09,19740.6640625,19980.308492523793,19620.841847488104,19740.6640625,25199809
2021-11-10,19770.62101218507,19830.531176906734,19471.06640625,19471.06640625,13758471
2021-11-11,19411.1532502127,19471.06530270215,18871.954233624027,19141.5546875,22658996
2021-11-12,19021.73353531462,19590.88671875,18931.867342728157,19590.88671875,17571065
2021-11-15,19770.62101218507,19860.487204849254,19321.288157700776,19471.06640625,15440118
2021-11-16,19351.242185221512,19620.84073534449,19291.33013552984,19411.15234375,14288581
2021-11-17,19441.109323480443,19471.065349797624,19261.37694790392,19321.287109375,10866621
2021-11-18,19321.28711461232,19471.065355075545,19111.598712661777,19261.376953125,16053300
2021-11-19,19291.33024823933,19890.44129284045,19261.37611438167,19650.796875,35042412
2021-11-22,19800.573590474476,20878.971599891454,19770.619456053002,20669.283203125,45016087
2021-11-23,20639.327067523725,20639.327067523725,20189.99614196447,20429.638671875,15926429
2021-11-24,20489.551038729114,21208.482421875,20399.684852231287,21208.482421875,41175371
2021-11-25,21448.12775770831,21448.12775770831,20998.794914969363,21058.705078125,23031528
2021-11-26,21088.661945152995,21238.440195752097,20429.6406683784,20549.462890625,24572242
2021-11-29,20100.13099944941,20789.10638181967,20100.13099944941,20519.5078125,22244766
2021-11-30,20968.83861523783,21028.750668778008,19950.352616687862,20100.130859375,17887677
2021-12-01,20100.12996024396,20369.728515625,19920.395698826713,20369.728515625,14679376
2021-12-02,20609.372880693736,20819.06127580761,20249.90625,20249.90625,12697118
2021-12-03,20489.55050504514,20489.55050504514,19770.619140625,19770.619140625,15884085
2021-12-06,19770.618911738544,19980.307302731966,18931.86534776485,19231.419921875,20769992
2021-12-07,19471.066389410305,19710.708939253076,19381.198305660462,19590.88671875,10213679
2021-12-08,19740.663115518226,19920.39548383246,19590.884881147565,19770.619140625,10335055
2021-12-09,19770.6202264125,20219.951171875,19710.708172908628,20219.951171875,9605668
2021-12-10,20249.907210898833,20489.551642732935,20070.174832604913,20100.130859375,9544576
2021-12-13,20309.818247965282,20429.638566722213,20070.173828125,20070.173828125,13117974
2021-12-14,20254.30388480693,20284.990841405706,19855.354074721043,19886.04296875,11768778
2021-12-15,19886.043261637646,20070.172753662937,19763.28962114405,19793.978515625,8727269
2021-12-16,19916.73297925072,20070.173583136555,19763.290437934593,19947.421875,10789528
2021-12-17,19947.420997078127,20377.05776893784,19824.667356913895,20223.615234375,12989649
2021-12-20,20192.926663598297,20254.304453379187,19886.043526984555,19916.732421875,7950851
2021-12-21,19886.044404471282,20070.173907078337,19640.537109375,19640.537109375,11088200
2021-12-22,19793.9796933928,19793.9796933928,19364.342894816364,19425.71875,15098940
2021-12-23,19456.405938655702,19763.2890625,19057.45807140113,19763.2890625,14443089
2021-12-24,19609.84842839105,20254.30356834893,19548.470641292122,20192.92578125,10728759
2021-12-27,20254.305191100124,20530.49944288322,20162.240440505757,20499.810546875,13102297
2021-12-28,20561.18802306588,21021.513706397287,20499.81023199221,20806.6953125,21959993
2021-12-29,20868.070021494677,21144.26425388564,20806.694171217856,20960.134765625,16527167
2021-12-30,20929.44589471247,21113.577320605105,20745.31640625,20745.31640625,10164709
2021-12-31,20868.071166143392,21420.461598655027,20806.6953125,20806.6953125,21429559
2022-01-03,20806.6953125,20806.6953125,20806.6953125,20806.6953125,0
2022-01-04,21144.265051736238,21451.14818956052,20990.824451539214,21328.396484375,19444877
2022-01-05,21481.83708457202,21604.590727187784,21297.707589363497,21328.396484375,16879174
2022-01-06,21174.953443023944,21205.6423373054,20776.005567085835,20868.0703125,18996384
2022-01-07,20868.07123685169,21144.26548532821,20315.680802468363,20377.05859375,20060807
2022-01-10,20438.43359375,20653.251979400753,20284.99105938652,20438.43359375,13424727
2022-01-11,20561.187827661026,20683.941471211485,20100.86214870436,20254.3046875,11412570
2022-01-12,20254.30376900576,20990.823659478494,19793.978110923992,20960.134765625,20657828
2022-01-13,21113.578594813214,22218.357529691788,20960.136053547427,21573.90234375,56764017
2022-01-14,21481.83702366507,21972.85159273595,21236.329739129626,21758.033203125,14963503
2022-01-17,21850.09883229037,22555.929882027765,21052.201094063894,21481.837890625,44438461
2022-01-18,21297.707324584688,21880.78469797278,20990.82419057566,21205.642578125,24355026
2022-01-19,21420.460447185942,21573.901041761274,20714.627512362866,20745.31640625,15744608
2022-01-20,20561.187641660188,21758.03323366245,20315.680356780176,21543.21484375,22262382
2022-01-21,21543.213971885383,22402.48749675996,21359.082546962145,21819.408203125,24929097
2022-01-24,21788.72040786208,22371.799730892566,21696.655659474167,21880.78515625,28243582
2022-01-25,21850.097551015024,22709.37109375,21850.097551015024,22709.37109375,30467137
2022-01-26,23016.255561494265,23445.892357807897,22740.059371046755,23108.3203125,35525976
2022-01-27,22801.436680673338,23108.319823339738,22525.240496072387,22647.994140625,18974727
2022-01-28,22586.61828706383,22954.877283291404,22525.240496072387,22647.994140625,14105629
2022-01-31,22647.994140625,22647.994140625,22647.994140625,22647.994140625,0
2022-02-01,22647.994140625,22647.994140625,22647.994140625,22647.994140625,0
2022-02-02,22647.994140625,22647.994140625,22647.994140625,22647.994140625,0
2022-02-03,22647.994140625,22647.994140625,22647.994140625,22647.994140625,0
2022-02-04,22647.994140625,22647.994140625,22647.994140625,22647.994140625,0
2022-02-07,22954.87649057895,22954.87649057895,22279.734375,22279.734375,24054092
2022-02-08,22218.35684987885,22709.37141696161,22126.29210290839,22402.48828125,14702650
2022-02-09,22402.48856054851,22770.747553021552,22310.421875,22310.421875,14872026
2022-02-10,22341.11129107209,22647.994437764777,22156.98179054254,22555.9296875,14528909
2022-02-11,22617.306081501723,22893.50031522669,22586.6171875,22586.6171875,16819860
2022-02-14,22310.422043325485,22402.488729568613,21236.330078125,21236.330078125,24434058
2022-02-15,21236.330078125,21236.330078125,21236.330078125,21236.330078125,0
2022-02-16,21665.96743237791,21727.345224816243,21205.643676241983,21267.01953125,12700674
2022-02-17,21328.396191161406,21573.901535587585,21267.0184019822,21420.4609375,9609224
2022-02-18,21267.018973539376,21451.148471165096,21205.64312014089,21236.330078125,13420525
2022-02-21,21236.32983036485,21389.77236821628,20745.31719661472,21113.578125,19424351
2022-02-22,20868.071082873557,21297.707868953752,20714.628543231946,21236.330078125,14551859
2022-02-23,21420.460378163247,21573.90097224415,21297.706740440422,21389.771484375,10875348
2022-02-24,21236.329592921928,21297.70738234833,20315.68018839785,20776.005859375,26629977
2022-02-25,20929.44645808057,21052.200099503156,20683.941112665612,20776.005859375,16505995
2022-02-28,20776.00591810342,20776.00591810342,20346.369140625,20346.369140625,20559564
2022-03-01,20438.43359375,20622.563085042017,20346.368848103994,20438.43359375,12504953
2022-03-02,20377.05899466385,20407.745953478145,19579.161254316088,19640.537109375,33008112
2022-03-03,19701.913742897235,20008.796875,19671.224848457896,20008.796875,10573444
2022-03-04,20039.485477570448,20223.614966664278,19886.042945038807,20100.861328125,9590153
2022-03-07,19701.914619819712,19947.421911401416,19701.914619819712,19732.603515625,16002552
2022-03-08,19640.535715308655,19916.731887045415,19609.848758672488,19671.224609375,11596169
2022-03-09,19701.91490186423,19855.35550822667,19456.407606767945,19640.537109375,9265137
2022-03-10,19947.421347136893,20070.1730520251,19701.9140625,19701.9140625,6158495
2022-03-11,19701.913769612354,19886.043261637646,19671.224875131404,19793.978515625,6033240
2022-03-14,19824.6674375774,19886.043289194142,19517.784304633256,19579.16015625,8052509
2022-03-15,19609.849609375,19793.97910690051,19548.471818579652,19609.849609375,5952431
2022-03-16,19793.979653167757,19855.35550822667,19640.537109375,19640.537109375,7012652
2022-03-17,19824.668471424822,20223.616371314136,19763.290679177044,20070.173828125,13496648
2022-03-18,20192.9266335092,20377.058065147263,20131.55078125,20131.55078125,6827113
2022-03-21,20131.55133868053,20223.61608833366,19978.10879763845,20162.240234375,5571494
2022-03-22,20131.551043949537,20407.745288865386,20131.551043949537,20254.3046875,9844703
2022-03-23,20254.304984028135,20530.499232987535,20162.240234375,20162.240234375,6498218
2022-03-24,20131.54995235048,20192.925802082584,19978.107421875,19978.107421875,7256858
2022-03-25,19947.4204867507,20070.172186344298,19701.913212703203,19763.2890625,8978263
2022-03-28,19763.29051085929,19978.10890703635,19517.78515625,19517.78515625,10312429
2022-03-29,19640.537109375,19701.91490186423,19579.161254316088,19640.537109375,4820935
2022-03-30,19579.159864606143,19978.107737747927,19548.470970539795,19671.224609375,8142692
2022-03-31,19701.914032502355,20008.7971691161,19701.914032502355,19916.732421875,7747695
2022-04-01,19947.422080501346,20346.369979630887,19916.733184435903,20284.9921875,13996213
2022-04-04,20499.81033729306,20499.81033729306,20162.240234375,20162.240234375,10785649
2022-04-05,19947.422157300796,20131.55165954176,19855.35546875,19855.35546875,9818521
2022-04-06,19701.913742897235,20039.485769439336,19701.913742897235,20008.796875,9333179
2022-04-07,20070.17216518823,20254.303589244835,19855.353784980645,19978.107421875,9826925
2022-04-08,19947.42078111176,19978.107737747927,19671.224609375,19671.224609375,8616721
2022-04-11,19671.224609375,19671.224609375,19671.224609375,19671.224609375,0
2022-04-12,19732.602472891358,19763.289429644756,19026.76953125,19026.76953125,9196126
2022-04-13,19149.52285652833,19425.717087360837,19149.52285652833,19333.65234375,6767637
2022-04-14,19333.652930307922,19579.160212338626,19118.83454288861,19149.5234375,4734146
2022-04-15,19302.9657040419,19302.9657040419,18965.393680313016,19026.76953125,8200390
2022-04-18,18965.393221370967,18965.393221370967,17921.98828125,17921.98828125,13582144
2022-04-19,18106.12059644616,18351.625943777904,17645.794921875,17645.794921875,7494438
2022-04-20,17645.794362730365,17983.366384223842,17523.040724239083,17615.10546875,6883841
2022-04-21,17553.73098514949,18106.12143266047,17430.977337099237,17799.23828125,8577125
2022-04-22,18075.4310814,18167.49582566982,17737.85906079053,18044.7421875,5794367
2022-04-25,18014.05597965682,18014.05597965682,16786.521484375,16786.521484375,10158729
2022-04-26,16571.702516934678,17032.028178842083,15651.052161834952,16970.650390625,9660942
2022-04-27,16970.651720125305,17369.6015625,16878.586968017404,17369.6015625,5464018
2022-04-28,17369.600445327815,17461.66519151433,17154.78205841588,17308.22265625,3349232
2022-04-29,17093.405151690797,17400.288300630393,17032.029296875,17032.029296875,9611810
2022-05-02,17032.029296875,17032.029296875,17032.029296875,17032.029296875,0
2022-05-03,17032.029296875,17032.029296875,17032.029296875,17032.029296875,0
2022-05-04,17032.028803798134,17185.469405110674,16510.327271961036,16571.703125,7442074
2022-05-05,16817.210606397563,17124.09375,16571.703316543502,17124.09375,7441912
2022-05-06,16755.83262154715,17124.09355207171,16571.703125,16571.703125,3774775
2022-05-09,16387.573661005514,16448.949514166397,15436.234375,15436.234375,8780441
2022-05-10,14730.402946420263,15528.299671776871,14730.402946420263,15466.9228515625,10496190
2022-05-11,15558.988548295934,16510.327866679898,15466.923796706093,16387.57421875,9159115
2022-05-12,15988.625110904368,16326.196184647026,15252.10517164656,15344.169921875,10296428
2022-05-13,15344.169463206565,15436.234210683002,14423.519082296845,14669.0263671875,12985124
2022-05-16,15344.169827068954,15558.988222084792,15037.286682393513,15067.974609375,8442011
2022-05-17,14975.909183221731,16111.3779296875,14975.909183221731,16111.3779296875,9550395
2022-05-18,16295.50835568335,16725.145125418356,16142.065821879338,16326.1953125,10386450
2022-05-19,15957.936655536689,16203.44297092482,15835.183013485064,16019.3134765625,6901296
2022-05-20,16019.313210323977,16234.131595986513,15865.870675952081,15896.5595703125,8164673
2022-05-23,15927.248287847025,16080.689861132807,15344.169921875,15344.169921875,6802224
2022-05-24,15344.169286975239,15957.9365234375,15344.169286975239,15957.9365234375,7190594
2022-05-25,15957.935781609163,16571.702020824483,15957.935781609163,16510.326171875,7276091
2022-05-26,16725.146266199637,16725.146266199637,16295.509467160158,16387.57421875,6110171
2022-05-27,16571.703125,16725.145663742795,16387.573628452847,16571.703125,6350337
2022-05-30,16602.391435343074,16817.20981955692,16571.70254118961,16755.83203125,4555072
2022-05-31,16602.39221213283,17154.782645589326,16571.703316543502,17124.09375,9790076
2022-06-01,16909.2756498131,17185.469902629644,16878.586753690044,17032.029296875,6686504
2022-06-02,17032.029296875,17032.029296875,17032.029296875,17032.029296875,0
2022-06-03,16817.2109375,16939.96458484384,16479.638891662013,16817.2109375,3587135
2022-06-06,16817.210676690116,17032.029071852747,16694.45703125,16694.45703125,6070574
2022-06-07,16694.45729015616,16817.2109375,16264.82049316787,16817.2109375,4669983
2022-06-08,16817.2103479048,17246.847129830436,16755.832557669568,17001.33984375,8619792
2022-06-09,17124.093486790218,17124.093486790218,16878.586200709782,17001.33984375,4161206
2022-06-10,16878.585415351863,16939.963202731196,16633.080078125,16633.080078125,5004373
2022-06-13,16264.82015499995,16326.196008680625,15497.611328125,15497.611328125,11162383
2022-06-14,15344.169756493038,15804.495440104063,15160.040258020737,15497.611328125,4633134
2022-06-15,15344.169266272012,15589.676548011708,14761.090925212897,15037.2861328125,5180538
2022-06-16,15221.415891856715,15466.923177894076,15037.286396043819,15160.0400390625,3582610
2022-06-17,14730.403219540623,14822.467967211625,14147.32486976575,14454.2080078125,5093910
2022-06-20,14362.142524157873,14638.337740361605,13871.1298828125,13871.1298828125,7650886
2022-06-21,13809.753154464068,14454.208340420997,13809.753154464068,14147.3251953125,7415730
2022-06-22,14331.453943305207,14730.40278599624,14331.453943305207,14484.8955078125,4480889
2022-06-23,14423.519357986124,15497.611328125,14423.519357986124,15497.611328125,7546156
2022-06-24,15497.61066928,15651.05223438875,15160.03961352679,15190.7275390625,4759682
2022-06-27,15190.728151358879,15743.118582987792,15160.040224586222,15712.4296875,6299588
2022-06-28,15651.053299885776,16786.522121449423,15313.482221151302,16387.57421875,14291975
2022-06-29,16295.509172030108,16571.703421797447,16295.509172030108,16479.638671875,6091585
2022-06-30,16448.948849564847,16541.013594301527,16019.313051221969,16050.0009765625,4843400
2022-07-01,16080.688977317688,16571.702566074546,15681.74110244437,16541.013671875,5712265
2022-07-04,16663.767336924673,16663.767336924673,16326.1953125,16326.1953125,6479632
2022-07-05,16295.508880179272,16878.586265055335,16295.508880179272,16571.703125,7975740
2022-07-06,16111.378380237928,16510.327236423247,15835.183167296573,15865.87109375,6806426
2022-07-07,15896.560086963,16448.949547537533,15835.183264962467,16142.06640625,5387572
2022-07-08,16264.819521631833,16356.88426728289,15804.494824661442,15896.5595703125,4291471
2022-07-11,15865.871126132826,15865.871126132826,15620.364807858936,15651.052734375,3931061
2022-07-12,15651.052734375,15651.052734375,15651.052734375,15651.052734375,0
2022-07-13,15804.4951864904,16541.01413727587,15804.4951864904,16295.5087890625,6252880
2022-07-14,16264.819984944663,16694.456768508186,16142.066341436477,16571.703125,8504881
2022-07-15,16694.456768508186,16878.586265055335,16571.703125,16571.703125,11352609
2022-07-18,16633.07980720409,16694.455656153572,16510.326171875,16510.326171875,5618687
2022-07-19,16418.262431884305,16510.3271796431,16142.066251177683,16295.5087890625,4368402
2022-07-20,16541.014785593303,16786.522080859457,16326.196386592996,16602.392578125,6976126
2022-07-21,16602.391698039253,16878.5859375,16602.391698039253,16878.5859375,7797636
2022-07-22,16939.96292681175,16970.649882571426,16510.326171875,16510.326171875,5257468
2022-07-25,16418.261995240522,16633.080380108026,16326.1953125,16326.1953125,3588105
2022-07-26,16479.638284580087,16510.3271796431,16264.819893999489,16295.5087890625,3500669
2022-07-27,16203.44316319057,16571.703125,16111.378414916993,16571.703125,2582996
2022-07-28,16694.457545310044,17308.223853979587,16571.703896090068,16939.96484375,14864430
2022-07-29,17032.029071852747,17185.469675580178,16694.45703125,16694.45703125,8831998
2022-08-01,16909.274469212858,17615.10546875,16909.274469212858,17615.10546875,13960495
2022-08-02,17553.73046875,17768.548862160787,17400.287928843605,17553.73046875,7386962
2022-08-03,17430.97650236374,17952.678028521306,17369.600649992946,17860.61328125,9924866
2022-08-04,17921.988301342186,17983.366088292893,17645.794072354438,17707.169921875,8470294
2022-08-05,17737.86048850971,17860.61413655996,17615.106840459455,17799.23828125,4774712
2022-08-08,17829.92524018982,17952.678888240072,17707.171592139563,17799.23828125,5045263
2022-08-09,17829.924979748772,17860.613875670646,17584.41962466468,17676.484375,5669274
2022-08-10,17553.730766156546,17707.171371232358,17400.288223650434,17461.666015625,5922531
2022-08-11,17645.794092622873,17799.236622745742,17430.97571290894,17492.3515625,6990672
2022-08-12,17523.042128993853,17615.106880885243,17430.97737710246,17584.419921875,2943891
2022-08-15,17707.17071472213,18075.431640625,17676.483757302896,18075.431640625,10061111
2022-08-16,18075.4308110246,18106.11970446555,17860.612431798247,17921.98828125,6199061
2022-08-17,17983.36692342182,18075.431670693128,17860.61328125,17860.61328125,5918652
2022-08-18,17860.613311684177,17891.302206636985,17645.794921875,17645.794921875,5889237
2022-08-19,17584.419398735045,17829.924750664817,17308.223213847425,17338.912109375,7918850
2022-08-22,17338.91128289356,17430.976027657627,17093.404005235934,17185.46875,8952566
2022-08-23,17062.717048601367,17277.533494764066,16970.650366407124,17185.46875,6921337
2022-08-24,17400.287402436512,17523.041043161935,17277.533761711093,17308.22265625,5055283
2022-08-25,17400.287085747805,17615.10546875,17246.846490706335,17615.10546875,6740485
2022-08-26,17737.860267219643,17737.860267219643,17400.288223650434,17461.666015625,6328518
2022-08-29,17277.534353086077,17308.223248675407,16939.964251324593,17124.09375,6658544
2022-08-30,17124.093424726827,17523.041310088927,17124.093424726827,17430.9765625,5810852
2022-08-31,17369.60100490257,17492.352712152322,17124.093715542527,17338.912109375,3354080
2022-09-01,17338.912109375,17338.912109375,17338.912109375,17338.912109375,0
2022-09-02,17338.912109375,17338.912109375,17338.912109375,17338.912109375,0
2022-09-05,17338.91270778467,17400.28856352778,17124.094306538274,17154.783203125,2837707
2022-09-06,17124.093715542527,17584.419398735045,17124.093715542527,17338.912109375,4881542
2022-09-07,17338.911910380306,17430.97665847615,16786.521484375,16786.521484375,6880932
2022-09-08,16878.586567349026,16939.964358917518,16479.638671875,16479.638671875,5913804
2022-09-09,16541.0145260132,16694.457067504136,16172.755526323417,16479.638671875,2942113
2022-09-12,16571.70368185915,16725.14622575808,16571.70368185915,16602.392578125,2592208
2022-09-13,16633.080592678296,16970.650683986914,16602.391698039253,16878.5859375,3893242
2022-09-14,16571.703125,16694.456768508186,16510.327271961036,16571.703125,3415334
2022-09-15,16571.702020824483,16755.83150510305,16510.326171875,16510.326171875,2060804
2022-09-16,16326.195770410102,16510.327203625395,16080.689453125,16080.689453125,3205553
2022-09-19,15927.247947880081,16050.001591374588,15497.611164364427,15651.052734375,3794169
2022-09-20,15712.429241366553,15957.9365234375,15712.429241366553,15957.9365234375,3234321
2022-09-21,15896.55959696014,15927.2475226569,15651.052316525638,15681.7412109375,2021693
2022-09-22,15528.299936551586,15712.429431619206,15344.169472768846,15589.6767578125,5182962
2022-09-23,15589.677214104368,15712.429891503903,15344.169921875,15344.169921875,2566672
2022-09-26,15160.04044013214,15160.04044013214,14270.077957774805,14423.51953125,10412309
2022-09-27,14423.518980725166,14669.026263886937,14300.766307859392,14392.8310546875,3954495
2022-09-28,14362.142454898343,14576.960847719187,14300.7666015625,14300.7666015625,4387635
2022-09-29,14454.208242035875,14669.026635892653,13871.1298828125,13871.1298828125,5523170
2022-09-30,13901.817614622069,14270.077574822937,13779.063971650072,14239.3896484375,8690743
2022-10-03,13932.506365320916,14116.635859155402,13257.3623046875,13257.3623046875,9196772
2022-10-04,13502.869961584625,13932.506750702594,12582.219560801102,12735.6611328125,9108366
2022-10-05,13073.233323118531,13625.622794982099,13073.233323118531,13502.8701171875,6909700
2022-10-06,13502.869316119382,13656.310880795954,13042.543653374576,13134.6083984375,6878831
2022-10-07,13073.233108182887,13073.233108182887,12244.6474609375,12244.6474609375,13546265
2022-10-10,12091.20541857395,12858.414213680986,11968.451778865201,12704.9716796875,7956830
2022-10-11,12704.97146309199,12735.66035685354,11968.45157482595,12152.58203125,8876443
2022-10-12,12275.33597980409,12981.1669921875,12213.95915944138,12981.1669921875,7627128
2022-10-13,13073.232881020525,13748.3759765625,12981.167164894028,13748.3759765625,10090526
2022-10-14,14024.571585964535,14085.948408887607,13779.064294272246,13932.5068359375,9151196
2022-10-17,13871.129323982173,13963.194069436,13441.492553577526,13840.4404296875,7620824
2022-10-18,14055.25892184619,14362.142054837632,14024.57099603309,14116.6357421875,6295709
2022-10-19,14116.636005465502,14331.454396308936,13840.44079313607,14239.3896484375,6651918
2022-10-20,14239.389222969008,14546.272352514306,13901.817199240124,14270.0771484375,6268396
2022-10-21,14270.07697779483,14270.07697779483,13288.05078125,13288.05078125,10761568
2022-10-24,13318.739322655088,13502.869787929823,12766.34889554601,12889.1025390625,7992063
2022-10-25,13011.855657341426,13779.0634765625,12858.414093497211,13779.0634765625,13972455
2022-10-26,13779.063902794587,14239.389577281718,13717.688050330413,13748.3759765625,5575212
2022-10-27,13963.193971302948,14699.7138671875,13809.752407053258,14699.7138671875,12938577
2022-10-28,14914.532385951818,15282.792337229197,14730.402894670677,14761.0908203125,12333960
2022-10-31,14914.532623014553,15129.3510120671,14331.454276831228,15098.6630859375,16358276
2022-11-01,15160.040195969043,15620.364908980771,14975.909729535271,15006.59765625,14273389
2022-11-02,14761.091246841066,15067.974386987229,14638.33760329655,14730.4033203125,8711753
2022-11-03,14454.207582397077,14791.778636827084,14423.518688266564,14484.8955078125,12103976
2022-11-04,14362.142076743445,15037.2861328125,13502.86949679983,15037.2861328125,22557176
2022-11-07,14914.53244061498,15037.286081062377,14147.324609606509,14331.4541015625,11366832
2022-11-08,14116.636348393284,14822.468359555978,14116.636348393284,14638.337890625,10140951
2022-11-09,14791.7792631015,15252.104944828361,14730.403409672042,15006.59765625,16499207
2022-11-10,14791.77899826649,14914.532640357866,13963.1943359375,13963.1943359375,15553089
2022-11-11,14576.960252773857,14914.532275918955,14362.14186872063,14484.8955078125,15823316
2022-11-14,14239.389587343972,14945.221578331928,13963.194376199544,14669.0263671875,14602123
2022-11-15,14484.896223280171,14669.026691012927,13656.311540270623,14362.142578125,17281605
2022-11-16,13686.999340275359,15282.792837633408,13656.31141362872,15221.416015625,21057674
2022-11-17,15344.169921875,15835.183537618586,15129.351525531876,15344.169921875,18872907
2022-11-18,15067.974322440929,15344.169534875395,14423.519149665544,15160.0400390625,18773996
2022-11-21,15160.04023058338,15221.416084152974,14791.779296875,14791.779296875,9180449
2022-11-22,14669.0263671875,15282.7926419839,14423.519082296845,14669.0263671875,12363698
2022-11-23,14669.026048947044,15190.727564948838,14607.649229055933,14975.9091796875,9568334
2022-11-24,14883.844696884953,15098.6630859375,14607.64948685809,15098.6630859375,6693777
2022-11-25,15282.79221049465,15835.1826171875,15129.350646127767,15835.1826171875,22892859
2022-11-28,16019.313102293354,16847.89871371038,16019.313102293354,16755.83203125,17924203
2022-11-29,16571.703642812317,16817.2109375,16019.314167195344,16817.2109375,15635677
2022-11-30,16602.39089605371,17185.468241448445,16356.883625661121,16725.14453125,10302893
2022-12-01,16786.520871886132,17001.339255415114,15957.936231825819,16050.0009765625,17399426
2022-12-02,16142.067052636128,17154.783203125,15988.625475848012,17154.783203125,14452786
2022-12-05,17492.352677815335,17553.73046875,17062.717828424025,17553.73046875,12424467
2022-12-06,17246.847195579896,17553.73033563523,16479.638376726423,16571.703125,12383092
2022-12-07,16510.327240087474,17062.71766609278,16418.26249199163,16786.521484375,6625251
2022-12-08,16939.963159857172,17737.858894327823,16817.209522839345,17062.716796875,8537851
2022-12-09,17062.717602678942,17216.158203125,16602.391926480286,17216.158203125,8064469
2022-12-12,17185.468517933074,17308.22215510426,16847.8984375,16847.8984375,6224112
2022-12-13,16755.83169998133,17308.22209667173,16633.080000654707,17277.533203125,6322861
2022-12-14,17430.976893602437,17461.665789191764,17093.404854410674,17124.09375,3915868
2022-12-15,17124.093715542527,17338.912109375,17124.093715542527,17338.912109375,5704022
2022-12-16,17032.028707617636,17338.91184593999,17032.028707617636,17216.158203125,5204296
2022-12-19,17185.469639207997,17492.35278344364,16909.275390625,16909.275390625,8350696
2022-12-20,16909.274515707806,17185.46875,16326.195215628491,17185.46875,10632596
2022-12-21,17185.46907159979,17185.46907159979,16571.70280340021,16878.5859375,4948291
2022-12-22,16878.587050424838,17277.534957317006,16878.587050424838,16939.96484375,5407774
2022-12-23,16878.585645729556,17154.781817846073,16755.832006725566,16970.650390625,4560082
2022-12-26,16970.651255960245,17001.34015163362,15957.937073041769,15988.625,4782147
2022-12-27,16019.313151037262,16418.261995240522,15957.936331258677,16326.1953125,4190621
2022-12-28,16326.195548814127,16694.456472816048,16142.066055528276,16663.767578125,3054924
2022-12-29,16633.08091546922,16878.586265055335,16510.327271961036,16571.703125,2776777
2022-12-30,16571.702002897102,16786.520380133086,16418.26141197433,16725.14453125,2253131
2023-01-02,16725.14453125,16725.14453125,16725.14453125,16725.14453125,0
2023-01-03,16786.520876878993,17185.46875,16725.145026179678,17185.46875,5619818
2023-01-04,17185.468439684406,17737.858835724535,17124.092590093343,17492.3515625,9347563
2023-01-05,17492.3515625,17645.794092622873,17338.910969807275,17492.3515625,3415496
2023-01-06,17492.352677815335,17952.678360104244,17216.158430900152,17553.73046875,10885368
2023-01-09,17615.105996906357,17860.61328125,17615.105996906357,17860.61328125,6871397
2023-01-10,17921.988894283026,17921.988894283026,17523.041015625,17523.041015625,4937948
2023-01-11,17553.730144535562,17891.30217615051,17553.730144535562,17860.61328125,5535777
2023-01-12,17860.613015344286,17921.98886680133,17645.79462909934,17737.859375,3994415
2023-01-13,17860.61328125,17921.989133620795,17430.97650236374,17860.61328125,4807198
2023-01-16,17860.613479073658,18413.00390625,17737.859835542222,18413.00390625,8639348
2023-01-17,18474.38051913963,18811.952568377637,18474.38051913963,18781.263671875,5617717
2023-01-18,18781.263389998858,18934.705932778787,18658.51168069128,18873.330078125,5179406
2023-01-19,18842.64114451374,19088.1484375,18505.069101015204,19088.1484375,8094530
2023-01-20,19088.1484375,19088.1484375,19088.1484375,19088.1484375,0
2023-01-23,19088.1484375,19088.1484375,19088.1484375,19088.1484375,0
2023-01-24,19088.1484375,19088.1484375,19088.1484375,19088.1484375,0
2023-01-25,19088.1484375,19088.1484375,19088.1484375,19088.1484375,0
2023-01-26,19088.1484375,19088.1484375,19088.1484375,19088.1484375,0
2023-01-27,19088.147943708496,19180.212691839144,18535.757517494352,18627.822265625,5537393
2023-01-30,18413.003078750997,18505.06782290453,18228.873590443935,18259.560546875,6043745
2023-01-31,18228.87409064763,18719.88671875,18106.120449264483,18719.88671875,5572626
2023-02-01,18719.887735481418,18811.952487161525,17492.353192409202,17799.23828125,7023965
2023-02-02,17799.23658234649,18075.4308110246,17615.10515913094,17921.98828125,5080819
2023-02-03,17921.988572513917,18044.742210842534,17829.923828125,17829.923828125,5846247
2023-02-06,17676.48290777076,18351.625,17523.040378328125,18351.625,4250582
2023-02-07,18290.249190250954,18535.756462918256,17891.301325239194,17921.98828125,5260216
2023-02-08,17952.67713585134,18535.75642281719,17921.988242476786,18351.625,5104577
2023-02-09,18351.62531420947,18535.756740179284,18044.7421875,18044.7421875,4362584
2023-02-10,18044.742775792616,18290.25006013626,17860.61328125,17860.61328125,3399334
2023-02-13,17707.171296657085,17983.367484518807,17676.484338229347,17891.302734375,3448304
2023-02-14,17983.366384223842,18044.742234754394,17615.10546875,17615.10546875,2831889
2023-02-15,17615.105734655714,18014.055550132198,17553.729883198674,17737.859375,2381780
2023-02-16,17829.925161245494,18382.315606310694,17768.549306207282,18228.875,4688731
2023-02-17,18228.87444217014,18351.62614849019,18044.74300782955,18198.185546875,3615580
2023-02-20,18320.93828990913,18689.197265625,18228.87354598016,18689.197265625,7392295
2023-02-21,18658.511493917464,18719.887347956872,18320.939453125,18320.939453125,4776328
2023-02-22,18167.496147489903,18228.873936377146,17737.859375,17737.859375,6375549
2023-02-23,17492.353192409202,17799.23828125,17369.601481789272,17799.23828125,6599230
2023-02-24,17737.860001512367,17737.860001512367,17338.912109375,17338.912109375,3536548
2023-02-27,17308.22328438831,17308.22328438831,16847.899536749985,16909.275390625,2826394
2023-02-28,17062.718232187683,17185.46994210121,16817.2109375,16817.2109375,2061613
2023-03-01,16786.521677030036,17338.912109375,16633.08107425271,17338.912109375,3504871
2023-03-02,17369.59992070449,17400.286876886334,17032.027903263006,17062.716796875,2957467
2023-03-03,17185.468496462676,17185.468496462676,16847.89841645134,17062.716796875,2825263
2023-03-06,17093.403981445183,17645.794386690926,17093.403981445183,17400.287109375,5161467
2023-03-07,17400.28844072909,17799.23828125,17400.28844072909,17799.23828125,4658831
2023-03-08,17492.35178445089,18106.119975299996,17461.66482798106,18044.7421875,5521716
2023-03-09,18044.7421875,18228.873613469816,17952.677443230175,18044.7421875,3820028
2023-03-10,17952.677174690947,17952.677174690947,17615.10515913094,17921.98828125,2608532
2023-03-13,17584.419297655873,18044.74304077207,17553.730402304707,17983.3671875,3005145
2023-03-14,17952.678888240072,17952.678888240072,17400.28844072909,17799.23828125,3464790
2023-03-15,17983.36744799745,18167.49694791113,17829.92490644919,18106.12109375,4519354
2023-03-16,17799.237723533548,17921.989430307207,17492.3526443086,17768.548828125,3475780
2023-03-17,17829.92524018982,17983.36778461022,17676.484633199747,17799.23828125,1837447
2023-03-20,17768.548050079316,17768.548050079316,17185.46875,17185.46875,2604329
2023-03-21,17553.731066715805,17553.731066715805,17185.470120853857,17369.6015625,1707182
2023-03-22,17461.664606419545,17615.10519911227,17308.22207629667,17492.3515625,2229535
2023-03-23,17308.222341236888,17615.10546875,17246.846490706335,17615.10546875,2595764
2023-03-24,17615.10519911227,17707.16994221393,17369.59986331788,17492.3515625,4103670
2023-03-27,17492.352384541202,17737.859669303183,17369.600679590447,17645.794921875,2250869
2023-03-28,17645.79462909934,17799.237163887246,17645.79462909934,17737.859375,3068338
2023-03-29,17676.484633199747,17829.92524018982,17676.484633199747,17799.23828125,2794878
2023-03-30,17860.61413655996,17921.989991869927,17676.484633199747,17799.23828125,2337496
2023-03-31,17737.858795464595,17921.98828125,17615.10515913094,17921.98828125,3768633
2023-04-03,18106.12021663417,18443.692241743094,18044.74242801608,18382.314453125,6032109
2023-04-04,18382.315043785333,18382.315043785333,18136.807756284717,18198.185546875,3588105
2023-04-05,18198.185514427547,18474.37975930059,18014.05601784552,18413.00390625,5557918
2023-04-06,18413.002806430944,18413.002806430944,18136.806640625,18136.806640625,3119733
2023-04-07,18106.12109375,18136.80805211542,17983.36744799745,18106.12109375,2491519
2023-04-10,18106.121392098863,18228.875039874125,17983.367744323605,18014.056640625,2989145
2023-04-11,18075.431348121667,18167.49609375,17921.988813787644,18167.49609375,1875104
2023-04-12,18228.87473950255,18228.87473950255,18044.74330215858,18106.12109375,2218706
2023-04-13,18044.7421875,18106.119975299996,17860.61269896035,18044.7421875,2118664
2023-04-14,18075.431670693128,18106.120565593643,17860.61328125,17860.61328125,2444327
2023-04-17,17860.612431798247,17983.366068131898,17676.48294601284,17921.98828125,2098300
2023-04-18,17921.989133620795,17983.36692342182,17799.237428879205,17860.61328125,1902579
2023-04-19,17829.9238517522,17891.301639712925,17584.418512199813,17615.10546875,2607400
2023-04-20,17584.419069399624,17645.794921875,17430.976532065826,17645.794921875,2146947
2023-04-21,17492.352677815335,17645.795217721727,17492.352677815335,17553.73046875,1512593
2023-04-24,17523.040988755052,17921.98886680133,17308.2226025101,17737.859375,4287592
2023-04-25,17799.236622745742,17799.236622745742,17492.3515625,17492.3515625,2069694
2023-04-26,17492.35241508254,17676.483847690633,17154.782319733218,17430.9765625,6111464
2023-04-27,17430.976003397034,17615.105492668892,17400.287109375,17400.287109375,3197310
2023-04-28,17492.351542407814,17707.169921875,17492.351542407814,17707.169921875,7072289
2023-05-01,17707.169921875,17707.169921875,17707.169921875,17707.169921875,0
2023-05-02,17707.169921875,17707.169921875,17707.169921875,17707.169921875,0
2023-05-03,17707.169921875,17707.169921875,17707.169921875,17707.169921875,0
2023-05-04,17553.73050320747,17553.73050320747,17308.223213847425,17338.912109375,3385758
2023-05-05,17338.91157872135,17369.600473309696,17062.717339716866,17093.404296875,6012876
2023-05-08,17185.469603748377,17216.158499337704,17093.404854410674,17124.09375,5320338
2023-05-09,17216.157644064748,17338.91128289356,17185.46875,17185.46875,4637498
2023-05-10,17216.158464694978,17338.912109375,17154.782611070103,17338.912109375,8960485
2023-05-11,17430.976003397034,17461.664897419072,17338.91125876111,17400.287109375,4813501
2023-05-12,17400.287667493612,17430.9765625,17277.534024898294,17430.9765625,6247870
2023-05-15,17492.35301239366,17584.41970055663,17246.84765625,17246.84765625,11042624
2023-05-16,17308.223811197946,17338.91270778467,17154.783203125,17154.783203125,4909826
2023-05-17,17185.46907159979,17246.84686087788,16878.5859375,16878.5859375,8472557
2023-05-18,17001.340400751946,17124.094047813847,16878.586753690044,17032.029296875,7506721
2023-05-19,17124.092899300686,17308.222388828814,16970.650366407124,17185.46875,3370242
2023-05-22,17185.470162281385,17308.223811197946,17154.783203125,17154.783203125,4957019
2023-05-23,17246.84739492703,17246.84739492703,17001.34010507297,17124.09375,6543148
2023-05-24,17124.09375,17124.09375,17124.09375,17124.09375,0
2023-05-25,16970.651802982236,17062.71849296998,16909.27594708742,16939.96484375,5009706
2023-05-26,16939.963159857172,17062.716796875,16878.58537263318,17062.716796875,2879890
2023-05-29,17062.717048601367,17277.533494764066,17062.717048601367,17185.46875,4623760
2023-05-30,17246.84709818631,17277.534055817374,17124.093455371316,17216.158203125,4764692
2023-05-31,17216.157644064748,17216.157644064748,17062.717048601367,17185.46875,4387796
2023-06-01,17185.470162281385,17246.847955454836,17093.40540995155,17154.783203125,3871100
2023-06-02,17216.1589768791,17645.79577732582,17185.470080438525,17584.419921875,14435655
2023-06-05,17737.859669303183,17829.92441673137,17584.419069399624,17645.794921875,7185261
2023-06-06,17707.170213260917,17799.236895202008,17553.729618219448,17615.10546875,8576478
2023-06-07,17707.17048055638,17921.98886680133,17645.79462909934,17737.859375,10257478
2023-06-08,17737.859402199356,17799.237191180717,17523.041015625,17523.041015625,8348757
2023-06-09,17523.040748032963,17584.418536077035,17246.84651412518,17400.287109375,9876542
2023-06-12,17430.9765625,17461.665457506388,17093.40452972044,17430.9765625,9106265
2023-06-13,17400.28852158241,17461.666314607904,17308.22376947451,17369.6015625,5193144
2023-06-14,17461.66487370853,17921.988596263116,17461.66487370853,17615.10546875,13613660
2023-06-15,17615.106840459455,18014.056680980364,17615.106840459455,17799.23828125,11610068
2023-06-16,17829.9235788262,17921.988321927864,17492.3515625,17492.3515625,12012661
2023-06-19,17523.041573282666,17707.171071226123,17523.041573282666,17553.73046875,5502645
2023-06-20,17584.418203120134,17921.98828125,17523.04041623824,17921.98828125,4495596
2023-06-21,17860.613838516965,17983.367484518807,17707.171296657085,17891.302734375,7386315
2023-06-22,17891.302734375,17891.302734375,17891.302734375,17891.302734375,0
2023-06-23,18106.120268933253,18136.80722590074,17891.301883009823,17952.677734375,8054610
2023-06-26,17829.924094214442,18075.43137453556,17737.859348451573,17952.677734375,10443987
2023-06-27,17983.367744323605,18014.056640625,17799.238241375875,18014.056640625,5908955
2023-06-28,18044.74297565569,18535.75754978144,18014.05601784552,18413.00390625,13950798
2023-06-29,18413.002786749108,18474.37863606808,18106.119665293976,18351.625,8406132
2023-06-30,18228.87473950255,18259.56169786797,18014.05634379316,18106.12109375,9053739
2023-07-03,18106.120268933253,18167.49612029843,17921.98883997731,17952.677734375,5138517
2023-07-04,17891.30214638868,18106.120535474463,17829.924356689753,18075.431640625,8251462
2023-07-05,18136.806640625,18228.873320847077,18014.054941855848,18136.806640625,5812630
2023-07-06,18136.808350969935,18167.49724727133,17707.17155247169,18014.056640625,10252145
2023-07-07,17952.677708140487,18167.49609375,17829.92406815931,18167.49609375,6325124
2023-07-10,18259.561958803948,18290.250855038215,18106.121352493254,18228.875,11252405
2023-07-11,18382.314427496567,18781.262303237174,18382.314427496567,18597.1328125,23448990
2023-07-12,18597.13340283203,18658.511193312876,18290.250262718564,18413.00390625,10204306
2023-07-13,18535.75754978144,18535.75754978144,18320.939157958986,18413.00390625,8570175
2023-07-14,18413.002786749108,18535.75642281719,18044.741878544864,18351.625,12876192
2023-07-17,18351.62671007643,18382.315606310694,18136.8083112972,18228.875,10637283
2023-07-18,18228.874703350742,18413.004202899254,18228.874703350742,18320.939453125,7387446
2023-07-19,18413.002786749108,18443.691680123662,18106.119665293976,18351.625,10893773
2023-07-20,18351.62614849019,18351.62614849019,18136.807756284717,18198.185546875,7424457
2023-07-21,18198.186103765733,18290.250855038215,18106.121352493254,18228.875,8949495
2023-07-24,18351.62641142956,18474.380056938666,18259.561661655305,18320.939453125,8346656
2023-07-25,18382.313893374554,18597.13227213616,18320.938044055583,18351.625,9845673
2023-07-26,18382.31474696861,18443.692536567833,18228.874147831004,18290.25,8960323
2023-07-27,18320.939791347988,18351.62675021906,17983.367744323605,18014.056640625,12802656
2023-07-28,18044.74330215858,18106.12109375,17983.36744799745,18106.12109375,8436193
2023-07-31,18351.626115769155,18413.00390625,18167.496619187124,18413.00390625,9318795
2023-08-01,18535.75807176173,18904.017075296226,18474.380279552443,18658.51171875,23020538
2023-08-02,18719.886950745375,19118.834837112092,18719.886950745375,19057.458984375,21559016
2023-08-03,18996.081489380256,19088.14817606185,18842.64088643815,18965.39453125,13055589
2023-08-04,19026.76953125,19026.76953125,18811.951146825275,19026.76953125,12214039
2023-08-07,19302.965864906662,20008.796875,19180.212224579514,20008.796875,21013552
2023-08-08,20162.239409766484,20162.239409766484,19824.66738322438,20008.796875,14165589
2023-08-09,19947.421875,20008.797729068276,19671.225688117036,19947.421875,12952315
2023-08-10,19947.42223749738,20039.486988988,19395.031791123343,19425.71875,12922577
2023-08-11,19487.09567280028,19732.60295743717,19210.899493226218,19701.9140625,11166262
2023-08-14,19701.9143247973,19886.04382201122,19456.4070368919,19824.66796875,10295297
2023-08-15,19824.667118122266,19886.04296875,19671.22458540767,19886.04296875,8469809
2023-08-16,19763.29071762952,20070.173867174562,19579.161215388554,19855.35546875,10299176
2023-08-17,19886.043234672852,20192.926366775617,19793.978488785044,20008.796875,15778225
2023-08-18,19824.6678324391,19916.732580413038,18842.640625,18842.640625,22135673
2023-08-21,18965.3949540057,19824.66854941237,18781.263513968326,19640.537109375,16022108
2023-08-22,19640.536035686884,19671.224930253833,18965.39391722554,19364.341796875,9365987
2023-08-23,19425.718790359533,19487.096583101014,19057.459783631948,19210.900390625,7074713
2023-08-24,19333.653165630607,19579.160450649542,19088.147818041907,19487.095703125,8140591
2023-08-25,19487.094896663144,19487.094896663144,19057.45813437539,19118.833984375,13942555
2023-08-28,19057.45813437539,19210.898728089498,19026.769240660502,19118.833984375,8745693
2023-08-29,19272.277639709817,19517.784928889512,19180.212890625,19180.212890625,6022573
2023-08-30,19302.96617803773,19701.9140625,19302.96617803773,19701.9140625,11952054
2023-08-31,19732.6029273928,20008.7971691161,19732.6029273928,19916.732421875,8521851
2023-09-01,19916.732421875,19916.732421875,19916.732421875,19916.732421875,0
2023-09-04,19916.732421875,19916.732421875,19916.732421875,19916.732421875,0
2023-09-05,19947.421579670496,20254.304720328928,19947.421579670496,20039.486328125,9646396
2023-09-06,20070.173285989662,20100.86218128458,19793.97904062615,20039.486328125,7214514
2023-09-07,20070.173285989662,20438.434217237937,20039.486328125,20039.486328125,12563459
2023-09-08,20070.17331922514,20070.17331922514,19824.66796875,19824.66796875,5938531
2023-09-11,19947.421078241096,20100.86167599806,19517.784304633256,19579.16015625,12109310
2023-09-12,19640.53653410582,19824.66796875,19487.09593223764,19824.66796875,6350175
2023-09-13,19824.66682882967,20100.861058769355,19609.848448622088,19978.107421875,12928557
2023-09-14,20100.862407843197,20653.252842226524,20100.862407843197,20377.05859375,22829019
2023-09-15,20315.679711211193,20561.186988289748,20039.485477570448,20100.861328125,10480674
2023-09-18,20100.861376583132,20100.861376583132,19517.784013903627,19671.224609375,14059406
2023-09-19,19671.22516756283,19793.978809881275,19364.342030481832,19701.9140625,7892183
2023-09-20,19701.91350344135,19855.354098912718,19487.095119837282,19671.224609375,10779023
2023-09-21,19701.913527976143,19732.602422080705,19456.40625,19456.40625,9692781
2023-09-22,19333.65399850938,19487.096542613963,19026.770847730542,19425.71875,13288321
2023-09-25,19302.966091515154,19456.406690652762,18290.25,18290.25,10863065
2023-09-26,18351.625533230308,18934.704837138284,18259.56078786172,18597.1328125,8494376
2023-09-27,18658.510550767718,19026.76953125,18413.003272159403,19026.76953125,5896025
2023-09-28,18842.64033158468,19026.769824665316,17707.17060358358,18934.705078125,12726533
2023-09-29,18750.576508771064,19057.459658167125,18443.693359375,18443.693359375,8647752
2023-10-02,18474.379198621944,18627.82173273698,17154.781929925502,18382.314453125,8621893
2023-10-03,18106.120565593643,18106.120565593643,17645.79489180687,17860.61328125,12452912
2023-10-04,17615.105734655714,17860.613015344286,17553.729883198674,17737.859375,4973342
2023-10-05,17829.925056700293,17891.302848808937,17246.84765625,17246.84765625,7894284
2023-10-06,17492.35183025872,17645.794362730365,17093.40395823469,17615.10546875,5098274
2023-10-09,17584.419588085537,17921.98969280274,17584.419588085537,17891.302734375,3073833
2023-10-10,18014.056082851166,18136.807789395312,17921.989396797664,17983.3671875,4800733
2023-10-11,17983.36744799745,18106.12109375,17829.92490644919,18106.12109375,2843526
2023-10-12,18228.87388245569,18259.560839378333,18014.055496846177,18167.49609375,3381717
2023-10-13,17983.3671875,18167.49668474648,17799.237690253518,17983.3671875,2355598
2023-10-16,17952.678626005967,17983.36752192784,17676.484375,17676.484375,3273109
2023-10-17,17799.23775762812,17891.302506599848,17553.73046875,17553.73046875,2667361
2023-10-18,17553.729642054997,17676.48328071296,17216.157620103146,17400.287109375,3435052
2023-10-19,17400.287928843605,17553.73046875,17185.469535432818,17553.73046875,2925628
2023-10-20,17461.66482798106,18259.560569939644,17124.092807371595,18044.7421875,5821519
2023-10-23,18044.74304077207,18044.74304077207,17676.484046279114,17983.3671875,2565541
2023-10-24,17983.36744799745,18106.12109375,17829.92490644919,18106.12109375,3988597
2023-10-25,17983.36778461022,18106.12143266047,17768.549384879854,17799.23828125,2826717
2023-10-26,17400.287109375,17523.040748032963,16909.274492173325,17400.287109375,9655124
2023-10-27,17400.287402436512,17461.66519151433,17032.02841769046,17308.22265625,4688569
2023-10-30,16970.650390625,17308.22241352842,16970.650390625,16970.650390625,2796818
2023-10-31,17032.028738867615,17185.4693395952,16939.963990945016,17001.33984375,4579153
2023-11-01,17062.718232187683,17062.718232187683,16755.83314511292,16817.2109375,4911765
2023-11-02,16939.96421723763,17492.352712152322,16939.96421723763,17338.912109375,3833443
2023-11-03,17430.976027657627,17461.664921722375,17185.46875,17185.46875,5752993
2023-11-06,17400.28737509248,17615.105761666837,17400.28737509248,17523.041015625,3777684
2023-11-07,17430.976269583163,17615.105761666837,17369.60041803201,17523.041015625,3681036
2023-11-08,17553.72985692583,17952.677734375,17338.911471002404,17952.677734375,4743197
2023-11-09,18014.05634379316,18259.56169786797,17921.98965640603,18106.12109375,7445629
2023-11-10,17952.677443230175,18044.7421875,17768.54795469053,18044.7421875,5620627
2023-11-13,17983.366337130174,18136.80693176982,17921.988549330177,18044.7421875,5057869
2023-11-14,18320.938894799612,18474.379493937216,18167.49635823178,18290.25,6032432
2023-11-15,18474.38002114921,18781.263165612316,18474.38002114921,18535.7578125,8684116
2023-11-16,18382.31387418021,18597.13225271751,18351.6249808377,18566.443359375,3626893
2023-11-17,18535.758150051708,18597.134005089923,18075.432456258986,18228.875,6919074
2023-11-20,17921.98826163377,18259.560276824293,17860.612412249196,18136.806640625,3505033
2023-11-21,18320.93835773964,18320.93835773964,18044.7421875,18044.7421875,2970073
2023-11-22,18106.12024247451,18228.87388245569,18014.055496846177,18167.49609375,2989953
2023-11-23,18259.560296810007,18259.560296810007,17921.98828125,17921.98828125,3092742
2023-11-24,17921.988813787644,18167.49609375,17615.105682549798,18167.49609375,4991443
2023-11-27,18198.184719569817,18198.184719569817,17860.61269896035,18044.7421875,2313900
2023-11-28,17983.3671875,17983.3671875,17707.17100420002,17983.3671875,3343575
2023-11-29,17983.366337130174,18136.80693176982,17921.988549330177,18044.7421875,4120963
2023-11-30,18037.38671875,18311.721033099442,17934.51304612045,18037.38671875,3835328
2023-12-01,18140.262328809826,18140.262328809826,17831.637436060624,18037.38671875,2838637
2023-12-04,18140.262607840275,18243.138219482516,18003.096417270823,18208.845703125,11047486
2023-12-05,18243.13778113681,18311.720874773626,18174.5546875,18174.5546875,3687220
2023-12-06,18174.554066151934,18311.72024873615,18174.554066151934,18277.427734375,4636614
2023-12-07,18346.011111493965,18586.052903471234,18208.84492677273,18448.88671875,8181513
2023-12-08,18517.46981111062,18586.052903471234,18311.720534028766,18448.88671875,5378889
2023-12-11,18483.176840670287,18551.759931340574,18311.720082709657,18414.59375,3186488
2023-12-12,18448.887607460634,18517.470703125,18311.721416131895,18517.470703125,4839829
2023-12-13,18620.344097272915,18757.51222396466,18311.721140149777,18346.01171875,5250018
2023-12-14,18483.177908011457,18483.177908011457,18140.262434857814,18346.01171875,5602642
2023-12-15,18174.55451713713,18414.594373900785,18071.67890893111,18311.720703125,5741059
2023-12-18,18174.55457568199,18311.720762111705,17865.9296875,17865.9296875,5548982
2023-12-19,17900.22037552249,18174.5546875,17797.3467037824,18174.5546875,3338646
2023-12-20,18037.386996198034,18243.138219482516,17968.80390091331,18208.845703125,3454355
2023-12-21,18105.970091482763,18243.138219482516,18003.096417270823,18208.845703125,3733504
2023-12-22,18174.55423342677,18243.1373253501,18071.678626826666,18140.26171875,3137456
2023-12-25,18208.84492677273,18448.88671875,18174.55434930753,18448.88671875,5906234
2023-12-26,18414.595266944823,18483.1783632648,18380.3046875,18380.3046875,4697651
2023-12-27,18380.303173379943,18448.88626405023,18346.010659329713,18414.59375,4351970
2023-12-28,18414.59403631828,18586.052734375,18346.010944581634,18586.052734375,4315521
2023-12-29,18654.635826111647,18757.51143243172,18586.052734375,18586.052734375,6732832
2024-01-01,18586.052734375,18586.052734375,18586.052734375,18586.052734375,0
2024-01-02,18620.34420252565,18688.92923497435,18551.761107507253,18654.63671875,4773007
2024-01-03,18654.63637498181,18928.96875,18551.760765634855,18928.96875,4517868
2024-01-04,18963.260449892507,20232.05053592035,18894.67735908804,19614.80078125,21251597
2024-01-05,19717.6760570657,19992.008415704695,19683.38354352075,19889.1328125,12677685
2024-01-08,20232.05121903008,20437.800498390334,19923.42633127457,20266.341796875,17520552
2024-01-09,20300.634422898067,20677.840468401224,20094.883204985115,20574.966796875,20757663
2024-01-10,20574.965967696888,21363.672479810553,20472.090362886334,21260.796875,20140499
2024-01-11,21329.381903160487,21603.71426608173,20849.298330618134,21260.796875,14096426
2024-01-12,21123.631258370548,21843.756636439728,20986.465073242198,21603.71484375,24855073
2024-01-15,21638.006487701063,21740.882100332452,21260.798491293077,21535.1328125,10054701
2024-01-16,21295.09100798031,21535.1328125,21123.632299404777,21535.1328125,10764433
2024-01-17,21295.090733066238,21603.715629545808,21260.79821682171,21363.673828125,9748216
2024-01-18,21363.673051060276,21672.297936314175,21192.214350934722,21603.71484375,12788766
2024-01-19,21740.88108721106,22358.130859375,21569.42238662547,22358.130859375,20405763
2024-01-22,22323.838780910417,22392.421875,21912.34021637291,22392.421875,12554166
2024-01-23,22392.421765610598,22495.29737495755,21878.047593736355,22083.796875,13213998
2024-01-24,21912.340280944296,22220.963236541742,21878.047765083316,21946.630859375,7228502
2024-01-25,21946.630859375,21946.630859375,21946.630859375,21946.630859375,0
2024-01-26,22015.212890625,22118.08849581014,21912.33922287004,22015.212890625,5317419
2024-01-29,22015.212725319867,22461.003782057884,21946.629634854802,22152.37890625,8498556
2024-01-30,22186.672484346953,22255.2555781015,21980.923203083308,22083.796875,5412156
2024-01-31,22255.256107624184,22289.546686602207,21466.54954196593,21672.298828125,17248057
2024-02-01,21569.42331646617,22015.21440726222,21569.42331646617,21980.923828125,7414215
2024-02-02,21980.923828125,21980.923828125,21980.923828125,21980.923828125,0
2024-02-05,21775.17154536129,23249.7109375,21775.17154536129,23249.7109375,31356777
2024-02-06,23318.294592710965,23626.91948454846,23215.420920385313,23592.62890625,12504700
2024-02-07,23592.628933577067,24895.709659033313,23592.628933577067,24347.04296875,19575115
2024-02-08,24347.04296875,24347.04296875,24347.04296875,24347.04296875,0
2024-02-09,24347.04296875,24347.04296875,24347.04296875,24347.04296875,0
2024-02-12,24347.04296875,24347.04296875,24347.04296875,24347.04296875,0
2024-02-13,24347.04296875,24347.04296875,24347.04296875,24347.04296875,0
2024-02-14,24347.04296875,24347.04296875,24347.04296875,24347.04296875,0
2024-02-15,24415.627445850594,24552.79363094905,24004.126953125,24004.126953125,12799903
2024-02-16,24209.876515462733,24209.876515462733,23764.08543993547,24175.5859375,10854830
2024-02-19,24072.70970959974,24347.042075966754,23661.211160049228,24278.458984375,15443571
2024-02-20,24209.87606081777,24415.627274451293,23798.377508411148,24141.29296875,9881716
2024-02-21,24175.586651357487,24827.1270261906,24038.42046059581,24381.3359375,15030055
2024-02-22,24484.2109375,24518.50151561845,24175.586047282683,24484.2109375,10205557
2024-02-23,24552.79345858683,25478.66617021684,24004.12678461446,24141.29296875,37262867
2024-02-26,24141.29308425332,24587.084153541808,24072.709991857417,24449.91796875,9244881
2024-02-27,24484.21103041672,24895.709593981268,24312.75232688303,24792.833984375,13112752
2024-02-28,24964.29286229441,24998.5853782128,24449.918685530483,24655.66796875,14188270
2024-02-29,24827.1270261906,24895.710121571436,24141.294134951913,24381.3359375,18510734
2024-03-01,24484.210044290172,24484.210044290172,24004.126468703795,24415.626953125,13277204
2024-03-04,24415.626623418877,25307.20679652628,24107.001748628154,24689.958984375,25412069
2024-03-05,24689.959108038485,24998.583984375,24518.500412867048,24998.583984375,10671721
2024-03-06,24964.292246897574,25341.500225549902,24449.91808281353,24758.54296875,16076211
2024-03-07,24689.95915014903,24724.2497267837,24312.751182586617,24552.79296875,12847923
2024-03-08,24552.793057237068,24587.08363399532,23661.2109375,23661.2109375,30125341
2024-03-11,23661.21171680954,23832.668481108285,23249.711220146008,23421.169921875,11343268
2024-03-12,23318.2935453364,23729.794028446686,23284.002968578152,23661.2109375,9778300
2024-03-13,23729.79398489544,24107.001953125,23455.461621612187,24107.001953125,8883289
2024-03-14,24141.294105314966,24141.294105314966,23455.463152348544,23626.919921875,10139169
2024-03-15,23592.62811640612,24278.4590337175,23284.003234900894,23832.66796875,13865586
2024-03-18,23832.66872082304,24004.127424276605,22186.672529903826,22838.212890625,16470057
2024-03-19,22906.795984520373,23181.128360101866,22598.171093276065,22838.212890625,10340937
2024-03-20,22769.629402638806,23661.21154527765,22632.4632172221,23558.3359375,13718635
2024-03-21,23729.795635104416,23935.544921875,23352.587640643193,23935.544921875,13144138
2024-03-22,24072.71043806682,24964.292593170074,24004.12734439967,24484.2109375,23081106
2024-03-25,24347.0416768652,24484.209795230418,23661.210772189952,23798.376953125,13851845
2024-03-26,23832.66808572993,24278.45915288554,23764.084993662156,24141.29296875,5498070
2024-03-27,24004.12749821685,24347.04296875,23866.96131000359,24347.04296875,7328157
2024-03-28,24621.377564176564,24621.377564176564,24209.877057400598,24518.501953125,10170121
2024-03-29,24518.502128261676,24518.502128261676,24107.003555976647,24381.3359375,6494327
2024-04-01,24278.459323321913,24278.459323321913,23832.668253036816,24004.126953125,11452613
2024-04-02,23661.21149037886,24141.293138223456,23386.879120181948,24004.126953125,10094187
2024-04-03,23935.54317621576,24004.126266804076,23249.710332902443,23352.5859375,13175235
2024-04-04,23455.46295947765,23524.04605421034,22975.379358918508,23009.671875,10275706
2024-04-05,22769.62890625,23043.961271102842,22701.04581503679,22769.62890625,14223850
2024-04-08,22838.212719487106,23489.75307532597,22598.17092393692,22975.37890625,17367816
2024-04-09,23249.710169042584,23489.751953125,23009.670322390328,23489.751953125,7576787
2024-04-10,23558.335547255927,23558.335547255927,23078.25390625,23078.25390625,6221542
2024-04-11,22838.212550380522,23112.544921875,22803.920035228595,23112.544921875,6045375
2024-04-12,23181.128121298545,24724.250624193162,23078.254450230383,24621.376953125,34387637
2024-04-15,24552.793460487697,24895.708920853096,22906.795375873357,22941.087890625,42367960
2024-04-16,23249.710332902443,23352.5859375,22495.29633643098,23352.5859375,22294716
2024-04-17,23489.75379232567,23489.75379232567,22392.42232729741,22426.71484375,27619368
2024-04-18,22426.71484375,22426.71484375,22426.71484375,22426.71484375,0
2024-04-19,22015.214305056783,22461.00539378325,21432.2570255576,21672.298828125,18861333
2024-04-22,21980.922148802416,22220.96199671507,21740.8803634596,22152.37890625,11235514
2024-04-23,22118.08900669643,22289.545769391756,21363.673051060276,21603.71484375,15460493
2024-04-24,21946.629594927137,22598.169921875,21740.880323906258,22598.169921875,13035806
2024-04-25,22529.587284331898,22632.462890625,22118.088734019886,22632.462890625,7034834
2024-04-26,22323.838175709167,22735.33672909091,22049.505806788005,22495.296875,12978096
2024-04-29,22495.296875,22495.296875,22495.296875,22495.296875,0
2024-04-30,22495.296875,22495.296875,22495.296875,22495.296875,0
2024-05-01,22495.296875,22495.296875,22495.296875,22495.296875,0
2024-05-02,22495.296757134354,22495.296757134354,21946.63008473659,22186.671875,9200333
2024-05-03,22255.255405952143,22529.587778848312,22049.506126280015,22220.962890625,8910336
2024-05-06,22358.130358970735,22803.91948314151,22186.671662222616,22769.62890625,11031721
2024-05-07,22769.62924392116,22803.919821321197,22495.296875,22495.296875,7147506
2024-05-08,22392.42143703398,22632.463230367757,22186.67215878941,22358.130859375,12146580
2024-05-09,22495.297764433028,22906.79633408486,22255.255963420983,22563.880859375,10409061
2024-05-10,22735.33717131792,22735.33717131792,22323.83860993208,22529.587890625,6735291
2024-05-13,22529.58687252295,22529.58687252295,22118.08832973255,22152.37890625,10130346
2024-05-14,22220.96199671507,22426.713205540433,22118.08832973255,22152.37890625,8163144
2024-05-15,22255.254966870943,22632.46294087624,22118.088783129053,22186.671875,11467945
2024-05-16,22495.296541397158,23112.54436231605,22323.83784464904,22769.62890625,20529282
2024-05-17,22872.505579753917,22906.796158246532,22563.88068616898,22701.046875,8603707
2024-05-20,22838.213343032872,23249.71191455659,22666.75463618284,22872.505859375,17570886
2024-05-21,22941.08772310545,23386.878787040336,22872.504631533175,23078.25390625,8792602
2024-05-22,23215.420138948783,23249.710716093014,22426.713615468994,22632.462890625,16839892
2024-05-23,22598.17064427688,22803.919921875,22358.130789127517,22803.919921875,8061320
2024-05-24,22701.04539904377,23249.71011869526,22152.37874196213,22289.544921875,20135726
2024-05-27,22426.714107727374,22426.714107727374,22015.21361095287,22220.962890625,11885511
2024-05-28,22255.2555781015,22289.546156263645,21740.881406227258,22083.796875,35704553
2024-05-29,22083.795857612393,22083.795857612393,21706.587890625,21706.587890625,22609446
2024-05-30,21500.83994827475,22015.214128256735,21500.83994827475,21809.46484375,13910568
2024-05-31,21809.46378349854,22083.796149504382,21809.46378349854,21878.046875,8953149
2024-06-03,21878.046875,21878.046875,21878.046875,21878.046875,0
2024-06-04,22426.713782769708,22598.170544630328,22255.255083478874,22495.296875,12790068
2024-06-05,22563.88029417546,22598.170872072358,22220.962890625,22220.962890625,12125608
2024-06-06,22289.545829196577,22426.713952123187,22186.67215878941,22358.130859375,10756767
2024-06-07,22495.296875,22563.879967230292,22392.421267939455,22495.296875,6229786
2024-06-10,22598.17092393692,23284.00379518163,22563.88034596132,22975.37890625,19259807
2024-06-11,23284.003059064173,23284.003059064173,22735.3363919283,22769.62890625,15497086
2024-06-12,22803.92020408126,23078.254515037293,22529.587830555472,22975.37890625,10979797
2024-06-13,23318.294029871788,23421.169637144572,22975.37856801286,23249.7109375,20259101
2024-06-14,23249.710889533195,23284.003404363448,22495.296875,22495.296875,15085306
2024-06-17,22495.29642038723,22598.170087938557,22152.37902873566,22461.00390625,12175363
2024-06-18,22461.004242483777,22529.58733435472,22186.671875,22186.671875,11204128
2024-06-19,22220.961831918565,22323.837435568294,21912.33889582968,22289.544921875,9696725
2024-06-20,22152.37996875455,22323.83867185605,21946.630687490906,22083.796875,10188345
2024-06-21,22220.963062509098,22255.2555781015,22049.506296837855,22083.796875,7091676
2024-06-24,22083.795857612393,22186.671462219925,21638.004800030034,21706.587890625,12206025
2024-06-25,21878.04811428407,21878.04811428407,21569.423216330313,21672.298828125,7829756
2024-06-26,21672.298107442155,21706.588685279894,21295.090126645584,21466.548828125,9482808
2024-06-27,21466.548828125,21535.131921230717,21363.6732197513,21466.548828125,5907825
2024-06-28,21466.54808462111,21569.42175200149,21260.796875,21260.796875,6539887
2024-07-01,21157.924306305486,21946.630859375,21157.924306305486,21946.630859375,5676407
2024-07-02,21946.629634854802,22186.671420197617,21878.046544389734,22152.37890625,7408575
2024-07-03,22186.671875,22289.545544091314,21980.922599387166,22186.671875,4796293
2024-07-04,22220.96199671507,22289.545087180133,21980.922148802416,22152.37890625,3654387
2024-07-05,22186.673040872793,22529.588518247154,22015.21433347046,22426.71484375,8085185
2024-07-08,22461.004529782167,22461.004529782167,22152.3796437002,22358.130859375,5570967
2024-07-09,22358.131748275126,22495.29793922487,22220.963619895076,22426.71484375,6843913
2024-07-10,22426.714107727374,22529.587778848312,22220.962890625,22220.962890625,7528912
2024-07-11,22289.546156263645,22358.131187448453,22083.796875,22083.796875,5593675
2024-07-12,22083.79704795837,22152.380142250055,21878.047765083316,21946.630859375,5603221
2024-07-15,21980.922313850075,22083.795981605035,21946.629799644965,22015.212890625,3545042
2024-07-16,22049.50507574255,22529.586705437603,22015.212562049255,22289.544921875,9530249
2024-07-17,22426.713615468994,23181.12762437435,22323.83800917589,22632.462890625,32685843
2024-07-18,22838.212283800276,22941.087890625,22461.00430868323,22941.087890625,11731473
2024-07-19,22803.919317089203,23181.127284730224,22461.003863520174,22906.794921875,14677141
2024-07-22,22769.629025459664,23386.878787040336,22735.336510958427,23078.25390625,22951077
2024-07-23,23112.5450399678,23112.5450399678,21980.923033055973,22220.962890625,14211556
2024-07-24,22186.672484346953,22289.546156263645,21740.881406227258,22083.796875,14921143
2024-07-25,21946.630750876964,21946.630750876964,21535.13218716119,21638.005859375,8831509
2024-07-26,21638.006412170922,22049.506923829755,21638.006412170922,21980.923828125,4745670
2024-07-29,22049.505404830106,22186.671586790177,22015.212890625,22015.212890625,4512950
2024-07-30,21946.630859375,22015.213953666687,21809.46467079163,21946.630859375,6196665
2024-07-31,21946.630859375,22152.380142250055,21809.46467079163,21946.630859375,9462703
2024-08-01,21946.62984488281,22255.254723644215,21466.54820703299,21569.421875,12744074
2024-08-02,21295.090389611854,21638.005859375,20746.42563799082,21638.005859375,15054498
2024-08-05,21192.213998133284,21226.506512559594,20574.966175331458,20677.83984375,15375592
2024-08-06,20917.88131422038,20986.464404599454,20540.6733484204,20952.173828125,7045392
2024-08-07,21020.757699385744,21020.757699385744,20609.257204394675,20712.1328125,5629979
2024-08-08,20712.1328125,20883.591513532134,20609.257204394675,20712.1328125,7456015
2024-08-09,20815.00831054687,21603.71484375,20815.00831054687,21603.71484375,10384762
2024-08-12,21638.005252615694,21775.171436674627,21397.965399227673,21740.880859375,4414742
2024-08-13,21843.755859375,21843.755859375,21500.83847132276,21843.755859375,5444699
2024-08-14,21843.757359882933,21946.631033421156,21672.298654078844,21809.46484375,6751635
2024-08-15,21809.463345597713,21912.33894949942,21569.42156144718,21843.755859375,6395540
2024-08-16,21843.75580587324,22289.544921875,21809.463292179946,22289.544921875,11362794
2024-08-19,22289.54626515049,22426.714390759927,22186.672592731247,22392.421875,8480187
2024-08-20,22392.420935862247,22872.504511784908,22358.130358970735,22769.62890625,15571719
2024-08-21,22803.920586431563,23455.462890625,22632.463818818276,23455.462890625,39746277
2024-08-22,23558.33621933777,24004.127295990365,23524.045641288474,23729.794921875,16612234
2024-08-23,23592.627966657874,23969.8359375,23421.169269703216,23969.8359375,14262324
2024-08-26,24004.127295990365,24004.127295990365,23592.628734817317,23729.794921875,13862548
2024-08-27,23729.79520169097,24004.127579041196,23489.753402794384,23901.25390625,16919732
2024-08-28,23935.544921875,23969.837438385253,23661.21253951422,23935.544921875,8589822
2024-08-29,23969.836375565497,24244.16874576241,23661.21149037886,24004.126953125,18124699
2024-08-30,24004.127406237953,24072.710500081786,23764.085609069403,24038.419921875,11750420
2024-09-02,24038.419921875,24038.419921875,24038.419921875,24038.419921875,0
2024-09-03,24038.419921875,24038.419921875,24038.419921875,24038.419921875,0
2024-09-04,23729.795290956165,24209.876953125,23626.9196803477,24209.876953125,15109894
2024-09-05,24141.293138223456,24347.04241587114,23729.794582928087,24004.126953125,12300473
2024-09-06,23866.96131000359,24347.04296875,23729.79512179033,24347.04296875,13244805
2024-09-09,24141.29325222713,24312.751953125,24004.127066480924,24312.751953125,7775084
2024-09-10,24278.458879616115,24381.334485274943,23866.96033184117,23969.8359375,10810282
2024-09-11,23969.8359375,24072.70960572864,23626.918543590687,23969.8359375,7946767
2024-09-12,24175.585653213184,24175.585653213184,23798.377675477317,24004.126953125,7231250
2024-09-13,23866.961826284805,24004.128017465195,23764.086214184357,23935.544921875,4975209
2024-09-16,23969.83715930534,23969.83715930534,23661.212264027617,23764.0859375,8404542
2024-09-17,23695.501634886514,23969.8359375,23558.335452294865,23969.8359375,7564637
2024-09-18,23969.83676628122,24895.709499502922,23866.96115706536,24484.2109375,25293467
2024-09-19,24518.50029006234,24827.12516485306,24415.626623418877,24689.958984375,8440267
2024-09-20,24724.249560779434,25135.75003964378,24655.666470540404,24689.958984375,19040393
2024-09-23,24655.667531004307,24895.709325880423,24449.91825143774,24621.376953125,6422298
2024-09-24,24621.37633152901,24827.125605901187,24449.917634170426,24724.25,8022123
2024-09-25,25032.874435570153,25101.457525809186,24689.958984375,24689.958984375,14171203
2024-09-26,24689.960589954142,24998.585484814626,24312.75260039469,24964.29296875,33020821
2024-09-27,24998.584971245135,25752.99899743511,24998.584971245135,25375.791015625,22589052
2024-09-30,25307.207485232175,25512.958698978706,25135.750723683683,25341.5,7004026
2024-10-01,25341.499881749452,25444.375488142672,24930.001331036987,25032.875,17812139
2024-10-02,24792.832651018467,24998.58385916572,24655.666470540404,24689.958984375,16303291
2024-10-03,24689.960762767,25204.334945324645,24621.377667588,24827.126953125,13178706
2024-10-04,24792.832985818342,24792.832985818342,24415.626953125,24415.626953125,12360063
2024-10-07,24621.376059449514,24655.666636084185,24347.041759221287,24552.79296875,7663858
2024-10-08,24552.794469285618,24792.834332688784,24381.335763343108,24518.501953125,9601988
2024-10-09,24552.79369060243,25101.458432329287,24484.210597886573,24758.54296875,13224846
2024-10-10,24998.585203587536,25135.751391442383,24724.250890447576,24792.833984375,9005073
2024-10-11,24861.416015625,24895.708529838044,24552.793074858517,24861.416015625,6100481
2024-10-14,24964.291788815975,24998.58430325977,24724.25,24724.25,5845487
2024-10-15,24861.417078302424,25238.625063618387,24758.54340612642,24792.833984375,15312964
2024-10-16,24758.54279987886,24998.584591462215,24621.376615382716,24895.708984375,5464804
2024-10-17,25032.875453520915,25067.16796875,24724.2505661801,25067.16796875,8968480
2024-10-18,25238.623984817572,25307.207075813476,24861.416015625,24861.416015625,10203243
2024-10-21,24758.543470820052,24930.002174801764,24347.04296875,24347.04296875,11921091
2024-10-22,24347.04241587114,24449.918023410097,23866.960768026544,24004.126953125,13767956
2024-10-23,24004.127406237953,24107.003015718834,23832.668702913237,24038.419921875,6492013
2024-10-24,24004.127579041196,24107.00318926267,23352.58721411927,23901.25390625,9265274
2024-10-25,23832.668593453134,23866.961108932683,23661.211828346157,23729.794921875,6433869
2024-10-28,23764.084439176157,23866.960043592528,23695.50134870863,23798.376953125,3309429
2024-10-29,23798.377240545346,23969.8359375,23798.377240545346,23969.8359375,4179997
2024-10-30,23935.54357506181,24004.126666792945,23661.211208137254,23832.66796875,3798735
2024-10-31,23935.544250732513,24518.50151561845,23866.96115706536,24484.2109375,12150196
2024-11-01,24381.33443882732,24655.666803488002,24347.041924529643,24415.626953125,11546627
2024-11-04,24381.33532828414,24655.667702952756,24244.169140949834,24484.2109375,7589949
2024-11-05,24347.042875457122,24484.211000575055,24038.419921875,24038.419921875,5920120
2024-11-06,24141.293363372766,24621.376953125,24072.71027018391,24621.376953125,5125197
2024-11-07,24621.376226620512,24792.832985818342,24415.626953125,24415.626953125,5528588
2024-11-08,24484.21053839982,24689.959816047507,23866.960768026544,24004.126953125,7110768
2024-11-11,24004.126514432817,24004.126514432817,23215.419995815744,23969.8359375,23612645
2024-11-12,23866.96021034005,23901.252724528484,23455.46166465995,23661.2109375,4834043
2024-11-13,23626.919030208355,23661.21154527765,23284.003566666583,23558.3359375,6138665
2024-11-14,23524.044506472586,23524.044506472586,23043.9609375,23043.9609375,7622637
2024-11-15,23043.96234707755,23043.96234707755,22495.29759175347,22701.046875,12077733
2024-11-18,22701.046702834254,23078.25468797394,22426.714327252765,22838.212890625,5890903
2024-11-19,22975.379533540778,23043.96262879473,22632.464057271012,22872.505859375,7637824
2024-11-20,22666.75455070432,23318.294921875,22666.75455070432,23318.294921875,9392699
2024-11-21,23318.294090202493,24004.126953125,23043.961720005584,24004.126953125,11297274
2024-11-22,23935.543860575774,24141.293138223456,23798.377675477317,24004.126953125,8940855
2024-11-25,23969.83726358009,24072.7109375,23798.378557139848,24072.7109375,5531626
2024-11-26,24004.127669338355,24244.169469137916,23935.54457474281,24209.876953125,6564765
2024-11-27,24072.709438999507,24209.87562064113,23969.835771483373,24107.001953125,3993560
2024-11-28,24209.875892783246,24278.458984375,23969.836040927214,24278.458984375,4758254
2024-11-29,24347.04324718249,24587.085048015946,24175.58647867027,24518.501953125,7437791
2024-12-02,24621.37649905212,24689.959590976152,24484.210315204058,24587.083984375,6462796
2024-12-03,24655.667531004307,24655.667531004307,24312.752065060027,24621.376953125,7609764
2024-12-04,24415.628174341928,24484.211268937477,24209.876953125,24209.876953125,5984772
2024-12-05,24209.876989631102,25032.876063448966,24038.420221598833,24964.29296875,15035117
2024-12-06,25032.874711829856,25135.750317038804,24861.416015625,24861.416015625,8136964
2024-12-09,24792.83277519721,25032.874560951183,24724.249684614668,24998.583984375,6353161
2024-12-10,24998.585046621793,25032.875624655062,24758.543250667895,24930.001953125,4763461
2024-12-11,24895.709437661477,25101.458718151855,24827.126344164688,24930.001953125,6349546
2024-12-12,24964.29207662307,25238.624445615354,24827.12589212693,24895.708984375,7247016
2024-12-13,24792.833828701165,25032.875624655062,24758.543250667895,24930.001953125,6046243
2024-12-16,24930.00104405109,25170.040893821668,24827.12543884214,24861.416015625,4146007
2024-12-17,24861.416015625,24930.00104405109,24724.24983363319,24861.416015625,4960890
2024-12-18,24827.12543884214,24964.29162083395,24552.793074858517,24861.416015625,4242624
2024-12-19,24587.08515128335,24827.126953125,24415.628382051003,24827.126953125,9140308
2024-12-20,24689.960312198997,24792.833984375,24484.21103041672,24792.833984375,4943967
2024-12-23,24827.12543884214,24895.708529838044,24758.542347846233,24861.416015625,4479684
2024-12-24,24758.543857946,24827.126953125,24621.377667588,24827.126953125,4094806
2024-12-25,24827.125312151205,26541.706453159826,24827.125312151205,26198.7890625,36434967
2024-12-26,26335.95524379186,26335.95524379186,26061.622881208135,26198.7890625,7010679
2024-12-27,26301.666121933133,26610.291015625,26061.62432268054,26610.291015625,13797317
2024-12-30,26404.538742620225,26678.873046875,26301.665073776112,26678.873046875,10429165
2024-12-31,26473.123700859986,26541.706792382458,25924.45703125,25924.45703125,7882259
2025-01-01,25924.45703125,25924.45703125,25924.45703125,25924.45703125,0
2025-01-02,26061.623937823508,26267.373218102988,25787.29156411754,26130.20703125,8305900
2025-01-03,25924.45754161079,26061.623727356055,25512.958984375,25512.958984375,14875149
2025-01-06,25547.2495620962,25821.581933586727,25410.083376350933,25512.958984375,8743715
2025-01-07,25718.708531133965,26061.623999072333,25478.66673486198,25684.416015625,9064953
2025-01-08,25650.124665160103,25993.040122772472,25547.249059161295,25924.45703125,5300496
2025-01-09,25924.457369671065,25993.04046208883,25547.24939265824,25650.125,5867472
2025-01-10,25650.125889578685,26198.790647949198,25512.95969998606,25718.708984375,10849190
2025-01-13,25512.95952832569,25855.875,24827.12664754679,25855.875,13563295
2025-01-14,25684.415460527194,25993.040343716777,25307.207485232175,25341.5,5375707
2025-01-15,25375.790747070325,25444.375777064728,25101.458376813625,25204.333984375,7203914
2025-01-16,25375.790747070325,25444.375777064728,25101.458376813625,25204.333984375,7203914
2025-01-17,25238.624675454237,25512.958984375,25101.458489708974,25512.958984375,5710686
2025-01-20,25547.250452403492,25855.875349800855,25478.667357140777,25581.54296875,6364009
2025-01-21,25684.416642928918,25924.45844506357,25410.084261878063,25581.54296875,7958772
2025-01-22,25787.29225453814,25787.29225453814,25547.250452403492,25581.54296875,6505319
2025-01-23,25650.12537726455,26198.790124676492,25581.54228383806,26130.20703125,10968949
2025-01-24,26130.206137956895,26164.498652212937,25890.16435045517,26061.623046875,7300676
2025-01-27,26061.623046875,26061.623046875,26061.623046875,26061.623046875,0
2025-01-28,26061.623046875,26061.623046875,26061.623046875,26061.623046875,0
2025-01-29,26061.623046875,26061.623046875,26061.623046875,26061.623046875,0
2025-01-30,26061.623046875,26061.623046875,26061.623046875,26061.623046875,0
2025-01-31,26061.623046875,26061.623046875,26061.623046875,26061.623046875,0
2025-02-03,26233.082200177716,26473.12399186008,25924.457316218995,26095.916015625,12042297
2025-02-04,26233.082522903896,27261.83085713542,26095.916336663726,27021.7890625,21027845
2025-02-05,27193.247322897678,27227.53790018635,26816.039348141,26987.498046875,9670402
2025-02-06,27021.789951498577,27330.414849407633,26884.62376074573,27090.373046875,9441442
2025-02-07,27090.37290545551,28256.2874581986,26918.914199194365,27981.955078125,21657448
2025-02-10,27981.954530885647,28187.703811917036,27467.580359592048,27639.0390625,13792255
2025-02-11,27673.3293001185,28050.537279416505,27536.163114451996,27913.37109375,11023332
2025-02-12,27913.371264631216,27981.954357884322,27707.621984871894,27776.205078125,6993178
2025-02-13,27639.038122637576,28324.86903608726,27639.038122637576,28016.24609375,10045300
2025-02-14,28119.1209869616,28359.16278584065,27776.205515298865,27810.49609375,7977575
2025-02-17,27776.205864395946,27879.079538472564,27536.1640625,27536.1640625,8608624
2025-02-18,27536.16345326918,28119.120718239905,27467.580359592048,27639.0390625,9458220
2025-02-19,27810.49565603643,28084.829966479105,27741.912562783324,27776.205078125,8874900
2025-02-20,28153.412276439936,28153.412276439936,27741.911790939932,28016.24609375,7615405
2025-02-21,28016.246032202136,28462.03515625,27776.20424430699,28462.03515625,11152348
2025-02-24,28462.03677593114,28770.66167258342,28359.16310200058,28736.37109375,9784375
2025-02-25,28770.661219015932,28873.536828754965,28393.45323321317,28702.078125,8286085
2025-02-26,28667.78699522481,28667.78699522481,28187.703408918387,28359.162109375,13640531
2025-02-27,28290.57839697934,28496.327670562245,28016.246032202136,28462.03515625,8793470
2025-02-28,28324.868973861398,28530.62018487449,28119.119700278494,28462.03515625,7997390
2025-03-03,28256.287561774952,28290.580078125,28016.24769704581,28290.580078125,11100134
2025-03-04,28119.120596045188,28667.787280508186,27981.954409287,28530.62109375,10766458
2025-03-05,28530.62142349224,28976.410566893428,28221.996531004264,28256.287109375,11299154
2025-03-06,28393.453404585176,28633.495203804872,28256.287215725428,28564.912109375,8156346
2025-03-07,28599.20351389757,29079.28515625,28564.91099930015,29079.28515625,15705942
2025-03-10,29285.03488837109,29285.03488837109,28873.53633136419,29113.578125,13253050
2025-03-11,28804.95262365205,29216.451171875,28667.786440911066,29216.451171875,10042841
2025-03-12,29353.617810563574,29696.535210172737,29010.70234838463,29250.744140625,13524243
2025-03-13,29285.03550208702,29285.03550208702,28907.82751487723,29010.703125,11447840
2025-03-14,28839.244420605475,29010.703125,28667.787653641226,29010.703125,11263863
2025-03-17,29010.701897763523,29216.451171875,28942.118806393035,29216.451171875,5004281
2025-03-18,29422.20095807758,29422.20095807758,28770.6606100028,28804.953125,7820066
2025-03-19,28736.36991672315,28804.953009011162,28393.45251785287,28496.328125,12537966
2025-03-20,28496.32857834533,28667.787280508186,28119.120596045188,28530.62109375,12742483
2025-03-21,28530.621530875203,28564.912109375,28153.41354279576,28564.912109375,10646843
2025-03-24,28393.45280006602,28667.787109375,28187.703521156967,28667.787109375,9910064
2025-03-25,28770.66132633372,29010.703125,28599.20455936947,29010.703125,7284332
2025-03-26,28976.4096000417,29113.577721238584,28530.620471515096,28633.494140625,7910897
2025-03-27,28393.45296956156,28633.494765103515,28290.579298208046,28530.62109375,5075008
2025-03-28,28462.035779704784,28496.3282947682,28221.9959239818,28359.162109375,5919830
2025-03-31,28256.287387915334,28427.74609375,28050.538103371902,28427.74609375,6681776
2025-04-01,28564.911936968136,28702.078125,28153.41337287254,28702.078125,6852158
2025-04-02,28770.66015625,29010.701945153938,28599.203396258785,28770.66015625,8064791
2025-04-03,27913.37202241773,27913.37202241773,26781.748046875,26781.748046875,28689678
2025-04-04,24930.001459821695,26541.70703125,24930.001459821695,26541.70703125,25590550
2025-04-07,26541.70703125,26541.70703125,26541.70703125,26541.70703125,0
2025-04-08,24758.54207461403,26198.78890706384,24689.958984375,24689.958984375,27030552
2025-04-09,23181.12890625,25375.79183746879,23181.12890625,23181.12890625,25319935
2025-04-10,24792.833984375,24792.833984375,24792.833984375,24792.833984375,4204730
2025-04-11,25375.791759609037,26404.540126550764,25067.16879947076,26335.95703125,29283412
2025-04-14,26473.124263243506,26473.124263243506,25958.750097182714,26267.373046875,14102356
2025-04-15,25924.45853208662,26061.624723072488,25512.959959129017,25890.166015625,14830601
2025-04-16,25890.16502645936,26130.206820228686,25512.958984375,25512.958984375,9519256
2025-04-17,25375.79129616434,25615.833094048212,25135.751435710736,25547.25,12581791
2025-04-18,25958.75032740595,26095.9165145813,25684.416015625,25684.416015625,12308573
2025-04-21,25752.999282144632,25958.750501719533,25170.04201401971,25547.25,14512400
2025-04-22,25307.206881630504,25478.66557651975,23764.084439917784,25444.375,21788488
2025-04-23,25650.126064012715,25821.582833454348,25375.791745531555,25581.54296875,9698606
2025-04-24,25684.41557749377,25684.41557749377,25272.917022987178,25650.125,9825307
2025-04-25,25512.95853016592,25718.70780512085,25410.082923973358,25478.666015625,9351189
2025-04-28,25547.25034868713,25547.25034868713,25170.042357558432,25272.91796875,7383842
2025-04-29,25204.334097733037,25512.958984375,25170.041582581605,25512.958984375,7135935
2025-04-30,25512.958984375,25512.958984375,25512.958984375,25512.958984375,0
2025-05-01,25512.958984375,25512.958984375,25512.958984375,25512.958984375,0
2025-05-02,25512.958984375,25512.958984375,25512.958984375,25512.958984375,0
2025-05-05,25581.54145436374,25718.70763676915,25410.082757641885,25615.83203125,5238447
2025-05-06,25581.54145436374,25718.70763676915,25410.082757641885,25615.83203125,5238447
2025-05-07,25615.83231699055,25958.74971425945,25512.958647754047,25787.291015625,10466192
2025-05-08,25718.708531133965,25752.999109212673,25478.66673486198,25684.416015625,8862751
2025-05-09,25650.124379452263,25787.290560969363,25512.95819793516,25752.998046875,11486025
2025-05-12,25718.708206755553,26027.333092722667,25684.415691679107,25958.75,12969417
2025-05-13,25718.708206755553,26027.333092722667,25684.415691679107,25958.75,12969417
2025-05-14,26130.206914508646,27021.7890625,26130.206914508646,27021.7890625,22777947
2025-05-15,27056.081407806254,27158.955078125,26816.0396146788,27158.955078125,13479840
2025-05-16,27158.954472669433,27536.162442766257,26918.91268489324,27261.830078125,14146181
2025-05-19,26575.997274315334,26884.62215377702,26438.83109176129,26816.0390625,10469374
2025-05-20,26575.997274315334,26884.62215377702,26438.83109176129,26816.0390625,10469374
2025-05-21,26541.708283863616,27090.373046875,26541.708283863616,27090.373046875,9505660
2025-05-22,26953.2064211305,27707.62239552611,26953.2064211305,27056.08203125,12493708
2025-05-23,26987.49746824057,27090.371135331105,26507.41389705084,26644.580078125,10212789
2025-05-26,26575.99858914933,26918.9140625,26061.624410408178,26918.9140625,10135119
2025-05-27,26575.99858914933,26918.9140625,26061.624410408178,26918.9140625,10135119
2025-05-28,26918.913284997547,27158.955078125,26747.45652198956,27158.955078125,11212806
2025-05-29,27227.537731157594,27261.83024566359,26816.039181666827,27124.6640625,8072023
2025-05-30,27056.08101997389,27090.37159711186,26678.873046875,26678.873046875,10772822
2025-06-02,26233.08335701401,26507.415738217056,26027.334071111727,26335.95703125,6381510
2025-06-03,26233.08335701401,26507.415738217056,26027.334071111727,26335.95703125,6381510
2025-06-04,26507.41512496408,26575.998218678164,26335.956421963747,26438.83203125,6212430
2025-06-05,26541.70718500422,26678.873370078218,26370.248484946613,26404.5390625,6010228
2025-06-06,26404.53951567783,26575.998218678164,26061.624047107423,26438.83203125,6265656
2025-06-09,26198.78922903879,26233.08174329483,25993.039955793105,26061.623046875,4588740
2025-06-10,26198.78922903879,26233.08174329483,25993.039955793105,26061.623046875,4588740
2025-06-11,26061.623670368885,26198.78985581422,25958.75,25958.75,6721695
2025-06-12,26061.623046875,26061.623046875,25752.99816829138,26061.623046875,8642614
2025-06-13,26095.91611479862,26438.831577483612,25993.04050727801,26404.5390625,11922104
2025-06-16,27398.99726591492,27639.0390625,27364.704750361227,27639.0390625,8803594
2025-06-17,27398.99726591492,27639.0390625,27364.704750361227,27639.0390625,8803594
2025-06-18,27741.913172886394,27741.913172886394,27296.12208822219,27673.330078125,11384490
2025-06-19,27570.456578812405,27707.622769201433,27398.997872110973,27536.1640625,7990737
2025-06-20,27570.45562958374,28153.412887381503,27467.580021618745,27913.37109375,14660364
2025-06-23,28084.829738588604,28359.162109375,27810.49543037198,28359.162109375,7012560
2025-06-24,28084.829738588604,28359.162109375,27810.49543037198,28359.162109375,7012560
2025-06-25,28496.328125,28667.786824435138,28359.161940423975,28496.328125,14192754
2025-06-26,28599.203125,28804.95239749608,28462.03500590577,28599.203125,12417050
2025-06-27,28667.78799865286,28736.37109375,28324.870585736862,28736.37109375,8734169
2025-06-30,28804.95418884714,28804.95418884714,28496.32929219486,28736.37109375,8553084
2025-07-01,28804.95418884714,28804.95418884714,28496.32929219486,28736.37109375,8553084
2025-07-02,28599.204903555717,28804.95418884714,28496.32929219486,28736.37109375,5912888
2025-07-03,28702.07857748628,28873.53728394428,28667.78799865286,28736.37109375,6186685
2025-07-04,28702.078061788092,29319.327844002353,28667.78748357078,29147.869140625,14758283
2025-07-07,29490.78398747782,30450.94921875,29456.493409984287,30450.94921875,16629446
2025-07-08,29490.78398747782,30450.94921875,29456.493409984287,30450.94921875,16629446
2025-07-09,30519.53231116728,30588.115403584565,30210.90936400462,30450.94921875,5760585
2025-07-10,30450.94873337522,30999.615401398198,30382.36564205112,30862.44921875,10946241
2025-07-11,30793.866127425903,30862.44921875,30382.36564205112,30862.44921875,9469357
2025-07-14,30519.53337712538,30553.825893246867,29970.86861862386,30382.3671875,17449391
2025-07-15,30519.53337712538,30553.825893246867,29970.86861862386,30382.3671875,17449391
2025-07-16,30382.36585649716,30759.57383015722,30245.19967288081,30279.4921875,10366103
2025-07-17,30279.49344585814,30828.158203125,30108.034740497103,30828.158203125,8228230
2025-07-18,30793.866127425903,30965.32288702105,30588.114916023416,30862.44921875,10878262
2025-07-21,31273.947598193314,31376.82320334027,30656.699779602106,30999.615234375,9488015
2025-07-22,31273.947598193314,31376.82320334027,30656.699779602106,30999.615234375,9488015
2025-07-23,30999.616840716302,31273.94921875,30656.70136817418,31273.94921875,6968301
2025-07-24,31342.530811270808,31445.406416818612,30725.282990274558,31308.240234375,9163884
2025-07-25,31308.240672624197,31513.989949169667,30999.61578909088,31342.53125,7334376
2025-07-28,31205.366124241576,31548.281596783698,31136.783029733153,31273.94921875,15288086
2025-07-29,31205.366124241576,31548.281596783698,31136.783029733153,31273.94921875,15288086
2025-07-30,31411.11498083026,31582.573683486014,30039.451171875,30039.451171875,21310609
2025-07-31,30176.61728872701,32131.238357241975,30073.74167988717,31685.44921875,32497236
2025-08-01,32577.02867208244,32577.02867208244,30896.740016489177,31479.697265625,28047492
2025-08-04,30176.616323069924,31376.823325596804,29902.283958182703,31308.240234375,14027145
2025-08-05,30176.616323069924,31376.823325596804,29902.283958182703,31308.240234375,14027145
2025-08-06,31513.99122773107,33434.31982416245,31273.949426640786,31891.19921875,34823716
2025-08-07,32371.28001748634,32748.487998414003,31925.48894342913,32577.029296875,13836080
2025-08-08,32919.94789345887,32919.94789345887,32199.82442077552,32817.07421875,13244082
2025-08-11,32782.7805136939,32817.0730289738,32336.989439636687,32577.029296875,12818995
2025-08-12,32782.7805136939,32817.0730289738,32336.989439636687,32577.029296875,12818995
2025-08-13,32577.027923874684,33228.570187290716,32234.112472679528,32919.9453125,20767499
2025-08-14,32988.52897448561,34017.27734375,32336.99053637252,34017.27734375,25597204
2025-08-15,34428.77734375,35046.02322153919,34017.27492541009,34428.77734375,27029684
2025-08-18,33640.06931542829,33880.10916673626,33057.11206951432,33262.86328125,17925245
2025-08-19,33640.06931542829,33880.10916673626,33057.11206951432,33262.86328125,17925245
2025-08-20,33537.19761299107,34154.44353466121,33502.905096548115,34017.27734375,16993786
2025-08-21,34051.56711456118,35663.272633958986,33674.36108868522,34703.109375,22760012
2025-08-22,35183.19195974759,36143.359172510085,34977.44461048464,35526.109375,25799116
2025-08-25,35320.36142149797,35388.94257845883,33468.612060646294,33674.36328125,22726312
2025-08-26,35320.36142149797,35388.94257845883,33468.612060646294,33674.36328125,22726312
2025-08-27,33297.15257280555,35114.609375,33262.863932561864,35114.609375,14389170
2025-08-28,35663.27319395315,36486.274160844136,34840.27610192253,35046.0234375,26855542
2025-08-29,35114.6090377723,35526.10759048885,34565.94430081691,35388.94140625,11903156
2025-09-01,35388.94140625,35388.94140625,35388.94140625,35388.94140625,0
2025-09-02,35388.94140625,35388.94140625,35388.94140625,35388.94140625,0
2025-09-03,35046.02288719806,35114.60791455385,34565.94319514871,34703.109375,14707949
2025-09-04,35046.02288719806,35114.60791455385,34565.94319514871,34703.109375,14707949
2025-09-05,34703.10904912353,35526.10612050295,34565.94287056029,34977.44140625,13045062
2025-09-08,34291.61271838785,34360.19387464911,33640.07042217304,33948.6953125,21359062
2025-09-09,34291.61271838785,34360.19387464911,33640.07042217304,33948.6953125,21359062
2025-09-10,33948.6961857247,34154.44353466121,33502.905096548115,34017.27734375,10954630
2025-09-11,34017.27754359305,35251.77714390694,34017.27754359305,34634.52734375,17344385
2025-09-12,34428.77701529743,34703.109375,33502.90239515604,34703.109375,9979201
2025-09-15,34703.109375,34703.109375,34703.109375,34703.109375,0
2025-09-16,34703.11048505576,35388.94140625,34257.319417564395,35388.94140625,18623117
2025-09-17,35663.2740059989,36417.68996163506,35526.10782087055,36006.19140625,26790745
2025-09-18,36006.19333990077,36006.19333990077,35251.77734375,35251.77734375,11070484
2025-09-19,35320.360590764445,35388.94174611228,34703.110818331574,35114.609375,11857162
2025-09-22,34771.690604844865,34908.85678500127,33640.06864983941,33811.52734375,16885164
2025-09-23,34771.690604844865,34908.85678500127,33640.06864983941,33811.52734375,16885164
2025-09-24,33948.69586973351,34291.61328125,33880.110837485976,34291.61328125,6218649
2025-09-25,34085.86257688189,34634.52734375,33811.530193447834,34634.52734375,7449796
2025-09-26,34634.5255596513,34840.276774058475,34360.1931903487,34497.359375,6787216
2025-09-29,34771.69020097501,35114.60758481324,34565.94287056029,34977.44140625,6353740
2025-09-30,34771.69020097501,35114.60758481324,34565.94287056029,34977.44140625,6353740
2025-10-01,34840.27734375,34977.44353064418,34291.61259617328,34840.27734375,9396315
2025-10-02,34977.441985483,35594.69173666947,34565.943442978794,35320.359375,10275127
2025-10-03,35526.10670882194,35937.605251326146,35114.60816631773,35320.359375,12146869
2025-10-06,35183.18953216455,36143.35667867707,34977.44219709783,35937.60546875,13840853
2025-10-07,35183.18953216455,36143.35667867707,34977.44219709783,35937.60546875,13840853
2025-10-08,36211.93851168309,36211.93851168309,35388.94140625,35388.94140625,8756443
2025-10-09,35800.43985660646,36623.44083454687,35663.2736727598,36280.5234375,17322979
2025-10-10,36280.52269298521,37720.76953125,36074.77148400724,37720.76953125,31160216
2025-10-13,37515.023327742594,38612.352809068354,37446.43829772951,38406.60546875,15828449
2025-10-14,37818.92578125,38925.14453125,37749.78515625,38717.73046875,15828449
2025-10-15,38648.58984375,38648.58984375,37611.5078125,37611.5078125,19800169
2025-10-16,37680.6484375,38164.6171875,37404.08984375,37888.0625,11703847
2025-10-17,37957.203125,38026.33984375,36989.2578125,37196.67578125,15871984
2025-10-20,36505.28515625,36920.12109375,33739.734375,33808.875,36316076
2025-10-21,36505.28515625,36920.12109375,33739.734375,33808.875,36316076
2025-10-22,33878.01171875,34845.95703125,33808.875,34534.83203125,19423102
2025-10-23,34915.09375,34915.09375,33532.3203125,34915.09375,16871423
2025-10-24,34569.40234375,34845.95703125,34292.84375,34361.984375,12289770
2025-10-27,34431.12109375,34465.69140625,33601.45703125,33601.45703125,7755558
2025-10-28,34431.12109375,34465.69140625,33601.45703125,33601.45703125,7755558
2025-10-29,33566.88671875,33878.01171875,33013.77734375,33878.01171875,9044848
2025-10-30,34016.2890625,34776.81640625,33912.58203125,34327.4140625,9273519
2025-10-31,34431.12109375,34465.69140625,33947.15234375,34016.2890625,7001133
2025-11-03,34085.4296875,34292.84375,33532.3203125,33532.3203125,8129733
2025-11-04,33359.47265625,34569.40234375,33082.91796875,34534.83203125,10673167
2025-11-05,33359.47265625,34569.40234375,33082.91796875,34534.83203125,10673167
2025-11-06,35399.06640625,35399.06640625,34638.5390625,35329.92578125,10494107
2025-11-07,34915.09375,35399.06640625,33497.75,33878.01171875,18884909
2025-11-10,33670.59765625,33878.01171875,32944.640625,33186.625,11096084
2025-11-11,33290.33203125,33532.3203125,32495.236328125,33532.3203125,12744074
2025-11-12,33532.3203125,34223.70703125,33255.76171875,34016.2890625,9596637
2025-11-13,33981.71875,33981.71875,33463.1796875,33774.3046875,8140870
2025-11-14,33532.3203125,33601.45703125,33221.1953125,33566.88671875,9435512
2025-11-17,33705.1640625,33843.44140625,33428.609375,33774.3046875,7253235
2025-11-18,33808.875,34258.27734375,33774.3046875,34154.56640625,7894843
2025-11-19,34154.56640625,34154.56640625,33705.1640625,34120.0,7260322
2025-11-20,34085.4296875,34085.4296875,33636.02734375,33947.15234375,6571129
2025-11-21,33601.45703125,34016.2890625,33394.0390625,33947.15234375,9431607
2025-11-24,33947.15234375,34016.2890625,33705.1640625,33739.734375,5232662
2025-11-25,33670.59765625,33843.44140625,33290.33203125,33290.33203125,8054088
2025-11-26,33394.0390625,33808.875,33117.484375,33808.875,10227542
2025-11-27,33878.01171875,34292.84375,33739.734375,33774.3046875,11039098
2025-11-28,33636.02734375,33878.01171875,33324.90234375,33878.01171875,6759446
2025-12-01,33808.875,33843.44140625,33463.1796875,33463.1796875,3962463
2025-12-02,33843.44140625,34016.2890625,33463.1796875,33912.58203125,12941647
2025-12-03,34223.70703125,36228.73046875,34223.70703125,35952.17578125,32785786
2025-12-04,36090.453125,36367.0078125,35744.76171875,35952.17578125,10925847
2025-12-05,36021.31640625,36090.453125,35399.06640625,35606.484375,9343089
2025-12-08,35537.34375,35537.34375,34984.234375,35329.92578125,8841489
2025-12-09,35191.6484375,35191.6484375,34534.83203125,34638.5390625,13795582
2025-12-10,34845.95703125,35122.51171875,34638.5390625,34915.09375,5593819
2025-12-11,35053.37109375,35053.37109375,34569.40234375,34638.5390625,6585592
2025-12-12,34776.81640625,34984.234375,34223.70703125,34223.70703125,11591754
2025-12-15,34292.84375,34396.5546875,33912.58203125,34361.984375,7868374
2025-12-16,34569.40234375,35260.7890625,33912.58203125,35260.7890625,21832024
2025-12-17,35500.0,35550.0,34350.0,34700.0,10665100
2025-12-18,35500.0,35550.0,34350.0,34700.0,10665100
2025-12-19,34350.0,34600.0,34050.0,34450.0,7234100
2025-12-22,34500.0,35250.0,34300.0,35150.0,11776100
2025-12-23,35300.0,35550.0,34650.0,35000.0,9893700
2025-12-24,35000.0,35300.0,34700.0,35300.0,9502300
2025-12-25,35000.0,35300.0,34700.0,35300.0,9502300
2025-12-26,34900.0,35250.0,34250.0,35200.0,10622300
2025-12-29,35000.0,35350.0,34900.0,35300.0,7192400
2025-12-30,35350.0,35950.0,35200.0,35650.0,8456300
2025-12-31,35700.0,35800.0,35400.0,35750.0,7920700
2026-01-01,35750.0,35750.0,35750.0,35750.0,0
2026-01-02,35750.0,35750.0,35750.0,35750.0,0
2026-01-05,35800.0,36100.0,34550.0,35500.0,10427300
2026-01-06,35400.0,36200.0,34800.0,36200.0,14857900
2026-01-07,36400.0,37500.0,36350.0,37450.0,22144400
2026-01-08,37550.0,39500.0,37100.0,38200.0,31939500
2026-01-09,39000.0,40850.0,38700.0,40750.0,38922900
2026-01-12,42000.0,43500.0,41350.0,41500.0,37246900
2026-01-13,41500.0,42350.0,40000.0,41300.0,32378300
2026-01-14,40800.0,43250.0,40650.0,41450.0,30568900
2026-01-15,40500.0,41000.0,39600.0,40000.0,28177000
2026-01-16,40700.0,41550.0,39500.0,39600.0,21678400
2026-01-19,39650.0,40350.0,39550.0,40000.0,13549500
2026-01-20,40450.0,40600.0,39650.0,39650.0,18904200
2026-01-21,39550.0,40550.0,39000.0,40200.0,20390200
2026-01-22,40400.0,41300.0,39850.0,39900.0,21656100
2026-01-23,40000.0,40050.0,38850.0,39000.0,17979800
2026-01-26,39050.0,39150.0,38050.0,38200.0,17221600
2026-01-27,38200.0,38650.0,38100.0,38250.0,12601700
2026-01-28,38350.0,39650.0,38300.0,38400.0,15308300
2026-01-29,38500.0,38900.0,38100.0,38300.0,10027200
2026-01-30,38200.0,39000.0,37800.0,38750.0,28474900
2026-02-02,38800.0,39800.0,38700.0,39350.0,23383000
2026-02-03,39750.0,40300.0,39300.0,39700.0,23670600
2026-02-04,39900.0,39900.0,39150.0,39600.0,18233300
2026-02-05,39650.0,39700.0,38600.0,38600.0,16072100
2026-02-06,38200.0,38350.0,37400.0,37400.0,24838700
2026-02-09,37700.0,37850.0,36800.0,37100.0,9918300
2026-02-10,37500.0,37600.0,36650.0,37100.0,12648100
2026-02-11,37450.0,38250.0,37300.0,37900.0,13723100
2026-02-12,38300.0,38300.0,37750.0,38000.0,8656700
2026-02-13,38000.0,38600.0,37700.0,38600.0,9259700
2026-02-16,38600.0,38600.0,38600.0,38600.0,0
2026-02-17,38600.0,38600.0,38600.0,38600.0,0
2026-02-18,38600.0,38600.0,38600.0,38600.0,0
2026-02-19,38600.0,38600.0,38600.0,38600.0,0
2026-02-20,38600.0,38600.0,38600.0,38600.0,0
2026-02-23,38950.0,39000.0,38550.0,38700.0,8379600
2026-02-24,38550.0,38700.0,38050.0,38200.0,12133300
2026-02-25,38350.0,39100.0,38200.0,38500.0,10573600
2026-02-26,38550.0,38750.0,38050.0,38500.0,11489400
2026-02-27,38450.0,38450.0,38050.0,38250.0,8888400
2026-03-02,37500.0,37850.0,36850.0,36850.0,25730000
2026-03-03,37500.0,37850.0,36850.0,36850.0,25730000
2026-03-04,35750.0,36700.0,35450.0,36400.0,19451000
2026-03-05,37000.0,37100.0,36200.0,36200.0,8015700
2026-03-06,35900.0,36300.0,35650.0,35650.0,8532000
2026-03-09,33200.0,33500.0,33200.0,33200.0,17770800
2026-03-10,34200.0,35150.0,33600.0,35050.0,24975700
2026-03-11,35000.0,35600.0,34700.0,35100.0,12877000
2026-03-12,34800.0,34900.0,34250.0,34300.0,12913700
2026-03-13,34300.0,34500.0,33950.0,34000.0,8278900
2026-03-16,34050.0,34500.0,34000.0,34150.0,5159300
2026-03-17,34450.0,34800.0,34400.0,34400.0,7184200
2026-03-18,34600.0,35750.0,34600.0,35000.0,12546300
2026-03-19,34500.0,34800.0,34300.0,34650.0,7530900
2026-03-20,34550.0,34600.0,33600.0,33600.0,10708700
2026-03-23,33200.0,33200.0,32000.0,32500.0,13238000
2026-03-24,33300.0,33950.0,33100.0,33550.0,6410500
2026-03-25,33750.0,34100.0,33700.0,34050.0,6241100
2026-03-26,34050.0,34100.0,33450.0,33800.0,5738200
2026-03-27,33700.0,35000.0,33600.0,34800.0,12073500
2026-03-30,34100.0,34750.0,33900.0,34050.0,6061900
2026-03-31,34400.0,34650.0,34100.0,34600.0,7394400
2026-04-01,35200.0,35300.0,34650.0,34750.0,8257700
2026-04-02,34450.0,34550.0,34100.0,34300.0,6251200
2026-04-03,34400.0,34500.0,33800.0,33800.0,8626800
2026-04-06,33750.0,34050.0,33550.0,33700.0,6070500
2026-04-07,33750.0,33850.0,33500.0,33700.0,4955000
2026-04-08,34800.0,35500.0,34300.0,35500.0,13337900
2026-04-09,35050.0,35300.0,34800.0,35000.0,6309300
2026-04-10,35250.0,35800.0,35000.0,35000.0,8029500
2026-04-13,34800.0,35000.0,34550.0,34800.0,4304400
2026-04-14,35100.0,35150.0,34800.0,34900.0,5465100
2026-04-15,35200.0,35300.0,34850.0,35050.0,5586500
2026-04-16,35150.0,35150.0,34500.0,34600.0,5773800
2026-04-17,34700.0,34900.0,34550.0,34850.0,3775800
2026-04-20,34950.0,35300.0,34900.0,35100.0,6020100
2026-04-21,35300.0,35450.0,34850.0,34850.0,5807100
2026-04-22,34900.0,35100.0,34800.0,34900.0,3997500
2026-04-23,34800.0,36800.0,34800.0,35500.0,22296200
2026-04-24,35600.0,35700.0,35000.0,35000.0,4783100
2026-04-27,35000.0,35000.0,35000.0,35000.0,0
2026-04-28,35300.0,35350.0,34700.0,34800.0,6945200
2026-04-29,35000.0,35100.0,34750.0,34950.0,6648700
2026-04-30,34950.0,34950.0,34950.0,34950.0,0
2026-05-01,34950.0,34950.0,34950.0,34950.0,0
2026-05-04,35400.0,35700.0,35200.0,35350.0,8318000
2026-05-05,35300.0,35300.0,34850.0,35300.0,5731700
2026-05-06,35300.0,35550.0,35000.0,35550.0,10173500
2026-05-07,35650.0,36000.0,35500.0,35800.0,10661200
2026-05-08,35950.0,36700.0,35900.0,36200.0,18248400
2026-05-11,36300.0,36300.0,35600.0,35600.0,7072000
2026-05-12,35650.0,35650.0,35000.0,35250.0,8809000
2026-05-13,35250.0,35750.0,35000.0,35550.0,9697200
2026-05-14,35650.0,36200.0,35600.0,35950.0,9116900
2026-05-15,36250.0,36300.0,35400.0,35800.0,10368400
2026-05-18,35600.0,36700.0,35250.0,36300.0,18917500
2026-05-19,36550.0,36800.0,35500.0,35800.0,15681600
2026-05-20,35750.0,35900.0,34300.0,35200.0,12361700
2026-05-21,35400.0,35500.0,34850.0,34950.0,9575600
2026-05-22,34900.0,34950.0,34600.0,34800.0,8751400
2026-05-25,35150.0,35250.0,34800.0,34800.0,4091100
2026-05-26,34900.0,35300.0,34900.0,35250.0,6372000
2026-05-27,35300.0,35500.0,35200.0,35350.0,7372900
2026-05-28,35350.0,35500.0,34850.0,34850.0,6013300
2026-05-29,34900.0,35000.0,34700.0,34800.0,8348100
2026-06-01,35050.0,35050.0,34550.0,34550.0,5790000
2026-06-02,34550.0,34700.0,33800.0,33850.0,16869000
