Date,Open,High,Low,Close,Volume
2016-06-06,8988.263491754744,9394.512581535037,8988.263491754744,9343.7314453125,4444718
2016-06-07,9496.07372152107,9749.979372354108,9445.292591354462,9699.1982421875,2927519
2016-06-08,9749.980120946577,9749.980120946577,9546.855584684474,9597.63671875,2269359
2016-06-09,9496.07398186767,9546.855113426505,9292.94945563233,9394.51171875,2437279
2016-06-10,9445.293201852293,9546.85546875,9343.730934954589,9546.85546875,1001199
2016-06-13,9546.85546875,9546.85546875,9445.293201852293,9546.85546875,986879
2016-06-14,9546.855865478194,10156.2294921875,9445.293594359977,10156.2294921875,2508719
2016-06-15,10257.789664570499,10257.789664570499,10054.665163893167,10105.4462890625,1312959
2016-06-16,10156.22898356109,10460.915781656955,10105.447850545113,10359.353515625,944319
2016-06-17,10257.791763305719,10460.916305542154,9953.104949951065,10156.2294921875,1232559
2016-06-20,10562.479184729884,10867.166015625,10562.479184729884,10867.166015625,2304639
2016-06-21,11171.853867140659,11171.853867140659,10765.603957564646,10968.728515625,2114399
2016-06-22,10968.728515625,11070.290794655177,10765.603957564646,10968.728515625,796079
2016-06-23,10867.1651202671,11679.6640625,10867.1651202671,11679.6640625,3588639
2016-06-24,11679.662827788372,12492.160890673089,10867.163971448515,12390.5986328125,7023278
2016-06-27,12187.47411709132,12390.5986328125,11679.662827788372,12390.5986328125,1608079
2016-06-28,12085.9130859375,12289.037622275593,11984.350817768453,12085.9130859375,1085359
2016-06-29,11984.35028710896,12695.2861328125,11984.35028710896,12695.2861328125,2392879
2016-06-30,12695.286644912465,12898.411180449932,12492.162109375,12492.162109375,1095759
2016-07-01,12492.162109375,12695.286644912465,12390.599841606267,12492.162109375,2034719
2016-07-04,12695.286879016567,12695.286879016567,12390.60007009187,12593.724609375,1631999
2016-07-05,12695.286644912465,12695.286644912465,12492.162109375,12492.162109375,1365039
2016-07-06,12390.599841606267,12492.162109375,12187.475306068802,12492.162109375,1511999
2016-07-07,12695.286554001335,13304.66015625,12492.162019918449,13304.66015625,3616399
2016-07-08,13304.659921499455,13507.784451998366,13101.535391000545,13203.09765625,969439
2016-07-11,13101.534895463254,13812.470725319828,13101.534895463254,13406.2216796875,1782799
2016-07-12,13406.22237955713,13710.9091796875,13101.53557942676,13710.9091796875,1464479
2016-07-13,14015.596166992083,14320.282971191458,13812.471630859167,14218.720703125,1662559
2016-07-14,14218.720703125,14624.969775390831,14117.158435058542,14218.720703125,1871359
2016-07-15,14218.719992087868,14320.28225507549,13507.78415117451,13914.033203125,2227519
2016-07-18,14015.595936727128,14218.720469522872,13914.033670329256,14117.158203125,1794879
2016-07-19,14218.720703125,14218.720703125,13812.471630859167,14218.720703125,2045519
2016-07-20,14117.156738281594,14117.156738281594,13507.783203125,13507.783203125,2242079
2016-07-21,13507.783203125236,13710.907714844105,12898.409667968632,13101.5341796875,2128639
2016-07-22,12999.973312716636,13710.9091796875,12593.724245876141,13710.9091796875,3077359
2016-07-25,13710.907714843865,13710.907714843865,13203.096435546702,13507.783203125,537839
2016-07-26,13507.784451998366,13507.784451998366,13203.09765625,13203.09765625,449199
2016-07-27,13203.09765625,13203.09765625,13203.09765625,13203.09765625,0
2016-07-28,13203.096435546702,13710.907714843865,13101.53417968727,13507.783203125,966959
2016-07-29,13507.784414718346,13812.47120962581,13507.784414718346,13609.3466796875,822959
2016-08-01,13609.346717247821,13710.908982497278,13203.09765625,13203.09765625,1622559
2016-08-02,13101.535957582826,13101.535957582826,12593.724609375,12593.724609375,1285439
2016-08-03,12390.60007009187,12695.286879016567,12390.60007009187,12593.724609375,1406719
2016-08-04,13101.5341796875,13203.096435546933,12898.409667968632,13101.5341796875,1198799
2016-08-05,13101.534895463254,13507.783941095582,13101.534895463254,13406.2216796875,1253599
2016-08-08,13609.346202503664,13609.346202503664,13406.2216796875,13406.2216796875,655119
2016-08-09,13406.222423291443,13609.346957374331,13304.66015625,13304.66015625,792319
2016-08-10,13304.659418279418,13609.346202503664,13203.097156871336,13406.2216796875,1232559
2016-08-11,13406.222338339898,14117.158203125,13304.660071942026,14117.158203125,2928959
2016-08-12,14523.406781050735,14523.406781050735,13914.033203125,13914.033203125,1030399
2016-08-15,13914.03317542089,14523.406752133305,13812.470912635486,14320.2822265625,2350399
2016-08-16,14421.843505859217,15234.341552734639,14421.843505859217,14726.5302734375,3390719
2016-08-17,15132.784257368394,15742.157992276321,14929.659679065751,15640.595703125,2389919
2016-08-18,15539.029804558251,15539.029804558251,15234.343007877125,15335.9052734375,1385439
2016-08-19,15234.343239232017,15945.280695861627,14929.656437923793,15437.4677734375,2498159
2016-08-22,15437.467538997877,15742.154335679003,15234.343007877125,15335.9052734375,1781759
2016-08-23,15234.342510148444,15539.029296875,15031.217985664074,15539.029296875,1671919
2016-08-24,15539.03062292682,15945.281293474058,14828.0947265625,14828.0947265625,8126157
2016-08-25,14726.53251712438,14828.094788457509,14320.283431791873,14421.845703125,3847759
2016-08-26,14421.845930192803,14828.095021921587,14421.845930192803,14523.408203125,2555599
2016-08-29,14523.406781050735,14726.53130702598,13914.033203125,13914.033203125,3793919
2016-08-30,14015.59518432586,14624.96875,14015.59518432586,14624.96875,1923679
2016-08-31,14929.65553283707,14929.65553283707,14421.84422810862,14624.96875,2137679
2016-09-01,14726.53274898939,14726.53274898939,14421.845930192803,14523.408203125,1740799
2016-09-05,14624.968017578072,14726.5302734375,14421.843505859217,14726.5302734375,1203999
2016-09-06,14726.532455653312,14929.65699747169,14624.970184744123,14828.0947265625,1085679
2016-09-07,14726.53101094569,14828.093271891381,14218.719706217242,14624.96875,1191359
2016-09-08,14726.53101094569,14726.53101094569,14523.40648905431,14624.96875,1155839
2016-09-09,14624.969775390831,14624.969775390831,14015.596166992083,14218.720703125,3016079
2016-09-12,14218.720513238117,14218.720513238117,13629.659366319402,13710.9091796875,1974959
2016-09-13,13710.909023684098,14117.15808590227,13710.909023684098,14066.376953125,743999
2016-09-14,14106.99921418378,14106.99921418378,13792.15625,13792.15625,588959
2016-09-15,13771.846918665206,13771.846918665206,13446.84765625,13446.84765625,1383519
2016-09-16,13609.345727338792,13771.845339918114,13507.783469476715,13619.501953125,1210399
2016-09-19,13619.503184078476,13629.65941078262,13203.097889208555,13304.66015625,2115679
2016-09-20,13304.659769465276,13609.346561731945,13304.659769465276,13558.5654296875,854399
2016-09-21,13507.784646267253,13863.252579752685,13507.784646267253,13710.9091796875,1042079
2016-09-22,13710.909842000676,14096.84647414203,13710.909842000676,14005.4404296875,1021359
2016-09-23,14015.595466112623,14117.157729100245,13771.84603494233,13914.033203125,1241119
2016-09-26,13914.033713107747,13914.033713107747,13670.28427300345,13710.9091796875,1283679
2016-09-27,13700.7521920558,13822.62690533884,13660.12728762812,13802.314453125,934719
2016-09-28,13802.313865766957,14015.594604936108,13710.907834694464,13964.8134765625,1146479
2016-09-29,13964.81567964094,14320.283634334539,13914.03454325614,14076.5341796875,1853679
2016-09-30,14208.566252785202,14249.191165091032,14086.691515867713,14137.47265625,773999
2016-10-03,14289.81502155618,14289.81502155618,14076.534247709387,14107.0029296875,1169439
2016-10-04,14107.000263348911,14107.000263348911,13802.313501156072,13812.4697265625,1546799
2016-10-05,14005.439753146858,14005.439753146858,13710.9091796875,13710.9091796875,955759
2016-10-06,13700.750228140192,14015.593192323971,13690.594003489103,13792.15625,842879
2016-10-07,13792.158875283238,13893.721141126112,13619.50302335035,13660.1279296875,842479
2016-10-10,13619.503928990365,13751.534883365608,13619.503928990365,13629.66015625,570079
2016-10-11,13751.533203125,13751.533203125,13507.783778676474,13751.533203125,915039
2016-10-12,13731.222318698905,14107.002724290978,13731.222318698905,14015.5966796875,987999
2016-10-13,14015.595075901445,14990.5927734375,14015.595075901445,14990.5927734375,5917118
2016-10-14,15071.84267776079,15437.466816670389,14990.592869114213,15031.2177734375,1167679
2016-10-17,14828.094096362936,14909.34390963714,14533.563523243949,14553.8759765625,1682159
2016-10-18,14421.84373697876,15427.310086100355,14421.84373697876,15234.341796875,2147359
2016-10-19,15417.15196121437,15528.870430688241,15244.49614475475,15264.80859375,831359
2016-10-20,15264.810474121108,15285.122925618514,15031.21728190094,15234.341796875,1148239
2016-10-21,15335.9052734375,15742.154335679003,15153.093195428824,15335.9052734375,1379519
2016-10-24,15427.309966307252,15427.309966307252,14777.3115234375,14777.3115234375,1833039
2016-10-25,14787.468367513104,14817.93704579681,14523.40648905431,14624.96875,1276399
2016-10-26,14553.875167338017,14878.874402364225,14553.875167338017,14624.96875,1624399
2016-10-27,14716.375375959818,14878.875,14716.375375959818,14878.875,1103599
2016-10-28,14878.874500210337,15081.9990234375,14878.874500210337,15081.9990234375,945199
2016-10-31,15081.998168945496,15081.998168945496,14726.5302734375,14726.5302734375,947039
2016-11-01,14523.406236713232,14949.967725273715,14523.406236713232,14929.6552734375,844879
2016-11-02,14929.658158886994,15163.25140014993,14828.095880077024,14909.345703125,835279
2016-11-03,14828.093461179704,15539.029296875,14828.093461179704,15539.029296875,5017678
2016-11-04,15539.03090917009,15792.936591120237,15335.90636360997,15386.6875,2708399
2016-11-07,15437.468862864986,15630.437183978036,15396.843953156977,15488.25,277439
2016-11-08,15589.808767751618,15945.278234653713,15539.027642038485,15660.90234375,1090639
2016-11-09,15467.937140089341,15742.1552734375,14929.657100554066,15742.1552734375,2557839
2016-11-10,16148.405907040653,16351.530449761522,15894.500228639565,15996.0625,1870799
2016-11-11,15996.061687098092,16249.967352595979,15843.71670088895,16067.1552734375,847919
2016-11-14,15945.2802734375,16341.373104644854,15945.2802734375,15945.2802734375,1590639
2016-11-15,15996.061594694063,16046.842727500294,15701.529437507521,15762.466796875,1302879
2016-11-16,15752.310047583587,15772.622500032025,15528.873070650781,15539.029296875,1282319
2016-11-17,15640.591180635729,16016.373128748739,15539.028920851215,15792.9345703125,1204639
2016-11-18,15650.747525259074,15996.060798054474,15650.747525259074,15843.7158203125,554479
2016-11-21,15884.343773010052,16036.687177859272,15843.717278139793,15894.5,381519
2016-11-22,15853.87337663126,16696.841796875,15853.87337663126,16696.841796875,2183999
2016-11-23,16656.218305423066,16757.780583134598,16249.969194576935,16453.09375,1929279
2016-11-24,16453.091820295023,16656.216351894574,16453.091820295023,16463.248046875,548239
2016-11-25,16473.406426739788,16656.218529075264,16249.969412774206,16554.65625,862159
2016-11-28,16503.87109375,16808.557856821128,16503.87109375,16503.87109375,2293199
2016-11-29,16656.218529075264,16656.218529075264,16503.87511046237,16554.65625,898559
2016-11-30,16554.654757042957,16757.779296875,16453.092487126934,16757.779296875,1571359
2016-12-01,16757.77941156943,17011.685088097278,16757.77941156943,16808.560546875,1994319
2016-12-02,16930.435155732237,16930.435155732237,16757.779296875,16757.779296875,1337039
2016-12-05,16656.216124322495,16656.216124322495,15945.2802734375,15945.2802734375,1999839
2016-12-06,15945.28415748973,16239.814796028562,15589.814558549338,15640.595703125,2391519
2016-12-07,15589.808767751618,15731.995919748384,15244.497112902325,15660.90234375,1442319
2016-12-08,15935.125176407808,15935.125176407808,15589.811866021855,15742.1552734375,777679
2016-12-09,15742.1552734375,15843.717545047928,15640.59300182707,15742.1552734375,654399
2016-12-12,15792.93386044898,15792.93386044898,15498.4033203125,15498.4033203125,675119
2016-12-13,15457.77841822471,15589.809350010028,15346.059937483285,15498.4033203125,673439
2016-12-14,15437.468458606212,15742.1552734375,15437.468458606212,15742.1552734375,571999
2016-12-15,15823.403823832792,15823.403823832792,15620.279296875,15620.279296875,887599
2016-12-16,15539.030365746192,15671.061315742942,15488.249231132057,15579.6552734375,418559
2016-12-19,15843.716601239377,16097.623852050716,15031.218476756374,15335.9052734375,11159277
2016-12-20,15234.342879242078,15701.529296874998,15142.93684100955,15701.529296875,2341199
2016-12-21,15701.5276145469,15833.558544514199,15640.590262254302,15813.24609375,1254159
2016-12-22,15742.1552734375,15813.248863564799,15599.968093182899,15742.1552734375,1999839
2016-12-23,15752.310476377044,15823.40406188181,15691.373117372957,15721.841796875,1585599
2016-12-26,15742.150783957863,16138.2451171875,15742.150783957863,16138.2451171875,2242799
2016-12-27,16138.248189685743,16351.52893984814,16056.998380100069,16199.185546875,2023759
2016-12-28,16199.185475335069,16199.185475335069,16056.998309188075,16168.716796875,1129199
2016-12-29,16148.408203125,16249.970488926214,15996.064774423181,16148.408203125,2557519
2016-12-30,15935.123441721813,16046.84192833169,15792.934690035283,15843.7158203125,5914638
2017-01-03,15843.715379554378,15945.279224193719,15742.153121825317,15914.810546875,1021119
2017-01-04,15914.810691683097,16026.529176201588,15853.871749580901,15975.748046875,600719
2017-01-05,15975.748167166052,16026.529296875,15945.279489340683,16026.529296875,935439
2017-01-06,16016.37307093321,16138.247782234686,15945.279489340683,16026.529296875,1680399
2017-01-09,16046.841481922782,16046.841481922782,15894.498095329187,15914.810546875,1013919
2017-01-10,15864.028921815243,16087.467491091747,15752.310430632182,15965.5927734375,1440559
2017-01-11,15996.060178756536,16249.9658203125,15996.060178756536,16249.9658203125,2787599
2017-01-12,16249.9658203125,16493.715236206226,16249.9658203125,16249.9658203125,1645439
2017-01-13,16249.966677866047,16280.435356460675,16158.560642082162,16199.185546875,675119
2017-01-16,16148.40515675834,16249.96742340002,16097.6240234375,16097.6240234375,668719
2017-01-17,16046.84375,16097.62488604199,15996.06261395801,16046.84375,854559
2017-01-18,16056.999977208397,16107.781113250387,16046.84375,16046.84375,656879
2017-01-19,16148.405907040653,16148.405907040653,15996.0625,15996.0625,302079
2017-01-20,15955.436118117974,16249.966677866047,15955.436118117974,16199.185546875,598879
2017-01-23,16239.812136025455,16239.812136025455,15996.062681987274,16077.3125,500799
2017-01-24,16077.314603064151,16148.408203125,16046.845917323788,16148.408203125,966959
2017-01-25,16148.403563690115,16249.9658203125,16097.622435378922,16249.9658203125,657279
2017-01-26,16249.9658203125,16249.9658203125,16249.9658203125,16249.9658203125,0
2017-02-03,17164.027106148922,17356.995404706875,16971.05880759097,17062.46484375,983759
2017-02-06,17062.46735352979,17356.997957810236,16920.280165256474,17316.373046875,1995199
2017-02-07,17265.589937451834,17356.995976622708,17214.808804579126,17306.21484375,1603199
2017-02-08,17265.593493999535,17306.218408666045,16960.906634000698,17143.71875,1632079
2017-02-09,17143.716387683733,17153.872614950884,16788.24843333342,16960.904296875,1999519
2017-02-10,16960.90265208081,17214.808309136944,16960.90265208081,17092.93359375,1050799
2017-02-13,17164.02831171375,17661.68343242271,17164.02831171375,17590.58984375,3194719
2017-02-14,17651.524952449476,17661.68117810639,17468.712890625,17468.712890625,908959
2017-02-15,17468.715074483996,17651.527159162804,17367.152805217993,17570.27734375,898159
2017-02-16,17539.808662970197,18078.088690080018,17539.808662970197,17570.27734375,1792959
2017-02-17,17570.275147194152,17824.180788617035,17336.681957085104,17468.712890625,3503999
2017-02-20,17468.71389334569,17468.71389334569,17062.46484375,17062.46484375,1706639
2017-02-21,17062.466909527393,17265.591458917817,17062.466909527393,17113.248046875,912639
2017-02-22,17164.026646824987,17214.807776665504,16808.55873794138,16869.49609375,1630319
2017-02-23,16869.49590056437,16960.901933230536,16605.43402841767,16788.24609375,1938079
2017-02-24,16564.809291094847,16859.33984375,16453.09080560496,16859.33984375,1518559
2017-02-27,17204.652154345582,17570.2763020257,17062.46498580331,17123.40234375,2704479
2017-02-28,17062.464628757283,17164.026889876488,16971.05859375,16971.05859375,927039
2017-03-01,16960.904182869424,16960.904182869424,16849.18568368169,16910.123046875,835919
2017-03-02,16869.498251470635,17164.028842218035,16859.342024203484,16960.904296875,802319
2017-03-03,16960.904137075246,16981.21659141817,16859.34186536061,16889.810546875,854959
2017-03-06,16960.904137075246,17011.685272932562,16859.34186536061,16889.810546875,764639
2017-03-07,16889.808974138145,17092.933498652965,16757.778033203514,17052.30859375,932079
2017-03-08,17153.873248096854,17509.341215567416,17062.46719931871,17245.279296875,2224799
2017-03-09,17245.275192423316,17265.587642872895,17133.55671495063,17164.025390625,329359
2017-03-10,17164.025390625,17245.275192423316,17123.400489725842,17164.025390625,435839
2017-03-13,17316.37289036911,17448.40384971532,17214.81061394895,17245.279296875,1789279
2017-03-14,17265.588377486696,17468.712890625,17265.588377486696,17468.712890625,1941279
2017-03-15,17671.837890625,17763.24392405549,17529.65072751091,17671.837890625,2862479
2017-03-16,17925.742793925696,17946.055244954812,17316.36926305221,17367.150390625,2793119
2017-03-17,17367.152506486676,17509.339681013327,17164.0279714486,17438.24609375,1894719
2017-03-20,17570.277064935228,17570.277064935228,17377.30875639195,17448.40234375,730719
2017-03-21,17428.09002897961,17549.964751135194,17428.09002897961,17509.33984375,1135759
2017-03-22,17438.247485943313,17468.71616863151,17164.029341749534,17184.341796875,2035119
2017-03-23,17184.34163916165,17255.435231448297,17042.15445458835,17113.248046875,1401199
2017-03-24,17214.808404457854,17245.277083473302,17113.246141073036,17133.55859375,840079
2017-03-27,17133.5579444979,17265.588881895037,16839.02739184275,16859.33984375,2854319
2017-03-28,16859.33984375,17042.151910915265,16757.777584213738,16859.33984375,1052959
2017-03-29,16859.340201215502,17082.777176932766,16706.996808681004,17011.68359375,2478319
2017-03-30,16879.65481507601,17133.56050181404,16879.65481507601,17113.248046875,1139759
2017-03-31,16971.058878363056,17194.495856572452,16971.058878363056,17092.93359375,503279
2017-04-03,17164.026986284498,17164.026986284498,16920.277558229303,17011.68359375,1241279
2017-04-04,17011.685318863852,17011.685318863852,16869.49813807946,16910.123046875,784639
2017-04-05,16910.123160539242,17001.529205943607,16910.123160539242,16960.904296875,456159
2017-04-07,16960.904296875,16991.372978676456,16859.342024203484,16960.904296875,434079
2017-04-10,16960.902127462927,16960.902127462927,16859.3398677819,16869.49609375,555599
2017-04-11,16879.652911963254,17123.40234375,16879.652911963254,17123.40234375,705759
2017-04-12,17092.931814051473,17356.993669896005,17072.619363601894,17164.025390625,1285439
2017-04-13,17214.808711152884,17336.683429385957,17214.808711152884,17265.58984375,690799
2017-04-14,17265.591161116638,17275.747388410982,16981.216796875,16981.216796875,1010479
2017-04-17,16960.903836707046,17062.466106623066,16757.779296875,16757.779296875,1649439
2017-04-18,16757.78080815053,16757.78080815053,16371.844147664524,16554.65625,1418719
2017-04-19,16554.65520618893,16960.904296875,16554.65520618893,16960.904296875,786079
2017-04-20,16960.90210328626,16960.90210328626,16859.33984375,16859.33984375,321679
2017-04-21,16859.341910880576,17001.529091664965,16859.341910880576,16910.123046875,441199
2017-04-24,16950.745877332633,17062.464362822517,16859.33984375,16859.33984375,1201999
2017-04-25,16767.935175363258,16859.3412163879,16524.18573263087,16605.435546875,585759
2017-04-26,16605.435685682518,16889.8100379141,16605.435685682518,16666.373046875,1160079
2017-04-27,16757.779706556907,16950.748024114895,16666.373661397858,16940.591796875,614239
2017-04-28,16940.591796875,16940.591796875,16940.591796875,16940.591796875,0
2017-05-03,16859.340459314357,17214.80838067003,16859.340459314357,17123.40234375,588879
2017-05-04,17164.0279943178,17468.71479728087,17164.0279943178,17448.40234375,1807119
2017-05-05,17468.712890625,17570.275147194152,17367.150634055848,17468.712890625,1140319
2017-05-08,17468.714586823848,17499.18326675308,17255.43382731923,17356.99609375,539359
2017-05-09,17275.74279721451,17519.4921875,17275.74279721451,17519.4921875,1593359
2017-05-10,17671.837551006527,17783.556034163445,17529.650390625,17529.650390625,2083119
2017-05-11,17570.27734375,17722.620747649005,17468.715074483996,17570.27734375,974799
2017-05-12,17621.0567609414,17692.150342498444,17468.713371890586,17671.837890625,1466799
2017-05-15,17712.463088040236,18687.460794130653,17712.463088040236,18626.5234375,3588319
2017-05-16,18636.680991835306,18636.680991835306,18291.369279651364,18352.306640625,2090879
2017-05-17,18382.775158013297,18545.274785834576,18149.181943020212,18281.212890625,1483119
2017-05-18,18281.2129602924,18484.33749584308,18179.65069251706,18311.681640625,1611119
2017-05-19,18331.99437131429,18453.86909448714,18311.681917452148,18433.556640625,2426799
2017-05-22,19457.64547055605,19457.64547055605,18638.376389707577,18679.33984375,2780759
2017-05-23,18740.78264247315,19457.64299708781,18679.337469220463,19355.234375,1673999
2017-05-24,19457.64433347778,20707.02960875933,19457.64433347778,20256.431640625,3376199
2017-05-25,20276.91112743863,20686.545598691857,20051.612168249358,20133.5390625,1678439
2017-05-26,19969.687928300104,20072.09655972521,19826.315844304958,19867.279296875,978439
2017-05-29,19867.275330873086,20031.12910844397,19293.787109375,19293.787109375,1597279
2017-05-30,19150.41657264115,19355.233810846894,18945.599334435403,19109.453125,1434559
2017-05-31,19007.04589155383,19560.05247502477,19007.04589155383,19150.41796875,741279
2017-06-01,19150.41644892019,19621.49609375,19150.41644892019,19621.49609375,861359
2017-06-02,19867.276634352293,19867.276634352293,19416.67871646893,19560.05078125,498319
2017-06-05,19457.64453125,19601.01661347728,19334.754175055186,19457.64453125,586759
2017-06-06,19457.643133392514,19764.86900180812,19355.234510587314,19703.423828125,1033719
2017-06-07,19703.42548659483,19908.242749445042,19560.053402599682,19867.279296875,1437719
2017-06-08,19969.683189750147,20174.500403999857,19826.31113977535,20072.091796875,1162359
2017-06-09,20072.094727155367,20215.466798060734,19867.277483004844,19928.72265625,558439
2017-06-12,19928.72096894743,20010.647859671142,19723.90374213814,19764.8671875,481839
2017-06-13,19662.46179157469,19805.83387380197,19416.681079185062,19457.64453125,913279
2017-06-14,19457.642163549237,19560.05078125,19355.23354584847,19560.05078125,860399
2017-06-15,19560.05022595761,19723.90400962717,19539.568502998914,19601.013671875,667159
2017-06-16,19662.45925587896,19662.45925587896,19457.64202196776,19498.60546875,706919
2017-06-19,19457.643275289593,19539.570174131215,19416.67982586878,19478.125,687079
2017-06-20,19498.60822374462,20072.09655972521,19478.126497459598,19867.279296875,1683799
2017-06-21,19969.686940082072,20051.613841167928,19785.35141263889,20010.650390625,1257559
2017-06-22,20010.64995573103,20686.546875,20010.64995573103,20686.546875,1592599
2017-06-23,21096.178988137362,21587.74032843407,20727.50798291483,21075.697265625,2385839
2017-06-26,21300.998891500927,21300.998891500927,20870.882664661476,21096.181640625,1287959
2017-06-27,21096.17952596188,21096.17952596188,20686.54506527143,20747.990234375,1088439
2017-06-28,20481.731989056738,20686.54926094326,20276.91471717022,20584.140625,4444238
2017-06-29,20584.13825086834,20891.364123263324,20502.211351563008,20686.546875,1618159
2017-06-30,20870.88004050137,21300.99621326099,20850.39831798901,21075.697265625,2078879
2017-07-03,21075.698520606977,21362.442652854636,20993.771625679074,21055.216796875,2217639
2017-07-04,20952.80721711519,21403.405118549843,20932.325494322704,21198.587890625,1333479
2017-07-05,21198.59012775671,21300.998752526528,21034.736328125,21034.736328125,988919
2017-07-06,21034.736328125,21096.181502986892,20891.364253447256,21034.736328125,1430439
2017-07-07,21014.254740274628,21178.108540975372,21014.254740274628,21096.181640625,1408279
2017-07-10,21096.180944298216,21096.180944298216,20481.729211951788,20788.955078125,1268039
2017-07-11,20788.955078125,20891.36370018274,20584.137834009525,20788.955078125,1129479
2017-07-12,20788.95811657407,21014.257118030095,20686.54947954861,20993.775390625,805319
2017-07-13,20993.775390625,20993.775390625,20993.775390625,20993.775390625,0
2017-07-14,20993.77190125415,21014.253625254976,20891.36328125,20891.36328125,600919
2017-07-17,20891.36383670528,21485.333848521685,20891.36383670528,21137.14453125,2265879
2017-07-18,20993.771342241354,21055.216512607705,20788.95410768684,20932.326171875,625439
2017-07-19,20932.325472771397,20973.28891831419,20788.95341337162,20911.84375,781719
2017-07-20,20891.36653282978,20891.36653282978,20481.731989056738,20584.140625,1687319
2017-07-21,20584.139716850736,20686.54834827584,19764.870665449893,19867.279296875,2979199
2017-07-24,19867.275680285526,20215.46496374737,19867.275680285526,19990.166015625,1338159
2017-07-25,20072.09209152122,20235.94586532626,20031.128648069956,20194.982421875,879399
2017-07-26,20194.984383611903,20686.54575277721,20194.984383611903,20481.728515625,875639
2017-07-27,20481.726970224103,20584.135581073206,20297.39147069572,20379.318359375,831599
2017-07-28,20379.321002605015,20686.546875,20379.321002605015,20686.546875,1025959
2017-07-31,20686.54926094326,20747.994442509214,20481.731989056738,20584.140625,921599
2017-08-01,20584.135581073206,20686.544191922305,20297.39147069572,20379.318359375,748959
2017-08-02,20317.87319286554,20584.135581073206,20297.39147069572,20379.318359375,733479
2017-08-03,20297.389826146635,20666.06079533269,20297.389826146635,20502.20703125,1309799
2017-08-04,20891.36342906637,21813.041015625,20788.954808337632,21813.041015625,3900519
2017-08-07,22120.26619286158,22509.420539715393,21935.93068125777,22366.046875,3968599
2017-08-08,22325.085683491274,22345.567409072086,21854.00599513256,21915.451171875,1606599
2017-08-09,21710.632674334254,21731.114398743623,21300.998186146895,21362.443359375,2568639
2017-08-10,21096.177526570937,21628.702274998468,21096.177526570937,21546.775390625,1256679
2017-08-11,21505.812244621437,21813.03806525312,21444.367080495096,21669.666015625,1429759
2017-08-14,21669.66894660477,21956.41308464523,21608.223774167527,21813.041015625,919719
2017-08-15,21813.036863027235,22222.671267959144,21813.036863027235,21976.890625,1539559
2017-08-16,22017.860632605534,22222.67789616089,21956.415453538928,21997.37890625,1065919
2017-08-17,21915.449210594787,21997.376105586154,21628.705078125,21628.705078125,1736319
2017-08-18,21628.705078125,21874.485763099103,21403.40611689874,21628.705078125,1279839
2017-08-21,21628.702022831712,21751.592347959147,21546.77513941342,21710.62890625,1112159
2017-08-22,21751.59584057617,21854.00446129261,21526.296875,21526.296875,797239
2017-08-23,21526.29701390498,21608.22391100679,21280.516322599546,21300.998046875,181107954
2017-08-24,21300.996120451284,21628.703679221246,21280.51439802816,21587.740234375,177663955
2017-08-25,21608.223354377158,21690.150249368526,21423.88784064658,21628.705078125,1101319
2017-08-28,21669.670618024462,21690.15234375,21526.298537945688,21690.15234375,1540799
2017-08-29,21751.59418424709,22120.26519075291,21751.59418424709,21935.9296875,2039559
2017-08-30,21915.44944140159,22529.902760442747,21894.967717438038,22427.494140625,4635238
2017-08-31,22427.493442075604,22509.42033537802,22366.046671964155,22407.01171875,1446639
2017-09-01,22427.493442075604,22488.938612052418,22325.083225312945,22407.01171875,1968759
2017-09-04,22407.01171875,22407.01171875,22407.01171875,22407.01171875,0
2017-09-05,22407.013325378353,22427.49505017254,22120.267578125,22120.267578125,1672959
2017-09-06,22099.785853330817,22325.08482606686,22079.30412853663,22120.267578125,1075039
2017-09-07,22222.677038064663,22386.530842581975,22181.713586935337,22202.1953125,1016559
2017-09-08,22222.675300854826,22488.93931251565,22222.675300854826,22427.494140625,1271199
2017-09-11,22509.418265099077,23041.94302258642,22509.418265099077,22632.30859375,3319759
2017-09-12,22652.796832936434,22939.541015625,22632.315105601538,22939.541015625,1231519
2017-09-13,23123.872498350865,23615.433868012064,23123.872498350865,23451.580078125,3493319
2017-09-14,23553.988696804416,23738.324210427363,23369.653183181465,23451.580078125,1535239
2017-09-15,23369.652199872264,23513.024259990874,23185.316694005476,23308.20703125,1197599
2017-09-18,23246.76270033988,23533.50683091012,23144.354082279082,23390.134765625,1460679
2017-09-19,23390.13714409943,23513.027498268748,23205.801612845455,23287.728515625,1538479
2017-09-20,23349.171875,23410.617047301213,23267.24497859838,23349.171875,936399
2017-09-21,23349.170620749814,23533.506127751483,23349.170620749814,23369.65234375,885359
2017-09-22,23369.656192789866,23943.14453125,23369.656192789866,23943.14453125,3517719
2017-09-25,23963.62416043889,24455.185550385555,23963.62416043889,24168.44140625,2208399
2017-09-26,24168.442954916864,24352.778487958727,23963.62569598146,23984.107421875,1650399
2017-09-27,23963.624735833015,24066.03336119752,23553.990234375,23553.990234375,1861279
2017-09-28,23656.39508423313,23963.620911294103,23533.50475340874,23615.431640625,2427079
2017-09-29,23758.80677973054,23902.17885098428,23717.8433308009,23820.251953125,760999
2017-10-02,23820.251121874266,24147.958701875443,23820.251121874266,24025.068359375,1201679
2017-10-03,24025.069334182223,24311.813478317777,23984.10588502,24168.44140625,2210039
2017-10-04,24168.44140625,24434.703825804445,24106.996232506666,24168.44140625,1266239
2017-10-05,24352.773810990195,24352.773810990195,23963.62109375,23963.62109375,1357239
2017-10-06,24025.06975324826,24127.47837794011,23943.142853494774,24066.033203125,1105039
2017-10-09,24086.515608388698,24373.259765625,24086.515608388698,24373.259765625,1567479
2017-10-10,24373.257966644127,25294.935546875,24373.257966644127,25294.935546875,3389279
2017-10-11,25294.934273664487,25438.306334483823,25028.671875,25028.671875,2064279
2017-10-12,25172.045619405926,25294.935965470373,25069.636997685557,25192.52734375,2091399
2017-10-13,25192.525696158616,25602.16015625,25192.525696158616,25602.16015625,2157439
2017-10-16,25704.570589064824,26114.205078125,25704.570589064824,26114.205078125,1872959
2017-10-17,26011.793262120478,26216.610481503016,25909.38465242921,26134.68359375,1755519
2017-10-18,26175.651360255855,26667.212767950066,26032.27928301171,26319.0234375,3159759
2017-10-19,26319.02245309194,27035.8828125,26319.02245309194,27035.8828125,2574959
2017-10-20,27240.69992304048,27609.370963194637,26073.24162921898,26114.205078125,7038558
2017-10-23,26011.798152458694,26093.725055614348,25704.572265625,25704.572265625,3545199
2017-10-24,25581.679833357775,26216.61328125,25581.679833357775,26216.61328125,3227799
2017-10-25,26421.42819903837,26892.5078125,26319.01958741628,26892.5078125,2347559
2017-10-26,27240.699919535076,27240.699919535076,26319.022319268286,26687.693359375,3624719
2017-10-27,26646.728939786623,26831.064453125,26482.875150152508,26831.064453125,1993159
2017-10-30,27117.808008107473,27117.808008107473,26421.42941697655,26585.283203125,2347279
2017-10-31,26523.84069070592,26585.2858666677,26319.0234375,26319.0234375,1520559
2017-11-01,26400.946953892224,26400.946953892224,25909.385609221554,25991.3125,2455879
2017-11-02,25909.384166650547,25991.311052867506,24393.73677163685,24578.072265625,7294078
2017-11-03,24578.07734723479,25704.572265625,24578.07734723479,25704.572265625,2387839
2017-11-06,25868.420916799227,26298.53707265155,25806.975751677466,26011.79296875,1628119
2017-11-07,26032.27958572006,26093.724762396334,25786.49887901497,25868.42578125,1617679
2017-11-08,25868.423971115553,26216.61328125,25868.423971115553,26216.61328125,2002519
2017-11-09,26216.610514732856,26728.65356383822,26216.610514732856,26421.427734375,3854079
2017-11-10,26421.428988561453,26687.69138673533,26134.684867451124,26400.947265625,2382079
2017-11-13,26400.948798380003,26400.948798380003,26073.24121237111,26216.61328125,2174799
2017-11-14,26421.427190170696,27650.330482711754,26319.018582458943,27547.921875,8230797
2017-11-15,27547.922690234733,27978.03885535267,27343.10546875,27343.10546875,2860839
2017-11-16,27343.10465957649,27711.775647338807,27240.696051864736,27547.921875,2356919
2017-11-17,27650.334825718925,27752.74344951589,27261.18205529047,27445.517578125,2729359
2017-11-20,27445.51359593476,27957.556640625,27322.623265209106,27957.556640625,3068399
2017-11-21,27957.556640625,28387.6727981648,27957.556640625,27957.556640625,3863119
2017-11-22,27957.557773822096,28305.74705832453,27732.2588250264,28162.375,3254079
2017-11-23,28264.78458612466,28387.674926061994,27855.15011966689,28019.00390625,2721799
2017-11-24,27916.597793270765,28059.969869388977,27773.225717152556,27978.04296875,2160679
2017-11-27,27998.52099645824,28121.411331187956,26933.471428800713,27240.697265625,5720078
2017-11-28,27199.736887027844,27506.96275848668,26892.51101556901,27158.7734375,1973319
2017-11-29,27240.696051864736,27588.8853180847,27179.250887237682,27547.921875,1522079
2017-11-30,27732.262839831736,27752.74456541467,27466.000407253596,27650.3359375,1814999
2017-12-01,27568.405569642753,27855.14969175825,27445.515231593254,27834.66796875,1749919
2017-12-04,27752.739276367945,28039.483379882055,27670.812389649625,27896.111328125,2210079
2017-12-05,27896.11624449878,27957.561420366532,27179.255859375,27179.255859375,1926959
2017-12-06,27158.7707404178,27220.215908607574,26441.910444870453,26564.80078125,4166638
2017-12-07,26831.064012461236,26892.509182564878,26359.984375,26359.984375,2117319
2017-12-08,26359.98256848236,26667.20839794558,26257.573958661284,26421.427734375,1480919
2017-12-11,26011.79436688371,26380.465377430337,25868.422307226687,26052.7578125,2260199
2017-12-12,26073.242472800444,26400.950074651333,25192.52829282618,25909.388671875,3155719
2017-12-13,25909.385562534913,26093.721066454258,25417.82421875,25417.82421875,1699999
2017-12-14,25397.344987088527,26523.83984375,25397.344987088527,26523.83984375,2051599
2017-12-15,26544.321423191617,27138.291435272582,26462.394524973555,27035.8828125,1640119
2017-12-18,27035.8828125,27322.626956263222,26953.955914281938,27035.8828125,1546999
2017-12-19,27035.88308293715,27506.96275240318,26851.547560102616,27445.517578125,2842279
2017-12-20,27445.514490174526,27445.514490174526,27035.880041075477,27240.697265625,2431559
2017-12-21,26626.24846708286,27035.882960414303,26523.83984375,26523.83984375,3565559
2017-12-22,26523.8396986371,27138.291435272582,26441.91280041904,27035.8828125,1848719
2017-12-25,26974.436519054852,27035.881690167644,26687.69238719515,26831.064453125,1691319
2017-12-26,26831.06556695484,27179.25488438161,26831.06556695484,27035.8828125,1259759
2017-12-27,27035.88253374171,27097.327706771717,26523.839425158323,26626.248046875,2407679
2017-12-28,26626.247769460482,26933.47363140958,26626.247769460482,26790.1015625,3372279
2017-12-29,26810.582729420737,27281.662374618816,26790.10100571647,26831.064453125,10227317
2018-01-01,26831.064453125,26831.064453125,26831.064453125,26831.064453125,0
2018-01-02,26831.06556695484,27138.291435272582,26831.06556695484,27035.8828125,2265599
2018-01-03,27076.84680397042,27691.298552913642,27035.88335404087,27568.408203125,4530038
2018-01-04,27465.999715090762,27732.262140958897,27445.517990023982,27629.853515625,2714839
2018-01-05,27650.334545959617,27650.334545959617,27199.73660581202,27322.626953125,2932119
2018-01-08,27138.288480393025,27240.697092015118,26831.062645526745,26892.5078125,3008079
2018-01-09,26892.507259318783,27035.87931264054,26605.763152675274,26933.470703125,3417399
2018-01-10,26933.47515590399,27240.701035242753,26831.066529457737,27179.255859375,2905399
2018-01-11,26933.471547319677,27138.288772770487,26933.471547319677,27015.3984375,1731559
2018-01-12,27015.400244050183,27015.400244050183,26646.72921358528,26667.2109375,3044039
2018-01-15,26667.21497520239,26749.14188326587,26626.251521170652,26728.66015625,1705559
2018-01-16,26749.136861737294,26933.472370275416,26626.246522711877,26810.58203125,2008199
2018-01-17,26749.138108514446,26810.583280891115,26216.61328125,26216.61328125,2798239
2018-01-18,26114.205350418553,26523.83984375,25806.97948041997,26523.83984375,1888959
2018-01-19,26523.839567185172,26523.839567185172,25991.314731406947,26114.205078125,1498479
2018-01-22,26114.205078125,26114.205078125,26114.205078125,26114.205078125,0
2018-01-23,26114.205078125,26114.205078125,26114.205078125,26114.205078125,0
2018-01-24,26114.205078125,26114.205078125,26114.205078125,26114.205078125,0
2018-01-25,26421.427734375,26728.65356383822,26032.275017054923,26421.427734375,2941559
2018-01-26,26523.837437087357,26585.282605511795,26052.7578125,26052.7578125,1129879
2018-01-29,26052.757472642726,26052.757472642726,24844.335842725934,25356.37890625,4078318
2018-01-30,25602.160583631732,25991.313327214746,25335.898180127562,25786.49609375,1716479
2018-01-31,25786.499168780654,25786.499168780654,25397.34637879131,25704.572265625,1673119
2018-02-01,25602.16364843023,27486.482421875,25335.901213052162,27486.482421875,1867999
2018-02-02,26523.841138065254,26626.249766395467,25929.87109375,25929.87109375,3410399
2018-02-05,25806.978647003267,25806.978647003267,24987.709686798044,25294.935546875,2782799
2018-02-06,24578.07702079379,24680.485648378184,23656.399372534244,24373.259765625,4027118
2018-02-07,24967.22654162497,25172.0437700178,24680.482421875,24680.482421875,1834999
2018-02-08,24885.30276439071,24885.30276439071,24066.033748296835,24311.814453125,1326399
2018-02-09,23553.992835671925,23553.992835671925,22734.723742276023,22939.541015625,3583199
2018-02-12,23553.99038347811,23553.99038347811,22837.130001388665,23328.69140625,2283599
2018-02-13,23349.16897237065,24680.480873396198,23349.16897237065,24578.072265625,771679
2018-02-14,24578.072265625,24578.072265625,24578.072265625,24578.072265625,0
2018-02-15,24578.072265625,24578.072265625,24578.072265625,24578.072265625,0
2018-02-16,24578.072265625,24578.072265625,24578.072265625,24578.072265625,0
2018-02-19,24578.072265625,24578.072265625,24578.072265625,24578.072265625,0
2018-02-20,24578.072265625,24578.072265625,24578.072265625,24578.072265625,0
2018-02-21,24782.89285686852,25253.972516782225,24782.89285686852,25192.52734375,800759
2018-02-22,24987.711531131365,25172.047060783276,24373.259765625,24373.259765625,1212519
2018-02-23,24475.668105421842,24598.558457078158,24393.741204317634,24537.11328125,829519
2018-02-26,24578.073400004447,25090.116462493326,24537.109955005337,24782.890625,1913599
2018-02-27,24987.709559590516,25806.978515625,24578.07508157327,25806.978515625,2986319
2018-02-28,25806.978515625,25806.978515625,25806.978515625,25806.978515625,0
2018-03-01,25192.527764053924,25397.34501091177,24885.301893767155,25090.119140625,1110359
2018-03-02,24782.892162399337,24946.7459525604,24516.62975338761,24885.30078125,2761239
2018-03-05,24987.709103806723,25069.6359979158,24434.70256857046,24475.666015625,3074159
2018-03-06,24475.664142750255,24496.145864710263,23553.986654549797,23963.62109375,2437199
2018-03-07,23758.805080753522,23758.805080753522,23287.72545174926,23369.65234375,2476799
2018-03-08,23390.13324943948,23758.804250560515,23390.13324943948,23574.46875,975519
2018-03-09,23758.805386111573,23861.2140024287,23553.988153477323,23779.287109375,976079
2018-03-12,23779.28559610991,24127.47486943008,23779.28559610991,23963.62109375,768479
2018-03-13,23963.62388407402,23984.105608418922,23656.39801890049,23758.806640625,877559
2018-03-14,23963.624735833015,24106.99681134332,23553.990234375,23553.990234375,1000879
2018-03-15,23553.987559959845,23553.987559959845,23246.76171875,23246.76171875,1398879
2018-03-16,23758.804072276023,23758.804072276023,22734.7179657356,23226.279296875,1927159
2018-03-19,23861.21248394995,24168.438313350103,23758.803874149897,23963.62109375,2108679
2018-03-20,24106.9926698775,24782.889481167393,23984.102340552065,24578.072265625,2692639
2018-03-21,24987.706696709785,25131.078747589458,24578.072265625,24578.072265625,1735919
2018-03-22,24578.076606384213,24905.784209128815,24168.442102953464,24188.923828125,1175159
2018-03-23,23553.986911919284,24168.43857743357,23369.651412264997,23799.767578125,1113599
2018-03-26,23553.990234375,24250.368886853626,23553.990234375,23553.990234375,896399
2018-03-27,23553.989116004046,23840.73325340971,23349.171875,23349.171875,1366919
2018-03-28,23349.170187209093,23533.50569078807,23185.31640625,23185.31640625,1259679
2018-03-29,23349.169482389614,23451.578092397736,22898.571598353887,23164.833984375,1406319
2018-03-30,23144.354072206494,23328.689584635704,23103.390625,23103.390625,733119
2018-04-02,23103.393320558982,23164.838498537756,22529.904992757074,22550.38671875,3068839
2018-04-03,22550.385721978866,22550.385721978866,21096.181640625,21096.181640625,4303998
2018-04-04,21096.17929780283,21854.003041884156,21096.17929780283,21485.33203125,2046039
2018-04-05,21608.221956798123,22079.301572529945,21587.740234375,21587.740234375,861839
2018-04-06,21587.741489238695,22017.85768512629,21464.851147556525,21567.259765625,1061399
2018-04-09,21669.668798001985,21710.632246012567,21157.62569786971,21178.107421875,1226119
2018-04-10,21178.108270831977,21198.589995658313,20686.546875,20686.546875,2025519
2018-04-11,20686.54829288717,20993.77418633988,20440.767578125,20440.767578125,2100999
2018-04-12,20481.72759288805,21198.587890625,20440.76414730308,21198.587890625,1983239
2018-04-13,21505.813344682512,21587.740234375,21300.996120451284,21587.740234375,2169679
2018-04-16,21710.62890625,21813.037510522863,21505.811697704277,21710.62890625,1373119
2018-04-17,21751.592601558667,21813.037764838766,21505.81194843827,21546.775390625,977279
2018-04-18,21505.816142376858,21546.779592552044,21096.181640625,21096.181640625,824399
2018-04-19,21178.104753823434,21178.104753823434,20072.091796875,20072.091796875,1258479
2018-04-20,20481.727571800664,20911.84375,20276.910344086697,20911.84375,1352879
2018-04-23,21826.476434522996,22616.386833929304,21805.689318749148,22242.21875,2743279
2018-04-24,21930.410146990504,22221.429743056993,21826.474576966753,21971.984375,883919
2018-04-25,23294.271484375,23294.271484375,23294.271484375,23294.271484375,0
2018-04-26,23250.198820965725,23360.389312225376,22170.332006621138,22214.408203125,1354479
2018-04-27,22258.484253304454,22699.246215445546,21817.72229116336,22478.865234375,1321599
2018-04-30,22478.865234375,22478.865234375,22478.865234375,22478.865234375,0
2018-05-01,22478.865234375,22478.865234375,22478.865234375,22478.865234375,0
2018-05-02,22478.864314149367,23360.38820234428,22368.673828125,22368.673828125,1018439
2018-05-03,22478.865283244864,22478.865283244864,22082.17951645547,22390.712890625,1035839
2018-05-04,22478.864314149367,22699.245286198093,22324.597633715253,22368.673828125,737799
2018-05-07,22368.672222036213,23823.18653312252,22368.672222036213,23801.1484375,2388079
2018-05-08,23977.451429653687,23977.451429653687,23184.080045902665,23272.232421875,1190999
2018-05-09,23140.00673874444,23580.76867347902,23095.93054527098,23338.349609375,1051799
2018-05-10,23250.194803805814,23338.3471815826,22038.099609375,22038.099609375,2121199
2018-05-11,22016.063161752347,22699.244140625,22016.063161752347,22699.244140625,1240639
2018-05-14,22919.626834906467,23250.198301296765,22611.093466275524,23140.0078125,1095599
2018-05-15,23140.007603293045,23690.96004229576,23029.817115492504,23536.693359375,1896159
2018-05-16,23360.388790093533,23536.69357216836,23051.855421462587,23140.0078125,807959
2018-05-17,23029.817539177126,23228.16042086706,22743.322265625,22743.322265625,1237479
2018-05-18,22699.2476402881,23360.390625,22500.904744874533,23360.390625,1204639
2018-05-21,24021.530367319283,24682.674984517325,23801.14940216203,24308.02734375,4753838
2018-05-22,24263.952042307115,24330.066334283685,23514.655011512954,24021.53125,1695559
2018-05-23,24021.53291779896,24903.05859375,23735.037632675972,24903.05859375,3490439
2018-05-24,25101.398458023803,25299.74132381842,24726.75082263397,25057.322265625,2724279
2018-05-25,25035.285570064912,25123.437959794348,24241.9140625,24241.9140625,2445519
2018-05-28,23801.150051280347,24021.531022447954,22544.978515625,22544.978515625,4623718
2018-05-29,22544.979172997464,23580.769767687063,22258.483902125874,23140.0078125,2207119
2018-05-30,23140.006062478325,23360.387023404986,22544.977467976336,22699.244140625,1763799
2018-05-31,22699.245719725266,23404.46484375,22544.979036344856,23404.46484375,1360799
2018-06-01,23360.388330234287,24021.53125,23051.854967676954,24021.53125,2428639
2018-06-04,24021.53125,24572.48540486445,23801.150276744764,24021.53125,2114999
2018-06-05,24021.53030493733,24506.370148750484,23911.33982264486,24440.255859375,2203919
2018-06-06,24462.29320684525,26115.150390625,24440.25511106152,26115.150390625,6488998
2018-06-07,26093.113498506784,26181.26588570814,25586.237272098984,25652.3515625,2344839
2018-06-08,25564.20244109116,26864.45031841609,25454.011943012778,26666.107421875,4202518
2018-06-11,26335.532847893515,27327.247214625288,26181.26616862413,27040.751953125,3454559
2018-06-12,26511.83791330761,26776.295080653268,25696.42831399183,26467.76171875,4033758
2018-06-13,26666.10527824469,27062.79103943816,26467.76239764795,27018.71484375,2789519
2018-06-14,26886.482334954508,27768.006120136473,26886.482334954508,27106.86328125,3162919
2018-06-15,27106.870974178317,27481.518689205648,26710.18515826702,27283.17578125,1925759
2018-06-18,27305.210690810964,27657.82026374275,26004.962890625,26004.962890625,4282358
2018-06-19,25454.00884403791,25872.732685756975,24197.837318880716,25343.818359375,7644838
2018-06-20,25365.860251515736,25762.54605565385,25123.441148986887,25520.126953125,1644439
2018-06-21,25718.46412040061,25894.768882926717,25123.435546875,25123.435546875,2064239
2018-06-22,25123.436233988657,25762.541015625,24748.788603374254,25762.541015625,1906319
2018-06-25,26445.72547000178,27084.83033575993,26445.72547000178,26644.068359375,2820399
2018-06-26,26291.455980928822,26622.027428045632,25960.88453381201,26445.72265625,1764919
2018-06-27,26445.724856789733,26930.56301957094,26004.962890625,26004.962890625,3268679
2018-06-28,25696.430922045583,25982.926215747822,25145.47843415666,25277.70703125,2552119
2018-06-29,25343.816500032633,25674.387929769084,25123.435546875,25123.435546875,1964559
2018-07-02,24903.055042633267,24903.055042633267,23580.767578125,23580.767578125,4106358
2018-07-03,23602.807440372093,23911.340803446514,22060.140625,22060.140625,4301118
2018-07-04,22434.787790451992,23029.81640625,21949.949659061025,23029.81640625,3118279
2018-07-05,23029.818728014357,23140.009223530313,22038.10426837075,22412.751953125,2234079
2018-07-06,22478.865645183632,23801.15155577212,22104.217970516896,23470.580078125,2271639
2018-07-09,23580.769767687063,23911.34123407736,22919.626834906467,23140.0078125,1314159
2018-07-10,23051.85445948097,23470.57829943483,22919.62587844291,23117.96875,1207879
2018-07-11,22478.863384812586,22919.625310687756,22038.101458937414,22258.482421875,1954119
2018-07-12,22082.179468448016,23140.00817758664,22082.179468448016,22478.865234375,1147559
2018-07-13,23007.77922594388,23338.350692334177,22721.28395507229,23140.0078125,1303039
2018-07-16,23448.540922991077,23977.45526339285,23360.388532924113,23624.845703125,1607799
2018-07-17,23580.769198168986,24682.67578125,23294.27393421677,24682.67578125,3296639
2018-07-18,24682.677605193858,25079.363384594915,24550.449012060173,24903.05859375,1843799
2018-07-19,25079.36212748576,25564.200278006647,24682.676367968677,25409.93359375,3449479
2018-07-20,25123.438536566497,25123.438536566497,24484.33369635582,25013.248046875,3713439
2018-07-23,24903.055571867553,25674.38893821595,24881.01747568617,25101.3984375,3054879
2018-07-24,25101.3984375,25101.3984375,25101.3984375,25101.3984375,0
2018-07-25,24770.827349060004,25035.28450701895,24352.103515625,24352.103515625,1997279
2018-07-26,24352.10454966179,24660.637913714814,23801.150392126463,24241.9140625,1740919
2018-07-27,24241.911752374675,25123.43556566449,24241.911752374675,25079.359375,2807799
2018-07-30,25101.39918515626,25564.19921875,25101.39918515626,25564.19921875,2384119
2018-07-31,25674.391564069,25894.772548422334,25454.01057971567,25740.505859375,2274439
2018-08-01,25894.76690154994,25916.804995179427,25013.243156370514,25035.28125,2511119
2018-08-02,24881.01651700979,25079.359375,24594.5212776906,25079.359375,2453719
2018-08-03,25123.43865817459,25387.895834714265,24792.8671875,24792.8671875,1788759
2018-08-06,24792.866381807024,24903.05686845103,24462.294921875,24462.294921875,1453039
2018-08-07,24462.294921875,24704.713992491816,24241.913948586985,24462.294921875,1743719
2018-08-08,24462.293648239898,25211.588918406913,24462.293648239898,25101.3984375,1362599
2018-08-09,25123.4394020849,25387.896586455205,25035.287007294795,25211.591796875,1724959
2018-08-10,25211.591670380465,25542.163149184766,25101.4011774457,25431.97265625,2739439
2018-08-13,25343.818447951846,25343.818447951846,25057.323186826972,25167.513671875,1688359
2018-08-14,25343.81902347829,25982.923851270127,25343.81902347829,25938.84765625,4136398
2018-08-15,26004.961155505945,26357.5707049107,25520.123025074405,25564.19921875,3141799
2018-08-16,25387.896976295644,26203.306640625,25365.858877259714,26203.306640625,3204399
2018-08-17,26335.533364592146,26555.91433930082,26027.0,26027.0,2589039
2018-08-20,26115.15493148308,26732.221720722027,26027.00253302037,26666.107421875,3249319
2018-08-21,26666.10341198283,26996.674856508587,26622.027219379394,26886.484375,2449719
2018-08-22,26996.673904823652,26996.673904823652,26599.988185376682,26820.369140625,1694559
2018-08-23,26820.371071402325,26886.485362736337,26622.028197400294,26864.447265625,1844279
2018-08-24,26754.259820337706,26842.41221880041,26445.726425718232,26666.107421875,2279599
2018-08-27,26732.219478145274,27349.286215618242,26622.028989310813,27195.01953125,2836839
2018-08-28,27327.244227545492,27327.244227545492,26952.596618843156,27106.86328125,2515399
2018-08-29,27106.864324594575,27217.05480198356,26908.521465294405,26952.59765625,964119
2018-08-30,26952.596618843156,27195.015659768196,26886.482334954508,27106.86328125,1836679
2018-08-31,27261.132225804802,27261.132225804802,26445.72265625,26445.72265625,2891039
2018-09-03,26445.72265625,26445.72265625,26445.72265625,26445.72265625,0
2018-09-04,26445.722827119524,26644.065696671132,26093.11328125,26093.11328125,2795599
2018-09-05,26093.11450376181,26225.343089658043,25564.200160176886,25630.314453125,2997239
2018-09-06,25872.732530503392,25938.846820904408,25630.313465699663,25652.3515625,2143679
2018-09-07,25586.238141905684,25982.923897797158,25586.238141905684,25850.6953125,1140359
2018-09-10,25850.69237370584,26093.111419191613,25784.578088573355,25872.73046875,1457679
2018-09-11,26049.039741798828,26555.916015625,25872.734950902766,26555.916015625,2754279
2018-09-12,26666.106458194245,26952.60174284445,26622.03026055575,26644.068359375,2798519
2018-09-13,26666.106381221834,27106.868356334497,26622.03018371057,26776.296875,2650559
2018-09-14,26886.484375,27062.78914541374,26798.331989793132,26886.484375,1047439
2018-09-17,26776.297004245076,26886.487498555114,26445.725521314962,26555.916015625,1639439
2018-09-18,26423.68435266394,26886.484375,26225.341485948487,26886.484375,1309159
2018-09-19,27106.866333849706,27106.866333849706,26622.028197400294,26864.447265625,1473839
2018-09-20,26864.449270022535,26996.67786255633,26688.14447997747,26776.296875,1293479
2018-09-21,26864.447767190475,27768.009765625,26776.295377099304,27768.009765625,5030678
2018-09-24,27768.00871380887,28098.58016412915,27768.00871380887,27922.275390625,2291279
2018-09-25,27922.275433763265,27922.275433763265,27657.81827309847,27834.123046875,1993279
2018-09-26,27768.009882404756,27944.31466332856,27547.62890625,27547.62890625,2600319
2018-09-27,27613.742856147128,28208.771484375,27371.323785387624,28208.771484375,3081239
2018-09-28,28318.962063250478,28627.49542703945,28032.466796875,28032.466796875,2570839
2018-10-01,27988.390625,28186.733501884133,27900.23823527372,27988.390625,1959879
2018-10-02,27988.390625,28274.885891610415,27922.27633270529,27988.390625,1947519
2018-10-03,27966.35143490368,28230.80859375,27922.275241762625,28230.80859375,1893959
2018-10-04,28274.886646256447,28649.53431259235,28274.886646256447,28407.115234375,1870879
2018-10-05,28429.15163637539,28649.53260342555,27878.19921875,27878.19921875,2420999
2018-10-08,27878.200024248403,28429.152457792734,27834.123829564858,28208.771484375,2642799
2018-10-09,28230.81037850709,28781.762827601575,28230.81037850709,28539.34375,3293439
2018-10-10,28649.53115347828,28869.912109375,28495.264484350577,28869.912109375,2305919
2018-10-11,28429.15185950945,28429.15185950945,27437.4375,27437.4375,6318558
2018-10-12,27349.286694067487,28098.58203125,27349.286694067487,28098.58203125,2471159
2018-10-15,28120.62037778883,28120.62037778883,27547.629820764563,27657.8203125,3213799
2018-10-16,27547.628631258423,28076.54296875,27547.628631258423,28076.54296875,1193359
2018-10-17,28208.771484375,28539.342944501597,28120.619095007907,28208.771484375,1441719
2018-10-18,28274.88495944028,28318.961152850312,27834.12302533997,27878.19921875,1556679
2018-10-19,27657.81644355706,27834.121205671177,27415.397395650147,27569.6640625,1871639
2018-10-22,27768.00893106073,27856.161318502494,27481.513671875,27481.513671875,1085359
2018-10-23,27327.249609907307,27327.249609907307,26004.963671697566,26335.53515625,3328079
2018-10-24,26335.53155045792,26688.141085702144,25674.388671875,25674.388671875,2035199
2018-10-25,24352.106122359644,25454.011065140356,24352.106122359644,24903.05859375,2361319
2018-10-26,25343.816852802604,25387.893044047643,23801.1484375,23801.1484375,3396159
2018-10-29,23801.149774521582,24109.684852294933,23051.854481264498,23073.892578125,3767719
2018-10-30,23140.008526523125,23933.380070340627,23073.894231205,23602.80859375,2323679
2018-10-31,23823.18818111347,24858.98046875,23823.18818111347,24858.98046875,1535919
2018-11-01,24903.055928039477,25013.246410522373,24241.913033142107,24352.103515625,1998439
2018-11-02,24881.01957967989,25013.24816794973,24462.295716825407,24792.8671875,2019239
2018-11-05,24550.447265625,24660.637752064496,24131.723417154917,24550.447265625,1172319
2018-11-06,24792.86633579189,24792.86633579189,24352.104390033906,24550.447265625,874919
2018-11-07,24792.866267385467,24991.20914242931,24462.294808979066,24682.67578125,2573719
2018-11-08,24462.295036823587,24682.676011147174,23867.26468442354,24241.9140625,2418119
2018-11-09,24241.916326342387,24682.678316150323,23360.390625,23360.390625,1909119
2018-11-12,23360.38844347929,24352.10454966179,23360.38844347929,24241.9140625,1216159
2018-11-13,23845.223676838774,24021.52843478081,23690.95701363949,23735.033203125,1269079
2018-11-14,23779.111392074956,24065.606647820692,23646.8828125,23646.8828125,634079
2018-11-15,23801.14853525534,24087.64377952478,23580.767578125,23580.767578125,1171279
2018-11-16,23801.150483258923,24241.914155320104,23580.76950809152,23624.845703125,2524999
2018-11-19,24153.75363521635,24888.357421875,24153.75363521635,24888.357421875,2024610
2018-11-20,24888.357400347075,24888.357400347075,24623.900243985867,24770.8203125,615900
2018-11-21,24447.597245479697,24976.511596547338,24447.597245479697,24917.7421875,1027470
2018-11-22,25211.5859375,25387.890734265737,25152.81824582027,25211.5859375,854880
2018-11-23,25211.58427734375,25270.351965153695,24682.669921875,24682.669921875,827310
2018-11-26,24682.667907107814,25152.814536390055,24682.667907107814,24976.509765625,731040
2018-11-27,25123.42793979034,25182.195618372363,24770.818424845915,24800.203125,511530
2018-11-28,24829.587953905957,24947.125041555853,24741.435568600107,24858.97265625,531330
2018-11-29,24976.509765625,25123.429834020455,24829.58797550327,24976.509765625,905190
2018-11-30,24858.976503767026,25005.896594774058,24682.671705867968,24829.591796875,958950
2018-12-03,25123.43132716106,25858.03515625,24976.511250033822,25858.03515625,2645310
2018-12-04,26004.955233377237,26063.722919882854,25769.882765628383,25858.03515625,1051080
2018-12-05,25652.34355204814,26240.025533741875,25534.8064670189,26093.10546875,1173960
2018-12-06,25858.03509467102,26298.79704672947,25711.11329616729,25828.650390625,1456140
2018-12-07,25828.65229682535,26151.877178280654,25828.65229682535,26034.341796875,1495380
2018-12-10,26034.339937493234,26034.339937493234,25769.882765628383,25858.03515625,1144110
2018-12-11,25858.035032951768,25975.570405402566,25711.11323479872,25799.265625,1087380
2018-12-12,25799.265625,25799.265625,25799.265625,25799.265625,0
2018-12-13,26475.10157625914,26475.10157625914,26093.107314192137,26151.875,1328820
2018-12-14,26093.107561860066,26093.107561860066,25799.26568657898,25828.650390625,1999230
2018-12-17,25564.191760933092,25711.111829328547,24976.509765625,24976.509765625,2832450
2018-12-18,24388.827908542185,25064.6640625,24388.827908542185,25064.6640625,2313270
2018-12-19,25123.433539117133,25240.970644203135,24858.976343968534,25211.5859375,1112070
2018-12-20,24976.511561664647,25211.58403234649,24888.359169943156,25123.431640625,1028310
2018-12-21,24976.51132732115,25681.73045447632,24653.284746224108,25564.193359375,2778330
2018-12-24,25564.191551567208,25711.111618759413,25417.271484375,25417.271484375,954270
2018-12-25,24976.511500808658,25358.504049520117,24712.05432628854,25094.046875,1663830
2018-12-26,25211.58397091774,25358.504049520117,25035.27918790433,25094.046875,1027170
2018-12-27,25534.808750002518,25564.193454318578,25182.199185115365,25387.888671875,1988730
2018-12-28,25387.888671875,25387.888671875,25387.888671875,25387.888671875,0
2018-12-31,25387.888671875,25387.888671875,25387.888671875,25387.888671875,0
2019-01-01,25387.888671875,25387.888671875,25387.888671875,25387.888671875,0
2019-01-02,25564.193599232458,25564.193599232458,25123.431640625,25123.431640625,1055190
2019-01-03,25123.43197297233,25182.1996609886,24388.828125,24388.828125,2109180
2019-01-04,24388.829966537436,24594.519472715114,24094.989782542536,24565.134765625,1296510
2019-01-07,24682.667907107814,25123.429834020455,24623.900224094887,24976.509765625,1194000
2019-01-08,24976.51180437756,24976.51180437756,24682.669921875,24682.669921875,516540
2019-01-09,24682.669621877507,25182.199266506705,24682.669621877507,25094.046875,1322850
2019-01-10,25094.044840654416,25270.349609375,24888.35709163124,25270.349609375,855870
2019-01-11,25270.34990241591,25270.34990241591,24976.509765625,24976.509765625,1082340
2019-01-14,24976.509765625,24976.509765625,24682.667907107814,24976.509765625,1363740
2019-01-15,24976.513390613938,25182.201171875,24770.823887626346,25182.201171875,2613030
2019-01-16,25123.431749994692,25505.426023026223,25064.6640625,25064.6640625,5283990
2019-01-17,25270.35182959463,25270.35182959463,25035.27935788945,25064.6640625,1371390
2019-01-18,25035.275561054237,25123.42793979034,24800.203125,24800.203125,585630
2019-01-21,24800.205098998365,24858.972782258064,24535.7479417403,24594.515625,1322760
2019-01-22,24623.90234375,24829.590112864233,24594.517638850928,24623.90234375,424770
2019-01-23,24623.904179805224,24682.671872258896,24535.751780261442,24565.134765625,529710
2019-01-24,24565.134765625,24653.287165168782,24476.982366081218,24565.134765625,443310
2019-01-25,24565.13107035178,24653.28345663501,24447.595703125,24447.595703125,670530
2019-01-28,24447.59938071766,24741.439564712564,24447.59938071766,24565.134765625,810750
2019-01-29,24565.132585813422,25123.431640625,24359.44481961421,25123.431640625,1385520
2019-01-30,24829.591964256346,24917.744363800128,24565.134765625,24565.134765625,789330
2019-01-31,24682.670008534216,24829.590089438112,24388.828125,24388.828125,618090
2019-02-01,24594.517615646593,24741.43769655049,24359.445141855074,24388.828125,1261080
2019-02-04,24388.828125,24388.828125,24388.828125,24388.828125,0
2019-02-05,24388.828125,24388.828125,24388.828125,24388.828125,0
2019-02-06,24388.828125,24388.828125,24388.828125,24388.828125,0
2019-02-07,24388.828125,24388.828125,24388.828125,24388.828125,0
2019-02-08,24388.828125,24388.828125,24388.828125,24388.828125,0
2019-02-11,24535.74781737064,24858.97265625,24535.74781737064,24858.97265625,1066380
2019-02-12,24858.97265625,25064.662129205746,24858.97265625,24858.97265625,1030350
2019-02-13,24858.974431305865,25329.12109375,24858.974431305865,25329.12109375,3637620
2019-02-14,25329.12298332036,25387.890674862592,25123.433480332773,25182.201171875,2006520
2019-02-15,25182.199232366605,25358.504015140996,25064.66385833461,25299.736328125,2153220
2019-02-18,25299.736328125,25299.736328125,25299.736328125,25299.736328125,0
2019-02-19,25299.73618669181,25769.882845370717,25299.73618669181,25564.193359375,5733750
2019-02-20,25564.191469839992,25740.49623859751,25534.80676780499,25593.576171875,1778670
2019-02-21,25593.577923435954,25828.650390625,25593.577923435954,25828.650390625,2345460
2019-02-22,25769.882459659355,26357.564482917056,25593.577680509406,26151.875,3570090
2019-02-25,26445.71678043293,26798.32633750537,26298.79670556153,26328.1796875,3821580
2019-02-26,26386.951324261943,26386.951324261943,25916.8046345339,26004.95703125,2393190
2019-02-27,26122.492218874067,26269.412295386905,25799.265640128906,25916.802734375,1727130
2019-02-28,25916.80104863909,26063.721115595636,25505.423828125,25505.423828125,3481350
2019-03-01,25740.497985278973,25828.650375639518,25564.193204557883,25711.11328125,1293570
2019-03-04,26004.954924617163,26269.41209334208,25652.34536631727,26151.875,2308260
2019-03-05,26151.875185805133,26445.717060384864,25799.265625,25799.265625,2119740
2019-03-06,25858.034986553208,25946.187376596314,25652.345502543838,25887.41796875,1609290
2019-03-07,26004.955280676415,26004.955280676415,25740.498108330554,25769.8828125,1375380
2019-03-08,25769.8828125,25769.8828125,25769.8828125,25769.8828125,0
2019-03-11,25652.34381363648,25828.64858211508,25534.80672740866,25681.728515625,1074210
2019-03-12,25858.03694396533,26004.95703125,25799.267531670266,26004.95703125,2002110
2019-03-13,26004.954940488675,26445.71688863255,26004.954940488675,26269.412109375,3237360
2019-03-14,26298.796797109193,26298.796797109193,26004.954924617163,26151.875,1590810
2019-03-15,26151.877178280654,26240.029575198147,25946.189399957508,26034.341796875,1370460
2019-03-18,26034.337811280497,26240.025558114925,26004.953109564332,26210.642578125,2168580
2019-03-19,26240.027451571714,26739.558808161033,26122.49207967829,26181.259765625,3484470
2019-03-20,26004.95703125,26240.02951525077,25858.03694396533,26004.95703125,1294800
2019-03-21,26004.95517144838,26181.259952271757,25828.650390625,25828.650390625,2118060
2019-03-22,25828.650422624232,25887.418109062706,25564.193251061526,25622.9609375,2015310
2019-03-25,25417.27388048713,25417.27388048713,24623.90234375,24623.90234375,3490200
2019-03-26,24976.50989185918,25035.277575169126,24653.283329338767,24712.052734375,1765560
2019-03-27,24829.586103427937,24947.12318231813,24800.203125,24800.203125,623430
2019-03-28,24829.586103427937,24888.355503736107,24712.050746263893,24800.203125,1058520
2019-03-29,24858.97450017906,25035.279283868276,24829.589795655393,24917.7421875,856650
2019-04-01,24917.74048682295,25005.89287265101,24682.668031856883,24712.052734375,1453920
2019-04-02,24947.125189341063,25005.89287265101,24712.052734375,24712.052734375,862980
2019-04-03,24829.590112864233,24829.590112864233,24594.517638850928,24623.90234375,706620
2019-04-04,24623.902393147633,24770.82247448488,24506.365295041982,24535.75,952500
2019-04-05,24271.290805234697,24770.820417684943,24271.290805234697,24712.052734375,1063680
2019-04-08,24829.59000226307,24829.59000226307,24535.749841486933,24682.669921875,559740
2019-04-09,24682.668010752688,24712.052713245677,24447.595555987613,24594.515625,827910
2019-04-10,24506.36336616848,24565.13104973254,24153.75382133152,24330.05859375,1205580
2019-04-11,24241.91015625,24418.214957386364,24153.757755681818,24241.91015625,667740
2019-04-12,24241.91015625,24330.062556818182,24065.605355113636,24241.91015625,1049160
2019-04-15,24241.91015625,24241.91015625,24241.91015625,24241.91015625,0
2019-04-16,24036.220876609863,24153.757985729088,23918.685489217227,24006.837890625,1362000
2019-04-17,24006.83381587739,24124.369183320418,23918.681429431974,24036.216796875,1029990
2019-04-18,24036.218971828388,24094.988382594038,23683.609394140312,23918.68359375,1135140
2019-04-19,23948.064430463193,24183.138608998488,23918.681449441006,24153.75390625,728250
2019-04-22,24271.292748967455,24506.36522275897,24241.908044096104,24388.828125,1078980
2019-04-23,24388.826277314063,24447.595682604417,24212.521504895583,24330.05859375,615900
2019-04-24,24330.060436983727,24506.36522275897,24300.675732112377,24388.828125,955080
2019-04-25,24476.98059008396,24682.670081337248,24388.828196936327,24535.75,819030
2019-04-26,24535.747776500044,24976.509702295094,24476.978371909852,24947.125,2188920
2019-04-29,24947.125,24947.125,24947.125,24947.125,0
2019-04-30,24947.125,24947.125,24947.125,24947.125,0
2019-05-01,24947.125,24947.125,24947.125,24947.125,0
2019-05-02,25064.66186035182,25387.88669576414,25064.66186035182,25270.349609375,1674810
2019-05-03,25270.34977737293,25270.34977737293,25005.892622533935,25240.966796875,1150830
2019-05-06,24976.511915633168,24976.511915633168,24535.74995077921,24623.90234375,1218600
2019-05-07,24712.05456564129,24829.58994097104,24535.74978092025,24653.28515625,877530
2019-05-08,24388.828196936327,24653.285376379226,24241.908115599083,24535.75,1018680
2019-05-09,24506.363260200764,24829.58810099489,24476.978557682647,24712.052734375,1143300
2019-05-10,24712.052609477418,25005.892746268324,24682.667907107814,24976.509765625,1031100
2019-05-13,24947.123012488995,25094.043068806957,24682.665878080985,25035.275390625,798420
2019-05-14,24976.511561664647,25182.199327863862,24858.974465460527,25123.431640625,1533960
2019-05-15,25240.96850000434,25652.345750269396,25211.583795797414,25564.193359375,2316210
2019-05-16,25564.191464484727,25681.728550873868,25270.349609375,25270.349609375,1023060
2019-05-17,25270.34969545653,25564.191551567208,25270.34969545653,25417.271484375,895590
2019-05-20,25476.04084362523,26034.339890462372,25476.04084362523,25946.1875,2697030
2019-05-21,25975.57042063486,26181.259905133928,25828.650344122023,25916.802734375,2830500
2019-05-22,26454.8671875,26753.792824304095,26365.18967161017,26454.8671875,2019420
2019-05-23,27714.62461625661,27714.62461625661,27399.68509203767,27588.6484375,1727370
2019-05-24,27462.669803577537,28124.041453568985,27368.188139293045,27935.078125,3520740
2019-05-27,27872.09308695987,27966.57475844109,27494.16640103499,27620.142578125,1618230
2019-05-28,27557.15541787102,27840.600451353162,27557.15541787102,27777.61328125,1535610
2019-05-29,27777.612151285986,27872.093825269953,27525.66163577714,27557.154296875,2731980
2019-05-30,27557.153931474553,27714.62461625661,27431.179598063114,27588.6484375,1182960
2019-05-31,27588.650587979097,27620.145096459473,27084.747679019623,27116.2421875,1879710
2019-06-03,27084.74430481271,27084.74430481271,26486.361635649013,26769.806640625,1648620
2019-06-04,26895.780805119837,27084.744140625,26643.830306227977,27084.744140625,672240
2019-06-05,27273.705078125,27494.16289861258,27242.21242187314,27273.705078125,872070
2019-06-06,27399.68367504327,27399.68367504327,27084.744167111654,27242.21484375,1150290
2019-06-07,27305.20453166574,27809.107421875,27305.20453166574,27809.107421875,1968630
2019-06-10,27840.598878734596,28187.03290809632,27809.10621813456,27903.587890625,2178030
2019-06-11,28029.562046836563,28501.970406307657,27998.069386435258,28218.525390625,3151740
2019-06-12,28344.501138185184,28659.440654835616,28187.03230253253,28564.958984375,2845980
2019-06-13,28596.45292934802,28596.45292934802,28092.551894477485,28155.5390625,2288580
2019-06-14,28281.514490851583,28281.514490851583,27998.069474279615,28061.056640625,1937790
2019-06-17,28029.561445088417,28092.550455229062,27557.153095759146,27651.634765625,2301030
2019-06-18,27683.131237986374,27840.60008383822,27620.144068714682,27809.107421875,1229460
2019-06-19,28029.562223715475,28187.03290809632,27840.598878734596,27903.587890625,1135530
2019-06-20,28029.56162153475,28848.403995756853,27966.574456342718,28564.958984375,3440760
2019-06-21,28596.450445229013,28942.8844526218,28596.450445229013,28659.439453125,1550640
2019-06-24,28942.886702259613,29131.850049944995,28564.960006888847,28785.416015625,2322180
2019-06-25,28785.414451606102,28911.390625,28533.463950163397,28911.390625,1467180
2019-06-26,28911.39056793443,29383.79891054774,28722.42723088911,29226.330078125,2284380
2019-06-27,29005.871615172742,29226.329452118604,28596.450445229013,28659.439453125,2283510
2019-06-28,28722.42723088911,29226.330078125,28596.451057743863,29226.330078125,2144760
2019-07-01,29446.78621473389,29856.20739539762,29383.799050533737,29824.712890625,2814420
2019-07-02,29887.700731940513,30171.145727779745,29730.230059577592,30076.6640625,3387030
2019-07-03,29950.689368353847,30234.134378148992,29919.19486326157,30108.158203125,2567640
2019-07-04,30234.1328895179,30423.096220077387,30045.169558958412,30076.6640625,1945290
2019-07-05,29982.1866574369,30139.655506829797,29887.704978732105,30045.173828125,1856940
2019-07-08,29919.198211783776,30013.679892289772,29635.753170265787,29698.7421875,2149740
2019-07-09,29698.7421875,29698.7421875,29698.7421875,29698.7421875,0
2019-07-10,30643.55416924674,31336.420332348287,30643.55416924674,30989.986328125,3138450
2019-07-11,31021.482517407825,31273.43488467464,30864.013671875,30864.013671875,2109180
2019-07-12,30864.01135449506,31241.93987701906,30580.56634661088,30895.505859375,2124360
2019-07-15,31115.963023566677,32123.768764041222,30895.507017180826,31871.81640625,4674300
2019-07-16,31871.81644223282,32344.22480694324,31808.831120731666,32186.7578125,2149950
2019-07-17,32186.758270447703,32312.732605932706,31966.298569985946,31997.794921875,1795770
2019-07-18,31966.300848703177,32722.154296875,31777.33748666022,32722.154296875,3329190
2019-07-19,32911.11168215787,33383.52000147444,32753.64470284567,33352.02734375,3292560
2019-07-22,33383.51762246962,33855.92590812103,33131.568997248694,33540.98828125,2579520
2019-07-23,33540.99426437672,34296.84765625,33478.00525149048,34296.84765625,2693010
2019-07-24,34328.34643329386,34548.80617232765,33824.4453125,33824.4453125,2334030
2019-07-25,33824.4453125,33824.4453125,33824.4453125,33824.4453125,0
2019-07-26,33824.4453125,33824.4453125,33824.4453125,33824.4453125,0
2019-07-29,33824.4453125,33824.4453125,33824.4453125,33824.4453125,0
2019-07-30,33824.4453125,33824.4453125,33824.4453125,33824.4453125,0
2019-07-31,32501.700228230337,33698.469490120275,32501.700228230337,33635.48046875,2052150
2019-08-01,33478.006896281615,34170.875,33257.55087638426,34170.875,2627280
2019-08-02,33855.93554639011,34170.87695360989,33698.468533471,34013.40625,2399160
2019-08-05,34013.400256849316,35084.191256927494,33918.91858946918,34485.80859375,3927660
2019-08-06,34485.80859375,34485.80859375,34485.80859375,34485.80859375,0
2019-08-07,34643.280766962554,35966.02416745597,34643.280766962554,35903.03515625,3842190
2019-08-08,36060.50601588743,36217.9730086397,35493.61598432252,35588.09765625,2588520
2019-08-09,35588.09765625,35588.09765625,35588.09765625,35588.09765625,0
2019-08-12,36501.417539801965,37162.789234513504,36091.99819711538,36847.8515625,2142990
2019-08-13,36690.385508734544,37288.77195892922,36217.977095786504,37099.80859375,2735310
2019-08-14,37351.752704002785,37635.19771699444,37225.77837290325,37446.234375,2179950
2019-08-15,37099.807454188536,37792.671875,36784.86606143646,37792.671875,2780040
2019-08-16,37792.671875,37792.671875,37792.671875,37792.671875,0
2019-08-19,37792.671875,37792.671875,37792.671875,37792.671875,0
2019-08-20,37792.671875,37792.671875,37792.671875,37792.671875,0
2019-08-21,37792.6706670823,38391.05338908093,37572.21465175448,37887.15234375,2452740
2019-08-22,37950.13696991966,37950.13696991966,37005.3203125,37005.3203125,3108990
2019-08-23,37005.32419178203,37162.791190732576,36217.974434267424,36690.3828125,3099120
2019-08-26,36280.96005154639,37131.29505275451,36280.96005154639,36658.88671875,3106770
2019-08-27,36942.333542351975,37005.32255355795,35115.689124281635,35903.03515625,5683320
2019-08-28,35903.031974373625,35903.031974373625,35367.63465329772,35840.04296875,1794420
2019-08-29,35840.04210672803,36217.96875,35619.58612838268,36217.96875,1018380
2019-08-30,36217.969149836776,36910.83713061104,36217.969149836776,36816.35546875,1938210
2019-09-02,36816.35546875,36816.35546875,36816.35546875,36816.35546875,0
2019-09-03,36942.33473174426,37257.272416533255,36847.85305723852,37036.81640625,2016660
2019-09-04,37036.81130725191,37288.76363481012,36910.836988817755,37131.29296875,1435050
2019-09-05,37162.78448280477,37162.78448280477,36217.96789688015,36595.89453125,2620260
2019-09-06,36595.89921047504,36973.82589316735,36280.96153846154,36847.8515625,1338570
2019-09-09,36690.3844993402,37005.32589310165,36564.41015625,36564.41015625,804810
2019-09-10,36847.85217444517,36847.85217444517,36060.50613599055,36186.48046875,1579860
2019-09-11,36154.983183593125,36249.46484375,35493.61156249502,36249.46484375,2098410
2019-09-12,36501.41826361017,36910.8413051057,36154.98792473282,36784.86328125,2547090
2019-09-13,37005.32772443472,38548.52734375,37005.32772443472,38548.52734375,7813860
2019-09-16,38643.00855127124,39304.380335767324,38611.51588700168,38894.9609375,3316890
2019-09-17,38863.4609375,38894.95728950625,38422.548916316664,38863.4609375,1300740
2019-09-18,38768.97720314024,39209.89289158898,38296.568855048805,38422.546875,2512140
2019-09-19,38580.012656301944,39430.34765625,38328.064005666296,39430.34765625,1606740
2019-09-20,39650.80620334003,40249.18884482495,39052.419871165104,39839.76953125,1878690
2019-09-23,39682.3008972499,39997.23856302976,38894.95488745517,39052.421875,2119680
2019-09-24,38643.00287387926,39241.38555123167,38422.546875,38422.546875,2388060
2019-09-25,38454.04476637341,39524.8359375,38265.081401428084,39524.8359375,1920600
2019-09-26,39650.80812197113,39839.7714590247,39209.89243861607,39682.30078125,1362810
2019-09-27,39839.7752066775,40564.132273061645,39682.304514089825,40312.18359375,3849990
2019-09-30,40627.12097997376,40784.591671366616,39682.30421299763,39713.796875,2036340
2019-10-01,39713.79137087295,40249.18869485294,39713.79137087295,40154.70703125,1743720
2019-10-02,40154.708330880225,40217.69733888419,39430.34765625,39430.34765625,2092920
2019-10-03,39083.91780634416,39430.34812778354,39052.42145662047,39398.85546875,2715570
2019-10-04,39619.3160525442,39619.3160525442,38737.48828125,38737.48828125,1836330
2019-10-07,38737.48052484119,38957.93650085017,38107.6015625,38107.6015625,2606550
2019-10-08,38107.609192788106,38737.48828125,37981.63485137196,38737.48828125,1852470
2019-10-09,38863.45630668344,39020.926975879855,38611.507664797144,38926.4453125,775140
2019-10-10,38926.4453125,39146.901296823,38643.000322360436,38926.4453125,927270
2019-10-11,38957.942612137915,38989.43896414417,38643.00492690833,38863.4609375,679170
2019-10-14,38894.959993920624,39524.83540817581,38737.48929501149,39272.88671875,1673370
2019-10-15,39272.88724470005,39650.813974590696,39209.8982261547,39524.8359375,990390
2019-10-16,39682.300472122304,39839.7711486703,39367.36280971646,39398.85546875,996450
2019-10-17,39367.36388001641,39367.36388001641,38643.00317703026,38705.9921875,2256450
2019-10-18,38831.966517749235,38926.44818810872,38517.028846781024,38705.9921875,1022790
2019-10-21,38894.955528218976,39020.92985846821,38422.54717642154,38705.9921875,1261620
2019-10-22,38737.48390337771,38768.9765625,38359.557231149636,38768.9765625,849330
2019-10-23,38580.01297177843,39178.399325983955,38454.03864543049,38800.47265625,803730
2019-10-24,38800.47108317117,40154.70703125,38800.47108317117,40154.70703125,4653870
2019-10-25,40249.190934360064,40312.179943830124,39934.25326839012,40280.68359375,1858680
2019-10-28,40312.1811477023,40658.611483407876,40123.217804339154,40186.203125,2374290
2019-10-29,40186.20554222943,40438.15791209885,39997.2421875,39997.2421875,1355790
2019-10-30,39776.78287557493,39902.757204729096,39241.38551796182,39335.8671875,3821640
2019-10-31,39335.86839117933,39682.30242031696,39241.38671875,39241.38671875,1641840
2019-11-01,39241.38432292821,39619.310989571786,38674.49432296284,39430.34765625,2412330
2019-11-04,39493.3408596024,39871.26756639285,38926.45079941672,39713.796875,4258770
2019-11-05,39871.26580316774,39934.25481507742,39524.831773699996,39556.328125,2082930
2019-11-06,39556.32808730797,39587.820747887636,39115.41238574101,39241.38671875,2026530
2019-11-07,39461.84765625,39650.811007052966,39272.88430544703,39461.84765625,1362210
2019-11-08,39493.33907545831,39493.33907545831,38863.46002903269,39241.38671875,2375430
2019-11-11,39304.37482389429,39304.37482389429,38391.05078125,38391.05078125,3224130
2019-11-12,38391.0493277265,38674.49432774422,38233.582343732276,38517.02734375,1606470
2019-11-13,38517.03313451791,38643.00747879068,37477.73464486828,37761.1796875,4461540
2019-11-14,37761.17635802519,38013.125024355926,36532.91461491926,36784.86328125,4693470
2019-11-15,36847.84948575949,37320.2578125,36784.86047863074,37320.2578125,1432140
2019-11-18,37351.75728686181,37635.20233463064,37005.326911160395,37099.80859375,1027290
2019-11-19,37162.789107125805,37477.73046875,37068.307436776595,37477.73046875,891630
2019-11-20,37477.73408668745,37477.73408668745,36753.37331385346,36879.34765625,1057050
2019-11-21,36847.85386315576,36847.85386315576,35745.56640625,35745.56640625,3643710
2019-11-22,36217.97296822045,36217.97296822045,34895.22956271182,35273.15625,2615400
2019-11-25,35493.61594471164,35525.108605088884,34044.89451631341,35273.15625,1857330
2019-11-26,35714.07374428943,35903.03709743382,35493.61772918447,35745.56640625,1763010
2019-11-27,35808.556634018765,35966.02733053753,35556.60425772686,35651.0859375,765450
2019-11-28,35021.20790386854,35336.14558257403,34296.84718308655,34328.33984375,3841470
2019-11-29,34328.33984375,34328.33984375,33572.486462304565,34328.33984375,2740260
2019-12-02,34454.31635557294,34580.29068338801,34139.375,34139.375,1926510
2019-12-06,34832.245146360125,34958.219481830274,34643.28179780969,34895.23046875,1406940
2019-12-09,34895.23021084744,35147.18257061603,34643.281541769225,34926.7265625,1578030
2019-12-10,34926.72608946434,35084.19308283295,34643.28107257245,34958.21875,1236000
2019-12-11,34800.747929727404,35588.09765625,34737.76260890262,35588.09765625,944130
2019-12-12,35588.09987854367,35745.56688112894,35493.61820071629,35714.07421875,1098570
2019-12-13,35745.56464900227,36123.49133671222,35367.63796129233,35588.09765625,1402830
2019-12-16,35273.159218407454,35651.0859375,35115.6922125793,35651.0859375,1333230
2019-12-17,35840.04511244266,36060.50479996667,35619.589115608826,35682.578125,1344690
2019-12-18,35619.59063850885,35777.061323374284,34548.79957721881,34643.28125,3444390
2019-12-19,34580.29223791576,34895.229916956276,34170.87288609405,34643.28125,1137930
2019-12-20,34895.227033094285,35210.16837679731,34706.263703148485,34863.734375,1070280
2019-12-23,35178.67475513025,35336.14543918919,34958.21875,34958.21875,1277340
2019-12-24,35021.210462036135,35210.17382120055,34832.24710287171,35052.703125,1124250
2019-12-25,35147.182247750825,35871.54296875,35052.70057504182,35871.54296875,1642410
2019-12-26,35871.541462483336,35871.541462483336,35304.65145003333,35682.578125,1845720
2019-12-27,35588.09940575667,35745.56640625,35430.62871457285,35745.56640625,1464720
2019-12-30,35745.564473580205,36060.50583891979,35651.08280211639,35903.03515625,1849380
2019-12-31,35903.03515625,36186.480170641444,35903.03515625,35903.03515625,1812150
2020-01-01,35903.03515625,35903.03515625,35903.03515625,35903.03515625,0
2020-01-02,35903.034855769234,36847.8515625,35808.553185096156,36847.8515625,2148870
2020-01-03,36847.85443706142,37068.310455599974,36280.96436879893,36312.45703125,2373060
2020-01-06,36154.98462968862,36343.947957560355,35903.032295629644,36123.48828125,1167750
2020-01-07,36123.488599445656,36406.93359375,35682.57662432115,36406.93359375,1944690
2020-01-08,35903.03212267287,36217.96977071194,35525.10546875,35525.10546875,2227170
2020-01-09,35871.54057344989,36217.97088979003,35714.06989921978,36060.50390625,954210
2020-01-10,36091.99417992526,36406.931816884884,35997.51251976839,36249.46484375,1236540
2020-01-13,36060.50390625,36312.45255619008,35934.525890589866,36060.50390625,864720
2020-01-14,36154.98798687702,36154.98798687702,35840.04661738677,35871.54296875,962430
2020-01-15,35871.54249599216,35966.02416745597,35808.553484786185,35903.03515625,879480
2020-01-16,35903.0374003792,36532.91647973884,35871.54473815291,36343.953125,1563240
2020-01-17,36343.954133169485,36595.902819349896,36343.954133169485,36564.41015625,1305090
2020-01-20,36375.444504750885,37351.75390625,36375.444504750885,37351.75390625,4391820
2020-01-21,37351.75613956146,37950.14257137604,37288.77081356353,37792.671875,2076600
2020-01-22,37666.69286150534,37824.15984766428,37320.25884871339,37540.71484375,1380720
2020-01-23,37540.71484375,37540.71484375,37540.71484375,37540.71484375,0
2020-01-24,37540.71484375,37540.71484375,37540.71484375,37540.71484375,0
2020-01-27,37540.71484375,37540.71484375,37540.71484375,37540.71484375,0
2020-01-28,37540.71484375,37540.71484375,37540.71484375,37540.71484375,0
2020-01-29,37540.71484375,37540.71484375,37540.71484375,37540.71484375,0
2020-01-30,36532.91419623887,36879.344531145995,35588.09748160071,35903.03515625,3947130
2020-01-31,35588.098540561856,36091.99957313288,34800.748794474785,34895.23046875,4304250
2020-02-03,34076.38434875356,34611.7779262004,32753.64119627852,34265.34765625,5849790
2020-02-04,34328.340502264444,34800.748874729965,33509.50178378448,33981.91015625,2715900
2020-02-05,34013.40625,34548.803689721004,34013.40625,34013.40625,2417400
2020-02-06,34013.400256849316,34737.76093699374,34013.400256849316,34485.80859375,2356860
2020-02-07,34422.822727006795,34422.822727006795,33950.41434698982,34233.859375,1885050
2020-02-10,33540.99507690679,33855.93276758655,33320.5390625,33320.5390625,2108370
2020-02-11,33383.51762246962,33635.46993838028,33383.51762246962,33540.98828125,1188390
2020-02-12,33603.98281365835,34454.31786778446,33603.98281365835,34328.33984375,1707690
2020-02-13,33981.913585554335,34328.343966529,33981.913585554335,34013.40625,1236120
2020-02-14,33698.468273297476,33918.92430409664,33352.03420430672,33729.9609375,1245870
2020-02-17,33761.444124473775,33855.92578125,33446.50649878294,33855.92578125,1153470
2020-02-18,33855.931947427125,34359.83666913623,33698.464951247115,34296.84765625,1706250
2020-02-19,34454.31577541932,34800.74609375,34296.8451002844,34800.74609375,2017320
2020-02-20,34958.21651226914,35084.19083703828,34706.26417204077,34832.2421875,1355280
2020-02-21,34832.2421875,35273.15416953703,34580.28984727163,34832.2421875,2705670
2020-02-24,34013.401747881355,34296.846762447036,33289.04103598341,33446.51171875,4668360
2020-02-25,33131.57096111602,33698.4609375,33131.57096111602,33698.4609375,2077950
2020-02-26,33383.522707505304,33981.90908760415,33226.055715429015,33446.51171875,3249090
2020-02-27,33446.51066098185,34139.375,33446.51066098185,34139.375,6432720
2020-02-28,33383.51762246962,33761.444250990746,32911.10933681821,33540.98828125,3885750
2020-03-02,33540.98828125,33761.444250990746,33352.02496698944,33540.98828125,1422480
2020-03-03,33950.411997036834,33950.411997036834,33478.003649718645,33509.5,2038500
2020-03-05,33383.52559946741,33572.48895888079,32911.11720093395,33226.05859375,2019450
2020-03-06,32879.618525717655,33005.59284539464,31934.801901415423,32470.19921875,2483670
2020-03-09,30202.640625,31021.48116967951,30202.640625,30202.640625,3153570
2020-03-10,28627.94694114417,29919.195858027913,28407.489088858583,29572.763671875,4288980
2020-03-11,29604.258972785934,29761.72781702017,27525.662109375,27525.662109375,4754190
2020-03-12,25604.533203125,25604.533203125,25604.533203125,25604.533203125,1583790
2020-03-13,23840.875453404333,27084.744907908458,23840.875453404333,24880.173828125,10832100
2020-03-16,24250.295096997004,24943.161303886685,23305.47838094069,23935.357421875,4580430
2020-03-17,22833.072394189974,24565.23716863168,22549.62734993653,24344.779296875,3756030
2020-03-18,24502.245938080723,25352.580930008837,24250.29359913126,24817.18359375,4219890
2020-03-19,24250.294704618755,24470.75254991319,23494.441344003677,23809.380859375,3396960
2020-03-20,23872.369439522583,24313.28515625,23588.924412488625,24313.28515625,3285990
2020-03-23,23053.527119235096,23620.41713036383,22612.61328125,22612.61328125,4084680
2020-03-24,22612.613572378705,22612.613572378705,21037.917846517455,21667.796875,4702770
2020-03-25,22045.724286836918,22990.541015625,21730.784762125833,22990.541015625,4253190
2020-03-26,22770.08365895231,22770.08365895231,21415.845703125,21415.845703125,6371550
2020-03-27,20565.51001136599,20785.967861374407,19935.6328125,19935.6328125,7496670
2020-03-30,18549.901893676582,20471.0279605471,18549.901893676582,18738.865234375,5583600
2020-03-31,19211.276075002264,19746.671661228258,17731.061817534814,18549.904296875,5604840
2020-04-01,18486.91568454275,19589.20323587698,18392.433999876695,19274.263671875,4814100
2020-04-02,19274.263671875,19274.263671875,19274.263671875,19274.263671875,0
2020-04-03,19809.65604701226,20597.00390625,19620.69270842281,20597.00390625,4959090
2020-04-06,22014.23046875,22014.23046875,22014.23046875,22014.23046875,1458480
2020-04-07,23525.93786721729,23525.93786721729,22329.17055869884,23494.443359375,17456370
2020-04-08,22927.551827018404,23494.441859928298,22518.1324779247,23305.478515625,6132420
2020-04-09,23620.418219701995,23714.8998925808,22990.541015625,22990.541015625,4830240
2020-04-10,22549.624635495144,22959.045820802825,22234.686965577035,22581.119140625,3706020
2020-04-13,22675.599375,24155.811496864168,22675.599375,23620.416015625,6619770
2020-04-14,23683.404013806772,23872.367348612,23116.514009391092,23557.4296875,3106830
2020-04-15,23935.354212120175,24628.21848075092,23809.378051757812,24187.3046875,4667100
2020-04-16,23935.357716074166,24250.295395067198,23746.39437054028,24218.802734375,4380390
2020-04-17,24533.74137865059,25824.9921875,24407.767040234972,25824.9921875,7423080
2020-04-20,26454.86793816726,26801.300117480594,25919.472416438446,26549.349609375,6545610
2020-04-21,25856.48348085089,26265.904672394143,24754.19792865923,25006.1484375,7751910
2020-04-22,24281.790856474112,26139.929878884286,24281.790856474112,25824.9921875,5388300
2020-04-23,26769.808769825777,26769.808769825777,25824.992011424223,26297.400390625,4035690
2020-04-24,26297.398412493556,26297.398412493556,25573.037721976423,26139.927734375,3084240
2020-04-27,26423.37404985985,26423.37404985985,25573.03898912764,25887.978515625,3362100
2020-04-28,25667.519982447546,25793.496158777623,25321.087804221257,25478.556640625,2699820
2020-04-29,25478.55740540212,25919.473113119566,24880.174701899457,25730.509765625,3526290
2020-04-30,25730.509765625,25730.509765625,25730.509765625,25730.509765625,0
2020-05-01,25730.509765625,25730.509765625,25730.509765625,25730.509765625,0
2020-05-04,25667.520137884025,25667.520137884025,25006.1484375,25006.1484375,2751960
2020-05-05,25132.125090338188,25384.075603948324,24817.185564316635,24974.65625,1566840
2020-05-06,25195.11044349584,25573.037109375,24880.172785493236,25573.037109375,2539560
2020-05-07,25762.00078087276,26013.953125,25667.519113161314,26013.953125,3621810
2020-05-08,26139.92850509469,27053.252560006815,26139.92850509469,26391.880859375,7085520
2020-05-11,26454.867131092207,26958.76997727566,26391.879967323683,26769.806640625,3771090
2020-05-12,26706.82050177278,26706.82050177278,25982.461581877946,26234.412109375,5814240
2020-05-13,25824.992277086916,26486.364014771563,25541.54724665064,26423.375,5021760
2020-05-14,25824.990068828076,26391.880081226653,25824.990068828076,26139.927734375,3121380
2020-05-15,26139.927734375,26139.927734375,26139.927734375,26139.927734375,0
2020-05-18,26139.927734375,26139.927734375,26139.927734375,26139.927734375,0
2020-05-19,27557.153566907422,27620.142578125,27242.215892200118,27620.142578125,5024430
2020-05-20,27620.142578125,27620.142578125,27620.142578125,27620.142578125,0
2020-05-21,27273.709366027175,27809.106750621533,27147.73503052455,27399.685546875,4618830
2020-05-22,27399.683814345502,27431.178318902304,26769.806640625,26769.806640625,4427460
2020-05-25,26769.809975597105,27399.687227787457,26517.857598444712,27116.2421875,3406560
2020-05-26,27147.73392472286,27336.697265625,26958.770583820715,27336.697265625,3526320
2020-05-27,27368.192057169712,27525.66275041649,26706.8203125,26706.8203125,3962700
2020-05-28,26769.80784444912,26990.26385022529,26612.337159928808,26675.326171875,2851560
2020-05-29,26643.830078125,26769.80624916496,26486.361248333844,26643.830078125,2548500
2020-06-01,26643.830306227977,27116.238644990884,26643.830306227977,27084.744140625,2458890
2020-06-02,27116.239569986454,27336.697417377814,26864.2890625,26864.2890625,3331050
2020-06-03,26927.277710298906,27021.759386475394,26832.79603412242,26895.783203125,2585160
2020-06-04,26958.771850495188,27399.685718201752,26864.290175604838,26927.27734375,3042300
2020-06-05,26927.278827308364,27147.73669598038,26801.302638732166,27116.2421875,2232840
2020-06-08,27116.2421875,27116.2421875,27116.2421875,27116.2421875,0
2020-06-09,27116.2421875,27116.2421875,27116.2421875,27116.2421875,0
2020-06-10,27872.094038380874,28344.502411912752,27431.180171532855,28155.5390625,3029670
2020-06-11,28187.033104902646,28187.033104902646,26202.91796875,26202.91796875,8326980
2020-06-12,25887.976964207326,27084.744140625,25510.050293197,27084.744140625,7545900
2020-06-15,27021.759374999998,27021.759374999998,25793.497585227273,25982.4609375,3397200
2020-06-16,26454.86757500399,26643.83091482545,26202.917070357085,26580.84375,2112060
2020-06-17,26738.313039828998,26738.313039828998,26139.92850509469,26391.880859375,2310450
2020-06-18,26139.92850509469,26391.880859375,26108.435844818512,26391.880859375,1080030
2020-06-19,26454.87098869432,26927.27939920672,26360.389306591842,26612.33984375,2579490
2020-06-22,26832.79604662043,27336.698934911485,26643.832694179444,27053.25390625,2824290
2020-06-23,27053.252404451126,27210.72124096202,26864.2890625,26864.2890625,2404800
2020-06-24,26927.275472718855,27179.22597313804,26454.867131092207,26769.806640625,2146410
2020-06-25,26454.870721228104,26612.33957469173,26297.401867764474,26328.89453125,2350230
2020-06-26,26454.868302193165,26675.326153159833,26265.9049571775,26517.85546875,1348380
2020-06-29,26171.42238236729,26297.39855648289,25478.556192749154,25667.51953125,3289770
2020-06-30,25919.472816454392,25982.459983116587,25195.112095785877,25447.064453125,2232240
2020-07-01,25447.06548156266,25824.9921875,25447.06548156266,25824.9921875,934470
2020-07-02,25699.01478689961,25919.472636706203,25510.05144287829,25762.001953125,983160
2020-07-03,25762.00242664397,25793.496933008126,25636.028091877717,25730.509765625,1069260
2020-07-06,25793.497504362425,26391.882066465154,25762.00299730063,26297.400390625,1860540
2020-07-07,26423.37192772773,26675.32426682872,26360.384765625,26360.384765625,1864890
2020-07-08,26360.38904008086,26454.870721228104,26108.43850546999,26328.89453125,855450
2020-07-09,26328.891014349254,26549.348856026783,26297.398355070385,26454.8671875,1564470
2020-07-10,26454.8671875,26454.8671875,26454.8671875,26454.8671875,0
2020-07-13,26202.917583714087,26360.386421535328,25950.965228785917,26076.94140625,1211250
2020-07-14,26076.93909084413,26108.43359375,25887.975764098883,26108.43359375,1097340
2020-07-15,26108.43359375,26108.43359375,26108.43359375,26108.43359375,0
2020-07-16,26612.33863469004,26706.8203125,26454.86978678853,26706.8203125,1486500
2020-07-17,26675.32502917753,26706.817688456398,26454.8671875,26454.8671875,1139460
2020-07-20,26423.375466334113,26454.869974275727,26202.91944677867,26234.412109375,760920
2020-07-21,26234.408596074503,26391.879269348883,26139.926930247893,26360.384765625,1240380
2020-07-22,26423.373975870174,26454.868482035276,26045.44728326967,26202.91796875,1091130
2020-07-23,26202.91674376046,26297.398412493556,26045.446065641903,26139.927734375,1261680
2020-07-24,26045.44565915108,26108.43466755347,24313.282989641535,24943.16015625,5388900
2020-07-27,23305.47776284986,23966.849446548862,23210.99609375,23210.99609375,8943540
2020-07-28,23714.899573013477,23998.344587830372,23210.99670933506,23935.357421875,3842700
2020-07-29,23305.47869499091,23431.454873944378,22455.143639081638,22990.541015625,4309860
2020-07-30,23022.032315204233,23399.958984375,22927.55064791154,23399.958984375,1809900
2020-07-31,22833.07017365721,23525.936385121215,22833.07017365721,23462.94921875,2398200
2020-08-03,23368.46739224121,24061.33175378574,23148.00954337969,23935.357421875,1967520
2020-08-04,24218.80226179731,24659.716110991176,24092.826085451146,24250.294921875,2524980
2020-08-05,24250.293981239145,25006.14731930733,24092.825150923294,24943.16015625,2204820
2020-08-06,25037.64341706624,25132.125090338188,24659.716723978447,24974.65625,1663770
2020-08-07,24911.666098764577,25006.147767717346,24565.233927719466,24754.197265625,1821120
2020-08-10,24880.173828125,25289.593169754575,24880.173828125,24880.173828125,1889670
2020-08-11,25132.128169221698,25132.128169221698,24817.188604617568,25037.646484375,1184160
2020-08-12,25069.139781390168,25163.621461665072,24880.176420840355,25132.126953125,1355580
2020-08-13,25226.606801722173,25919.47302187829,25195.11229546888,25887.978515625,2746050
2020-08-14,25950.965972580478,26391.88168366952,25856.484298110714,26171.423828125,2976540
2020-08-17,26171.42353586907,26171.42353586907,25478.55731571295,25887.978515625,2472870
2020-08-18,25824.99265325161,25856.48531575086,25447.065940498393,25636.029296875,1662180
2020-08-19,25604.53311488895,25824.990964695542,25604.53311488895,25762.001953125,1148550
2020-08-20,25762.00242664397,25856.48410039125,25447.064744383155,25730.509765625,3055260
2020-08-21,25762.003172946945,25982.461033192143,25667.52149646261,25824.9921875,2070660
2020-08-24,26202.916326439994,26706.81732142774,26108.43465921166,26486.361328125,3194190
2020-08-25,26612.337204162908,27777.61178296233,26612.337204162908,27588.6484375,6741360
2020-08-26,27494.166015625,27966.574366408935,27399.684345468213,27494.166015625,2650170
2020-08-27,27494.165512642245,27998.068359375,27494.165512642245,27998.068359375,2866560
2020-08-28,28375.995061421047,29604.256752215646,28344.500556798463,29226.330078125,5983920
2020-08-31,29226.329634572474,29698.73797001629,28974.37729210573,29415.29296875,2864790
2020-09-01,29415.295195823994,29919.196228218425,29320.813521581887,29541.26953125,2988420
2020-09-02,29541.26953125,29541.26953125,29541.26953125,29541.26953125,0
2020-09-03,29541.269455922647,30076.666838826168,29289.31894036788,29856.208984375,3180720
2020-09-04,29320.814261269723,29667.246460448627,29257.82524662247,29635.751953125,3047160
2020-09-07,29604.258989976646,29667.246158637874,28438.984375,28438.984375,4473120
2020-09-08,28659.440803348458,29352.30516008665,28501.97012153467,29320.8125,3000060
2020-09-09,28974.37729210573,29541.26729463831,28816.908462072814,29415.29296875,1895940
2020-09-10,29604.25817801442,29698.739851087506,29415.294831868254,29572.763671875,2232360
2020-09-11,29572.763671875,29572.763671875,29572.763671875,29572.763671875,0
2020-09-14,29541.268869931988,29572.763375756047,29194.836687247982,29289.318359375,1639680
2020-09-15,29289.318724967176,29446.78756536269,29131.84988457166,29257.82421875,2358180
2020-09-16,29257.825258261597,30076.667686239653,29100.356412271314,29793.22265625,3302580
2020-09-17,29793.222276142144,29887.70395159995,29352.30656044225,29667.24609375,1777140
2020-09-18,29667.24489087302,29856.208234126985,29604.25772490341,29761.7265625,1847220
2020-09-21,30076.66417543958,31084.467993759525,29824.711836850816,30989.986328125,6456840
2020-09-22,30989.987387048193,31430.903071972032,30580.56620686037,31367.9140625,4509000
2020-09-23,31462.394440689615,32438.70374865918,31430.90178259061,32092.2734375,3161940
2020-09-24,31777.334733414587,32060.779751920832,31493.88971490834,31871.81640625,3692970
2020-09-25,31840.326644123135,31871.819307705096,31367.9182369403,31651.36328125,3115080
2020-09-28,31997.795010486276,32438.70703125,31651.360973580136,32438.70703125,1904640
2020-09-29,33005.60104935909,33478.00947893336,32596.181640625,32596.181640625,3692970
2020-09-30,32911.114226568374,33068.58490874487,32312.731539402135,32848.12890625,3265350
2020-10-01,32848.129928146795,33100.07859863892,32848.129928146795,33068.5859375,2338410
2020-10-02,33068.58020700946,33194.55452042529,31430.899369844625,32753.642578125,3978240
2020-10-05,32753.642578125004,33163.06186474377,32596.171918337895,32753.642578125,1765680
2020-10-06,33068.58910599643,33352.034155476395,32911.11840383286,33131.578125,3227280
2020-10-07,33131.57244553952,33981.90744821381,32753.64577768428,33887.42578125,2878920
2020-10-08,34013.400256849316,34485.80859375,33918.91858946918,34485.80859375,2614980
2020-10-09,34643.28121314582,34800.748207153396,34170.87284974242,34328.33984375,1726110
2020-10-12,34328.334065131115,34422.81572190733,33540.988155559164,33855.92578125,2823630
2020-10-13,33855.93106511477,33855.93106511477,33320.537386950906,33446.51171875,2447160
2020-10-14,33415.019468296996,34328.33984375,32942.6111048936,34328.33984375,3243990
2020-10-15,34328.334495592186,34485.80515575707,33698.45923631218,34454.3125,2641710
2020-10-16,34485.80901485417,34485.80901485417,33855.92999439846,34139.375,1638180
2020-10-19,34299.06017380618,34299.06017380618,33851.95758326584,34107.4453125,1440660
2020-10-20,33851.95758326584,34107.4453125,33436.79329792837,34107.4453125,2932050
2020-10-21,34171.31563152655,34650.35274905974,33692.27851399336,33788.0859375,2300220
2020-10-22,33596.4699400159,34650.3515625,33596.4699400159,34650.3515625,1823280
2020-10-23,34810.03004476489,35289.067172639996,34458.73864597486,35129.390625,3654960
2020-10-26,35129.390625,35927.78459063265,34969.710334882446,35129.390625,3163800
2020-10-27,35129.390625,35672.296874940075,35097.45232148995,35129.390625,1820100
2020-10-28,34841.9670027008,35065.51640625,33532.59765625,33532.59765625,4358250
2020-10-29,32766.139456561585,33468.725994687346,32510.651741571513,32670.33203125,4692450
2020-10-30,32957.755820200575,33820.02268758954,32510.653234061865,33436.79296875,4279440
2020-11-02,33436.78926307018,34171.314056933785,33436.78926307018,33979.69921875,1318620
2020-11-03,34490.67129528157,34490.67129528157,33915.826773693545,34235.18359375,1458090
2020-11-04,34235.1873058782,34267.12561108107,33851.95758326584,34107.4453125,1594830
2020-11-05,34107.4453125,34650.35533369343,34075.51074977489,34107.4453125,2013120
2020-11-06,34171.3150495758,34171.3150495758,32574.5234375,33532.59765625,2415420
2020-11-09,33851.951945948415,34011.63221793816,33628.40255914449,33756.14453125,2659500
2020-11-10,34426.80160579469,34426.80160579469,33756.14960215922,33851.95703125,2706690
2020-11-11,33915.82734375,34778.094140625,33883.8927839508,34490.671875,4544700
2020-11-12,34810.03158504965,35480.68359375,34554.5476005299,35480.68359375,5047680
2020-11-13,35448.74903130446,35831.97875056181,35289.06873412133,35480.68359375,2034810
2020-11-16,35704.230006884834,36151.32876649004,34746.1558899065,35033.578125,5077620
2020-11-17,35033.58051763679,35768.1015625,34937.77309939574,35768.1015625,2899170
2020-11-18,35672.291344326,35895.844464326525,35257.12714536028,35321.0,2334150
2020-11-19,35608.425027083096,35768.1015625,35001.64221657159,35768.1015625,4303890
2020-11-20,35800.04301052424,35863.91213331443,35384.875,35384.875,1799190
2020-11-23,35384.86884501783,36406.815799153046,35320.99973333729,36151.328125,4518480
2020-11-24,36374.884373011504,36374.884373011504,35448.74474918892,35768.1015625,3910350
2020-11-25,36279.076954770455,36279.076954770455,35512.61760884205,35768.1015625,2472060
2020-11-26,35768.09826491904,36151.32790255202,35768.09826491904,36023.5859375,2478840
2020-11-27,36087.465397925436,36981.66680194805,36023.59253246753,36885.859375,5040420
2020-11-30,37524.5761894182,37524.5761894182,36949.73163711636,37045.5390625,4281360
2020-12-01,36151.333930600995,37045.5390625,36151.333930600995,37045.5390625,4075290
2020-12-02,36758.11149625878,36758.11149625878,36183.267026686415,36406.81640625,5121150
2020-12-03,36374.88324178736,36630.3671875,36023.58813833602,36630.3671875,3672240
2020-12-04,36534.5632644641,36662.3089920084,36247.1409912057,36374.88671875,2304210
2020-12-07,36215.20663139764,36853.924045228734,36215.20663139764,36502.62890625,2014830
2020-12-08,36438.750385328654,36917.78743571631,36342.94297525112,36566.49609375,2877630
2020-12-09,36470.69182733925,36758.1140823468,36374.8844090034,36726.17578125,2953290
2020-12-10,36726.17497745599,36885.855252013374,36342.9453125,36342.9453125,3366060
2020-12-11,36342.94861717284,36598.436331200784,36087.46464562244,36502.62890625,2440020
2020-12-14,36821.9808512145,37013.59567566571,36630.366026763295,36949.7265625,2968800
2020-12-15,36790.049815361075,37460.70176512026,36726.17695360583,36821.984375,4366710
2020-12-16,37045.53966740596,37045.53966740596,36790.05194805194,36885.859375,2732010
2020-12-17,36885.85802883597,36917.79258916066,36247.140625,36247.140625,4489200
2020-12-18,36247.13868957075,36726.17578125,36087.46215399585,36726.17578125,3260430
2020-12-21,36726.17270253235,37301.017164358826,36630.365292227936,37109.40234375,3474030
2020-12-22,37109.40776166197,38322.969716854874,36853.92379186794,38291.03515625,6709290
2020-12-23,38354.90111428713,38738.13077985029,37716.1875,37716.1875,2987970
2020-12-24,37716.18847301728,38163.28726605727,36726.17598312025,37269.0859375,3398880
2020-12-25,37045.5396177457,38003.61388594191,36981.66675237342,37843.93359375,3026370
2020-12-28,37875.867385286685,38195.22796317878,37364.895700127876,37460.703125,2800140
2020-12-29,37460.70018329044,37684.24957627802,37396.82732423232,37428.765625,2106900
2020-12-30,37428.768564201804,37971.67481015881,37364.895700127876,37460.703125,2580090
2020-12-31,37460.696375653664,38163.28278397074,37460.696375653664,37971.66796875,2674650
2021-01-01,37971.66796875,37971.66796875,37971.66796875,37971.66796875,0
2021-01-04,38163.286917800906,38514.58203125,38099.41780079363,38514.58203125,344220
2021-01-05,38322.967029935106,39153.299229742785,38195.22505399441,38929.74609375,290250
2021-01-06,39281.03882036528,39281.03882036528,38546.51408273602,38738.12890625,298650
2021-01-07,38482.64571139692,38706.19509564508,38227.15802762967,38578.453125,335430
2021-01-08,38578.451806810874,39249.10367911691,38578.451806810874,38897.80859375,383280
2021-01-11,38897.80859375,38897.80859375,38897.80859375,38897.80859375,0
2021-01-12,40302.98828125,40366.85739804608,39887.82030968922,40302.98828125,405780
2021-01-13,40302.98828125,40750.08706873158,40271.04998037471,40302.98828125,330390
2021-01-14,40302.98832550096,40973.64024993692,40239.115466157506,40845.89453125,429900
2021-01-15,40877.83379835317,40973.64121839425,40654.280656605755,40813.9609375,253500
2021-01-18,40813.95797733998,40877.83083356057,40302.986355006484,40366.85546875,230640
2021-01-19,40143.309765625,40366.8591691742,37684.25135667419,38322.96875,497970
2021-01-20,38642.32346883765,39217.16796875,37045.53568628816,39217.16796875,504870
2021-01-21,39760.07753874757,40207.180059768056,39217.16760197108,39919.7578125,310200
2021-01-22,39919.76112981364,40686.220519554205,39855.888266509435,40622.34765625,426810
2021-01-25,40654.281434799195,42283.0076066742,40622.346875,42155.265625,640230
2021-01-26,42442.687890625,42634.302734375,41548.4865339508,42155.265625,406860
2021-01-27,41995.583417184556,43081.40331034354,41867.84144136236,42634.30078125,632070
2021-01-28,40079.437692976506,41580.42191274154,39664.2734375,39664.2734375,552990
2021-01-29,39440.72453488664,42378.81640625,38003.61316004232,42378.81640625,843720
2021-02-01,41516.54557434682,41803.96782157494,39440.72072823965,39504.58984375,752460
2021-02-02,39281.04427242907,40973.64336255471,38482.65031113237,40877.8359375,420210
2021-02-03,40877.83262004143,41292.99684742647,39632.33619540908,40718.15234375,539640
2021-02-04,40718.154888684185,41803.97110488994,40079.437486075076,41037.51171875,479340
2021-02-05,41037.513045491185,41931.71818654904,40877.83649653468,41676.23046875,443910
2021-02-08,41516.54883508746,41612.35625835496,40175.24490934257,41037.51171875,585750
2021-02-09,41037.51171875,41037.51171875,41037.51171875,41037.51171875,0
2021-02-10,41037.51171875,41037.51171875,41037.51171875,41037.51171875,0
2021-02-11,41037.51171875,41037.51171875,41037.51171875,41037.51171875,0
2021-02-12,41037.51171875,41037.51171875,41037.51171875,41037.51171875,0
2021-02-15,41037.51171875,41037.51171875,41037.51171875,41037.51171875,0
2021-02-16,41037.51171875,41037.51171875,41037.51171875,41037.51171875,0
2021-02-17,41676.228515625,44071.4140625,41676.228515625,44071.4140625,636420
2021-02-18,44071.415994623654,44678.1951122745,43464.636876972814,44550.453125,465180
2021-02-19,44103.348415725486,44390.77068000424,43752.057032147495,43943.671875,218160
2021-02-22,43752.0546875,44039.47693637596,43177.210189748075,43752.0546875,298830
2021-02-23,43592.36990638766,44326.89460285204,42474.61558437263,43496.5625,560340
2021-02-24,43496.5625,43496.5625,43496.5625,43496.5625,0
2021-02-25,43496.5625,43496.5625,43496.5625,43496.5625,0
2021-02-26,42634.298871527775,43336.88532079468,42506.556901427546,43113.3359375,348990
2021-03-01,43752.05506425955,43752.05506425955,42793.980893089465,43049.46484375,360060
2021-03-02,43273.02070185381,43496.570108369095,42953.66012971487,43368.828125,171300
2021-03-03,43688.177312775326,43752.050164526045,43368.820538975386,43496.5625,226680
2021-03-04,43560.44298434885,43656.25040752375,41516.548794965915,42410.75390625,267900
2021-03-05,42251.075186416325,42283.00974783264,41644.2960646406,42219.140625,253260
2021-03-08,42219.13769746378,42570.42907611707,41740.10059704807,41772.03515625,225000
2021-03-09,41516.54466390498,41516.54466390498,40845.89276841318,40909.765625,445680
2021-03-10,41197.19333692529,41740.103333819156,40558.47591366647,41676.23046875,217380
2021-03-11,42219.13789197546,42442.68729237361,41995.58474909994,42314.9453125,154050
2021-03-12,42474.622846710416,42474.622846710416,41676.22890446224,41867.84375,124290
2021-03-15,41867.844720464534,42762.04610620849,41708.16443132265,42378.81640625,230040
2021-03-16,42378.811915279766,42634.29960233671,42027.52055586325,42538.4921875,181740
2021-03-17,42634.303312832286,42634.303312832286,42410.75390625,42410.75390625,156300
2021-03-18,42634.303720712,42730.11114480349,39919.76128561235,42666.23828125,274200
2021-03-19,42474.62109375,42634.30137260049,42155.26427852632,42474.62109375,113010
2021-03-22,42410.75430346669,42474.62342452984,41995.58630416869,42123.33203125,113190
2021-03-23,41835.91015625,42155.26699203045,41516.54957799202,41835.91015625,187500
2021-03-24,41356.86740655701,41803.96616734599,40909.76490329099,41484.609375,158490
2021-03-25,41356.86954065733,41772.03376637816,41101.38184811062,41133.31640625,151950
2021-03-26,41037.50978127893,41516.546875,39919.75905758131,41516.546875,175770
2021-03-29,41644.291791896634,42123.32887637981,41261.06212431009,41548.484375,261000
2021-03-30,41548.482813508635,41803.96675397982,41197.18771726441,41324.9296875,95580
2021-03-31,41324.93476243834,41676.229901823615,41069.450790592266,41420.7421875,98040
2021-04-01,41516.54311690454,42953.654267979815,41037.50606654611,42889.78515625,371700
2021-04-02,43400.759954004774,43432.69451221803,42889.78831020647,43049.46484375,239010
2021-04-05,43432.69706533376,43432.69706533376,42698.17598591064,42825.91796875,109230
2021-04-06,42634.30254929853,43273.019939851656,42442.68770638034,42570.4296875,310560
2021-04-07,42346.87720570624,42953.65625,42187.19693405961,42953.65625,98160
2021-04-08,42953.65700071019,42953.65700071019,42634.30019431261,42793.98046875,93150
2021-04-09,42793.98283255616,42793.98283255616,42410.75314671977,42570.4296875,139410
2021-04-12,42570.426966971216,43113.33690136974,42474.61955163484,43081.40234375,255780
2021-04-13,43177.20975908638,43943.6690817774,42857.84921298035,43081.40234375,369810
2021-04-14,42634.30293731256,43241.08203125,42634.30293731256,43241.08203125,141720
2021-04-15,43304.950913164066,43720.11512427873,42698.171875,42698.171875,311010
2021-04-16,42155.26311347764,43177.210133417975,42155.26311347764,42793.98046875,234420
2021-04-19,43113.33754093886,43879.796875,42314.943648784254,43879.796875,361140
2021-04-20,44390.76898277074,45987.56052631579,44231.09244815032,45508.5234375,655440
2021-04-21,45508.5234375,45508.5234375,45508.5234375,45508.5234375,0
2021-04-22,45508.5234375,47264.991515665475,44742.06409539474,45508.5234375,760830
2021-04-23,45348.84453246396,47105.31640625,44869.807429154556,47105.31640625,659550
2021-04-26,47073.37668013916,47073.37668013916,45508.5234375,45508.5234375,381390
2021-04-27,45508.52499834831,45987.56210359408,44869.80761052815,45316.91015625,245490
2021-04-28,44710.1328125,45189.1699364108,44390.77223490779,44710.1328125,298230
2021-04-29,44550.44826088848,45093.358196864814,44103.34574052695,44997.55078125,198690
2021-04-30,44997.55078125,44997.55078125,44997.55078125,44997.55078125,0
2021-05-03,44997.55078125,44997.55078125,44997.55078125,44997.55078125,0
2021-05-04,44231.0933657478,44678.192162933,44071.413085337466,44518.515625,219270
2021-05-05,44518.51370317593,45700.13724826624,44454.640845273665,44997.55078125,337470
2021-05-06,44997.55237528598,45668.20430834749,44837.87209611224,45348.84375,276990
2021-05-07,45029.48770254234,45604.332226404586,44678.19257935629,44774.0,277020
2021-05-10,44710.130476485516,44710.130476485516,43911.73281669718,44103.34765625,523470
2021-05-11,43911.734375,44710.13206312121,43879.799814767044,43911.734375,414870
2021-05-12,43911.73570367235,44550.453125,43879.80114247312,44550.453125,249000
2021-05-13,44231.09568858921,44869.80935881858,44231.09568858921,44710.1328125,296040
2021-05-14,44869.80607158653,45827.880249218106,44773.99865382337,45508.5234375,245550
2021-05-17,45827.88161116802,45987.56189301121,44997.55312752912,45189.16796875,160710
2021-05-18,45189.16994095716,45348.8464872918,44933.68222735319,45253.0390625,178440
2021-05-19,45029.489652144985,45348.8464872918,44869.80936333281,45253.0390625,179910
2021-05-20,44933.680859374996,47903.7109375,44933.680859374996,47903.7109375,422940
2021-05-21,46913.70116169196,47264.99253944785,46306.91834106392,46434.6640625,293880
2021-05-24,46306.92067280602,46785.95779611946,46019.49839881797,46626.28125,161850
2021-05-25,46626.28125,46785.95779611946,46306.92067280602,46626.28125,236940
2021-05-26,46626.275563831216,46690.14467749902,46147.238498937324,46274.98046875,234540
2021-05-27,46274.98376121994,46306.918320325996,45348.84412237113,45476.58984375,254460
2021-05-28,45476.58711719865,45732.071059684175,45221.09943223602,45572.39453125,222990
2021-05-31,44710.1348014712,45189.171946692404,44231.09765625,44231.09765625,380940
2021-06-01,43911.73181111564,44071.41208791209,43113.33791208791,43592.375,322200
2021-06-02,43432.693405541024,44710.12809620323,43400.758848141464,44326.8984375,173820
2021-06-03,44646.261157999696,44646.261157999696,43752.05974996721,44390.7734375,178110
2021-06-04,44390.771490881736,44390.771490881736,43752.057831357735,43911.734375,185220
2021-06-07,43911.73159739035,43943.66989808054,43209.145119364635,43464.6328125,2054100
2021-06-08,43464.6328125,43464.6328125,43464.6328125,43464.6328125,0
2021-06-09,43432.69957978759,43911.73672126495,43113.342732961915,43560.4453125,2219700
2021-06-10,43113.34101302661,43752.058423675066,43113.34101302661,43209.1484375,2037300
2021-06-11,43177.210189748075,43752.0546875,43145.27188933262,43752.0546875,2492400
2021-06-14,44071.41309715031,44326.90079737986,43688.18341804465,44103.34765625,2222700
2021-06-15,44103.34958974942,44390.771861679306,43911.73474179616,44039.48046875,1312500
2021-06-16,44007.5386359605,44007.5386359605,43592.37441285429,43752.0546875,1498800
2021-06-17,43592.3794568452,45955.630579653895,43432.699163723184,44390.7734375,3853500
2021-06-18,44869.80799729919,45189.1685652008,44710.1314558258,45029.48828125,1154700
2021-06-21,44901.7455461893,46594.340809263376,44901.7455461893,46562.40625,3539700
2021-06-22,46626.28125,46690.15037145677,44550.452468149284,46626.28125,2210700
2021-06-23,46370.792187499996,46466.599609375,45987.5625,45987.5625,1331100
2021-06-24,45955.62794020081,46626.2798933258,45923.689637924195,45987.5625,1183200
2021-06-25,45987.56132567849,46306.91814294771,45827.881045805225,45891.75390625,2151600
2021-06-28,46147.240844249296,46626.277933488986,45891.753149162374,46466.59765625,2009100
2021-06-29,46466.599609375,47105.3170027008,46306.91932542419,46945.63671875,1670100
2021-06-30,46945.634253041884,49149.204840429564,46945.634253041884,48542.42578125,3664500
2021-07-01,48542.426159015595,48702.10269334498,48063.38907107293,48255.00390625,2181600
2021-07-02,48223.06831706354,50139.21677658232,48223.06831706354,50075.34765625,2892000
2021-07-05,50075.34765625,50075.34765625,50075.34765625,50075.34765625,0
2021-07-06,50075.34765625,50075.34765625,50075.34765625,50075.34765625,0
2021-07-07,50075.34765625,50075.34765625,50075.34765625,50075.34765625,0
2021-07-08,50075.34765625,50075.34765625,50075.34765625,50075.34765625,0
2021-07-09,54961.526178032604,57452.519173141336,54865.71875514381,56366.69921875,3036600
2021-07-12,56366.69921875,56366.69921875,56366.69921875,56366.69921875,0
2021-07-13,56941.541771291995,56941.541771291995,54929.58596075727,55887.66015625,1954200
2021-07-14,55887.66015625,55887.66015625,55887.66015625,55887.66015625,0
2021-07-15,52662.147856932934,54610.23086849192,52055.36501896473,53364.734375,3312300
2021-07-16,53364.734375,53364.734375,53364.734375,53364.734375,0
2021-07-19,51512.457794206304,52055.3640167007,49979.5390625,49979.5390625,5604000
2021-07-20,50458.57657075304,52566.33984375,49979.53946325373,52566.33984375,3159600
2021-07-21,53013.44182229778,53205.0566767669,51767.945268248484,52183.11328125,1560600
2021-07-22,51895.68635702621,53779.896429095184,51672.133218492585,52757.953125,2946300
2021-07-23,52087.29781810923,52757.94970528456,51416.64593093391,51640.1953125,3671700
2021-07-26,51225.03595841132,51416.65080146962,50426.6382840168,51193.09765625,3419400
2021-07-27,51736.005198378036,51736.005198378036,50139.21366698507,50458.57421875,4432200
2021-07-28,50394.705661334694,51256.97248823966,49851.79567097609,50171.15625,1367100
2021-07-29,51033.42186439636,51991.49609375,49819.85992638927,51991.49609375,3953400
2021-07-30,51576.32791298512,52662.14786398014,50937.614257375935,52406.66015625,5337600
2021-08-02,52374.727289804316,55089.26977011454,52215.04699949987,54258.9375,4898400
2021-08-03,54258.9375,54290.87580354743,53652.158384807204,54258.9375,2606700
2021-08-04,54258.9375,54258.9375,54258.9375,54258.9375,0
2021-08-05,54163.12924918537,55664.11347624382,53971.51440073014,55248.94921875,2969400
2021-08-06,55248.95120082368,56047.3451838706,54769.9140625,54769.9140625,3098100
2021-08-09,54610.228365268726,55632.1754067311,54131.19127434532,55504.4296875,1914000
2021-08-10,55504.4296875,55504.4296875,55504.4296875,55504.4296875,0
2021-08-11,55568.3033385782,57260.902331441124,55121.20079985582,55887.66015625,5012400
2021-08-12,55408.62578815486,55887.66290950051,54290.875,54290.875,3516300
2021-08-13,54131.19723135965,54610.234375,53460.54523026316,54610.234375,3350400
2021-08-16,54769.911146540835,54929.58768916242,53652.156635802465,54322.80859375,3089400
2021-08-17,54322.80859375,54322.80859375,54322.80859375,54322.80859375,0
2021-08-18,53971.51498892053,55408.626367996614,53843.77300271739,55089.26953125,2593800
2021-08-19,55089.26953125,55089.26953125,54131.19527853261,55089.26953125,2357100
2021-08-20,54929.58871702755,54929.58871702755,52374.7265625,52374.7265625,6111900
2021-08-23,52055.36101333937,52374.72155900409,50458.57325492439,50490.5078125,4857900
2021-08-24,50714.05879923655,51863.74781792814,50490.50940420561,51256.96875,3182700
2021-08-25,51416.651581680046,52374.72581150963,51129.22931273117,51576.328125,1800300
2021-08-26,52342.7869035492,52502.4671875,51608.2658308258,51736.0078125,1848600
2021-08-27,51799.8812626872,52662.14806935198,51799.8812626872,52534.40234375,4008600
2021-08-30,53464.787480221516,54042.26493275316,53224.171875,53224.171875,2533800
2021-08-31,53416.65625,53416.65625,52935.42511261261,53416.65625,1258200
2021-09-01,53079.798899018824,53416.66072340063,52406.07525025521,53031.67578125,1340800
2021-09-02,53031.67578125,53031.67578125,53031.67578125,53031.67578125,0
2021-09-03,53031.67578125,53031.67578125,53031.67578125,53031.67578125,0
2021-09-06,53416.65625,53464.77936373874,53176.0406813063,53416.65625,2243400
2021-09-07,53609.15115027199,53657.2742662058,52935.427527198546,53079.796875,1788000
2021-09-08,53079.796875,53079.796875,53079.796875,53079.796875,0
2021-09-09,53801.64537557822,57218.38671875,53609.15290554037,57218.38671875,5089600
2021-09-10,57266.50983625946,57410.87918878785,56352.17060357969,57218.38671875,1844200
2021-09-13,57218.384478125,60153.89453125,57170.2613625,60153.89453125,4535200
2021-09-14,59672.6656626506,60057.65060240964,58758.32643072289,59913.28125,2146200
2021-09-15,59432.04806944723,60153.89480713283,59095.18625852729,59961.40234375,1457600
2021-09-16,59913.283857327064,59913.283857327064,59095.19082473705,59480.17578125,1556600
2021-09-17,59480.17621951219,59672.668699186994,58806.4525406504,59191.4375,1838400
2021-09-20,60105.776778455285,61116.36229674797,58421.467581300814,59191.4375,2740600
2021-09-21,59191.4375,59191.4375,59191.4375,59191.4375,0
2021-09-22,59191.4375,59191.4375,59191.4375,59191.4375,0
2021-09-23,60875.740397135414,64196.23532788826,60875.740397135414,63522.51171875,5183200
2021-09-24,63618.75700431035,64484.973060344826,62800.6640625,62800.6640625,263760000
2021-09-27,62078.818452380954,62078.818452380954,60635.125,60635.125,7476400
2021-09-28,59961.40284012431,61116.35762998224,59624.54102641575,60971.98828125,2689400
2021-09-29,61020.1087025626,61838.20164258118,61020.1087025626,61501.33984375,2417600
2021-09-30,61501.33984375,62078.81721317488,60971.98558844386,61501.33984375,2088800
2021-10-01,61116.356013520206,61501.34093329041,60635.124863807454,60731.37109375,2173200
2021-10-04,60153.893714094695,60731.37109375,59335.800759583006,60731.37109375,438000000
2021-10-05,60635.128339412455,61020.11328125,60202.02027984523,61020.11328125,1878600
2021-10-06,61020.11328125,61020.11328125,61020.11328125,61020.11328125,0
2021-10-07,61260.73190917969,61741.963110351564,61260.73190917969,61597.59375,1932000
2021-10-08,61597.59375,61597.59375,61597.59375,61597.59375,0
2021-10-11,61597.59375,61597.59375,61597.59375,61597.59375,0
2021-10-12,62319.43952261544,63907.502460257376,62319.43952261544,63570.640625,4564000
2021-10-13,63666.889434746074,64581.22873879761,63570.64319221434,64436.859375,3785200
2021-10-14,64436.859375,64436.859375,64436.859375,64436.859375,0
2021-10-15,64244.36604571847,64340.61228698546,63522.519236216016,63715.01171875,1654800
2021-10-18,63715.01171875,63715.01171875,63715.01171875,63715.01171875,0
2021-10-19,62511.92591677911,63041.28017781419,62126.940999662685,62415.6796875,2302000
2021-10-20,62511.93214855844,63041.28646236455,61597.59287925696,62175.0703125,2667800
2021-10-21,62175.063988681104,62560.048905019685,61116.35546875,61116.35546875,2943400
2021-10-22,61741.95947724823,61790.0825945337,61164.48206982268,61405.09765625,1851400
2021-10-25,61405.09765625,61405.09765625,61405.09765625,61405.09765625,0
2021-10-26,61405.09765625,61405.09765625,61405.09765625,61405.09765625,0
2021-10-27,61405.09765625,61405.09765625,61405.09765625,61405.09765625,0
2021-10-28,63185.649914180874,63763.12729344224,61838.20269590436,63522.51171875,2378800
2021-10-29,63281.89655274923,63474.38901374619,62993.1578612538,63233.7734375,2688800
2021-11-01,63233.7734375,63233.7734375,63233.7734375,63233.7734375,0
2021-11-02,61838.20604190724,62030.6985120766,61838.20604190724,62511.9296875,1733600
2021-11-03,62030.69733537947,62560.05161830357,61356.97370256697,61982.57421875,2810000
2021-11-04,61838.20604190724,62848.79151029638,61597.59045419553,62511.9296875,1900200
2021-11-05,64003.74286813447,64003.74286813447,63041.28056936553,63522.51171875,3271600
2021-11-08,63522.511991831314,64003.74314328458,63330.01953125,63330.01953125,2252600
2021-11-09,63426.270829326924,63522.517067307694,62560.0546875,62560.0546875,2097800
2021-11-10,62560.051687262356,63281.8984375,62319.43610384981,63281.8984375,1530800
2021-11-11,63281.897960069444,65447.43819444444,62800.666796875,64966.20703125,8882800
2021-11-12,65447.4375,65447.4375,64436.852068014705,65447.4375,2369600
2021-11-15,65591.80837517933,67324.24058464849,65591.80837517933,67083.625,5263000
2021-11-16,66409.89655094272,66891.12768536984,65447.43428208847,66361.7734375,2981200
2021-11-17,66265.52721061457,66409.89655094272,65543.68050897389,66361.7734375,1724400
2021-11-18,66554.27099258093,68094.21074078238,65832.42423561151,66891.1328125,4264800
2021-11-19,67372.36398381295,67853.59515512589,65447.43929856115,66891.1328125,2756000
2021-11-22,67372.36426767676,67564.85673701299,66409.90192099568,66698.640625,2230200
2021-11-23,66698.63762019231,69297.28583916085,66458.02204436189,68816.0546875,3852400
2021-11-24,68816.05788845486,69297.2890625,67997.96489257812,69297.2890625,2975000
2021-11-25,69345.40759698275,69778.515625,68575.43776939655,69778.515625,1691400
2021-11-26,69682.2738074205,70019.13562831272,68094.2109375,68094.2109375,2524800
2021-11-29,66843.020625,67709.236875,66121.17375,66169.296875,4740000
2021-11-30,66650.51534939704,67324.23897025739,65880.54549698524,66843.0078125,2178200
2021-12-01,65688.05303388229,67372.36208603311,65495.56057077934,66843.0078125,2992800
2021-12-02,66794.88800182482,66794.88800182482,65832.42563868614,65928.671875,1231800
2021-12-03,65591.81060100655,65928.67243094569,64244.36328125001,64244.36328125,2104200
2021-12-06,64244.35885773401,64244.35885773401,61068.23325128424,63233.7734375,3346400
2021-12-07,63233.777791432585,64244.36328125001,63233.777791432585,64244.36328125,1327200
2021-12-08,64292.49001120239,64966.213708924566,64003.75128360717,64436.859375,1377400
2021-12-09,64436.85344566232,64966.20773087687,64244.36097831157,64484.9765625,1384600
2021-12-10,64051.87038008016,64918.08650843587,64003.74726183818,64533.1015625,1414200
2021-12-13,64677.46256486286,64918.078125,64484.970116753146,64918.078125,1291800
2021-12-14,64821.83740594996,65447.437915435745,64244.360012578465,65158.69921875,1329600
2021-12-15,65158.70081976637,65447.439523546724,64484.977177612214,65399.31640625,1202200
2021-12-16,65447.439184131734,65447.439184131734,64292.484375,64292.484375,1619000
2021-12-17,64292.48568773234,64966.2093401487,64051.87009758364,64725.59375,1470200
2021-12-20,64244.35775963346,64773.71201832707,63763.126615366535,64003.7421875,1585800
2021-12-21,64003.74218749999,64003.74218749999,63570.63415765977,64003.7421875,947200
2021-12-22,64292.491283382784,65928.67743879822,64196.24503894659,64869.96875,2600400
2021-12-23,64869.96177956587,65351.192950037424,63426.2682681512,64292.484375,1866400
2021-12-24,64292.48367849183,64773.71484375,63763.12939670784,64773.71484375,1121800
2021-12-27,64821.831900945144,65158.693685137136,64003.73899647887,64918.078125,1446200
2021-12-28,65206.82205851896,65351.19140625,64051.86727667066,65351.19140625,1490000
2021-12-29,64773.707159133184,65447.43071056548,64533.09160505023,64677.4609375,1274000
2021-12-30,64725.59780458861,65158.70589398734,64484.982199367085,64629.3515625,1665400
2021-12-31,64629.34652950239,65399.31640625,64196.23847383186,65399.31640625,2257800
2022-01-03,65399.31640625,65399.31640625,65399.31640625,65399.31640625,0
2022-01-04,65399.31701288099,66987.37989840348,64918.08583544993,66313.65625,2655800
2022-01-05,66313.65085931802,67035.4975667852,65976.7890625,65976.7890625,2357400
2022-01-06,65976.804375,66794.8975,65688.065625,66169.296875,1542200
2022-01-07,66169.28656884225,66169.28656884225,65206.82421875,65206.82421875,1842400
2022-01-10,65206.82004816729,65206.82004816729,64003.74218749999,64003.7421875,1854000
2022-01-11,64003.74694731601,64725.59371739852,63378.146413244496,63426.26953125,1546800
2022-01-12,63426.26663602941,65447.4375,62560.05055147059,65447.4375,1857200
2022-01-13,65688.05539379612,65688.05539379612,63522.51510608856,65206.82421875,1850000
2022-01-14,64966.20773087687,64966.20773087687,64099.99162779851,64484.9765625,936800
2022-01-17,64003.74825721154,64436.856328125,62560.0546875,62560.0546875,1634800
2022-01-18,62078.817616256725,63522.51104919293,61886.3251585319,62608.171875,1632400
2022-01-19,62656.30036867978,64484.97887406367,62560.05413155431,64244.36328125,1909600
2022-01-20,64003.745394123136,64484.9765625,63570.637342583956,64484.9765625,1793800
2022-01-21,64484.981055274024,64484.981055274024,63185.656810130444,64099.99609375,1310200
2022-01-24,63618.76139097382,64099.992566397224,62511.9296875,62511.9296875,1735200
2022-01-25,62463.80773497138,63041.28515625,61405.09912929389,63041.28515625,1605000
2022-01-26,63041.2825767627,63474.390625,62078.82024734648,63474.390625,1908600
2022-01-27,62993.15973740494,63666.88337096007,62175.066753802275,63281.8984375,1061200
2022-01-28,63185.65151238208,63763.12890625,62415.68165389151,63763.12890625,1432600
2022-01-31,63763.12890625,63763.12890625,63763.12890625,63763.12890625,0
2022-02-01,63763.12890625,63763.12890625,63763.12890625,63763.12890625,0
2022-02-02,63763.12890625,63763.12890625,63763.12890625,63763.12890625,0
2022-02-03,63763.12890625,63763.12890625,63763.12890625,63763.12890625,0
2022-02-04,63763.12890625,63763.12890625,63763.12890625,63763.12890625,0
2022-02-07,64003.75128360717,65303.07555778566,64003.75128360717,64436.859375,1864800
2022-02-08,64436.85762105649,65832.4280997799,64436.85762105649,65591.8125,2900000
2022-02-09,65591.81004790147,66169.28746578467,65447.44069343066,65928.671875,2414000
2022-02-10,65928.67433969186,66024.92057960381,64725.59634079237,65591.8125,1805400
2022-02-11,64966.20097699556,65447.432095343676,64966.20097699556,65110.5703125,1083000
2022-02-14,64436.850902580496,64966.20516690341,63522.51171875,63522.51171875,1914600
2022-02-15,63522.51171875,63522.51171875,63522.51171875,63522.51171875,0
2022-02-16,64581.22554552295,64581.22554552295,63330.024454477054,63955.625,1124000
2022-02-17,63522.5157992565,64725.59375,63474.39268122677,64725.59375,2062800
2022-02-18,63570.637342583956,64484.9765625,63570.637342583956,64484.9765625,935600
2022-02-21,63763.135677277816,64918.0905876587,63763.135677277816,64436.859375,1224200
2022-02-22,64003.74478031954,66987.3779956427,63715.00608206246,66265.53125,6545200
2022-02-23,66265.5331322569,67661.10354680697,65880.54819031205,66313.65625,3219200
2022-02-24,65928.6681058114,66265.52991365132,65206.82137472588,65832.421875,2348400
2022-02-25,65880.54444494913,67276.11478015989,65447.43640988372,66217.40625,5380600
2022-02-28,65688.05307904411,66409.89981617648,65206.82192095588,65447.4375,3604000
2022-03-01,65880.54554227942,65928.66865808824,65014.32945772059,65447.4375,2420400
2022-03-02,65351.19428438661,65351.19428438661,64484.9781598513,64725.59375,3340400
2022-03-03,64966.200206043955,65688.046875,64292.47664835164,65688.046875,2115600
2022-03-04,65688.05321762242,65736.17633353277,64773.71401532585,65351.19140625,2146400
2022-03-07,64725.59200645026,64966.20759011736,64484.97642278316,64581.22265625,2289000
2022-03-08,64484.97642278316,64725.59200645026,63715.006555048436,64581.22265625,3993800
2022-03-09,64533.095904568385,64533.095904568385,63763.12608020366,64388.7265625,2297800
2022-03-10,64484.97887406367,64484.97887406367,63811.255214185396,64244.36328125,1766000
2022-03-11,64196.234645206765,64196.234645206765,63522.51104323308,64003.7421875,1306000
2022-03-14,63570.636997555994,63907.4988135915,62319.435966567005,63378.14453125,2453400
2022-03-15,62896.91163075533,63233.7734375,62078.81867151826,63233.7734375,2010600
2022-03-16,63137.52720700152,63522.51212899543,62560.04982401065,63233.7734375,2109200
2022-03-17,63426.27024799312,63522.51648509174,62945.0390625,62945.0390625,1382800
2022-03-18,62945.03461008739,63426.26576154066,62945.03461008739,63330.01953125,1582200
2022-03-21,63522.507876204596,64918.078125,63281.89231606745,64918.078125,1843400
2022-03-22,64966.206892566566,65447.43805473373,64292.483265532544,65062.453125,2092000
2022-03-23,64821.83768229166,65639.93065972222,64773.71456597222,64966.20703125,1588600
2022-03-24,64966.20773087687,64966.20773087687,64003.745394123136,64484.9765625,1826400
2022-03-25,64821.83694991901,67564.85454913607,64340.60579216162,66843.0078125,7565400
2022-03-28,66987.37942708333,69345.41217990451,66843.01007486979,69297.2890625,7666200
2022-03-29,70019.12825298635,71847.80651663823,69297.28156996587,70500.359375,4682200
2022-03-30,70019.12766728704,70692.85123247057,67420.47963015063,69489.7734375,3385200
2022-03-31,69297.29166666667,71462.83203125,68575.44487847222,70163.5078125,3597400
2022-04-01,70981.59755608975,75072.0625,70789.10508814102,75072.0625,8260800
2022-04-04,76275.13714717742,76371.38337701613,74590.828125,74590.828125,2803800
2022-04-05,73868.97740314917,75360.79388490657,73628.36184157539,74687.0703125,2520200
2022-04-06,74109.59825645466,77959.44751653023,73820.859561949,76419.5078125,5961800
2022-04-07,76900.73764112903,77045.10698588709,73917.10451612902,74590.828125,6201800
2022-04-08,74590.82760416667,74590.82760416667,72184.671875,72184.671875,4414200
2022-04-11,72184.671875,72184.671875,72184.671875,72184.671875,0
2022-04-12,72184.66816060904,73483.9921875,70259.74367632614,73483.9921875,5289000
2022-04-13,72665.90273887644,75553.28960267286,72425.28716689341,75168.3046875,6812000
2022-04-14,75168.30441810345,78344.42995689655,74590.8270474138,76756.3671875,5851800
2022-04-15,75793.9178809691,77911.33526938982,75649.54851357678,77093.2421875,4679600
2022-04-18,77478.22716721286,77959.45839185393,76563.88784039482,77093.2421875,5233800
2022-04-19,76852.61782852565,77526.34146634616,74590.8313301282,75072.0625,6570000
2022-04-20,74638.95444711538,76708.2484775641,74013.35392628206,75072.0625,3801400
2022-04-21,74205.8448050643,75793.90763163182,73965.22922528135,74831.4453125,4609000
2022-04-22,75360.80526917522,75553.29774751283,69826.64651696887,74975.8203125,8098600
2022-04-25,74109.59390096618,74735.19436896135,69730.390625,69730.390625,7422200
2022-04-26,67853.59973538306,72617.78865297379,66891.13732778898,71607.203125,5437800
2022-04-27,70259.75692085597,70981.603738536,68816.06328549593,70837.234375,3437200
2022-04-28,70981.59348060345,71703.44019396552,69682.26939655172,69778.515625,3052200
2022-04-29,69874.76290214476,72184.67241957104,69874.76290214476,71799.6875,3479600
2022-05-02,71799.6875,71799.6875,71799.6875,71799.6875,0
2022-05-03,71799.6875,71799.6875,71799.6875,71799.6875,0
2022-05-04,72184.67025501672,72906.5169575669,71462.82355246657,71944.0546875,2302200
2022-05-05,72425.29179216867,72425.29179216867,69826.64344879518,71895.9375,2337400
2022-05-06,70500.36906868179,71655.3239203189,70307.87659340893,70548.4921875,2171000
2022-05-09,69393.54096407624,69441.66408541055,65639.9375,65639.9375,5387600
2022-05-10,64966.20550053533,67420.484375,64003.7431968237,67420.484375,3637600
2022-05-11,67468.60882092199,67853.59375,66024.91533687944,67853.59375,2334000
2022-05-12,67324.23203241258,67324.23203241258,64677.4609375,64677.4609375,3411200
2022-05-13,64677.465227817745,65014.3270258793,60202.015625,60202.015625,5493600
2022-05-16,63763.13389227642,63763.13389227642,58325.22134146342,59191.4375,2669000
2022-05-17,60105.77081651311,63330.01953125,58710.20047729863,63330.01953125,2111600
2022-05-18,63378.14714712079,64340.60951837547,62463.80789442884,64244.36328125,1611200
2022-05-19,62560.048754699244,64244.35775963346,62223.1869537124,64003.7421875,1678400
2022-05-20,63763.129809934704,65351.19266557836,63522.51422574627,64484.9765625,1738400
2022-05-23,64966.2100415711,64966.2100415711,62560.05411410551,62945.0390625,1084200
2022-05-24,62993.15678453947,64003.74218749999,62463.80252584586,64003.7421875,1155400
2022-05-25,64677.46942446043,68094.21074078238,64484.97695593525,66891.1328125,3116000
2022-05-26,67372.36398381295,67612.97956946942,65447.43929856115,66891.1328125,1432200
2022-05-27,66987.3831799591,70692.86342770109,66987.3831799591,70596.6171875,5101400
2022-05-30,70596.61237732437,70981.59731189738,69008.54952221074,69874.765625,2524400
2022-05-31,69874.75996376811,69874.75996376811,68816.0514794686,69730.390625,1479000
2022-06-01,69730.3941204897,70740.97954252578,69297.28608247422,70019.1328125,2117400
2022-06-02,70019.1328125,70019.1328125,70019.1328125,70019.1328125,0
2022-06-03,71077.84568272682,74253.97148845463,71077.84568272682,73724.6171875,3336200
2022-06-06,74109.59134615384,75312.66912774726,74109.59134615384,74446.453125,3775800
2022-06-07,74591.76838235294,74591.76838235294,72169.95772058824,74107.40625,3690200
2022-06-08,74737.07434097947,76480.77795489733,74301.1484375,74301.1484375,4153600
2022-06-09,74301.14851930628,75076.12790412303,73283.9880767343,74010.53125,2262200
2022-06-10,74591.76885416667,75076.13098958334,72654.3203125,72654.3203125,3881000
2022-06-13,70232.505859375,71443.4111328125,67810.6953125,67810.6953125,6458000
2022-06-14,67084.15799216028,69893.45847125436,66841.97691637631,69505.96875,3212200
2022-06-15,70232.51126650305,71540.2890625,69748.1491198375,71540.2890625,10240800
2022-06-16,76529.21875,76529.21875,75173.00474683545,76529.21875,6038900
2022-06-17,76529.2244811776,76529.2244811776,73913.66870777027,75269.8828125,3500500
2022-06-20,75560.4962364682,75560.4962364682,71298.10926928281,71588.7265625,4483400
2022-06-21,72654.32079081633,73429.30021258503,68779.4236819728,71201.234375,3368300
2022-06-22,73235.54535279369,73235.54535279369,67035.71082557306,67616.9453125,3815800
2022-06-23,67810.69719827587,71201.23205818966,67616.95234913794,70232.5078125,4908000
2022-06-24,71201.23223444019,71201.23223444019,69166.91131345619,69651.2734375,2716400
2022-06-27,69457.53392701049,70232.51338505244,68876.29933347902,69263.7890625,3160200
2022-06-28,68779.42135989011,70619.99742445056,68779.42135989011,70523.125,4121400
2022-06-29,70523.13013698629,71685.5993150685,68876.29880136986,70716.875,3154200
2022-06-30,70813.74797858391,70813.74797858391,68973.17176573427,69263.7890625,2401100
2022-07-01,69360.66193990043,69360.66193990043,66648.23381934567,68101.3203125,3285200
2022-07-04,67810.70128134219,67907.5737117441,64517.03864767699,65679.5078125,5181500
2022-07-05,65679.51133110687,65679.51133110687,61998.35877862596,63451.4453125,3983400
2022-07-06,63451.44192504883,64226.4213684082,61998.35546875,61998.35546875,2398000
2022-07-07,62095.22789916992,62967.07977294922,61901.48303833008,61998.35546875,1590000
2022-07-08,62676.460841346154,64420.16454326923,62385.84355769231,62967.078125,2586800
2022-07-11,62773.33212209302,62870.20454820736,61998.35271317829,62482.71484375,1370100
2022-07-12,62482.71484375,62482.71484375,62482.71484375,62482.71484375,0
2022-07-13,61998.352987421385,62192.09784050708,59964.03203002162,61610.86328125,3099000
2022-07-14,60932.75791234026,61998.35463258786,60351.523337659746,60642.140625,2134700
2022-07-15,60835.884527439026,61223.37423780488,59576.54296875,59576.54296875,3080300
2022-07-18,59576.541816086065,60932.75577612705,58317.2002817623,59092.1796875,2540800
2022-07-19,59285.926171875,59285.926171875,57639.094889322914,58123.45703125,2118000
2022-07-20,57348.477226307186,61029.62948069853,56379.75294883578,59285.92578125,7377800
2022-07-21,59285.92241127145,62482.71234521255,59285.92241127145,62095.22265625,5004300
2022-07-22,62870.20454820736,64710.78064437984,62192.09756540698,62482.71484375,5454700
2022-07-25,62773.33249407583,63742.05676095971,60739.01153361967,61320.24609375,4019200
2022-07-26,61901.480747767855,61901.480747767855,60835.884052579364,61029.62890625,1808800
2022-07-27,58220.32879805757,61029.62918931159,58220.32879805757,60157.77734375,1866300
2022-07-28,61029.63054435484,61029.63054435484,60060.90625,60060.90625,1950500
2022-07-29,60448.39364754099,60448.39364754099,59092.1796875,59092.1796875,3375000
2022-08-01,59092.18348542007,59964.03537290987,58123.459165986955,59382.80078125,3256100
2022-08-02,59867.16139112903,60545.268397177424,59382.79924395162,60060.90625,2121500
2022-08-03,60060.905011124596,60254.64986599919,59382.79801906351,59867.16015625,2660300
2022-08-04,60254.64958383174,61029.62899970096,60157.77715684809,60739.01171875,4344000
2022-08-05,60932.756572717306,61513.991134619224,60642.13929176635,60739.01171875,2712000
2022-08-08,60739.01295459062,60932.7578125,60351.52323877186,60932.7578125,2490100
2022-08-09,61126.501240373225,61610.86337381516,60932.75638699644,61320.24609375,2806100
2022-08-10,61320.24600162146,62288.970267049925,61029.62872199292,61610.86328125,1974900
2022-08-11,61998.35317460317,62192.09802827381,60545.26677207341,61029.62890625,2719100
2022-08-12,60932.75647941468,61707.73589409722,60254.64949156746,61029.62890625,2419300
2022-08-15,61320.24685096154,62967.078125,61029.6295673077,62967.078125,4433600
2022-08-16,62967.08037405303,64904.529000946975,62967.08037405303,63935.8046875,3910700
2022-08-17,63935.80240384615,64323.29211538462,62967.078125,62967.078125,2518800
2022-08-18,62967.0769743217,63742.056383236435,61901.480287063954,62482.71484375,4073800
2022-08-19,62482.71234521255,63354.56414537831,61126.498433843604,62095.22265625,2276400
2022-08-22,62579.59174107143,64807.65770089286,62482.71930803572,64420.16796875,5855600
2022-08-23,63838.931941330346,65679.50812780269,63838.931941330346,64807.65625,4014500
2022-08-24,64807.65758911864,65098.274887724554,64226.42299190681,64710.78515625,2219300
2022-08-25,65582.63517680921,66551.35947779605,65195.14545641447,66260.7421875,5153200
2022-08-26,66551.3557609072,70813.7424471953,66551.3557609072,69941.890625,10847500
2022-08-29,69554.4004222973,71685.59375,68488.80375844595,71685.59375,7689600
2022-08-30,72169.96136383015,72654.32352063438,70620.00246205661,71007.4921875,4227200
2022-08-31,70232.5073902027,71685.59375,70232.5073902027,71685.59375,4620000
2022-09-01,71685.59375,71685.59375,71685.59375,71685.59375,0
2022-09-02,71685.59375,71685.59375,71685.59375,71685.59375,0
2022-09-05,71588.72175646551,71588.72175646551,70232.5078125,70232.5078125,2694200
2022-09-06,70329.39049639917,71007.49756730109,70135.64561899862,70620.0078125,2599300
2022-09-07,70329.38076821074,70523.12561881189,68391.93226219944,68488.8046875,5672100
2022-09-08,69263.7890625,70038.76852054195,68295.06473994756,69263.7890625,3748300
2022-09-09,69748.15625,70135.64600694444,68585.68697916667,69748.15625,2784800
2022-09-12,69941.89011824325,73041.80768581081,69845.01769425676,71685.59375,7347100
2022-09-13,71685.59632253711,72073.08603238866,71007.4893302969,71782.46875,1957900
2022-09-14,70426.25232148916,71588.72141070217,70329.37989738806,71394.9765625,3704500
2022-09-15,71394.9817003552,72460.57844215156,71104.36440713803,71588.7265625,3182500
2022-09-16,71104.37039930555,71394.9877170139,69166.92161458333,69748.15625,4279700
2022-09-19,69748.15691489361,70523.13643617021,66938.85615026596,68295.0703125,4171600
2022-09-20,68682.55954715831,69748.15638075313,67035.72807705718,69457.5390625,3380900
2022-09-21,68779.41953125001,68779.41953125001,67810.6953125,67810.6953125,3106200
2022-09-22,66938.83835592012,68585.66940085591,66163.8590406562,67907.5625,4254200
2022-09-23,67907.56789220101,67907.56789220101,66454.48156069886,67229.4609375,2717600
2022-09-26,65679.50514705882,66066.99485294118,63548.31176470588,65873.25,5240200
2022-09-27,65292.019641859166,65873.2542380775,64710.785045640834,65001.40234375,1536300
2022-09-28,64032.67483173077,64904.52668269231,62967.078125,62967.078125,2724500
2022-09-29,64420.16622924805,64420.16622924805,61707.73817749023,61998.35546875,2545200
2022-09-30,61707.73817749023,62192.10032958984,59770.289569091794,61998.35546875,4371100
2022-10-03,60932.75896602349,60932.75896602349,57735.96875,57735.96875,4026100
2022-10-04,59285.92453893443,59382.79696465164,58220.327856045085,59092.1796875,4024500
2022-10-05,59092.18316670016,61126.50422653738,59092.18316670016,60254.65234375,2124200
2022-10-06,60254.653946659484,60351.52638065733,56186.01171875,56186.01171875,3170300
2022-10-07,54732.92408130787,56089.138129340274,52311.11328125,52311.11328125,5573700
2022-10-10,51439.25913966725,55507.901105516634,51342.38671190893,55314.15625,3911600
2022-10-11,55314.15949345668,55798.52166064982,52407.98649029784,53667.328125,2333500
2022-10-12,53764.19979619565,56960.99005434783,53764.19979619565,55701.6484375,2886100
2022-10-13,55217.28495279948,56379.75410970052,54732.92280409071,55798.51953125,1531100
2022-10-14,56186.00975584307,58414.07565995409,56186.00975584307,58026.5859375,2989900
2022-10-17,57735.96636247877,57735.96636247877,55992.26268039049,57057.859375,2674800
2022-10-18,58026.58625529661,58607.82084216102,56767.24465042373,57154.734375,2054300
2022-10-19,57348.479237288135,57639.09653072034,56476.62735699152,57154.734375,1407400
2022-10-20,56379.7551369863,57154.734589041094,56089.13784246575,56573.5,1811200
2022-10-21,56476.6263068704,56476.6263068704,52698.6015625,52698.6015625,4238200
2022-10-24,52795.473960906624,53279.83610733696,49017.44921875,49017.44921875,4828000
2022-10-25,49114.318652343754,52311.10862379808,47467.48745492788,50373.66015625,4400700
2022-10-26,50470.5378356816,50858.0275695448,49017.451333694604,50276.79296875,1528200
2022-10-27,49695.555354420736,52214.23847179878,49695.555354420736,51633.00390625,2990400
2022-10-28,51826.746174518325,52698.597979323305,51148.639215225565,51536.12890625,1802000
2022-10-31,50761.15525072674,51245.517419149706,47951.854673873546,49986.17578125,3903900
2022-11-01,50373.66610528942,50858.02827937874,48533.08984375,48533.08984375,1999200
2022-11-02,48436.214192708336,48726.83147786458,45336.296484375,46498.765625,4317000
2022-11-03,47467.48942550505,48726.83098169192,46595.637578914146,47951.8515625,2600000
2022-11-04,46062.836319218244,46498.76221498371,44609.75,44609.75,5742900
2022-11-07,44561.31745915986,45094.1158200846,41509.8359375,41509.8359375,5344200
2022-11-08,41509.837877487385,44173.82980661435,40008.315153797645,43205.10546875,4117000
2022-11-09,43592.59100274726,44997.24115728022,43156.665092719784,44076.953125,2156900
2022-11-10,43544.15574730667,43544.15574730667,41025.47265625,41025.47265625,3670600
2022-11-11,42042.63424781977,43011.35853924419,41655.14453125,41655.14453125,3565100
2022-11-14,40686.41835793358,41412.96154289668,39136.459563345634,39378.640625,3514300
2022-11-15,37005.26834957067,38264.60994261889,36666.21484375,36666.21484375,2983600
2022-11-16,34147.532012901735,39184.8984375,34147.532012901735,39184.8984375,8555200
2022-11-17,40444.23956620066,41558.27251233553,39523.95148026316,40492.67578125,2857700
2022-11-18,39717.693690688015,40928.598986135825,38652.09703069395,40831.7265625,4367700
2022-11-21,40637.982145602706,40637.982145602706,39378.640625,39378.640625,1762800
2022-11-22,38942.71484375,40298.92879353234,38603.661356304416,38942.71484375,3707900
2022-11-23,39039.58718171296,39620.821730324074,38845.842332175926,39233.33203125,1510200
2022-11-24,37973.99270557029,37973.99270557029,36520.90625,36520.90625,7862600
2022-11-25,36375.59627666171,37102.13947792659,35358.43579489087,36617.77734375,2595300
2022-11-28,37102.14126712328,39136.46232876712,37102.14126712328,38894.28125,4322000
2022-11-29,39233.33632995035,41461.40234375,39233.33632995035,41461.40234375,5268600
2022-11-30,42236.380031179135,43592.59406887755,41655.145443594105,42720.7421875,3777700
2022-12-01,43592.592756810445,44173.82732690125,41412.96311896992,42672.3046875,5855800
2022-12-02,42042.635422207444,45530.04296875,42042.635422207444,45530.04296875,6464800
2022-12-05,45578.47510996586,47322.178727350314,45578.47510996586,46111.2734375,4146000
2022-12-06,45723.78607666291,45723.78607666291,42962.921875,42962.921875,4093900
2022-12-07,42962.91914018952,43592.589882943146,42139.503553511706,43447.28125,2930100
2022-12-08,44367.57155230978,45530.04067595109,43786.33699048913,44561.31640625,2626500
2022-12-09,44561.31375135281,45142.548278544375,43931.64301356196,44755.05859375,1675300
2022-12-12,44755.05867034313,45820.655305351305,43592.58961397059,44464.44140625,3474400
2022-12-13,44319.13778370824,44948.80859375,43011.359947467674,44948.80859375,1956200
2022-12-14,45820.66179191335,45820.66179191335,44367.57526574274,44997.24609375,2187800
2022-12-15,44997.244593583775,46014.40512799202,44706.62729803856,45530.04296875,2539400
2022-12-16,45287.860317887935,46450.32945973746,44464.44467574451,46353.45703125,3003400
2022-12-19,46111.27750530223,47273.74668610817,45675.3515625,45675.3515625,3782800
2022-12-20,45142.55211693548,45384.733190524195,42817.613810483876,45045.6796875,3352500
2022-12-21,45045.681026064114,45287.8621068494,42962.92373131061,44948.80859375,2052300
2022-12-22,44900.37104334678,45239.42454637097,43883.21053427419,45045.6796875,1519800
2022-12-23,45045.6772823417,45045.6772823417,44125.38925184224,44367.5703125,1584400
2022-12-26,44076.95679284038,44319.13787411972,41267.65625,41267.65625,2559500
2022-12-27,40202.05907534246,42430.125,40202.05907534246,42430.125,2324700
2022-12-28,41655.14453125,41848.88938953488,40589.54781068314,41655.14453125,1389600
2022-12-29,41170.78370847902,41558.2734375,40783.293979458045,41558.2734375,1212100
2022-12-30,41461.401005244756,41655.145869755244,40734.85776333042,41558.2734375,1652400
2023-01-02,41558.2734375,41558.2734375,41558.2734375,41558.2734375,0
2023-01-03,41461.40063282139,42623.86980944255,41170.7833386661,42575.43359375,1998900
2023-01-04,41752.018085488504,42914.48726652299,41752.018085488504,42139.5078125,1872700
2023-01-05,42526.99619230218,42623.868620986235,41945.76162019782,42236.37890625,1102800
2023-01-06,42236.37905561993,42478.56012818656,41800.453125,41800.453125,1507500
2023-01-09,41800.45084170387,41945.75947730655,40686.41796875,40686.41796875,2663500
2023-01-10,40686.419209123225,41267.65376925356,40589.54678243483,40880.1640625,1424300
2023-01-11,40977.03767626322,41848.88954171563,40977.03767626322,41219.21875,1461200
2023-01-12,41219.214955092044,41655.14084768409,40734.852852211996,40783.2890625,986100
2023-01-13,41073.90896254459,41316.09002954073,40734.85546875,40734.85546875,1087500
2023-01-16,40734.85551536396,40977.03658263723,40395.802021181385,40589.546875,1408900
2023-01-17,41073.911222415794,42042.63554369919,40880.16635815911,41703.58203125,2760600
2023-01-18,42139.5060483871,43786.337319243605,41897.324979143494,43544.15625,3686900
2023-01-19,43544.15347878975,44658.18632641173,43350.408635725056,44173.82421875,3493900
2023-01-20,44173.82421875,44173.82421875,44173.82421875,44173.82421875,0
2023-01-23,44173.82421875,44173.82421875,44173.82421875,44173.82421875,0
2023-01-24,44173.82421875,44173.82421875,44173.82421875,44173.82421875,0
2023-01-25,44173.82421875,44173.82421875,44173.82421875,44173.82421875,0
2023-01-26,44173.82421875,44173.82421875,44173.82421875,44173.82421875,0
2023-01-27,44948.80351307189,45433.165619893785,44464.44140625,44464.44140625,2479800
2023-01-30,44464.44133015422,45336.293120941555,43980.07922416126,44755.05859375,3206700
2023-01-31,44464.4451108871,45045.6796875,43931.64674899194,45045.6796875,2723800
2023-02-01,44755.06220143312,45675.350277003716,44270.70005639597,45626.9140625,7835500
2023-02-02,45481.60699524048,48339.34375,44851.93618486974,48339.34375,4860800
2023-02-03,46547.20452242417,47080.002909257324,46305.0234375,46305.0234375,6219600
2023-02-06,45530.04291489926,45723.78777836692,44270.70130235949,45675.3515625,2653000
2023-02-07,45190.98727690782,46498.76504376368,44270.69921875,44270.69921875,2018900
2023-02-08,44270.69960498596,44561.316889044945,43108.23046875,43108.23046875,1647000
2023-02-09,43011.36083096591,44028.52139115767,42623.87109375,42623.87109375,1472800
2023-02-10,42623.86505344418,43059.79094603622,40783.2890625,40783.2890625,2032500
2023-02-13,40783.291544117645,41170.78125,40202.05698529412,41170.78125,1726000
2023-02-14,41461.39852941177,41655.143382352944,41073.90882352941,41170.78125,803200
2023-02-15,41170.7837627924,42139.50808662281,41170.7837627924,41412.96484375,1084700
2023-02-16,41848.88928983834,42139.50657657333,41461.39957419169,41945.76171875,944200
2023-02-17,41945.76434248555,41945.76434248555,41509.8383851156,41897.328125,959100
2023-02-20,41848.89150677201,42914.48828125,41412.96555357647,42914.48828125,1874700
2023-02-21,43011.35804073034,43834.77367889747,43011.35804073034,43108.23046875,1405600
2023-02-22,42623.86882267442,43108.230968386626,41655.14453125,41655.14453125,1644500
2023-02-23,41461.39967296512,41655.14453125,40686.42023982558,41655.14453125,1313900
2023-02-24,41170.77874480404,41606.70463739608,40298.92695961995,40783.2890625,1625600
2023-02-27,39717.69415509259,40589.54597800926,39233.33203125,39233.33203125,1974700
2023-02-28,39233.33481445313,39911.4418359375,38603.66400878906,38748.97265625,1567900
2023-03-01,38748.96982230392,39717.69406786152,38022.42663813572,39523.94921875,1520500
2023-03-02,39523.952000620346,39717.69686336849,38748.97254962779,39039.58984375,868900
2023-03-03,39039.59017092322,39330.20746748096,38167.73828125,38167.73828125,1857500
2023-03-06,38700.536658272526,39233.33503529505,38167.73828125,38167.73828125,1474200
2023-03-07,38748.972764483624,38942.71762830605,37973.99330919395,38458.35546875,1585700
2023-03-08,37780.248552506346,38313.04692952887,37441.195039855644,38167.73828125,2029100
2023-03-09,38361.4829296875,39281.77103027344,38313.04671386719,38748.97265625,2116000
2023-03-10,38652.0977004717,38845.84255110063,38167.73557389937,38506.7890625,1573000
2023-03-13,38506.791793900695,38748.972874365485,38167.73828125,38167.73828125,1349100
2023-03-14,38070.86481946243,38361.48210816062,37102.14052380181,37392.7578125,1611600
2023-03-15,38361.4829296875,38845.84508789062,38167.73806640625,38748.97265625,1899200
2023-03-16,38748.972874365485,38748.972874365485,37586.503688134515,38167.73828125,1665000
2023-03-17,38652.100442179566,38652.100442179566,37634.939904227474,38167.73828125,953800
2023-03-20,37780.246370570865,38167.7360769357,36859.9583179544,36908.39453125,2298600
2023-03-21,37586.50008116883,37586.50008116883,36327.158583603894,37295.8828125,1411300
2023-03-22,37441.192924489456,37441.192924489456,36763.0859375,36763.0859375,1507000
2023-03-23,36424.032490079364,36763.08598400297,36327.160063244046,36617.77734375,1238600
2023-03-24,36424.03244400527,37005.267004281945,36424.03244400527,36763.0859375,1729500
2023-03-27,36811.52210465879,37247.44802431922,36666.21346477198,36908.39453125,2465100
2023-03-28,37005.269201566494,38070.865958679664,36908.39676910166,37877.12109375,4198400
2023-03-29,38022.42724987888,38119.299675993214,37489.62890625,37489.62890625,1830200
2023-03-30,37586.50267163212,37973.992389896375,36956.83187945272,37392.7578125,2665800
2023-03-31,37344.3203125,37731.81001742867,37053.703033803504,37344.3203125,1815500
2023-04-03,37780.25,37973.99487179487,37489.63269230769,37780.25,2112100
2023-04-04,37877.11956265703,38700.53520532349,37828.68334838254,38555.2265625,3133300
2023-04-05,38555.22527515723,38603.66148781446,38264.60799921383,38506.7890625,1735900
2023-04-06,38748.972985933506,38748.972985933506,37828.68487751758,37877.12109375,1971300
2023-04-07,37634.94134615384,37828.686217948714,37295.88782051282,37780.25,2032200
2023-04-10,37973.99161585366,39863.00395388719,37973.99161585366,39717.6953125,5829400
2023-04-11,39717.695408476655,39717.695408476655,38942.71598587224,39427.078125,2852300
2023-04-12,39233.334547546016,40395.80371932515,39233.334547546016,39475.515625,3970800
2023-04-13,39717.696597137634,40008.313889311816,39378.64308960109,39766.1328125,3135000
2023-04-14,39959.87805175781,40105.18669921875,38748.97265625,38748.97265625,2679300
2023-04-17,38603.6640625,38748.97271016311,38313.04676717377,38603.6640625,1406900
2023-04-18,39281.769726806946,39475.514583659264,38700.53515625,38700.53515625,2755700
2023-04-19,38797.40611979167,40008.31142939815,38748.96990740741,39233.33203125,2949400
2023-04-20,39233.33336556312,39233.33336556312,38652.09879718441,39136.4609375,1416200
2023-04-21,39136.46397900763,39136.46397900763,38070.8671875,38070.8671875,2811100
2023-04-24,37973.99112955729,38070.8635559082,37053.70307922363,37199.01171875,3211100
2023-04-25,37392.75812334217,37586.50298408488,36327.16138925729,36520.90625,2735300
2023-04-26,36520.90473429362,37199.01171875,36472.468521118164,37199.01171875,1835600
2023-04-27,37295.88277207309,37441.19140625,36956.82929232698,37441.19140625,1286400
2023-04-28,37441.19767916932,37973.99609375,37392.76145966199,37973.99609375,2517300
2023-05-01,37973.99609375,37973.99609375,37973.99609375,37973.99609375,0
2023-05-02,37973.99609375,37973.99609375,37973.99609375,37973.99609375,0
2023-05-03,37973.99609375,37973.99609375,37973.99609375,37973.99609375,0
2023-05-04,36908.393284135884,37683.37267067942,36714.6484375,36714.6484375,2462500
2023-05-05,36714.64977058532,36908.394624255954,36472.46870349703,36617.77734375,1173200
2023-05-08,36617.77862863276,37053.70456468791,36617.77862863276,36666.21484375,1273100
2023-05-09,36666.21351078722,37150.57564435112,36666.21351078722,36763.0859375,931100
2023-05-10,36859.961858974355,37780.25,36714.653205128205,37780.25,2354900
2023-05-11,37925.554823764534,38119.299675993214,37344.32026707849,37489.62890625,1659900
2023-05-12,37538.06891025641,37877.122435897436,37005.27051282051,37780.25,2033800
2023-05-15,37925.56000461922,38167.74110298843,37634.942686576156,37683.37890625,2782400
2023-05-16,37683.37515238947,37731.8113672383,37005.268144505855,37247.44921875,2129700
2023-05-17,37247.449321141874,37441.19418106979,36763.087171322084,36956.83203125,1326900
2023-05-18,37344.32045091043,37489.62909079724,36908.39453125,36908.39453125,1747600
2023-05-19,36908.395765339425,37102.140625,36617.778475848565,37102.140625,1643100
2023-05-22,37150.57546003567,37441.19273873217,36859.95818133917,37344.3203125,1523200
2023-05-23,37441.192830882355,37586.501470588235,37005.26691176471,37053.703125,1467700
2023-05-24,37053.703125,37053.703125,37053.703125,37053.703125,0
2023-05-25,36763.08722245066,37199.01315789474,36617.77857730263,36811.5234375,1477500
2023-05-26,36859.95699034686,37199.01047120419,36811.52077879581,37005.265625,882500
2023-05-29,37247.447840964145,37489.62890625,36956.83056262112,37489.62890625,2263500
2023-05-30,37634.939904227474,38555.228009993654,37634.939904227474,38167.73828125,4818400
2023-05-31,38070.86853276467,38216.17719128667,37731.814996213325,37973.99609375,1975100
2023-06-01,38119.3034052958,38264.612058683204,37489.63257395038,38070.8671875,2907500
2023-06-02,38216.171487247244,39572.385431027884,37973.990425857846,39523.94921875,5707900
2023-06-05,39717.69654505461,40298.931128640776,39523.951683859224,39911.44140625,6617800
2023-06-06,39911.44120065789,40734.85685649671,39766.13255550987,40492.67578125,4665200
2023-06-07,40492.67578125,40637.98442639803,39766.13255550987,40492.67578125,4745100
2023-06-08,40686.41835793358,40686.41835793358,39330.204412669125,39378.640625,4513900
2023-06-09,39717.69389719203,40105.18359375,39233.33177649457,40105.18359375,4124000
2023-06-12,40347.36673782703,41655.14453125,40202.058094113374,41655.14453125,7248100
2023-06-13,42042.63424781977,42042.63424781977,41267.65481468023,41655.14453125,3399100
2023-06-14,41655.14352333532,41655.14352333532,40734.85546875,40734.85546875,3321400
2023-06-15,40734.854265025475,41073.90774880096,40153.61972141037,40395.80078125,2810300
2023-06-16,40637.9845828295,40977.03808948005,39863.00513905683,40056.75,4410000
2023-06-19,40056.74994823042,40395.80345444277,39814.568872364456,40202.05859375,2063100
2023-06-20,40298.92941176471,41170.78125,40298.92941176471,41170.78125,2476500
2023-06-21,41170.78248499707,41364.52734375,40880.16519686768,41364.52734375,2565900
2023-06-22,41364.52734375,41364.52734375,41364.52734375,41364.52734375,0
2023-06-23,41703.58208588287,41848.89073426573,41364.52857298951,41558.2734375,2158100
2023-06-26,42187.942449971815,43108.23051719279,41267.65438275084,42962.921875,5457500
2023-06-27,42962.92192360719,43495.72027891686,42381.68735417845,42817.61328125,2478000
2023-06-28,42817.6133791287,43059.794450277615,41848.88909453303,42526.99609375,3989700
2023-06-29,42139.50677876171,42526.996496267566,41364.52734375,41364.52734375,3289500
2023-06-30,41364.52714528002,42526.99629221998,41170.7822874567,41945.76171875,3505400
2023-07-03,42091.07046239099,42284.81532067587,41461.39967296512,41655.14453125,1799500
2023-07-04,41558.27460260116,42284.81786488439,41316.09351517341,41897.328125,4437300
2023-07-05,42091.071650627164,43059.795969398794,41994.19921875,41994.19921875,7263000
2023-07-06,42042.63548900463,42381.68900101273,41509.837112991896,41848.890625,4541700
2023-07-07,41703.57872596154,44076.953125,41703.57872596154,44076.953125,7401500
2023-07-10,44609.750838514396,46256.58203125,44367.569780759164,46256.58203125,10232900
2023-07-11,46111.27311731557,47273.7421875,45869.09206102715,47273.7421875,8177100
2023-07-12,46837.821317872585,47758.10943063327,46692.51266848932,47612.80078125,4791400
2023-07-13,47661.2343275076,48339.34131997214,47612.79811376013,47806.54296875,4813500
2023-07-14,47806.54553605283,47903.41796875,46983.12985812689,47903.41796875,5904700
2023-07-17,47951.84918582991,48290.90266492163,47128.43359375,47128.43359375,2785300
2023-07-18,46886.25269901144,47079.99754487513,46256.581949954474,46547.19921875,4613000
2023-07-19,46886.25257731959,47419.050902061856,46450.32667525773,46983.125,3483900
2023-07-20,46886.25241853361,47951.84906440937,46886.25241853361,47564.359375,5454300
2023-07-21,47564.364620535714,50858.02734375,47419.05597098215,50858.02734375,11731700
2023-07-24,51342.39005160551,52795.4765625,50373.66571100918,52795.4765625,4072400
2023-07-25,52795.47294047342,52795.47294047342,51245.514101854016,51923.62109375,4429400
2023-07-26,51923.61876188213,52504.853300261406,50373.65999287072,50954.89453125,5446900
2023-07-27,51248.30175600739,53302.1459103512,51052.69755083179,52910.9375,5823100
2023-07-28,52715.335794151375,53693.35686639908,52030.72104357798,53302.1484375,3871700
2023-07-31,52813.13678421787,53008.74099452979,51443.90731203445,52519.73046875,7864600
2023-08-01,52910.93798355899,52910.93798355899,50563.6875,50563.6875,7531800
2023-08-02,50563.6875,51346.104327853,50465.88539651837,50563.6875,5318300
2023-08-03,50661.49196513283,52519.73201790797,50270.28353296964,51541.7109375,7997000
2023-08-04,51835.11328125,52030.71748231132,51150.49857753538,51835.11328125,7529400
2023-08-07,52519.72914730483,53693.35437964684,52128.52073652416,52617.53125,6494400
2023-08-08,52813.13811800373,53106.54444088153,52226.325472248136,52421.9296875,5735000
2023-08-09,52226.32704075571,52226.32704075571,50857.09749287072,51443.91015625,8966000
2023-08-10,51835.11478365385,51835.11478365385,50563.68743990385,50857.09375,4979900
2023-08-11,51052.7002521107,52128.5234375,49879.07495895873,52128.5234375,6318800
2023-08-14,52715.33198080028,53106.54038139991,51443.904678851475,53008.73828125,9615900
2023-08-15,53399.94934895833,54671.37671440972,52813.13671875,52813.13671875,8379700
2023-08-16,52813.13545539033,53106.541763475834,51835.11442843866,52617.53125,5141100
2023-08-17,52910.94015248145,53986.76333487941,52226.325400046386,52715.3359375,7226900
2023-08-18,52715.33410109562,52715.33410109562,49096.65625,49096.65625,14262600
2023-08-21,48901.052295918365,49390.06281887755,47678.52598852041,47923.03125,7064800
2023-08-22,48020.835703125,49096.65890625,46309.2987890625,48901.0546875,10145800
2023-08-23,49585.669532821936,49585.669532821936,48118.63788983903,48607.6484375,4957900
2023-08-24,48607.64442252734,49683.46753851889,48607.64442252734,49194.45703125,5727600
2023-08-25,49194.45829207921,50270.28143564356,48901.05198019802,49390.0625,7139000
2023-08-28,49781.270672147,50759.291706963246,49292.26015473888,50563.6875,8495500
2023-08-29,50661.48936672968,52030.718809073725,50368.08305765595,51737.3125,8303900
2023-08-30,51835.11442843866,53302.14596886617,51737.31232574349,52617.53125,7312500
2023-08-31,52813.13545539033,53204.343866171,52324.124941914495,52617.53125,5206100
2023-09-01,52617.53125,52617.53125,52617.53125,52617.53125,0
2023-09-04,52617.53125,52617.53125,52617.53125,52617.53125,0
2023-09-05,52617.53244417588,54280.1682277279,52226.32402451658,53106.54296875,8353500
2023-09-06,53106.54153409091,54377.968863636364,52617.53102272727,53791.15625,5121300
2023-09-07,53986.76045454546,54573.57306818182,53106.54153409091,53791.15625,5993300
2023-09-08,53302.14692426802,55258.18901323198,53302.14692426802,54280.16796875,7805800
2023-09-11,54573.575831422015,54964.7842603211,52617.5336869266,53302.1484375,8457600
2023-09-12,53302.1468623992,54573.57421875,52813.1363407258,54573.57421875,4794300
2023-09-13,54866.98145380434,57996.64884510869,54280.168817934784,56236.2109375,16051000
2023-09-14,56431.81388388962,57214.23071416885,55845.001261180194,56040.60546875,8439000
2023-09-15,56236.20863148479,56236.20863148479,54182.364490161,54671.375,7838900
2023-09-18,54377.968863636364,54377.968863636364,52910.93732954546,53791.15625,6610200
2023-09-19,53888.95955095721,54280.16796875,51835.115357545044,54280.16796875,8835900
2023-09-20,53888.95948840726,54964.78263608871,53399.94896673387,54573.57421875,6834800
2023-09-21,54573.571883648525,54573.571883648525,53008.73828125,53008.73828125,9500900
2023-09-22,51932.915539527356,52226.321842010555,50172.47772462812,50954.89453125,11804800
2023-09-25,50465.886856617646,51835.11634497549,48803.251049325976,49879.07421875,7693400
2023-09-26,49976.87750303398,50563.69015473301,49390.06485133495,50368.0859375,8271400
2023-09-27,49976.87481971154,50857.09375,49096.65588942308,50857.09375,4904400
2023-09-28,51737.311180719335,53497.748990271226,51346.102778596694,51835.11328125,8909300
2023-09-29,52617.535483008556,52617.535483008556,51443.91015625,51443.91015625,4945900
2023-10-02,51443.90771013969,51835.11613379094,50661.490862837185,50759.29296875,4207600
2023-10-03,50368.08386479592,50368.08386479592,47238.41651785714,47923.03125,8976200
2023-10-04,46945.01143292683,48901.053575965445,46945.01143292683,48118.63671875,4826800
2023-10-05,48803.25340757979,48803.25340757979,45966.9921875,45966.9921875,6348200
2023-10-06,45869.188462409424,47434.02218394151,45282.37581683489,47238.41796875,5188100
2023-10-09,47287.317795229406,47825.22937304484,46602.703059827945,46896.109375,6457800
2023-10-10,47336.21865404299,48363.14075294268,47336.21865404299,47776.328125,4821300
2023-10-11,47923.03118661258,48216.4375,47531.82276876268,48216.4375,3478300
2023-10-12,48216.437693698346,48412.04190340909,47140.61454028925,47336.21875,13700700
2023-10-13,47434.01807133838,48412.0390625,47385.1170217803,48412.0390625,9845400
2023-10-16,48412.03920717593,49585.66440007716,47531.8203125,47531.8203125,8502700
2023-10-17,47825.229751619874,47825.229751619874,45282.375,45282.375,7887900
2023-10-18,45771.3831795302,45966.987381152125,42690.6170039849,43717.5390625,11414600
2023-10-19,43228.527525436046,43717.53801780523,42054.90234375,42054.90234375,8072300
2023-10-20,42054.90334871365,44010.945364932886,42054.90334871365,43717.5390625,7022500
2023-10-23,43717.53801780523,43864.24116551599,41663.69394985465,42054.90234375,8575600
2023-10-24,42152.70444222384,42641.71493459302,40832.376112827034,42054.90234375,8218500
2023-10-25,42054.903556034486,43228.528771551726,42054.903556034486,42543.9140625,4769400
2023-10-26,41272.48701636905,41468.09122023809,39609.851283482145,41076.8828125,15050000
2023-10-27,41370.289118303575,41565.89332217262,40490.07020089286,41076.8828125,4691100
2023-10-30,40196.66814236111,40832.38187210648,39609.85546875,39609.85546875,4251000
2023-10-31,39512.05143401857,39805.45775654841,36871.39453125,36871.39453125,13210100
2023-11-01,36186.77906873219,36871.39380787037,34328.5390625,34328.5390625,21092800
2023-11-02,35110.95423353041,36577.98574746622,32861.50591216217,36186.77734375,21181700
2023-11-03,36675.78751805199,38338.423218870346,36186.7770178113,38093.91796875,12409700
2023-11-06,38142.81917296321,38142.81917296321,36773.58976675427,37213.69921875,12639800
2023-11-07,37066.996042621075,38582.92859845386,36675.787641115836,37360.40234375,10423200
2023-11-08,37066.99706044823,38729.6328125,35893.371823705806,38729.6328125,19608000
2023-11-09,39609.85029272643,40441.16813837624,39023.037695797146,39414.24609375,12143300
2023-11-10,38876.33863420051,39414.250237944165,38142.822810913705,38534.03125,11053600
2023-11-13,38680.73039550782,39414.24614257813,38191.71989746094,39120.83984375,9192300
2023-11-14,40098.864457831325,41174.687650602405,39903.26024096386,40587.875,15235500
2023-11-15,41468.092556682575,41565.89466176909,40441.170453274164,40979.08203125,10338300
2023-11-16,40587.875,40685.67710843373,39805.45813253012,40587.875,10534200
2023-11-17,40587.87633038949,41565.89744678442,39756.558381453804,40490.07421875,10996900
2023-11-20,39267.54548300709,40734.577070168,39267.54548300709,39658.75390625,7558500
2023-11-21,40587.871189257334,40587.871189257334,39707.65229599633,40001.05859375,5778700
2023-11-22,39903.25934359297,39952.16039671011,38436.22775007852,38925.23828125,14503500
2023-11-23,39120.8403150134,39414.246617376004,36480.18359375,36480.18359375,8073600
2023-11-24,37067.00110449092,37702.71484375,36333.485251499675,37702.71484375,11181000
2023-11-27,37653.81131784539,37702.71237150493,37164.80078125,37164.80078125,5269900
2023-11-28,37213.70183490954,37311.50394222862,36529.087083675986,37164.80078125,6131600
2023-11-29,37311.50503382732,38582.93246617268,37311.50503382732,37947.21875,8518200
2023-11-30,37996.11988636364,38240.62516233766,37653.8125,37653.8125,4030900
2023-12-01,37898.31640625,38142.821673387094,37213.70165826613,37898.31640625,4161100
2023-12-04,38045.01929169274,39560.95193699155,37947.21718554443,39071.94140625,10597400
2023-12-05,39071.938793945315,39218.64194335938,38827.43354492188,39120.83984375,6197600
2023-12-06,39120.84096459096,40147.76303991148,39071.93991338523,40049.9609375,9053800
2023-12-07,40147.76436754131,40196.66542036414,38631.83173003366,39952.16015625,10595000
2023-12-08,39903.257482394365,42054.903719190144,39512.04907570423,41663.6953125,16804000
2023-12-11,41663.69663602942,41712.59768841912,40979.08190257353,41565.89453125,6207500
2023-12-12,41565.89453125,41663.69663602942,41174.68611213235,41565.89453125,5956500
2023-12-13,41859.2996852518,42641.71650179856,40636.77340939748,40783.4765625,10863600
2023-12-14,41174.686307466945,41370.29051795373,40490.07157076322,40685.67578125,6544400
2023-12-15,40685.6773006135,40685.6773006135,39609.854102760735,39854.359375,9350200
2023-12-18,40049.96120383523,40049.96120383523,38631.83070943813,38729.6328125,8699600
2023-12-19,38631.830508148836,40001.05994388069,38338.42420049201,39756.5546875,5738900
2023-12-20,39756.55686173349,41468.09375,39609.85369988207,41468.09375,12451800
2023-12-21,41272.48818508207,41761.498708602,40930.180818618115,41712.59765625,7205700
2023-12-22,41516.99351110537,41712.59772081611,41076.8840392562,41419.19140625,6074600
2023-12-25,41419.191342138045,42739.51975564186,41419.191342138045,41712.59765625,8477900
2023-12-26,41614.79683840749,42201.60948477752,41419.192622950824,41761.5,6768400
2023-12-27,41761.49607095974,42103.803415803675,41614.79292316949,41908.19921875,5243000
2023-12-28,41908.20048453833,42299.40889046167,41859.29943379791,42103.8046875,6371500
2023-12-29,42250.509199766355,42348.31130439544,41712.59762430636,41859.30078125,4181100
2024-01-01,41859.30078125,41859.30078125,41859.30078125,41859.30078125,0
2024-01-02,42152.70981485571,42348.314036734395,41223.58976093198,41516.99609375,7140400
2024-01-03,41468.094835069445,42495.01699490017,41076.886393229164,42250.51171875,6083900
2024-01-04,42250.51171875,42837.324381510414,42054.90749782986,42250.51171875,8516100
2024-01-05,42250.50897947549,43130.72791654789,42054.904771237176,42886.22265625,9042100
2024-01-08,43326.334933810766,43326.334933810766,42250.51171875,42250.51171875,6213200
2024-01-09,42201.60948477752,42250.51053864169,41468.09367681499,41761.5,9017100
2024-01-10,41761.50011094674,41957.10432692307,40979.08324704142,41321.390625,6770700
2024-01-11,41321.39187187132,42201.610870325385,41272.49081640165,41516.99609375,4992900
2024-01-12,40930.18097870674,41663.69676685561,40881.27992616349,40979.08203125,7139700
2024-01-15,41614.79420709499,42348.30996867715,41321.38790246212,41957.1015625,8986100
2024-01-16,41957.102576537814,43424.13413515801,41859.3004726298,43326.33203125,17419100
2024-01-17,43326.33190945156,44597.759256681515,43326.33190945156,43913.14453125,12486000
2024-01-18,43913.1417921892,44842.26171875,43619.73549959106,44842.26171875,8902000
2024-01-19,44988.97003935939,45673.584800827906,44304.35527789088,45037.87109375,10717800
2024-01-22,45086.77082204767,45282.37503385699,44157.65081595341,45135.671875,7235900
2024-01-23,45135.6720470815,45135.6720470815,44255.4530905837,44402.15625,6100600
2024-01-24,44206.55359656531,44451.058870882596,43375.23566388654,43424.13671875,9683400
2024-01-25,43424.13671875,43424.13671875,43424.13671875,43424.13671875,0
2024-01-26,44010.946634883076,44499.957153048446,43766.441375800394,43913.14453125,3781900
2024-01-29,43962.045644443664,44157.649851982904,43521.93617748038,43619.73828125,4128300
2024-01-30,43619.73939977973,44451.05730313877,43521.937293502204,44402.15625,7138200
2024-01-31,44695.563984375,44891.168203125,43668.6418359375,44010.94921875,8743600
2024-02-01,44010.94891436688,45673.584762242965,44010.94891436688,45184.57421875,11303100
2024-02-02,45184.57421875,45184.57421875,45184.57421875,45184.57421875,0
2024-02-05,46456.001326806436,46553.80343486287,45771.38657041139,46358.19921875,7536900
2024-02-06,46456.00274268617,46456.00274268617,45771.38796542553,45966.9921875,5404000
2024-02-07,45918.088619903436,46015.89072559013,45429.07809146996,45575.78125,5707100
2024-02-08,45575.78125,45575.78125,45575.78125,45575.78125,0
2024-02-09,45575.78125,45575.78125,45575.78125,45575.78125,0
2024-02-15,45918.084791609865,45966.98584037623,44842.26171875,44842.26171875,9340100
2024-02-16,45380.177105831535,45575.781317494606,44793.36447084234,45282.375,5001500
2024-02-19,45477.980393629805,46162.595152243586,45135.673014322914,45771.38671875,7504700
2024-02-20,45918.089881310094,45918.089881310094,44988.96985176282,45771.38671875,7870400
2024-02-21,45673.582149877984,45673.582149877984,44988.96742814533,45086.76953125,6479800
2024-02-22,45282.37656077539,45282.37656077539,44206.55335954746,44304.35546875,11202700
2024-02-23,44304.35313387784,44548.858393998584,42984.02472922585,43032.92578125,17637600
2024-02-26,43032.9270011274,43521.93753523112,42103.806986330324,43375.234375,13530900
2024-02-27,43717.54035439944,44206.55087290503,43424.134043296086,43766.44140625,9636200
2024-02-28,44010.94914114239,44842.26706936397,43766.44386813604,44304.35546875,13790900
2024-02-29,45380.17843614719,45966.99108833874,44988.97000135281,45184.57421875,13891900
2024-03-01,45526.88019715666,46260.39598980687,45086.77072156653,45575.78125,15362500
2024-03-04,45575.78235429852,46896.11081306039,45575.78235429852,46358.19921875,16593900
2024-03-05,46553.8040625,48901.0546875,46456.001953125,48901.0546875,22380300
2024-03-06,48901.0523613963,49194.45867556468,47238.41658110883,47629.625,15082600
2024-03-07,47629.62493622449,48167.53651147959,47042.81230867347,47923.03125,9439900
2024-03-08,48167.53947153141,48167.53947153141,45966.99198298429,46700.5078125,20599700
2024-03-11,46455.99891399515,47238.4157378098,45233.47262678475,45380.17578125,13804500
2024-03-12,45135.671741310165,46847.2085895722,45037.86963569519,45722.484375,16650100
2024-03-13,45771.38504119464,47629.625032183314,45771.38504119464,47482.921875,8934000
2024-03-14,47727.42876984127,47923.03298611112,46064.79293154762,46211.49609375,13304100
2024-03-15,46211.49476966737,46651.6042436642,45526.880032338966,46309.296875,8865700
2024-03-18,46162.59538398693,46896.11120046977,44646.662696589054,44891.16796875,12153200
2024-03-19,44988.96754807692,45380.175961538465,44353.253876201925,44499.95703125,8063800
2024-03-20,44597.7611328125,47580.72541910807,44597.7611328125,46945.01171875,20639900
2024-03-21,47434.01953125,47874.128990818295,46945.009020618556,47434.01953125,9096600
2024-03-22,47629.62362366344,48314.23833693992,46945.00891038697,48020.83203125,12080800
2024-03-25,47923.03272192029,49194.46012066511,47238.41796875,47238.41796875,10366400
2024-03-26,47238.41529901079,47825.227911420865,46749.40478866906,47580.72265625,7523200
2024-03-27,47727.427946252465,50270.28271388067,47482.92268013437,49585.66796875,12737300
2024-03-28,49683.47000612745,51052.69949448529,49292.261580882354,49879.07421875,11651700
2024-03-29,49879.0728962818,50857.093933463795,49683.4686888454,49976.875,11812000
2024-04-01,49683.46862840467,51443.90649319066,49585.66652480545,50270.28125,13699100
2024-04-02,49879.074082485466,50465.88671875,48852.151969022525,50465.88671875,12311500
2024-04-03,49879.073082669325,50074.677290836655,48803.249937749,49096.65625,14384300
2024-04-04,48901.053223619325,49585.66796875,47923.03215914694,49585.66796875,13048500
2024-04-05,48901.05315563725,50368.08475030637,48363.14157092524,49879.07421875,8145300
2024-04-08,49879.07578125,49879.07578125,48705.45046875,48901.0546875,6085000
2024-04-09,48901.052763967804,51932.9180353338,48705.44855291193,51639.51171875,19487100
2024-04-10,51737.312680288465,52030.718990384616,50563.68743990385,50857.09375,10159900
2024-04-11,50074.67686424474,51639.51051625239,50074.67686424474,51150.5,6968900
2024-04-12,51150.50006009616,51443.90637019231,50465.885336538464,50857.09375,6665600
2024-04-15,50563.6878757515,50857.09418837675,48412.04158316633,48803.25,16505200
2024-04-16,48412.04158316633,48901.052104208415,47629.624749498995,48803.25,11616300
2024-04-17,49292.25929908907,49292.25929908907,47874.12882322242,48314.23828125,6951200
2024-04-19,48167.535354804204,48216.43640592583,46993.910127885116,47140.61328125,9473100
2024-04-22,48118.63290895062,48314.23710776749,47091.71086516204,47531.8203125,12292300
2024-04-23,48020.83447069528,49194.4597530748,47580.72498980296,48705.44921875,18043000
2024-04-24,49096.65583173996,51150.5,48754.348470363286,51150.5,11530800
2024-04-25,50954.895504182154,52617.53125,50270.28078531598,52617.53125,19317400
2024-04-26,52324.126003244535,53791.15757342896,51835.11547984972,53693.35546875,11864700
2024-04-29,53693.35546875,53693.35546875,53693.35546875,53693.35546875,0
2024-04-30,53693.35546875,53693.35546875,53693.35546875,53693.35546875,0
2024-05-02,54769.17715827338,55551.59397482014,53497.74983138489,54377.96875,21954900
2024-05-03,54475.7734375,55942.80503815081,53791.15869052962,54475.7734375,29616700
2024-05-06,54866.98253242924,57507.639445754714,54573.576208726416,57018.62890625,11257200
2024-05-07,57507.63791104553,58192.25264808178,56236.210542263914,57996.6484375,9460000
2024-05-08,57312.03632614214,57996.65109454315,56920.82788705584,57801.046875,8126500
2024-05-09,57703.24351390068,57898.84772920204,57116.430867996605,57605.44140625,10475400
2024-05-10,57507.63929859932,57703.24351390068,56138.409791489816,57605.44140625,9750700
2024-05-13,57605.441553655655,57605.441553655655,56725.22258254717,57018.62890625,7241900
2024-05-14,57214.232691607736,59659.285370736274,56725.22215578203,58779.06640625,16222000
2024-05-15,59268.07547800164,60735.10704923931,58681.26284950658,59463.6796875,13069600
2024-05-16,59561.48198820952,59757.08619835142,58387.85672735809,58583.4609375,12942100
2024-05-17,58485.65889786074,58974.669423762585,57703.24205641778,58290.0546875,8962800
2024-05-20,58681.265625,60246.099375,58192.255078125,58681.265625,9202200
2024-05-21,59268.07554235537,59952.690276342975,58681.26291322314,59170.2734375,4730800
2024-05-22,59268.076728995904,60246.09779713115,58290.05566086066,59659.28515625,8945300
2024-05-23,59365.8773311492,60637.3046875,58681.262600806454,60637.3046875,8859900
2024-05-24,59854.8881714876,60343.89869576446,57605.43975981405,59170.2734375,13646200
2024-05-27,58779.067734375,59170.276171875004,57898.84875,58681.265625,6367800
2024-05-28,59072.46984247968,61419.720299796754,58779.06353531504,60148.29296875,9931000
2024-05-29,60246.09659090909,60637.30501033057,59170.2734375,59170.2734375,6883200
2024-05-30,58583.46157817476,61419.72265625,57898.846835191085,61419.72265625,14761100
2024-05-31,61419.72376179245,62984.557488207545,61028.515330188675,62202.140625,10260200
2024-06-03,62202.140625,62202.140625,62202.140625,62202.140625,0
2024-06-04,62593.34639498432,62788.95060246865,61713.12746130486,62397.7421875,6569500
2024-06-05,61615.32573084677,61908.73204385081,60246.09627016129,60637.3046875,13778200
2024-06-06,60637.30601272213,61126.316545082795,60246.0975868336,60539.50390625,7071800
2024-06-07,60930.70967315821,61419.72018417874,60441.69916213768,60735.10546875,4298200
2024-06-10,60832.911259920635,61908.734449404765,60637.3070436508,61615.328125,4849000
2024-06-11,61908.73197983547,62006.53408406902,60441.70041633226,60930.7109375,6438600
2024-06-12,61224.11445189274,62495.541748817035,60637.3018533123,62006.53125,5024800
2024-06-13,62299.941339111334,62984.55607910157,61713.12870483399,62593.34765625,7862300
2024-06-14,62593.34920634921,62788.95342261905,61615.328125,61615.328125,8119800
2024-06-17,61419.72152217742,61419.72152217742,59659.28364415323,60637.3046875,9503600
2024-06-18,60735.10804988947,61126.316475331594,59757.086986284165,60832.91015625,7174700
2024-06-19,60539.50104290087,62299.938876135464,60246.09473736177,61908.73046875,7686100
2024-06-20,61810.93351377953,62104.33984375,61126.318743848424,62104.33984375,5638200
2024-06-21,61615.329293799216,63277.96516363189,61028.51663385827,62104.33984375,7135200
2024-06-24,62104.33625252016,62104.33625252016,60148.29416582661,60637.3046875,11379200
2024-06-25,60637.3046875,61321.91941784274,60246.09627016129,60637.3046875,6381000
2024-06-26,61126.318983376594,61810.93375599041,59952.69365889576,61224.12109375,8185600
2024-06-27,60637.3018533123,62202.13544952681,60637.3018533123,62006.53125,8297600
2024-06-28,62203.69354091547,62203.69354091547,60725.0003505609,61513.63671875,6187200
2024-07-01,61710.79444101444,64865.33984375,61119.317178001525,64865.33984375,21785800
2024-07-02,64865.34090909091,65062.5,63780.96590909091,65062.5,9245500
2024-07-03,64963.91973998092,65456.81746183206,64175.28338501909,64569.6015625,7436000
2024-07-04,64766.75849654378,65358.235743087556,63978.122167818736,64175.28125,5861500
2024-07-05,64273.86151867378,64865.33877191311,64076.702434260675,64668.1796875,7939400
2024-07-08,64668.183208955226,66442.61506529851,64668.183208955226,66048.296875,10448700
2024-07-09,66245.4509730539,66245.4509730539,65358.23511180763,65851.1328125,7977800
2024-07-10,65752.55645489838,65851.13599980828,64273.86328125,64273.86328125,10907100
2024-07-11,64471.020218460646,64766.75884331597,63682.38388551312,63879.54296875,8302000
2024-07-12,63879.54296875,64471.020218460646,63189.48617742091,63879.54296875,8736600
2024-07-15,63978.125716854585,64076.705263413685,63189.4893443818,63386.6484375,3694800
2024-07-16,63682.386005752734,64372.44282005655,63189.48828125,63189.48828125,7680700
2024-07-17,63780.966270915356,63780.966270915356,61316.47762057087,62598.01171875,16982000
2024-07-18,62598.00997596154,64076.703125,62499.43043269231,64076.703125,7938100
2024-07-19,64076.702434260675,65358.23648294589,63780.96380764101,64668.1796875,12007200
2024-07-22,64273.86186351455,64471.02094898545,62893.74826521822,64372.44140625,5883400
2024-07-23,64076.7034375,64076.7034375,61119.317125,61612.21484375,9198000
2024-07-24,60724.99893118892,61119.317106066774,57767.612619605046,60527.83984375,15062500
2024-07-25,59147.72797131147,60133.5234375,58851.98933145491,60133.5234375,4903300
2024-07-26,59640.625704405735,60133.5234375,59542.046157786885,60133.5234375,4384000
2024-07-29,60527.83915070565,61513.63457661291,60232.10052293347,61119.31640625,5340200
2024-07-30,61119.31783234127,62302.272371031744,61020.7382874504,62105.11328125,5470300
2024-07-31,62992.32954545455,63583.80681818182,62598.01136363637,62893.75,10333100
2024-08-01,62893.75072966989,62893.75072966989,60626.42115791063,61217.8984375,10605900
2024-08-02,60133.51997217806,62006.53125,59837.78134936407,62006.53125,7605200
2024-08-05,60626.420454545456,61415.05681818182,59443.46590909091,60725.0,11577700
2024-08-06,60922.15697732745,61415.0546875,59739.202472913326,61415.0546875,6419700
2024-08-07,61415.0546875,61612.213771569026,60626.41835122392,61415.0546875,4794900
2024-08-08,61119.318534655446,62006.53444886819,61020.73898863181,61513.63671875,5791600
2024-08-09,61809.37296350991,64865.33877191311,61612.2138790968,64668.1796875,17518100
2024-08-12,64963.91975178303,65851.13565127627,64668.18111861862,65653.9765625,11011200
2024-08-13,65851.13422976012,66245.4523988006,64569.600180378555,65752.5546875,9391000
2024-08-14,65851.13565127627,66048.29474005256,64865.3402073949,65653.9765625,6293000
2024-08-15,65358.2361354799,65456.81567716237,64372.44071865516,64963.91796875,7146900
2024-08-16,65062.49660326087,68512.78051403986,64963.917062952896,68019.8828125,18518500
2024-08-19,68019.8828125,68709.93959465579,67625.56465126811,68019.8828125,6418900
2024-08-20,68019.88354316547,68512.78125,67329.82675359712,68512.78125,8137200
2024-08-21,68414.20525161175,69202.84162338826,67921.30751925144,68808.5234375,8947700
2024-08-22,68709.94106026785,69202.83877232143,68118.46380580356,69005.6796875,5281400
2024-08-23,69005.6796875,69202.83877232143,68315.622890625,69005.6796875,4425700
2024-08-26,69005.68253044413,69794.31890222064,68611.36434455587,68808.5234375,5961000
2024-08-27,68414.20525161175,68808.5234375,66836.93250805874,68808.5234375,14475100
2024-08-28,68709.94175522334,68709.94175522334,67724.14632114553,68414.203125,6602000
2024-08-29,67921.30186098046,68414.1995522793,67625.56324620116,68118.4609375,4226000
2024-08-30,68118.46661219557,68808.5234375,67724.1484263073,68808.5234375,5295100
2024-09-04,67724.14278446093,68709.93816705862,67231.24509316208,68118.4609375,4462400
2024-09-05,67822.72367452136,67921.30321474596,66639.76919182621,66935.5078125,8478300
2024-09-06,66639.76778492647,67034.0859375,65851.1314797794,67034.0859375,8345500
2024-09-09,66738.35440972222,67034.09305555555,66245.45666666667,66541.1953125,3677000
2024-09-10,66541.19106056416,67724.14556830752,66541.19106056416,66836.9296875,6456200
2024-09-11,66836.9296875,66935.50922981194,66146.87289131636,66836.9296875,6804000
2024-09-12,67034.09305555555,67034.09305555555,66245.45666666667,66541.1953125,3872500
2024-09-13,66245.453125,66541.19175502233,65555.39632161458,66245.453125,7126500
2024-09-16,65949.71447144478,66048.29401475038,65062.4985816944,65161.078125,5295500
2024-09-17,65259.65557166916,65851.1328125,64569.59879069985,65851.1328125,8761200
2024-09-18,65949.71590909091,67625.56818181819,65851.13636363637,67231.25,10676700
2024-09-19,67526.98863636363,67526.98863636363,66738.35227272728,67231.25,5280600
2024-09-20,67625.5631663603,67724.14270450367,67034.0859375,67034.0859375,5016600
2024-09-23,67034.088038633,67034.088038633,65851.13354383358,66344.03125,5047700
2024-09-24,66541.19458975771,67822.72870778268,66541.19458975771,67132.671875,6640500
2024-09-25,67526.98934452329,67724.1484375,67034.09161208151,67724.1484375,5446300
2024-09-26,67822.72584187408,68512.7826454978,67329.828125,67329.828125,7182600
2024-09-27,67625.57034722222,67625.57034722222,65851.13847222223,66541.1953125,13131500
2024-09-30,66541.19458975771,67132.671875,65949.71730451542,67132.671875,5927100
2024-10-01,67329.82739905974,67724.14556830752,66836.9296875,66836.9296875,9995700
2024-10-02,66541.18891413204,66935.50707066024,66048.29121847182,66442.609375,7157400
2024-10-03,66442.61327535822,66442.61327535822,64865.340556655356,65358.23828125,14743000
2024-10-04,65555.3959490305,65851.13457737198,65259.657320689,65456.81640625,5272300
2024-10-07,65752.55646092571,66146.87464060143,64963.92010157428,65358.23828125,5548200
2024-10-08,65752.55645489838,65752.55645489838,64076.70419143021,64273.86328125,11008100
2024-10-09,64076.70274776091,64372.4413758275,62696.58915011682,63288.06640625,20847000
2024-10-10,63583.80540865385,64471.02129807693,63189.487235576926,64076.703125,8668600
2024-10-11,64076.70239825582,64372.441024709304,62598.009265988374,63583.8046875,10009100
2024-10-14,63978.12391288325,64076.70345666273,62696.58984375,62696.58984375,8405400
2024-10-15,62992.32884074146,63879.54473990683,62795.16975203804,63485.2265625,12469800
2024-10-16,63485.226574427485,64766.76065124046,63386.647030057255,64569.6015625,13710200
2024-10-17,64865.33984375,64865.33984375,64273.862580737084,64865.33984375,6628300
2024-10-18,64963.92081074011,65161.07990273021,64273.863988774734,64766.76171875,6162200
2024-10-21,64372.442124572575,65062.498931420974,63978.12394923063,64865.33984375,4333000
2024-10-22,65358.23828125,65851.13600584464,64569.60192189857,65358.23828125,9781100
2024-10-23,65161.07990273021,65358.23899472032,64175.28444277968,64766.76171875,6100300
2024-10-24,64471.0234375,65062.50071674312,63978.1257047974,64471.0234375,4641700
2024-10-25,64471.02201812977,65062.49928435115,64076.70384064886,64569.6015625,4951300
2024-10-28,64569.6015625,64668.18110687023,63978.12429627863,64569.6015625,3958700
2024-10-29,64668.182518796995,65555.3984375,64471.02342575188,65555.3984375,9538500
2024-10-30,65555.39772727274,65555.39772727274,64766.76136363637,65062.5,8927400
2024-10-31,65062.50070488722,65555.3984375,64668.182518796995,65555.3984375,6146200
2024-11-01,64963.920454545456,65161.07954545455,64569.60227272727,65062.5,21332900
2024-11-04,64963.917578725035,64963.917578725035,63780.96308563748,64175.28125,9363400
2024-11-05,63978.12289205412,64668.1796875,63879.54334984756,64668.1796875,5272300
2024-11-06,64766.75922970656,64766.75922970656,64076.702434260675,64668.1796875,5415900
2024-11-07,64865.34162366208,64865.34162366208,63879.54615825688,64471.0234375,5244200
2024-11-08,64471.02129807693,64471.02129807693,63583.80540865385,64076.703125,4698600
2024-11-11,63583.8064546131,64076.70417906746,62006.533736359124,62105.11328125,9390500
2024-11-12,62203.69281327097,62302.27235814145,59936.36328125,59936.36328125,10600700
2024-11-13,59936.36328756058,61415.05646077343,59443.4655631563,61020.73828125,7232500
2024-11-14,60626.4208108177,60725.00035685155,59837.7844425469,60429.26171875,4481400
2024-11-15,59936.36435726211,60232.10299718281,58950.56889085977,59049.1484375,6648600
2024-11-18,59049.147004987266,59049.147004987266,56288.91976602292,58063.3515625,12080100
2024-11-19,58161.93145380435,58161.93145380435,56683.23828125,56683.23828125,5338500
2024-11-20,56387.497854313384,57274.71372964349,55204.54335387324,55993.1796875,9752900
2024-11-21,56190.339184944634,58063.35049110946,55697.441472795996,57866.19140625,8166800
2024-11-22,57866.19106197034,58556.24785487288,57570.45243644068,58161.9296875,5804700
2024-11-25,57964.77060381356,58457.668313029666,57767.61152012712,58161.9296875,4568500
2024-11-26,58457.66975260417,59246.30610677083,58161.93111979166,59147.7265625,4370400
2024-11-27,59049.148080616695,60034.943541061046,58654.829896438954,59344.88671875,4937400
2024-11-28,59443.4651953125,59739.203828125,58851.9879296875,59147.7265625,3774500
2024-11-29,59147.72727272727,59640.625,58063.35227272727,59640.625,5587400
2024-12-02,59837.781592766965,59837.781592766965,59049.14526205505,59542.04296875,2789900
2024-12-03,59246.3050337061,59443.464118676835,58753.407321279265,58950.56640625,4019600
2024-12-04,58556.24891082186,58950.56708530551,57176.13530012909,57274.71484375,8857200
2024-12-05,57570.45522540983,60330.6825307377,57274.71658555327,60133.5234375,8615300
2024-12-06,59936.36292962357,61020.737916837155,59640.62429674713,60232.1015625,7825300
2024-12-09,60724.99928396072,60724.99928396072,59936.36292962357,60232.1015625,4410300
2024-12-10,60232.10191586143,60330.68146073191,59640.62464663857,59936.36328125,4226800
2024-12-11,59837.78337239583,59936.362916666665,59049.14701822917,59147.7265625,4821400
2024-12-12,59443.4651953125,59640.624283854166,59049.14701822917,59147.7265625,3772900
2024-12-13,58950.56887807377,60429.26207735656,58753.40978483606,60133.5234375,5596800
2024-12-16,60133.5234375,60527.84162397541,59344.88706454918,60133.5234375,3621300
2024-12-17,60133.521649564675,60133.521649564675,59344.88530006219,59443.46484375,3676200
2024-12-18,59344.88671875,59640.625356883305,59049.148080616695,59344.88671875,4076200
2024-12-19,58950.56640625,59049.145948735364,58556.24823630853,58950.56640625,7103100
2024-12-20,59147.72586633663,59936.362211221116,58753.40769389438,59739.203125,3751400
2024-12-23,59739.205251024585,60232.10298411885,59640.625704405735,60133.5234375,5538600
2024-12-24,60330.68217271615,60429.26171875,59837.7844425469,60429.26171875,3062600
2024-12-25,60429.26066368569,61415.0561068127,60429.26066368569,61316.4765625,6300500
2024-12-26,61513.633841463416,61513.633841463416,59640.62255462398,60626.41796875,6554700
2024-12-27,59739.2034939943,60724.99893118892,59542.044406555375,60527.83984375,6947200
2024-12-30,59640.625704405735,60330.6825307377,59640.625704405735,60133.5234375,4178100
2024-12-31,60034.94389088114,60133.5234375,59640.625704405735,60133.5234375,4520300
2025-01-02,60034.94175433168,60330.68038366336,59443.46449566831,59739.203125,3969400
2025-01-03,59739.204178220985,59837.78372306954,57767.61328125,57767.61328125,6604400
2025-01-06,57570.45345394737,58457.66934621711,56190.33984375,56190.33984375,5409900
2025-01-07,56486.07705095228,56978.974756457974,55598.86118104203,56288.91796875,5532900
2025-01-08,56288.91940754088,57274.71484375,55697.44214581541,57274.71484375,3068200
2025-01-09,57176.13707755633,57176.13707755633,56683.23934412912,56880.3984375,1738300
2025-01-10,56683.23828125,57176.13600543478,56091.761012228264,56683.23828125,3594100
2025-01-13,55796.02132417103,56880.39629690227,55697.44178119546,56486.078125,3791900
2025-01-14,56486.079545454544,56683.23863636364,55796.02272727273,56387.5,2917600
2025-01-15,56584.65766797557,57077.5553828534,55993.180410122164,56486.078125,3242300
2025-01-16,56584.65766797557,57077.5553828534,55993.180410122164,56486.078125,3242300
2025-01-17,56486.080250758234,56978.97798418544,56387.500704072794,56880.3984375,2697800
2025-01-20,56880.397370923914,57077.55646059783,56486.079191576086,56683.23828125,2216200
2025-01-21,56880.3984375,57373.29617092721,56387.500704072794,56880.3984375,3419600
2025-01-22,57077.553952526134,57176.13349303136,56584.65625,56584.65625,3103000
2025-01-23,56486.07851430532,58654.828474714945,56486.07851430532,58359.08984375,5657500
2025-01-24,58359.08881031614,59246.3046875,57767.61155886023,59246.3046875,6757300
2025-01-27,59246.3046875,59246.3046875,59246.3046875,59246.3046875,0
2025-01-28,59246.3046875,59246.3046875,59246.3046875,59246.3046875,0
2025-01-29,59246.3046875,59246.3046875,59246.3046875,59246.3046875,0
2025-01-30,59246.3046875,59246.3046875,59246.3046875,59246.3046875,0
2025-01-31,59246.3046875,59246.3046875,59246.3046875,59246.3046875,0
2025-02-03,58161.92900587249,58753.40625,57669.031302432886,58753.40625,5157500
2025-02-04,59049.144872063756,59049.144872063756,58161.92900587249,58753.40625,3638100
2025-02-05,58753.409090909096,58950.568181818184,58260.51136363637,58556.25,2780100
2025-02-06,58654.82990297166,58753.40944902707,57866.19353452834,58260.51171875,4148800
2025-02-07,58063.3515625,58161.93110674873,56978.976575764005,58063.3515625,6955900
2025-02-10,57471.87211454704,57471.87211454704,56584.65625,56584.65625,5927400
2025-02-11,56584.65872949911,56584.65872949911,55598.86328125,55598.86328125,5986000
2025-02-12,55993.18146054965,56486.0791846742,55598.86328125,55598.86328125,4848400
2025-02-13,55204.54436587591,55204.54436587591,54021.58984375,54021.58984375,11353700
2025-02-14,54317.32670969203,54514.48579030797,53035.79268568841,54415.90625,11169000
2025-02-17,54415.910177911275,54415.910177911275,53331.53515625,53331.53515625,5933200
2025-02-18,53232.95384174312,54218.749283256875,53035.794753440365,53725.8515625,4497600
2025-02-19,53923.011711749554,55303.12535702285,53627.2730734767,55007.38671875,7547500
2025-02-20,55105.96520888448,55894.6015625,54908.8061204806,55894.6015625,6194500
2025-02-21,55993.18077667814,57471.873930991824,55796.02168943632,57274.71484375,10123600
2025-02-24,57274.71449593322,57669.03266802226,56486.07815175514,57570.453125,6243200
2025-02-25,57274.71590909091,57570.45454545455,56584.659090909096,57471.875,7929200
2025-02-26,57471.87323653109,58260.509575968914,56978.975524382455,57866.19140625,4977600
2025-02-27,57866.192826098544,57964.772370947096,57373.2951018558,57767.61328125,3222900
2025-02-28,57176.13636363637,57866.193181818184,56978.97727272727,57471.875,5283200
2025-03-03,57373.29615752551,58260.51207748724,56978.97797087585,57964.7734375,5938000
2025-03-04,57866.191780462184,59049.14629726891,57570.4531512605,58654.828125,6414100
2025-03-05,58950.56533137584,59344.88349412752,58457.667627936244,58753.40625,7188800
2025-03-06,58950.56783875202,61020.73828125,58753.4087489903,61020.73828125,13451900
2025-03-07,60922.15873636914,61119.31782613086,60429.26101196486,61020.73828125,5404100
2025-03-10,61119.317473874595,61415.0561068127,60527.84020799839,61316.4765625,8125200
2025-03-11,60527.84056299603,62302.272371031744,60527.84056299603,62105.11328125,9576900
2025-03-12,62105.11363636364,62105.11363636364,61020.73863636364,61809.375,8817600
2025-03-13,61809.37246570122,61907.95200711382,60330.679344512195,60626.41796875,7327800
2025-03-14,60626.41796875,61415.05430005081,60330.679344512195,60626.41796875,8759800
2025-03-17,60823.577778477826,61119.31640625,60527.83915070565,61119.31640625,3541900
2025-03-18,61316.47441343042,61612.21303600323,60527.83808656958,60922.15625,5349100
2025-03-19,60330.68035714286,60527.83944327731,58161.930409663866,58654.828125,13416400
2025-03-20,58950.567473958334,59147.7265625,58161.93111979166,59147.7265625,4063500
2025-03-21,59147.72621268657,59443.46484375,58556.248950559704,59443.46484375,3129500
2025-03-24,58950.56712531095,59443.46484375,58654.828494247515,59443.46484375,2855200
2025-03-25,59542.045454545456,60429.26136363637,59049.14772727273,59640.625,5513700
2025-03-26,59739.204191509045,60330.68146073191,59640.62464663857,59936.36328125,2416100
2025-03-27,59936.36113410596,59936.36113410596,59147.724803394034,59542.04296875,3190000
2025-03-28,59246.3050337061,59837.782288618306,58063.35052388169,58950.56640625,7228900
2025-03-31,58161.9296875,58359.08877118644,57274.71381091102,58161.9296875,6534800
2025-04-01,57767.61328125,58063.35191579565,56880.39737761305,57767.61328125,5640900
2025-04-02,57767.61434417517,58851.98935746173,57176.13706420068,57964.7734375,7441200
2025-04-03,54317.329903164995,55500.284456409965,53923.01171875,53923.01171875,14956500
2025-04-04,50176.98863636364,52740.05681818182,50176.98863636364,52050.0,28985900
2025-04-08,48501.13743006104,49289.77381103764,48451.84765625,48451.84765625,11930200
2025-04-09,45100.14134290541,48501.13560810811,45100.14134290541,45593.0390625,20206600
2025-04-10,48747.5859375,48747.5859375,48747.5859375,48747.5859375,411300
2025-04-11,50275.566812381854,52148.578125,49881.24864130435,52148.578125,12779000
2025-04-14,54218.75069015018,55796.0234375,53528.69386318463,55796.0234375,15361600
2025-04-15,55204.54301663748,56781.8156742557,54317.327146727235,56288.91796875,12059800
2025-04-16,55796.02060409331,56880.395562830105,54810.22518705986,55993.1796875,9252400
2025-04-17,55105.963812169895,55993.1796875,54810.22518705986,55993.1796875,5398300
2025-04-18,56091.75992548932,56781.81672597864,55401.703125,55401.703125,6353500
2025-04-21,55500.28337174011,55796.02200427158,54514.48792996853,54810.2265625,4632900
2025-04-22,54613.066808464224,56486.078125,51261.36234729494,56486.078125,16304400
2025-04-23,57669.03479751275,58457.67117081207,57373.29615752551,57964.7734375,8393400
2025-04-24,57964.77237751256,59049.147370969426,57570.4541980737,58851.98828125,7681300
2025-04-25,58654.82954545455,59640.625,58556.25,59640.625,10315100
2025-04-28,60034.94140625,61119.31637417898,58753.40735324302,60034.94140625,7707900
2025-04-29,59936.36328125,60232.10191586143,59640.62464663857,59936.36328125,5701400
2025-04-30,59936.36328125,59936.36328125,59936.36328125,59936.36328125,0
2025-05-01,59936.36328125,59936.36328125,59936.36328125,59936.36328125,0
2025-05-02,59936.36328125,59936.36328125,59936.36328125,59936.36328125,0
2025-05-05,59936.36328125,59936.36328125,59936.36328125,59936.36328125,0
2025-05-06,59936.36434426229,60527.84162397541,59147.72797131147,60133.5234375,5099700
2025-05-07,60133.52272727273,60330.68181818182,59246.30681818182,59640.625,4110300
2025-05-08,59049.14560368136,59640.62285513727,58260.50926840682,59246.3046875,7742800
2025-05-09,59246.30575637438,59443.46484375,58063.35123212064,59443.46484375,9463100
2025-05-12,59443.46484375,59443.46484375,59443.46484375,59443.46484375,0
2025-05-13,59837.783736379526,60034.94282612048,59246.30646715666,59936.36328125,6434100
2025-05-14,60330.68216043307,62795.17081077756,60133.52306840551,62598.01171875,17084400
2025-05-15,62893.74716796875,63386.64487304688,62696.5880859375,63090.90625,9926500
2025-05-16,63090.90979782271,63682.38707717729,62105.11433223172,63386.6484375,9777600
2025-05-19,62598.008885645606,63485.22475961538,62203.69071943681,62795.16796875,6532900
2025-05-20,62598.008885645606,63485.22475961538,62203.69071943681,62795.16796875,6532900
2025-05-21,62598.01031805448,64273.8625627898,62400.85123043856,63780.96484375,11898400
2025-05-22,63978.125716854585,63978.125716854585,62696.591611586315,63386.6484375,6780600
2025-05-23,62992.33025126361,63879.546170295485,62696.591611586315,63386.6484375,8712800
2025-05-26,63288.06606104651,64076.70239825582,61513.63430232558,63583.8046875,7017400
2025-05-27,63288.06606104651,64076.70239825582,61513.63430232558,63583.8046875,7017400
2025-05-28,63879.546170295485,63978.125716854585,62598.012065027215,63386.6484375,8162000
2025-05-29,63386.64701814829,64569.60155036879,63090.908385093164,63485.2265625,10272900
2025-05-30,63583.80753061819,63682.38707717729,62499.432518468115,63386.6484375,7333000
2025-06-02,61119.31890368852,61119.31890368852,59147.72797131147,60133.5234375,14330200
2025-06-03,61119.31890368852,61119.31890368852,59147.72797131147,60133.5234375,14330200
2025-06-04,60133.52307441907,61907.954902844554,60133.52307441907,61513.63671875,6563500
2025-06-05,61907.95490925775,61907.95490925775,60232.1026266823,60429.26171875,6679500
2025-06-06,60133.52132293355,61316.47584076175,60133.52132293355,60823.578125,5366600
2025-06-09,59640.625,59837.784090909096,59049.14772727273,59640.625,7249100
2025-06-10,59640.625,59837.784090909096,59049.14772727273,59640.625,7249100
2025-06-11,60133.520261686994,62006.53154852642,59739.202096036584,60626.41796875,10555000
2025-06-12,60626.42010172657,61316.47691589257,60626.42010172657,61020.73828125,4240600
2025-06-13,61612.21625861221,62598.01171875,61217.89807455709,62598.01171875,10592900
2025-06-16,62105.11433223172,63386.6484375,61710.79614599533,63386.6484375,8355900
2025-06-17,62105.11433223172,63386.6484375,61710.79614599533,63386.6484375,8355900
2025-06-18,63485.2265625,63583.806106851705,62893.749296389746,63485.2265625,5183800
2025-06-19,63386.64521806319,64372.44063358517,62696.5884271978,62795.16796875,7677600
2025-06-20,62696.5880859375,63386.64487304688,62203.69038085938,63090.90625,7897700
2025-06-23,62992.32814903846,64076.703125,62302.27134615385,64076.703125,7778400
2025-06-24,62992.32814903846,64076.703125,62302.27134615385,64076.703125,7778400
2025-06-25,64865.34090909091,64963.920454545456,63978.125,63978.125,8021100
2025-06-26,63879.54403846154,64273.862211538464,63583.80540865385,64076.703125,6367900
2025-06-27,64076.70239825582,64372.441024709304,63288.06606104651,63583.8046875,5205000
2025-06-30,65259.6583730916,65358.23791746183,64471.02201812977,64569.6015625,5031900
2025-07-01,65259.6583730916,65358.23791746183,64471.02201812977,64569.6015625,5031900
2025-07-02,64569.600109011626,64865.33873546511,63386.64560319768,63583.8046875,7109600
2025-07-03,63583.80434389468,64175.28159360532,63386.645260657795,63879.54296875,5786300
2025-07-04,63780.966611716365,65653.97799598624,63780.966611716365,64471.0234375,12680700
2025-07-07,65653.97798402255,65851.13707706767,64865.34161184211,65555.3984375,6683300
2025-07-08,65653.97798402255,65851.13707706767,64865.34161184211,65555.3984375,6683300
2025-07-09,65653.97586495536,66344.03266834078,65062.49860491072,66245.453125,8520700
2025-07-10,66541.19247368907,66738.3515625,65851.13566285081,66738.3515625,7522700
2025-07-11,67034.0859375,67428.40409007353,66344.02917049632,67034.0859375,6943600
2025-07-14,66935.50786911232,68019.8828125,65456.81476449275,68019.8828125,8671000
2025-07-15,66935.50786911232,68019.8828125,65456.81476449275,68019.8828125,8671000
2025-07-16,68414.20454545454,70385.79545454546,68315.625,68315.625,10076100
2025-07-17,68217.04334821428,69005.6796875,67526.98655133929,69005.6796875,6383800
2025-07-18,68808.52132092198,69794.31675531915,68611.36223404255,69498.578125,6844300
2025-07-21,69991.47511160714,69991.47511160714,68217.04334821428,69005.6796875,7601100
2025-07-22,69991.47511160714,69991.47511160714,68217.04334821428,69005.6796875,7601100
2025-07-23,69005.68181818182,69400.0,68019.88636363637,69400.0,7908200
2025-07-24,70800.0,71000.0,70000.0,70500.0,7547700
2025-07-25,70000.0,70000.0,68800.0,69500.0,6607100
2025-07-28,70600.0,71000.0,69600.0,70200.0,9571200
2025-07-29,70600.0,71000.0,69600.0,70200.0,9571200
2025-07-30,70200.0,70200.0,66400.0,66600.0,18358200
2025-07-31,67500.0,67900.0,66100.0,67100.0,13161600
2025-08-01,67200.0,67800.0,65200.0,65300.0,14552200
2025-08-04,65200.0,67000.0,65200.0,67000.0,8211500
2025-08-05,65200.0,67000.0,65200.0,67000.0,8211500
2025-08-06,67300.0,69500.0,66000.0,69300.0,15697200
2025-08-07,68900.0,72400.0,68500.0,72400.0,18002400
2025-08-08,72700.0,72800.0,71600.0,72400.0,8095800
2025-08-11,72000.0,73700.0,71700.0,72100.0,10677600
2025-08-12,72000.0,73700.0,71700.0,72100.0,10677600
2025-08-13,72300.0,72500.0,71000.0,72200.0,7809000
2025-08-14,72500.0,72500.0,70000.0,70900.0,11739600
2025-08-15,71000.0,71900.0,70100.0,71900.0,9930500
2025-08-18,70600.0,71000.0,69200.0,70000.0,8199100
2025-08-19,70600.0,71000.0,69200.0,70000.0,8199100
2025-08-20,70000.0,70000.0,68000.0,68000.0,14132300
2025-08-21,68500.0,70700.0,68100.0,69400.0,11461600
2025-08-22,69400.0,71600.0,69200.0,71000.0,12495000
2025-08-25,70300.0,70600.0,68600.0,68800.0,6387100
2025-08-26,70300.0,70600.0,68600.0,68800.0,6387100
2025-08-27,69000.0,73600.0,68600.0,73600.0,16810900
2025-08-28,75000.0,76600.0,74600.0,75000.0,12565000
2025-08-29,75000.0,77300.0,74500.0,77300.0,11875600
2025-09-01,77300.0,77300.0,77300.0,77300.0,0
2025-09-02,77300.0,77300.0,77300.0,77300.0,0
2025-09-03,76900.0,77600.0,75700.0,75800.0,8068800
2025-09-04,76900.0,77600.0,75700.0,75800.0,8068800
2025-09-05,76000.0,77500.0,73900.0,77500.0,12031500
2025-09-08,74500.0,76800.0,74000.0,74000.0,13715000
2025-09-09,74500.0,76800.0,74000.0,74000.0,13715000
2025-09-10,74600.0,76000.0,73700.0,76000.0,6933700
2025-09-11,75600.0,76300.0,74500.0,75500.0,7770800
2025-09-12,75400.0,79400.0,74000.0,78800.0,18120100
2025-09-15,79000.0,79600.0,78100.0,79500.0,8395500
2025-09-16,79000.0,79600.0,78100.0,79500.0,8395500
2025-09-17,79600.0,81400.0,78900.0,80300.0,8927700
2025-09-18,79800.0,81100.0,78000.0,78000.0,8298600
2025-09-19,78000.0,78500.0,76700.0,78500.0,8718800
2025-09-22,77900.0,77900.0,76000.0,76500.0,8126100
2025-09-23,77900.0,77900.0,76000.0,76500.0,8126100
2025-09-24,76800.0,78200.0,76300.0,77800.0,4466900
2025-09-25,77700.0,79200.0,77100.0,79200.0,4391900
2025-09-26,78800.0,79000.0,78100.0,79000.0,5302400
2025-09-29,77900.0,77900.0,76600.0,77000.0,6021900
2025-09-30,77900.0,77900.0,76600.0,77000.0,6021900
2025-10-01,76800.0,77800.0,76200.0,77700.0,7817600
2025-10-02,77500.0,78300.0,77200.0,77700.0,4989600
2025-10-03,77800.0,78500.0,76900.0,77100.0,4725900
2025-10-06,78400.0,78700.0,77200.0,77600.0,9452100
2025-10-07,78400.0,78700.0,77200.0,77600.0,9452100
2025-10-08,78000.0,79500.0,77500.0,78000.0,7199900
2025-10-09,79000.0,81300.0,78500.0,80800.0,17337700
2025-10-10,80800.0,81900.0,80500.0,81500.0,7782900
2025-10-13,81200.0,83000.0,81000.0,83000.0,7962500
2025-10-14,81200.0,83000.0,81000.0,83000.0,7962500
2025-10-15,83900.0,85000.0,82400.0,84200.0,12093100
2025-10-16,84000.0,84700.0,83000.0,83300.0,5687400
2025-10-17,83300.0,84800.0,83000.0,84500.0,6629400
2025-10-20,87000.0,87900.0,79800.0,80900.0,14226400
2025-10-21,87000.0,87900.0,79800.0,80900.0,14226400
2025-10-22,82300.0,83000.0,80500.0,83000.0,12062300
2025-10-23,83000.0,84500.0,81600.0,84500.0,8203100
2025-10-24,86000.0,86800.0,84600.0,85700.0,9156600
2025-10-27,85700.0,85700.0,81000.0,81000.0,9884200
2025-10-28,85700.0,85700.0,81000.0,81000.0,9884200
2025-10-29,80900.0,84400.0,80400.0,84200.0,8277300
2025-10-30,83000.0,84400.0,83000.0,84100.0,5076100
2025-10-31,84200.0,84400.0,83500.0,83900.0,5652200
2025-11-03,83000.0,83300.0,81000.0,81000.0,6146600
2025-11-04,80900.0,82000.0,78500.0,81800.0,13681700
2025-11-05,80900.0,82000.0,78500.0,81800.0,13681700
2025-11-06,80300.0,81000.0,78800.0,80300.0,4495500
2025-11-07,79600.0,80500.0,75500.0,76500.0,8643300
2025-11-10,76300.0,79300.0,76300.0,76800.0,7274200
2025-11-11,77500.0,79100.0,77500.0,78000.0,5881500
2025-11-12,78000.0,80500.0,77900.0,80500.0,5083400
2025-11-13,80100.0,80500.0,79500.0,80100.0,3798700
2025-11-14,79200.0,82000.0,79200.0,81400.0,3951700
2025-11-17,81200.0,82400.0,81200.0,82400.0,4514700
2025-11-18,82500.0,83200.0,81900.0,83000.0,4417900
2025-11-19,83000.0,83200.0,81600.0,82400.0,6064700
2025-11-20,82300.0,82300.0,80800.0,81000.0,5080700
2025-11-21,80400.0,80400.0,78100.0,80000.0,8331600
2025-11-24,80300.0,80400.0,79200.0,79300.0,4147400
2025-11-25,79000.0,79800.0,78500.0,78500.0,4223700
2025-11-26,78500.0,80200.0,78500.0,80200.0,4735000
2025-11-27,80000.0,80100.0,79500.0,80000.0,3506200
2025-11-28,80000.0,80100.0,79200.0,79900.0,3026700
2025-12-01,79700.0,80100.0,79500.0,80000.0,2955600
2025-12-02,79800.0,80100.0,79300.0,80000.0,3953000
2025-12-03,80200.0,85500.0,80200.0,84700.0,15177100
2025-12-04,80200.0,85500.0,80200.0,84700.0,15177100
2025-12-05,85700.0,85700.0,84100.0,85100.0,6818100
2025-12-08,84300.0,85100.0,83500.0,84900.0,4614500
2025-12-09,84500.0,84500.0,82500.0,84000.0,6672700
2025-12-10,83200.0,84400.0,82500.0,83000.0,4887900
2025-12-11,83000.0,83600.0,82300.0,82300.0,3015900
2025-12-12,82300.0,82300.0,78500.0,78500.0,8896500
2025-12-15,78400.0,79200.0,77600.0,77700.0,5323900
2025-12-16,77800.0,82000.0,77500.0,82000.0,7552000
2025-12-17,81900.0,83000.0,80800.0,81900.0,4829800
2025-12-18,81900.0,83000.0,80800.0,81900.0,4829800
2025-12-19,81500.0,83000.0,81300.0,82900.0,5439900
2025-12-22,82700.0,85000.0,82700.0,85000.0,7856400
2025-12-23,85000.0,88000.0,84900.0,87500.0,13817800
2025-12-24,87600.0,88000.0,87000.0,88000.0,6357400
2025-12-25,87600.0,88000.0,87000.0,88000.0,6357400
2025-12-26,84200.0,87000.0,82600.0,87000.0,9310200
2025-12-29,86200.0,87700.0,86100.0,87100.0,6228800
2025-12-30,87000.0,88500.0,86600.0,88500.0,7753100
2025-12-31,88000.0,88400.0,87600.0,88400.0,4804600
2026-01-01,88400.0,88400.0,88400.0,88400.0,0
2026-01-02,88400.0,88400.0,88400.0,88400.0,0
2026-01-05,87900.0,88200.0,85800.0,87400.0,5947300
2026-01-06,86800.0,89300.0,86800.0,88800.0,6390700
2026-01-07,89000.0,89900.0,88300.0,89800.0,4998000
2026-01-08,89800.0,89800.0,86200.0,87500.0,10543900
2026-01-09,86400.0,87500.0,85600.0,86000.0,6472200
2026-01-12,86000.0,87500.0,85000.0,87500.0,8471500
2026-01-13,87500.0,88700.0,86200.0,87100.0,6657100
2026-01-14,87100.0,87300.0,85100.0,86000.0,6951400
2026-01-15,85000.0,86900.0,84000.0,84000.0,7636600
2026-01-16,83800.0,87400.0,83800.0,87000.0,7671600
2026-01-19,87400.0,87400.0,85500.0,86700.0,3055300
2026-01-20,86700.0,88300.0,86000.0,86000.0,6841300
2026-01-21,85900.0,85900.0,84400.0,85400.0,5383600
2026-01-22,85000.0,86600.0,85000.0,86500.0,5450600
2026-01-23,86600.0,87700.0,85800.0,85800.0,6722800
2026-01-26,85800.0,85900.0,83900.0,84100.0,6030600
2026-01-27,84200.0,85800.0,84000.0,85000.0,5418600
2026-01-28,84900.0,85800.0,84300.0,85500.0,6085200
2026-01-29,85700.0,89500.0,85300.0,89500.0,15892000
2026-01-30,90000.0,93400.0,89800.0,92900.0,20845900
2026-02-02,93100.0,93900.0,90500.0,93700.0,13866200
2026-02-03,94400.0,94400.0,91500.0,91500.0,10130300
2026-02-04,91500.0,91900.0,90600.0,91800.0,7656400
2026-02-05,91700.0,91800.0,90200.0,90200.0,5643400
2026-02-06,89700.0,89900.0,86000.0,88400.0,13814700
2026-02-09,89000.0,90000.0,88500.0,89300.0,5452400
2026-02-10,89700.0,89700.0,87800.0,89300.0,5950600
2026-02-11,89500.0,91900.0,89300.0,91900.0,8987000
2026-02-12,92500.0,93900.0,91100.0,92900.0,7890300
2026-02-13,91900.0,93200.0,91500.0,92800.0,5511500
2026-02-16,92800.0,92800.0,92800.0,92800.0,0
2026-02-17,92800.0,92800.0,92800.0,92800.0,0
2026-02-18,92800.0,92800.0,92800.0,92800.0,0
2026-02-19,92800.0,92800.0,92800.0,92800.0,0
2026-02-20,92800.0,92800.0,92800.0,92800.0,0
2026-02-23,92900.0,93100.0,91100.0,92000.0,5003100
2026-02-24,91600.0,92200.0,90500.0,92200.0,6601300
2026-02-25,92200.0,94100.0,92000.0,93000.0,8132700
2026-02-26,93000.0,94300.0,92500.0,93600.0,5011100
2026-02-27,93700.0,93900.0,92600.0,93100.0,5224300
2026-03-02,91800.0,92200.0,90000.0,90000.0,10738700
2026-03-03,91800.0,92200.0,90000.0,90000.0,10738700
2026-03-04,87100.0,88800.0,83800.0,88800.0,13414100
2026-03-05,88900.0,89000.0,85200.0,85200.0,11270500
2026-03-06,84800.0,84800.0,81700.0,82700.0,13359400
2026-03-09,77000.0,77000.0,77000.0,77000.0,4983800
2026-03-10,79000.0,81800.0,77400.0,81000.0,21042400
2026-03-11,81000.0,86600.0,80500.0,86500.0,17339300
2026-03-12,84000.0,86500.0,83100.0,84600.0,10104500
2026-03-13,84500.0,84500.0,82000.0,82000.0,6260000
2026-03-16,81900.0,82200.0,80400.0,80600.0,5282300
2026-03-17,81500.0,83800.0,81500.0,82700.0,3811100
2026-03-18,82800.0,84300.0,82400.0,83700.0,4304400
2026-03-19,82000.0,82600.0,81400.0,82400.0,7916000
2026-03-20,82100.0,82100.0,79700.0,79700.0,6488600
2026-03-23,78000.0,78100.0,74200.0,74200.0,17473900
2026-03-24,76600.0,76800.0,75000.0,76000.0,7903300
2026-03-25,77000.0,79500.0,76800.0,79200.0,7550200
2026-03-26,78000.0,78900.0,77400.0,78500.0,7066800
2026-03-27,78600.0,81800.0,78200.0,81000.0,7595000
2026-03-30,78900.0,80800.0,78600.0,80800.0,6027600
2026-03-31,80800.0,82100.0,80500.0,81800.0,6582900
2026-04-01,83000.0,83900.0,81800.0,82400.0,5736600
2026-04-02,81800.0,81800.0,80000.0,81800.0,5675700
2026-04-03,81500.0,81500.0,79200.0,79300.0,6903100
2026-04-06,78300.0,79300.0,77600.0,78300.0,6411000
2026-04-07,78400.0,78800.0,76600.0,78000.0,3806200
2026-04-08,80600.0,82000.0,79900.0,81900.0,10192500
2026-04-09,80900.0,82000.0,80700.0,80700.0,3649300
2026-04-10,81300.0,82200.0,81000.0,81500.0,4667000
2026-04-13,80800.0,81300.0,79800.0,81300.0,4806700
2026-04-14,82100.0,82700.0,81400.0,81600.0,4600700
2026-04-15,82000.0,82000.0,80000.0,80000.0,3798700
2026-04-16,80200.0,82000.0,80200.0,81300.0,5775900
2026-04-17,82600.0,86900.0,82500.0,86900.0,15089000
2026-04-20,87500.0,88500.0,86400.0,87300.0,10168300
2026-04-21,87400.0,87400.0,85600.0,85600.0,7226400
2026-04-22,85400.0,86400.0,84800.0,86400.0,9172200
2026-04-23,86400.0,86800.0,84300.0,84500.0,5417100
2026-04-24,84500.0,85200.0,83500.0,83500.0,4634400
2026-04-27,83500.0,83500.0,83500.0,83500.0,0
2026-04-28,83700.0,85900.0,83700.0,85600.0,5380700
2026-04-29,85000.0,85700.0,84000.0,84000.0,4897200
2026-04-30,84000.0,84000.0,84000.0,84000.0,0
2026-05-01,84000.0,84000.0,84000.0,84000.0,0
2026-05-04,84700.0,85400.0,83400.0,84900.0,6372100
2026-05-05,84600.0,85400.0,84100.0,84800.0,4720200
2026-05-06,85200.0,86400.0,84900.0,86000.0,6696800
2026-05-07,86200.0,87400.0,86000.0,86000.0,6344700
2026-05-08,85700.0,85900.0,84600.0,84600.0,4605300
2026-05-11,84300.0,85200.0,83500.0,83500.0,5716900
2026-05-12,83500.0,84300.0,82600.0,83800.0,4934800
2026-05-13,84000.0,84300.0,82700.0,83700.0,3536900
2026-05-14,83700.0,84600.0,83200.0,84200.0,4001800
2026-05-15,84500.0,84600.0,82000.0,82000.0,6691900
2026-05-18,82000.0,82000.0,79000.0,79000.0,11953700
2026-05-19,79200.0,79700.0,78100.0,78200.0,7953500
2026-05-20,78200.0,78800.0,74200.0,77200.0,8786000
2026-05-21,78200.0,79500.0,77700.0,79500.0,6597700
2026-05-22,80200.0,81000.0,79100.0,79400.0,6083900
2026-05-25,80100.0,80100.0,78400.0,78700.0,2510300
2026-05-26,79000.0,79400.0,78300.0,78500.0,2518800
2026-05-27,79100.0,80400.0,78800.0,80000.0,4631100
2026-05-28,80000.0,80300.0,77700.0,77700.0,4026400
2026-05-29,77700.0,78300.0,75800.0,76300.0,7834500
2026-06-01,76500.0,79100.0,76500.0,79100.0,3799400
2026-06-02,79400.0,79400.0,77500.0,77900.0,2969500
