Date,Open,High,Low,Close,Volume
2021-06-04,44390.7675420181,44390.7675420181,43752.053939312056,43911.73046875,185220
2021-06-07,43911.7394902536,43943.677796684504,43209.1528859423,43464.640625,2054100
2021-06-08,43464.640625,43464.640625,43464.640625,43464.640625,0
2021-06-09,43432.695684993094,43911.73278351316,43113.3388668055,43560.44140625,2219700
2021-06-10,43113.3449106153,43752.062379005925,43113.3449106153,43209.15234375,2037300
2021-06-11,43177.210189748075,43752.0546875,43145.27188933262,43752.0546875,2492400
2021-06-14,44071.41309715031,44326.90079737986,43688.18341804465,44103.34765625,2222700
2021-06-15,44103.3456778343,44390.76792427018,43911.73084687706,44039.4765625,1312500
2021-06-16,44007.5386359605,44007.5386359605,43592.37441285429,43752.0546875,1498800
2021-06-17,43592.37562085138,45955.626535701325,43432.69534178074,44390.76953125,3853500
2021-06-18,44869.80410490125,45189.16464509875,44710.1275772796,45029.484375,1154700
2021-06-21,44901.74931312184,46594.34471819246,44901.74931312184,46562.41015625,3539700
2021-06-22,46626.27734375,46690.146459855954,44550.448735807775,46626.27734375,2210700
2021-06-23,46370.792187499996,46466.599609375,45987.5625,45987.5625,1331100
2021-06-24,45955.62794020081,46626.2798933258,45923.689637924195,45987.5625,1183200
2021-06-25,45987.56132567849,46306.91814294771,45827.881045805225,45891.75390625,2151600
2021-06-28,46147.240844249296,46626.277933488986,45891.753149162374,46466.59765625,2009100
2021-06-29,46466.59574298469,47105.31308316414,46306.91547232056,46945.6328125,1670100
2021-06-30,46945.63803079672,49149.20879550759,46945.63803079672,48542.4296875,3664500
2021-07-01,48542.426159015595,48702.10269334498,48063.38907107293,48255.00390625,2181600
2021-07-02,48223.06455530512,50139.212865350055,48223.06455530512,50075.34375,2892000
2021-07-05,50075.34375,50075.34375,50075.34375,50075.34375,0
2021-07-06,50075.34375,50075.34375,50075.34375,50075.34375,0
2021-07-07,50075.34375,50075.34375,50075.34375,50075.34375,0
2021-07-08,50075.34375,50075.34375,50075.34375,50075.34375,0
2021-07-09,54961.526178032604,57452.519173141336,54865.71875514381,56366.69921875,3036600
2021-07-12,56366.69921875,56366.69921875,56366.69921875,56366.69921875,0
2021-07-13,56941.541771291995,56941.541771291995,54929.58596075727,55887.66015625,1954200
2021-07-14,55887.66015625,55887.66015625,55887.66015625,55887.66015625,0
2021-07-15,52662.147856932934,54610.23086849192,52055.36501896473,53364.734375,3312300
2021-07-16,53364.734375,53364.734375,53364.734375,53364.734375,0
2021-07-19,51512.457794206304,52055.3640167007,49979.5390625,49979.5390625,5604000
2021-07-20,50458.57657075304,52566.33984375,49979.53946325373,52566.33984375,3159600
2021-07-21,53013.44182229778,53205.0566767669,51767.945268248484,52183.11328125,1560600
2021-07-22,51895.68635702621,53779.896429095184,51672.133218492585,52757.953125,2946300
2021-07-23,52087.301758179674,52757.95369608552,51416.64982027383,51640.19921875,3671700
2021-07-26,51225.03986709835,51416.65472477767,50426.642131782704,51193.1015625,3419400
2021-07-27,51736.005198378036,51736.005198378036,50139.21366698507,50458.57421875,4432200
2021-07-28,50394.70173767948,51256.96849744966,49851.79178959102,50171.15234375,1367100
2021-07-29,51033.42186439636,51991.49609375,49819.85992638927,51991.49609375,3953400
2021-07-30,51576.324068625836,52662.143938686786,50937.61046062463,52406.65625,5337600
2021-08-02,52374.727289804316,55089.26977011454,52215.04699949987,54258.9375,4898400
2021-08-03,54258.9375,54290.87580354743,53652.158384807204,54258.9375,2606700
2021-08-04,54258.9375,54258.9375,54258.9375,54258.9375,0
2021-08-05,54163.12924918537,55664.11347624382,53971.51440073014,55248.94921875,2969400
2021-08-06,55248.95120082368,56047.3451838706,54769.9140625,54769.9140625,3098100
2021-08-09,54610.228365268726,55632.1754067311,54131.19127434532,55504.4296875,1914000
2021-08-10,55504.4296875,55504.4296875,55504.4296875,55504.4296875,0
2021-08-11,55568.3033385782,57260.902331441124,55121.20079985582,55887.66015625,5012400
2021-08-12,55408.62578815486,55887.66290950051,54290.875,54290.875,3516300
2021-08-13,54131.193359375,54610.23046875,53460.54140625,54610.23046875,3350400
2021-08-16,54769.911146540835,54929.58768916242,53652.156635802465,54322.80859375,3089400
2021-08-17,54322.80859375,54322.80859375,54322.80859375,54322.80859375,0
2021-08-18,53971.51116192786,55408.622439101775,53843.76918478261,55089.265625,2593800
2021-08-19,55089.265625,55089.265625,54131.19144021739,55089.265625,2357100
2021-08-20,54929.58462022896,54929.58462022896,52374.72265625,52374.72265625,6111900
2021-08-23,52055.36101333937,52374.72155900409,50458.57325492439,50490.5078125,4857900
2021-08-24,50714.06266411184,51863.751770420255,50490.513252044395,51256.97265625,3182700
2021-08-25,51416.655475836575,52374.72977822808,51129.23318511913,51576.33203125,1800300
2021-08-26,52342.7869035492,52502.4671875,51608.2658308258,51736.0078125,1848600
2021-08-27,51799.8812626872,52662.14806935198,51799.8812626872,52534.40234375,4008600
2021-08-30,53464.78355631216,54042.26096646135,53224.16796875,53224.16796875,2533800
2021-08-31,53416.66015625,53416.66015625,52935.42898367117,53416.66015625,1258200
2021-09-01,53079.798899018824,53416.66072340063,52406.07525025521,53031.67578125,1340800
2021-09-02,53031.67578125,53031.67578125,53031.67578125,53031.67578125,0
2021-09-03,53031.67578125,53031.67578125,53031.67578125,53031.67578125,0
2021-09-06,53416.66015625,53464.78327350788,53176.044569960584,53416.66015625,2243400
2021-09-07,53609.15115027199,53657.2742662058,52935.427527198546,53079.796875,1788000
2021-09-08,53079.796875,53079.796875,53079.796875,53079.796875,0
2021-09-09,53801.6417025862,57218.3828125,53609.14924568965,57218.3828125,5089600
2021-09-10,57266.50592672414,57410.87526939655,56352.166756465514,57218.3828125,1844200
2021-09-13,57218.38819375,60153.8984375,57170.265074999996,60153.8984375,4535200
2021-09-14,59672.6656626506,60057.65060240964,58758.32643072289,59913.28125,2146200
2021-09-15,59432.04806944723,60153.89480713283,59095.18625852729,59961.40234375,1457600
2021-09-16,59913.283857327064,59913.283857327064,59095.19082473705,59480.17578125,1556600
2021-09-17,59480.17229420732,59672.664761178865,58806.44865980691,59191.43359375,1838400
2021-09-20,60105.77281186484,61116.358263465445,58421.463725863825,59191.43359375,2740600
2021-09-21,59191.43359375,59191.43359375,59191.43359375,59191.43359375,0
2021-09-22,59191.43359375,59191.43359375,59191.43359375,59191.43359375,0
2021-09-23,60875.744140625,64196.23927556819,60875.744140625,63522.515625,5183200
2021-09-24,63618.76096144636,64484.977071360154,62800.66796875,62800.66796875,263760000
2021-09-27,62078.818452380954,62078.818452380954,60635.125,60635.125,7476400
2021-09-28,59961.40284012431,61116.35762998224,59624.54102641575,60971.98828125,2689400
2021-09-29,61020.11257824726,61838.20557022692,61020.11257824726,61501.34375,2417600
2021-09-30,61501.34375,62078.82115610329,60971.989461071986,61501.34375,2088800
2021-10-01,61116.356013520206,61501.34093329041,60635.124863807454,60731.37109375,2173200
2021-10-04,60153.893714094695,60731.37109375,59335.800759583006,60731.37109375,438000000
2021-10-05,60635.128339412455,61020.11328125,60202.02027984523,61020.11328125,1878600
2021-10-06,61020.11328125,61020.11328125,61020.11328125,61020.11328125,0
2021-10-07,61260.73190917969,61741.963110351564,61260.73190917969,61597.59375,1932000
2021-10-08,61597.59375,61597.59375,61597.59375,61597.59375,0
2021-10-11,61597.59375,61597.59375,61597.59375,61597.59375,0
2021-10-12,62319.43952261544,63907.502460257376,62319.43952261544,63570.640625,4564000
2021-10-13,63666.8855751727,64581.22482379574,63570.639338475536,64436.85546875,3785200
2021-10-14,64436.85546875,64436.85546875,64436.85546875,64436.85546875,0
2021-10-15,64244.36604571847,64340.61228698546,63522.519236216016,63715.01171875,1654800
2021-10-18,63715.01171875,63715.01171875,63715.01171875,63715.01171875,0
2021-10-19,62511.92591677911,63041.28017781419,62126.940999662685,62415.6796875,2302000
2021-10-20,62511.93214855844,63041.28646236455,61597.59287925696,62175.0703125,2667800
2021-10-21,62175.063988681104,62560.048905019685,61116.35546875,61116.35546875,2943400
2021-10-22,61741.95947724823,61790.0825945337,61164.48206982268,61405.09765625,1851400
2021-10-25,61405.09765625,61405.09765625,61405.09765625,61405.09765625,0
2021-10-26,61405.09765625,61405.09765625,61405.09765625,61405.09765625,0
2021-10-27,61405.09765625,61405.09765625,61405.09765625,61405.09765625,0
2021-10-28,63185.65379971591,63763.13121448864,61838.206498579544,63522.515625,2378800
2021-10-29,63281.89655274923,63474.38901374619,62993.1578612538,63233.7734375,2688800
2021-11-01,63233.7734375,63233.7734375,63233.7734375,63233.7734375,0
2021-11-02,61838.20604190724,62030.6985120766,61838.20604190724,62511.9296875,1733600
2021-11-03,62030.69342609667,62560.04767565994,61356.9698357434,61982.5703125,2810000
2021-11-04,61838.20604190724,62848.79151029638,61597.59045419553,62511.9296875,1900200
2021-11-05,64003.74680397727,64003.74680397727,63041.28444602273,63522.515625,3271600
2021-11-08,63522.511991831314,64003.74314328458,63330.01953125,63330.01953125,2252600
2021-11-09,63426.26686899039,63522.51310096154,62560.05078125,62560.05078125,2097800
2021-11-10,62560.04782557035,63281.89453125,62319.43225701046,63281.89453125,1530800
2021-11-11,63281.90176504629,65447.44212962963,62800.670572916664,64966.2109375,8882800
2021-11-12,65447.4296875,65447.4296875,64436.844376148896,65447.4296875,2369600
2021-11-15,65591.80837517933,67324.24058464849,65591.80837517933,67083.625,5263000
2021-11-16,66409.90436910804,66891.13556018854,65447.441986947066,66361.78125,2981200
2021-11-17,66265.5350117839,66409.90436910804,65543.68822516316,66361.78125,1724400
2021-11-18,66554.26321942447,68094.20278776978,65832.41654676259,66891.125,4264800
2021-11-19,67372.35611510792,67853.58723021582,65447.43165467626,66891.125,2756000
2021-11-22,67372.36426767676,67564.85673701299,66409.90192099568,66698.640625,2230200
2021-11-23,66698.63762019231,69297.28583916085,66458.02204436189,68816.0546875,3852400
2021-11-24,68816.05788845486,69297.2890625,67997.96489257812,69297.2890625,2975000
2021-11-25,69345.40759698275,69778.515625,68575.43776939655,69778.515625,1691400
2021-11-26,69682.2738074205,70019.13562831272,68094.2109375,68094.2109375,2524800
2021-11-29,66843.01273295455,67709.22888068181,66121.16594318181,66169.2890625,4740000
2021-11-30,66650.51534939704,67324.23897025739,65880.54549698524,66843.0078125,2178200
2021-12-01,65688.05303388229,67372.36208603311,65495.56057077934,66843.0078125,2992800
2021-12-02,66794.89591697081,66794.89591697081,65832.43343978103,65928.6796875,1231800
2021-12-03,65591.81060100655,65928.67243094569,64244.36328125001,64244.36328125,2104200
2021-12-06,64244.35885773401,64244.35885773401,61068.23325128424,63233.7734375,3346400
2021-12-07,63233.777791432585,64244.36328125001,63233.777791432585,64244.36328125,1327200
2021-12-08,64292.48611370425,64966.20977058439,64003.74740361277,64436.85546875,1377400
2021-12-09,64436.85344566232,64966.20773087687,64244.36097831157,64484.9765625,1384600
2021-12-10,64051.86650295955,64918.082578882364,64003.7433876305,64533.09765625,1414200
2021-12-13,64677.46645663454,64918.08203124999,64484.97399694218,64918.08203125,1291800
2021-12-14,64821.83351989475,65447.43399187592,64244.35616114291,65158.6953125,1329600
2021-12-15,65158.70471164459,65447.44343267108,64484.98102924945,65399.3203125,1202200
2021-12-16,65447.439184131734,65447.439184131734,64292.484375,64292.484375,1619000
2021-12-17,64292.48568773234,64966.2093401487,64051.87009758364,64725.59375,1470200
2021-12-20,64244.353838698305,64773.70806508458,63763.12272380169,64003.73828125,1585800
2021-12-21,64003.73828125,64003.73828125,63570.63027784304,64003.73828125,947200
2021-12-22,64292.491283382784,65928.67743879822,64196.24503894659,64869.96875,2600400
2021-12-23,64869.96177956587,65351.192950037424,63426.2682681512,64292.484375,1866400
2021-12-24,64292.48367849183,64773.71484375,63763.12939670784,64773.71484375,1121800
2021-12-27,64821.83580140382,65158.697605865455,64003.74284771126,64918.08203125,1446200
2021-12-28,65206.81816089838,65351.1875,64051.86344808542,65351.1875,1490000
2021-12-29,64773.711071196056,65447.43466331845,64533.09550258091,64677.46484375,1274000
2021-12-30,64725.59389252141,65158.701955742734,64484.978301842886,64629.34765625,1665400
2021-12-31,64629.350389762694,65399.3203125,64196.24230822296,65399.3203125,2257800
2022-01-03,65399.3203125,65399.3203125,65399.3203125,65399.3203125,0
2022-01-04,65399.31701288099,66987.37989840348,64918.08583544993,66313.65625,2655800
2022-01-05,66313.65085931802,67035.4975667852,65976.7890625,65976.7890625,2357400
2022-01-06,65976.79658522728,66794.88961363636,65688.05786931817,66169.2890625,1542200
2022-01-07,66169.29053274909,66169.29053274909,65206.828125,65206.828125,1842400
2022-01-10,65206.816068491535,65206.816068491535,64003.73828125,64003.73828125,1854000
2022-01-11,64003.74694731601,64725.59371739852,63378.146413244496,63426.26953125,1546800
2022-01-12,63426.2590647978,65447.4296875,62560.043083639706,65447.4296875,1857200
2022-01-13,65688.05932887454,65688.05932887454,63522.51891143912,65206.828125,1850000
2022-01-14,64966.20773087687,64966.20773087687,64099.99162779851,64484.9765625,936800
2022-01-17,64003.74426081731,64436.852304687505,62560.05078125,62560.05078125,1634800
2022-01-18,62078.817616256725,63522.51104919293,61886.3251585319,62608.171875,1632400
2022-01-19,62656.30036867978,64484.97887406367,62560.05413155431,64244.36328125,1909600
2022-01-20,64003.745394123136,64484.9765625,63570.637342583956,64484.9765625,1793800
2022-01-21,64484.981055274024,64484.981055274024,63185.656810130444,64099.99609375,1310200
2022-01-24,63618.76139097382,64099.992566397224,62511.9296875,62511.9296875,1735200
2022-01-25,62463.80773497138,63041.28515625,61405.09912929389,63041.28515625,1605000
2022-01-26,63041.28645635898,63474.39453125,62078.82406771228,63474.39453125,1908600
2022-01-27,62993.15584897814,63666.87944094582,62175.06291587453,63281.89453125,1061200
2022-01-28,63185.65151238208,63763.12890625,62415.68165389151,63763.12890625,1432600
2022-01-31,63763.12890625,63763.12890625,63763.12890625,63763.12890625,0
2022-02-01,63763.12890625,63763.12890625,63763.12890625,63763.12890625,0
2022-02-02,63763.12890625,63763.12890625,63763.12890625,63763.12890625,0
2022-02-03,63763.12890625,63763.12890625,63763.12890625,63763.12890625,0
2022-02-04,63763.12890625,63763.12890625,63763.12890625,63763.12890625,0
2022-02-07,64003.74740361277,65303.07159902446,64003.74740361277,64436.85546875,1864800
2022-02-08,64436.84994612069,65832.4202586207,64436.84994612069,65591.8046875,2900000
2022-02-09,65591.81782048359,66169.29530679744,65447.44844890511,65928.6796875,2414000
2022-02-10,65928.66648706897,66024.91271551725,64725.588631465514,65591.8046875,1805400
2022-02-11,64966.20877217295,65447.43994826311,64966.20877217295,65110.578125,1083000
2022-02-14,64436.85486505682,64966.20916193182,63522.515625,63522.515625,1914600
2022-02-15,63522.515625,63522.515625,63522.515625,63522.515625,0
2022-02-16,64581.22160106283,64581.22160106283,63330.020586437175,63955.62109375,1124000
2022-02-17,63522.5157992565,64725.59375,63474.39268122677,64725.59375,2062800
2022-02-18,63570.637342583956,64484.9765625,63570.637342583956,64484.9765625,935600
2022-02-21,63763.13181186986,64918.086652235805,63763.13181186986,64436.85546875,1224200
2022-02-22,64003.74478031954,66987.3779956427,63715.00608206246,66265.53125,6545200
2022-02-23,66265.5331322569,67661.10354680697,65880.54819031205,66313.65625,3219200
2022-02-24,65928.67592973319,66265.53777754934,65206.82911298428,65832.4296875,2348400
2022-02-25,65880.54444494913,67276.11478015989,65447.43640988372,66217.40625,5380600
2022-02-28,65688.04523782169,66409.89188878676,65206.81413717831,65447.4296875,3604000
2022-03-01,65880.53767807904,65928.66078814339,65014.32169692096,65447.4296875,2420400
2022-03-02,65351.19428438661,65351.19428438661,64484.9781598513,64725.59375,3340400
2022-03-03,64966.200206043955,65688.046875,64292.47664835164,65688.046875,2115600
2022-03-04,65688.04929123711,65736.17240427098,64773.71014359352,65351.1875,2146400
2022-03-07,64725.58809146796,64966.203660581225,64484.97252235469,64581.21875,2289000
2022-03-08,64484.97252235469,64725.58809146796,63715.00270119225,64581.21875,3993800
2022-03-09,64533.095904568385,64533.095904568385,63763.12608020366,64388.7265625,2297800
2022-03-10,64484.97887406367,64484.97887406367,63811.255214185396,64244.36328125,1766000
2022-03-11,64196.23072720864,64196.23072720864,63522.50716635338,64003.73828125,1306000
2022-03-14,63570.636997555994,63907.4988135915,62319.435966567005,63378.14453125,2453400
2022-03-15,62896.91163075533,63233.7734375,62078.81867151826,63233.7734375,2010600
2022-03-16,63137.52720700152,63522.51212899543,62560.04982401065,63233.7734375,2109200
2022-03-17,63426.27024799312,63522.51648509174,62945.0390625,62945.0390625,1382800
2022-03-18,62945.03461008739,63426.26576154066,62945.03461008739,63330.01953125,1582200
2022-03-21,63522.51169848035,64918.08203124999,63281.8961238649,64918.08203125,1843400
2022-03-22,64966.206892566566,65447.43805473373,64292.483265532544,65062.453125,2092000
2022-03-23,64821.84157986111,65639.93460648147,64773.718460648146,64966.2109375,1588600
2022-03-24,64966.20773087687,64966.20773087687,64003.745394123136,64484.9765625,1826400
2022-03-25,64821.83694991901,67564.85454913607,64340.60579216162,66843.0078125,7565400
2022-03-28,66987.37942708333,69345.41217990451,66843.01007486979,69297.2890625,7666200
2022-03-29,70019.1360121587,71847.81447845564,69297.28924914676,70500.3671875,4682200
2022-03-30,70019.12766728704,70692.85123247057,67420.47963015063,69489.7734375,3385200
2022-03-31,69297.29166666667,71462.83203125,68575.44487847222,70163.5078125,3597400
2022-04-01,70981.59755608975,75072.0625,70789.10508814102,75072.0625,8260800
2022-04-04,76275.13714717742,76371.38337701613,74590.828125,74590.828125,2803800
2022-04-05,73868.97740314917,75360.79388490657,73628.36184157539,74687.0703125,2520200
2022-04-06,74109.59825645466,77959.44751653023,73820.859561949,76419.5078125,5961800
2022-04-07,76900.73764112903,77045.10698588709,73917.10451612902,74590.828125,6201800
2022-04-08,74590.82760416667,74590.82760416667,72184.671875,72184.671875,4414200
2022-04-11,72184.671875,72184.671875,72184.671875,72184.671875,0
2022-04-12,72184.66816060904,73483.9921875,70259.74367632614,73483.9921875,5289000
2022-04-13,72665.90273887644,75553.28960267286,72425.28716689341,75168.3046875,6812000
2022-04-14,75168.31206896552,78344.43793103448,74590.83463949843,76756.375,5851800
2022-04-15,75793.91020014045,77911.32737398564,75649.54084737827,77093.234375,4679600
2022-04-18,77478.21931569913,77959.45049157304,76563.88008153871,77093.234375,5233800
2022-04-19,76852.61782852565,77526.34146634616,74590.8313301282,75072.0625,6570000
2022-04-20,74638.95444711538,76708.2484775641,74013.35392628206,75072.0625,3801400
2022-04-21,74205.8448050643,75793.90763163182,73965.22922528135,74831.4453125,4609000
2022-04-22,75360.80526917522,75553.29774751283,69826.64651696887,74975.8203125,8098600
2022-04-25,74109.59390096618,74735.19436896135,69730.390625,69730.390625,7422200
2022-04-26,67853.59973538306,72617.78865297379,66891.13732778898,71607.203125,5437800
2022-04-27,70259.74917204485,70981.5959101138,68816.05569590694,70837.2265625,3437200
2022-04-28,70981.59348060345,71703.44019396552,69682.26939655172,69778.515625,3052200
2022-04-29,69874.76290214476,72184.67241957104,69874.76290214476,71799.6875,3479600
2022-05-02,71799.6875,71799.6875,71799.6875,71799.6875,0
2022-05-03,71799.6875,71799.6875,71799.6875,71799.6875,0
2022-05-04,72184.67025501672,72906.5169575669,71462.82355246657,71944.0546875,2302200
2022-05-05,72425.29179216867,72425.29179216867,69826.64344879518,71895.9375,2337400
2022-05-06,70500.36126151092,71655.31598524898,70307.86880755458,70548.484375,2171000
2022-05-09,69393.53270482038,69441.65582042706,65639.9296875,65639.9296875,5387600
2022-05-10,64966.20550053533,67420.484375,64003.7431968237,67420.484375,3637600
2022-05-11,67468.60882092199,67853.59375,66024.91533687944,67853.59375,2334000
2022-05-12,67324.23609851656,67324.23609851656,64677.46484375,64677.46484375,3411200
2022-05-13,64677.46942446043,65014.33124437949,60202.01953125,60202.01953125,5493600
2022-05-16,63763.12968432419,63763.12968432419,58325.21749237805,59191.43359375,2669000
2022-05-17,60105.77081651311,63330.01953125,58710.20047729863,63330.01953125,2111600
2022-05-18,63378.14714712079,64340.60951837547,62463.80789442884,64244.36328125,1611200
2022-05-19,62560.044936560145,64244.353838698305,62223.183156132516,64003.73828125,1678400
2022-05-20,63763.129809934704,65351.19266557836,63522.51422574627,64484.9765625,1738400
2022-05-23,64966.2100415711,64966.2100415711,62560.05411410551,62945.0390625,1084200
2022-05-24,62993.152939967105,64003.73828125,62463.79871358082,64003.73828125,1155400
2022-05-25,64677.4618705036,68094.20278776978,64484.96942446043,66891.125,3116000
2022-05-26,67372.35611510792,67612.97167266186,65447.43165467626,66891.125,1432200
2022-05-27,66987.3831799591,70692.86342770109,66987.3831799591,70596.6171875,5101400
2022-05-30,70596.61237732437,70981.59731189738,69008.54952221074,69874.765625,2524400
2022-05-31,69874.75996376811,69874.75996376811,68816.0514794686,69730.390625,1479000
2022-06-01,69730.3941204897,70740.97954252578,69297.28608247422,70019.1328125,2117400
2022-06-02,70019.1328125,70019.1328125,70019.1328125,70019.1328125,0
2022-06-03,71077.84568272682,74253.97148845463,71077.84568272682,73724.6171875,3336200
2022-06-06,74109.59912330317,75312.677031149,74109.59912330317,74446.4609375,3775800
2022-06-07,74591.76838235294,74591.76838235294,72169.95772058824,74107.40625,3690200
2022-06-08,74737.08219931553,76480.78599657759,74301.15625,74301.15625,4153600
2022-06-09,74301.14851930628,75076.12790412303,73283.9880767343,74010.53125,2262200
2022-06-10,74591.76083333333,75076.12291666667,72654.3125,72654.3125,3881000
2022-06-13,70232.51395089286,71443.41936383929,67810.703125,67810.703125,6458000
2022-06-14,67084.15799216028,69893.45847125436,66841.97691637631,69505.96875,3212200
2022-06-15,70232.51126650305,71540.2890625,69748.1491198375,71540.2890625,10240800
2022-06-16,76529.21875,76529.21875,75173.00474683545,76529.21875,6038900
2022-06-17,76529.21653796654,76529.21653796654,73913.66103603604,75269.875,3500500
2022-06-20,75560.4962364682,75560.4962364682,71298.10926928281,71588.7265625,4483400
2022-06-21,72654.32079081633,73429.30021258503,68779.4236819728,71201.234375,3368300
2022-06-22,73235.55381446991,73235.55381446991,67035.71857091691,67616.953125,3815800
2022-06-23,67810.69719827587,71201.23205818966,67616.95234913794,70232.5078125,4908000
2022-06-24,71201.23223444019,71201.23223444019,69166.91131345619,69651.2734375,2716400
2022-06-27,69457.53392701049,70232.51338505244,68876.29933347902,69263.7890625,3160200
2022-06-28,68779.42135989011,70619.99742445056,68779.42135989011,70523.125,4121400
2022-06-29,70523.13013698629,71685.5993150685,68876.29880136986,70716.875,3154200
2022-06-30,70813.74797858391,70813.74797858391,68973.17176573427,69263.7890625,2401100
2022-07-01,69360.66193990043,69360.66193990043,66648.23381934567,68101.3203125,3285200
2022-07-04,67810.70128134219,67907.5737117441,64517.03864767699,65679.5078125,5181500
2022-07-05,65679.50728769084,65679.50728769084,61998.35496183206,63451.44140625,3983400
2022-07-06,63451.44192504883,64226.4213684082,61998.35546875,61998.35546875,2398000
2022-07-07,62095.22789916992,62967.07977294922,61901.48303833008,61998.35546875,1590000
2022-07-08,62676.460841346154,64420.16454326923,62385.84355769231,62967.078125,2586800
2022-07-11,62773.33604651163,62870.208478682165,61998.35658914728,62482.71875,1370100
2022-07-12,62482.71875,62482.71875,62482.71875,62482.71875,0
2022-07-13,61998.352987421385,62192.09784050708,59964.03203002162,61610.86328125,3099000
2022-07-14,60932.75791234026,61998.35463258786,60351.523337659746,60642.140625,2134700
2022-07-15,60835.884527439026,61223.37423780488,59576.54296875,59576.54296875,3080300
2022-07-18,59576.541816086065,60932.75577612705,58317.2002817623,59092.1796875,2540800
2022-07-19,59285.930156250004,59285.930156250004,57639.09876302083,58123.4609375,2118000
2022-07-20,57348.477226307186,61029.62948069853,56379.75294883578,59285.92578125,7377800
2022-07-21,59285.92614079564,62482.71627583853,59285.92614079564,62095.2265625,5004300
2022-07-22,62870.208478682165,64710.784689922475,62192.10145348837,62482.71875,5454700
2022-07-25,62773.33249407583,63742.05676095971,60739.01153361967,61320.24609375,4019200
2022-07-26,61901.48470982143,61901.48470982143,60835.88794642857,61029.6328125,1808800
2022-07-27,58220.32879805757,61029.62918931159,58220.32879805757,60157.77734375,1866300
2022-07-28,61029.63054435484,61029.63054435484,60060.90625,60060.90625,1950500
2022-07-29,60448.39364754099,60448.39364754099,59092.1796875,59092.1796875,3375000
2022-08-01,59092.18348542007,59964.03537290987,58123.459165986955,59382.80078125,3256100
2022-08-02,59867.16139112903,60545.268397177424,59382.79924395162,60060.90625,2121500
2022-08-03,60060.905011124596,60254.64986599919,59382.79801906351,59867.16015625,2660300
2022-08-04,60254.64958383174,61029.62899970096,60157.77715684809,60739.01171875,4344000
2022-08-05,60932.756572717306,61513.991134619224,60642.13929176635,60739.01171875,2712000
2022-08-08,60739.01684842011,60932.76171875,60351.52710776034,60932.76171875,2490100
2022-08-09,61126.501240373225,61610.86337381516,60932.75638699644,61320.24609375,2806100
2022-08-10,61320.24600162146,62288.970267049925,61029.62872199292,61610.86328125,1974900
2022-08-11,61998.357142857145,62192.102008928574,60545.27064732143,61029.6328125,2719100
2022-08-12,60932.760379464286,61707.73984375,60254.65334821429,61029.6328125,2419300
2022-08-15,61320.24685096154,62967.078125,61029.6295673077,62967.078125,4433600
2022-08-16,62967.08037405303,64904.529000946975,62967.08037405303,63935.8046875,3910700
2022-08-17,63935.80240384615,64323.29211538462,62967.078125,62967.078125,2518800
2022-08-18,62967.08091085271,63742.060368217055,61901.484156976745,62482.71875,4073800
2022-08-19,62482.71627583853,63354.56813085023,61126.50227915367,62095.2265625,2276400
2022-08-22,62579.59174107143,64807.65770089286,62482.71930803572,64420.16796875,5855600
2022-08-23,63838.92809346973,65679.50416900225,63838.92809346973,64807.65234375,4014500
2022-08-24,64807.66150121632,65098.27881736527,64226.42686891842,64710.7890625,2219300
2022-08-25,65582.63517680921,66551.35947779605,65195.14545641447,66260.7421875,5153200
2022-08-26,66551.3557609072,70813.7424471953,66551.3557609072,69941.890625,10847500
2022-08-29,69554.4004222973,71685.59375,68488.80375844595,71685.59375,7689600
2022-08-30,72169.96136383015,72654.32352063438,70620.00246205661,71007.4921875,4227200
2022-08-31,70232.5073902027,71685.59375,70232.5073902027,71685.59375,4620000
2022-09-01,71685.59375,71685.59375,71685.59375,71685.59375,0
2022-09-02,71685.59375,71685.59375,71685.59375,71685.59375,0
2022-09-05,71588.72175646551,71588.72175646551,70232.5078125,70232.5078125,2694200
2022-09-06,70329.38271604938,71007.48971193416,70135.63786008231,70620.0,2599300
2022-09-07,70329.38076821074,70523.12561881189,68391.93226219944,68488.8046875,5672100
2022-09-08,69263.7890625,70038.76852054195,68295.06473994756,69263.7890625,3748300
2022-09-09,69748.1484375,70135.63815104167,68585.679296875,69748.1484375,2784800
2022-09-12,69941.89011824325,73041.80768581081,69845.01769425676,71685.59375,7347100
2022-09-13,71685.5885205803,72073.07818825911,71007.48160214238,71782.4609375,1957900
2022-09-14,70426.26002798507,71588.72924440299,70329.38759328358,71394.984375,3704500
2022-09-15,71394.9817003552,72460.57844215156,71104.36440713803,71588.7265625,3182500
2022-09-16,71104.36243489583,71394.97972005208,69166.9138671875,69748.1484375,4279700
2022-09-19,69748.14893617021,70523.12836879434,66938.84849290781,68295.0625,4171600
2022-09-20,68682.55182182706,69748.14853556485,67035.72053695955,69457.53125,3380900
2022-09-21,68779.42745535714,68779.42745535714,67810.703125,67810.703125,3106200
2022-09-22,66938.84605697218,68585.67729136947,66163.86665254993,67907.5703125,4254200
2022-09-23,67907.56789220101,67907.56789220101,66454.48156069886,67229.4609375,2717600
2022-09-26,65679.50514705882,66066.99485294118,63548.31176470588,65873.25,5240200
2022-09-27,65292.019641859166,65873.2542380775,64710.785045640834,65001.40234375,1536300
2022-09-28,64032.67483173077,64904.52668269231,62967.078125,62967.078125,2724500
2022-09-29,64420.16622924805,64420.16622924805,61707.73817749023,61998.35546875,2545200
2022-09-30,61707.73817749023,62192.10032958984,59770.289569091794,61998.35546875,4371100
2022-10-03,60932.75896602349,60932.75896602349,57735.96875,57735.96875,4026100
2022-10-04,59285.92453893443,59382.79696465164,58220.327856045085,59092.1796875,4024500
2022-10-05,59092.18316670016,61126.50422653738,59092.18316670016,60254.65234375,2124200
2022-10-06,60254.649757543106,60351.52218480604,56186.0078125,56186.0078125,3170300
2022-10-07,54732.91999421296,56089.13394097222,52311.109375,52311.109375,5573700
2022-10-10,51439.25913966725,55507.901105516634,51342.38671190893,55314.15625,3911600
2022-10-11,55314.15949345668,55798.52166064982,52407.98649029784,53667.328125,2333500
2022-10-12,53764.19602581522,56960.986059782605,53764.19602581522,55701.64453125,2886100
2022-10-13,55217.28495279948,56379.75410970052,54732.92280409071,55798.51953125,1531100
2022-10-14,56186.00975584307,58414.07565995409,56186.00975584307,58026.5859375,2989900
2022-10-17,57735.96636247877,57735.96636247877,55992.26268039049,57057.859375,2674800
2022-10-18,58026.58625529661,58607.82084216102,56767.24465042373,57154.734375,2054300
2022-10-19,57348.479237288135,57639.09653072034,56476.62735699152,57154.734375,1407400
2022-10-20,56379.7551369863,57154.734589041094,56089.13784246575,56573.5,1811200
2022-10-21,56476.6263068704,56476.6263068704,52698.6015625,52698.6015625,4238200
2022-10-24,52795.473960906624,53279.83610733696,49017.44921875,49017.44921875,4828000
2022-10-25,49114.318652343754,52311.10862379808,47467.48745492788,50373.66015625,4400700
2022-10-26,50470.53391437861,50858.02361813584,49017.44752528902,50276.7890625,1528200
2022-10-27,49695.555354420736,52214.23847179878,49695.555354420736,51633.00390625,2990400
2022-10-28,51826.75010279605,52698.60197368421,51148.64309210527,51536.1328125,1802000
2022-10-31,50761.15525072674,51245.517419149706,47951.854673873546,49986.17578125,3903900
2022-11-01,50373.66610528942,50858.02827937874,48533.08984375,48533.08984375,1999200
2022-11-02,48436.214192708336,48726.83147786458,45336.296484375,46498.765625,4317000
2022-11-03,47467.48942550505,48726.83098169192,46595.637578914146,47951.8515625,2600000
2022-11-04,46062.84035270765,46498.766286644954,44609.75390625,44609.75390625,5742900
2022-11-07,44561.31745915986,45094.1158200846,41509.8359375,41509.8359375,5344200
2022-11-08,41509.837877487385,44173.82980661435,40008.315153797645,43205.10546875,4117000
2022-11-09,43592.59486607143,44997.245145089284,43156.668917410716,44076.95703125,2156900
2022-11-10,43544.15574730667,43544.15574730667,41025.47265625,41025.47265625,3670600
2022-11-11,42042.63424781977,43011.35853924419,41655.14453125,41655.14453125,3565100
2022-11-14,40686.42239391144,41412.965650945574,39136.46344557196,39378.64453125,3514300
2022-11-15,37005.26834957067,38264.60994261889,36666.21484375,36666.21484375,2983600
2022-11-16,34147.532012901735,39184.8984375,34147.532012901735,39184.8984375,8555200
2022-11-17,40444.243467778106,41558.27652138158,39523.9552930622,40492.6796875,2857700
2022-11-18,39717.6974903618,40928.60290165332,38652.10072842527,40831.73046875,4367700
2022-11-21,40637.98617677583,40637.98617677583,39378.64453125,39378.64453125,1762800
2022-11-22,38942.71875,40298.932835820895,38603.66522854478,38942.71875,3707900
2022-11-23,39039.58718171296,39620.821730324074,38845.842332175926,39233.33203125,1510200
2022-11-24,37973.99270557029,37973.99270557029,36520.90625,36520.90625,7862600
2022-11-25,36375.59627666171,37102.13947792659,35358.43579489087,36617.77734375,2595300
2022-11-28,37102.14126712328,39136.46232876712,37102.14126712328,38894.28125,4322000
2022-11-29,39233.33263361565,41461.3984375,39233.33263361565,41461.3984375,5268600
2022-11-30,42236.38389314059,43592.59805484694,41655.1492524093,42720.74609375,3777700
2022-12-01,43592.592756810445,44173.82732690125,41412.96311896992,42672.3046875,5855800
2022-12-02,42042.635422207444,45530.04296875,42042.635422207444,45530.04296875,6464800
2022-12-05,45578.47510996586,47322.178727350314,45578.47510996586,46111.2734375,4146000
2022-12-06,45723.78607666291,45723.78607666291,42962.921875,42962.921875,4093900
2022-12-07,42962.91914018952,43592.589882943146,42139.503553511706,43447.28125,2930100
2022-12-08,44367.57155230978,45530.04067595109,43786.33699048913,44561.31640625,2626500
2022-12-09,44561.31764069264,45142.55221861472,43931.646847943724,44755.0625,1675300
2022-12-12,44755.05867034313,45820.655305351305,43592.58961397059,44464.44140625,3474400
2022-12-13,44319.13778370824,44948.80859375,43011.359947467674,44948.80859375,1956200
2022-12-14,45820.65781418192,45820.65781418192,44367.571414155005,44997.2421875,2187800
2022-12-15,44997.244593583775,46014.40512799202,44706.62729803856,45530.04296875,2539400
2022-12-16,45287.860317887935,46450.32945973746,44464.44467574451,46353.45703125,3003400
2022-12-19,46111.27750530223,47273.74668610817,45675.3515625,45675.3515625,3782800
2022-12-20,45142.54820228495,45384.72925487231,42817.61009744623,45045.67578125,3352500
2022-12-21,45045.681026064114,45287.8621068494,42962.92373131061,44948.80859375,2052300
2022-12-22,44900.36714969758,45239.42062331989,43883.20672883064,45045.67578125,1519800
2022-12-23,45045.6772823417,45045.6772823417,44125.38925184224,44367.5703125,1584400
2022-12-26,44076.95679284038,44319.13787411972,41267.65625,41267.65625,2559500
2022-12-27,40202.05907534246,42430.125,40202.05907534246,42430.125,2324700
2022-12-28,41655.14453125,41848.88938953488,40589.54781068314,41655.14453125,1389600
2022-12-29,41170.78370847902,41558.2734375,40783.293979458045,41558.2734375,1212100
2022-12-30,41461.401005244756,41655.145869755244,40734.85776333042,41558.2734375,1652400
2023-01-02,41558.2734375,41558.2734375,41558.2734375,41558.2734375,0
2023-01-03,41461.40063282139,42623.86980944255,41170.7833386661,42575.43359375,1998900
2023-01-04,41752.018085488504,42914.48726652299,41752.018085488504,42139.5078125,1872700
2023-01-05,42526.99225917431,42623.86467889908,41945.75774082569,42236.375,1102800
2023-01-06,42236.375108632674,42478.556158567495,41800.44921875,41800.44921875,1507500
2023-01-09,41800.45084170387,41945.75947730655,40686.41796875,40686.41796875,2663500
2023-01-10,40686.419209123225,41267.65376925356,40589.54678243483,40880.1640625,1424300
2023-01-11,40977.03379296416,41848.88557579318,40977.03379296416,41219.21484375,1461200
2023-01-12,41219.214955092044,41655.14084768409,40734.852852211996,40783.2890625,986100
2023-01-13,41073.90896254459,41316.09002954073,40734.85546875,40734.85546875,1087500
2023-01-16,40734.85943559815,40977.040526178396,40395.8059087858,40589.55078125,1408900
2023-01-17,41073.90737514518,42042.63160569106,40880.162529036,41703.578125,2760600
2023-01-18,42139.5060483871,43786.337319243605,41897.324979143494,43544.15625,3686900
2023-01-19,43544.15732935855,44658.19027549342,43350.41246916119,44173.828125,3493900
2023-01-20,44173.828125,44173.828125,44173.828125,44173.828125,0
2023-01-23,44173.828125,44173.828125,44173.828125,44173.828125,0
2023-01-24,44173.828125,44173.828125,44173.828125,44173.828125,0
2023-01-25,44173.828125,44173.828125,44173.828125,44173.828125,0
2023-01-26,44173.828125,44173.828125,44173.828125,44173.828125,0
2023-01-27,44948.80351307189,45433.165619893785,44464.44140625,44464.44140625,2479800
2023-01-30,44464.44521103896,45336.29707792208,43980.083062770565,44755.0625,3206700
2023-01-31,44464.44125504032,45045.67578125,43931.642939348116,45045.67578125,2723800
2023-02-01,44755.06220143312,45675.350277003716,44270.70005639597,45626.9140625,7835500
2023-02-02,45481.60699524048,48339.34375,44851.93618486974,48339.34375,4860800
2023-02-03,46547.20452242417,47080.002909257324,46305.0234375,46305.0234375,6219600
2023-02-06,45530.04291489926,45723.78777836692,44270.70130235949,45675.3515625,2653000
2023-02-07,45190.98727690782,46498.76504376368,44270.69921875,44270.69921875,2018900
2023-02-08,44270.69960498596,44561.316889044945,43108.23046875,43108.23046875,1647000
2023-02-09,43011.36083096591,44028.52139115767,42623.87109375,42623.87109375,1472800
2023-02-10,42623.86505344418,43059.79094603622,40783.2890625,40783.2890625,2032500
2023-02-13,40783.291544117645,41170.78125,40202.05698529412,41170.78125,1726000
2023-02-14,41461.39852941177,41655.143382352944,41073.90882352941,41170.78125,803200
2023-02-15,41170.7837627924,42139.50808662281,41170.7837627924,41412.96484375,1084700
2023-02-16,41848.88928983834,42139.50657657333,41461.39957419169,41945.76171875,944200
2023-02-17,41945.76043171965,41945.76043171965,41509.83451499278,41897.32421875,959100
2023-02-20,41848.88769751693,42914.484375,41412.96178400113,42914.484375,1874700
2023-02-21,43011.35804073034,43834.77367889747,43011.35804073034,43108.23046875,1405600
2023-02-22,42623.86882267442,43108.230968386626,41655.14453125,41655.14453125,1644500
2023-02-23,41461.39967296512,41655.14453125,40686.42023982558,41655.14453125,1313900
2023-02-24,41170.77874480404,41606.70463739608,40298.92695961995,40783.2890625,1625600
2023-02-27,39717.69415509259,40589.54597800926,39233.33203125,39233.33203125,1974700
2023-02-28,39233.33481445313,39911.4418359375,38603.66400878906,38748.97265625,1567900
2023-03-01,38748.96982230392,39717.69406786152,38022.42663813572,39523.94921875,1520500
2023-03-02,39523.952000620346,39717.69686336849,38748.97254962779,39039.58984375,868900
2023-03-03,39039.59017092322,39330.20746748096,38167.73828125,38167.73828125,1857500
2023-03-06,38700.536658272526,39233.33503529505,38167.73828125,38167.73828125,1474200
2023-03-07,38748.96882871536,38942.71367285894,37973.98945214106,38458.3515625,1585700
2023-03-08,37780.248552506346,38313.04692952887,37441.195039855644,38167.73828125,2029100
2023-03-09,38361.4829296875,39281.77103027344,38313.04671386719,38748.97265625,2116000
2023-03-10,38652.0977004717,38845.84255110063,38167.73557389937,38506.7890625,1573000
2023-03-13,38506.791793900695,38748.972874365485,38167.73828125,38167.73828125,1349100
2023-03-14,38070.86481946243,38361.48210816062,37102.14052380181,37392.7578125,1611600
2023-03-15,38361.4829296875,38845.84508789062,38167.73806640625,38748.97265625,1899200
2023-03-16,38748.972874365485,38748.972874365485,37586.503688134515,38167.73828125,1665000
2023-03-17,38652.100442179566,38652.100442179566,37634.939904227474,38167.73828125,953800
2023-03-20,37780.246370570865,38167.7360769357,36859.9583179544,36908.39453125,2298600
2023-03-21,37586.50401785714,37586.50401785714,36327.162388392855,37295.88671875,1411300
2023-03-22,37441.192924489456,37441.192924489456,36763.0859375,36763.0859375,1507000
2023-03-23,36424.032490079364,36763.08598400297,36327.160063244046,36617.77734375,1238600
2023-03-24,36424.03244400527,37005.267004281945,36424.03244400527,36763.0859375,1729500
2023-03-27,36811.52210465879,37247.44802431922,36666.21346477198,36908.39453125,2465100
2023-03-28,37005.269201566494,38070.865958679664,36908.39676910166,37877.12109375,4198400
2023-03-29,38022.42724987888,38119.299675993214,37489.62890625,37489.62890625,1830200
2023-03-30,37586.50267163212,37973.992389896375,36956.83187945272,37392.7578125,2665800
2023-03-31,37344.3203125,37731.81001742867,37053.703033803504,37344.3203125,1815500
2023-04-03,37780.24609375,37973.99094551282,37489.62881610577,37780.24609375,2112100
2023-04-04,37877.11572510993,38700.53128435145,37828.67951574278,38555.22265625,3133300
2023-04-05,38555.22527515723,38603.66148781446,38264.60799921383,38506.7890625,1735900
2023-04-06,38748.972985933506,38748.972985933506,37828.68487751758,37877.12109375,1971300
2023-04-07,37634.93745492788,37828.6823066907,37295.883964342946,37780.24609375,2032200
2023-04-10,37973.99161585366,39863.00395388719,37973.99161585366,39717.6953125,5829400
2023-04-11,39717.695408476655,39717.695408476655,38942.71598587224,39427.078125,2852300
2023-04-12,39233.33842983129,40395.8077166411,39233.33842983129,39475.51953125,3970800
2023-04-13,39717.696597137634,40008.313889311816,39378.64308960109,39766.1328125,3135000
2023-04-14,39959.87805175781,40105.18669921875,38748.97265625,38748.97265625,2679300
2023-04-17,38603.6640625,38748.97271016311,38313.04676717377,38603.6640625,1406900
2023-04-18,39281.769726806946,39475.514583659264,38700.53515625,38700.53515625,2755700
2023-04-19,38797.40611979167,40008.31142939815,38748.96990740741,39233.33203125,2949400
2023-04-20,39233.32944964418,39233.32944964418,38652.094939279086,39136.45703125,1416200
2023-04-21,39136.45996342239,39136.45996342239,38070.86328125,38070.86328125,2811100
2023-04-24,37973.99112955729,38070.8635559082,37053.70307922363,37199.01171875,3211100
2023-04-25,37392.75812334217,37586.50298408488,36327.16138925729,36520.90625,2735300
2023-04-26,36520.90473429362,37199.01171875,36472.468521118164,37199.01171875,1835600
2023-04-27,37295.88277207309,37441.19140625,36956.82929232698,37441.19140625,1286400
2023-04-28,37441.193827726405,37973.9921875,37392.75761320153,37973.9921875,2517300
2023-05-01,37973.9921875,37973.9921875,37973.9921875,37973.9921875,0
2023-05-02,37973.9921875,37973.9921875,37973.9921875,37973.9921875,0
2023-05-03,37973.9921875,37973.9921875,37973.9921875,37973.9921875,0
2023-05-04,36908.39721099934,37683.376679996705,36714.65234375,36714.65234375,2462500
2023-05-05,36714.64977058532,36908.394624255954,36472.46870349703,36617.77734375,1173200
2023-05-08,36617.77862863276,37053.70456468791,36617.77862863276,36666.21484375,1273100
2023-05-09,36666.21351078722,37150.57564435112,36666.21351078722,36763.0859375,931100
2023-05-10,36859.9580478766,37780.24609375,36714.64940905449,37780.24609375,2354900
2023-05-11,37925.554823764534,38119.299675993214,37344.32026707849,37489.62890625,1659900
2023-05-12,37538.06502904647,37877.11851963141,37005.26668669871,37780.24609375,2033800
2023-05-15,37925.55607326478,38167.737146529566,37634.93878534705,37683.375,2782400
2023-05-16,37683.3791043563,37731.815324284784,37005.272025357604,37247.453125,2129700
2023-05-17,37247.449321141874,37441.19418106979,36763.087171322084,36956.83203125,1326900
2023-05-18,37344.32045091043,37489.62909079724,36908.39453125,36908.39453125,1747600
2023-05-19,36908.395765339425,37102.140625,36617.778475848565,37102.140625,1643100
2023-05-22,37150.57546003567,37441.19273873217,36859.95818133917,37344.3203125,1523200
2023-05-23,37441.192830882355,37586.501470588235,37005.26691176471,37053.703125,1467700
2023-05-24,37053.703125,37053.703125,37053.703125,37053.703125,0
2023-05-25,36763.09112356085,37199.017105263156,36617.78246299342,36811.52734375,1477500
2023-05-26,36859.95699034686,37199.01047120419,36811.52077879581,37005.265625,882500
2023-05-29,37247.447840964145,37489.62890625,36956.83056262112,37489.62890625,2263500
2023-05-30,37634.939904227474,38555.228009993654,37634.939904227474,38167.73828125,4818400
2023-05-31,38070.86461654975,38216.173260124364,37731.811114875636,37973.9921875,1975100
2023-06-01,38119.29949407602,38264.60813255407,37489.62872733778,38070.86328125,2907500
2023-06-02,38216.171487247244,39572.385431027884,37973.990425857846,39523.94921875,5707900
2023-06-05,39717.69654505461,40298.931128640776,39523.951683859224,39911.44140625,6617800
2023-06-06,39911.44505083732,40734.86078610945,39766.13639167165,40492.6796875,4665200
2023-06-07,40492.6796875,40637.98834666567,39766.13639167165,40492.6796875,4745100
2023-06-08,40686.42239391144,40686.42239391144,39330.20831411439,39378.64453125,4513900
2023-06-09,39717.69389719203,40105.18359375,39233.33177649457,40105.18359375,4124000
2023-06-12,40347.36673782703,41655.14453125,40202.058094113374,41655.14453125,7248100
2023-06-13,42042.63424781977,42042.63424781977,41267.65481468023,41655.14453125,3399100
2023-06-14,41655.14352333532,41655.14352333532,40734.85546875,40734.85546875,3321400
2023-06-15,40734.858204061755,41073.9117206235,40153.623604241606,40395.8046875,2810300
2023-06-16,40637.9845828295,40977.03808948005,39863.00513905683,40056.75,4410000
2023-06-19,40056.74994823042,40395.80345444277,39814.568872364456,40202.05859375,2063100
2023-06-20,40298.92941176471,41170.78125,40298.92941176471,41170.78125,2476500
2023-06-21,41170.778597043325,41364.5234375,40880.16133635832,41364.5234375,2565900
2023-06-22,41364.5234375,41364.5234375,41364.5234375,41364.5234375,0
2023-06-23,41703.58208588287,41848.89073426573,41364.52857298951,41558.2734375,2158100
2023-06-26,42187.942449971815,43108.23051719279,41267.65438275084,42962.921875,5457500
2023-06-27,42962.91800410068,43495.71631080317,42381.68348769796,42817.609375,2478000
2023-06-28,42817.6133791287,43059.794450277615,41848.88909453303,42526.99609375,3989700
2023-06-29,42139.5027993267,42526.99248024005,41364.5234375,41364.5234375,3289500
2023-06-30,41364.52714528002,42526.99629221998,41170.7822874567,41945.76171875,3505400
2023-07-03,42091.07046239099,42284.81532067587,41461.39967296512,41655.14453125,1799500
2023-07-04,41558.27072796243,42284.81392250723,41316.089663114166,41897.32421875,4437300
2023-07-05,42091.071650627164,43059.795969398794,41994.19921875,41994.19921875,7263000
2023-07-06,42042.63548900463,42381.68900101273,41509.837112991896,41848.890625,4541700
2023-07-07,41703.582421875,44076.95703125,41703.582421875,44076.95703125,7401500
2023-07-10,44609.750838514396,46256.58203125,44367.569780759164,46256.58203125,10232900
2023-07-11,46111.27311731557,47273.7421875,45869.09206102715,47273.7421875,8177100
2023-07-12,46837.81747520346,47758.10551246185,46692.50883774161,47612.796875,4791400
2023-07-13,47661.2343275076,48339.34131997214,47612.79811376013,47806.54296875,4813500
2023-07-14,47806.54553605283,47903.41796875,46983.12985812689,47903.41796875,5904700
2023-07-17,47951.84918582991,48290.90266492163,47128.43359375,47128.43359375,2785300
2023-07-18,46886.25269901144,47079.99754487513,46256.581949954474,46547.19921875,4613000
2023-07-19,46886.25647551547,47419.054844555416,46450.33053721005,46983.12890625,3483900
2023-07-20,46886.25626909369,47951.85300248218,46886.25626909369,47564.36328125,5454300
2023-07-21,47564.360967261906,50858.0234375,47419.05232886905,50858.0234375,11731700
2023-07-24,51342.39005160551,52795.4765625,50373.66571100918,52795.4765625,4072400
2023-07-25,52795.47294047342,52795.47294047342,51245.514101854016,51923.62109375,4429400
2023-07-26,51923.61876188213,52504.853300261406,50373.65999287072,50954.89453125,5446900
2023-07-27,51248.30553951017,53302.149845482905,51052.70131989372,52910.94140625,5823100
2023-07-28,52715.335794151375,53693.35686639908,52030.72104357798,53302.1484375,3871700
2023-07-31,52813.13678421787,53008.74099452979,51443.90731203445,52519.73046875,7864600
2023-08-01,52910.93798355899,52910.93798355899,50563.6875,50563.6875,7531800
2023-08-02,50563.6875,51346.104327853,50465.88539651837,50563.6875,5318300
2023-08-03,50661.48812559298,52519.72803753558,50270.27972307875,51541.70703125,7997000
2023-08-04,51835.1171875,52030.72140330188,51150.502432193396,51835.1171875,7529400
2023-08-07,52519.72914730483,53693.35437964684,52128.52073652416,52617.53125,6494400
2023-08-08,52813.13811800373,53106.54444088153,52226.325472248136,52421.9296875,5735000
2023-08-09,52226.32307509506,52226.32307509506,50857.09363117871,51443.90625,8966000
2023-08-10,51835.11478365385,51835.11478365385,50563.68743990385,50857.09375,4979900
2023-08-11,51052.7002521107,52128.5234375,49879.07495895873,52128.5234375,6318800
2023-08-14,52715.33586542897,53106.54429485701,51443.90846978782,53008.7421875,9615900
2023-08-15,53399.94934895833,54671.37671440972,52813.13671875,52813.13671875,8379700
2023-08-16,52813.13545539033,53106.541763475834,51835.11442843866,52617.53125,5141100
2023-08-17,52910.94015248145,53986.76333487941,52226.325400046386,52715.3359375,7226900
2023-08-18,52715.33410109562,52715.33410109562,49096.65625,49096.65625,14262600
2023-08-21,48901.052295918365,49390.06281887755,47678.52598852041,47923.03125,7064800
2023-08-22,48020.835703125,49096.65890625,46309.2987890625,48901.0546875,10145800
2023-08-23,49585.669532821936,49585.669532821936,48118.63788983903,48607.6484375,4957900
2023-08-24,48607.64828218191,49683.47148359841,48607.64828218191,49194.4609375,5727600
2023-08-25,49194.45829207921,50270.28143564356,48901.05198019802,49390.0625,7139000
2023-08-28,49781.270672147,50759.291706963246,49292.26015473888,50563.6875,8495500
2023-08-29,50661.48936672968,52030.718809073725,50368.08305765595,51737.3125,8303900
2023-08-30,51835.11442843866,53302.14596886617,51737.31232574349,52617.53125,7312500
2023-08-31,52813.13545539033,53204.343866171,52324.124941914495,52617.53125,5206100
2023-09-01,52617.53125,52617.53125,52617.53125,52617.53125,0
2023-09-04,52617.53125,52617.53125,52617.53125,52617.53125,0
2023-09-05,52617.53244417588,54280.1682277279,52226.32402451658,53106.54296875,8353500
2023-09-06,53106.545390625004,54377.972812500004,52617.53484375,53791.16015625,5121300
2023-09-07,53986.764375,54573.57703125,53106.545390625004,53791.16015625,5993300
2023-09-08,53302.15076013513,55258.19298986487,53302.15076013513,54280.171875,7805800
2023-09-11,54573.575831422015,54964.7842603211,52617.5336869266,53302.1484375,8457600
2023-09-12,53302.1468623992,54573.57421875,52813.1363407258,54573.57421875,4794300
2023-09-13,54866.98145380434,57996.64884510869,54280.168817934784,56236.2109375,16051000
2023-09-14,56431.81388388962,57214.23071416885,55845.001261180194,56040.60546875,8439000
2023-09-15,56236.20863148479,56236.20863148479,54182.364490161,54671.375,7838900
2023-09-18,54377.972812500004,54377.972812500004,52910.941171875,53791.16015625,6610200
2023-09-19,53888.963429054056,54280.171875,51835.11908783784,54280.171875,8835900
2023-09-20,53888.95948840726,54964.78263608871,53399.94896673387,54573.57421875,6834800
2023-09-21,54573.57590521218,54573.57590521218,53008.7421875,53008.7421875,9500900
2023-09-22,51932.915539527356,52226.321842010555,50172.47772462812,50954.89453125,11804800
2023-09-25,50465.886856617646,51835.11634497549,48803.251049325976,49879.07421875,7693400
2023-09-26,49976.87362712379,50563.68623331311,49390.06102093447,50368.08203125,8271400
2023-09-27,49976.87481971154,50857.09375,49096.65588942308,50857.09375,4904400
2023-09-28,51737.31507959905,53497.75302181603,51346.10664799528,51835.1171875,8909300
2023-09-29,52617.53148764259,52617.53148764259,51443.90625,51443.90625,4945900
2023-10-02,51443.90771013969,51835.11613379094,50661.490862837185,50759.29296875,4207600
2023-10-03,50368.08386479592,50368.08386479592,47238.41651785714,47923.03125,8976200
2023-10-04,46945.01143292683,48901.053575965445,46945.01143292683,48118.63671875,4826800
2023-10-05,48803.25340757979,48803.25340757979,45966.9921875,45966.9921875,6348200
2023-10-06,45869.184669384056,47434.01826151656,45282.372072334365,47238.4140625,5188100
2023-10-09,47287.317795229406,47825.22937304484,46602.703059827945,46896.109375,6457800
2023-10-10,47336.21865404299,48363.14075294268,47336.21865404299,47776.328125,4821300
2023-10-11,47923.03118661258,48216.4375,47531.82276876268,48216.4375,3478300
2023-10-12,48216.437693698346,48412.04190340909,47140.61454028925,47336.21875,13700700
2023-10-13,47434.02189867424,48412.04296875,47385.12084517045,48412.04296875,9845400
2023-10-16,48412.04318576389,49585.66847511574,47531.82421875,47531.82421875,8502700
2023-10-17,47825.229751619874,47825.229751619874,45282.375,45282.375,7887900
2023-10-18,45771.3831795302,45966.987381152125,42690.6170039849,43717.5390625,11414600
2023-10-19,43228.53154069767,43717.542078488375,42054.90625,42054.90625,8072300
2023-10-20,42054.90334871365,44010.945364932886,42054.90334871365,43717.5390625,7022500
2023-10-23,43717.542078488375,43864.245239825585,41663.69781976745,42054.90625,8575600
2023-10-24,42152.70835755814,42641.71889534884,40832.37990552326,42054.90625,8218500
2023-10-25,42054.903556034486,43228.528771551726,42054.903556034486,42543.9140625,4769400
2023-10-26,41272.49094122024,41468.09516369048,39609.85505022322,41076.88671875,15050000
2023-10-27,41370.29305245536,41565.8972749256,40490.07405133929,41076.88671875,4691100
2023-10-30,40196.66417824074,40832.37784529321,39609.8515625,39609.8515625,4251000
2023-10-31,39512.05143401857,39805.45775654841,36871.39453125,36871.39453125,13210100
2023-11-01,36186.77495103276,36871.38961226852,34328.53515625,34328.53515625,21092800
2023-11-02,35110.95423353041,36577.98574746622,32861.50591216217,36186.77734375,21181700
2023-11-03,36675.78751805199,38338.423218870346,36186.7770178113,38093.91796875,12409700
2023-11-06,38142.81917296321,38142.81917296321,36773.58976675427,37213.69921875,12639800
2023-11-07,37066.99991819372,38582.93263252618,36675.791475785336,37360.40625,10423200
2023-11-08,37066.99706044823,38729.6328125,35893.371823705806,38729.6328125,19608000
2023-11-09,39609.85029272643,40441.16813837624,39023.037695797146,39414.24609375,12143300
2023-11-10,38876.33469325032,39414.2462424651,38142.818944321065,38534.02734375,11053600
2023-11-13,38680.73039550782,39414.24614257813,38191.71989746094,39120.83984375,9192300
2023-11-14,40098.864457831325,41174.687650602405,39903.26024096386,40587.875,15235500
2023-11-15,41468.092556682575,41565.89466176909,40441.170453274164,40979.08203125,10338300
2023-11-16,40587.875,40685.67710843373,39805.45813253012,40587.875,10534200
2023-11-17,40587.87241470411,41565.893436745166,39756.5545459692,40490.0703125,10996900
2023-11-20,39267.54548300709,40734.577070168,39267.54548300709,39658.75390625,7558500
2023-11-21,40587.875152811735,40587.875152811735,39707.65617359413,40001.0625,5778700
2023-11-22,39903.25934359297,39952.16039671011,38436.22775007852,38925.23828125,14503500
2023-11-23,39120.8403150134,39414.246617376004,36480.18359375,36480.18359375,8073600
2023-11-24,37066.997264105055,37702.7109375,36333.4814871109,37702.7109375,11181000
2023-11-27,37653.81131784539,37702.71237150493,37164.80078125,37164.80078125,5269900
2023-11-28,37213.70183490954,37311.50394222862,36529.087083675986,37164.80078125,6131600
2023-11-29,37311.50503382732,38582.93246617268,37311.50503382732,37947.21875,8518200
2023-11-30,37996.11988636364,38240.62516233766,37653.8125,37653.8125,4030900
2023-12-01,37898.31640625,38142.821673387094,37213.70165826613,37898.31640625,4161100
2023-12-04,38045.01929169274,39560.95193699155,37947.21718554443,39071.94140625,10597400
2023-12-05,39071.938793945315,39218.64194335938,38827.43354492188,39120.83984375,6197600
2023-12-06,39120.844780219784,40147.76695570055,39071.943724244506,40049.96484375,9053800
2023-12-07,40147.76436754131,40196.66542036414,38631.83173003366,39952.16015625,10595000
2023-12-08,39903.26122359155,42054.907662118545,39512.052780223006,41663.69921875,16804000
2023-12-11,41663.69663602942,41712.59768841912,40979.08190257353,41565.89453125,6207500
2023-12-12,41565.89453125,41663.69663602942,41174.68611213235,41565.89453125,5956500
2023-12-13,41859.2996852518,42641.71650179856,40636.77340939748,40783.4765625,10863600
2023-12-14,41174.686307466945,41370.29051795373,40490.07157076322,40685.67578125,6544400
2023-12-15,40685.6773006135,40685.6773006135,39609.854102760735,39854.359375,9350200
2023-12-18,40049.96120383523,40049.96120383523,38631.83070943813,38729.6328125,8699600
2023-12-19,38631.83430388991,40001.063874154366,38338.42796740467,39756.55859375,5738900
2023-12-20,39756.55686173349,41468.09375,39609.85369988207,41468.09375,12451800
2023-12-21,41272.48818508207,41761.498708602,40930.180818618115,41712.59765625,7205700
2023-12-22,41516.99351110537,41712.59772081611,41076.8840392562,41419.19140625,6074600
2023-12-25,41419.191342138045,42739.51975564186,41419.191342138045,41712.59765625,8477900
2023-12-26,41614.79683840749,42201.60948477752,41419.192622950824,41761.5,6768400
2023-12-27,41761.49996353559,42103.807340285886,41614.79680207118,41908.203125,5243000
2023-12-28,41908.20048453833,42299.40889046167,41859.29943379791,42103.8046875,6371500
2023-12-29,42250.509199766355,42348.31130439544,41712.59762430636,41859.30078125,4181100
2024-01-01,41859.30078125,41859.30078125,41859.30078125,41859.30078125,0
2024-01-02,42152.7058487927,42348.31005226737,41223.58588228798,41516.9921875,7140400
2024-01-03,41468.094835069445,42495.01699490017,41076.886393229164,42250.51171875,6083900
2024-01-04,42250.51171875,42837.324381510414,42054.90749782986,42250.51171875,8516100
2024-01-05,42250.50897947549,43130.72791654789,42054.904771237176,42886.22265625,9042100
2024-01-08,43326.334933810766,43326.334933810766,42250.51171875,42250.51171875,6213200
2024-01-09,42201.60948477752,42250.51053864169,41468.09367681499,41761.5,9017100
2024-01-10,41761.49616309172,41957.10036057692,40979.07937315089,41321.38671875,6770700
2024-01-11,41321.38798402532,42201.60689966137,41272.48693315665,41516.9921875,4992900
2024-01-12,40930.18097870674,41663.69676685561,40881.27992616349,40979.08203125,7139700
2024-01-15,41614.79808147582,42348.31391134907,41321.39174952652,41957.10546875,8986100
2024-01-16,41957.102576537814,43424.13413515801,41859.3004726298,43326.33203125,17419100
2024-01-17,43326.33190945156,44597.759256681515,43326.33190945156,43913.14453125,12486000
2024-01-18,43913.14561750273,44842.265625,43619.739299345696,44842.265625,8902000
2024-01-19,44988.966137350704,45673.58083944082,44304.351435260585,45037.8671875,10717800
2024-01-22,45086.77082204767,45282.37503385699,44157.65081595341,45135.671875,7235900
2024-01-23,45135.6720470815,45135.6720470815,44255.4530905837,44402.15625,6100600
2024-01-24,44206.54961993243,44451.05487225507,43375.23176203547,43424.1328125,9683400
2024-01-25,43424.1328125,43424.1328125,43424.1328125,43424.1328125,0
2024-01-26,44010.946634883076,44499.957153048446,43766.441375800394,43913.14453125,3781900
2024-01-29,43962.045644443664,44157.649851982904,43521.93617748038,43619.73828125,4128300
2024-01-30,43619.73939977973,44451.05730313877,43521.937293502204,44402.15625,7138200
2024-01-31,44695.56001736112,44891.164218750004,43668.63796006945,44010.9453125,8743600
2024-02-01,44010.94891436688,45673.584762242965,44010.94891436688,45184.57421875,11303100
2024-02-02,45184.57421875,45184.57421875,45184.57421875,45184.57421875,0
2024-02-05,46455.9974123154,46553.799512130805,45771.38271360759,46358.1953125,7536900
2024-02-06,46456.00274268617,46456.00274268617,45771.38796542553,45966.9921875,5404000
2024-02-07,45918.088619903436,46015.89072559013,45429.07809146996,45575.78125,5707100
2024-02-08,45575.78125,45575.78125,45575.78125,45575.78125,0
2024-02-09,45575.78125,45575.78125,45575.78125,45575.78125,0
2024-02-15,45918.08879157579,45966.989844601965,44842.265625,44842.265625,9340100
2024-02-16,45380.177105831535,45575.781317494606,44793.36447084234,45282.375,5001500
2024-02-19,45477.980393629805,46162.595152243586,45135.673014322914,45771.38671875,7504700
2024-02-20,45918.089881310094,45918.089881310094,44988.96985176282,45771.38671875,7870400
2024-02-21,45673.582149877984,45673.582149877984,44988.96742814533,45086.76953125,6479800
2024-02-22,45282.37656077539,45282.37656077539,44206.55335954746,44304.35546875,11202700
2024-02-23,44304.35313387784,44548.858393998584,42984.02472922585,43032.92578125,17637600
2024-02-26,43032.9270011274,43521.93753523112,42103.806986330324,43375.234375,13530900
2024-02-27,43717.54425628491,44206.554818435754,43424.13791899441,43766.4453125,9636200
2024-02-28,44010.94914114239,44842.26706936397,43766.44386813604,44304.35546875,13790900
2024-02-29,45380.17843614719,45966.99108833874,44988.97000135281,45184.57421875,13891900
2024-03-01,45526.88019715666,46260.39598980687,45086.77072156653,45575.78125,15362500
2024-03-04,45575.778513976795,46896.1068614847,45575.778513976795,46358.1953125,16593900
2024-03-05,46553.8040625,48901.0546875,46456.001953125,48901.0546875,22380300
2024-03-06,48901.0523613963,49194.45867556468,47238.41658110883,47629.625,15082600
2024-03-07,47629.62493622449,48167.53651147959,47042.81230867347,47923.03125,9439900
2024-03-08,48167.535442571985,48167.535442571985,45966.988138089,46700.50390625,20599700
2024-03-11,46456.002912850214,47238.419804014,45233.47652040679,45380.1796875,13804500
2024-03-12,45135.671741310165,46847.2085895722,45037.86963569519,45722.484375,16650100
2024-03-13,45771.38504119464,47629.625032183314,45771.38504119464,47482.921875,8934000
2024-03-14,47727.42876984127,47923.03298611112,46064.79293154762,46211.49609375,13304100
2024-03-15,46211.49476966737,46651.6042436642,45526.880032338966,46309.296875,8865700
2024-03-18,46162.59538398693,46896.11120046977,44646.662696589054,44891.16796875,12153200
2024-03-19,44988.96754807692,45380.175961538465,44353.253876201925,44499.95703125,8063800
2024-03-20,44597.757421875,47580.721459960936,44597.757421875,46945.0078125,20639900
2024-03-21,47434.01953125,47874.128990818295,46945.009020618556,47434.01953125,9096600
2024-03-22,47629.62362366344,48314.23833693992,46945.00891038697,48020.83203125,12080800
2024-03-25,47923.02875905797,49194.45605266563,47238.4140625,47238.4140625,10366400
2024-03-26,47238.41917715827,47825.23183774409,46749.40862667009,47580.7265625,7523200
2024-03-27,47727.427946252465,50270.28271388067,47482.92268013437,49585.66796875,12737300
2024-03-28,49683.47000612745,51052.69949448529,49292.261580882354,49879.07421875,11651700
2024-03-29,49879.07679488747,50857.09790851272,49683.47257216243,49976.87890625,11812000
2024-04-01,49683.472489056425,51443.91049063716,49585.67037785749,50270.28515625,13699100
2024-04-02,49879.07022165698,50465.8828125,48852.14818768168,50465.8828125,12311500
2024-04-03,49879.073082669325,50074.677290836655,48803.249937749,49096.65625,14384300
2024-04-04,48901.053223619325,49585.66796875,47923.03215914694,49585.66796875,13048500
2024-04-05,48901.05315563725,50368.08475030637,48363.14157092524,49879.07421875,8145300
2024-04-08,49879.07578125,49879.07578125,48705.45046875,48901.0546875,6085000
2024-04-09,48901.052763967804,51932.9180353338,48705.44855291193,51639.51171875,19487100
2024-04-10,51737.312680288465,52030.718990384616,50563.68743990385,50857.09375,10159900
2024-04-11,50074.67686424474,51639.51051625239,50074.67686424474,51150.5,6968900
2024-04-12,51150.50006009616,51443.90637019231,50465.885336538464,50857.09375,6665600
2024-04-15,50563.6878757515,50857.09418837675,48412.04158316633,48803.25,16505200
2024-04-16,48412.04158316633,48901.052104208415,47629.624749498995,48803.25,11616300
2024-04-17,49292.25929908907,49292.25929908907,47874.12882322242,48314.23828125,6951200
2024-04-19,48167.535354804204,48216.43640592583,46993.910127885116,47140.61328125,9473100
2024-04-22,48118.63686342593,48314.2410783179,47091.714735243055,47531.82421875,12292300
2024-04-23,48020.83447069528,49194.4597530748,47580.72498980296,48705.44921875,18043000
2024-04-24,49096.65583173996,51150.5,48754.348470363286,51150.5,11530800
2024-04-25,50954.895504182154,52617.53125,50270.28078531598,52617.53125,19317400
2024-04-26,52324.126003244535,53791.15757342896,51835.11547984972,53693.35546875,11864700
2024-04-29,53693.35546875,53693.35546875,53693.35546875,53693.35546875,0
2024-04-30,53693.35546875,53693.35546875,53693.35546875,53693.35546875,0
2024-05-02,54769.17715827338,55551.59397482014,53497.74983138489,54377.96875,21954900
2024-05-03,54475.76953125,55942.801026705565,53791.15483337074,54475.76953125,29616700
2024-05-06,54866.98253242924,57507.639445754714,54573.576208726416,57018.62890625,11257200
2024-05-07,57507.63791104553,58192.25264808178,56236.210542263914,57996.6484375,9460000
2024-05-08,57312.03632614214,57996.65109454315,56920.82788705584,57801.046875,8126500
2024-05-09,57703.24351390068,57898.84772920204,57116.430867996605,57605.44140625,10475400
2024-05-10,57507.63929859932,57703.24351390068,56138.409791489816,57605.44140625,9750700
2024-05-13,57605.441553655655,57605.441553655655,56725.22258254717,57018.62890625,7241900
2024-05-14,57214.22888935108,59659.28140599001,56725.21838602329,58779.0625,16222000
2024-05-15,59268.07547800164,60735.10704923931,58681.26284950658,59463.6796875,13069600
2024-05-16,59561.48198820952,59757.08619835142,58387.85672735809,58583.4609375,12942100
2024-05-17,58485.65889786074,58974.669423762585,57703.24205641778,58290.0546875,8962800
2024-05-20,58681.26171875,60246.09536458333,58192.251204427084,58681.26171875,9202200
2024-05-21,59268.07554235537,59952.690276342975,58681.26291322314,59170.2734375,4730800
2024-05-22,59268.076728995904,60246.09779713115,58290.05566086066,59659.28515625,8945300
2024-05-23,59365.8773311492,60637.3046875,58681.262600806454,60637.3046875,8859900
2024-05-24,59854.8881714876,60343.89869576446,57605.43975981405,59170.2734375,13646200
2024-05-27,58779.06382161458,59170.272233072916,57898.84489583333,58681.26171875,6367800
2024-05-28,59072.46984247968,61419.720299796754,58779.06353531504,60148.29296875,9931000
2024-05-29,60246.09659090909,60637.30501033057,59170.2734375,59170.2734375,6883200
2024-05-30,58583.46157817476,61419.72265625,57898.846835191085,61419.72265625,14761100
2024-05-31,61419.72376179245,62984.557488207545,61028.515330188675,62202.140625,10260200
2024-06-03,62202.140625,62202.140625,62202.140625,62202.140625,0
2024-06-04,62593.34639498432,62788.95060246865,61713.12746130486,62397.7421875,6569500
2024-06-05,61615.32573084677,61908.73204385081,60246.09627016129,60637.3046875,13778200
2024-06-06,60637.30601272213,61126.316545082795,60246.0975868336,60539.50390625,7071800
2024-06-07,60930.71359198873,61419.72413446054,60441.70304951691,60735.109375,4298200
2024-06-10,60832.911259920635,61908.734449404765,60637.3070436508,61615.328125,4849000
2024-06-11,61908.73197983547,62006.53408406902,60441.70041633226,60930.7109375,6438600
2024-06-12,61224.11830885253,62495.545685873425,60637.30567330442,62006.53515625,5024800
2024-06-13,62299.93745117188,62984.552148437506,61713.12485351563,62593.34375,7862300
2024-06-14,62593.34920634921,62788.95342261905,61615.328125,61615.328125,8119800
2024-06-17,61419.72152217742,61419.72152217742,59659.28364415323,60637.3046875,9503600
2024-06-18,60735.10804988947,61126.316475331594,59757.086986284165,60832.91015625,7174700
2024-06-19,60539.504862756716,62299.94280706951,60246.09853870458,61908.734375,7686100
2024-06-20,61810.93351377953,62104.33984375,61126.318743848424,62104.33984375,5638200
2024-06-21,61615.329293799216,63277.96516363189,61028.51663385827,62104.33984375,7135200
2024-06-24,62104.33625252016,62104.33625252016,60148.29416582661,60637.3046875,11379200
2024-06-25,60637.3046875,61321.91941784274,60246.09627016129,60637.3046875,6381000
2024-06-26,61126.315083366615,61810.92981230032,59952.68983376597,61224.1171875,8185600
2024-06-27,60637.30567330442,62202.13936809937,60637.30567330442,62006.53515625,8297600
2024-06-28,62203.69354091547,62203.69354091547,60725.0003505609,61513.63671875,6187200
2024-07-01,61710.79444101444,64865.33984375,61119.317178001525,64865.33984375,21785800
2024-07-02,64865.34090909091,65062.5,63780.96590909091,65062.5,9245500
2024-07-03,64963.91973998092,65456.81746183206,64175.28338501909,64569.6015625,7436000
2024-07-04,64766.75849654378,65358.235743087556,63978.122167818736,64175.28125,5861500
2024-07-05,64273.86151867378,64865.33877191311,64076.702434260675,64668.1796875,7939400
2024-07-08,64668.183208955226,66442.61506529851,64668.183208955226,66048.296875,10448700
2024-07-09,66245.4509730539,66245.4509730539,65358.23511180763,65851.1328125,7977800
2024-07-10,65752.55645489838,65851.13599980828,64273.86328125,64273.86328125,10907100
2024-07-11,64471.020218460646,64766.75884331597,63682.38388551312,63879.54296875,8302000
2024-07-12,63879.54296875,64471.020218460646,63189.48617742091,63879.54296875,8736600
2024-07-15,63978.125716854585,64076.705263413685,63189.4893443818,63386.6484375,3694800
2024-07-16,63682.386005752734,64372.44282005655,63189.48828125,63189.48828125,7680700
2024-07-17,63780.966270915356,63780.966270915356,61316.47762057087,62598.01171875,16982000
2024-07-18,62598.00997596154,64076.703125,62499.43043269231,64076.703125,7938100
2024-07-19,64076.702434260675,65358.23648294589,63780.96380764101,64668.1796875,12007200
2024-07-22,64273.86186351455,64471.02094898545,62893.74826521822,64372.44140625,5883400
2024-07-23,64076.7034375,64076.7034375,61119.317125,61612.21484375,9198000
2024-07-24,60724.99893118892,61119.317106066774,57767.612619605046,60527.83984375,15062500
2024-07-25,59147.72797131147,60133.5234375,58851.98933145491,60133.5234375,4903300
2024-07-26,59640.625704405735,60133.5234375,59542.046157786885,60133.5234375,4384000
2024-07-29,60527.83915070565,61513.63457661291,60232.10052293347,61119.31640625,5340200
2024-07-30,61119.31783234127,62302.272371031744,61020.7382874504,62105.11328125,5470300
2024-07-31,62992.32954545455,63583.80681818182,62598.01136363637,62893.75,10333100
2024-08-01,62893.75072966989,62893.75072966989,60626.42115791063,61217.8984375,10605900
2024-08-02,60133.51997217806,62006.53125,59837.78134936407,62006.53125,7605200
2024-08-05,60626.420454545456,61415.05681818182,59443.46590909091,60725.0,11577700
2024-08-06,60922.15697732745,61415.0546875,59739.202472913326,61415.0546875,6419700
2024-08-07,61415.0546875,61612.213771569026,60626.41835122392,61415.0546875,4794900
2024-08-08,61119.318534655446,62006.53444886819,61020.73898863181,61513.63671875,5791600
2024-08-09,61809.37296350991,64865.33877191311,61612.2138790968,64668.1796875,17518100
2024-08-12,64963.91975178303,65851.13565127627,64668.18111861862,65653.9765625,11011200
2024-08-13,65851.13422976012,66245.4523988006,64569.600180378555,65752.5546875,9391000
2024-08-14,65851.13565127627,66048.29474005256,64865.3402073949,65653.9765625,6293000
2024-08-15,65358.2361354799,65456.81567716237,64372.44071865516,64963.91796875,7146900
2024-08-16,65062.49660326087,68512.78051403986,64963.917062952896,68019.8828125,18518500
2024-08-19,68019.8828125,68709.93959465579,67625.56465126811,68019.8828125,6418900
2024-08-20,68019.88354316547,68512.78125,67329.82675359712,68512.78125,8137200
2024-08-21,68414.20525161175,69202.84162338826,67921.30751925144,68808.5234375,8947700
2024-08-22,68709.94106026785,69202.83877232143,68118.46380580356,69005.6796875,5281400
2024-08-23,69005.6796875,69202.83877232143,68315.622890625,69005.6796875,4425700
2024-08-26,69005.68253044413,69794.31890222064,68611.36434455587,68808.5234375,5961000
2024-08-27,68414.20525161175,68808.5234375,66836.93250805874,68808.5234375,14475100
2024-08-28,68709.94175522334,68709.94175522334,67724.14632114553,68414.203125,6602000
2024-08-29,67921.30186098046,68414.1995522793,67625.56324620116,68118.4609375,4226000
2024-08-30,68118.46661219557,68808.5234375,67724.1484263073,68808.5234375,5295100
2024-09-04,67724.14278446093,68709.93816705862,67231.24509316208,68118.4609375,4462400
2024-09-05,67822.72367452136,67921.30321474596,66639.76919182621,66935.5078125,8478300
2024-09-06,66639.76778492647,67034.0859375,65851.1314797794,67034.0859375,8345500
2024-09-09,66738.35440972222,67034.09305555555,66245.45666666667,66541.1953125,3677000
2024-09-10,66541.19106056416,67724.14556830752,66541.19106056416,66836.9296875,6456200
2024-09-11,66836.9296875,66935.50922981194,66146.87289131636,66836.9296875,6804000
2024-09-12,67034.09305555555,67034.09305555555,66245.45666666667,66541.1953125,3872500
2024-09-13,66245.453125,66541.19175502233,65555.39632161458,66245.453125,7126500
2024-09-16,65949.71447144478,66048.29401475038,65062.4985816944,65161.078125,5295500
2024-09-17,65259.65557166916,65851.1328125,64569.59879069985,65851.1328125,8761200
2024-09-18,65949.71590909091,67625.56818181819,65851.13636363637,67231.25,10676700
2024-09-19,67526.98863636363,67526.98863636363,66738.35227272728,67231.25,5280600
2024-09-20,67625.5631663603,67724.14270450367,67034.0859375,67034.0859375,5016600
2024-09-23,67034.088038633,67034.088038633,65851.13354383358,66344.03125,5047700
2024-09-24,66541.19458975771,67822.72870778268,66541.19458975771,67132.671875,6640500
2024-09-25,67526.98934452329,67724.1484375,67034.09161208151,67724.1484375,5446300
2024-09-26,67822.72584187408,68512.7826454978,67329.828125,67329.828125,7182600
2024-09-27,67625.57034722222,67625.57034722222,65851.13847222223,66541.1953125,13131500
2024-09-30,66541.19458975771,67132.671875,65949.71730451542,67132.671875,5927100
2024-10-01,67329.82739905974,67724.14556830752,66836.9296875,66836.9296875,9995700
2024-10-02,66541.18891413204,66935.50707066024,66048.29121847182,66442.609375,7157400
2024-10-03,66442.61327535822,66442.61327535822,64865.340556655356,65358.23828125,14743000
2024-10-04,65555.3959490305,65851.13457737198,65259.657320689,65456.81640625,5272300
2024-10-07,65752.55646092571,66146.87464060143,64963.92010157428,65358.23828125,5548200
2024-10-08,65752.55645489838,65752.55645489838,64076.70419143021,64273.86328125,11008100
2024-10-09,64076.70274776091,64372.4413758275,62696.58915011682,63288.06640625,20847000
2024-10-10,63583.80540865385,64471.02129807693,63189.487235576926,64076.703125,8668600
2024-10-11,64076.70239825582,64372.441024709304,62598.009265988374,63583.8046875,10009100
2024-10-14,63978.12391288325,64076.70345666273,62696.58984375,62696.58984375,8405400
2024-10-15,62992.32884074146,63879.54473990683,62795.16975203804,63485.2265625,12469800
2024-10-16,63485.226574427485,64766.76065124046,63386.647030057255,64569.6015625,13710200
2024-10-17,64865.33984375,64865.33984375,64273.862580737084,64865.33984375,6628300
2024-10-18,64963.92081074011,65161.07990273021,64273.863988774734,64766.76171875,6162200
2024-10-21,64372.442124572575,65062.498931420974,63978.12394923063,64865.33984375,4333000
2024-10-22,65358.23828125,65851.13600584464,64569.60192189857,65358.23828125,9781100
2024-10-23,65161.07990273021,65358.23899472032,64175.28444277968,64766.76171875,6100300
2024-10-24,64471.0234375,65062.50071674312,63978.1257047974,64471.0234375,4641700
2024-10-25,64471.02201812977,65062.49928435115,64076.70384064886,64569.6015625,4951300
2024-10-28,64569.6015625,64668.18110687023,63978.12429627863,64569.6015625,3958700
2024-10-29,64668.182518796995,65555.3984375,64471.02342575188,65555.3984375,9538500
2024-10-30,65555.39772727274,65555.39772727274,64766.76136363637,65062.5,8927400
2024-10-31,65062.50070488722,65555.3984375,64668.182518796995,65555.3984375,6146200
2024-11-01,64963.920454545456,65161.07954545455,64569.60227272727,65062.5,21332900
2024-11-04,64963.917578725035,64963.917578725035,63780.96308563748,64175.28125,9363400
2024-11-05,63978.12289205412,64668.1796875,63879.54334984756,64668.1796875,5272300
2024-11-06,64766.75922970656,64766.75922970656,64076.702434260675,64668.1796875,5415900
2024-11-07,64865.34162366208,64865.34162366208,63879.54615825688,64471.0234375,5244200
2024-11-08,64471.02129807693,64471.02129807693,63583.80540865385,64076.703125,4698600
2024-11-11,63583.8064546131,64076.70417906746,62006.533736359124,62105.11328125,9390500
2024-11-12,62203.69281327097,62302.27235814145,59936.36328125,59936.36328125,10600700
2024-11-13,59936.36328756058,61415.05646077343,59443.4655631563,61020.73828125,7232500
2024-11-14,60626.4208108177,60725.00035685155,59837.7844425469,60429.26171875,4481400
2024-11-15,59936.36435726211,60232.10299718281,58950.56889085977,59049.1484375,6648600
2024-11-18,59049.147004987266,59049.147004987266,56288.91976602292,58063.3515625,12080100
2024-11-19,58161.93145380435,58161.93145380435,56683.23828125,56683.23828125,5338500
2024-11-20,56387.497854313384,57274.71372964349,55204.54335387324,55993.1796875,9752900
2024-11-21,56190.339184944634,58063.35049110946,55697.441472795996,57866.19140625,8166800
2024-11-22,57866.19106197034,58556.24785487288,57570.45243644068,58161.9296875,5804700
2024-11-25,57964.77060381356,58457.668313029666,57767.61152012712,58161.9296875,4568500
2024-11-26,58457.66975260417,59246.30610677083,58161.93111979166,59147.7265625,4370400
2024-11-27,59049.148080616695,60034.943541061046,58654.829896438954,59344.88671875,4937400
2024-11-28,59443.4651953125,59739.203828125,58851.9879296875,59147.7265625,3774500
2024-11-29,59147.72727272727,59640.625,58063.35227272727,59640.625,5587400
2024-12-02,59837.781592766965,59837.781592766965,59049.14526205505,59542.04296875,2789900
2024-12-03,59246.3050337061,59443.464118676835,58753.407321279265,58950.56640625,4019600
2024-12-04,58556.24891082186,58950.56708530551,57176.13530012909,57274.71484375,8857200
2024-12-05,57570.45522540983,60330.6825307377,57274.71658555327,60133.5234375,8615300
2024-12-06,59936.36292962357,61020.737916837155,59640.62429674713,60232.1015625,7825300
2024-12-09,60724.99928396072,60724.99928396072,59936.36292962357,60232.1015625,4410300
2024-12-10,60232.10191586143,60330.68146073191,59640.62464663857,59936.36328125,4226800
2024-12-11,59837.78337239583,59936.362916666665,59049.14701822917,59147.7265625,4821400
2024-12-12,59443.4651953125,59640.624283854166,59049.14701822917,59147.7265625,3772900
2024-12-13,58950.56887807377,60429.26207735656,58753.40978483606,60133.5234375,5596800
2024-12-16,60133.5234375,60527.84162397541,59344.88706454918,60133.5234375,3621300
2024-12-17,60133.521649564675,60133.521649564675,59344.88530006219,59443.46484375,3676200
2024-12-18,59344.88671875,59640.625356883305,59049.148080616695,59344.88671875,4076200
2024-12-19,58950.56640625,59049.145948735364,58556.24823630853,58950.56640625,7103100
2024-12-20,59147.72586633663,59936.362211221116,58753.40769389438,59739.203125,3751400
2024-12-23,59739.205251024585,60232.10298411885,59640.625704405735,60133.5234375,5538600
2024-12-24,60330.68217271615,60429.26171875,59837.7844425469,60429.26171875,3062600
2024-12-25,60429.26066368569,61415.0561068127,60429.26066368569,61316.4765625,6300500
2024-12-26,61513.633841463416,61513.633841463416,59640.62255462398,60626.41796875,6554700
2024-12-27,59739.2034939943,60724.99893118892,59542.044406555375,60527.83984375,6947200
2024-12-30,59640.625704405735,60330.6825307377,59640.625704405735,60133.5234375,4178100
2024-12-31,60034.94389088114,60133.5234375,59640.625704405735,60133.5234375,4520300
2025-01-02,60034.94175433168,60330.68038366336,59443.46449566831,59739.203125,3969400
2025-01-03,59739.204178220985,59837.78372306954,57767.61328125,57767.61328125,6604400
2025-01-06,57570.45345394737,58457.66934621711,56190.33984375,56190.33984375,5409900
2025-01-07,56486.07705095228,56978.974756457974,55598.86118104203,56288.91796875,5532900
2025-01-08,56288.91940754088,57274.71484375,55697.44214581541,57274.71484375,3068200
2025-01-09,57176.13707755633,57176.13707755633,56683.23934412912,56880.3984375,1738300
2025-01-10,56683.23828125,57176.13600543478,56091.761012228264,56683.23828125,3594100
2025-01-13,55796.02132417103,56880.39629690227,55697.44178119546,56486.078125,3791900
2025-01-14,56486.079545454544,56683.23863636364,55796.02272727273,56387.5,2917600
2025-01-15,56584.65766797557,57077.5553828534,55993.180410122164,56486.078125,3242300
2025-01-16,56584.65766797557,57077.5553828534,55993.180410122164,56486.078125,3242300
2025-01-17,56486.080250758234,56978.97798418544,56387.500704072794,56880.3984375,2697800
2025-01-20,56880.397370923914,57077.55646059783,56486.079191576086,56683.23828125,2216200
2025-01-21,56880.3984375,57373.29617092721,56387.500704072794,56880.3984375,3419600
2025-01-22,57077.553952526134,57176.13349303136,56584.65625,56584.65625,3103000
2025-01-23,56486.07851430532,58654.828474714945,56486.07851430532,58359.08984375,5657500
2025-01-24,58359.08881031614,59246.3046875,57767.61155886023,59246.3046875,6757300
2025-01-27,59246.3046875,59246.3046875,59246.3046875,59246.3046875,0
2025-01-28,59246.3046875,59246.3046875,59246.3046875,59246.3046875,0
2025-01-29,59246.3046875,59246.3046875,59246.3046875,59246.3046875,0
2025-01-30,59246.3046875,59246.3046875,59246.3046875,59246.3046875,0
2025-01-31,59246.3046875,59246.3046875,59246.3046875,59246.3046875,0
2025-02-03,58161.92900587249,58753.40625,57669.031302432886,58753.40625,5157500
2025-02-04,59049.144872063756,59049.144872063756,58161.92900587249,58753.40625,3638100
2025-02-05,58753.409090909096,58950.568181818184,58260.51136363637,58556.25,2780100
2025-02-06,58654.82990297166,58753.40944902707,57866.19353452834,58260.51171875,4148800
2025-02-07,58063.3515625,58161.93110674873,56978.976575764005,58063.3515625,6955900
2025-02-10,57471.87211454704,57471.87211454704,56584.65625,56584.65625,5927400
2025-02-11,56584.65872949911,56584.65872949911,55598.86328125,55598.86328125,5986000
2025-02-12,55993.18146054965,56486.0791846742,55598.86328125,55598.86328125,4848400
2025-02-13,55204.54436587591,55204.54436587591,54021.58984375,54021.58984375,11353700
2025-02-14,54317.32670969203,54514.48579030797,53035.79268568841,54415.90625,11169000
2025-02-17,54415.910177911275,54415.910177911275,53331.53515625,53331.53515625,5933200
2025-02-18,53232.95384174312,54218.749283256875,53035.794753440365,53725.8515625,4497600
2025-02-19,53923.011711749554,55303.12535702285,53627.2730734767,55007.38671875,7547500
2025-02-20,55105.96520888448,55894.6015625,54908.8061204806,55894.6015625,6194500
2025-02-21,55993.18077667814,57471.873930991824,55796.02168943632,57274.71484375,10123600
2025-02-24,57274.71449593322,57669.03266802226,56486.07815175514,57570.453125,6243200
2025-02-25,57274.71590909091,57570.45454545455,56584.659090909096,57471.875,7929200
2025-02-26,57471.87323653109,58260.509575968914,56978.975524382455,57866.19140625,4977600
2025-02-27,57866.192826098544,57964.772370947096,57373.2951018558,57767.61328125,3222900
2025-02-28,57176.13636363637,57866.193181818184,56978.97727272727,57471.875,5283200
2025-03-03,57373.29615752551,58260.51207748724,56978.97797087585,57964.7734375,5938000
2025-03-04,57866.191780462184,59049.14629726891,57570.4531512605,58654.828125,6414100
2025-03-05,58950.56533137584,59344.88349412752,58457.667627936244,58753.40625,7188800
2025-03-06,58950.56783875202,61020.73828125,58753.4087489903,61020.73828125,13451900
2025-03-07,60922.15873636914,61119.31782613086,60429.26101196486,61020.73828125,5404100
2025-03-10,61119.317473874595,61415.0561068127,60527.84020799839,61316.4765625,8125200
2025-03-11,60527.84056299603,62302.272371031744,60527.84056299603,62105.11328125,9576900
2025-03-12,62105.11363636364,62105.11363636364,61020.73863636364,61809.375,8817600
2025-03-13,61809.37246570122,61907.95200711382,60330.679344512195,60626.41796875,7327800
2025-03-14,60626.41796875,61415.05430005081,60330.679344512195,60626.41796875,8759800
2025-03-17,60823.577778477826,61119.31640625,60527.83915070565,61119.31640625,3541900
2025-03-18,61316.47441343042,61612.21303600323,60527.83808656958,60922.15625,5349100
2025-03-19,60330.68035714286,60527.83944327731,58161.930409663866,58654.828125,13416400
2025-03-20,58950.567473958334,59147.7265625,58161.93111979166,59147.7265625,4063500
2025-03-21,59147.72621268657,59443.46484375,58556.248950559704,59443.46484375,3129500
2025-03-24,58950.56712531095,59443.46484375,58654.828494247515,59443.46484375,2855200
2025-03-25,59542.045454545456,60429.26136363637,59049.14772727273,59640.625,5513700
2025-03-26,59739.204191509045,60330.68146073191,59640.62464663857,59936.36328125,2416100
2025-03-27,59936.36113410596,59936.36113410596,59147.724803394034,59542.04296875,3190000
2025-03-28,59246.3050337061,59837.782288618306,58063.35052388169,58950.56640625,7228900
2025-03-31,58161.9296875,58359.08877118644,57274.71381091102,58161.9296875,6534800
2025-04-01,57767.61328125,58063.35191579565,56880.39737761305,57767.61328125,5640900
2025-04-02,57767.61434417517,58851.98935746173,57176.13706420068,57964.7734375,7441200
2025-04-03,54317.329903164995,55500.284456409965,53923.01171875,53923.01171875,14956500
2025-04-04,50176.98863636364,52740.05681818182,50176.98863636364,52050.0,28985900
2025-04-08,48501.13743006104,49289.77381103764,48451.84765625,48451.84765625,11930200
2025-04-09,45100.14134290541,48501.13560810811,45100.14134290541,45593.0390625,20206600
2025-04-10,48747.5859375,48747.5859375,48747.5859375,48747.5859375,411300
2025-04-11,50275.566812381854,52148.578125,49881.24864130435,52148.578125,12779000
2025-04-14,54218.75069015018,55796.0234375,53528.69386318463,55796.0234375,15361600
2025-04-15,55204.54301663748,56781.8156742557,54317.327146727235,56288.91796875,12059800
2025-04-16,55796.02060409331,56880.395562830105,54810.22518705986,55993.1796875,9252400
2025-04-17,55105.963812169895,55993.1796875,54810.22518705986,55993.1796875,5398300
2025-04-18,56091.75992548932,56781.81672597864,55401.703125,55401.703125,6353500
2025-04-21,55500.28337174011,55796.02200427158,54514.48792996853,54810.2265625,4632900
2025-04-22,54613.066808464224,56486.078125,51261.36234729494,56486.078125,16304400
2025-04-23,57669.03479751275,58457.67117081207,57373.29615752551,57964.7734375,8393400
2025-04-24,57964.77237751256,59049.147370969426,57570.4541980737,58851.98828125,7681300
2025-04-25,58654.82954545455,59640.625,58556.25,59640.625,10315100
2025-04-28,60034.94140625,61119.31637417898,58753.40735324302,60034.94140625,7707900
2025-04-29,59936.36328125,60232.10191586143,59640.62464663857,59936.36328125,5701400
2025-04-30,59936.36328125,59936.36328125,59936.36328125,59936.36328125,0
2025-05-01,59936.36328125,59936.36328125,59936.36328125,59936.36328125,0
2025-05-02,59936.36328125,59936.36328125,59936.36328125,59936.36328125,0
2025-05-05,59936.36328125,59936.36328125,59936.36328125,59936.36328125,0
2025-05-06,59936.36434426229,60527.84162397541,59147.72797131147,60133.5234375,5099700
2025-05-07,60133.52272727273,60330.68181818182,59246.30681818182,59640.625,4110300
2025-05-08,59049.14560368136,59640.62285513727,58260.50926840682,59246.3046875,7742800
2025-05-09,59246.30575637438,59443.46484375,58063.35123212064,59443.46484375,9463100
2025-05-12,59443.46484375,59443.46484375,59443.46484375,59443.46484375,0
2025-05-13,59837.783736379526,60034.94282612048,59246.30646715666,59936.36328125,6434100
2025-05-14,60330.68216043307,62795.17081077756,60133.52306840551,62598.01171875,17084400
2025-05-15,62893.74716796875,63386.64487304688,62696.5880859375,63090.90625,9926500
2025-05-16,63090.90979782271,63682.38707717729,62105.11433223172,63386.6484375,9777600
2025-05-19,62598.008885645606,63485.22475961538,62203.69071943681,62795.16796875,6532900
2025-05-20,62598.008885645606,63485.22475961538,62203.69071943681,62795.16796875,6532900
2025-05-21,62598.01031805448,64273.8625627898,62400.85123043856,63780.96484375,11898400
2025-05-22,63978.125716854585,63978.125716854585,62696.591611586315,63386.6484375,6780600
2025-05-23,62992.33025126361,63879.546170295485,62696.591611586315,63386.6484375,8712800
2025-05-26,63288.06606104651,64076.70239825582,61513.63430232558,63583.8046875,7017400
2025-05-27,63288.06606104651,64076.70239825582,61513.63430232558,63583.8046875,7017400
2025-05-28,63879.546170295485,63978.125716854585,62598.012065027215,63386.6484375,8162000
2025-05-29,63386.64701814829,64569.60155036879,63090.908385093164,63485.2265625,10272900
2025-05-30,63583.80753061819,63682.38707717729,62499.432518468115,63386.6484375,7333000
2025-06-02,61119.31890368852,61119.31890368852,59147.72797131147,60133.5234375,14330200
2025-06-03,61119.31890368852,61119.31890368852,59147.72797131147,60133.5234375,14330200
2025-06-04,60133.52307441907,61907.954902844554,60133.52307441907,61513.63671875,6563500
2025-06-05,61907.95490925775,61907.95490925775,60232.1026266823,60429.26171875,6679500
2025-06-06,60133.52132293355,61316.47584076175,60133.52132293355,60823.578125,5366600
2025-06-09,59640.625,59837.784090909096,59049.14772727273,59640.625,7249100
2025-06-10,59640.625,59837.784090909096,59049.14772727273,59640.625,7249100
2025-06-11,60133.520261686994,62006.53154852642,59739.202096036584,60626.41796875,10555000
2025-06-12,60626.42010172657,61316.47691589257,60626.42010172657,61020.73828125,4240600
2025-06-13,61612.21625861221,62598.01171875,61217.89807455709,62598.01171875,10592900
2025-06-16,62105.11433223172,63386.6484375,61710.79614599533,63386.6484375,8355900
2025-06-17,62105.11433223172,63386.6484375,61710.79614599533,63386.6484375,8355900
2025-06-18,63485.2265625,63583.806106851705,62893.749296389746,63485.2265625,5183800
2025-06-19,63386.64521806319,64372.44063358517,62696.5884271978,62795.16796875,7677600
2025-06-20,62696.5880859375,63386.64487304688,62203.69038085938,63090.90625,7897700
2025-06-23,62992.32814903846,64076.703125,62302.27134615385,64076.703125,7778400
2025-06-24,62992.32814903846,64076.703125,62302.27134615385,64076.703125,7778400
2025-06-25,64865.34090909091,64963.920454545456,63978.125,63978.125,8021100
2025-06-26,63879.54403846154,64273.862211538464,63583.80540865385,64076.703125,6367900
2025-06-27,64076.70239825582,64372.441024709304,63288.06606104651,63583.8046875,5205000
2025-06-30,65259.6583730916,65358.23791746183,64471.02201812977,64569.6015625,5031900
2025-07-01,65259.6583730916,65358.23791746183,64471.02201812977,64569.6015625,5031900
2025-07-02,64569.600109011626,64865.33873546511,63386.64560319768,63583.8046875,7109600
2025-07-03,63583.80434389468,64175.28159360532,63386.645260657795,63879.54296875,5786300
2025-07-04,63780.966611716365,65653.97799598624,63780.966611716365,64471.0234375,12680700
2025-07-07,65653.97798402255,65851.13707706767,64865.34161184211,65555.3984375,6683300
2025-07-08,65653.97798402255,65851.13707706767,64865.34161184211,65555.3984375,6683300
2025-07-09,65653.97586495536,66344.03266834078,65062.49860491072,66245.453125,8520700
2025-07-10,66541.19247368907,66738.3515625,65851.13566285081,66738.3515625,7522700
2025-07-11,67034.0859375,67428.40409007353,66344.02917049632,67034.0859375,6943600
2025-07-14,66935.50786911232,68019.8828125,65456.81476449275,68019.8828125,8671000
2025-07-15,66935.50786911232,68019.8828125,65456.81476449275,68019.8828125,8671000
2025-07-16,68414.20454545454,70385.79545454546,68315.625,68315.625,10076100
2025-07-17,68217.04334821428,69005.6796875,67526.98655133929,69005.6796875,6383800
2025-07-18,68808.52132092198,69794.31675531915,68611.36223404255,69498.578125,6844300
2025-07-21,69991.47511160714,69991.47511160714,68217.04334821428,69005.6796875,7601100
2025-07-22,69991.47511160714,69991.47511160714,68217.04334821428,69005.6796875,7601100
2025-07-23,69005.68181818182,69400.0,68019.88636363637,69400.0,7908200
2025-07-24,70800.0,71000.0,70000.0,70500.0,7547700
2025-07-25,70000.0,70000.0,68800.0,69500.0,6607100
2025-07-28,70600.0,71000.0,69600.0,70200.0,9571200
2025-07-29,70600.0,71000.0,69600.0,70200.0,9571200
2025-07-30,70200.0,70200.0,66400.0,66600.0,18358200
2025-07-31,67500.0,67900.0,66100.0,67100.0,13161600
2025-08-01,67200.0,67800.0,65200.0,65300.0,14552200
2025-08-04,65200.0,67000.0,65200.0,67000.0,8211500
2025-08-05,65200.0,67000.0,65200.0,67000.0,8211500
2025-08-06,67300.0,69500.0,66000.0,69300.0,15697200
2025-08-07,68900.0,72400.0,68500.0,72400.0,18002400
2025-08-08,72700.0,72800.0,71600.0,72400.0,8095800
2025-08-11,72000.0,73700.0,71700.0,72100.0,10677600
2025-08-12,72000.0,73700.0,71700.0,72100.0,10677600
2025-08-13,72300.0,72500.0,71000.0,72200.0,7809000
2025-08-14,72500.0,72500.0,70000.0,70900.0,11739600
2025-08-15,71000.0,71900.0,70100.0,71900.0,9930500
2025-08-18,70600.0,71000.0,69200.0,70000.0,8199100
2025-08-19,70600.0,71000.0,69200.0,70000.0,8199100
2025-08-20,70000.0,70000.0,68000.0,68000.0,14132300
2025-08-21,68500.0,70700.0,68100.0,69400.0,11461600
2025-08-22,69400.0,71600.0,69200.0,71000.0,12495000
2025-08-25,70300.0,70600.0,68600.0,68800.0,6387100
2025-08-26,70300.0,70600.0,68600.0,68800.0,6387100
2025-08-27,69000.0,73600.0,68600.0,73600.0,16810900
2025-08-28,75000.0,76600.0,74600.0,75000.0,12565000
2025-08-29,75000.0,77300.0,74500.0,77300.0,11875600
2025-09-01,77300.0,77300.0,77300.0,77300.0,0
2025-09-02,77300.0,77300.0,77300.0,77300.0,0
2025-09-03,76900.0,77600.0,75700.0,75800.0,8068800
2025-09-04,76900.0,77600.0,75700.0,75800.0,8068800
2025-09-05,76000.0,77500.0,73900.0,77500.0,12031500
2025-09-08,74500.0,76800.0,74000.0,74000.0,13715000
2025-09-09,74500.0,76800.0,74000.0,74000.0,13715000
2025-09-10,74600.0,76000.0,73700.0,76000.0,6933700
2025-09-11,75600.0,76300.0,74500.0,75500.0,7770800
2025-09-12,75400.0,79400.0,74000.0,78800.0,18120100
2025-09-15,79000.0,79600.0,78100.0,79500.0,8395500
2025-09-16,79000.0,79600.0,78100.0,79500.0,8395500
2025-09-17,79600.0,81400.0,78900.0,80300.0,8927700
2025-09-18,79800.0,81100.0,78000.0,78000.0,8298600
2025-09-19,78000.0,78500.0,76700.0,78500.0,8718800
2025-09-22,77900.0,77900.0,76000.0,76500.0,8126100
2025-09-23,77900.0,77900.0,76000.0,76500.0,8126100
2025-09-24,76800.0,78200.0,76300.0,77800.0,4466900
2025-09-25,77700.0,79200.0,77100.0,79200.0,4391900
2025-09-26,78800.0,79000.0,78100.0,79000.0,5302400
2025-09-29,77900.0,77900.0,76600.0,77000.0,6021900
2025-09-30,77900.0,77900.0,76600.0,77000.0,6021900
2025-10-01,76800.0,77800.0,76200.0,77700.0,7817600
2025-10-02,77500.0,78300.0,77200.0,77700.0,4989600
2025-10-03,77800.0,78500.0,76900.0,77100.0,4725900
2025-10-06,78400.0,78700.0,77200.0,77600.0,9452100
2025-10-07,78400.0,78700.0,77200.0,77600.0,9452100
2025-10-08,78000.0,79500.0,77500.0,78000.0,7199900
2025-10-09,79000.0,81300.0,78500.0,80800.0,17337700
2025-10-10,80800.0,81900.0,80500.0,81500.0,7782900
2025-10-13,81200.0,83000.0,81000.0,83000.0,7962500
2025-10-14,81200.0,83000.0,81000.0,83000.0,7962500
2025-10-15,83900.0,85000.0,82400.0,84200.0,12093100
2025-10-16,84000.0,84700.0,83000.0,83300.0,5687400
2025-10-17,83300.0,84800.0,83000.0,84500.0,6629400
2025-10-20,87000.0,87900.0,79800.0,80900.0,14226400
2025-10-21,87000.0,87900.0,79800.0,80900.0,14226400
2025-10-22,82300.0,83000.0,80500.0,83000.0,12062300
2025-10-23,83000.0,84500.0,81600.0,84500.0,8203100
2025-10-24,86000.0,86800.0,84600.0,85700.0,9156600
2025-10-27,85700.0,85700.0,81000.0,81000.0,9884200
2025-10-28,85700.0,85700.0,81000.0,81000.0,9884200
2025-10-29,80900.0,84400.0,80400.0,84200.0,8277300
2025-10-30,83000.0,84400.0,83000.0,84100.0,5076100
2025-10-31,84200.0,84400.0,83500.0,83900.0,5652200
2025-11-03,83000.0,83300.0,81000.0,81000.0,6146600
2025-11-04,80900.0,82000.0,78500.0,81800.0,13681700
2025-11-05,80900.0,82000.0,78500.0,81800.0,13681700
2025-11-06,80300.0,81000.0,78800.0,80300.0,4495500
2025-11-07,79600.0,80500.0,75500.0,76500.0,8643300
2025-11-10,76300.0,79300.0,76300.0,76800.0,7274200
2025-11-11,77500.0,79100.0,77500.0,78000.0,5881500
2025-11-12,78000.0,80500.0,77900.0,80500.0,5083400
2025-11-13,80100.0,80500.0,79500.0,80100.0,3798700
2025-11-14,79200.0,82000.0,79200.0,81400.0,3951700
2025-11-17,81200.0,82400.0,81200.0,82400.0,4514700
2025-11-18,82500.0,83200.0,81900.0,83000.0,4417900
2025-11-19,83000.0,83200.0,81600.0,82400.0,6064700
2025-11-20,82300.0,82300.0,80800.0,81000.0,5080700
2025-11-21,80400.0,80400.0,78100.0,80000.0,8331600
2025-11-24,80300.0,80400.0,79200.0,79300.0,4147400
2025-11-25,79000.0,79800.0,78500.0,78500.0,4223700
2025-11-26,78500.0,80200.0,78500.0,80200.0,4735000
2025-11-27,80000.0,80100.0,79500.0,80000.0,3506200
2025-11-28,80000.0,80100.0,79200.0,79900.0,3026700
2025-12-01,79700.0,80100.0,79500.0,80000.0,2955600
2025-12-02,79800.0,80100.0,79300.0,80000.0,3953000
2025-12-03,80200.0,85500.0,80200.0,84700.0,15177100
2025-12-04,80200.0,85500.0,80200.0,84700.0,15177100
2025-12-05,85700.0,85700.0,84100.0,85100.0,6818100
2025-12-08,84300.0,85100.0,83500.0,84900.0,4614500
2025-12-09,84500.0,84500.0,82500.0,84000.0,6672700
2025-12-10,83200.0,84400.0,82500.0,83000.0,4887900
2025-12-11,83000.0,83600.0,82300.0,82300.0,3015900
2025-12-12,82300.0,82300.0,78500.0,78500.0,8896500
2025-12-15,78400.0,79200.0,77600.0,77700.0,5323900
2025-12-16,77800.0,82000.0,77500.0,82000.0,7552000
2025-12-17,81900.0,83000.0,80800.0,81900.0,4829800
2025-12-18,81900.0,83000.0,80800.0,81900.0,4829800
2025-12-19,81500.0,83000.0,81300.0,82900.0,5439900
2025-12-22,82700.0,85000.0,82700.0,85000.0,7856400
2025-12-23,85000.0,88000.0,84900.0,87500.0,13817800
2025-12-24,87600.0,88000.0,87000.0,88000.0,6357400
2025-12-25,87600.0,88000.0,87000.0,88000.0,6357400
2025-12-26,84200.0,87000.0,82600.0,87000.0,9310200
2025-12-29,86200.0,87700.0,86100.0,87100.0,6228800
2025-12-30,87000.0,88500.0,86600.0,88500.0,7753100
2025-12-31,88000.0,88400.0,87600.0,88400.0,4804600
2026-01-01,88400.0,88400.0,88400.0,88400.0,0
2026-01-02,88400.0,88400.0,88400.0,88400.0,0
2026-01-05,87900.0,88200.0,85800.0,87400.0,5947300
2026-01-06,86800.0,89300.0,86800.0,88800.0,6390700
2026-01-07,89000.0,89900.0,88300.0,89800.0,4998000
2026-01-08,89800.0,89800.0,86200.0,87500.0,10543900
2026-01-09,86400.0,87500.0,85600.0,86000.0,6472200
2026-01-12,86000.0,87500.0,85000.0,87500.0,8471500
2026-01-13,87500.0,88700.0,86200.0,87100.0,6657100
2026-01-14,87100.0,87300.0,85100.0,86000.0,6951400
2026-01-15,85000.0,86900.0,84000.0,84000.0,7636600
2026-01-16,83800.0,87400.0,83800.0,87000.0,7671600
2026-01-19,87400.0,87400.0,85500.0,86700.0,3055300
2026-01-20,86700.0,88300.0,86000.0,86000.0,6841300
2026-01-21,85900.0,85900.0,84400.0,85400.0,5383600
2026-01-22,85000.0,86600.0,85000.0,86500.0,5450600
2026-01-23,86600.0,87700.0,85800.0,85800.0,6722800
2026-01-26,85800.0,85900.0,83900.0,84100.0,6030600
2026-01-27,84200.0,85800.0,84000.0,85000.0,5418600
2026-01-28,84900.0,85800.0,84300.0,85500.0,6085200
2026-01-29,85700.0,89500.0,85300.0,89500.0,15892000
2026-01-30,90000.0,93400.0,89800.0,92900.0,20845900
2026-02-02,93100.0,93900.0,90500.0,93700.0,13866200
2026-02-03,94400.0,94400.0,91500.0,91500.0,10130300
2026-02-04,91500.0,91900.0,90600.0,91800.0,7656400
2026-02-05,91700.0,91800.0,90200.0,90200.0,5643400
2026-02-06,89700.0,89900.0,86000.0,88400.0,13814700
2026-02-09,89000.0,90000.0,88500.0,89300.0,5452400
2026-02-10,89700.0,89700.0,87800.0,89300.0,5950600
2026-02-11,89500.0,91900.0,89300.0,91900.0,8987000
2026-02-12,92500.0,93900.0,91100.0,92900.0,7890300
2026-02-13,91900.0,93200.0,91500.0,92800.0,5511500
2026-02-16,92800.0,92800.0,92800.0,92800.0,0
2026-02-17,92800.0,92800.0,92800.0,92800.0,0
2026-02-18,92800.0,92800.0,92800.0,92800.0,0
2026-02-19,92800.0,92800.0,92800.0,92800.0,0
2026-02-20,92800.0,92800.0,92800.0,92800.0,0
2026-02-23,92900.0,93100.0,91100.0,92000.0,5003100
2026-02-24,91600.0,92200.0,90500.0,92200.0,6601300
2026-02-25,92200.0,94100.0,92000.0,93000.0,8132700
2026-02-26,93000.0,94300.0,92500.0,93600.0,5011100
2026-02-27,93700.0,93900.0,92600.0,93100.0,5224300
2026-03-02,91800.0,92200.0,90000.0,90000.0,10738700
2026-03-03,91800.0,92200.0,90000.0,90000.0,10738700
2026-03-04,87100.0,88800.0,83800.0,88800.0,13414100
2026-03-05,88900.0,89000.0,85200.0,85200.0,11270500
2026-03-06,84800.0,84800.0,81700.0,82700.0,13359400
2026-03-09,77000.0,77000.0,77000.0,77000.0,4983800
2026-03-10,79000.0,81800.0,77400.0,81000.0,21042400
2026-03-11,81000.0,86600.0,80500.0,86500.0,17339300
2026-03-12,84000.0,86500.0,83100.0,84600.0,10104500
2026-03-13,84500.0,84500.0,82000.0,82000.0,6260000
2026-03-16,81900.0,82200.0,80400.0,80600.0,5282300
2026-03-17,81500.0,83800.0,81500.0,82700.0,3811100
2026-03-18,82800.0,84300.0,82400.0,83700.0,4304400
2026-03-19,82000.0,82600.0,81400.0,82400.0,7916000
2026-03-20,82100.0,82100.0,79700.0,79700.0,6488600
2026-03-23,78000.0,78100.0,74200.0,74200.0,17473900
2026-03-24,76600.0,76800.0,75000.0,76000.0,7903300
2026-03-25,77000.0,79500.0,76800.0,79200.0,7550200
2026-03-26,78000.0,78900.0,77400.0,78500.0,7066800
2026-03-27,78600.0,81800.0,78200.0,81000.0,7595000
2026-03-30,78900.0,80800.0,78600.0,80800.0,6027600
2026-03-31,80800.0,82100.0,80500.0,81800.0,6582900
2026-04-01,83000.0,83900.0,81800.0,82400.0,5736600
2026-04-02,81800.0,81800.0,80000.0,81800.0,5675700
2026-04-03,81500.0,81500.0,79200.0,79300.0,6903100
2026-04-06,78300.0,79300.0,77600.0,78300.0,6411000
2026-04-07,78400.0,78800.0,76600.0,78000.0,3806200
2026-04-08,80600.0,82000.0,79900.0,81900.0,10192500
2026-04-09,80900.0,82000.0,80700.0,80700.0,3649300
2026-04-10,81300.0,82200.0,81000.0,81500.0,4667000
2026-04-13,80800.0,81300.0,79800.0,81300.0,4806700
2026-04-14,82100.0,82700.0,81400.0,81600.0,4600700
2026-04-15,82000.0,82000.0,80000.0,80000.0,3798700
2026-04-16,80200.0,82000.0,80200.0,81300.0,5775900
2026-04-17,82600.0,86900.0,82500.0,86900.0,15089000
2026-04-20,87500.0,88500.0,86400.0,87300.0,10168300
2026-04-21,87400.0,87400.0,85600.0,85600.0,7226400
2026-04-22,85400.0,86400.0,84800.0,86400.0,9172200
2026-04-23,86400.0,86800.0,84300.0,84500.0,5417100
2026-04-24,84500.0,85200.0,83500.0,83500.0,4634400
2026-04-27,83500.0,83500.0,83500.0,83500.0,0
2026-04-28,83700.0,85900.0,83700.0,85600.0,5380700
2026-04-29,85000.0,85700.0,84000.0,84000.0,4897200
2026-04-30,84000.0,84000.0,84000.0,84000.0,0
2026-05-01,84000.0,84000.0,84000.0,84000.0,0
2026-05-04,84700.0,85400.0,83400.0,84900.0,6372100
2026-05-05,84600.0,85400.0,84100.0,84800.0,4720200
2026-05-06,85200.0,86400.0,84900.0,86000.0,6696800
2026-05-07,86200.0,87400.0,86000.0,86000.0,6344700
2026-05-08,85700.0,85900.0,84600.0,84600.0,4605300
2026-05-11,84300.0,85200.0,83500.0,83500.0,5716900
2026-05-12,83500.0,84300.0,82600.0,83800.0,4934800
2026-05-13,84000.0,84300.0,82700.0,83700.0,3536900
2026-05-14,83700.0,84600.0,83200.0,84200.0,4001800
2026-05-15,84500.0,84600.0,82000.0,82000.0,6691900
2026-05-18,82000.0,82000.0,79000.0,79000.0,11953700
2026-05-19,79200.0,79700.0,78100.0,78200.0,7953500
2026-05-20,78200.0,78800.0,74200.0,77200.0,8786000
2026-05-21,78200.0,79500.0,77700.0,79500.0,6597700
2026-05-22,80200.0,81000.0,79100.0,79400.0,6083900
2026-05-25,80100.0,80100.0,78400.0,78700.0,2510300
2026-05-26,79000.0,79400.0,78300.0,78500.0,2518800
2026-05-27,79100.0,80400.0,78800.0,80000.0,4631100
2026-05-28,80000.0,80300.0,77700.0,77700.0,4026400
2026-05-29,77700.0,78300.0,75800.0,76300.0,7834500
2026-06-01,76500.0,79100.0,76500.0,79100.0,3799400
2026-06-02,79400.0,79400.0,77500.0,77900.0,2969500
