Date,Open,High,Low,Close,Volume
2018-04-19,6278.332766359441,6278.332766359441,5704.314087036458,5820.91162109375,27132594
2018-04-20,5883.69496618242,5883.69496618242,5722.25183244849,5829.88037109375,7329260
2018-04-23,5829.881275824643,5847.819259793943,5435.243348137409,5524.93359375,3416126
2018-04-24,5435.243348137409,5560.8095616886,5148.233650032066,5524.93359375,4034011
2018-04-25,5524.93359375,5524.93359375,5524.93359375,5524.93359375,0
2018-04-26,5506.994888804005,5542.8708520457185,5291.737806289536,5327.61376953125,2298666
2018-04-27,5372.458920476298,5417.30419921875,5264.830381800829,5417.30419921875,2914729
2018-04-30,5417.30419921875,5417.30419921875,5417.30419921875,5417.30419921875,0
2018-05-01,5417.30419921875,5417.30419921875,5417.30419921875,5417.30419921875,0
2018-05-02,5542.871533771074,5542.871533771074,5327.614424781838,5345.552734375,1744121
2018-05-03,5345.552734375,5345.552734375,5202.047886460147,5345.552734375,1516203
2018-05-04,5462.150280783154,5462.150280783154,5291.738457127691,5345.552734375,995280
2018-05-07,5363.490402400545,5381.4287109375,5237.923871472191,5381.4287109375,1003463
2018-05-08,5560.80919585364,5560.80919585364,5345.552425085097,5399.36669921875,2068703
2018-05-09,5399.366693708388,5399.366693708388,5309.676128321812,5381.4287109375,1372155
2018-05-10,5381.428848936564,5381.428848936564,5202.047713563437,5291.73828125,688030
2018-05-11,5291.738457127691,5345.552734375,5130.295625385765,5345.552734375,2698006
2018-05-14,5345.552556708723,5345.552556708723,5166.171421335597,5291.73828125,940681
2018-05-15,5291.738457127691,5354.521726288536,5166.171593039912,5345.552734375,1743042
2018-05-16,5345.552556708723,5354.521548324164,5237.9240057912775,5291.73828125,1953889
2018-05-17,5309.676264480882,5345.552556708723,5255.86198902216,5291.73828125,1434565
2018-05-18,5273.799498902633,5345.552076918154,5228.9545448504905,5327.61376953125,1733000
2018-05-21,5336.583813428577,5336.583813428577,5282.7695354656325,5300.70751953125,1262697
2018-05-22,5300.707591224174,5336.583885606734,5130.295762997688,5255.8623046875,1542015
2018-05-23,5255.862308647005,5282.769610895719,5184.110045593929,5273.80029296875,1882255
2018-05-24,5264.831296841616,5282.769606915944,5219.986010304941,5255.8623046875,1364568
2018-05-25,5255.862128448799,5273.800112155537,5193.078859709131,5202.0478515625,1145502
2018-05-28,5166.171467578755,5184.109776736283,4861.22412109375,4861.22412109375,732847
2018-05-29,4932.976303215542,5175.140704040167,4932.976303215542,5166.17138671875,2195903
2018-05-30,5157.202389983835,5193.078681935248,5094.419123393417,5148.2333984375,637783
2018-05-31,5130.295544995612,5139.264536768607,5022.6669921875,5022.6669921875,1068736
2018-06-01,5130.295544995612,5130.295544995612,5022.6669921875,5022.6669921875,373974
2018-06-04,5040.60488718727,5345.552556708723,5013.69758657487,5291.73828125,1441966
2018-06-05,5309.676587378336,5309.676587378336,5184.110045593929,5273.80029296875,1707895
2018-06-06,5237.9241401200625,5255.862123810972,5166.171553824256,5184.10986328125,3153619
2018-06-07,5202.047846972159,5202.047846972159,5148.233570133347,5184.10986328125,2512637
2018-06-08,5184.109441500987,5202.047423732457,5112.356861042985,5139.26416015625,4323743
2018-06-11,5184.10951507001,5184.10951507001,5058.542660369586,5112.35693359375,143973
2018-06-12,5112.356751779075,5112.356751779075,4986.790227310333,5058.54248046875,156879
2018-06-13,5058.54248046875,5076.480788082892,5022.666516772567,5058.54248046875,413547
2018-06-14,5058.542959279483,5058.542959279483,4977.82170755644,5022.6669921875,85506
2018-06-15,5049.5737933555165,5049.5737933555165,4977.82153588008,4986.79052734375,97668
2018-06-18,4986.790484000919,4986.790484000919,4843.28564453125,4843.28564453125,165470
2018-06-19,4771.533552604354,4915.038397034172,4511.431164597967,4861.22412109375,2413295
2018-06-20,4861.224296338351,4932.9765582568525,4861.224296338351,4915.03857421875,2412811
2018-06-21,4950.914542294955,5004.7288201753545,4843.285986534158,4915.03857421875,162383
2018-06-22,4897.100268626844,4932.9765625,4897.100268626844,4932.9765625,428907
2018-06-25,4941.945244259326,5022.666818964504,4932.976252795655,4986.79052734375,762416
2018-06-26,4699.780845909861,5004.728510271092,4699.780845909861,4986.79052734375,377284
2018-06-27,4968.8526181440775,4986.790601337582,4843.285758491317,4959.88330078125,157548
2018-06-28,4959.883184077701,4959.883184077701,4843.28564453125,4843.28564453125,165024
2018-06-29,4932.9765625,4932.9765625,4825.3480066466245,4932.9765625,872507
2018-07-02,4932.976209920551,4950.914192691984,4834.316653145534,4843.28564453125,275078
2018-07-03,4843.285593994027,4852.254585286158,4654.935799561111,4681.8427734375,677765
2018-07-04,4681.8431532576815,4699.781137297182,4448.6480576798185,4565.24560546875,1055644
2018-07-05,4645.96643659928,4726.688008963021,4538.337890625,4538.337890625,2897955
2018-07-06,4538.337813163957,4789.47119140625,4538.337813163957,4789.47119140625,1279880
2018-07-09,4843.28564453125,4843.28564453125,4457.616734582963,4843.28564453125,842455
2018-07-10,4843.285816790071,4879.162109375,4825.347833380647,4879.162109375,1036713
2018-07-11,4879.162255284339,4879.162255284339,4771.533700077044,4807.40966796875,306580
2018-07-12,4789.47095080638,4807.40893200612,4762.563979006769,4798.43994140625,516645
2018-07-13,4870.193112789474,4888.131096180921,4825.347828544775,4861.22412109375,1129732
2018-07-16,4843.28564453125,4843.28564453125,4753.595079141948,4843.28564453125,805002
2018-07-17,4843.285961626544,4852.25495359947,4807.40966796875,4807.40966796875,586828
2018-07-18,4816.378670374101,4861.223953068751,4780.502379065166,4843.28564453125,921564
2018-07-19,4834.317136814306,4843.2861290973615,4789.471849632928,4825.34814453125,205118
2018-07-20,4843.2861290973615,4843.2861290973615,4807.409834199038,4825.34814453125,95176
2018-07-23,4834.316889899922,4834.316889899922,4789.471605009032,4816.37890625,244542
2018-07-24,4816.37890625,4816.37890625,4816.37890625,4816.37890625,0
2018-07-25,4771.53351885774,4816.378802785271,4484.523832027975,4735.6572265625,367874
2018-07-26,4735.656745121547,4807.408996651402,4726.68775440107,4753.5947265625,274185
2018-07-27,4753.5948952813205,4807.409167280247,4726.687922164885,4771.533203125,387661
2018-07-30,4645.966618848131,4771.533477921152,4502.462102430499,4592.15234375,809576
2018-07-31,4493.492780029763,4592.152338559159,4493.492780029763,4574.21435546875,489718
2018-08-01,4547.307689403086,4583.183986354616,4484.5244140625,4484.5244140625,500467
2018-08-02,4475.554262512108,4484.523252986323,4305.142466203925,4430.708984375,699299
2018-08-03,4305.142700337039,4484.523496874975,4305.142700337039,4421.740234375,745047
2018-08-06,4421.740941363829,4484.524213902174,4269.267093332931,4287.205078125,1120732
2018-08-07,4296.1743202130665,4323.081296924717,4296.1743202130665,4314.1123046875,356902
2018-08-08,4314.112237365619,4403.80280987036,4314.112237365619,4376.8955078125,837508
2018-08-09,4394.834013239477,4610.091136211841,4394.834013239477,4556.27685546875,1715371
2018-08-10,4565.245123323718,4610.090404452356,4502.461860050048,4583.18310546875,1235211
2018-08-13,4592.15220337473,4672.873776437424,4547.306921202796,4663.90478515625,1252841
2018-08-14,4717.719058609358,4735.657041171706,4663.90478515625,4663.90478515625,1162946
2018-08-15,4663.904853138107,4708.750135963714,4610.090578900593,4619.0595703125,1077290
2018-08-16,4592.152446108002,4681.84301519276,4592.152446108002,4672.8740234375,874032
2018-08-17,4717.71899115293,4843.285518826078,4672.873709622218,4708.75,976014
2018-08-20,4663.90478515625,4717.719058609358,4663.90478515625,4663.90478515625,1060702
2018-08-21,4663.904718469287,4708.75,4663.904718469287,4708.75,1160454
2018-08-22,4708.750492380914,4780.502754873352,4681.843190342441,4726.6884765625,1620194
2018-08-23,4699.780456473598,4789.47101521045,4699.780456473598,4753.5947265625,1397409
2018-08-24,4762.564453125,4762.564453125,4735.6571528807,4762.564453125,1185522
2018-08-27,4771.533209305392,4789.47119140625,4771.533209305392,4789.47119140625,977725
2018-08-28,4771.533865066816,4834.317136814306,4771.533865066816,4825.34814453125,1367878
2018-08-29,4825.347907286253,4861.224200420667,4807.409597836003,4852.2548828125,1313986
2018-08-30,4843.285890970417,4861.224200420667,4807.409597836003,4852.2548828125,1436164
2018-08-31,4852.255121380417,4888.13141627874,4825.34814453125,4825.34814453125,1282186
2018-09-03,4825.34814453125,4825.34814453125,4825.34814453125,4825.34814453125,0
2018-09-04,4816.378985707765,4834.316969653618,4798.440675995823,4807.40966796875,1022617
2018-09-05,4798.440005930926,4816.378313137923,4753.5947265625,4753.5947265625,1068810
2018-09-06,4735.656872640927,4807.409126102891,4421.740234375,4421.740234375,1169715
2018-09-07,4619.059919940795,4726.6884765625,4610.090927850002,4726.6884765625,1243096
2018-09-10,4744.626460744086,4762.564770691766,4708.750492380914,4726.6884765625,1097337
2018-09-11,4726.688055664213,4735.657046956342,4681.8427734375,4681.8427734375,1138101
2018-09-12,4681.8427734375,4726.688055664213,4663.90479085324,4681.8427734375,1157850
2018-09-13,4690.8117704157485,4708.750078787817,4681.842779112747,4699.78076171875,1020274
2018-09-14,4699.78076171875,4717.719070090819,4690.8117704157485,4699.78076171875,1101763
2018-09-17,4699.780756021759,4699.780756021759,4663.90479085324,4681.8427734375,1103921
2018-09-18,4681.8427734375,4681.8427734375,4583.183217691944,4681.8427734375,1269429
2018-09-19,4690.8117704157485,4708.750078787817,4663.904796506743,4699.78076171875,1500285
2018-09-20,4708.75,4744.625964611722,4699.78068308101,4708.75,1679815
2018-09-21,4708.75,4735.656973458792,4699.78068308101,4708.75,1707114
2018-09-24,4717.71899115293,4735.656973458792,4699.78068308101,4708.75,668727
2018-09-25,4708.750311398735,4708.750311398735,4636.997725898034,4654.93603515625,1311419
2018-09-26,4663.90478515625,4762.564340781292,4628.02849426549,4663.90478515625,1044263
2018-09-27,4663.90478515625,4699.7807502809455,4654.935793875076,4663.90478515625,883664
2018-09-28,4663.904796506743,4699.78076171875,4645.966488134674,4699.78076171875,1402505
2018-10-01,4699.78076171875,4726.68806139382,4690.8117704157485,4699.78076171875,1245923
2018-10-02,4699.780514268271,4753.594785018944,4654.935560114416,4690.8115234375,1720950
2018-10-03,4699.780929269667,4726.6882299040035,4690.811937646913,4717.71923828125,1834239
2018-10-04,4717.719113599082,4879.161935840184,4717.719113599082,4843.28564453125,3415642
2018-10-05,4861.223953068751,4870.192944454468,4816.378670374101,4843.28564453125,2571699
2018-10-08,4852.25469919375,4852.25469919375,4753.595141132142,4780.50244140625,2183145
2018-10-09,4735.65691933762,4798.440182456679,4717.718937236762,4789.47119140625,3964200
2018-10-10,4789.47119140625,4807.409173507108,4771.533209305392,4789.47119140625,2074766
2018-10-11,4484.523921120951,4663.905060394796,4466.5859375,4466.5859375,1862952
2018-10-12,4457.616876549501,4538.338127357835,4457.616876549501,4511.43115234375,1400310
2018-10-15,4502.462187412394,4511.431179137022,4197.51451417855,4305.14306640625,1251725
2018-10-16,4314.111822219159,4349.988112921903,4305.142830984989,4332.0498046875,1222938
2018-10-17,4341.019703985351,4484.524234513677,4341.019703985351,4394.833984375,1195936
2018-10-18,4403.80256678292,4439.678533191608,4376.895266210328,4385.8642578125,1038350
2018-10-19,4376.895266210328,4394.833575180748,4341.01929980164,4385.8642578125,1146246
2018-10-22,4385.863698949784,4502.461552218925,4385.863698949784,4412.77099609375,1437280
2018-10-23,4421.740794064871,4421.740794064871,4367.926515715245,4376.8955078125,1174401
2018-10-24,4385.863938429615,4421.740227991832,4376.894947480574,4403.80224609375,1176112
2018-10-25,4385.864666171637,4403.802976812257,4332.050385781988,4394.833984375,929486
2018-10-26,4421.740408194439,4484.523673162435,4421.740408194439,4457.61669921875,1002719
2018-10-29,4457.61669921875,4466.585690533312,4421.740408194439,4457.61669921875,807270
2018-10-30,4457.617435673443,4520.400711014029,4457.617435673443,4484.5244140625,1369998
2018-10-31,4574.214292870437,4636.99755859375,4574.214292870437,4636.99755859375,1146729
2018-11-01,4753.59509302325,4753.59509302325,4610.090578900593,4619.0595703125,1061260
2018-11-02,4628.028723089351,4672.874007478573,4305.14306640625,4305.14306640625,1901707
2018-11-05,4394.833751131238,4448.648028664841,4385.864433403897,4439.6787109375,1791579
2018-11-06,4439.6787109375,4466.586012587346,4430.709718976248,4439.6787109375,923386
2018-11-07,4439.679124314618,4502.462725421324,4439.679124314618,4484.5244140625,950128
2018-11-08,4484.523617637859,4556.2761987980875,4421.740353447206,4538.337890625,2349955
2018-11-09,4538.338370954853,4592.152649637604,4484.524092272103,4502.46240234375,2095445
2018-11-12,4502.461860050048,4583.18310546875,4475.554561066443,4583.18310546875,873734
2018-11-13,4574.2145974885,4574.2145974885,4529.369311623659,4565.24560546875,769780
2018-11-14,4565.2453639235455,4592.152338559159,4565.2453639235455,4574.21435546875,671888
2018-11-15,4583.18310546875,4592.1520965412665,4556.2761322512015,4583.18310546875,869903
2018-11-16,4592.152441401616,4663.905026902317,4592.152441401616,4654.93603515625,937780
2018-11-19,4663.904796506743,4699.78076171875,4663.904796506743,4699.78076171875,1233352
2018-11-20,4708.750078787817,4708.750078787817,4681.842779112747,4699.78076171875,1065277
2018-11-21,4699.78127527017,4843.2861290973615,4654.936313854892,4825.34814453125,1144795
2018-11-22,4932.97642755953,5040.60498046875,4825.34787465031,5040.60498046875,4695634
2018-11-23,5040.605118353375,5040.605118353375,4915.038578446468,4932.9765625,3924701
2018-11-26,4753.594967738022,4834.316539849839,4744.6259765625,4744.6259765625,2233616
2018-11-27,4735.657367397392,4744.626359296413,4610.090829278913,4645.966796875,1165437
2018-11-28,4645.967106196496,4645.967106196496,4484.524263967223,4556.27685546875,1166144
2018-11-29,4628.029121204169,4628.029121204169,4547.307537206478,4556.27685546875,883107
2018-11-30,4610.090712260885,4610.090712260885,4475.554859892225,4511.43115234375,1426792
2018-12-03,4645.96642209964,4753.594967738022,4574.214166929406,4744.6259765625,1761267
2018-12-04,4744.62603245288,4753.595023734054,4663.90478515625,4663.90478515625,1143605
2018-12-05,4663.904967738097,4753.595209827082,4636.9976670751485,4735.6572265625,1709346
2018-12-06,4753.5947265625,4807.408996651402,4717.718763680595,4753.5947265625,2140299
2018-12-07,5055.906274508223,5055.906274508223,4918.017960066718,5044.41552734375,2519237
2018-12-10,5032.924673030135,5032.924673030135,4929.5086022837395,4940.9990234375,1297736
2018-12-11,4929.508608971491,4929.508608971491,4849.073706189572,4860.564453125,932934
2018-12-12,4860.564453125,4860.564453125,4860.564453125,4860.564453125,0
2018-12-13,4940.998816584098,4963.980309461663,4883.54541015625,4883.54541015625,647968
2018-12-14,4918.017862036063,4929.508608971491,4849.073706189572,4860.564453125,940657
2018-12-17,4849.073572438296,4849.073572438296,4711.185264548666,4768.638671875,685621
2018-12-18,4734.166583965676,4734.166583965676,4619.259765625,4619.259765625,1181874
2018-12-19,4734.166634087606,4757.148128305485,4596.2783203125,4596.2783203125,795299
2018-12-20,4665.22265625,4699.694898899854,4653.731908700049,4665.22265625,561456
2018-12-21,4642.2412595995675,4676.713174795338,4607.769018637716,4619.259765625,766820
2018-12-24,4642.241284112631,4642.241284112631,4596.278295920791,4607.76904296875,510507
2018-12-25,4596.277493912731,4596.277493912731,4366.463570352191,4435.40771484375,595915
2018-12-26,4435.407903359396,4573.296198203104,4435.407903359396,4504.35205078125,638010
2018-12-27,4711.185490762637,4711.185490762637,4584.78759765625,4584.78759765625,532454
2018-12-28,4584.78759765625,4584.78759765625,4584.78759765625,4584.78759765625,0
2018-12-31,4584.78759765625,4584.78759765625,4584.78759765625,4584.78759765625,0
2019-01-01,4584.78759765625,4584.78759765625,4584.78759765625,4584.78759765625,0
2019-01-02,4665.222502081738,4665.222502081738,4481.3715246564,4584.78759765625,295708
2019-01-03,4573.296410740543,4665.222053497142,4446.898855554005,4481.37109375,254890
2019-01-04,4481.37111721926,4481.37111721926,4297.51983074322,4469.88037109375,474218
2019-01-07,4619.259656392722,4653.73157077333,4469.880600622581,4515.84326171875,292369
2019-01-08,4550.314986924146,4619.259133649297,4492.861585614192,4527.33349609375,420656
2019-01-09,4596.278667982303,4757.148488143736,4573.2971720260675,4734.1669921875,2296106
2019-01-10,4734.16622410317,4837.582613361559,4734.16622410317,4791.61962890625,1382535
2019-01-11,4826.091843677917,4826.091843677917,4780.129185213138,4803.1103515625,1147211
2019-01-14,4826.09226183469,5067.39697265625,4481.371479065379,5067.39697265625,771378
2019-01-15,4952.489801873248,4952.489801873248,4757.148080291132,4849.07373046875,1284672
2019-01-16,4860.564294691336,4883.545462047025,4780.12939453125,4780.12939453125,351360
2019-01-17,4826.092103510844,4826.092103510844,4745.657202542389,4757.14794921875,300236
2019-01-18,4757.147901409492,4883.545462047025,4757.147901409492,4780.12939453125,396067
2019-01-21,4791.620043829695,4940.999104712601,4780.1296224869275,4826.09228515625,839339
2019-01-22,4895.036442043278,4895.036442043278,4780.1296224869275,4826.09228515625,628865
2019-01-23,4803.11088467732,5009.943359375,4757.148221110978,5009.943359375,2764344
2019-01-24,4849.073496605967,4940.998816584098,4826.092003728402,4883.54541015625,789464
2019-01-25,4895.036368165206,4906.527115100635,4860.564453125,4860.564453125,1048854
2019-01-28,4883.545177329006,4883.545177329006,4826.091773640299,4837.58251953125,665880
2019-01-29,4837.582850187205,4849.073596863566,4745.657202542389,4757.14794921875,804589
2019-01-30,4826.091843677917,4826.091843677917,4791.619605504791,4803.1103515625,556666
2019-01-31,4826.092055008698,4849.073548130456,4780.12939453125,4780.12939453125,563314
2019-02-01,4803.110328216892,4826.091820220608,4780.129161979231,4814.60107421875,387155
2019-02-04,4814.60107421875,4814.60107421875,4814.60107421875,4814.60107421875,0
2019-02-05,4814.60107421875,4814.60107421875,4814.60107421875,4814.60107421875,0
2019-02-06,4814.60107421875,4814.60107421875,4814.60107421875,4814.60107421875,0
2019-02-07,4814.60107421875,4814.60107421875,4814.60107421875,4814.60107421875,0
2019-02-08,4814.60107421875,4814.60107421875,4814.60107421875,4814.60107421875,0
2019-02-11,4837.582750167185,4883.54541015625,4837.582750167185,4883.54541015625,952559
2019-02-12,4895.0361328125,4929.508371961365,4883.545386429545,4895.0361328125,1125728
2019-02-13,4906.52685546875,4929.508348123528,4872.054616486585,4906.52685546875,894788
2019-02-14,4918.01762557841,4918.01762557841,4860.5642194297,4895.0361328125,953808
2019-02-15,4906.526926984622,4918.017673479496,4826.092027286572,4872.0546875,1558607
2019-02-18,4872.0546875,4872.0546875,4872.0546875,4872.0546875,0
2019-02-19,4895.036392674518,4895.036392674518,4826.092236482825,4849.07373046875,814837
2019-02-20,4872.054898688593,4872.054898688593,4780.129574277057,4849.07373046875,1015469
2019-02-21,4860.564294691336,4872.054715486145,4768.638647970371,4780.12939453125,1379487
2019-02-22,4791.620043829695,4860.564526482806,4768.638875378075,4826.09228515625,1010621
2019-02-25,4837.582750167185,4963.980309461663,4837.582750167185,4883.54541015625,962226
2019-02-26,4883.545694934425,4883.545694934425,4780.1296224869275,4826.09228515625,1338002
2019-02-27,4826.091820220608,4826.091820220608,4757.147669975516,4814.60107421875,1699116
2019-02-28,4814.601332582853,4826.092079201334,4745.657178638037,4768.638671875,1533611
2019-03-01,4768.638415977373,4814.60107421875,4757.147669975516,4814.60107421875,1344766
2019-03-04,4814.601280791699,4963.9803336929235,4791.61978780195,4872.0546875,1799621
2019-03-05,4872.054502142696,4883.545248200404,4780.129185213138,4803.1103515625,1802263
2019-03-06,4814.601097620209,4837.582589735625,4780.129185213138,4803.1103515625,543805
2019-03-07,4826.09228515625,4883.545694934425,4814.601538047398,4826.09228515625,828162
2019-03-08,4814.601121133905,4814.601121133905,4768.638462444652,4791.61962890625,386313
2019-03-11,4780.12939453125,4803.11056188694,4745.657154848613,4780.12939453125,172907
2019-03-12,4780.129367073144,4872.0546875,4780.129367073144,4872.0546875,1937111
2019-03-13,4906.526879195455,4918.01762557841,4872.05464004659,4895.0361328125,1593560
2019-03-14,4906.526879195455,4906.526879195455,4826.091980280835,4895.0361328125,812602
2019-03-15,4883.545694934425,4906.52718915213,4826.09228515625,4826.09228515625,1010824
2019-03-18,4826.092003728402,4895.0361565950325,4826.092003728402,4883.54541015625,2727069
2019-03-19,4895.0361565950325,4906.526903033815,4860.56424304475,4883.54541015625,2240919
2019-03-20,4883.545433994874,4895.0361804897475,4814.601280791699,4872.0546875,2007249
2019-03-21,4895.036368165206,4895.036368165206,4803.110718447858,4860.564453125,1465940
2019-03-22,4872.0546875,4883.545433994874,4849.07352027632,4872.0546875,989167
2019-03-25,4860.564081851042,4860.564081851042,4757.1476930977215,4803.1103515625,1365842
2019-03-26,4803.1103515625,4895.035994258113,4803.1103515625,4803.1103515625,978745
2019-03-27,4814.601538047398,4860.564526482806,4791.620043829695,4826.09228515625,933399
2019-03-28,4837.582773781446,4883.545433994874,4814.601280791699,4872.0546875,1466434
2019-03-29,4895.0361565950325,4906.526903033815,4883.54541015625,4883.54541015625,1459728
2019-04-01,4895.0363193182,5216.775927235277,4860.564404621986,5193.79443359375,2296977
2019-04-02,5193.794770477752,5216.776265609923,5101.869115715164,5113.35986328125,2119134
2019-04-03,5124.850278435244,5216.775927235277,5101.868784793717,5193.79443359375,3461607
2019-04-04,5205.285108239627,5239.757022457865,5159.322121593881,5228.2666015625,2408397
2019-04-05,5239.756556136552,5331.682195480888,5216.775390625,5216.775390625,1952933
2019-04-08,5228.266415451161,5274.229074694696,5205.284922946364,5239.7568359375,2629351
2019-04-09,5274.229335573019,5274.229335573019,5193.79443359375,5193.79443359375,4642465
2019-04-10,5170.813325952469,5182.304073631016,5021.434257663575,5090.37841796875,1932495
2019-04-11,5090.377604864435,5170.8125,5078.887184787396,5170.8125,2525479
2019-04-12,5239.757168734459,5239.757168734459,5124.850350444422,5159.322265625,593912
2019-04-15,5159.322265625,5159.322265625,5159.322265625,5159.322265625,0
2019-04-16,5136.341383491567,5159.322552969846,5044.415728280153,5101.869140625,1020520
2019-04-17,5101.868863542672,5101.868863542672,5032.924707319992,5078.8876953125,1607872
2019-04-18,5090.378239924997,5113.359734478276,5009.94333475461,5021.43408203125,2109525
2019-04-19,5044.415454318119,5285.720163980542,4986.962045093566,5078.8876953125,2167558
2019-04-22,5124.850198237015,5124.850198237015,4963.9803967959115,4998.45263671875,2350191
2019-04-23,5055.906068473691,5055.906068473691,4929.508506347519,4986.9619140625,3059791
2019-04-24,4998.4524523173895,5009.9428727683635,4929.50830078125,4929.50830078125,2850566
2019-04-25,4940.998840703176,4940.998840703176,4872.0546875,4872.0546875,1488846
2019-04-26,4872.054616486585,4940.9987686848535,4872.054616486585,4906.52685546875,3042199
2019-04-29,4906.52685546875,4906.52685546875,4906.52685546875,4906.52685546875,0
2019-04-30,4906.52685546875,4906.52685546875,4906.52685546875,4906.52685546875,0
2019-05-01,4906.52685546875,4906.52685546875,4906.52685546875,4906.52685546875,0
2019-05-02,4906.52685546875,4929.508348123528,4895.0361091413615,4906.52685546875,2553058
2019-05-03,4906.526879195455,4929.508371961365,4860.5642194297,4895.0361328125,3310385
2019-05-06,4872.05464004659,4918.01762557841,4803.110487514925,4895.0361328125,944053
2019-05-07,4895.036361524222,4986.962011116857,4895.036361524222,4940.9990234375,4905194
2019-05-08,4906.52731899332,4940.999235466019,4906.52731899332,4918.01806640625,1577680
2019-05-09,4940.9990234375,5009.943179190456,4929.5086022837395,4940.9990234375,4977858
2019-05-10,5021.433455571958,5170.8125,4963.980052122568,5170.8125,7477645
2019-05-13,5193.794130119907,5331.682432380093,5193.794130119907,5262.73828125,4429118
2019-05-14,5239.756742373644,5285.7197265625,5216.77557604527,5285.7197265625,3854133
2019-05-15,5285.720465617016,5320.1923828125,5262.738970309293,5320.1923828125,6347736
2019-05-16,5343.1733160548865,5354.6640625,5297.2106560405,5354.6640625,4653061
2019-05-17,5366.154895160996,5469.5712890625,5354.664148531265,5469.5712890625,2871904
2019-05-20,5481.06201171875,5504.043506243595,5435.09934843515,5481.06201171875,1628107
2019-05-21,5492.55224609375,5504.043318730781,5458.080331246968,5492.55224609375,1702280
2019-05-22,5527.024812472688,5561.49672731947,5469.571403883999,5492.55224609375,1584764
2019-05-23,5492.5522279027255,5492.5522279027255,5400.626904771707,5423.6083984375,1567781
2019-05-24,5400.626904771707,5469.571385769086,5377.645411105914,5423.6083984375,1760632
2019-05-27,5423.608302543577,5492.552130789818,5423.608302543577,5469.5712890625,3020367
2019-05-28,5504.043555870361,5515.533977470297,5458.08056640625,5458.08056640625,2752064
2019-05-29,5458.079937806575,5550.005906147808,5458.079937806575,5527.0244140625,2341191
2019-05-30,5538.514834339099,5561.496326424407,5515.533342253791,5527.0244140625,2942100
2019-05-31,5527.024812472688,5527.024812472688,5481.061824988875,5492.55224609375,2893619
2019-06-03,5492.552130789818,5492.552130789818,5400.626809284116,5469.5712890625,1950436
2019-06-04,5492.552130789818,5504.04320318562,5400.626809284116,5469.5712890625,1511141
2019-06-05,5469.571403883999,5492.55224609375,5458.080331246968,5492.55224609375,1691597
2019-06-06,5515.533739835656,5515.533739835656,5400.626922658279,5492.55224609375,1338147
2019-06-07,5504.043222474821,5538.51513671875,5469.571308230892,5538.51513671875,2250295
2019-06-10,5561.496349215576,5618.949753898237,5515.533364856602,5595.96826171875,2671968
2019-06-11,5595.968680278828,5860.2548828125,5550.006344014135,5860.2548828125,3592042
2019-06-12,5791.310546875,5802.801619879505,5699.385220499842,5791.310546875,3889638
2019-06-13,5722.366139914184,5837.27294921875,5584.4778384422825,5837.27294921875,8829843
2019-06-14,5837.273519754317,5837.273519754317,5676.403710391653,5722.36669921875,7932994
2019-06-17,5722.366236660128,5722.366236660128,5515.533455189375,5630.44091796875,1736159
2019-06-18,5377.645435128568,5745.348032359528,5377.645435128568,5412.11767578125,2285887
2019-06-19,5308.700869320134,5469.570987500809,5308.700869320134,5377.64501953125,875831
2019-06-20,5423.6083984375,5435.099145270397,5331.682749540404,5423.6083984375,2004259
2019-06-21,5469.571385769086,5469.571385769086,5354.664243206197,5423.6083984375,1454705
2019-06-24,5423.608553760979,5423.608553760979,5274.2294921875,5274.2294921875,1439000
2019-06-25,5274.2290273993585,5285.719773548717,5147.831471288531,5262.73828125,2209159
2019-06-26,5274.228793052945,5274.228793052945,5170.81240806981,5216.775390625,1777615
2019-06-27,5216.775390625,5239.756556136552,5182.303153708607,5216.775390625,1014250
2019-06-28,5274.229050995282,5274.229050995282,5170.812660954448,5251.24755859375,1007456
2019-07-01,5251.2475351006415,5297.210519698075,5239.756788951283,5262.73828125,871041
2019-07-02,5331.682384985301,5331.682384985301,5262.738234468072,5285.7197265625,1228410
2019-07-03,5343.172920376313,5343.172920376313,5274.2287725772285,5308.70068359375,1999614
2019-07-04,5308.70068359375,5308.70068359375,5308.70068359375,5308.70068359375,0
2019-07-05,5308.70068359375,5308.70068359375,5308.70068359375,5308.70068359375,0
2019-07-08,5308.70068359375,5308.70068359375,5308.70068359375,5308.70068359375,0
2019-07-09,5308.70068359375,5308.70068359375,5308.70068359375,5308.70068359375,0
2019-07-10,5308.70068359375,5308.70068359375,5308.70068359375,5308.70068359375,0
2019-07-11,5308.70068359375,5308.70068359375,5308.70068359375,5308.70068359375,0
2019-07-12,5308.70068359375,5308.70068359375,5308.70068359375,5308.70068359375,0
2019-07-15,5308.70068359375,5308.70068359375,5308.70068359375,5308.70068359375,0
2019-07-16,5308.70068359375,5308.70068359375,5308.70068359375,5308.70068359375,0
2019-07-17,5400.62651152364,5400.62651152364,5331.682361312524,5377.64501953125,1512070
2019-07-18,5377.645277612039,5377.645277612039,5308.701124092196,5331.6826171875,286302
2019-07-19,5331.68248019063,5354.663972695427,5239.7568359375,5239.7568359375,1581222
2019-07-22,5228.266322092484,5285.7197265625,5205.284829998056,5285.7197265625,865031
2019-07-23,5343.172920376313,5343.172920376313,5251.247281388853,5308.70068359375,629011
2019-07-24,5331.682852900888,5331.682852900888,5239.757202221714,5297.2109375,605728
2019-07-25,5297.2109375,5297.2109375,5297.2109375,5297.2109375,0
2019-07-26,5297.2109375,5297.2109375,5297.2109375,5297.2109375,0
2019-07-29,5297.2109375,5297.2109375,5297.2109375,5297.2109375,0
2019-07-30,5297.2109375,5297.2109375,5297.2109375,5297.2109375,0
2019-07-31,5251.247582189899,5251.247582189899,5170.812684189167,5239.7568359375,448061
2019-08-01,5239.756649292478,5239.756649292478,5159.321754156913,5170.8125,547376
2019-08-02,5159.322578273924,5159.322578273924,5032.925005342121,5090.37841796875,1418156
2019-08-05,5078.887184787396,5285.719632664828,5055.905693101221,5170.8125,631043
2019-08-06,5170.8125,5170.8125,5170.8125,5170.8125,0
2019-08-07,5170.8125,5193.793991686176,5124.849842393698,5170.8125,300033
2019-08-08,5170.812964063156,5182.3037109375,5090.378061708828,5182.3037109375,557450
2019-08-09,5182.3037109375,5182.3037109375,5182.3037109375,5182.3037109375,0
2019-08-12,5239.757095110728,5239.757095110728,5147.831772076772,5193.79443359375,213986
2019-08-13,5170.812939952222,5205.285180414514,5055.906123276739,5193.79443359375,1278982
2019-08-14,5193.794506571659,5193.794506571659,5101.868856479981,5159.322265625,628836
2019-08-15,5124.850050350031,5147.83154296875,5090.377811421952,5147.83154296875,396038
2019-08-16,5147.83154296875,5147.83154296875,5147.83154296875,5147.83154296875,0
2019-08-19,5147.83154296875,5147.83154296875,5147.83154296875,5147.83154296875,0
2019-08-20,5147.83154296875,5147.83154296875,5147.83154296875,5147.83154296875,0
2019-08-21,5136.34079665939,5147.83154296875,5067.396644569295,5147.83154296875,823024
2019-08-22,5147.831844408861,5159.322265625,5113.359603462201,5159.322265625,435520
2019-08-23,5113.359531614481,5216.775927235277,5113.359531614481,5193.79443359375,401293
2019-08-26,5170.812964063156,5182.3037109375,5159.322217188812,5182.3037109375,153892
2019-08-27,5170.812915947739,5239.757070786186,5170.812915947739,5205.28515625,591270
2019-08-28,5193.794361578191,5239.757022457865,5193.794361578191,5228.2666015625,347557
2019-08-29,5262.738234468072,5285.7197265625,5239.756742373644,5285.7197265625,1270795
2019-08-30,5320.191846851205,5354.664086340023,5320.191846851205,5343.17333984375,1758949
2019-09-02,5343.17333984375,5343.17333984375,5343.17333984375,5343.17333984375,0
2019-09-03,5343.172941119687,5343.172941119687,5216.775390625,5216.775390625,789812
2019-09-04,5136.340496919461,5216.775390625,4883.545070164046,5216.775390625,684372
2019-09-05,5239.756861911503,5239.756861911503,5101.868557731312,5147.83154296875,636820
2019-09-06,5147.83154296875,5182.303456130767,5055.905898259935,5147.83154296875,989893
2019-09-09,5147.832156361479,5147.832156361479,5044.415753020667,5090.37841796875,926954
2019-09-10,5032.924780179276,5101.86893740003,4826.092308517019,5044.41552734375,948088
2019-09-11,5044.415454318119,5078.8876953125,4940.999057101058,5078.8876953125,297304
2019-09-12,5078.887971146721,5147.832131113756,5009.943485413586,5101.869140625,231375
2019-09-13,5078.887184787396,5193.793991686176,5032.924201415046,5170.8125,740199
2019-09-16,5170.8125,5239.756649292478,5136.340588236786,5170.8125,186726
2019-09-17,5170.8125,5170.8125,5124.849842393698,5170.8125,413631
2019-09-18,5147.831334079874,5170.8125,5124.849842393698,5170.8125,368807
2019-09-19,5170.81240806981,5216.775390625,5136.340496919461,5216.775390625,1094520
2019-09-20,5216.776215010078,5216.776215010078,5044.415654722791,5136.34130859375,3443114
2019-09-23,5136.341383491567,5136.341383491567,5009.943485413586,5101.869140625,1331615
2019-09-24,5090.377858409966,5124.85009765625,4975.471045787819,5124.85009765625,1137573
2019-09-25,5124.85009765625,5147.831590487106,5055.905944929748,5124.85009765625,406402
2019-09-26,5124.849842393698,5182.303245843088,5055.905693101221,5170.8125,1081804
2019-09-27,5170.812709821407,5170.812709821407,5090.377811421952,5147.83154296875,314461
2019-09-30,5101.868557731312,5159.321963512048,5101.868557731312,5147.83154296875,446290
2019-10-01,5147.831334079874,5182.303245843088,5101.868350707523,5170.8125,1432816
2019-10-02,5147.831334079874,5182.303245843088,5136.340588236786,5170.8125,702168
2019-10-03,5170.812709821407,5170.812709821407,5124.850050350031,5147.83154296875,407941
2019-10-04,5147.83154296875,5147.83154296875,5101.868557731312,5147.83154296875,833417
2019-10-07,5147.831590487106,5170.8127575518965,5101.868604825395,5124.85009765625,807986
2019-10-08,5124.85009765625,5124.85009765625,5078.887437760604,5124.85009765625,280902
2019-10-09,5147.83154296875,5147.83154296875,5124.850050350031,5147.83154296875,262612
2019-10-10,5159.321963512048,5159.321963512048,5101.868557731312,5147.83154296875,612957
2019-10-11,5147.83154296875,5147.83154296875,5090.377811421952,5147.83154296875,401119
2019-10-14,5147.831844408861,5159.322265625,5101.868856479981,5159.322265625,1599395
2019-10-15,5147.83154296875,5147.83154296875,5113.359304040671,5147.83154296875,521132
2019-10-16,5147.83154296875,5159.321963512048,5124.850050350031,5147.83154296875,431804
2019-10-17,5136.340496919461,5262.738047414147,5136.340496919461,5216.775390625,3685173
2019-10-18,5205.284644986203,5239.756556136552,5159.321662431013,5216.775390625,709107
2019-10-21,5216.775390625,5216.775390625,5147.831242558258,5216.775390625,281744
2019-10-22,5170.813225191551,5193.794720100815,5136.34130859375,5136.34130859375,570978
2019-10-23,5124.850050350031,5147.83154296875,5090.377811421952,5147.83154296875,762756
2019-10-24,5147.831334079874,5170.8125,5101.868350707523,5170.8125,857686
2019-10-25,5170.812709821407,5170.812709821407,5113.359304040671,5147.83154296875,251145
2019-10-28,5147.832105979507,5147.832105979507,5113.35986328125,5113.35986328125,380129
2019-10-29,5113.359813684487,5136.34130859375,5101.869066229855,5136.34130859375,377342
2019-10-30,5136.340588236786,5182.303245843088,5090.377604864435,5170.8125,378503
2019-10-31,5170.81301260722,5170.81301260722,5113.359603462201,5159.322265625,253148
2019-11-01,5159.322265625,5170.81301260722,5113.359603462201,5159.322265625,520958
2019-11-04,5124.850050350031,5159.321963512048,5113.359304040671,5147.83154296875,191603
2019-11-05,5147.831796080546,5205.285204686187,5136.341049206203,5182.3037109375,900159
2019-11-06,5170.8125,5170.8125,5147.831334079874,5170.8125,181065
2019-11-07,5170.8125,5182.303245843088,5147.831334079874,5170.8125,659957
2019-11-08,5159.322193131459,5193.79443359375,5147.831772076772,5193.79443359375,1413366
2019-11-11,5228.266674056041,5228.266674056041,5170.812939952222,5193.79443359375,366572
2019-11-12,5216.775927235277,5216.775927235277,5170.812939952222,5193.79443359375,473725
2019-11-13,5193.794457811843,5193.794457811843,5124.850302331859,5182.3037109375,523193
2019-11-14,5182.30375958944,5182.30375958944,5124.850350444422,5159.322265625,999531
2019-11-15,5159.3225277794945,5159.3225277794945,5101.869115715164,5113.35986328125,946521
2019-11-18,5136.341383491567,5136.341383491567,5044.415728280153,5101.869140625,1165587
2019-11-19,5101.869066229855,5136.34130859375,5055.906402177423,5136.34130859375,735728
2019-11-20,5136.340844071678,5136.340844071678,5078.887437760604,5124.85009765625,654993
2019-11-21,5124.85009765625,5124.85009765625,5055.905944929748,5124.85009765625,634149
2019-11-22,5101.869012273776,5124.8505069399935,5009.943359375,5009.943359375,844681
2019-11-25,5009.943359375,5055.906348707434,4940.99920114244,5009.943359375,311791
2019-11-26,5009.942824194998,5044.4150625118755,4963.980165538551,5032.92431640625,507923
2019-11-27,5032.92431640625,5032.92431640625,5009.942824194998,5032.92431640625,491143
2019-11-28,5009.943359375,5021.434106708108,4940.99920114244,5009.943359375,282353
2019-11-29,5009.942824194998,5032.92431640625,4952.4894194329245,5032.92431640625,330486
2019-12-02,5032.924829307889,5032.924829307889,4986.962165967421,5021.43408203125,545111
2019-12-06,4986.9619140625,4998.45266075871,4963.980420670078,4986.9619140625,240143
2019-12-09,4986.962011116857,4986.962011116857,4803.110711931587,4940.9990234375,267315
2019-12-10,4940.998840703176,4940.998840703176,4780.129367073144,4872.0546875,264499
2019-12-11,4872.054947825573,4895.036442043278,4780.1296224869275,4826.09228515625,481824
2019-12-12,4849.0737793739545,4849.0737793739545,4780.1296224869275,4826.09228515625,420918
2019-12-13,4803.110790938546,4826.09228515625,4780.1296224869275,4826.09228515625,280612
2019-12-16,4826.09228515625,4826.09228515625,4780.1296224869275,4826.09228515625,171775
2019-12-17,4826.09228515625,4826.09228515625,4780.1296224869275,4826.09228515625,416737
2019-12-18,4780.12939453125,4826.092055008698,4768.638647970371,4780.12939453125,693430
2019-12-19,4826.092055008698,4826.092055008698,4780.12939453125,4780.12939453125,1114377
2019-12-20,4803.110790938546,4826.09228515625,4803.110790938546,4826.09228515625,606570
2019-12-23,4826.09228515625,4837.583032265103,4814.601538047398,4826.09228515625,657635
2019-12-24,4826.091773640299,4837.58251953125,4814.601027749348,4837.58251953125,238662
2019-12-25,4814.601538047398,4849.0737793739545,4814.601538047398,4826.09228515625,659696
2019-12-26,4849.073706189572,4860.564453125,4826.092212318715,4860.564453125,467309
2019-12-27,4883.5456456815555,4883.5456456815555,4837.582983475788,4849.07373046875,140538
2019-12-30,4849.07373046875,4849.07373046875,4826.092236482825,4849.07373046875,215902
2019-12-31,4860.564011313153,4860.564011313153,4826.091773640299,4837.58251953125,135980
2020-01-01,4837.58251953125,4837.58251953125,4837.58251953125,4837.58251953125,0
2020-01-02,4849.073473046745,5147.831575939316,4826.091980280835,4895.0361328125,377749
2020-01-03,4895.036361524222,5009.943179190456,4895.036361524222,4940.9990234375,287898
2020-01-06,4918.017862036063,4918.017862036063,4826.092212318715,4860.564453125,327003
2020-01-07,4860.564266771194,4883.545433994874,4837.582773781446,4872.0546875,188874
2020-01-08,4872.054502142696,4872.054502142696,4803.1103515625,4803.1103515625,298669
2020-01-09,4803.1107424969005,4895.036392674518,4803.1107424969005,4849.07373046875,551005
2020-01-10,4849.0736996109445,4952.489770357339,4849.0736996109445,4940.9990234375,388955
2020-01-13,4940.998999230207,4975.471239820836,4918.017831269199,4952.48974609375,285837
2020-01-14,4952.489673973868,4986.9619140625,4952.489673973868,4986.9619140625,656793
2020-01-15,4986.961890077803,4998.45263671875,4849.073581918592,4998.45263671875,134557
2020-01-16,4998.452403855428,5078.887300828753,4998.452403855428,5032.92431640625,1112896
2020-01-17,5090.378056924111,5090.378056924111,4952.48974609375,4952.48974609375,109823
2020-01-20,4952.489770357339,4998.452758036697,4607.768991592557,4940.9990234375,226440
2020-01-21,4803.110711931587,4963.9805172771785,4803.110711931587,4940.9990234375,356846
2020-01-22,4872.054867684543,4952.489770357339,4872.054867684543,4940.9990234375,130841
2020-01-23,4940.9990234375,4940.9990234375,4940.9990234375,4940.9990234375,0
2020-01-24,4940.9990234375,4940.9990234375,4940.9990234375,4940.9990234375,0
2020-01-27,4940.9990234375,4940.9990234375,4940.9990234375,4940.9990234375,0
2020-01-28,4940.9990234375,4940.9990234375,4940.9990234375,4940.9990234375,0
2020-01-29,4940.9990234375,4940.9990234375,4940.9990234375,4940.9990234375,0
2020-01-30,4883.545824167457,4918.01806640625,4849.0739076947575,4918.01806640625,299017
2020-01-31,4849.073335793334,4918.017486373529,4596.277899821913,4803.1103515625,259796
2020-02-03,4504.35247694815,4768.638671875,4481.371309477258,4768.638671875,502843
2020-02-04,4826.09228515625,4837.583032265103,4711.1854655998995,4826.09228515625,42385
2020-02-05,4791.619995503938,4849.07373046875,4791.619995503938,4849.07373046875,82766
2020-02-06,4837.583160281826,4940.999235466019,4803.110918043033,4918.01806640625,224843
2020-02-07,4837.582801569577,4906.526955168783,4780.12939453125,4780.12939453125,227688
2020-02-10,4849.073335793334,4849.073335793334,4757.1476930977215,4803.1103515625,208586
2020-02-11,4803.110790938546,4837.583032265103,4780.1296224869275,4826.09228515625,125268
2020-02-12,4826.091773640299,4872.054431438054,4826.091773640299,4837.58251953125,261625
2020-02-13,4837.58251953125,4872.054431438054,4814.601027749348,4837.58251953125,330225
2020-02-14,4837.583126676646,5032.924854041216,4837.583126676646,5009.943359375,856061
2020-02-17,5032.924854041216,5044.415601374325,4940.99920114244,5009.943359375,601722
2020-02-18,5009.943359375,5021.434106708108,4940.99920114244,5009.943359375,322242
2020-02-19,4986.961778110075,4986.961778110075,4895.0361328125,4895.0361328125,362246
2020-02-20,4918.01806640625,4929.508813819181,4906.52731899332,4918.01806640625,422456
2020-02-21,4906.526879195455,4929.508371961365,4872.05464004659,4895.0361328125,262148
2020-02-24,4711.185177341397,4826.091989867061,4653.7314453125,4653.7314453125,468818
2020-02-25,4527.333727236527,4814.60107421875,4527.333727236527,4814.60107421875,79167
2020-02-26,4803.110585964372,4803.110585964372,4711.185264548666,4768.638671875,121668
2020-02-27,4768.638505274905,4986.961706100356,4711.185099955798,4929.50830078125,787054
2020-02-28,4895.036571580388,4929.508813819181,4826.092412868895,4918.01806640625,454361
2020-03-02,4929.508348123528,4940.9987686848535,4849.0734495978695,4906.52685546875,288101
2020-03-03,4940.999235466019,4998.452972530675,4906.52731899332,4918.01806640625,738341
2020-03-05,5124.8504068865495,5124.8504068865495,5032.924755782456,5055.90625,901755
2020-03-06,5032.924755782456,5055.90625,4975.471346004679,5055.90625,676882
2020-03-09,4711.185546875,4826.092368413667,4711.185546875,4711.185546875,1273814
2020-03-10,4446.899259394558,4826.09228515625,4446.899259394558,4826.09228515625,703504
2020-03-11,4826.09228515625,4826.09228515625,4527.334163390437,4826.09228515625,447423
2020-03-12,4665.22265625,4688.2041513499025,4492.862420299023,4665.22265625,1772274
2020-03-13,4343.483038283562,4688.203810920012,4343.483038283562,4515.84326171875,817537
2020-03-16,4515.843517873236,4699.69482421875,4515.843517873236,4699.69482421875,1637048
2020-03-17,4665.2224771644915,4826.09228515625,4515.843416281585,4826.09228515625,782729
2020-03-18,4826.091980280835,4895.0361328125,4791.61974113197,4895.0361328125,1620210
2020-03-19,4883.545386429545,4895.0361328125,4780.12932051508,4895.0361328125,1461528
2020-03-20,4791.619625486275,5032.92431640625,4791.619625486275,5032.92431640625,3089548
2020-03-23,5032.924437875831,5032.924437875831,4711.1851679834135,4895.0361328125,2217926
2020-03-24,4940.999128629578,5044.41552734375,4826.092308517019,5044.41552734375,4107891
2020-03-25,4952.4894194329245,5044.4150625118755,4952.4894194329245,5032.92431640625,725103
2020-03-26,5032.924842642923,5032.924842642923,4711.185546875,4711.185546875,341083
2020-03-27,4550.315453624991,4711.185254405221,4538.82470703125,4538.82470703125,286882
2020-03-30,4251.55766680059,4481.371638758203,4228.576171875,4228.576171875,482840
2020-03-31,4228.575963070397,4228.575963070397,3941.30859375,3941.30859375,355366
2020-04-01,3665.531702918012,4021.7432017612277,3665.531702918012,3722.985107421875,832372
2020-04-02,3722.985107421875,3722.985107421875,3722.985107421875,3722.985107421875,0
2020-04-03,3722.9852525123815,3883.8550520053873,3722.9852525123815,3849.3828125,294459
2020-04-06,3906.836616666047,4021.7434322594277,3849.3828831032833,4010.252685546875,1148198
2020-04-07,4021.7431640625,4021.7431640625,3883.854864239335,4021.7431640625,581545
2020-04-08,3791.92932345646,3987.271032449058,3791.92932345646,3929.817626953125,151860
2020-04-09,4010.2524648301237,4044.724703070495,3952.7990601955607,3998.76171875,487514
2020-04-10,3998.7622249193373,3998.7622249193373,3906.8368961744122,3952.799560546875,251610
2020-04-13,3987.2709726698763,4021.7432109102474,3952.7990601955607,3998.76171875,593535
2020-04-14,4021.7434807879945,4033.234227639201,3952.7993254468333,3987.271240234375,347528
2020-04-15,3987.2710365588237,4205.59423828125,3987.2710365588237,4205.59423828125,573068
2020-04-16,4205.59447354883,4205.59447354883,4090.687656010458,4171.12255859375,213986
2020-04-17,4159.631486600145,4274.53862092429,4159.631486600145,4251.55712890625,393425
2020-04-20,4251.55722333822,4297.51988262913,4205.59423828125,4205.59423828125,367181
2020-04-21,4194.104281476021,4194.104281476021,3929.818065477595,3952.799560546875,453171
2020-04-22,3906.8365795387504,4067.7060546875,3906.8365795387504,4067.7060546875,96382
2020-04-23,4182.613194954974,4182.613194954974,4021.743394040153,4067.7060546875,91969
2020-04-24,4148.14095514491,4148.14095514491,4067.7060546875,4067.7060546875,99517
2020-04-27,4067.705822081538,4090.687313974083,3998.7616721699555,4021.7431640625,84653
2020-04-28,4067.705822081538,4067.705822081538,3952.7990141509176,4021.7431640625,100475
2020-04-29,4021.7431640625,4021.7431640625,4021.7431640625,4021.7431640625,0
2020-04-30,4021.7431640625,4021.7431640625,4021.7431640625,4021.7431640625,0
2020-05-01,4021.7431640625,4021.7431640625,4021.7431640625,4021.7431640625,0
2020-05-04,3952.7990601955607,4033.233956990371,3952.7990601955607,3998.76171875,216802
2020-05-05,4044.72509765625,4044.72509765625,3998.7621088518063,4044.72509765625,97979
2020-05-06,4067.705936619611,4136.6500884725165,4044.7247698460164,4125.15966796875,295969
2020-05-07,4182.612838906641,4182.612838906641,4125.159436546707,4159.63134765625,248881
2020-05-08,4182.612838906641,4251.556986891769,4148.140602031055,4159.63134765625,488182
2020-05-11,4159.632159711104,4366.464644044898,4159.632159711104,4309.01123046875,399551
2020-05-12,4320.501669834081,4607.76904296875,4263.048260360364,4607.76904296875,1026007
2020-05-13,4619.2594559855925,4929.50830078125,4561.806050666486,4929.50830078125,1006847
2020-05-14,5170.813145095383,5170.813145095383,4929.508755350314,5021.43408203125,1893768
2020-05-15,5021.43408203125,5021.43408203125,5021.43408203125,5021.43408203125,0
2020-05-18,5021.43408203125,5021.43408203125,5021.43408203125,5021.43408203125,0
2020-05-19,5032.924707319992,5078.8876953125,4940.999057101058,5078.8876953125,902481
2020-05-20,5078.8876953125,5078.8876953125,5078.8876953125,5078.8876953125,0
2020-05-21,5032.924854041216,5055.906348707434,4963.9806958086565,5009.943359375,468935
2020-05-22,5044.415502926185,5055.9062500350365,4826.09228515625,4826.09228515625,483856
2020-05-25,4826.09228515625,4895.036442043278,4780.1296224869275,4826.09228515625,226295
2020-05-26,4826.092236482825,4849.07373046875,4757.148080291132,4849.07373046875,691078
2020-05-27,4918.017486373529,4940.998652722891,4803.1103515625,4803.1103515625,217528
2020-05-28,4826.0921279380755,4929.508522782693,4734.166479827979,4745.6572265625,256139
2020-05-29,4734.166479827979,4780.129466766064,4711.18531212501,4745.6572265625,358008
2020-06-01,4780.12932051508,4918.01762557841,4780.12932051508,4895.0361328125,436739
2020-06-02,4895.036442043278,4940.999104712601,4826.09228515625,4826.09228515625,364395
2020-06-03,4826.092308517019,5078.8877688371695,4826.092308517019,5044.41552734375,1586796
2020-06-04,5055.90625,5078.887744217545,5032.924755782456,5055.90625,909332
2020-06-05,5055.90625,5055.90625,5055.90625,5055.90625,0
2020-06-08,5055.90625,5055.90625,5055.90625,5055.90625,0
2020-06-09,5055.90625,5055.90625,5055.90625,5055.90625,0
2020-06-10,4975.471346004679,5055.90625,4975.471346004679,5055.90625,367907
2020-06-11,5055.906632510367,5090.378550678611,4734.1669921875,4734.1669921875,367269
2020-06-12,4435.408512285706,4826.09228515625,4435.408512285706,4826.09228515625,433517
2020-06-15,4826.092470417124,4826.092470417124,4665.22265625,4665.22265625,239939
2020-06-16,4665.2224771644915,4826.09228515625,4665.2224771644915,4826.09228515625,197003
2020-06-17,4826.092177149143,4826.092177149143,4722.67578125,4722.67578125,57190
2020-06-18,4688.203818655968,4757.147973297021,4688.203818655968,4745.6572265625,58468
2020-06-19,4757.148128269223,4826.09228515625,4699.694718491048,4826.09228515625,238343
2020-06-22,4826.091820220608,4895.0359704656985,4711.18501173414,4814.60107421875,355540
2020-06-23,4918.01762557841,4918.01762557841,4768.638574132125,4895.0361328125,421208
2020-06-24,4803.110510850836,4895.0361565950325,4803.110510850836,4883.54541015625,431340
2020-06-25,4791.620043829695,4849.0737793739545,4734.166634051519,4826.09228515625,217760
2020-06-26,4757.148056472223,4860.564453125,4757.148056472223,4860.564453125,173459
2020-06-29,4826.091867247732,4826.091867247732,4665.2220731862635,4791.61962890625,262700
2020-06-30,4791.62040631198,4791.62040631198,4734.1669921875,4734.1669921875,102827
2020-07-01,4734.16622410317,4803.110375020077,4711.185057641573,4791.61962890625,66799
2020-07-02,4711.1852409320445,4791.61981532606,4711.1852409320445,4780.12939453125,97079
2020-07-03,4780.129984099972,4780.129984099972,4734.1669921875,4734.1669921875,65987
2020-07-06,4768.63843915543,4803.1103515625,4745.656947040013,4803.1103515625,160017
2020-07-07,4826.091820220608,4895.0359704656985,4814.60107421875,4814.60107421875,247807
2020-07-08,4814.6016654559635,4986.962225117743,4814.6016654559635,4918.01806640625,230011
2020-07-09,4940.999128629578,5124.850431728975,4940.999128629578,5044.41552734375,624046
2020-07-10,5044.41552734375,5044.41552734375,5044.41552734375,5044.41552734375,0
2020-07-13,5009.943359375,5147.83200160621,4940.99920114244,5009.943359375,241159
2020-07-14,5009.943081688849,5009.943081688849,4929.508506347519,4986.9619140625,99953
2020-07-15,4986.9619140625,4986.9619140625,4986.9619140625,4986.9619140625,0
2020-07-16,4975.471298095439,5101.868863542672,4929.508635869012,5078.8876953125,338005
2020-07-17,5021.434008673683,5078.887744217545,5021.434008673683,5055.90625,183271
2020-07-20,5055.906323861168,5055.906323861168,5021.43408203125,5021.43408203125,89269
2020-07-21,5021.433926110295,5021.433926110295,4906.527108444061,4940.9990234375,208005
2020-07-22,5009.943179190456,5009.943179190456,4849.0736996109445,4940.9990234375,172327
2020-07-23,4963.980730291882,4963.980730291882,4826.092412868895,4918.01806640625,195348
2020-07-24,4872.054764450216,5009.943073034403,4711.185288279379,4757.14794921875,450239
2020-07-27,4458.389601619337,4688.203545627805,4458.389601619337,4481.37109375,294024
2020-07-28,4481.371112663196,4791.61962890625,4481.371112663196,4791.61962890625,613827
2020-07-29,4642.241486916195,4711.185646449805,4527.33433718278,4665.22265625,189368
2020-07-30,4596.278399570242,4711.185546875,4596.278399570242,4711.185546875,48975
2020-07-31,4550.31600183594,4734.1669921875,4550.31600183594,4734.1669921875,102159
2020-08-03,4757.147973297021,4757.147973297021,4734.166479827979,4745.6572265625,67641
2020-08-04,4826.091843677917,4940.998652722891,4745.656947040013,4803.1103515625,218340
2020-08-05,4940.999104712601,4940.999104712601,4780.1296224869275,4826.09228515625,76641
2020-08-06,4826.09228515625,4826.09228515625,4768.638875378075,4826.09228515625,150844
2020-08-07,4872.054502142696,4872.054502142696,4780.129185213138,4803.1103515625,64738
2020-08-10,4803.110790938546,4849.0737793739545,4803.110790938546,4826.09228515625,184636
2020-08-11,4849.07373046875,4849.07373046875,4803.1107424969005,4849.07373046875,110317
2020-08-12,4849.07373046875,4872.054898688593,4826.092236482825,4849.07373046875,120913
2020-08-13,4895.0361091413615,4906.52685546875,4860.564195925258,4906.52685546875,37304
2020-08-14,4849.073265422202,4918.01741500186,4837.58251953125,4837.58251953125,76031
2020-08-17,4780.129115842543,4849.073265422202,4780.129115842543,4837.58251953125,90227
2020-08-18,4895.036392674518,4895.036392674518,4791.619995503938,4849.07373046875,205712
2020-08-19,4895.036368165206,4895.036368165206,4803.110718447858,4860.564453125,73041
2020-08-20,4803.110918043033,4918.01806640625,4803.110918043033,4918.01806640625,436594
2020-08-21,4963.980598895906,5078.887744217545,4963.980598895906,5055.90625,636878
2020-08-24,5193.794202440126,5228.266441368205,5124.850050350031,5147.83154296875,1327783
2020-08-25,5147.831844408861,5159.322265625,5101.868856479981,5159.322265625,817943
2020-08-26,5170.8127575518965,5170.8127575518965,5124.85009765625,5124.85009765625,435694
2020-08-27,5147.831590487106,5147.831590487106,5055.905944929748,5124.85009765625,373075
2020-08-28,5147.831590487106,5147.831590487106,5090.377858409966,5124.85009765625,775065
2020-08-31,5147.831334079874,5193.793991686176,5124.849842393698,5170.8125,623088
2020-09-01,5216.775552882682,5446.5894955084195,5193.794060890293,5377.64501953125,1642767
2020-09-02,5377.64501953125,5377.64501953125,5377.64501953125,5377.64501953125,0
2020-09-03,5377.645435128568,5423.6084226654775,5285.720111586907,5412.11767578125,1089062
2020-09-04,5354.664625774084,5377.645795315706,5285.720465617016,5320.1923828125,1098439
2020-09-07,5320.191733938231,5377.645139434164,5239.7568359375,5239.7568359375,4045736
2020-09-08,5239.75725070158,5308.701407907333,5239.75725070158,5274.2294921875,3177918
2020-09-09,5239.756742373644,5297.210472609713,5205.284829998056,5285.7197265625,3879912
2020-09-10,5297.210679624728,5354.664086340023,5285.7199331284555,5343.17333984375,4226076
2020-09-11,5331.683130466361,5331.683130466361,5285.720465617016,5320.1923828125,3322027
2020-09-14,5331.682852900888,5354.664347012203,5285.720190444343,5297.2109375,3010439
2020-09-15,5285.720239349473,5308.701407907333,5251.247997863553,5274.2294921875,3705989
2020-09-16,5274.2294921875,5274.2294921875,5274.2294921875,5274.2294921875,0
2020-09-17,5274.2294921875,5297.210986511446,5251.247997863553,5274.2294921875,3861420
2020-09-18,5274.229585848083,5504.043555870361,5251.248091116028,5458.08056640625,8256659
2020-09-21,5515.533672603162,5527.0247451001205,5435.099097019115,5446.58984375,4196377
2020-09-22,5423.608416400186,5630.4412085451895,5423.608416400186,5492.55224609375,8314604
2020-09-23,5492.552179141391,5561.4966595267015,5446.58984375,5446.58984375,4744102
2020-09-24,5446.589795803038,5492.552130789818,5435.099049173308,5469.5712890625,4145980
2020-09-25,5469.570940225003,5481.061360355829,5400.62646484375,5400.62646484375,4200993
2020-09-28,5400.6268568264595,5515.533672603162,5400.6268568264595,5446.58984375,2923201
2020-09-29,5469.571201185067,5492.552042543162,5354.6640625,5354.6640625,3255227
2020-09-30,5400.626977456295,5435.099218418932,5366.155062259741,5389.13623046875,8253930
2020-10-01,5400.627173924568,5710.875725044351,5400.627173924568,5676.40380859375,12799636
2020-10-02,5722.3665609765085,5768.329548693221,5538.515261641817,5710.87548828125,9695078
2020-10-05,5745.347424696854,5814.2912471781465,5733.856353261914,5779.8193359375,10366184
2020-10-06,5768.330078125,5860.255410463404,5710.876012439751,5768.330078125,10199083
2020-10-07,5733.856374280734,5768.328937179835,5676.402971491686,5687.89404296875,7967105
2020-10-08,5722.366354082357,5745.34784710981,5618.949961224889,5653.421875,5555717
2020-10-09,5653.422215978104,5756.838615072985,5630.441373096731,5722.36669921875,10097301
2020-10-12,5768.329737740863,5791.31058082022,5699.38525390625,5699.38525390625,5881733
2020-10-13,5699.385067118152,5756.838475997963,5641.931658238341,5710.87548828125,5618975
2020-10-14,5733.856584351937,5779.819568879957,5699.38467172198,5745.34765625,9511284
2020-10-15,5756.838664669004,5768.329737740863,5699.38525390625,5699.38525390625,8513814
2020-10-16,5687.8945977983385,5860.254822978479,5676.40352520037,5733.85693359375,10505909
2020-10-19,5756.838486035658,5906.217870609354,5722.366570954097,5860.2548828125,10695103
2020-10-20,5883.236629105171,5952.1804622260215,5837.273639336478,5894.72705078125,9683814
2020-10-21,5894.726378667892,5929.19829129785,5745.34765625,5745.34765625,11702560
2020-10-22,5745.348209453509,5791.310546875,5630.441388601518,5791.310546875,5872443
2020-10-23,5791.310323384057,5791.310323384057,5664.9130859375,5664.9130859375,6322944
2020-10-26,5664.913073650931,5710.875409199014,5515.53369140625,5515.53369140625,5665279
2020-10-27,5492.552482738241,5515.533977470297,5377.645660610148,5458.08056640625,7806158
2020-10-28,5412.117729427775,5423.608476425902,5078.8876953125,5078.8876953125,5779603
2020-10-29,5124.850207375644,5285.720009103611,5124.850207375644,5228.2666015625,5658980
2020-10-30,5262.738328442297,5308.700987685832,5147.8315174504305,5239.7568359375,2656988
2020-11-02,5262.73802698304,5320.1914291879375,5262.73802698304,5308.70068359375,3106589
2020-11-03,5331.682569609774,5400.626722514387,5285.7199095953865,5354.6640625,4583445
2020-11-04,5400.626880748401,5446.589867875533,5366.154966169128,5435.09912109375,5225782
2020-11-05,5435.0987495122245,5458.079915738561,5377.64501953125,5377.64501953125,3503615
2020-11-06,5377.645483481205,5412.11772444384,5354.664315272195,5389.13623046875,2674088
2020-11-09,5412.117390220059,5630.440917968751,5412.117390220059,5630.44091796875,10654983
2020-11-10,5676.4034946549145,5699.384988195031,5515.53369140625,5515.53369140625,4667867
2020-11-11,5561.496768846924,5630.441250587449,5515.533781019907,5550.00634765625,5469641
2020-11-12,5561.49658203125,5572.98700283595,5515.533595748171,5561.49658203125,3641424
2020-11-13,5595.968448050039,5618.94994099475,5550.00611369275,5584.47802734375,4431585
2020-11-16,5630.441061455867,5653.421903065268,5561.49658203125,5561.49658203125,4694314
2020-11-17,5607.4599609375,5630.4414556881575,5550.006549826948,5607.4599609375,4930480
2020-11-18,5676.402971491686,5710.874882858697,5641.931060124675,5687.89404296875,5975793
2020-11-19,5699.38530340488,5722.36679821601,5664.913386954278,5676.40380859375,5565994
2020-11-20,5676.403506966404,5699.385000556365,5641.931592347539,5664.9130859375,4108791
2020-11-23,5664.913134411611,5676.403555538838,5595.968653051777,5641.931640625,5247090
2020-11-24,5722.366666589642,5814.2919921875,5676.403678024627,5814.2919921875,17360031
2020-11-25,5860.254229853733,5871.744649756585,5768.328916034648,5779.8193359375,5686675
2020-11-26,5745.348243129325,5791.31058082022,5676.4037592947125,5699.38525390625,5794292
2020-11-27,5710.875498238804,5860.2548828125,5699.38507705567,5860.2548828125,10984454
2020-11-30,6255.707464863783,6283.88623046875,6058.455454096858,6283.88623046875,7239785
2020-12-01,6199.349906748158,6467.048830365665,6199.349906748158,6297.9755859375,6310635
2020-12-02,6269.796573746044,6297.9753381199125,6128.902100344572,6171.1708984375,9958383
2020-12-03,6157.081296584908,6171.170678269177,6086.633736631462,6114.8125,5859295
2020-12-04,6114.812718157637,6255.707191559109,6072.544571596833,6171.1708984375,5956368
2020-12-07,6171.1708452440225,6255.707137636956,6157.081463178534,6199.349609375,4210531
2020-12-08,6227.5288362373885,6227.5288362373885,6185.260686900222,6213.439453125,4650198
2020-12-09,6213.439235916171,6340.244331026997,6199.349853296318,6326.154296875,8401174
2020-12-10,6340.244963496731,6340.244963496731,6255.7080078125,6255.7080078125,4684434
2020-12-11,6241.618082061299,6297.975613271234,6213.439316456332,6283.88623046875,4227744
2020-12-14,6297.975531635293,6396.601861506411,6255.707383775732,6326.154296875,4529260
2020-12-15,6326.154927939185,6326.154927939185,6255.7080078125,6255.7080078125,2551041
2020-12-16,6297.975717991788,6452.959582928279,6269.796951918273,6396.60205078125,6184488
2020-12-17,6424.780704254027,6720.6590459046865,6326.154373193091,6622.03271484375,7238388
2020-12-18,6748.83770093975,7030.626003652796,6636.121988935247,7016.53662109375,8225094
2020-12-21,7270.146684681114,7495.578125000001,7241.9679175243,7495.578125,10000053
2020-12-22,7495.578125000001,7495.578125000001,7495.578125000001,7495.578125,0
2020-12-23,7721.007626117424,7890.080852393346,7326.503648650964,7467.3974609375,6086090
2020-12-24,7382.861433146139,7495.577138470519,6946.08929663686,7326.50390625,6595863
2020-12-25,7213.788398408742,7692.8293447363485,7072.893925779196,7650.560546875,10294704
2020-12-28,7749.187009351395,7861.902719742204,7453.308676783106,7580.11376953125,5128860
2020-12-29,7467.3974609375,7580.113162298808,7411.039936022886,7467.3974609375,3701682
2020-12-30,7467.3987343677145,7608.293222213345,7411.041199842339,7481.48876953125,4523767
2020-12-31,7551.9345703125,7594.202714952587,7425.129484860147,7551.9345703125,4223908
2021-01-01,7551.9345703125,7551.9345703125,7551.9345703125,7551.9345703125,0
2021-01-04,7791.4549983169645,7861.902560206227,7664.650559674105,7833.72314453125,881015
2021-01-05,7861.903077873344,7946.439375868211,7777.366128346316,7819.63427734375,643874
2021-01-06,7875.993135325575,8087.334549942921,7777.366794353631,7890.08251953125,888071
2021-01-07,7890.081838603096,8087.333851991565,7833.7236551119895,7988.70751953125,917429
2021-01-08,8030.97509765625,8101.422659129658,7918.260041750182,8030.97509765625,972216
2021-01-11,8030.974764990317,8101.422323545587,7890.080950943956,7946.4384765625,733654
2021-01-12,7988.708208970977,7988.708208970977,7692.830489119579,7890.08251953125,600736
2021-01-13,7890.081432301987,7946.438961358791,7763.276340392049,7777.36572265625,1090195
2021-01-14,7777.366183307538,7833.723715702385,7678.7405016165585,7791.45556640625,520545
2021-01-15,7890.081491385714,8284.585500801786,7861.9027266463,8087.33349609375,2023724
2021-01-18,8312.764710580796,8312.764710580796,8087.333929064482,8115.5126953125,1046844
2021-01-19,8171.870378368929,8242.317946819085,7551.935554894202,7875.99267578125,1163165
2021-01-20,7890.082087179743,7974.618387781473,7326.504795238333,7861.9033203125,865720
2021-01-21,7890.081277773664,8143.690805094435,7777.36557033548,8030.97509765625,756928
2021-01-22,7974.61816999322,8030.9757021885725,7791.4555388261615,7805.544921875,650030
2021-01-25,7805.544154877465,7819.633536541835,7664.650338233758,7692.8291015625,470730
2021-01-26,7664.650824775855,7692.829589893348,7326.504340301658,7523.75634765625,642146
2021-01-27,7326.50422821038,7495.577467860755,7016.536513596002,7072.89404296875,672380
2021-01-28,6579.76416015625,6847.463068163982,6579.76416015625,6579.76416015625,1087685
2021-01-29,6199.350233201941,7030.62646484375,6199.350233201941,7030.62646484375,893871
2021-02-01,7157.43157934988,7312.4154494497725,6748.838154607009,6861.55322265625,326637
2021-02-02,6861.553805546307,7185.610956780952,6762.9281126249525,7129.25341796875,389734
2021-02-03,7270.145636314403,7622.381478045977,7213.7881101276225,7551.9345703125,449706
2021-02-04,7580.113162298808,7580.113162298808,7185.609184832349,7467.3974609375,264936
2021-02-05,7382.861870536643,7650.560790684967,7382.861870536643,7523.75634765625,264605
2021-02-08,7523.756790092437,7580.11432364154,7044.715800328522,7382.8623046875,505226
2021-02-09,7382.8623046875,7382.8623046875,7382.8623046875,7382.8623046875,0
2021-02-10,7382.8623046875,7382.8623046875,7382.8623046875,7382.8623046875,0
2021-02-11,7382.8623046875,7382.8623046875,7382.8623046875,7382.8623046875,0
2021-02-12,7382.8623046875,7382.8623046875,7382.8623046875,7382.8623046875,0
2021-02-15,7382.8623046875,7382.8623046875,7382.8623046875,7382.8623046875,0
2021-02-16,7382.8623046875,7382.8623046875,7382.8623046875,7382.8623046875,0
2021-02-17,7608.292907659103,7805.544921874999,7580.114141561427,7805.544921875,404697
2021-02-18,7833.723442423153,7847.8134765625,7721.0083815655225,7847.8134765625,350668
2021-02-19,7805.544921874999,7861.903105602516,7749.187389679648,7805.544921875,418595
2021-02-22,7875.992703746121,8059.1553399153845,7819.634518479454,7861.9033203125,944278
2021-02-23,7904.171442548441,7918.260825932036,7777.3663405639045,7875.99267578125,701644
2021-02-24,7875.992675781251,7875.992675781251,7875.992675781251,7875.99267578125,0
2021-02-25,7875.992675781251,7875.992675781251,7875.992675781251,7875.99267578125,0
2021-02-26,7608.293467280905,7805.545496005513,7580.1146991105625,7763.27734375,333077
2021-03-01,7890.08251953125,7946.440056353951,7833.724331176331,7890.08251953125,869580
2021-03-02,8030.976020802904,8439.570100025925,7932.3503355482435,8383.2119140625,4069681
2021-03-03,8425.480716418117,8735.447807322096,8369.122530454692,8383.2119140625,1394434
2021-03-04,8397.300079859551,8425.479494520665,8030.974856118127,8073.24365234375,954648
2021-03-05,7946.438805726699,8171.869569070952,7805.544334311997,8030.97509765625,1460443
2021-03-08,8115.512041117917,8228.2277485561,8002.796333679733,8030.97509765625,1112592
2021-03-09,7946.439343234864,8115.512590062431,7833.723628172433,8002.796875,797201
2021-03-10,8016.885742187501,8073.243921859081,7890.08130387371,8016.8857421875,607934
2021-03-11,8101.422441705392,8129.601204925654,8030.974882122641,8059.154296875,1185894
2021-03-12,8073.243678485131,8214.137494586439,8045.064915264869,8059.154296875,1378784
2021-03-15,8087.333496093751,8171.869790311995,8073.244113724043,8087.33349609375,1088443
2021-03-16,8115.512041117917,8143.690805094435,7946.438805726699,8030.97509765625,713009
2021-03-17,8002.796550343373,8115.512260833166,7960.5284032342515,8087.33349609375,865602
2021-03-18,8171.8701171875,8228.228300452794,8087.333819587797,8171.8701171875,1368935
2021-03-19,8171.869682335834,8242.317244785669,8073.244007051038,8143.69091796875,1644786
2021-03-22,8143.691461560518,8228.22841183674,8087.333929064482,8115.5126953125,821967
2021-03-23,8087.333384718774,8143.690913421474,7890.0813827272,7974.61767578125,1036521
2021-03-24,7833.723275758756,7946.438985750475,7580.113742692551,7594.203125,1578990
2021-03-25,7664.650715207388,7735.097626994061,7537.8456224592455,7580.11376953125,1236230
2021-03-26,7537.8457302149955,7580.1138778912355,7241.967393417038,7523.75634765625,1193707
2021-03-29,7636.471354490387,7721.00830078125,7566.0244421914485,7721.00830078125,512471
2021-03-30,7749.186852102678,7833.72314453125,7721.008087959821,7833.72314453125,618399
2021-03-31,7833.723442423153,7904.171006991314,7791.455294601541,7847.8134765625,514294
2021-04-01,7847.814366914225,7932.350672148275,7819.6349469706565,7890.08251953125,977756
2021-04-02,8030.97520448395,8115.512149070124,7946.4389114299,7974.61767578125,756999
2021-04-05,8073.244441238579,8087.333824179863,7960.528726176148,8002.796875,821280
2021-04-06,7988.707630397317,8002.7970135825835,7890.081948100451,7932.35009765625,1349189
2021-04-07,7932.350063168213,8228.22841183674,7918.260680044204,8115.5126953125,2076380
2021-04-08,8171.869682335834,8214.13782888646,8087.333389234581,8143.69091796875,1001551
2021-04-09,8157.780844684527,8171.870227808537,8059.155162816463,8115.5126953125,671718
2021-04-12,8200.048313358071,8214.1376953125,8115.512021631503,8214.1376953125,1753295
2021-04-13,8270.495476432425,8650.910073948993,8256.40609515641,8340.9423828125,3168114
2021-04-14,8298.67566831415,8383.211970530425,8171.870563457544,8355.033203125,997100
2021-04-15,8355.032859952824,8369.122243076832,8115.5126953125,8115.5126953125,1403502
2021-04-16,8002.796936090896,8030.9757021885725,7735.098006630809,7805.544921875,2215573
2021-04-19,7890.0813827272,7974.61767578125,7721.008145086977,7974.61767578125,1011803
2021-04-20,8016.885762991943,8045.065178666919,7791.4549983169645,7833.72314453125,1081648
2021-04-21,7833.72314453125,7833.72314453125,7833.72314453125,7833.72314453125,0
2021-04-22,7833.7237508736725,8016.886383511438,7608.292968750001,7608.29296875,1071112
2021-04-23,7749.188025942281,7890.08251953125,7551.93599553061,7890.08251953125,940940
2021-04-26,7890.081345804864,7890.081345804864,7636.4711647652575,7650.560546875,583997
2021-04-27,7650.561551929415,7735.098507225613,7580.114632126089,7636.47216796875,464929
2021-04-28,7608.293153602627,7735.098256673399,7580.114386594052,7678.74072265625,569128
2021-04-29,7735.097683241037,7833.723360459551,7664.650770942099,7721.00830078125,1425332
2021-04-30,7721.00830078125,7721.00830078125,7721.00830078125,7721.00830078125,0
2021-05-03,7721.00830078125,7721.00830078125,7721.00830078125,7721.00830078125,0
2021-05-04,7594.204148147636,7890.08251953125,7580.1147639419605,7890.08251953125,996839
2021-05-05,7946.4385667310735,8115.511797037277,7904.170422037547,8073.24365234375,1293384
2021-05-06,8016.88639676785,8143.69149696742,7918.260714470984,7932.35009765625,883809
2021-05-07,7861.902052167199,8326.852933543287,7861.902052167199,8200.0478515625,2767678
2021-05-10,8200.048716108584,8763.6259765625,8171.86995081571,8763.6259765625,3344952
2021-05-11,9017.236223371432,9073.593754307858,8735.447265625,8735.447265625,2227103
2021-05-12,8679.090332661812,9003.1474609375,8622.732797842456,9003.1474609375,1816108
2021-05-13,9017.236276579595,9158.130104752036,8876.341796875,8876.341796875,1907948
2021-05-14,8960.878658290789,9073.594379461694,8876.342356061754,9003.1474609375,1722137
2021-05-17,9045.415089865668,9270.845867661305,9045.415089865668,9186.3095703125,1622247
2021-05-18,9186.309518718004,9186.309518718004,8904.520559406996,9045.4150390625,1569283
2021-05-19,9045.414929330243,9270.845703125,9045.414929330243,9270.845703125,1432387
2021-05-20,9299.0244140625,9454.008273744434,9256.756266385284,9299.0244140625,1485374
2021-05-21,9299.0244140625,9439.918891185362,9200.398736148994,9299.0244140625,1469724
2021-05-24,9299.025031196474,9439.919517669861,9186.30996324351,9397.6513671875,1752040
2021-05-25,9468.097500554148,9961.227836606146,9454.008118226846,9890.7802734375,1427036
2021-05-26,9904.87032234036,10144.391141087986,9890.780939064874,10130.3017578125,1874801
2021-05-27,10088.032277551873,10144.390458393214,9721.707033977733,9890.7802734375,1797995
2021-05-28,9890.780383200035,10172.5693359375,9820.33347078174,10172.5693359375,1575889
2021-05-31,10172.569730135447,10567.073758029637,10172.569730135447,10552.984375,910326
2021-06-01,10877.04178935195,10877.04178935195,10552.984667620274,10651.6103515625,1431606
2021-06-02,10426.178604325694,10609.341223439933,10313.463547352083,10482.5361328125,1197685
2021-06-03,10552.984261481097,10792.504421940579,10482.536695558552,10778.4150390625,1264807
2021-06-04,10707.96756500924,11525.153683823159,10567.073092060298,10989.755859375,1135606
2021-06-07,10707.967549823965,10933.398315303308,10285.28413157656,10482.5361328125,12110622
2021-06-08,10482.5361328125,10482.5361328125,10482.5361328125,10482.5361328125,0
2021-06-09,9862.601406701368,10257.10541084685,9580.813111539788,10116.2109375,13868345
2021-06-10,10285.284029193388,10397.99973657711,9933.048828125,9933.048828125,7774560
2021-06-11,10003.49614783328,10426.178927656569,9933.049235040113,10313.4638671875,13332315
2021-06-14,10426.179757426356,10426.179757426356,10088.033246043406,10228.927734375,7788529
2021-06-15,10228.927905052697,10285.285440712827,10003.497110879971,10144.3916015625,8593283
2021-06-16,10003.496039874342,10313.463755883353,9862.601564276416,10031.6748046875,14191052
2021-06-17,9862.6016708102,10144.390625049879,9778.065375457581,9975.3173828125,9360629
2021-06-18,10088.033373459872,10130.302176565761,9989.407686454604,10003.4970703125,6468816
2021-06-21,10102.121411902412,10172.56897334178,9918.958794611433,9933.048828125,8722792
2021-06-22,9933.049693725505,10144.391093396409,9918.959658984086,9989.4072265625,8677807
2021-06-23,10116.211508304388,10158.480308765935,10017.585827469153,10073.943359375,6179019
2021-06-24,10144.390981345021,10172.569747452266,9989.40711622301,10045.7646484375,6803598
2021-06-25,10045.764026592637,10116.2109375,9933.048969140855,10116.2109375,6577490
2021-06-28,10228.927155963403,10609.341796875,10088.032675598919,10609.341796875,26239169
2021-06-29,10707.967826647826,10707.967826647826,10398.000108892824,10510.7158203125,11570094
2021-06-30,10482.5368698865,10538.895053868222,10341.643038762611,10355.732421875,6704631
2021-07-01,10369.821075838889,10482.5361328125,10186.65845672465,10482.5361328125,12883177
2021-07-02,10595.252359380664,10679.788656244335,10482.536645363616,10637.5205078125,12053799
2021-07-05,10637.5205078125,10637.5205078125,10637.5205078125,10637.5205078125,0
2021-07-06,10637.5205078125,10637.5205078125,10637.5205078125,10637.5205078125,0
2021-07-07,10637.5205078125,10637.5205078125,10637.5205078125,10637.5205078125,0
2021-07-08,10637.5205078125,10637.5205078125,10637.5205078125,10637.5205078125,0
2021-07-09,10538.894420595794,10820.68271744334,10144.390414089954,10426.1787109375,11267512
2021-07-12,10426.1787109375,10426.1787109375,10426.1787109375,10426.1787109375,0
2021-07-13,10003.49614798092,10045.764295657445,9580.813368151395,9806.244140625,7725550
2021-07-14,9806.244140625,9806.244140625,9806.244140625,9806.244140625,0
2021-07-15,9299.025317232696,9707.61875419481,9186.31024581264,9496.27734375,7747332
2021-07-16,9496.27734375,9496.27734375,9496.27734375,9496.27734375,0
2021-07-19,9355.38260076418,9355.38260076418,8890.431640625,8890.431640625,12317789
2021-07-20,8960.877929580487,9299.0244140625,8848.162869107911,9299.0244140625,18112307
2021-07-21,9355.381889954457,9439.918836349965,9270.845595091087,9327.203125,13615956
2021-07-22,9327.20352414047,9538.544921875,9214.488459499209,9538.544921875,14631666
2021-07-23,9383.561360949074,9510.365803980721,9299.0244140625,9299.0244140625,14899918
2021-07-26,9158.12999046155,9425.82956371269,9144.040607820136,9270.845703125,16770812
2021-07-27,9411.740179030834,9665.349718053436,9355.381996945254,9608.9921875,22454289
2021-07-28,9552.635571080198,9778.066366398543,9524.456151574723,9637.171875,13380378
2021-07-29,9679.43909969698,9862.601725508963,9679.43909969698,9778.0654296875,17574620
2021-07-30,9862.6015625,9947.138508456383,9778.06526807575,9862.6015625,12928872
2021-08-02,9778.064747300336,9890.779800529514,9707.6171875,9707.6171875,15603338
2021-08-03,9721.707492008885,9820.333824478845,9608.992428079973,9735.796875,9283682
2021-08-04,9735.796875,9735.796875,9735.796875,9735.796875,0
2021-08-05,10003.495880048218,10116.2109375,9890.780171064313,10116.2109375,11552337
2021-08-06,10172.570328139447,10228.927863571029,9989.407686454604,10003.4970703125,9156304
2021-08-09,9947.138351322326,10116.2109375,9848.512024519894,10116.2109375,8599676
2021-08-10,10116.2109375,10116.2109375,10116.2109375,10116.2109375,0
2021-08-11,10200.747943153037,10567.073185127336,10088.032233494741,10426.1787109375,32104242
2021-08-12,10398.000932869061,10454.35846727881,10257.1064453125,10257.1064453125,7355017
2021-08-13,10031.675656141315,10285.285212517374,10031.675656141315,10257.1064453125,8229616
2021-08-16,10257.106377770082,10496.627200498664,10144.391309692806,10454.3583984375,16110009
2021-08-17,10454.3583984375,10454.3583984375,10454.3583984375,10454.3583984375,0
2021-08-18,10510.716336302616,10595.252635368308,10426.179385704754,10496.626953125,6994191
2021-08-19,10440.268255518735,10454.357638003554,10271.195014168765,10341.642578125,7583492
2021-08-20,10341.64251883381,10341.64251883381,9637.170792503202,9862.6015625,15253404
2021-08-23,9749.8864995684,9918.959088352747,9524.455078125,9524.455078125,11794545
2021-08-24,9510.367336367155,9637.1724513628,9468.099181879355,9594.904296875,7391478
2021-08-25,9594.902697849628,9834.4228515625,9468.097603986513,9834.4228515625,7253446
2021-08-26,9862.601726522602,9904.869874437678,9608.9921875,9608.9921875,8174451
2021-08-27,9482.187146002469,9792.154868868683,9425.829615129393,9580.8134765625,5652697
2021-08-30,9665.349260604704,9820.333113823604,9566.72358680402,9763.9755859375,5244045
2021-08-31,9778.06543069245,9862.601726522602,9580.813422223284,9608.9921875,4532812
2021-09-01,9580.814339053466,9721.708178919802,9552.635571080198,9637.171875,5584983
2021-09-02,9637.171875,9637.171875,9637.171875,9637.171875,0
2021-09-03,9637.171875,9637.171875,9637.171875,9637.171875,0
2021-09-06,9820.333523183841,9918.959201095731,9679.439046063286,9806.244140625,11477757
2021-09-07,9834.423634175006,10285.285212517374,9806.244866970132,10257.1064453125,26802663
2021-09-08,10257.1064453125,10257.1064453125,10257.1064453125,10257.1064453125,0
2021-09-09,10172.570012207329,10679.789118403136,10102.122443573558,10651.6103515625,29662277
2021-09-10,10707.96777174658,10848.86159588362,10538.89453125,10538.89453125,18543451
2021-09-13,10567.074205884008,10905.220715990992,10510.716671376907,10736.1474609375,16500667
2021-09-14,10595.2529296875,10820.683718323624,10581.163546118503,10595.2529296875,14506419
2021-09-15,10567.073644359176,10848.86195345289,10426.17916404624,10778.4150390625,16463258
2021-09-16,10848.861086025736,11074.291845582688,10764.324795516419,10891.1298828125,12373428
2021-09-17,10933.39896453946,11496.9755859375,10877.041432706086,11496.9755859375,28020805
2021-09-20,11553.334814327136,11778.764949338489,11130.650705052121,11299.724609375,21169144
2021-09-21,11299.724609375,11299.724609375,11299.724609375,11299.724609375,0
2021-09-22,11299.724609375,11299.724609375,11299.724609375,11299.724609375,0
2021-09-23,11398.349996404773,11835.121498173357,11158.829846355879,11708.31640625,42549716
2021-09-24,11750.58501407454,11863.300070372701,11722.40625,11722.40625,2157732218
2021-09-27,11750.586240778392,11750.586240778392,11271.5458984375,11271.5458984375,14639242
2021-09-28,11130.65037931444,11468.796875,11017.935315107361,11468.796875,12881046
2021-09-29,11356.081117417114,11694.22759245624,11356.081117417114,11666.048828125,19194310
2021-09-30,11581.512429627299,11792.853811718469,11581.512429627299,11722.40625,14982074
2021-10-01,11792.854887688716,12032.375055708046,11680.138518042175,12004.1962890625,35305977
2021-10-04,12060.553500525744,12088.73226641936,11694.22824084442,11835.1220703125,8940
2021-10-05,11919.659072604823,12004.19536604134,11722.4064181887,11976.0166015625,21993076
2021-10-06,11976.0166015625,11976.0166015625,11976.0166015625,11976.0166015625,0
2021-10-07,11961.92716836593,11961.92716836593,11778.764538525269,11835.1220703125,11084021
2021-10-08,12032.375475046505,12032.375475046505,11778.765263333695,11877.3916015625,7418469
2021-10-11,11877.3916015625,11877.3916015625,11877.3916015625,11877.3916015625,0
2021-10-12,12173.268832575419,12201.447599090503,12032.375,12032.375,4424138
2021-10-13,11976.016655230116,12060.552949045461,11919.659126019886,11947.837890625,5465891
2021-10-14,11947.837890625,11947.837890625,11947.837890625,11947.837890625,0
2021-10-15,12004.195611690815,12314.163330365358,11990.105577630935,12271.89453125,19276703
2021-10-18,12271.89453125,12271.89453125,12271.89453125,12271.89453125,0
2021-10-19,12370.521484374998,12469.146515511118,12201.447582450723,12370.521484375,4160621
2021-10-20,12539.593971149112,12539.593971149112,12285.983772061778,12426.87890625,8164507
2021-10-21,12384.610327794917,12525.505464513464,12314.1640625,12314.1640625,8331424
2021-10-22,12328.25142951911,12398.698990079401,12145.088814513725,12173.267578125,6175704
2021-10-25,12173.267578125,12173.267578125,12173.267578125,12173.267578125,0
2021-10-26,11806.942711625215,11990.105332269794,11750.585182667539,11976.0166015625,4994971
2021-10-27,12102.821268380914,12257.80381604175,11976.016181145496,12201.4462890625,4180273
2021-10-28,12257.805800104517,12539.594783675675,12257.805800104517,12511.416015625,12706316
2021-10-29,12511.415599581424,12666.399470238643,12384.610496037847,12638.220703125,11448872
2021-11-01,12638.220703125,12638.220703125,12638.220703125,12638.220703125,0
2021-11-02,12257.803990328786,12342.341585063865,12229.625226438502,12455.056640625,11278877
2021-11-03,12342.341585063865,12581.861729663391,12314.16282117358,12455.056640625,11592113
2021-11-04,12455.057046293507,12469.145777165413,12300.073188316916,12328.251953125,4736901
2021-11-05,12426.878583522128,12440.967314736463,12173.268391021087,12257.8046875,6823249
2021-11-08,12356.43052752981,12412.78805627755,12314.16303250113,12342.341796875,10790910
2021-11-09,12398.69888327543,12398.69888327543,12173.267473262924,12229.625,5552310
2021-11-10,12173.267802637942,12398.69921875,12131.000307973594,12398.69921875,4425558
2021-11-11,12398.699097876894,12426.87786173316,12060.552628537465,12116.91015625,5722305
2021-11-12,12145.089625528117,12342.342287043213,12032.374563556232,12257.8046875,3286495
2021-11-15,12455.057920056972,12455.057920056972,12257.805249498197,12384.6103515625,5932786
2021-11-16,12398.700362692514,12455.05789615419,12314.1640625,12314.1640625,5998370
2021-11-17,12398.699790701114,12398.699790701114,12173.26836418992,12187.3583984375,3721901
2021-11-18,12159.178816138055,12201.446309912617,12102.8212890625,12102.8212890625,5223684
2021-11-19,12088.732094542174,12539.593645494011,12074.642060263539,12257.8046875,7471504
2021-11-22,12398.700114691315,13103.171875,12257.80498079098,13103.171875,24243501
2021-11-23,13384.959938100406,13723.1064453125,13103.172267977301,13723.1064453125,18361854
2021-11-24,13723.104930391868,14047.162669856622,13441.317291375859,13835.8212890625,17288611
2021-11-25,13948.536291381854,13948.536291381854,13568.121025567185,13864.0,10191901
2021-11-26,13835.821830575143,13864.000595579619,13384.958984375,13384.958984375,7858610
2021-11-29,13103.171494125667,13525.854277411747,13103.171494125667,13300.4228515625,5706442
2021-11-30,13497.673960822987,13497.673960822987,12539.592139903061,12708.666015625,14955083
2021-12-01,12680.489847322948,13596.301757812502,12624.131008511278,13596.3017578125,12975278
2021-12-02,13539.943005707668,14061.252119134737,13539.943005707668,13638.5693359375,13623296
2021-12-03,13779.463278765208,13807.643347409165,13244.0654296875,13244.0654296875,8581208
2021-12-06,13131.350367368888,13469.496857389027,12680.488815030138,13244.0654296875,10202082
2021-12-07,13356.779734757421,13666.747441624611,13117.259589377565,13469.49609375,5345379
2021-12-08,13554.03288101582,14399.3984375,13554.03288101582,14399.3984375,21748974
2021-12-09,14399.3974088761,14653.007578930372,14202.146067883812,14427.576171875,6024177
2021-12-10,14427.576401851242,15075.690567285244,14314.861348058965,14653.0078125,19368330
2021-12-13,14653.009965323396,14765.725035675794,14089.432007432604,14230.3271484375,11087336
2021-12-14,14089.432007432604,14455.757289142299,13948.538169492105,14230.3271484375,5539051
2021-12-15,14258.503821162827,14850.259156636484,14061.251173962137,14653.0078125,10890350
2021-12-16,14850.25891992266,14850.25891992266,14427.576171875,14427.576171875,9508369
2021-12-17,14483.93462417604,14512.113388977077,14202.146976165654,14455.755859375,10336563
2021-12-20,14836.17192716266,15216.585923723582,14722.046946355782,15140.50390625,14449333
2021-12-21,15026.378196525855,15064.419854949445,14645.96291535423,14760.087890625,6374339
2021-12-22,14645.962847548079,15026.378126958502,14417.714201127532,14455.755859375,10399472
2021-12-23,14455.755744017108,14684.004388616217,13580.802823564572,13961.216796875,8064120
2021-12-24,13923.17565354597,14931.2744140625,13866.114467585347,14931.2744140625,13776051
2021-12-27,15064.42191201918,15825.251275190563,14912.255257546232,15501.8984375,15851140
2021-12-28,15406.792437382075,16053.498035483533,15216.58544508459,15996.435546875,15071404
2021-12-29,15996.434829754393,16148.601459222184,15654.062519580342,15730.14453125,9409630
2021-12-30,15654.065091972949,15749.167947954089,15425.815110263527,15501.8984375,5658090
2021-12-31,15597.001630306728,16110.56145120884,15597.001630306728,15616.0224609375,6534811
2022-01-03,15616.0224609375,15616.0224609375,15616.0224609375,15616.0224609375,0
2022-01-04,15787.20746159672,16452.932575060957,15711.124144721627,16262.7255859375,19352941
2022-01-05,16167.623338254343,16262.726184785943,15939.373379224131,15977.4150390625,6713698
2022-01-06,15711.124723258243,16357.830334381864,15711.124723258243,15977.4150390625,9102892
2022-01-07,15920.352477603694,16129.581605772406,15597.000976562498,15597.0009765625,7279472
2022-01-10,15597.00225633455,15958.395446695975,15387.7744140625,15387.7744140625,7399432
2022-01-11,15368.753245784148,15787.20892115567,15216.586597965852,15292.669921875,8471351
2022-01-12,15292.668831594465,16357.830078125,15216.585513109627,16357.830078125,32656170
2022-01-13,16471.954021354544,16738.2443373289,16015.456709131166,16034.4775390625,30906760
2022-01-14,15863.291031848958,16186.6425276043,15825.24937280379,15939.373046875,9762318
2022-01-17,15825.250583110244,16053.499251773292,15292.669921875,15292.669921875,15904631
2022-01-18,15064.42019471939,15311.689676985483,14741.0673938901,14798.1298828125,17456213
2022-01-19,14684.005574390807,15330.711205531785,14684.005574390807,14950.2958984375,11668692
2022-01-20,14950.294946097216,15349.731058255182,14931.27411680092,15064.419921875,13038756
2022-01-21,15083.441429502436,15597.00123746967,15083.441429502436,15216.5859375,14424955
2022-01-24,15216.585436712387,15406.792428905219,14151.42419552966,14360.6533203125,11961050
2022-01-25,14341.633255493945,15216.586248072726,14341.633255493945,15121.4833984375,15710311
2022-01-26,15216.585884553944,15425.813712430303,14912.253906249998,14912.25390625,19197730
2022-01-27,14988.337929302803,15406.793604674327,14912.254605393657,15292.669921875,12740962
2022-01-28,15273.647614871354,16091.539358661463,15216.58512745394,15958.3935546875,27230282
2022-01-31,15958.3935546875,15958.3935546875,15958.3935546875,15958.3935546875,0
2022-02-01,15958.3935546875,15958.3935546875,15958.3935546875,15958.3935546875,0
2022-02-02,15958.3935546875,15958.3935546875,15958.3935546875,15958.3935546875,0
2022-02-03,15958.3935546875,15958.3935546875,15958.3935546875,15958.3935546875,0
2022-02-04,15958.3935546875,15958.3935546875,15958.3935546875,15958.3935546875,0
2022-02-07,16091.539666598277,16205.663340552768,15711.124379599953,15863.291015625,10183930
2022-02-08,15920.352549304947,16129.581678415974,15711.124723258243,15977.4150390625,10131492
2022-02-09,15939.372357788005,16110.55981609053,15749.165373849439,15787.20703125,9324747
2022-02-10,15901.33296603289,15901.33296603289,15520.917672063224,15673.0830078125,6935027
2022-02-11,15597.000791813947,16338.809237341431,15520.917473381089,16300.767578125,28033520
2022-02-14,15977.415234375001,16300.76804388957,15216.585937500002,15216.5859375,12988072
2022-02-15,15216.585937500002,15216.585937500002,15216.585937500002,15216.5859375,0
2022-02-16,15577.979773212699,15635.04226134506,15349.731123747548,15368.751953125,5050225
2022-02-17,15368.753290696324,15654.064453125,15330.71162863058,15654.064453125,5403614
2022-02-18,15406.792018076414,15673.08232127135,15406.792018076414,15520.9169921875,6594090
2022-02-21,15406.79041493546,15558.95703125,15254.625101685046,15558.95703125,6882238
2022-02-22,15425.812589008909,15787.20703125,15368.751405972307,15787.20703125,14572975
2022-02-23,15787.208400917896,16433.91272364154,15768.187570567405,16205.6640625,28194518
2022-02-24,15977.415648799102,16129.582293959622,15330.711316060011,15692.1044921875,8693907
2022-02-25,15863.290712056081,16262.725517849432,15711.12407894298,15958.3935546875,18932556
2022-02-28,15901.331429070231,16167.621718191089,15596.999483922937,16072.517578125,9730399
2022-03-01,16053.497450694691,16433.911421432127,15939.37247763491,16281.74609375,20843490
2022-03-02,16148.602802243,16471.95431062555,15635.042991206778,15768.1875,14506682
2022-03-03,15825.248688650561,16072.518158689969,15635.041704711995,15787.20703125,8051142
2022-03-04,15635.044260163831,15882.313770617919,15406.794278454408,15501.8984375,8956625
2022-03-07,15368.752510764254,15387.773340831858,14645.963574323958,14836.171875,17546708
2022-03-08,14760.087890625,15216.58518557953,14588.901730783118,14760.087890625,8931546
2022-03-09,14779.108719836795,14969.31570889047,14760.087890625,14760.087890625,4654218
2022-03-10,15140.503853017335,15140.503853017335,14817.151044932396,14836.171875,3583176
2022-03-11,14722.047197646645,15026.379181928633,14664.984706269206,14703.0263671875,4400970
2022-03-14,14645.963588117089,15026.378886763103,14645.963588117089,14912.25390625,3789247
2022-03-15,14912.253632075563,15330.710583198927,14874.213275668266,15178.5439453125,15282034
2022-03-16,15197.565417532809,15368.752892392073,15083.441737357663,15121.4833984375,5152296
2022-03-17,15235.606082477398,15368.75188755148,15064.419921875002,15064.419921875,5491655
2022-03-18,15178.543257615436,15216.584915363483,15007.357100813479,15026.3779296875,2845180
2022-03-21,15045.399440226185,15330.710583198927,15045.399440226185,15178.5439453125,6751756
2022-03-22,15178.543347413131,15558.958624079918,15159.52251842658,15406.7919921875,11166757
2022-03-23,15406.7916224566,15616.020736287612,15216.584640219908,15235.60546875,7378211
2022-03-24,15235.607099121977,15311.690421384068,15140.504249358728,15254.6279296875,5175446
2022-03-25,15444.834258549437,15444.834258549437,15178.5439453125,15178.5439453125,3836775
2022-03-28,15159.52176659406,15292.667562896595,14779.107811858064,15007.3564453125,5250508
2022-03-29,15007.357171617787,15406.791973728295,15007.357171617787,15330.7099609375,8610777
2022-03-30,15330.710918410203,15577.98040731797,15140.503919957539,15216.5859375,9382973
2022-03-31,15330.710927990762,15520.917926562292,15254.627607336413,15273.6484375,4268383
2022-04-01,15273.648824124817,15806.22947605789,15216.586332189621,15692.1044921875,19503943
2022-04-04,15863.291967993086,15901.333629283215,15635.04330331668,15692.1044921875,11575741
2022-04-05,15597.000308261555,15806.228124400948,15482.87533415047,15520.9169921875,8211614
2022-04-06,15482.876973829154,15749.167305224959,15292.669966564838,15654.064453125,11742703
2022-04-07,15730.145482332817,15863.291291167452,15482.875997561383,15597.0009765625,15252044
2022-04-08,15558.960252492621,15673.083935291948,15292.669921875,15292.669921875,6114252
2022-04-11,15292.669921875,15292.669921875,15292.669921875,15292.669921875,0
2022-04-12,15330.708715253406,15387.77119750813,14474.775390625,14474.775390625,5300316
2022-04-13,14703.026129532767,15292.669258106802,14474.777470776702,15216.5859375,10419991
2022-04-14,15216.585540128579,15216.585540128579,14836.171553157517,14855.1923828125,4457793
2022-04-15,14874.212738717131,14950.294751849515,14208.486328125,14208.486328125,8975566
2022-04-18,14379.673512885382,14569.880496652926,14075.341557018768,14417.7138671875,5505685
2022-04-19,14417.715061807326,14493.798382844136,13771.0107421875,13771.0107421875,3379736
2022-04-20,13999.258681720143,14113.383657401573,13504.719726562502,13504.7197265625,6593388
2022-04-21,13542.760660063554,13809.050952665822,12972.138418335231,13238.4287109375,6528673
2022-04-22,13333.533541889692,13694.926691429342,13238.429395661218,13390.5947265625,4462704
2022-04-25,13428.636658565407,13580.803295630261,12458.579559534166,13124.3046875,5977806
2022-04-26,12934.097726630065,13333.5338468615,12325.435086038999,13295.4921875,6667398
2022-04-27,13295.491195723174,13314.512023985066,12724.868953994852,13238.4287109375,3936039
2022-04-28,13276.471591461375,13276.471591461375,12781.9326171875,12781.9326171875,3196464
2022-04-29,12781.9326171875,13105.285424386366,12629.765977063644,12781.9326171875,5301017
2022-05-02,12781.9326171875,12781.9326171875,12781.9326171875,12781.9326171875,0
2022-05-03,12781.9326171875,12781.9326171875,12781.9326171875,12781.9326171875,0
2022-05-04,12781.931478256934,12819.973134898208,12173.267578125,12173.267578125,2882535
2022-05-05,12363.476008018557,13010.181640625002,12363.476008018557,13010.181640625,13689239
2022-05-06,12781.9326171875,13105.285424386366,12648.786807079125,12781.9326171875,3589490
2022-05-09,12477.600837077925,12877.035667583146,11945.020194361396,12021.103515625,3854663
2022-05-10,11792.854650107605,12781.932597101048,11602.64635025169,12667.8076171875,10401752
2022-05-11,12667.80762718569,12724.8701171875,12097.185333296233,12724.8701171875,6325233
2022-05-12,12553.684158341528,12667.807837172584,11849.916042781892,12021.103515625,4073011
2022-05-13,12173.268750000001,12173.268750000001,11184.190794368935,11412.439453125,6240349
2022-05-16,11792.853515625,12021.102150430055,11488.521568196858,11792.853515625,4248039
2022-05-17,11792.854324524675,12572.704423210454,11602.646029920126,12553.68359375,6874697
2022-05-18,12591.724184106746,12972.138134904415,12249.3505859375,12249.3505859375,6927486
2022-05-19,11964.040997258862,12230.33131800686,11697.750676510865,11849.916015625,3443399
2022-05-20,12135.227512898411,12249.352497788588,11868.937184552382,11945.0205078125,3675601
2022-05-23,12135.2270896966,12211.310410303402,11374.397792821599,11412.439453125,4480943
2022-05-24,11488.522194369463,11773.833329192486,11488.522194369463,11754.8125,2936201
2022-05-25,11773.83341144655,12173.268221150738,11754.81258212118,12135.2265625,7963627
2022-05-26,12135.227194456056,12154.248024771958,11964.041024677297,12021.103515625,2305011
2022-05-27,12021.104194845704,12477.601542091805,11983.06253206446,12287.39453125,8553604
2022-05-30,12325.434943288832,12591.725252670909,12230.330795986556,12553.68359375,9464700
2022-05-31,12553.683541390295,12572.704370771417,12306.4140625,12306.4140625,4773301
2022-06-01,12230.330063086909,12439.557871549694,11983.06059798285,12173.267578125,3042306
2022-06-02,12173.267578125,12173.267578125,12173.267578125,12173.267578125,0
2022-06-03,12078.165698091614,12173.268544177805,11868.936569960497,12116.2060546875,2116303
2022-06-06,12097.185139363779,12116.205969059456,11526.564157686393,11678.7294921875,4885719
2022-06-07,11678.729069532297,11678.729069532297,11222.23177948538,11260.2734375,3731722
2022-06-08,11298.31611050034,11792.855102988853,11298.31611050034,11507.5439453125,6224565
2022-06-09,11507.543279398938,11545.584938629658,11412.43913132214,11431.4599609375,3383244
2022-06-10,11374.397444902776,11640.687755816984,11298.3154296875,11298.3154296875,2406029
2022-06-13,11108.107312216682,11108.107312216682,10518.46484375,10518.46484375,6648633
2022-06-14,10461.402921079583,10461.402921079583,9890.780635569132,10080.98828125,7049024
2022-06-15,10080.987959947432,10157.07062487557,9434.283027695792,10100.0087890625,6126177
2022-06-16,10157.070646376835,10347.278286398026,9985.884487043111,10195.1123046875,5115290
2022-06-17,9890.78022850813,10042.946208483912,9510.365604334742,9700.5732421875,5629503
2022-06-20,9681.552703284297,9947.84301333628,9529.38671875,9529.38671875,6473955
2022-06-21,9491.345421972494,9966.86422323196,9491.345421972494,9757.6357421875,5386602
2022-06-22,9757.63481998001,10080.987600337217,9757.63481998001,9966.86328125,2923925
2022-06-23,9966.863954454342,10080.98828125,9776.656308773474,10080.98828125,3223824
2022-06-24,10080.987912154287,10138.04974769683,9890.7802734375,9890.7802734375,1589463
2022-06-27,9890.78001614294,10328.257117738714,9890.78001614294,10157.0703125,3425510
2022-06-28,10423.361018824653,10651.609667098915,10252.174206852886,10499.4443359375,3611938
2022-06-29,10309.237000601372,10765.73431069589,10309.237000601372,10423.361328125,3383594
2022-06-30,10347.278642309584,10651.609964666475,10328.2578125,10328.2578125,3082643
2022-07-01,10328.258470965495,10499.44529863341,10042.947308696366,10385.3203125,1576310
2022-07-04,10385.3203125,10575.527971190151,10347.27930198773,10385.3203125,1008957
2022-07-05,10461.4033203125,10632.589491272798,10290.216497820024,10461.4033203125,4058805
2022-07-06,10385.319965866931,10575.52761820848,10042.946973490754,10252.1748046875,2625955
2022-07-07,10157.071650041438,10518.465485107257,10157.071650041438,10442.3828125,2571938
2022-07-08,10461.402305408033,10594.547454089174,10271.194670921212,10309.236328125,2022650
2022-07-11,10271.194899338941,10309.236557388725,9890.7802734375,9890.7802734375,2281685
2022-07-12,9890.7802734375,9890.7802734375,9890.7802734375,9890.7802734375,0
2022-07-13,10157.069655424608,10461.401589154182,9909.800203593855,10138.048828125,2669625
2022-07-14,10100.008176119389,10290.215152662637,10080.987348158646,10233.1533203125,1189072
2022-07-15,10271.194670921212,10461.402305408033,10271.194670921212,10309.236328125,2487230
2022-07-18,10404.340813994932,10461.40330525435,10328.258143847888,10366.2998046875,2355520
2022-07-19,10385.319650396597,10385.319650396597,10176.091825555475,10328.2578125,1416714
2022-07-20,10461.403060089558,10841.81770497405,10347.27873177743,10822.796875,5395196
2022-07-21,10860.838524781218,10898.879533161542,10670.630876750945,10765.734375,4584417
2022-07-22,10765.733372202938,10898.878517962394,10632.588226443484,10670.6298828125,4292936
2022-07-25,10480.423817652894,10613.568975019156,10385.319668439737,10423.361328125,2394630
2022-07-26,10461.40295886793,10499.444618447948,10271.1953125,10271.1953125,2212060
2022-07-27,10271.195635074871,10309.237295849618,10080.9886342655,10252.1748046875,2846758
2022-07-28,10290.215832659473,10575.526967860334,10290.215832659473,10347.2783203125,4162279
2022-07-29,10499.444925776288,10499.444925776288,10119.0302734375,10119.0302734375,5299263
2022-08-01,10309.237313428084,10442.382474834543,10290.216483008278,10366.2998046875,3405867
2022-08-02,10385.3196861566,10575.52733337524,10385.3196861566,10518.46484375,4037759
2022-08-03,10461.403349622118,10689.652012563449,10385.32002762022,10651.6103515625,4513213
2022-08-04,10841.817084469492,11108.10673426926,10746.713591574424,10955.94140625,9314926
2022-08-05,10993.983064020878,11108.10673426926,10841.817084469492,10955.94140625,3369564
2022-08-08,10936.920554475402,11089.085882176205,10784.754575242474,10860.837890625,4007594
2022-08-09,11013.00453340951,11013.00453340951,10803.77605503333,10879.859375,4093355
2022-08-10,10917.900363117786,10917.900363117786,10746.71419657592,10765.734375,3339399
2022-08-11,10898.879219506907,11070.06668418656,10746.713887300391,10841.8173828125,4493044
2022-08-12,10898.879553459505,10898.879553459505,10784.755225041663,10879.859375,1776768
2022-08-15,11013.00390625,11146.148405545144,10917.899761707575,11013.00390625,5738063
2022-08-16,11032.025380689425,11051.0462107109,10936.92123058205,10974.962890625,2451979
2022-08-17,10974.962880637499,11013.004540645828,10917.900390625,10917.900390625,2320269
2022-08-18,10917.900390625,10955.942050633332,10765.734402123839,10917.900390625,3673847
2022-08-19,10955.94235998522,10955.94235998522,10765.734706105024,10803.7763671875,2568957
2022-08-22,10746.714497831412,10765.734676788672,10556.506844469175,10613.5693359375,2552822
2022-08-23,10461.403349622118,10651.6103515625,10461.403349622118,10651.6103515625,2149800
2022-08-24,10651.609708483275,10746.71385524384,10632.58887913116,10689.6513671875,2075264
2022-08-25,10822.796255584053,10993.983064020878,10708.671933803545,10955.94140625,2958825
2022-08-26,10974.963190526458,10993.984021067696,10784.755536646262,10803.7763671875,2383932
2022-08-29,10651.610662931764,10689.652325044752,10309.237658511474,10537.486328125,3562481
2022-08-30,10651.610345384202,10727.69366734197,10537.486013979733,10613.5693359375,1440741
2022-08-31,10613.569342093733,10708.672843063923,10480.424180122593,10651.6103515625,1026495
2022-09-01,10651.6103515625,10651.6103515625,10651.6103515625,10651.6103515625,0
2022-09-02,10651.6103515625,10651.6103515625,10651.6103515625,10651.6103515625,0
2022-09-05,10841.818005035064,10841.818005035064,10556.50685059231,10651.6103515625,3204532
2022-09-06,10708.672843063923,10708.672843063923,10518.46518959136,10651.6103515625,2364114
2022-09-07,10575.527971190151,10613.569633234622,10385.3203125,10385.3203125,3076154
2022-09-08,10404.339468895003,10423.360296855748,10233.1533203125,10233.1533203125,2473901
2022-09-09,10385.319639707895,10385.319639707895,10119.029977244243,10271.1953125,1641025
2022-09-12,10271.195635074871,10309.237295849618,10195.112965057559,10252.1748046875,1442495
2022-09-13,10309.236303752516,10309.236303752516,10176.091155386148,10214.1328125,1349018
2022-09-14,10080.987959947432,10195.112283105706,9985.884465904226,10100.0087890625,1671365
2022-09-15,10138.049795760502,10404.340100307185,10080.987959947432,10100.0087890625,1398475
2022-09-16,10080.988594688293,10214.133755345007,10004.9052734375,10004.9052734375,1518084
2022-09-19,10004.905188753033,10004.905188753033,9396.241881559468,9510.3662109375,2522832
2022-09-20,9662.5322265625,9662.5322265625,9472.325227599134,9662.5322265625,1561928
2022-09-21,9510.36558209248,9662.531561712385,9510.36558209248,9605.4697265625,1185213
2022-09-22,9510.366554411627,9643.51171875,9434.28388258921,9643.51171875,1060168
2022-09-23,9643.511044267687,9662.531873775992,9510.365889241695,9529.38671875,1858144
2022-09-26,9396.24187476075,9472.3251953125,9015.827226598502,9472.3251953125,3330104
2022-09-27,9434.283535036626,9472.3251953125,9129.951555893958,9472.3251953125,2001955
2022-09-28,9225.055370627364,9415.262362015483,8939.744232013041,9377.220703125,2690144
2022-09-29,9396.2421875,9510.366520593909,9206.035182854217,9396.2421875,1724856
2022-09-30,9320.159212484836,9548.407871240901,9110.9307323483,9510.3662109375,3638771
2022-10-03,9548.4067644182,9548.4067644182,8901.701871885327,9072.888671875,2811682
2022-10-04,9091.909821301337,9282.116804431278,9034.847335443083,9053.8681640625,1680485
2022-10-05,9129.951171875,9187.013659888682,9034.84767671767,9129.951171875,2128053
2022-10-06,9091.910164731353,9206.034489226577,8749.536539713541,9129.951171875,5614069
2022-10-07,8768.556894827127,8806.598551445531,8502.2666015625,8502.2666015625,3612114
2022-10-10,7912.62451171875,8254.997480970424,7912.62451171875,7912.62451171875,4188761
2022-10-11,7361.022949218751,7608.292420301958,7361.022949218751,7361.02294921875,15781164
2022-10-12,6961.587884799351,7798.500488281249,6961.587884799351,7798.50048828125,8142164
2022-10-13,7798.50049573501,7836.54150390625,7494.16852117214,7836.54150390625,6631095
2022-10-14,7969.686661335986,8007.728321039384,7722.417176328213,7836.54150390625,3819412
2022-10-17,7646.334508453575,7836.54150390625,7380.044193594103,7836.54150390625,7290872
2022-10-18,7874.583163609648,7969.686661335986,7760.458836031612,7836.54150390625,4427277
2022-10-19,7874.58332355697,7874.58332355697,7627.313833526698,7817.521484375,3008107
2022-10-20,7722.417176328213,7855.562333757949,7608.292848750177,7836.54150390625,3004775
2022-10-21,7836.541967645974,7912.625291555122,7361.023799342591,7646.3349609375,4873442
2022-10-24,7646.334151504987,7665.35498046875,7113.7535466481395,7665.35498046875,5720349
2022-10-25,7494.168171327012,7855.561967042122,7342.002191149038,7665.35498046875,5672822
2022-10-26,7684.376289356802,7779.479788583135,7532.210299675368,7608.29296875,1979858
2022-10-27,7589.272045824863,7988.70751953125,7551.231037518656,7988.70751953125,7606555
2022-10-28,8064.790662802269,8178.914988288909,7855.562189799976,7931.6455078125,4883790
2022-10-31,7988.706837774823,7988.706837774823,7722.416544695785,7874.58251953125,4959554
2022-11-01,7988.707102735327,8407.16338452872,7950.666096413838,8293.0390625,10319850
2022-11-02,8293.040027607136,8559.330360507878,8197.9365234375,8197.9365234375,7019560
2022-11-03,8121.852040479101,8407.163163827086,7931.645059268517,8083.81103515625,6662663
2022-11-04,7988.707700679228,8102.832031249999,7532.210378396143,8102.83203125,12931249
2022-11-07,8159.894791195457,8159.894791195457,7608.293298982926,7646.3349609375,4422717
2022-11-08,7494.168514009258,7874.583156083168,7418.085846207338,7798.50048828125,7433806
2022-11-09,7874.582967272746,7988.707292005322,7646.334317807594,7684.3759765625,4910097
2022-11-10,7627.313791996271,7646.33462213075,7227.878313768701,7570.251953125,5250157
2022-11-11,7798.50061167442,7798.50061167442,7303.96163430662,7570.251953125,6555681
2022-11-14,7418.086273131883,7513.1897762407025,7246.89944631025,7494.1689453125,5634238
2022-11-15,7380.044303312371,7570.251953125,6980.6088250848015,7570.251953125,9376659
2022-11-16,7132.774577873881,7988.707344789746,7075.712089364488,7931.6455078125,9712335
2022-11-17,8102.831670276384,8178.914988288909,7779.479523319599,7931.6455078125,9171290
2022-11-18,7836.54150390625,7950.666483016445,7665.355338305274,7836.54150390625,3580195
2022-11-21,7874.583163609648,7874.583163609648,7608.292848750177,7836.54150390625,5611965
2022-11-22,7798.499691300629,8064.789978691605,7665.354547605141,7855.5615234375,9627101
2022-11-23,7741.438128279734,7912.624948112868,7570.251959978769,7608.29296875,5067587
2022-11-24,7646.334629053401,7703.396467976333,7303.961640919302,7608.29296875,8440484
2022-11-25,7684.3759849233475,7741.437821585649,7513.189171872155,7722.4169921875,5323466
2022-11-28,7798.50052340373,8102.831847514195,7627.313705663232,7988.70751953125,22279322
2022-11-29,8102.831720577661,8216.956046772768,7874.583068187447,8178.9150390625,16286607
2022-11-30,8254.998706843564,8559.330714615548,7931.646518676534,8369.123046875,22786694
2022-12-01,8502.266877630633,8654.43285751297,8216.955746792768,8293.0390625,26586990
2022-12-02,8178.914211043414,8673.453125,8064.789896402054,8673.453125,14468274
2022-12-05,8825.62043996916,9129.951774879155,8730.516286998363,8806.599609375,28323071
2022-12-06,8749.536678465758,8806.599167384351,8216.9560546875,8216.9560546875,20354883
2022-12-07,8178.914996653779,8293.039322257137,7893.60385687931,7969.6865234375,15597542
2022-12-08,8121.85353488485,8521.289050760992,7912.625686749256,8369.123046875,36476810
2022-12-09,8445.205746580099,8749.537080189108,8293.039754009505,8559.330078125,23280738
2022-12-12,8654.432631894677,8825.619436241035,8483.245827548317,8711.4951171875,25396690
2022-12-13,8597.370156718034,8749.5361328125,8559.329151343502,8749.5361328125,17002857
2022-12-14,8901.701754282718,8901.701754282718,8597.369814217704,8673.453125,9929981
2022-12-15,8616.390985171358,8977.784771188144,8559.329151343502,8749.5361328125,22975402
2022-12-16,8654.432642078002,8958.764594266933,8559.329151343502,8749.5361328125,8363843
2022-12-19,8730.51624967626,8863.661411734009,8559.330078125,8559.330078125,12530682
2022-12-20,8540.309882688269,8540.309882688269,8083.8125225625245,8369.123046875,17492516
2022-12-21,8464.22618846925,8521.28802585569,8159.894217301059,8216.9560546875,6161955
2022-12-22,8331.080449843888,8559.329086490108,8216.955479988672,8502.2666015625,10914035
2022-12-23,8521.289050760992,8521.289050760992,8312.061202625397,8369.123046875,3999527
2022-12-26,8312.060325093062,8407.163823156821,7836.541531709937,7988.70751953125,5467803
2022-12-27,7817.521515550347,8102.832015662327,7817.521515550347,8007.728515625,4904484
2022-12-28,8007.727896504049,8159.893875718297,7855.5619172898,8140.873046875,4960255
2022-12-29,8178.914704561594,8197.93553340489,8064.790383033938,8140.873046875,5545847
2022-12-30,8197.936167231828,8197.936167231828,8007.728515625,8007.728515625,5692815
2023-01-02,8007.728515625,8007.728515625,8007.728515625,8007.728515625,0
2023-01-03,8007.728253019576,8331.0810546875,8007.728253019576,8331.0810546875,4091426
2023-01-04,8426.185542656833,8502.268218833713,8235.977874916287,8369.123046875,7687054
2023-01-05,8369.12210969912,8673.454083391951,8312.060271839313,8578.3505859375,13159067
2023-01-06,8578.350908637847,8787.578741214802,8483.246756073613,8559.330078125,10182177
2023-01-09,8578.350908637847,8730.51624967626,8483.246756073613,8559.330078125,7289294
2023-01-10,8673.454409669901,8673.454409669901,8483.246756073613,8559.330078125,5094070
2023-01-11,8521.287764693423,8692.47457467048,8502.266935636846,8540.30859375,9171991
2023-01-12,8597.371738781692,8597.371738781692,8464.227218171789,8521.2890625,3624916
2023-01-13,8559.330726406963,8578.351558360444,8445.206386218308,8521.2890625,8629017
2023-01-16,8521.289050760992,8559.330714615548,8369.123046875,8369.123046875,5195790
2023-01-17,8445.20483215568,8749.5361328125,8407.163175249036,8749.5361328125,23072563
2023-01-18,8768.55733735379,9053.868473326542,8768.55733735379,8977.78515625,17699815
2023-01-19,8901.702522884554,9187.013659888682,8844.640686403012,9129.951171875,23585723
2023-01-20,9129.951171875,9129.951171875,9129.951171875,9129.951171875,0
2023-01-23,9129.951171875,9129.951171875,9129.951171875,9129.951171875,0
2023-01-24,9129.951171875,9129.951171875,9129.951171875,9129.951171875,0
2023-01-25,9129.951171875,9129.951171875,9129.951171875,9129.951171875,0
2023-01-26,9129.951171875,9129.951171875,9129.951171875,9129.951171875,0
2023-01-27,9244.076827938954,9434.284497184333,9129.952487004619,9320.16015625,22486269
2023-01-30,9320.158805027526,9320.158805027526,9053.8684976097,9091.91015625,14683464
2023-01-31,9110.9307323483,9510.3662109375,8920.723733895635,9510.3662109375,29220137
2023-02-01,9510.365091478683,9662.53106324876,8863.660200104923,9015.826171875,25423699
2023-02-02,9053.8684976097,9167.992821998461,8939.744173220935,9091.91015625,14089454
2023-02-03,9129.951171875,9129.951171875,8958.765010898236,9129.951171875,10414379
2023-02-06,9053.86883541568,9206.03482412216,9034.84800538585,9167.9931640625,8003438
2023-02-07,9206.035489972466,9491.346006459251,9148.972995755783,9282.1181640625,30909566
2023-02-08,9472.325175906315,9472.325175906315,9282.11752644879,9358.2001953125,10536443
2023-02-09,9320.158176151523,9567.427637564737,9225.0546875,9225.0546875,18217710
2023-02-10,9225.055950919794,9320.15945259624,8958.765625,8958.765625,7178454
2023-02-13,8958.764594266933,9015.826428094788,8654.432642078002,8749.5361328125,7587438
2023-02-14,8901.702482123404,8977.785147594455,8863.66082362181,8939.744140625,4717355
2023-02-15,8958.76467249753,9263.09597581186,8920.723015258694,9053.8681640625,11893003
2023-02-16,9091.910164731353,9129.951171875,8996.806018041883,9129.951171875,6409064
2023-02-17,9167.992160077221,9167.992160077221,9015.82618803441,9072.888671875,7807715
2023-02-20,11116.500325887411,11466.0751953125,11093.195174935277,11466.0751953125,15260287
2023-02-21,11512.686568757488,11699.12699544182,11326.246142073158,11559.296875,20001669
2023-02-22,11419.466399101195,11466.075905607164,10976.6708984375,10976.6708984375,7109705
2023-02-23,11046.584930902784,11186.4150390625,10860.144520594613,11186.4150390625,7959769
2023-02-24,11186.415150875411,11279.635756104097,10953.365234375,10953.365234375,4126501
2023-02-27,10860.144195841709,10999.974299820062,10743.619242240688,10836.83984375,5471486
2023-02-28,10906.755814197963,10999.97562868317,10860.1455078125,10860.1455078125,3670866
2023-03-01,10836.84016780603,11233.025341210954,10766.92471458335,11186.4150390625,7469408
2023-03-02,11186.415119178897,11279.635724143445,11093.1953125,11093.1953125,4729807
2023-03-03,11093.1952941475,11209.720251874754,10906.7548828125,10906.7548828125,5031810
2023-03-06,10999.975205477629,11163.110473264675,10930.060546875,10930.060546875,4072309
2023-03-07,11046.585041318034,11093.195343932377,10906.754931760657,10953.365234375,3119298
2023-03-08,10906.755275671549,11186.415503604527,10860.144971587493,11163.1103515625,9479958
2023-03-09,11186.415106451928,11442.770971527123,11139.805602308332,11419.4658203125,13526136
2023-03-10,11279.635643359408,11396.160600444899,11139.80553519969,11186.4150390625,4755412
2023-03-13,11046.584901609664,11466.07522497642,11023.279750597238,11326.2451171875,11636423
2023-03-14,11396.160700293938,11396.160700293938,11116.500481524223,11279.6357421875,11776902
2023-03-15,11466.075707382068,11699.126429025702,11326.245593710159,11489.380859375,15855350
2023-03-16,11442.771353674812,11605.906619339654,11349.550745703089,11489.380859375,5275061
2023-03-17,11489.381289021332,11885.567291145215,11489.381289021332,11792.3466796875,18759106
2023-03-20,11792.347655047934,11792.347655047934,11171.697265625,11171.697265625,6828923
2023-03-21,11275.139440104025,11352.720185146221,11094.116520582804,11171.697265625,3867641
2023-03-22,11223.417588159491,11456.161579062267,11223.417588159491,11275.138671875,5755250
2023-03-23,11275.138606960176,11456.161513105231,11223.417523542445,11404.4404296875,4536538
2023-03-24,11404.44062026602,11482.022246689077,11326.859879659984,11378.580078125,4372033
2023-03-27,11404.440112149481,11507.882276104769,11326.859375,11326.859375,4238043
2023-03-28,11378.579761887384,11482.021927576558,11300.9990234375,11300.9990234375,3521092
2023-03-29,11378.57957116066,11378.57957116066,11249.277752033535,11326.859375,2527041
2023-03-30,11378.580480210436,11482.022652429854,11326.86027991778,11456.162109375,4771722
2023-03-31,11430.301375690375,11533.742660367589,11430.301375690375,11482.0224609375,4185604
2023-04-03,11637.184504451003,11792.346870023202,11507.882680777007,11766.486328125,14411100
2023-04-04,11844.068532406493,11844.068532406493,11611.324529770061,11688.9052734375,6347682
2023-04-05,11714.765434245053,11766.486518879945,11533.742523839961,11740.6259765625,9555897
2023-04-06,11740.626307078388,12076.811595035237,11688.905220987472,11947.509765625,18081791
2023-04-07,11844.06847926022,12050.95105198978,11818.207936214762,11947.509765625,7837705
2023-04-10,12050.95105198978,12154.393224171612,11792.347393169304,11947.509765625,13357596
2023-04-11,11869.928136488625,12025.091394761374,11714.765764032929,11947.509765625,4741031
2023-04-12,11947.509765625,12050.95105198978,11844.06847926022,11947.509765625,6741934
2023-04-13,12102.671751813361,12102.671751813361,11947.509384309808,11999.23046875,4438677
2023-04-14,11999.23046875,12309.555203757107,11999.23046875,11999.23046875,12688874
2023-04-17,11999.230252957595,11999.230252957595,11792.346804734412,11895.7880859375,2858684
2023-04-18,11792.3466796875,12050.950322861472,11688.904513764312,11792.3466796875,2982151
2023-04-19,11792.346523489821,11895.78780222586,11559.6025390625,11559.6025390625,3258549
2023-04-20,11559.603324292568,11688.905152950181,11507.883124319751,11585.4638671875,1668910
2023-04-21,11585.46426707487,11921.64956467877,11585.46426707487,11663.0458984375,4568282
2023-04-24,11637.184129610454,11921.64830969389,11637.184129610454,11818.20703125,8371560
2023-04-25,11818.207411921403,11844.067953819605,11688.904702430393,11766.486328125,2429355
2023-04-26,11714.76517946934,11973.369711202571,11637.184440021276,11895.7880859375,7673024
2023-04-27,11947.509957523323,12025.091587905797,11869.928327140851,11921.6494140625,3287486
2023-04-28,11921.648342101218,12309.5546875,11895.787800965702,12309.5546875,14095768
2023-05-01,12309.5546875,12309.5546875,12309.5546875,12309.5546875,0
2023-05-02,12309.5546875,12309.5546875,12309.5546875,12309.5546875,0
2023-05-03,12309.5546875,12309.5546875,12309.5546875,12309.5546875,0
2023-05-04,12309.555452218305,12309.555452218305,12128.532538840815,12206.11328125,3286259
2023-05-05,12154.39315211393,12257.834437865455,11921.649151901689,12076.8115234375,3642103
2023-05-08,12050.950476305568,12180.253185355958,11921.648653072189,12025.0908203125,4970076
2023-05-09,12025.091532023185,12257.834650454875,12025.091532023185,12180.25390625,5648970
2023-05-10,12206.11271133364,12361.275960541361,12050.95034794292,12283.6943359375,7411007
2023-05-11,12309.555452218305,12335.415994960382,12102.671996098738,12206.11328125,2425672
2023-05-12,12231.97410711423,12231.97410711423,12076.811732887416,12180.25390625,3130522
2023-05-15,12206.113112875408,12516.438735682563,12154.392913921742,12361.2763671875,17721036
2023-05-16,12361.276558410398,12387.136215378754,12206.113301698007,12335.416015625,3028276
2023-05-17,12361.276092209493,12387.13574820256,12025.0908203125,12025.0908203125,3436559
2023-05-18,12050.950790033365,12257.834244082867,12050.950790033365,12102.671875,2219952
2023-05-19,12206.112966974184,12206.112966974184,11999.230401998348,12128.5322265625,1959163
2023-05-22,12335.415228635517,12412.99596622508,12154.392326503885,12309.5546875,8753010
2023-05-23,12257.833984375,12464.717434041244,12257.833984375,12257.833984375,7191958
2023-05-24,12257.833984375,12257.833984375,12257.833984375,12257.833984375,0
2023-05-25,12206.113159116234,12257.834244082867,12050.950790033365,12102.671875,1731871
2023-05-26,12257.834175150389,12257.834175150389,12102.671806940083,12231.9736328125,2383756
2023-05-29,12387.135302780762,12645.739825765522,12257.833484196872,12568.158203125,11950527
2023-05-30,12697.461771376435,12697.461771376435,12361.27648869633,12464.7177734375,5070043
2023-05-31,12645.74087644222,13033.647250240232,12542.29959014404,12930.205078125,19441683
2023-06-01,13085.366705788698,13524.994140625,12930.20434226324,13524.994140625,23790390
2023-06-02,13318.111003213788,13887.040273228235,13318.111003213788,13602.5751953125,21184428
2023-06-05,14223.225419583923,14223.225419583923,13447.412705220395,13499.1337890625,16839228
2023-06-06,13499.134048377433,13628.435874649538,13214.669853415395,13343.9716796875,17567052
2023-06-07,13447.413106845437,13628.436019882285,13318.111279195415,13576.7158203125,16319228
2023-06-08,13628.435748668011,13628.435748668011,13240.5302734375,13240.5302734375,13559984
2023-06-09,13462.169003467188,13678.140055520316,13318.189187915474,13426.173828125,9738792
2023-06-12,13498.16456758542,13498.16456758542,13138.213689613222,13246.19921875,3358908
2023-06-13,13318.188877777837,13318.188877777837,13066.22265625,13066.22265625,3854592
2023-06-14,13102.217830753976,13282.193703273859,13066.22265625,13066.22265625,4686318
2023-06-15,13102.217830753976,13102.217830753976,12994.232307242046,13066.22265625,3479238
2023-06-16,13066.222599090986,13246.198470823554,13066.222599090986,13102.2177734375,6123474
2023-06-19,13138.212833778332,13174.2080078125,13030.227311675826,13174.2080078125,1943802
2023-06-20,13174.209044052932,13210.204220918364,13066.223513456636,13138.2138671875,2879982
2023-06-21,13174.208865992146,13246.19921875,13138.213689613222,13246.19921875,5332950
2023-06-22,13246.19921875,13246.19921875,13246.19921875,13246.19921875,0
2023-06-23,13282.193303142893,13426.173111004337,13210.202956303674,13318.1884765625,7747362
2023-06-26,13354.183706519,13426.173167846004,13138.212665087001,13282.193359375,4223898
2023-06-27,13282.194395128927,13318.189571507852,13138.213689613222,13246.19921875,3470166
2023-06-28,13246.198185803001,13282.193359375,13174.207838659002,13282.193359375,4199454
2023-06-29,13318.188936360979,13318.188936360979,13030.2275390625,13030.2275390625,4958730
2023-06-30,13030.227654650731,13066.222829632345,12958.2373046875,12958.2373046875,3331692
2023-07-03,13138.213005257952,13138.213005257952,12994.232307242046,13066.22265625,3658536
2023-07-04,13102.217830753976,13138.213005257952,13030.227481746024,13066.22265625,2278458
2023-07-05,13102.21788838712,13138.21306304943,13030.2275390625,13030.2275390625,4958226
2023-07-06,13030.227424744473,13102.2177734375,12958.237076051446,13102.2177734375,5613552
2023-07-07,12994.232421875,13102.21794633956,12922.242958048984,12994.232421875,5994828
2023-07-10,13030.227424744473,13138.212947784014,12958.237076051446,13102.2177734375,7427574
2023-07-11,13174.2080078125,13390.178166200505,13102.217659744163,13174.2080078125,11164608
2023-07-12,13246.198528769883,13246.198528769883,13066.22265625,13066.22265625,4920174
2023-07-13,13102.218690322068,13174.209044052932,13030.228336591204,13138.2138671875,5910156
2023-07-14,13138.213005257952,13174.20817976193,12994.232307242046,13066.22265625,4860576
2023-07-17,13066.223513456636,13138.2138671875,13030.228336591204,13138.2138671875,5325138
2023-07-18,13138.213915654516,13642.1455078125,13102.218738656298,13642.1455078125,31251276
2023-07-19,13678.139996432665,13750.130346806052,13426.173770125806,13462.1689453125,11778732
2023-07-20,13462.168829931126,13534.1591796875,13246.198666479031,13534.1591796875,14071050
2023-07-21,13462.168887467971,13642.144762628117,13390.178537403912,13498.1640625,11472300
2023-07-24,13462.169003467188,13534.159354151563,13282.194012573285,13426.173828125,8871030
2023-07-25,13426.173428541091,13858.114633975065,13390.178254270177,13678.1396484375,16825536
2023-07-26,13678.139879200247,13678.139879200247,13462.168829931126,13534.1591796875,8356824
2023-07-27,13534.15956399689,13570.154739897178,13246.199042611634,13354.1845703125,8391222
2023-07-28,13318.18913038276,13534.159295685888,13282.193955196066,13462.1689453125,9043902
2023-07-31,13426.17371243594,13570.154412564058,13390.178537403912,13498.1640625,6548472
2023-08-01,13534.1591796875,13858.114867774157,13498.164004809312,13534.1591796875,18238878
2023-08-02,13498.163890343665,13678.139763208388,13462.16871577072,13606.1494140625,8358210
2023-08-03,13606.149035706001,13678.13938285,13246.198185803001,13282.193359375,8703072
2023-08-04,13390.179268824968,13678.140684810718,13282.194623647392,13642.1455078125,15456420
2023-08-07,13678.140183308702,14002.095878597922,13642.145007630228,13894.1103515625,22360086
2023-08-08,13966.10015678781,13966.10015678781,13642.144474166584,13678.1396484375,7955766
2023-08-09,13714.134995775643,13750.130170500805,13498.163947424679,13570.154296875,6924456
2023-08-10,13570.153804682772,13606.14897810238,13282.193303142893,13318.1884765625,7305984
2023-08-11,13354.184363257662,13426.173828125,13138.213311204534,13426.173828125,6725880
2023-08-14,13426.173828125,13462.169003467188,13318.189187915474,13426.173828125,6911604
2023-08-15,13462.168602812008,13786.125171250245,13354.183965816272,13678.1396484375,15210720
2023-08-16,13678.140506318001,13786.1260359035,13534.159800204001,13750.130859375,10703322
2023-08-17,13750.130170500805,13786.125345225966,13534.159122149838,13570.154296875,7369488
2023-08-18,13498.163923855505,13534.159098517815,12958.237189737882,13030.2275390625,14569758
2023-08-21,13174.207782884067,13390.177937584727,12994.231915786022,13318.1884765625,10325826
2023-08-22,13246.199042611634,13390.178860395736,13102.21833901048,13354.1845703125,5170158
2023-08-23,13426.173111004337,13426.173111004337,13210.202956303674,13318.1884765625,7006104
2023-08-24,13318.189016235405,13606.149529443874,13210.203491600843,13534.1591796875,12685554
2023-08-25,13462.168772699517,13570.154296875,13390.178423249195,13570.154296875,4708620
2023-08-28,13642.144474166584,13714.134822708415,13534.158951353838,13678.1396484375,9080190
2023-08-29,13678.1396484375,13750.12999697933,13570.154125624753,13678.1396484375,8738478
2023-08-30,13678.139899081461,14074.0859375,13678.139899081461,14074.0859375,27711054
2023-08-31,14146.076229470702,14182.071404253906,13930.10518077149,14110.0810546875,7483770
2023-09-01,14110.0810546875,14110.0810546875,14110.0810546875,14110.0810546875,0
2023-09-04,14110.0810546875,14110.0810546875,14110.0810546875,14110.0810546875,0
2023-09-05,14182.071346511648,14290.05598460457,14110.080997238352,14146.076171875,11626272
2023-09-06,14146.076057558468,14218.06640625,13786.125199917826,14218.06640625,15054606
2023-09-07,14254.061695784943,14470.03185778781,14074.085822601703,14146.076171875,20637540
2023-09-08,14146.076462822366,14182.07163819934,13966.1005859375,13966.1005859375,7590618
2023-09-11,14038.091568975826,14110.081922972262,13606.15033081428,13642.1455078125,12839148
2023-09-12,13642.144248806024,13822.1201171875,13534.158727777138,13822.1201171875,11372508
2023-09-13,13858.115234375,13930.105586035797,13642.145065209657,13858.115234375,6960618
2023-09-14,13858.114633975065,14038.090505329641,13678.1396484375,13678.1396484375,7121898
2023-09-15,13822.1201171875,13894.109578723093,13714.134596158614,13822.1201171875,6088950
2023-09-18,13822.121392803592,13822.121392803592,13534.159976817844,13642.1455078125,6694632
2023-09-19,13534.158895019551,13750.12993974609,13498.163720898461,13714.134765625,7639380
2023-09-20,13642.144780265313,14110.08117046963,13570.154430108183,14038.0908203125,17997966
2023-09-21,14038.0904468978,14074.08562101889,13714.134765625,13714.134765625,6985818
2023-09-22,13570.154739897178,13642.145091697756,13210.203866711345,13354.1845703125,11235924
2023-09-25,13354.184229485265,13462.16886861308,12958.2373046875,12958.2373046875,7747488
2023-09-26,12958.23774961307,13138.213630700679,12742.267578125,12742.267578125,9074646
2023-09-27,12742.267460728217,12850.252988385892,12526.296405412866,12814.2578125,7246008
2023-09-28,12814.257433584424,13030.227596696519,12418.31139636473,12994.232421875,8049132
2023-09-29,12994.232746756332,13030.227922477803,12814.257753966029,12850.2529296875,5020092
2023-10-02,12850.253347620062,12886.248524512215,12598.287109375,12598.287109375,5251806
2023-10-03,12526.295810463169,12526.295810463169,12022.3642578125,12022.3642578125,9841356
2023-10-04,11878.3846504142,12238.335512526171,11878.3846504142,11950.375,4462290
2023-10-05,12166.345221764012,12166.345221764012,11878.384707845566,11914.3798828125,4203612
2023-10-06,11914.380470849648,12130.350645493485,11878.385294106163,12094.35546875,5596290
2023-10-09,12094.354435706056,12274.330304050773,12022.36408836817,12130.349609375,6182946
2023-10-10,12238.335245030734,12238.335245030734,12058.359375,12058.359375,5409306
2023-10-11,12094.354549006148,12130.349723012294,11986.369912804712,12058.359375,4054554
2023-10-12,12130.349222050234,12382.3154296875,12058.358877011015,12382.3154296875,6580728
2023-10-13,12238.335647488262,12490.300988000161,12202.340472298414,12418.3115234375,9460710
2023-10-16,12382.31688269788,12382.31688269788,12058.360292006515,12094.35546875,5953374
2023-10-17,12094.35493066011,12202.340456086182,11878.384765625,11878.384765625,4320792
2023-10-18,11914.3802358893,11950.375411922934,11482.439009302752,11698.4091796875,6851628
2023-10-19,11698.408315499175,11734.403488873762,11554.428507817815,11626.41796875,3115854
2023-10-20,11590.42336448881,11914.379940767025,11590.42336448881,11878.384765625,3384234
2023-10-23,11878.384823755678,12058.35981452953,11770.399297801145,11842.3896484375,5739552
2023-10-24,11878.385294106163,12130.350645493485,11842.390117362678,12094.35546875,5368608
2023-10-25,12094.354549006148,12166.34489701844,11950.374738798566,12058.359375,5272722
2023-10-26,11806.394101412372,11950.374798152063,11266.467374455542,11518.43359375,8743014
2023-10-27,11518.434243456028,11734.404414930515,11446.443891025512,11662.4140625,2840040
2023-10-30,11662.413404672681,11770.39892722745,11518.43359375,11518.43359375,5403510
2023-10-31,11590.423288621434,11590.423288621434,11374.453125,11374.453125,3698352
2023-11-01,11482.43864971923,11482.43864971923,11230.472425374357,11374.453125,4011084
2023-11-02,11554.4291885992,12022.364698405392,11554.4291885992,11806.39453125,9580788
2023-11-03,11950.374739201457,11986.369913208817,11554.4287109375,11554.4287109375,7226856
2023-11-06,11842.389475621301,12058.359638561673,11662.413601656803,11950.375,5519430
2023-11-07,11878.384707845566,12058.359696863208,11842.389532878631,11914.3798828125,4671702
2023-11-08,11914.379956596667,12598.286513569703,11878.38478140682,12418.3115234375,10848852
2023-11-09,12490.301164551158,12562.29151594844,12274.330996176359,12310.326171875,6909336
2023-11-10,12238.3359375,12454.306993756949,12166.34558541435,12238.3359375,7454412
2023-11-13,12238.335647488262,12418.3115234375,12166.345297108566,12418.3115234375,5333958
2023-11-14,12598.286247295626,12850.252468299068,12418.311260967326,12526.2958984375,15754662
2023-11-15,12562.291697037392,12886.248282995086,12526.29652081987,12742.267578125,12239640
2023-11-16,12670.277463159304,12670.277463159304,12418.312110731318,12598.287109375,6576066
2023-11-17,12598.286812111193,12706.27234023967,12166.34558541435,12238.3359375,9364446
2023-11-20,12022.363704491405,12526.29523394897,11986.369417788765,12382.3154296875,5948712
2023-11-21,12382.31559714421,12526.295403352842,12238.334905118596,12274.330078125,3295530
2023-11-22,12274.330996176359,12382.316523272282,12238.335820477718,12310.326171875,2903292
2023-11-23,12382.3166416713,12526.296460025544,12238.3359375,12238.3359375,8762922
2023-11-24,12274.331113542825,12274.331113542825,12058.360057285874,12238.3359375,4470606
2023-11-27,12202.341273248123,12238.336450800658,11986.37109375,11986.37109375,3923262
2023-11-28,11986.369912804712,12130.349723012294,11878.384390786272,12058.359375,3157056
2023-11-29,12058.359262037113,12202.339956712887,12022.36408836817,12130.349609375,3108294
2023-11-30,12058.360057285874,12310.32628958565,12058.360057285874,12238.3359375,10932516
2023-12-01,12274.330996176359,12346.321347573641,12130.350293381794,12310.326171875,11575368
2023-12-04,12346.32025716789,12562.290406468579,12310.32508464828,12382.3154296875,14060466
2023-12-05,12418.310770150612,12418.310770150612,12274.330078125,12274.330078125,5656896
2023-12-06,12310.325681586684,12670.27653842014,12274.330507321638,12562.291015625,17643276
2023-12-07,12598.286076060182,12670.276423939817,12418.311092178095,12634.28125,18997146
2023-12-08,12598.286189890046,12742.266886950234,12526.295841359954,12562.291015625,5967360
2023-12-11,12562.292112629164,12634.282467445826,12490.3017578125,12490.3017578125,5456052
2023-12-12,12526.296935220831,12562.292112629164,12418.312288812927,12490.3017578125,3043152
2023-12-13,12526.296460025544,12526.296460025544,12238.3359375,12238.3359375,4200840
2023-12-14,12310.325420569854,12382.31576757353,12130.349553060663,12166.3447265625,4193658
2023-12-15,12238.33599652894,12274.33117274538,12130.35046787962,12202.3408203125,4258674
2023-12-18,12166.3447265625,12238.335073566177,12058.359206056986,12166.3447265625,3876138
2023-12-19,12094.355233328699,12238.3359375,12058.360057285874,12238.3359375,3059784
2023-12-20,12166.3447265625,12238.335073566177,12130.349553060663,12166.3447265625,3558996
2023-12-21,12166.3447265625,12166.3447265625,12022.364032555148,12166.3447265625,2641968
2023-12-22,12166.3447265625,12202.339900064339,12058.359206056986,12166.3447265625,2989854
2023-12-25,12166.34455910579,12310.325251131404,12166.34455910579,12274.330078125,3208968
2023-12-26,12310.32628958565,12310.32628958565,12202.340761457175,12238.3359375,2556918
2023-12-27,12238.33640177127,12490.3017578125,12238.33640177127,12490.3017578125,6748182
2023-12-28,12454.306640625,12490.30092983018,12346.321115558369,12454.306640625,4911732
2023-12-29,12526.2958984375,12562.291072866563,12418.311260967326,12526.2958984375,3838968
2024-01-01,12526.2958984375,12526.2958984375,12526.2958984375,12526.2958984375,0
2024-01-02,12562.291279874602,12598.286454896812,12418.31146560279,12454.306640625,8783082
2024-01-03,12418.311204381824,12562.291015625,12310.325681586684,12562.291015625,9014670
2024-01-04,12598.28568767143,13102.217221476325,12526.295342011164,12886.2470703125,38553480
2024-01-05,12886.2478405413,13066.222829632345,12778.262315596456,12958.2373046875,13890870
2024-01-08,13102.218155222336,13102.218155222336,12814.257637876375,12922.2431640625,12766572
2024-01-09,12958.236699434781,12994.231872735136,12742.266545449645,12778.26171875,13234788
2024-01-10,12814.256934504969,13390.177937584727,12778.26176108536,13318.1884765625,30512916
2024-01-11,13318.1884765625,13678.139324941598,13210.202956303674,13318.1884765625,22824396
2024-01-12,13210.203866711345,13534.15956399689,13066.223163110191,13354.1845703125,23813496
2024-01-15,13498.163688303011,13534.158862337179,13174.2080078125,13174.2080078125,8773506
2024-01-16,13102.218192766397,13390.1787109375,13102.218192766397,13390.1787109375,11759958
2024-01-17,13354.18382051709,13462.168456337906,13210.203125,13210.203125,9390780
2024-01-18,13210.203012231,13282.193359375,13102.217491515003,13282.193359375,6764940
2024-01-19,13282.194070258987,13426.173886436018,13246.19889476047,13390.1787109375,7118370
2024-01-22,13390.178652782812,13462.169003467188,13282.194012573285,13426.173828125,11084094
2024-01-23,13426.173886436018,13534.159412931573,13318.189245757505,13390.1787109375,11869452
2024-01-24,13354.183877983343,13354.183877983343,13138.212833778332,13174.2080078125,11563020
2024-01-25,13174.2080078125,13174.2080078125,13174.2080078125,13174.2080078125,0
2024-01-26,13102.217659744163,13318.188703949174,13066.222485709995,13174.2080078125,4911984
2024-01-29,13174.20817976193,13246.198528769883,13066.22265625,13066.22265625,3713850
2024-01-30,13066.222485709995,13282.193529915006,13066.222485709995,13174.2080078125,8847216
2024-01-31,13282.194152528093,13282.194152528093,12814.257753966029,12850.2529296875,11158056
2024-02-01,12850.2529296875,12994.232746756332,12814.257753966029,12850.2529296875,6370434
2024-02-02,12850.2529296875,12850.2529296875,12850.2529296875,12850.2529296875,0
2024-02-05,12598.286273515321,13138.213005257952,12598.286273515321,13066.22265625,23577246
2024-02-06,13138.21306304943,13210.203412374049,13030.2275390625,13030.2275390625,12544686
2024-02-07,13030.227089205631,13390.177937584727,13030.227089205631,13318.1884765625,18490752
2024-02-08,13318.1884765625,13318.1884765625,13318.1884765625,13318.1884765625,0
2024-02-09,13318.1884765625,13318.1884765625,13318.1884765625,13318.1884765625,0
2024-02-12,13318.1884765625,13318.1884765625,13318.1884765625,13318.1884765625,0
2024-02-13,13318.1884765625,13318.1884765625,13318.1884765625,13318.1884765625,0
2024-02-14,13318.1884765625,13318.1884765625,13318.1884765625,13318.1884765625,0
2024-02-15,13426.173597974355,13786.125345225966,13390.178423249195,13570.154296875,32630598
2024-02-16,13606.1494140625,13714.134937781333,13534.15906491661,13606.1494140625,18094860
2024-02-19,13606.149529443874,13642.144704322061,13426.173655052939,13534.1591796875,11061162
2024-02-20,13498.1640625,13570.154412564058,13426.17371243594,13498.1640625,11733876
2024-02-21,13498.164079951051,14038.0908203125,13354.184265453821,14038.0908203125,40058424
2024-02-22,14038.090762569494,14218.066637222024,13822.120598803485,14074.0859375,19711062
2024-02-23,14110.081738842933,14470.032618310866,13750.130859375,13750.130859375,54936000
2024-02-26,13714.134652352428,13894.109635654357,13642.144304704856,13786.125,10333260
2024-02-27,13786.125,13894.109635654357,13570.153957057284,13786.125,19238436
2024-02-28,13858.11524031706,14398.0419921875,13750.130598596612,14398.0419921875,32255748
2024-02-29,14398.042169492286,14578.018050937764,14182.071997574774,14290.056640625,37996434
2024-03-01,14290.056640625,14362.04699320319,14074.086468707486,14290.056640625,17994312
2024-03-04,14326.05121756969,14362.046392352891,14038.090705121096,14110.0810546875,18949518
2024-03-05,14110.081287445393,14110.081287445393,13894.110235183553,13966.1005859375,15489558
2024-03-06,13966.099926075683,14146.075794457161,13750.129769834908,13822.1201171875,12618018
2024-03-07,13930.105586035797,13930.105586035797,13786.125768531252,13858.115234375,11509974
2024-03-08,13858.115106601193,13894.110282099713,13390.1787109375,13390.1787109375,27796860
2024-03-11,13354.18364998211,13534.158631263163,13246.198129723283,13318.1884765625,13901706
2024-03-12,13318.1884765625,13462.168284423944,13282.193303142893,13318.1884765625,10054548
2024-03-13,13318.188791545357,13678.1396484375,13282.19361727444,13678.1396484375,9628668
2024-03-14,13678.139937660146,13714.135112692175,13390.178537403912,13498.1640625,9669618
2024-03-15,13462.168829931126,13678.139879200247,13282.193841357217,13534.1591796875,11337102
2024-03-18,13678.139558473853,13678.139558473853,12742.266805219484,13174.2080078125,17260488
2024-03-19,13174.208122130527,13246.198470823554,13102.2177734375,13102.2177734375,5520312
2024-03-20,13102.218192766397,13498.164237433055,12922.243201090847,13390.1787109375,20131146
2024-03-21,13534.159237532029,13570.154412564058,13318.189073156884,13498.1640625,11568564
2024-03-22,13534.159237532029,13858.11492700326,13426.17371243594,13498.1640625,22636656
2024-03-25,13534.158951353838,13858.114633975065,13462.168602812008,13678.1396484375,22151556
2024-03-26,13678.139478528641,13822.120173823785,13606.14913088107,13786.125,13660416
2024-03-27,13822.1201171875,13858.114405046797,13678.139422482318,13822.1201171875,7596540
2024-03-28,13966.101032728933,14038.091385785934,13678.140506318001,13750.130859375,12767328
2024-03-29,13822.121212432,13822.121212432,13678.140506318001,13750.130859375,7277004
2024-04-01,13678.139937660146,13714.135112692175,13426.17371243594,13498.1640625,12622050
2024-04-02,13426.173597974355,13570.154296875,13174.208260715252,13570.154296875,13050450
2024-04-03,13534.158631263163,13534.158631263163,13282.193303142893,13318.1884765625,10334268
2024-04-04,13318.189571507852,13354.184747886778,13174.208865992146,13246.19921875,14371182
2024-04-05,13102.2177734375,13210.20329647704,13030.227424744473,13102.2177734375,12133422
2024-04-08,13102.218690322068,13390.179219428448,13030.228336591204,13138.2138671875,14698908
2024-04-09,13210.203719261952,13390.1787109375,13066.22301726788,13390.1787109375,5601456
2024-04-10,13426.173282458634,13426.173282458634,13210.203125,13210.203125,5377050
2024-04-11,13030.227255603637,13210.203125,13030.227255603637,13210.203125,8656200
2024-04-12,13210.203604822676,13462.1689453125,13138.213254449289,13462.1689453125,13834926
2024-04-15,13282.194584508808,13426.17440626034,12598.287109375,12598.287109375,15482880
2024-04-16,12598.28601963032,12778.26188852327,12238.335167661426,12670.2763671875,21159684
2024-04-17,12742.267516282494,12742.267516282494,12238.3359375,12238.3359375,7807590
2024-04-18,12238.3359375,12238.3359375,12238.3359375,12238.3359375,0
2024-04-19,12202.34033773327,12310.32586211197,11806.394300828402,11950.375,10660104
2024-04-22,12238.336226270558,12634.282286267153,12094.35551870195,12598.287109375,15918966
2024-04-23,12526.296163190007,12670.276863949399,12346.321173057804,12418.3115234375,7967862
2024-04-24,12634.281615669996,12958.2373046875,12598.286440688382,12958.2373046875,14979006
2024-04-25,12922.2431640625,12958.237453640835,12742.267287085624,12922.2431640625,6229692
2024-04-26,12706.271206161831,12922.242243142633,12706.271206161831,12886.2470703125,3894408
2024-04-29,12886.2470703125,12886.2470703125,12886.2470703125,12886.2470703125,0
2024-04-30,12886.2470703125,12886.2470703125,12886.2470703125,12886.2470703125,0
2024-05-01,12886.2470703125,12886.2470703125,12886.2470703125,12886.2470703125,0
2024-05-02,12886.248342861229,12922.243519245974,12706.2724609375,12706.2724609375,2100420
2024-05-03,12778.262993835759,12886.248524512215,12598.287109375,12598.287109375,9897426
2024-05-06,12742.267460728217,12886.248164271783,12670.277108956434,12814.2578125,5086116
2024-05-07,12850.252065350707,12850.252065350707,12670.276198848938,12778.26171875,3242610
2024-05-08,12742.266545449645,12814.256892050355,12634.281025548584,12778.26171875,5250672
2024-05-09,12814.257320539182,13246.198528769883,12742.266971531228,13066.22265625,19574856
2024-05-10,13102.21788838712,13174.20823771174,12958.237189737882,13030.2275390625,10481940
2024-05-13,13030.227654650731,13210.203529558805,12886.2478405413,12958.2373046875,7361676
2024-05-14,12994.232479669115,13102.21800461396,12886.2478405413,12958.2373046875,5526108
2024-05-15,13102.218155222336,13102.218155222336,12886.247988667124,12922.2431640625,11952612
2024-05-16,13102.217603362182,13246.198298879273,12958.236907845092,13210.203125,12143376
2024-05-17,13246.19921875,13426.174214827568,13138.213689613222,13246.19921875,15288210
2024-05-20,13246.198185803001,13390.177994274005,13246.198185803001,13282.193359375,17339490
2024-05-21,13318.188646637818,13318.188646637818,13102.217603362182,13210.203125,5605362
2024-05-22,13246.198528769883,13282.193703273859,13030.227481746024,13066.22265625,7754040
2024-05-23,13066.222485709995,13174.2080078125,12994.232137641658,13174.2080078125,6376230
2024-05-24,12958.236699434781,13210.20291253726,12670.276198848938,12778.26171875,19653858
2024-05-27,12778.26275434252,12886.248282995086,12634.282049472435,12742.267578125,7295526
2024-05-28,12814.257753966029,12886.24810540897,12742.26740252309,12850.2529296875,5615316
2024-05-29,12886.248282995086,12886.248282995086,12742.267578125,12742.267578125,5896422
2024-05-30,12742.267578125,12778.26275434252,12598.286873254912,12742.267578125,8011584
2024-05-31,12742.267637322246,12814.257990091737,12634.282108168009,12706.2724609375,4896360
2024-06-03,12706.2724609375,12706.2724609375,12706.2724609375,12706.2724609375,0
2024-06-04,13066.22277151804,13102.21794633956,12958.23724705348,12994.232421875,5623884
2024-06-05,12994.232479669115,13066.222829632345,12922.243015522916,12958.2373046875,5109552
2024-06-06,12958.23798286034,13210.204220918364,12922.243691811984,13138.2138671875,10518228
2024-06-07,13174.20823771174,13246.198587036359,13030.2275390625,13030.2275390625,4383918
2024-06-10,13138.212777241455,13390.178108579361,13102.217603362182,13210.203125,16501968
2024-06-11,13246.198470823554,13318.188819516581,13066.222599090986,13102.2177734375,5727582
2024-06-12,13102.217491515003,13318.188532946999,13066.222317943002,13282.193359375,8499330
2024-06-13,13318.188791545357,13750.12999697933,13282.19361727444,13678.1396484375,55439748
2024-06-14,13678.140055520316,13750.130406204691,13426.173828125,13426.173828125,15006852
2024-06-17,13462.169212196313,13462.169212196313,13246.199042611634,13354.1845703125,11620980
2024-06-18,13498.164237433055,13498.164237433055,13318.189245757505,13390.1787109375,9982098
2024-06-19,13462.169212196313,13498.1643880966,13246.199042611634,13354.1845703125,10649520
2024-06-20,13539.14461428162,13539.14461428162,13317.190991091897,13502.15234375,11252052
2024-06-21,13428.16805246973,13576.137137348647,13354.18351003027,13391.17578125,9419004
2024-06-24,13354.18378152853,13391.176053500334,12873.28515625,12873.28515625,12590676
2024-06-25,12984.26171875,13021.253989999821,12873.284905000537,12984.26171875,5283306
2024-06-26,12947.269447500179,12984.26171875,12799.301272855793,12984.26171875,5560002
2024-06-27,12910.27734375,12984.261887209526,12836.292800290474,12910.27734375,3614058
2024-06-28,12762.30867655765,12947.269117741025,12651.3318656347,12725.31640625,6847848
2024-07-01,12725.317062459206,12836.29296875,12688.324790243967,12836.29296875,2901780
2024-07-02,12836.292800290474,13021.25415893929,12836.292800290474,12910.27734375,3441438
2024-07-03,12947.269447500179,13095.238532499463,12910.277176250358,12984.26171875,4370058
2024-07-04,13021.253822974684,13169.222906075951,12984.261552199367,13058.24609375,5976810
2024-07-05,13058.246010709925,13095.23828125,12910.276928549623,13095.23828125,3189942
2024-07-08,13095.23819844384,13354.18318023208,13095.23819844384,13132.23046875,16106454
2024-07-09,13132.231190792247,13317.191642137746,13095.238918452162,13243.2080078125,9773316
2024-07-10,13317.190742921912,13317.190742921912,13021.253494538709,13206.21484375,6208524
2024-07-11,13243.2080078125,13354.183914477831,13132.231190792247,13243.2080078125,11711952
2024-07-12,13243.207923208738,13317.191557061342,13169.223379001216,13280.2001953125,5369238
2024-07-15,13280.1997184019,13317.191078822332,13021.253822974684,13058.24609375,3702510
2024-07-16,13095.238034223226,13354.18301276417,13095.238034223226,13206.21484375,5972652
2024-07-17,13206.21484375,13539.144361975461,13095.238034223226,13206.21484375,13816782
2024-07-18,13280.200044920068,13317.19140625,13095.238686495868,13317.19140625,4626972
2024-07-19,13317.190747412153,13724.105715814194,13243.207118057553,13613.12890625,54037620
2024-07-22,13613.129480939342,13983.05128474834,13539.144938106563,13761.09765625,41199102
2024-07-23,13798.089513551115,13835.081783857275,12799.300946349442,13132.23046875,17876754
2024-07-24,13058.246562689934,13391.176101268864,12947.26974637865,13280.2001953125,20423592
2024-07-25,13095.238116102886,13317.19082618936,13095.238116102886,13169.22265625,9489060
2024-07-26,13243.207113592258,13317.190742921912,13169.222573907742,13206.21484375,7000686
2024-07-29,13317.191238810541,13539.144866128918,13280.19987794571,13391.17578125,16677612
2024-07-30,13391.17594961968,13465.160492989358,13169.223229865547,13317.19140625,6450066
2024-07-31,13354.183426771808,13724.106136662767,13317.191155782712,13428.16796875,27238680
2024-08-01,13465.160076295873,13502.152346835948,12947.2691990897,13095.23828125,17925768
2024-08-02,12947.269117219204,13132.23046875,12836.292306300727,13132.23046875,15128946
2024-08-05,12799.301629042646,12984.262080084047,12429.37890625,12429.37890625,22459374
2024-08-06,12614.34024581349,12947.269785395716,12466.371156952535,12836.29296875,12364002
2024-08-07,12836.292559612095,13021.253914792918,12577.347572713836,12614.33984375,17562762
2024-08-08,12614.340096582833,12725.316911915668,12466.37100947239,12503.36328125,7717122
2024-08-09,12725.316572833814,12836.292474854645,12577.347489666188,12651.33203125,16668540
2024-08-12,12651.331783547117,12799.300863817627,12577.347243411863,12762.30859375,5205186
2024-08-13,12762.30859375,12947.269033733268,12688.324053614744,12762.30859375,9074520
2024-08-14,12836.292306818075,12836.292306818075,12725.31640625,12725.31640625,3427326
2024-08-15,12725.316572833814,12799.301114417625,12651.33203125,12651.33203125,4752846
2024-08-16,12688.324541181157,12984.261802739105,12688.324541181157,12947.26953125,10297602
2024-08-19,12947.26953125,13058.24634571732,12836.29271678268,12947.26953125,10495926
2024-08-20,12947.269447500179,13095.238532499463,12947.269447500179,12984.26171875,11195730
2024-08-21,12984.262101431907,13243.2080078125,12947.269829091822,13243.2080078125,21076272
2024-08-22,13317.19140625,13465.160492989358,13243.207773235228,13317.19140625,10061100
2024-08-23,13317.191642137746,13317.191642137746,13095.238918452162,13243.2080078125,10140480
2024-08-26,13243.207196397114,13465.159906483588,13169.22265625,13169.22265625,14879844
2024-08-27,13169.222739056158,13243.207279668477,13095.23819844384,13132.23046875,5624388
2024-08-28,13169.222739056158,13317.190909925921,13095.23819844384,13132.23046875,10122336
2024-08-29,13132.230304065484,13354.18301276417,13132.230304065484,13206.21484375,9247518
2024-08-30,13206.215735472415,13317.191642137746,13169.22346313233,13243.2080078125,8815968
2024-09-02,13243.2080078125,13243.2080078125,13243.2080078125,13243.2080078125,0
2024-09-03,13243.2080078125,13243.2080078125,13243.2080078125,13243.2080078125,0
2024-09-04,13021.253822974684,13132.230635300633,12947.26928142405,13058.24609375,9557604
2024-09-05,13132.230719285684,13169.22299029758,12984.261635238105,13021.25390625,6129270
2024-09-06,13058.246010709925,13243.207363410302,12984.261469629775,13095.23828125,9332946
2024-09-09,13058.246177261895,13132.230719285684,12984.261635238105,13021.25390625,3821328
2024-09-10,13095.238116102886,13354.183096262917,13095.238116102886,13169.22265625,21276360
2024-09-11,13243.207113592258,13280.199383434516,13095.238034223226,13206.21484375,4958604
2024-09-12,13317.191155782712,13576.137052706385,13243.20752415941,13428.16796875,36387414
2024-09-13,13465.160239739096,13502.152510728192,13354.183426771808,13428.16796875,7702002
2024-09-16,13428.168221304519,13576.137308043877,13243.207773235228,13317.19140625,18015102
2024-09-17,13317.191155782712,13428.16796875,13243.20752415941,13428.16796875,6160266
2024-09-18,13502.15234375,13613.129155344861,13354.183261623517,13502.15234375,20138328
2024-09-19,13539.14461428162,13687.113696408103,13502.15234375,13502.15234375,19145070
2024-09-20,13576.137137348647,13687.113951007834,13354.18351003027,13391.17578125,31341870
2024-09-23,13583.535255615709,13849.878691455091,13539.14453125,13539.14453125,12526395
2024-09-24,13583.535929675454,13672.3173828125,13450.363749969883,13672.3173828125,5607630
2024-09-25,13761.097456141688,13894.269631304156,13716.70764144242,13849.87890625,12324900
2024-09-26,13938.660091931179,14782.08203125,13805.48791929509,14782.08203125,63861630
2024-09-27,15092.817584079774,15270.379576259422,14737.691779010678,15004.0361328125,63295995
2024-09-30,15004.03643401873,15492.332605081489,14959.645707493948,15270.3798828125,39755100
2024-10-01,15270.379104776086,15447.941091473387,15048.426393815742,15181.59765625,31546935
2024-10-02,15314.770853983817,15625.504105440377,15137.207955603064,15536.72265625,34774530
2024-10-03,15625.504105440377,16069.41135139226,15403.550482464436,15536.72265625,54109125
2024-10-04,15714.28620146688,15714.28620146688,15270.379847597673,15314.771484375,21485520
2024-10-07,15492.331931654813,15625.504105440377,15314.770853983817,15536.72265625,17558415
2024-10-08,15714.28545418432,16069.411248675846,15581.11328125,15581.11328125,33631290
2024-10-09,15625.50390625,15714.285354308611,15447.941010132778,15625.50390625,15840615
2024-10-10,15803.067105413933,16025.020729816742,15447.941306369437,15492.33203125,36194760
2024-10-11,15492.331931654813,15536.72265625,15314.770853983817,15536.72265625,13799520
2024-10-14,15625.504205891686,15714.28565565281,15403.550581488877,15492.33203125,14552895
2024-10-15,15625.504205891686,15803.067105413933,15447.941306369437,15492.33203125,15625050
2024-10-16,15447.941207059625,15581.113380845189,15403.550482464436,15536.72265625,9036615
2024-10-17,15581.113557130515,15936.239357909928,15359.161752353159,15891.8486328125,23602530
2024-10-18,15980.630285451592,16069.411736771137,15758.676657152728,15803.0673828125,30993900
2024-10-21,15669.894830035566,15803.06700382113,15536.72265625,15536.72265625,13517280
2024-10-22,15447.941740923747,15803.067549958016,15225.989020632238,15359.162109375,32593260
2024-10-23,15403.55114872106,15758.67696084298,15270.379879530257,15669.8955078125,18902310
2024-10-24,15758.676333578871,15847.457783075462,15137.2080078125,15137.2080078125,19233480
2024-10-25,15225.98854695421,15359.161631553976,15092.817283064205,15137.2080078125,17746575
2024-10-28,15137.208613593073,15270.3798828125,15137.208613593073,15270.3798828125,8315580
2024-10-29,15314.770739394002,15403.550367210344,15181.59765625,15181.59765625,10250520
2024-10-30,15225.98912117526,15314.771484375,15092.817852262939,15314.771484375,11673690
2024-10-31,15225.989020632238,15581.113919311598,15137.208478728582,15359.162109375,20901090
2024-11-01,15270.379271702504,15359.161631553976,15137.2080078125,15137.2080078125,13717200
2024-11-04,15137.208029364992,15181.59784382161,14648.910966793384,14693.30078125,28362285
2024-11-05,14693.30078125,14826.472955684498,14648.910966793384,14693.30078125,9721215
2024-11-06,14826.47313112859,15137.208208486065,14693.300955118244,15048.4267578125,12639270
2024-11-07,15137.208513975738,15137.208513975738,14870.864156579852,14915.2548828125,7178850
2024-11-08,15004.035652310149,15004.035652310149,14693.300582825941,14782.08203125,9098460
2024-11-11,14737.691289160586,14782.082013318768,14205.004419972141,14382.56640625,32228805
2024-11-12,14471.348055346289,14471.348055346289,14249.394431475926,14293.78515625,9742005
2024-11-13,14249.394332319653,14382.566505715173,13938.66017141831,14338.17578125,18195345
2024-11-14,14249.394215502676,14471.347836008963,13983.05078125,13983.05078125,11183970
2024-11-15,13849.87890625,13983.051081412466,13761.097456141688,13849.87890625,17031420
2024-11-18,13849.879077976013,14293.785423666723,13805.488352371452,14205.0048828125,17018715
2024-11-19,14160.614563446617,14249.395106847769,14027.4423828125,14027.4423828125,10457370
2024-11-20,13938.66036601062,14515.738881759376,13938.66036601062,14249.39453125,11944065
2024-11-21,14338.176554096714,14426.9580078125,14249.395100380929,14426.9580078125,6328560
2024-11-22,14382.566605798143,14471.348055346289,14293.78515625,14293.78515625,7167720
2024-11-25,14338.17578125,14426.957230180347,14249.394332319653,14338.17578125,5699925
2024-11-26,14338.17578125,14560.12940357587,14338.17578125,14338.17578125,7762755
2024-11-27,14338.17578125,14471.347954645522,14293.785056784825,14338.17578125,5131245
2024-11-28,14426.9580078125,14648.911642101964,14382.567280954607,14426.9580078125,11782365
2024-11-29,14426.957130408182,14515.738578724546,14382.56640625,14382.56640625,5157600
2024-12-02,14515.738780120362,14604.520229668507,14293.78515625,14293.78515625,7132650
2024-12-03,14338.176149271283,14382.566874875845,14205.0048828125,14205.0048828125,6881385
2024-12-04,14249.395106847769,14249.395106847769,14027.4423828125,14027.4423828125,8411445
2024-12-05,14071.832710733439,14604.5205078125,13983.051259494447,14604.5205078125,12324375
2024-12-06,14648.911642101964,14648.911642101964,14426.9580078125,14426.9580078125,10213455
2024-12-09,14515.739156886235,14648.911334665028,14426.957705033708,14560.1298828125,8839425
2024-12-10,14560.129984047408,14648.911436517223,14515.7392578125,14515.7392578125,5227740
2024-12-11,14560.130085903389,14648.911538994278,14382.567179721611,14471.3486328125,6628545
2024-12-12,14515.7392578125,14782.082704867033,14426.957805342685,14515.7392578125,18225270
2024-12-13,14515.739461528286,14604.520915244071,14426.9580078125,14426.9580078125,4814880
2024-12-16,14426.957130408182,14560.129302882728,14338.175682091818,14382.56640625,10341030
2024-12-17,14382.56640625,14471.347854566364,14338.175682091818,14382.56640625,4478670
2024-12-18,14382.567280954607,14471.348734670393,14293.785827238822,14426.9580078125,5675985
2024-12-19,14249.394698062162,14338.176149271283,14160.61415720794,14205.0048828125,11324670
2024-12-20,14249.394901169473,14249.394901169473,14116.2236328125,14116.2236328125,5851440
2024-12-23,14338.175981419792,14382.566706504687,14205.004716519994,14249.39453125,6585705
2024-12-24,14249.39453125,14338.175981419792,14205.004716519994,14249.39453125,6246660
2024-12-25,14293.785527254915,14959.64550579397,14249.394801328652,14560.1298828125,15251880
2024-12-26,14515.738792358887,14737.6915060615,14515.738792358887,14693.30078125,7205625
2024-12-27,14737.692078207992,15137.208617021513,14693.301351673157,14870.8642578125,29186220
2024-12-30,14915.25420388609,15004.035652310149,14648.910768968783,14782.08203125,7069230
2024-12-31,14782.08203125,14915.25420388609,14648.910768968783,14782.08203125,8326500
2025-01-01,14782.08203125,14782.08203125,14782.08203125,14782.08203125,0
2025-01-02,14826.472955684498,14826.472955684498,14560.129517170386,14693.30078125,5407080
2025-01-03,14648.910751199091,14693.300565002404,14382.56640625,14382.56640625,10157910
2025-01-06,14382.566706504687,14471.34815667448,14205.004716519994,14249.39453125,8158290
2025-01-07,14293.78515625,14426.957330572217,14249.394431475926,14293.78515625,6039075
2025-01-08,14426.957130408182,14515.738578724546,14338.175682091818,14382.56640625,4836930
2025-01-09,14471.348055346289,14471.348055346289,14249.394431475926,14293.78515625,4671135
2025-01-10,14293.785627406767,14426.957806118653,14071.832906575204,14116.2236328125,8785770
2025-01-13,14027.44218033791,14249.394901169473,13938.660727863318,14116.2236328125,7283640
2025-01-14,14116.2236328125,14249.394901169473,14071.832906575204,14116.2236328125,3724875
2025-01-15,14205.0048828125,14293.785423666723,14116.22343160338,14205.0048828125,5980275
2025-01-16,14205.0048828125,14293.785423666723,14116.22343160338,14205.0048828125,5980275
2025-01-17,14249.394332319653,14382.566505715173,14205.004518209355,14338.17578125,4554690
2025-01-20,14426.957705033708,14604.520608738763,14382.566979107443,14560.1298828125,7093905
2025-01-21,14648.910751199091,14648.910751199091,14382.56640625,14382.56640625,5674725
2025-01-22,14471.348055346289,14471.348055346289,14293.78515625,14293.78515625,5398785
2025-01-23,14426.957805342685,14560.129984047408,14293.785626637962,14515.7392578125,6467895
2025-01-24,14471.34833095401,14648.911233431996,14471.34833095401,14604.5205078125,8801835
2025-01-27,14604.5205078125,14604.5205078125,14604.5205078125,14604.5205078125,0
2025-01-28,14604.5205078125,14604.5205078125,14604.5205078125,14604.5205078125,0
2025-01-29,14604.5205078125,14604.5205078125,14604.5205078125,14604.5205078125,0
2025-01-30,14604.5205078125,14604.5205078125,14604.5205078125,14604.5205078125,0
2025-01-31,14604.5205078125,14604.5205078125,14604.5205078125,14604.5205078125,0
2025-02-03,14560.12940357587,14560.12940357587,14293.785056784825,14338.17578125,9315705
2025-02-04,14426.957342735888,14737.6915060615,14338.17589311289,14693.30078125,11483010
2025-02-05,14737.69140625,14826.472855271722,14604.520143072292,14737.69140625,9394350
2025-02-06,14826.472955684498,15004.035854930495,14648.910966793384,14693.30078125,9255645
2025-02-07,14782.082230872998,14915.254405307496,14604.520241981885,14693.30078125,10560795
2025-02-10,14648.91153549324,14959.64571088217,14515.739355888734,14870.8642578125,18585210
2025-02-11,14870.863757604133,15270.379372624306,14870.863757604133,15092.8173828125,44639700
2025-02-12,15181.598227118862,15181.598227118862,14915.254781880247,14959.6455078125,8020320
2025-02-13,14959.645407178863,15048.426858446137,14870.863955911589,15004.0361328125,8346450
2025-02-14,15092.817584079774,15225.988850625785,15004.0361328125,15004.0361328125,10307430
2025-02-17,15004.036233744755,15092.817685609261,14915.254781880247,14959.6455078125,8947050
2025-02-18,14959.645407178863,15137.208309713411,14915.254681545226,15004.0361328125,9688455
2025-02-19,15048.426657770826,15092.8173828125,14959.64520768748,15092.8173828125,9018660
2025-02-20,15092.817118078785,15314.770739394002,15048.426393815742,15181.59765625,17962875
2025-02-21,15225.988647582632,15225.988647582632,15004.035932729154,15092.8173828125,10498740
2025-02-24,15092.817283064205,15225.98854695421,15004.035833567614,15137.2080078125,13511610
2025-02-25,15225.988748804733,15225.988748804733,15004.036032475718,15048.4267578125,15908130
2025-02-26,15181.598023467952,15181.598023467952,15004.036032475718,15048.4267578125,13573560
2025-02-27,15092.817584079774,15137.208309713411,14915.254681545226,15004.0361328125,18964050
2025-02-28,14959.644827994962,15004.035551909948,14826.47265625,14826.47265625,21457905
2025-03-03,14560.129302882728,14604.52002704091,14293.784957933636,14382.56640625,64945965
2025-03-04,14382.56640625,14515.738578724546,14293.784957933636,14382.56640625,21919590
2025-03-05,14426.957330572217,14560.129504894434,14293.78515625,14293.78515625,15845655
2025-03-06,14293.784957933636,14426.957130408182,14249.394233775454,14382.56640625,18355680
2025-03-07,14382.567079107777,14604.520710282315,14382.567079107777,14515.7392578125,19924905
2025-03-10,14515.738578724546,14604.52002704091,14382.56640625,14382.56640625,12685155
2025-03-11,14293.785827238822,14426.9580078125,14249.395100380929,14426.9580078125,9908115
2025-03-12,14426.957230180347,14471.347954645522,14293.785056784825,14338.17578125,9308670
2025-03-13,14338.175981419792,14382.566706504687,14249.39453125,14249.39453125,10447500
2025-03-14,14249.394431475926,14338.175881024072,14205.004617056737,14293.78515625,10729530
2025-03-17,14338.17635287287,14604.520710282315,14249.394900403055,14515.7392578125,15297975
2025-03-18,14560.130188386178,14560.130188386178,14382.567280954607,14426.9580078125,5853750
2025-03-19,14426.957431589584,14471.34815667448,14205.004716519994,14249.39453125,18783870
2025-03-20,14249.394405313942,14293.785130006514,13317.191007479716,13494.75390625,85025535
2025-03-21,13317.190994135572,13494.753892727933,12962.066107305729,13095.23828125,40178985
2025-03-24,13050.848061714658,13272.801693545478,12828.894429883836,12873.28515625,30837030
2025-03-25,12917.675284692796,13317.190893140889,12917.675284692796,13139.62890625,19318110
2025-03-26,13139.629514446986,13184.02024081315,12828.894429883836,12873.28515625,19577670
2025-03-27,12873.284644298361,12962.066093499981,12606.94120704838,12695.72265625,20545035
2025-03-28,12740.113582156677,12784.504307458903,12606.94140625,12606.94140625,10110975
2025-03-31,12606.94120704838,12873.284644298361,12606.94120704838,12695.72265625,12637590
2025-04-01,12784.50410545162,12828.893919697552,12651.331931649189,12695.72265625,8267595
2025-04-02,12695.722756200288,12784.504206100863,12606.941306299714,12651.33203125,12443340
2025-04-03,11896.690696384749,12429.378488967704,11807.91015625,11807.91015625,55060740
2025-04-04,11008.878199256375,11497.17527489145,11008.878199256375,11319.61328125,44809800
2025-04-07,11319.61328125,11319.61328125,11319.61328125,11319.61328125,0
2025-04-08,11008.87802218345,11097.659472753618,10564.9716796875,10564.9716796875,31917585
2025-04-09,9854.722339217316,11053.269244774654,9854.722339217316,10387.41015625,32417070
2025-04-10,11097.6591796875,11097.6591796875,11097.6591796875,11097.6591796875,1341690
2025-04-11,11852.301084262757,11852.301084262757,11319.613282566634,11719.12890625,27413715
2025-04-14,11763.519939910893,11807.910667076118,11497.175576919553,11585.95703125,14055825
2025-04-15,11585.956623917906,11630.347349522466,11319.61318064544,11364.00390625,11747610
2025-04-16,11319.612818307864,11541.565528871126,11319.612818307864,11497.1748046875,8840475
2025-04-17,11452.784749148885,11630.34765625,11408.39493272853,11630.34765625,9901815
2025-04-18,11630.347454241493,11852.301084262757,11630.347454241493,11719.12890625,13035645
2025-04-21,11985.472554495469,12207.426188268126,11896.691100986405,12029.86328125,16753905
2025-04-22,11896.6904296875,12029.86260243654,11541.565546044934,11896.6904296875,25373355
2025-04-23,12163.035564775602,12163.035564775602,11941.081929118598,11985.47265625,8975190
2025-04-24,12029.862502448943,12074.253226329663,11852.300517280923,11941.0810546875,7249935
2025-04-25,12029.86260243654,12074.25332668622,11896.6904296875,11896.6904296875,14740740
2025-04-28,12074.2541105128,12074.2541105128,11896.691201987198,11985.47265625,8875965
2025-04-29,12029.863179869568,12118.644632630434,11985.472453489134,12074.25390625,7365225
2025-04-30,12074.25390625,12074.25390625,12074.25390625,12074.25390625,0
2025-05-01,12074.25390625,12074.25390625,12074.25390625,12074.25390625,0
2025-05-02,12074.25390625,12074.25390625,12074.25390625,12074.25390625,0
2025-05-05,12163.035359010866,12207.4260853913,12029.863179869568,12074.25390625,4718490
2025-05-06,12163.035359010866,12207.4260853913,12029.863179869568,12074.25390625,4718490
2025-05-07,11985.472056783108,12384.98767062856,11985.472056783108,12251.81640625,15427545
2025-05-08,12429.378194279852,12429.378194279852,12251.816207865275,12340.59765625,12761175
2025-05-09,12429.37880487693,12562.55098399614,12384.98807850386,12473.76953125,18003405
2025-05-12,12562.550495827796,13139.62900589809,12518.159771179706,13095.23828125,35992215
2025-05-13,13476.1904296875,14095.23828125,13428.5712890625,14047.619140625,35992215
2025-05-14,13285.7138671875,13285.7138671875,12857.142578125,12952.380859375,19532835
2025-05-15,13000.0,13142.857421875,12952.380859375,13142.857421875,15501675
2025-05-16,13142.857421875,13238.095703125,12904.76171875,13095.23828125,14948010
2025-05-19,12857.142578125,12904.76171875,12761.904296875,12809.5234375,8951880
2025-05-20,12857.142578125,12904.76171875,12761.904296875,12809.5234375,8951880
2025-05-21,12809.5234375,12904.76171875,12714.2861328125,12857.142578125,10996440
2025-05-22,12857.142578125,13095.23828125,12809.5234375,12857.142578125,16171260
2025-05-23,12809.5234375,12857.142578125,12619.0478515625,12666.6669921875,16181025
2025-05-26,12666.6669921875,12761.904296875,12380.9521484375,12714.2861328125,9542715
2025-05-27,12666.6669921875,12761.904296875,12380.9521484375,12714.2861328125,9542715
2025-05-28,12714.2861328125,12809.5234375,12380.9521484375,12714.2861328125,11729025
2025-05-29,12761.904296875,12857.142578125,12666.6669921875,12714.2861328125,8934240
2025-05-30,12761.904296875,12809.5234375,12714.2861328125,12761.904296875,7377510
2025-06-02,12285.7138671875,12523.8095703125,12142.857421875,12476.1904296875,22719795
2025-06-03,12285.7138671875,12523.8095703125,12142.857421875,12476.1904296875,22719795
2025-06-04,12523.8095703125,535.7142944335938,12523.8095703125,12619.0478515625,7938630
2025-06-05,12523.8095703125,535.7142944335938,12523.8095703125,12619.0478515625,7938630
2025-06-06,12571.4287109375,12571.4287109375,12476.1904296875,12523.8095703125,5017635
2025-06-09,12476.1904296875,12523.8095703125,12380.9521484375,12428.5712890625,5927460
2025-06-10,12476.1904296875,12523.8095703125,12380.9521484375,12428.5712890625,5927460
2025-06-11,12428.5712890625,12523.8095703125,12380.9521484375,12428.5712890625,4821285
2025-06-12,12476.1904296875,12714.2861328125,12428.5712890625,12619.0478515625,9659265
2025-06-13,12619.0478515625,12714.2861328125,12571.4287109375,12666.6669921875,7709205
2025-06-16,12571.4287109375,12714.2861328125,12523.8095703125,12666.6669921875,9055515
2025-06-17,12571.4287109375,12714.2861328125,12523.8095703125,12666.6669921875,9055515
2025-06-18,12761.904296875,13047.619140625,12714.2861328125,12857.142578125,16546005
2025-06-19,12904.76171875,12904.76171875,12714.2861328125,12761.904296875,5510610
2025-06-20,12761.904296875,12857.142578125,12714.2861328125,12761.904296875,5018790
2025-06-23,12571.4287109375,12666.6669921875,12523.8095703125,12666.6669921875,7202055
2025-06-24,12571.4287109375,12666.6669921875,12523.8095703125,12666.6669921875,7202055
2025-06-25,12761.904296875,12761.904296875,12619.0478515625,12619.0478515625,6393765
2025-06-26,12666.6669921875,12857.142578125,12619.0478515625,12761.904296875,12185880
2025-06-27,12761.904296875,12809.5234375,12666.6669921875,12714.2861328125,5100900
2025-06-30,12809.5234375,12904.76171875,12761.904296875,12809.5234375,13388340
2025-07-01,12809.5234375,12904.76171875,12761.904296875,12809.5234375,13388340
2025-07-02,12904.76171875,12952.380859375,12809.5234375,12904.76171875,13752165
2025-07-03,12904.76171875,13000.0,12857.142578125,12952.380859375,10244010
2025-07-04,13000.0,13285.7138671875,12904.76171875,13095.23828125,28615020
2025-07-07,13095.23828125,13523.8095703125,13095.23828125,13476.1904296875,27563130
2025-07-08,13095.23828125,13523.8095703125,13095.23828125,13476.1904296875,27563130
2025-07-09,13285.7138671875,13476.1904296875,13238.095703125,13333.3330078125,34167420
2025-07-10,13428.5712890625,14238.095703125,13380.9521484375,14190.4765625,65137590
2025-07-11,14285.7138671875,14333.3330078125,14000.0,14142.857421875,17948490
2025-07-14,14142.857421875,14190.4765625,13857.142578125,14190.4765625,21693000
2025-07-15,14142.857421875,14190.4765625,13857.142578125,14190.4765625,21693000
2025-07-16,14238.095703125,14380.9521484375,14047.619140625,14047.619140625,20456520
2025-07-17,14000.0,14190.4765625,14000.0,14190.4765625,16724295
2025-07-18,14285.7138671875,14428.5712890625,14095.23828125,14190.4765625,20256705
2025-07-21,14523.8095703125,14571.4287109375,14333.3330078125,14380.9521484375,22322265
2025-07-22,14523.8095703125,14571.4287109375,14333.3330078125,14380.9521484375,22322265
2025-07-23,14333.3330078125,14714.2861328125,14142.857421875,14571.4287109375,29939805
2025-07-24,14714.2861328125,14809.5234375,14523.8095703125,14666.6669921875,28453005
2025-07-25,14666.6669921875,15142.857421875,14666.6669921875,14857.142578125,30268245
2025-07-28,14904.76171875,15714.2861328125,14857.142578125,15666.6669921875,44199120
2025-07-29,14904.76171875,15714.2861328125,14857.142578125,15666.6669921875,44199120
2025-07-30,15809.5234375,15809.5234375,14571.4287109375,14571.4287109375,51222465
2025-07-31,14666.6669921875,15238.095703125,14571.4287109375,15142.857421875,29777895
2025-08-01,15285.7138671875,15333.3330078125,14714.2861328125,14952.380859375,20563410
2025-08-04,14761.904296875,15952.380859375,14761.904296875,15952.380859375,61037025
2025-08-05,14761.904296875,15952.380859375,14761.904296875,15952.380859375,61037025
2025-08-06,16619.046875,17047.619140625,16047.619140625,16761.904296875,100373490
2025-08-07,17238.095703125,17904.76171875,16952.380859375,17333.333984375,55366080
2025-08-08,17476.19140625,18523.80859375,17142.857421875,18523.80859375,77337330
2025-08-11,18476.19140625,18761.904296875,17952.380859375,18619.046875,63962115
2025-08-12,18476.19140625,18761.904296875,17952.380859375,18619.046875,63962115
2025-08-13,18761.904296875,18857.142578125,18047.619140625,18285.71484375,43448370
2025-08-14,18285.71484375,18571.427734375,17666.666015625,18238.095703125,45281565
2025-08-15,18238.095703125,19380.953125,18238.095703125,18857.142578125,75228090
2025-08-18,18571.427734375,19619.046875,18333.333984375,19190.4765625,52932810
2025-08-19,18571.427734375,19619.046875,18333.333984375,19190.4765625,52932810
2025-08-20,19333.333984375,20238.095703125,19190.4765625,20238.095703125,74125590
2025-08-21,20476.19140625,20523.80859375,18857.142578125,19666.666015625,58687545
2025-08-22,20000.0,21000.0,19666.666015625,21000.0,120216285
2025-08-25,20571.427734375,20761.904296875,19142.857421875,19142.857421875,62461560
2025-08-26,20571.427734375,20761.904296875,19142.857421875,19142.857421875,62461560
2025-08-27,18571.427734375,20047.619140625,18380.953125,19952.380859375,51952740
2025-08-28,20285.71484375,20619.046875,19095.23828125,19238.095703125,56975625
2025-08-29,19523.80859375,20000.0,19190.4765625,19809.5234375,40196730
2025-09-01,19809.5234375,19809.5234375,19809.5234375,19809.5234375,0
2025-09-02,19809.5234375,19809.5234375,19809.5234375,19809.5234375,0
2025-09-03,19952.380859375,20142.857421875,19714.28515625,20047.619140625,28686525
2025-09-04,19952.380859375,20142.857421875,19714.28515625,20047.619140625,28686525
2025-09-05,20333.333984375,20666.666015625,20047.619140625,20476.19140625,39776940
2025-09-08,19238.095703125,19571.427734375,18428.572265625,18428.572265625,56910210
2025-09-09,19238.095703125,19571.427734375,18428.572265625,18428.572265625,56910210
2025-09-10,18523.80859375,18666.666015625,18142.857421875,18523.80859375,22945440
2025-09-11,18619.046875,18809.5234375,18190.4765625,18285.71484375,21214410
2025-09-12,18238.095703125,18761.904296875,17523.80859375,18714.28515625,34732005
2025-09-15,18714.28515625,18714.28515625,18714.28515625,18714.28515625,0
2025-09-16,18619.046875,18952.380859375,18523.80859375,18857.142578125,13750800
2025-09-17,19000.0,19095.23828125,18571.427734375,18714.28515625,15625155
2025-09-18,18714.28515625,18761.904296875,18380.953125,18380.953125,11275005
2025-09-19,18380.953125,18523.80859375,17809.5234375,17952.380859375,19431615
2025-09-22,17809.5234375,18095.23828125,17333.333984375,18095.23828125,21799260
2025-09-23,17809.5234375,18095.23828125,17333.333984375,18095.23828125,21799260
2025-09-24,18047.619140625,18285.71484375,17857.142578125,18285.71484375,12665940
2025-09-25,18238.095703125,18714.28515625,17761.904296875,18714.28515625,31359615
2025-09-26,18714.28515625,18761.904296875,18428.572265625,18476.19140625,9648135
2025-09-29,17904.76171875,18190.4765625,17761.904296875,17952.380859375,7695870
2025-09-30,17904.76171875,18190.4765625,17761.904296875,17952.380859375,7695870
2025-10-01,18000.0,18095.23828125,17523.80859375,17952.380859375,12321330
2025-10-02,17952.380859375,18619.046875,17904.76171875,18380.953125,20769105
2025-10-03,18380.953125,18619.046875,17904.76171875,17904.76171875,11735220
2025-10-06,18142.857421875,19000.0,17904.76171875,18904.76171875,26872125
2025-10-07,18142.857421875,19000.0,17904.76171875,18904.76171875,26872125
2025-10-08,19000.0,19000.0,18428.572265625,18428.572265625,13188210
2025-10-09,18761.904296875,18761.904296875,18190.4765625,18523.80859375,22316490
2025-10-10,18619.046875,19095.23828125,18476.19140625,19047.619140625,44966670
2025-10-13,18380.953125,18619.046875,18333.333984375,18523.80859375,19213740
2025-10-14,18380.953125,18619.046875,18333.333984375,18523.80859375,19213740
2025-10-15,18571.427734375,18857.142578125,18142.857421875,18285.71484375,43152795
2025-10-16,18285.71484375,18904.76171875,18285.71484375,18761.904296875,29951355
2025-10-17,18904.76171875,18904.76171875,18571.427734375,18809.5234375,17983140
2025-10-20,18333.333984375,18333.333984375,17095.23828125,17095.23828125,27656055
2025-10-21,18333.333984375,18333.333984375,17095.23828125,17095.23828125,27656055
2025-10-22,16952.380859375,17523.80859375,16190.4765625,17333.333984375,24456600
2025-10-23,17476.19140625,17523.80859375,16714.28515625,17285.71484375,8561070
2025-10-24,17333.333984375,17380.953125,16952.380859375,16952.380859375,9603405
2025-10-27,17142.857421875,17190.4765625,16714.28515625,16714.28515625,7506870
2025-10-28,17142.857421875,17190.4765625,16714.28515625,16714.28515625,7506870
2025-10-29,16666.666015625,17095.23828125,16619.046875,17095.23828125,9319590
2025-10-30,18000.0,18400.0,17900.0,18150.0,10934100
2025-10-31,17500.0,17500.0,17150.0,17150.0,5633500
2025-11-03,16800.0,17300.0,16650.0,16650.0,20592700
2025-11-04,16650.0,17450.0,16550.0,17250.0,16470600
2025-11-05,16650.0,17450.0,16550.0,17250.0,16470600
2025-11-06,16900.0,17150.0,16750.0,16900.0,4174700
2025-11-07,16800.0,16950.0,16350.0,16500.0,8560700
2025-11-10,16500.0,16800.0,16450.0,16500.0,5423200
2025-11-11,16550.0,16900.0,16450.0,16900.0,4332600
2025-11-12,16900.0,17300.0,16750.0,17300.0,10048700
2025-11-13,17200.0,17250.0,16950.0,16950.0,4498500
2025-11-14,16950.0,17000.0,16800.0,16950.0,4315300
2025-11-17,17000.0,17200.0,16900.0,17150.0,4670500
2025-11-18,17150.0,17600.0,17100.0,17600.0,13307100
2025-11-19,17600.0,17600.0,17150.0,17150.0,4219000
2025-11-20,17200.0,17300.0,17000.0,17250.0,4211000
2025-11-21,17050.0,17250.0,16850.0,17250.0,5447600
2025-11-24,17250.0,17300.0,17000.0,17250.0,6498000
2025-11-25,17100.0,17250.0,16850.0,16950.0,5087000
2025-11-26,16900.0,17450.0,16900.0,17400.0,6895100
2025-11-27,17400.0,17800.0,17300.0,17350.0,8297800
2025-11-28,17350.0,17400.0,17000.0,17300.0,3772500
2025-12-01,17200.0,17250.0,17000.0,17000.0,4157400
2025-12-02,17000.0,17150.0,16850.0,17100.0,6543900
2025-12-03,17150.0,17650.0,17150.0,17350.0,17159000
2025-12-04,17150.0,17650.0,17150.0,17350.0,17159000
2025-12-05,17700.0,17750.0,17250.0,17400.0,7624600
2025-12-08,17350.0,17450.0,17150.0,17200.0,4425100
2025-12-09,17150.0,17250.0,16700.0,16900.0,16834200
2025-12-10,16900.0,17100.0,16900.0,16900.0,2980100
2025-12-11,16950.0,17050.0,16750.0,16800.0,6528300
2025-12-12,16800.0,16900.0,16350.0,16350.0,9135900
2025-12-15,16300.0,16500.0,16250.0,16350.0,7333700
2025-12-16,16350.0,16800.0,15900.0,16800.0,10785400
2025-12-17,16700.0,16900.0,16500.0,16500.0,4972400
2025-12-18,16700.0,16900.0,16500.0,16500.0,4972400
2025-12-19,16750.0,16850.0,16650.0,16850.0,3947500
2025-12-22,16950.0,17400.0,16800.0,17300.0,12313500
2025-12-23,17400.0,17650.0,16950.0,17350.0,11798600
2025-12-24,17350.0,17600.0,17100.0,17400.0,5933400
2025-12-25,17350.0,17600.0,17100.0,17400.0,5933400
2025-12-26,16900.0,17150.0,16600.0,16950.0,7454900
2025-12-29,17000.0,17150.0,16900.0,16900.0,4987800
2025-12-30,17000.0,17300.0,16950.0,17150.0,9182200
2025-12-31,17250.0,17250.0,17100.0,17100.0,4734200
2026-01-01,17100.0,17100.0,17100.0,17100.0,0
2026-01-02,17100.0,17100.0,17100.0,17100.0,0
2026-01-05,17150.0,17200.0,16550.0,16600.0,9746200
2026-01-06,16750.0,17150.0,16550.0,17050.0,9984600
2026-01-07,17200.0,17650.0,17100.0,17450.0,24298100
2026-01-08,17500.0,18150.0,17300.0,17650.0,28555100
2026-01-09,17900.0,18000.0,17500.0,17600.0,23633700
2026-01-12,17600.0,18400.0,17550.0,18200.0,31613600
2026-01-13,18300.0,18500.0,17850.0,17900.0,25027900
2026-01-14,17950.0,17950.0,17500.0,17500.0,16879600
2026-01-15,17500.0,17650.0,17300.0,17400.0,9922700
2026-01-16,17650.0,17700.0,17350.0,17400.0,8678500
2026-01-19,17400.0,17500.0,17300.0,17350.0,5048400
2026-01-20,17400.0,17800.0,17400.0,17450.0,19291000
2026-01-21,17300.0,17450.0,17100.0,17200.0,7502100
2026-01-22,17200.0,17600.0,17200.0,17400.0,7320300
2026-01-23,17400.0,17500.0,17200.0,17250.0,6045100
2026-01-26,17150.0,17250.0,16800.0,17100.0,9056800
2026-01-27,17050.0,17250.0,17000.0,17200.0,7435400
2026-01-28,17250.0,17250.0,16850.0,16900.0,6350500
2026-01-29,16900.0,17100.0,16700.0,16700.0,5243000
2026-01-30,16800.0,17200.0,16650.0,17200.0,6437600
2026-02-02,17200.0,17350.0,17000.0,17000.0,7436300
2026-02-03,17200.0,17350.0,16950.0,17150.0,8592700
2026-02-04,17150.0,17450.0,17100.0,17400.0,8474000
2026-02-05,17400.0,17550.0,17100.0,17100.0,5380800
2026-02-06,17050.0,17100.0,16750.0,16800.0,8877300
2026-02-09,16900.0,17000.0,16750.0,16800.0,4925200
2026-02-10,16700.0,17000.0,16650.0,16800.0,4365300
2026-02-11,16800.0,17350.0,16800.0,17350.0,9392200
2026-02-12,17450.0,17500.0,17150.0,17150.0,4649600
2026-02-13,17150.0,17500.0,17100.0,17500.0,5366800
2026-02-16,17500.0,17500.0,17500.0,17500.0,0
2026-02-17,17500.0,17500.0,17500.0,17500.0,0
2026-02-18,17500.0,17500.0,17500.0,17500.0,0
2026-02-19,17500.0,17500.0,17500.0,17500.0,0
2026-02-20,17500.0,17500.0,17500.0,17500.0,0
2026-02-23,17600.0,18050.0,17400.0,18000.0,34774400
2026-02-24,18000.0,18350.0,17650.0,18050.0,34910600
2026-02-25,18250.0,18700.0,18050.0,18650.0,50381300
2026-02-26,18800.0,18800.0,18150.0,18350.0,20461500
2026-02-27,18450.0,18700.0,18250.0,18400.0,17459800
2026-03-02,17900.0,18450.0,17800.0,17800.0,38690700
2026-03-03,17900.0,18450.0,17800.0,17800.0,38690700
2026-03-04,17550.0,17800.0,16600.0,17300.0,30118900
2026-03-05,17500.0,17700.0,17050.0,17050.0,18616900
2026-03-06,17000.0,17250.0,16850.0,16850.0,14312800
2026-03-09,15800.0,16500.0,15700.0,15700.0,28431800
2026-03-10,16100.0,16350.0,15700.0,16000.0,22268300
2026-03-11,16050.0,16700.0,16000.0,16450.0,21018900
2026-03-12,16200.0,16450.0,15950.0,16050.0,13103500
2026-03-13,16100.0,16200.0,15850.0,16000.0,11262700
2026-03-16,16100.0,16200.0,15950.0,16000.0,6987300
2026-03-17,16150.0,16350.0,16100.0,16100.0,6385100
2026-03-18,16200.0,16350.0,15900.0,16050.0,8612200
2026-03-19,15850.0,16100.0,15750.0,16000.0,11842100
2026-03-20,15900.0,16000.0,15800.0,15800.0,4820600
2026-03-23,15600.0,15750.0,15100.0,15100.0,11931000
2026-03-24,15500.0,15950.0,15350.0,15800.0,11898000
2026-03-25,15850.0,16200.0,15800.0,16150.0,11989200
2026-03-26,16150.0,16150.0,15900.0,15900.0,6802600
2026-03-27,15900.0,16300.0,15900.0,16250.0,9247800
2026-03-30,15900.0,16200.0,15850.0,15950.0,5128400
2026-03-31,16050.0,16500.0,16000.0,16300.0,11363300
2026-04-01,16550.0,16750.0,16300.0,16350.0,11594500
2026-04-02,16250.0,16250.0,15950.0,16000.0,5650100
2026-04-03,16150.0,16150.0,15950.0,16000.0,4118600
2026-04-06,16000.0,16100.0,15850.0,15850.0,4698000
2026-04-07,15950.0,16000.0,15550.0,15750.0,9187900
2026-04-08,16200.0,16600.0,16150.0,16500.0,17311600
2026-04-09,16450.0,16450.0,16250.0,16250.0,5397600
2026-04-10,16400.0,16900.0,16300.0,16300.0,8878700
2026-04-13,16200.0,16500.0,16100.0,16350.0,7939500
2026-04-14,16500.0,16700.0,16400.0,16450.0,8610800
2026-04-15,16450.0,16600.0,16350.0,16400.0,6809100
2026-04-16,16400.0,16450.0,16200.0,16250.0,6088700
2026-04-17,16250.0,16400.0,16200.0,16250.0,6009400
2026-04-20,16250.0,16500.0,16250.0,16400.0,6485400
2026-04-21,16450.0,16500.0,16250.0,16250.0,6860400
2026-04-22,16350.0,16350.0,16150.0,16300.0,5312400
2026-04-23,16300.0,16650.0,16250.0,16300.0,7412000
2026-04-24,16350.0,16450.0,16250.0,16300.0,4051000
2026-04-27,16300.0,16300.0,16300.0,16300.0,0
2026-04-28,16300.0,16400.0,16250.0,16250.0,4413200
2026-04-29,16250.0,16400.0,16150.0,16250.0,4029500
2026-04-30,16250.0,16250.0,16250.0,16250.0,0
2026-05-01,16250.0,16250.0,16250.0,16250.0,0
2026-05-04,16250.0,16450.0,16250.0,16300.0,6862500
2026-05-05,16250.0,16300.0,15950.0,16250.0,11225300
2026-05-06,16200.0,16300.0,16000.0,16250.0,7676800
2026-05-07,16250.0,16350.0,16050.0,16050.0,10346200
2026-05-08,16050.0,16200.0,15950.0,16000.0,12442900
2026-05-11,16100.0,16100.0,15750.0,15750.0,12446900
2026-05-12,15800.0,15850.0,15500.0,15800.0,11282100
2026-05-13,15800.0,15850.0,15550.0,15600.0,7045100
2026-05-14,15700.0,16000.0,15600.0,15850.0,11037200
2026-05-15,15900.0,15950.0,15700.0,15700.0,2817200
2026-05-18,15700.0,15700.0,15500.0,15500.0,7794500
2026-05-19,15650.0,15700.0,15350.0,15350.0,8041100
2026-05-20,15450.0,15650.0,15150.0,15500.0,13707400
2026-05-21,15600.0,15650.0,15500.0,15600.0,5920600
2026-05-22,15600.0,15600.0,15400.0,15550.0,4716400
2026-05-25,15600.0,15700.0,15500.0,15600.0,4907800
2026-05-26,15600.0,15900.0,15600.0,15800.0,10799100
2026-05-27,15850.0,16300.0,15800.0,16250.0,22070600
2026-05-28,16250.0,16250.0,15900.0,15900.0,7024400
2026-05-29,15900.0,16150.0,15850.0,15900.0,10467100
2026-06-01,16000.0,16050.0,15700.0,15700.0,7151500
2026-06-02,15750.0,15800.0,15550.0,15600.0,7023600
