Date,Open,High,Low,Close,Volume
2021-06-04,10707.96756500924,11525.153683823159,10567.073092060298,10989.755859375,1135606
2021-06-07,10707.967549823965,10933.398315303308,10285.28413157656,10482.5361328125,12110622
2021-06-08,10482.5361328125,10482.5361328125,10482.5361328125,10482.5361328125,0
2021-06-09,9862.601406701368,10257.10541084685,9580.813111539788,10116.2109375,13868345
2021-06-10,10285.285040385706,10398.000758851016,9933.0498046875,9933.0498046875,7774560
2021-06-11,10003.49614783328,10426.178927656569,9933.049235040113,10313.4638671875,13332315
2021-06-14,10426.179757426356,10426.179757426356,10088.033246043406,10228.927734375,7788529
2021-06-15,10228.926920352204,10285.284450587005,10003.496147880853,10144.390625,8593283
2021-06-16,10003.496039874342,10313.463755883353,9862.601564276416,10031.6748046875,14191052
2021-06-17,9862.6016708102,10144.390625049879,9778.065375457581,9975.3173828125,9360629
2021-06-18,10088.03140382965,10130.300198682797,9989.405736080476,10003.4951171875,6468816
2021-06-21,10102.122405087193,10172.569973452579,9918.95976978868,9933.0498046875,8722792
2021-06-22,9933.049693725505,10144.391093396409,9918.959658984086,9989.4072265625,8677807
2021-06-23,10116.211508304388,10158.480308765935,10017.585827469153,10073.943359375,6179019
2021-06-24,10144.38999519492,10172.56875856287,9989.406145139103,10045.763671875,6803598
2021-06-25,10045.764026592637,10116.2109375,9933.048969140855,10116.2109375,6577490
2021-06-28,10228.926214417088,10609.3408203125,10088.031747021576,10609.3408203125,26239169
2021-06-29,10707.967826647826,10707.967826647826,10398.000108892824,10510.7158203125,11570094
2021-06-30,10482.5368698865,10538.895053868222,10341.643038762611,10355.732421875,6704631
2021-07-01,10369.821075838889,10482.5361328125,10186.65845672465,10482.5361328125,12883177
2021-07-02,10595.252359380664,10679.788656244335,10482.536645363616,10637.5205078125,12053799
2021-07-05,10637.5205078125,10637.5205078125,10637.5205078125,10637.5205078125,0
2021-07-06,10637.5205078125,10637.5205078125,10637.5205078125,10637.5205078125,0
2021-07-07,10637.5205078125,10637.5205078125,10637.5205078125,10637.5205078125,0
2021-07-08,10637.5205078125,10637.5205078125,10637.5205078125,10637.5205078125,0
2021-07-09,10538.894420595794,10820.68271744334,10144.390414089954,10426.1787109375,11267512
2021-07-12,10426.1787109375,10426.1787109375,10426.1787109375,10426.1787109375,0
2021-07-13,10003.49614798092,10045.764295657445,9580.813368151395,9806.244140625,7725550
2021-07-14,9806.244140625,9806.244140625,9806.244140625,9806.244140625,0
2021-07-15,9299.024360954874,9707.617755898731,9186.309301126024,9496.2763671875,7747332
2021-07-16,9496.2763671875,9496.2763671875,9496.2763671875,9496.2763671875,0
2021-07-19,9355.381573129507,9355.381573129507,8890.4306640625,8890.4306640625,12317789
2021-07-20,8960.87887063161,9299.025390625,8848.163798321952,9299.025390625,18112307
2021-07-21,9355.381889954457,9439.918836349965,9270.845595091087,9327.203125,13615956
2021-07-22,9327.202569215242,9538.5439453125,9214.487516113822,9538.5439453125,14631666
2021-07-23,9383.562346389454,9510.366802737817,9299.025390625,9299.025390625,14899918
2021-07-26,9158.130955150922,9425.830556600717,9144.041571025376,9270.8466796875,16770812
2021-07-27,9411.740179030834,9665.349718053436,9355.381996945254,9608.9921875,22454289
2021-07-28,9552.634603084007,9778.065375558797,9524.455186434034,9637.1708984375,13380378
2021-07-29,9679.440066409396,9862.602710514337,9679.440066409396,9778.06640625,17574620
2021-07-30,9862.6025390625,9947.139493389455,9778.066236267745,9862.6025390625,12928872
2021-08-02,9778.065730949687,9890.780795517723,9707.6181640625,9707.6181640625,15603338
2021-08-03,9721.707492008885,9820.333824478845,9608.992428079973,9735.796875,9283682
2021-08-04,9735.796875,9735.796875,9735.796875,9735.796875,0
2021-08-05,10003.495880048218,10116.2109375,9890.780171064313,10116.2109375,11552337
2021-08-06,10172.568342003871,10228.925866431971,9989.405736080476,10003.4951171875,9156304
2021-08-09,9947.138351322326,10116.2109375,9848.512024519894,10116.2109375,8599676
2021-08-10,10116.2109375,10116.2109375,10116.2109375,10116.2109375,0
2021-08-11,10200.747943153037,10567.073185127336,10088.032233494741,10426.1787109375,32104242
2021-08-12,10397.999942892226,10454.357471936264,10257.10546875,10257.10546875,7355017
2021-08-13,10031.674701041717,10285.28423327202,10031.674701041717,10257.10546875,8229616
2021-08-16,10257.106377770082,10496.627200498664,10144.391309692806,10454.3583984375,16110009
2021-08-17,10454.3583984375,10454.3583984375,10454.3583984375,10454.3583984375,0
2021-08-18,10510.716336302616,10595.252635368308,10426.179385704754,10496.626953125,6994191
2021-08-19,10440.268255518735,10454.357638003554,10271.195014168765,10341.642578125,7583492
2021-08-20,10341.643542829379,10341.643542829379,9637.171746744287,9862.6025390625,15253404
2021-08-23,9749.8864995684,9918.959088352747,9524.455078125,9524.455078125,11794545
2021-08-24,9510.365400450379,9637.170489633754,9468.097254566625,9594.90234375,7391478
2021-08-25,9594.902697849628,9834.4228515625,9468.097603986513,9834.4228515625,7253446
2021-08-26,9862.601726522602,9904.869874437678,9608.9921875,9608.9921875,8174451
2021-08-27,9482.186179492848,9792.153870764372,9425.828654364239,9580.8125,5652697
2021-08-30,9665.350227302904,9820.334096022809,9566.724543637989,9763.9765625,5244045
2021-08-31,9778.06543069245,9862.601726522602,9580.813422223284,9608.9921875,4532812
2021-09-01,9580.813368201838,9721.707193790995,9552.634603084007,9637.1708984375,5584983
2021-09-02,9637.1708984375,9637.1708984375,9637.1708984375,9637.1708984375,0
2021-09-03,9637.1708984375,9637.1708984375,9637.1708984375,9637.1708984375,0
2021-09-06,9820.333523183841,9918.959201095731,9679.439046063286,9806.244140625,11477757
2021-09-07,9834.42269785545,10285.28423327202,9806.243933333431,10257.10546875,26802663
2021-09-08,10257.10546875,10257.10546875,10257.10546875,10257.10546875,0
2021-09-09,10172.570012207329,10679.789118403136,10102.122443573558,10651.6103515625,29662277
2021-09-10,10707.96777174658,10848.86159588362,10538.89453125,10538.89453125,18543451
2021-09-13,10567.073244700452,10905.21972404955,10510.715715319646,10736.146484375,16500667
2021-09-14,10595.251953125,10820.68272098321,10581.16257085462,10595.251953125,14506419
2021-09-15,10567.073644359176,10848.86195345289,10426.17916404624,10778.4150390625,16463258
2021-09-16,10848.86205879817,11074.292838568563,10764.325760708833,10891.130859375,12373428
2021-09-17,10933.398035847618,11496.974609375,10877.040508801301,11496.974609375,28020805
2021-09-20,11553.334814327136,11778.764949338489,11130.650705052121,11299.724609375,21169144
2021-09-21,11299.724609375,11299.724609375,11299.724609375,11299.724609375,0
2021-09-22,11299.724609375,11299.724609375,11299.724609375,11299.724609375,0
2021-09-23,11398.349996404773,11835.121498173357,11158.829846355879,11708.31640625,42549716
2021-09-24,11750.585992984537,11863.30105867269,11722.4072265625,11722.4072265625,2157732218
2021-09-27,11750.586240778392,11750.586240778392,11271.5458984375,11271.5458984375,14639242
2021-09-28,11130.649431544949,11468.7958984375,11017.934376935504,11468.7958984375,12881046
2021-09-29,11356.082068032281,11694.228571377578,11356.082068032281,11666.0498046875,19194310
2021-09-30,11581.51339445231,11792.854794149767,11581.51339445231,11722.4072265625,14982074
2021-10-01,11792.852968949708,12032.373097998263,11680.136617642516,12004.1943359375,35305977
2021-10-04,12060.552505362011,12088.731268930485,11694.227275907626,11835.12109375,8940
2021-10-05,11919.659072604823,12004.19536604134,11722.4064181887,11976.0166015625,21993076
2021-10-06,11976.0166015625,11976.0166015625,11976.0166015625,11976.0166015625,0
2021-10-07,11961.926181340243,11961.926181340243,11778.76356661305,11835.12109375,11084021
2021-10-08,12032.374485741188,12032.374485741188,11778.76429488028,11877.390625,7418469
2021-10-11,11877.390624999998,11877.390624999998,11877.390624999998,11877.390625,0
2021-10-12,12173.2678445778,12201.446608805862,12032.3740234375,12032.3740234375,4424138
2021-10-13,11976.016655230116,12060.552949045461,11919.659126019886,11947.837890625,5465891
2021-10-14,11947.837890625,11947.837890625,11947.837890625,11947.837890625,0
2021-10-15,12004.196566950595,12314.16431029149,11990.10653176947,12271.8955078125,19276703
2021-10-18,12271.8955078125,12271.8955078125,12271.8955078125,12271.8955078125,0
2021-10-19,12370.520507812502,12469.145531162894,12201.446619235378,12370.5205078125,4160621
2021-10-20,12539.593971149112,12539.593971149112,12285.983772061778,12426.87890625,8164507
2021-10-21,12384.609345645744,12525.504471190743,12314.163085937498,12314.1630859375,8331424
2021-10-22,12328.252418514709,12398.699984726436,12145.089788815672,12173.2685546875,6175704
2021-10-25,12173.2685546875,12173.2685546875,12173.2685546875,12173.2685546875,0
2021-10-26,11806.942711625215,11990.105332269794,11750.585182667539,11976.0166015625,4994971
2021-10-27,12102.8222370498,12257.804797114915,11976.017139665331,12201.447265625,4180273
2021-10-28,12257.804843337237,12539.593804913717,12257.804843337237,12511.4150390625,12706316
2021-10-29,12511.415599581424,12666.399470238643,12384.610496037847,12638.220703125,11448872
2021-11-01,12638.220703125,12638.220703125,12638.220703125,12638.220703125,0
2021-11-02,12257.804951425316,12342.342552788725,12229.626185325622,12455.0576171875,11278877
2021-11-03,12342.342552788725,12581.862716168287,12314.163786689032,12455.0576171875,11592113
2021-11-04,12455.058032900668,12469.146764888592,12300.074162647283,12328.2529296875,4736901
2021-11-05,12426.878583522128,12440.967314736463,12173.268391021087,12257.8046875,6823249
2021-11-08,12356.431505207052,12412.789038413965,12314.164006834042,12342.3427734375,10790910
2021-11-09,12398.699873338854,12398.699873338854,12173.268445325151,12229.6259765625,5552310
2021-11-10,12173.267802637942,12398.69921875,12131.000307973594,12398.69921875,4425558
2021-11-11,12398.700097150177,12426.878863277512,12060.55360055783,12116.9111328125,5722305
2021-11-12,12145.089625528117,12342.342287043213,12032.374563556232,12257.8046875,3286495
2021-11-15,12455.057920056972,12455.057920056972,12257.805249498197,12384.6103515625,5932786
2021-11-16,12398.699379425945,12455.056908418244,12314.163085937498,12314.1630859375,5998370
2021-11-17,12398.699790701114,12398.699790701114,12173.26836418992,12187.3583984375,3721901
2021-11-18,12159.178816138055,12201.446309912617,12102.8212890625,12102.8212890625,5223684
2021-11-19,12088.732094542174,12539.593645494011,12074.642060263539,12257.8046875,7471504
2021-11-22,12398.699190632187,13103.1708984375,12257.804067232584,13103.1708984375,24243501
2021-11-23,13384.958985601057,13723.10546875,13103.171335530504,13723.10546875,18361854
2021-11-24,13723.104930391868,14047.162669856622,13441.317291375859,13835.8212890625,17288611
2021-11-25,13948.537273898983,13948.537273898983,13568.121981288346,13864.0009765625,10191901
2021-11-26,13835.821830575143,13864.000595579619,13384.958984375,13384.958984375,7858610
2021-11-29,13103.171494125667,13525.854277411747,13103.171494125667,13300.4228515625,5706442
2021-11-30,13497.676035206281,13497.676035206281,12539.594067044029,12708.66796875,14955083
2021-12-01,12680.488936539183,13596.30078125,12624.130101775523,13596.30078125,12975278
2021-12-02,13539.943005707668,14061.252119134737,13539.943005707668,13638.5693359375,13623296
2021-12-03,13779.463278765208,13807.643347409165,13244.0654296875,13244.0654296875,8581208
2021-12-06,13131.350367368888,13469.496857389027,12680.488815030138,13244.0654296875,10202082
2021-12-07,13356.779734757421,13666.747441624611,13117.259589377565,13469.49609375,5345379
2021-12-08,13554.033800245907,14399.3994140625,13554.033800245907,14399.3994140625,21748974
2021-12-09,14399.39838353126,14653.008570751697,14202.147029187576,14427.5771484375,6024177
2021-12-10,14427.577363389668,15075.691572017806,14314.8623020854,14653.0087890625,19368330
2021-12-13,14653.007954184803,14765.723009066958,14089.430073645586,14230.3251953125,11087336
2021-12-14,14089.430073645586,14455.755305076811,13948.53625504289,14230.3251953125,5539051
2021-12-15,14258.504771433263,14850.260146344974,14061.252111086498,14653.0087890625,10890350
2021-12-16,14850.25992509538,14850.25992509538,14427.5771484375,14427.5771484375,9508369
2021-12-17,14483.93462417604,14512.113388977077,14202.146976165654,14455.755859375,10336563
2021-12-20,14836.170970229572,15216.58494225379,14722.045996783754,15140.5029296875,14449333
2021-12-21,15026.378196525855,15064.419854949445,14645.96291535423,14760.087890625,6374339
2021-12-22,14645.962847548079,15026.378126958502,14417.714201127532,14455.755859375,10399472
2021-12-23,14455.75473286248,14684.003361496,13580.801873611359,13961.2158203125,8064120
2021-12-24,13923.174742916988,14931.2734375,13866.113560688384,14931.2734375,13776051
2021-12-27,15064.42191201918,15825.251275190563,14912.255257546232,15501.8984375,15851140
2021-12-28,15406.793377947597,16053.49901552963,15216.586374038214,15996.4365234375,15071404
2021-12-29,15996.436815943187,16148.603464304664,15654.06446325866,15730.146484375,9409630
2021-12-30,15654.065091972949,15749.167947954089,15425.815110263527,15501.8984375,5658090
2021-12-31,15597.000654933712,16110.560443719884,15597.000654933712,15616.021484375,6534811
2022-01-03,15616.021484375,15616.021484375,15616.021484375,15616.021484375,0
2022-01-04,15787.20746159672,16452.932575060957,15711.124144721627,16262.7255859375,19352941
2022-01-05,16167.624326442648,16262.727178787069,15939.374353461471,15977.416015625,6713698
2022-01-06,15711.125683544698,16357.831334195893,15711.125683544698,15977.416015625,9102892
2022-01-07,15920.351480795445,16129.580595863863,15597.0,15597.0,7279472
2022-01-10,15596.999286812037,15958.392408367597,15387.771484375,15387.771484375,7399432
2022-01-11,15368.753245784148,15787.20892115567,15216.586597965852,15292.669921875,8471351
2022-01-12,15292.667918622094,16357.8291015625,15216.58460467943,16357.8291015625,32656170
2022-01-13,16471.95201494148,16738.242298479592,16015.45475832305,16034.4755859375,30906760
2022-01-14,15863.291031848958,16186.6425276043,15825.24937280379,15939.373046875,9762318
2022-01-17,15825.250583110244,16053.499251773292,15292.669921875,15292.669921875,15904631
2022-01-18,15064.42019471939,15311.689676985483,14741.0673938901,14798.1298828125,17456213
2022-01-19,14684.004615222555,15330.710204120323,14684.004615222555,14950.294921875,11668692
2022-01-20,14950.294946097216,15349.731058255182,14931.27411680092,15064.419921875,13038756
2022-01-21,15083.440461484819,15597.000236493066,15083.440461484819,15216.5849609375,14424955
2022-01-24,15216.585436712387,15406.792428905219,14151.42419552966,14360.6533203125,11961050
2022-01-25,14341.631403096153,15216.584282664027,14341.631403096153,15121.4814453125,15710311
2022-01-26,15216.583891569217,15425.811692042065,14912.251953125,14912.251953125,19197730
2022-01-27,14988.337929302803,15406.793604674327,14912.254605393657,15292.669921875,12740962
2022-01-28,15273.648549531314,16091.540343371724,15216.586058622002,15958.39453125,27230282
2022-01-31,15958.394531249998,15958.394531249998,15958.394531249998,15958.39453125,0
2022-02-01,15958.394531249998,15958.394531249998,15958.394531249998,15958.39453125,0
2022-02-02,15958.394531249998,15958.394531249998,15958.394531249998,15958.39453125,0
2022-02-03,15958.394531249998,15958.394531249998,15958.394531249998,15958.39453125,0
2022-02-04,15958.394531249998,15958.394531249998,15958.394531249998,15958.39453125,0
2022-02-07,16091.537685370777,16205.661345274098,15711.12244521006,15863.2890625,10183930
2022-02-08,15920.353522379706,16129.582664279118,15711.125683544698,15977.416015625,10131492
2022-02-09,15939.373343763124,16110.560812654934,15749.166348058765,15787.2080078125,9324747
2022-02-10,15901.33296603289,15901.33296603289,15520.917672063224,15673.0830078125,6935027
2022-02-11,15597.000791813947,16338.809237341431,15520.917473381089,16300.767578125,28033520
2022-02-14,15977.414208984375,16300.766997746969,15216.5849609375,15216.5849609375,12988072
2022-02-15,15216.5849609375,15216.5849609375,15216.5849609375,15216.5849609375,0
2022-02-16,15577.97878335543,15635.04126786192,15349.730148393672,15368.7509765625,5050225
2022-02-17,15368.751373169003,15654.0625,15330.70971584964,15654.0625,5403614
2022-02-18,15406.792987458273,15673.08330740796,15406.792987458273,15520.91796875,6594090
2022-02-21,15406.79138194718,15558.9580078125,15254.626059146065,15558.9580078125,6882238
2022-02-22,15425.81354321633,15787.2080078125,15368.752356650048,15787.2080078125,14572975
2022-02-23,15787.208400917896,16433.91272364154,15768.187570567405,16205.6640625,28194518
2022-02-24,15977.415648799102,16129.582293959622,15330.711316060011,15692.1044921875,8693907
2022-02-25,15863.29168279883,16262.726513035308,15711.125040374,15958.39453125,18932556
2022-02-28,15901.333361392768,16167.623682873102,15597.001379263196,16072.51953125,9730399
2022-03-01,16053.49937643945,16433.913392810566,15939.37438968947,16281.748046875,20843490
2022-03-02,16148.602802243,16471.95431062555,15635.042991206778,15768.1875,14506682
2022-03-03,15825.249667566237,16072.519152901199,15635.042671861876,15787.2080078125,8051142
2022-03-04,15635.044260163831,15882.313770617919,15406.794278454408,15501.8984375,8956625
2022-03-07,15368.752510764254,15387.773340831858,14645.963574323958,14836.171875,17546708
2022-03-08,14760.087890625,15216.58518557953,14588.901730783118,14760.087890625,8931546
2022-03-09,14779.108719836795,14969.31570889047,14760.087890625,14760.087890625,4654218
2022-03-10,15140.503853017335,15140.503853017335,14817.151044932396,14836.171875,3583176
2022-03-11,14722.047197646645,15026.379181928633,14664.984706269206,14703.0263671875,4400970
2022-03-14,14645.96166986933,15026.376918690643,14645.96166986933,14912.251953125,3789247
2022-03-15,14912.252672645742,15330.709596846275,14874.212318685899,15178.54296875,15282034
2022-03-16,15197.563454580883,15368.750907329186,15083.43978914621,15121.4814453125,5152296
2022-03-17,15235.606082477398,15368.75188755148,15064.419921875002,15064.419921875,5491655
2022-03-18,15178.545230518846,15216.586893211537,15007.359051466154,15026.3798828125,2845180
2022-03-21,15045.398472229983,15330.709596846275,15045.398472229983,15178.54296875,6751756
2022-03-22,15178.542385318216,15558.957637872305,15159.521557537302,15406.791015625,11166757
2022-03-23,15406.792609991684,15616.021737233736,15216.585615563223,15235.6064453125,7378211
2022-03-24,15235.605148432309,15311.688460953079,15140.502310845546,15254.6259765625,5175446
2022-03-25,15444.833264854256,15444.833264854256,15178.542968749998,15178.54296875,3836775
2022-03-28,15159.52373952254,15292.669553153268,14779.109735277758,15007.3583984375,5250508
2022-03-29,15007.359083547799,15406.793936546106,15007.359083547799,15330.7119140625,8610777
2022-03-30,15330.709934523447,15577.979407562076,15140.502948277792,15216.5849609375,9382973
2022-03-31,15330.710927990762,15520.917926562292,15254.627607336413,15273.6484375,4268383
2022-04-01,15273.648824124817,15806.22947605789,15216.586332189621,15692.1044921875,19503943
2022-04-04,15863.291967993086,15901.333629283215,15635.04330331668,15692.1044921875,11575741
2022-04-05,15597.001289611151,15806.229118914976,15482.876308319424,15520.91796875,8211614
2022-04-06,15482.87504206286,15749.165340234174,15292.668058530275,15654.0625,11742703
2022-04-07,15730.144497433848,15863.290297931931,15482.875028144499,15597.0,15252044
2022-04-08,15558.960252492621,15673.083935291948,15292.669921875,15292.669921875,6114252
2022-04-11,15292.669921875,15292.669921875,15292.669921875,15292.669921875,0
2022-04-12,15330.709749562733,15387.772235667264,14474.7763671875,14474.7763671875,5300316
2022-04-13,14703.025185929253,15292.668276661465,14474.776541821617,15216.5849609375,10419991
2022-04-14,15216.586540448632,15216.586540448632,14836.172528469611,14855.193359375,4457793
2022-04-15,14874.214783354124,14950.296806944882,14208.48828125,14208.48828125,8975566
2022-04-18,14379.674486871276,14569.881483522207,14075.342510391189,14417.71484375,5505685
2022-04-19,14417.7140393842,14493.797355025607,13771.009765625,13771.009765625,3379736
2022-04-20,13999.258681720143,14113.383657401573,13504.719726562502,13504.7197265625,6593388
2022-04-21,13542.761659075783,13809.051971321556,12972.139375254226,13238.4296875,6528673
2022-04-22,13333.533541889692,13694.926691429342,13238.429395661218,13390.5947265625,4462704
2022-04-25,13428.636658565407,13580.803295630261,12458.579559534166,13124.3046875,5977806
2022-04-26,12934.097726630065,13333.5338468615,12325.435086038999,13295.4921875,6667398
2022-04-27,13295.492176495016,13314.513006160021,12724.86989267346,13238.4296875,3936039
2022-04-28,13276.470577115213,13276.470577115213,12781.931640625,12781.931640625,3196464
2022-04-29,12781.931640625,13105.284423119134,12629.765012126945,12781.931640625,5301017
2022-05-02,12781.931640625,12781.931640625,12781.931640625,12781.931640625,0
2022-05-03,12781.931640625,12781.931640625,12781.931640625,12781.931640625,0
2022-05-04,12781.932503647602,12819.974163340648,12173.2685546875,12173.2685546875,2882535
2022-05-05,12363.475079998687,13010.1806640625,12363.475079998687,13010.1806640625,13689239
2022-05-06,12781.931640625,13105.284423119134,12648.785840689203,12781.931640625,3589490
2022-05-09,12477.600837077925,12877.035667583146,11945.020194361396,12021.103515625,3854663
2022-05-10,11792.854650107605,12781.932597101048,11602.64635025169,12667.8076171875,10401752
2022-05-11,12667.806655002414,12724.869140625,12097.184404905023,12724.869140625,6325233
2022-05-12,12553.684158341528,12667.807837172584,11849.916042781892,12021.103515625,4073011
2022-05-13,12173.267708333333,12173.267708333333,11184.189837337672,11412.4384765625,6240349
2022-05-16,11792.853515625,12021.102150430055,11488.521568196858,11792.853515625,4248039
2022-05-17,11792.854324524675,12572.704423210454,11602.646029920126,12553.68359375,6874697
2022-05-18,12591.725187964508,12972.139169090151,12249.3515625,12249.3515625,6927486
2022-05-19,11964.040997258862,12230.33131800686,11697.750676510865,11849.916015625,3443399
2022-05-20,12135.226520785582,12249.351496345495,11868.936214210058,11945.01953125,3675601
2022-05-23,12135.226051285157,12211.309365381509,11374.396819514324,11412.4384765625,4480943
2022-05-24,11488.522194369463,11773.833329192486,11488.522194369463,11754.8125,2936201
2022-05-25,11773.83341144655,12173.268221150738,11754.81258212118,12135.2265625,7963627
2022-05-26,12135.227194456056,12154.248024771958,11964.041024677297,12021.103515625,2305011
2022-05-27,12021.103239447102,12477.600550412264,11983.061579689285,12287.3935546875,8553604
2022-05-30,12325.434943288832,12591.725252670909,12230.330795986556,12553.68359375,9464700
2022-05-31,12553.684537574603,12572.705368465104,12306.4150390625,12306.4150390625,4773301
2022-06-01,12230.331044227069,12439.558869474506,11983.061559286587,12173.2685546875,3042306
2022-06-02,12173.2685546875,12173.2685546875,12173.2685546875,12173.2685546875,0
2022-06-03,12078.165698091614,12173.268544177805,11868.936569960497,12116.2060546875,2116303
2022-06-06,12097.185139363779,12116.205969059456,11526.564157686393,11678.7294921875,4885719
2022-06-07,11678.729069532297,11678.729069532297,11222.23177948538,11260.2734375,3731722
2022-06-08,11298.315151693503,11792.854102214047,11298.315151693503,11507.54296875,6224565
2022-06-09,11507.543279398938,11545.584938629658,11412.43913132214,11431.4599609375,3383244
2022-06-10,11374.397444902776,11640.687755816984,11298.3154296875,11298.3154296875,2406029
2022-06-13,11108.106280910193,11108.106280910193,10518.4638671875,10518.4638671875,6648633
2022-06-14,10461.402921079583,10461.402921079583,9890.780635569132,10080.98828125,7049024
2022-06-15,10080.987959947432,10157.07062487557,9434.283027695792,10100.0087890625,6126177
2022-06-16,10157.070646376835,10347.278286398026,9985.884487043111,10195.1123046875,5115290
2022-06-17,9890.781224218881,10042.947219513304,9510.366561748924,9700.57421875,5629503
2022-06-20,9681.552703284297,9947.84301333628,9529.38671875,9529.38671875,6473955
2022-06-21,9491.345421972494,9966.86422323196,9491.345421972494,9757.6357421875,5386602
2022-06-22,9757.635776042112,10080.988588081724,9757.635776042112,9966.8642578125,2923925
2022-06-23,9966.863954454342,10080.98828125,9776.656308773474,10080.98828125,3223824
2022-06-24,10080.987912154287,10138.04974769683,9890.7802734375,9890.7802734375,1589463
2022-06-27,9890.780967102672,10328.258110760155,9890.780967102672,10157.0712890625,3425510
2022-06-28,10423.361018824653,10651.609667098915,10252.174206852886,10499.4443359375,3611938
2022-06-29,10309.236034731155,10765.733302056538,10309.236034731155,10423.3603515625,3383594
2022-06-30,10347.279620670553,10651.610971802727,10328.2587890625,10328.2587890625,3082643
2022-07-01,10328.257499768688,10499.444311339399,10042.946364328218,10385.3193359375,1576310
2022-07-04,10385.3193359375,10575.526976741861,10347.278329002338,10385.3193359375,1008957
2022-07-05,10461.4033203125,10632.589491272798,10290.216497820024,10461.4033203125,4058805
2022-07-06,10385.319965866931,10575.52761820848,10042.946973490754,10252.1748046875,2625955
2022-07-07,10157.070700160988,10518.464501429571,10157.070700160988,10442.3818359375,2571938
2022-07-08,10461.402305408033,10594.547454089174,10271.194670921212,10309.236328125,2022650
2022-07-11,10271.194899338941,10309.236557388725,9890.7802734375,9890.7802734375,2281685
2022-07-12,9890.7802734375,9890.7802734375,9890.7802734375,9890.7802734375,0
2022-07-13,10157.070633819318,10461.402596864114,9909.80115816997,10138.0498046875,2669625
2022-07-14,10100.009139975684,10290.216134670618,10080.988310199758,10233.154296875,1189072
2022-07-15,10271.194670921212,10461.402305408033,10271.194670921212,10309.236328125,2487230
2022-07-18,10404.33983384876,10461.402319732575,10328.257170869123,10366.298828125,2355520
2022-07-19,10385.320632354438,10385.320632354438,10176.092787730304,10328.2587890625,1416714
2022-07-20,10461.403060089558,10841.81770497405,10347.27873177743,10822.796875,5395196
2022-07-21,10860.838524781218,10898.879533161542,10670.630876750945,10765.734375,4584417
2022-07-22,10765.733372202938,10898.878517962394,10632.588226443484,10670.6298828125,4292936
2022-07-25,10480.422835744223,10613.567980636142,10385.318695441352,10423.3603515625,2394630
2022-07-26,10461.40295886793,10499.444618447948,10271.1953125,10271.1953125,2212060
2022-07-27,10271.195635074871,10309.237295849618,10080.9886342655,10252.1748046875,2846758
2022-07-28,10290.215832659473,10575.526967860334,10290.215832659473,10347.2783203125,4162279
2022-07-29,10499.443912500914,10499.443912500914,10119.029296875,10119.029296875,5299263
2022-08-01,10309.236342241184,10442.381491104637,10290.215513613246,10366.298828125,3405867
2022-08-02,10385.318721955653,10575.526351514905,10385.318721955653,10518.4638671875,4037759
2022-08-03,10461.403349622118,10689.652012563449,10385.32002762022,10651.6103515625,4513213
2022-08-04,10841.818050859472,11108.10772439508,10746.714549487313,10955.9423828125,9314926
2022-08-05,10993.984043974237,11108.10772439508,10841.818050859472,10955.9423828125,3369564
2022-08-08,10936.920554475402,11089.085882176205,10784.754575242474,10860.837890625,4007594
2022-08-09,11013.00453340951,11013.00453340951,10803.77605503333,10879.859375,4093355
2022-08-10,10917.900363117786,10917.900363117786,10746.71419657592,10765.734375,3339399
2022-08-11,10898.879219506907,11070.06668418656,10746.713887300391,10841.8173828125,4493044
2022-08-12,10898.879553459505,10898.879553459505,10784.755225041663,10879.859375,1776768
2022-08-15,11013.00390625,11146.148405545144,10917.899761707575,11013.00390625,5738063
2022-08-16,11032.025380689425,11051.0462107109,10936.92123058205,10974.962890625,2451979
2022-08-17,10974.961898970985,11013.003555576643,10917.8994140625,10917.8994140625,2320269
2022-08-18,10917.8994140625,10955.941070668157,10765.733439171978,10917.8994140625,3673847
2022-08-19,10955.941369668306,10955.941369668306,10765.733732981142,10803.775390625,2568957
2022-08-22,10746.714497831412,10765.734676788672,10556.506844469175,10613.5693359375,2552822
2022-08-23,10461.403349622118,10651.6103515625,10461.403349622118,10651.6103515625,2149800
2022-08-24,10651.609708483275,10746.71385524384,10632.58887913116,10689.6513671875,2075264
2022-08-25,10822.797220278604,10993.984043974237,10708.672888325576,10955.9423828125,2958825
2022-08-26,10974.962198490233,10993.983027312162,10784.75456180307,10803.775390625,2383932
2022-08-29,10651.609675792779,10689.651334380253,10309.236703101938,10537.4853515625,3562481
2022-08-30,10651.610345384202,10727.69366734197,10537.486013979733,10613.5693359375,1440741
2022-08-31,10613.569342093733,10708.672843063923,10480.424180122593,10651.6103515625,1026495
2022-09-01,10651.6103515625,10651.6103515625,10651.6103515625,10651.6103515625,0
2022-09-02,10651.6103515625,10651.6103515625,10651.6103515625,10651.6103515625,0
2022-09-05,10841.818005035064,10841.818005035064,10556.50685059231,10651.6103515625,3204532
2022-09-06,10708.672843063923,10708.672843063923,10518.46518959136,10651.6103515625,2364114
2022-09-07,10575.526976741861,10613.56863520916,10385.3193359375,10385.3193359375,3076154
2022-09-08,10404.34046179401,10423.361291569936,10233.154296875,10233.154296875,2473901
2022-09-09,10385.319639707895,10385.319639707895,10119.029977244243,10271.1953125,1641025
2022-09-12,10271.195635074871,10309.237295849618,10195.112965057559,10252.1748046875,1442495
2022-09-13,10309.23728940776,10309.23728940776,10176.092128311526,10214.1337890625,1349018
2022-09-14,10080.987959947432,10195.112283105706,9985.884465904226,10100.0087890625,1671365
2022-09-15,10138.049795760502,10404.340100307185,10080.987959947432,10100.0087890625,1398475
2022-09-16,10080.988594688293,10214.133755345007,10004.9052734375,10004.9052734375,1518084
2022-09-19,10004.905188753033,10004.905188753033,9396.241881559468,9510.3662109375,2522832
2022-09-20,9662.5322265625,9662.5322265625,9472.325227599134,9662.5322265625,1561928
2022-09-21,9510.366548985994,9662.53254407621,9510.366548985994,9605.470703125,1185213
2022-09-22,9510.366554411627,9643.51171875,9434.28388258921,9643.51171875,1060168
2022-09-23,9643.511044267687,9662.531873775992,9510.365889241695,9529.38671875,1858144
2022-09-26,9396.240906042165,9472.32421875,9015.826297099291,9472.32421875,3330104
2022-09-27,9434.282562396082,9472.32421875,9129.950614628944,9472.32421875,2001955
2022-09-28,9225.055370627364,9415.262362015483,8939.744232013041,9377.220703125,2690144
2022-09-29,9396.2412109375,9510.365532170332,9206.034226060156,9396.2412109375,1724856
2022-09-30,9320.159212484836,9548.407871240901,9110.9307323483,9510.3662109375,3638771
2022-10-03,9548.4067644182,9548.4067644182,8901.701871885327,9072.888671875,2811682
2022-10-04,9091.909821301337,9282.116804431278,9034.847335443083,9053.8681640625,1680485
2022-10-05,9129.951171875,9187.013659888682,9034.84767671767,9129.951171875,2128053
2022-10-06,9091.910164731353,9206.034489226577,8749.536539713541,9129.951171875,5614069
2022-10-07,8768.556894827127,8806.598551445531,8502.2666015625,8502.2666015625,3612114
2022-10-10,7912.62451171875,8254.997480970424,7912.62451171875,7912.62451171875,4188761
2022-10-11,7361.023925781251,7608.293429668879,7361.023925781251,7361.02392578125,15781164
2022-10-12,6961.587448919038,7798.5,6961.587448919038,7798.5,8142164
2022-10-13,7798.50049573501,7836.54150390625,7494.16852117214,7836.54150390625,6631095
2022-10-14,7969.686661335986,8007.728321039384,7722.417176328213,7836.54150390625,3819412
2022-10-17,7646.334508453575,7836.54150390625,7380.044193594103,7836.54150390625,7290872
2022-10-18,7874.583163609648,7969.686661335986,7760.458836031612,7836.54150390625,4427277
2022-10-19,7874.58332355697,7874.58332355697,7627.313833526698,7817.521484375,3008107
2022-10-20,7722.417176328213,7855.562333757949,7608.292848750177,7836.54150390625,3004775
2022-10-21,7836.541967645974,7912.625291555122,7361.023799342591,7646.3349609375,4873442
2022-10-24,7646.335125644243,7665.35595703125,7113.754452936884,7665.35595703125,5720349
2022-10-25,7494.169126080396,7855.5629678369,7342.003126516549,7665.35595703125,5672822
2022-10-26,7684.375796192714,7779.479289315542,7532.209816276914,7608.29248046875,1979858
2022-10-27,7589.272509692045,7988.708007812501,7551.231499060717,7988.7080078125,7606555
2022-10-28,8064.789669846631,8178.913981282019,7855.56122260503,7931.64453125,4883790
2022-10-31,7988.707333132609,7988.707333132609,7722.41702354164,7874.5830078125,4959554
2022-11-01,7988.707102735327,8407.16338452872,7950.666096413838,8293.0390625,10319850
2022-11-02,8293.039039715624,8559.329340895074,8197.935546875,8197.935546875,7019560
2022-11-03,8121.852531058116,8407.163671639568,7931.645538358583,8083.8115234375,6662663
2022-11-04,7988.707700679228,8102.832031249999,7532.210378396143,8102.83203125,12931249
2022-11-07,8159.894791195457,8159.894791195457,7608.293298982926,7646.3349609375,4422717
2022-11-08,7494.168044782901,7874.582663038215,7418.085381744686,7798.5,7433806
2022-11-09,7874.582466905348,7988.706784386227,7646.333831943591,7684.37548828125,4910097
2022-11-10,7627.3133000345315,7646.334128942168,7227.87784757055,7570.25146484375,5250157
2022-11-11,7798.500108671131,7798.500108671131,7303.961163201096,7570.25146484375,6555681
2022-11-14,7418.086273131883,7513.1897762407025,7246.89944631025,7494.1689453125,5634238
2022-11-15,7380.043827299513,7570.251464843749,6980.608374835532,7570.25146484375,9376659
2022-11-16,7132.773699670214,7988.706361201661,7075.711218186486,7931.64453125,9712335
2022-11-17,8102.830672637049,8178.913981282019,7779.478565492126,7931.64453125,9171290
2022-11-18,7836.54150390625,7950.666483016445,7665.355338305274,7836.54150390625,3580195
2022-11-21,7874.583163609648,7874.583163609648,7608.292848750177,7836.54150390625,5611965
2022-11-22,7798.5006607694995,8064.7909812642965,7665.355500522101,7855.5625,9627101
2022-11-23,7741.43763145356,7912.624440300351,7570.251474138896,7608.29248046875,5067587
2022-11-24,7646.3341383307325,7703.395973591578,7303.961172169277,7608.29248046875,8440484
2022-11-25,7684.3764707993,7741.438311069568,7513.189646924124,7722.41748046875,5323466
2022-11-28,7798.501000059256,8102.832342770887,7627.314171855574,7988.7080078125,22279322
2022-11-29,8102.831236838585,8216.95555622047,7874.582598074816,8178.91455078125,16286607
2022-11-30,8254.997743597818,8559.329715858406,7931.6455931615765,8369.1220703125,22786694
2022-12-01,8502.266877630633,8654.43285751297,8216.955746792768,8293.0390625,26586990
2022-12-02,8178.914211043414,8673.453125,8064.789896402054,8673.453125,14468274
2022-12-05,8825.62043996916,9129.951774879155,8730.516286998363,8806.599609375,28323071
2022-12-06,8749.536678465758,8806.599167384351,8216.9560546875,8216.9560546875,20354883
2022-12-07,8178.914996653779,8293.039322257137,7893.60385687931,7969.6865234375,15597542
2022-12-08,8121.852587175329,8521.288056442794,7912.62476345377,8369.1220703125,36476810
2022-12-09,8445.204783038425,8749.536081925256,8293.038807828956,8559.3291015625,23280738
2022-12-12,8654.432631894677,8825.619436241035,8483.245827548317,8711.4951171875,25396690
2022-12-13,8597.371116296823,8749.537109375,8559.330106676418,8749.537109375,17002857
2022-12-14,8901.701754282718,8901.701754282718,8597.369814217704,8673.453125,9929981
2022-12-15,8616.391946873118,8977.785773226171,8559.330106676418,8749.537109375,22975402
2022-12-16,8654.433608025709,8958.76559418206,8559.330106676418,8749.537109375,8363843
2022-12-19,8730.51525358256,8863.660400449331,8559.3291015625,8559.3291015625,12530682
2022-12-20,8540.3088861506,8540.3088861506,8083.811579291872,8369.1220703125,17492516
2022-12-21,8464.22618846925,8521.28802585569,8159.894217301059,8216.9560546875,6161955
2022-12-22,8331.080449843888,8559.329086490108,8216.955479988672,8502.2666015625,10914035
2022-12-23,8521.288056442794,8521.288056442794,8312.060232721236,8369.1220703125,3999527
2022-12-26,8312.060833138097,8407.164337014721,7836.542010690584,7988.7080078125,5467803
2022-12-27,7817.521038867207,8102.831521582022,7817.521038867207,8007.72802734375,4904484
2022-12-28,8007.728857094728,8159.894854562497,7855.562859626959,8140.8740234375,4960255
2022-12-29,8178.915685687493,8197.93651681249,8064.791350469717,8140.8740234375,5545847
2022-12-30,8197.935667352429,8197.935667352429,8007.728027343751,8007.72802734375,5692815
2023-01-02,8007.728027343751,8007.728027343751,8007.728027343751,8007.72802734375,0
2023-01-03,8007.727314360227,8331.080078125,8007.727314360227,8331.080078125,4091426
2023-01-04,8426.184559435918,8502.267226734988,8235.976913890012,8369.1220703125,7687054
2023-01-05,8369.12210969912,8673.454083391951,8312.060271839313,8578.3505859375,13159067
2023-01-06,8578.349929905198,8787.577738610651,8483.245788191713,8559.3291015625,10182177
2023-01-09,8578.349929905198,8730.51525358256,8483.245788191713,8559.3291015625,7289294
2023-01-10,8673.453420086575,8673.453420086575,8483.245788191713,8559.3291015625,5094070
2023-01-11,8521.287764693423,8692.47457467048,8502.266935636846,8540.30859375,9171991
2023-01-12,8597.370753499916,8597.370753499916,8464.226248148729,8521.2880859375,3624916
2023-01-13,8559.329745484785,8578.350575258428,8445.205418375086,8521.2880859375,8629017
2023-01-16,8521.288056442794,8559.329715858406,8369.1220703125,8369.1220703125,5195790
2023-01-17,8445.205774750832,8749.537109375,8407.16411359824,8749.537109375,23072563
2023-01-18,8768.55733735379,9053.868473326542,8768.55733735379,8977.78515625,17699815
2023-01-19,8901.702522884554,9187.013659888682,8844.640686403012,9129.951171875,23585723
2023-01-20,9129.951171875,9129.951171875,9129.951171875,9129.951171875,0
2023-01-23,9129.951171875,9129.951171875,9129.951171875,9129.951171875,0
2023-01-24,9129.951171875,9129.951171875,9129.951171875,9129.951171875,0
2023-01-25,9129.951171875,9129.951171875,9129.951171875,9129.951171875,0
2023-01-26,9129.951171875,9129.951171875,9129.951171875,9129.951171875,0
2023-01-27,9244.074890757913,9434.282520143533,9129.950573739381,9320.158203125,22486269
2023-01-30,9320.159806106223,9320.159806106223,9053.869470086142,9091.9111328125,14683464
2023-01-31,9110.9307323483,9510.3662109375,8920.723733895635,9510.3662109375,29220137
2023-02-01,9510.365091478683,9662.53106324876,8863.660200104923,9015.826171875,25423699
2023-02-02,9053.869470086142,9167.993806733004,8939.74513343928,9091.9111328125,14089454
2023-02-03,9129.951171875,9129.951171875,8958.765010898236,9129.951171875,10414379
2023-02-06,9053.867871009554,9206.033843507515,9034.847043005797,9167.9921875,8003438
2023-02-07,9206.034521414549,9491.345007884096,9148.972033201353,9282.1171875,30909566
2023-02-08,9472.325175906315,9472.325175906315,9282.11752644879,9358.2001953125,10536443
2023-02-09,9320.159162781658,9567.42865037077,9225.0556640625,9225.0556640625,18217710
2023-02-10,9225.054945329954,9320.158436639511,8958.7646484375,8958.7646484375,7178454
2023-02-13,8958.76559418206,9015.827434378762,8654.433608025709,8749.537109375,7587438
2023-02-14,8901.702482123404,8977.785147594455,8863.66082362181,8939.744140625,4717355
2023-02-15,8958.76467249753,9263.09597581186,8920.723015258694,9053.8681640625,11893003
2023-02-16,9091.910164731353,9129.951171875,8996.806018041883,9129.951171875,6409064
2023-02-17,9167.992160077221,9167.992160077221,9015.82618803441,9072.888671875,7807715
2023-02-20,11116.501272676715,11466.076171875,11093.196119739689,11466.076171875,15260287
2023-02-21,11512.686568757488,11699.12699544182,11326.246142073158,11559.296875,20001669
2023-02-22,11419.466399101195,11466.075905607164,10976.6708984375,10976.6708984375,7109705
2023-02-23,11046.585895258258,11186.416015625,10860.145468674033,11186.416015625,7959769
2023-02-24,11186.416148215802,11279.6367617557,10953.3662109375,10953.3662109375,4126501
2023-02-27,10860.145174504281,10999.975291083432,10743.620210402605,10836.8408203125,5471486
2023-02-28,10906.754833444185,10999.97463954691,10860.14453125,10860.14453125,3670866
2023-03-01,10836.841113851004,11233.026321842484,10766.925654524777,11186.416015625,7469408
2023-03-02,11186.415119178897,11279.635724143445,11093.1953125,11093.1953125,4729807
2023-03-03,11093.19628740339,11209.721255563989,10906.755859375,10906.755859375,5031810
2023-03-06,10999.975205477629,11163.110473264675,10930.060546875,10930.060546875,4072309
2023-03-07,11046.586026191677,11093.196332961626,10906.755904167552,10953.3662109375,3119298
2023-03-08,10906.756229807796,11186.416482205792,10860.145921646215,11163.111328125,9479958
2023-03-09,11186.416063084547,11442.771950082617,11139.80655495503,11419.466796875,13526136
2023-03-10,11279.636628059969,11396.161595317968,11139.806507693229,11186.416015625,4755412
2023-03-13,11046.584901609664,11466.07522497642,11023.279750597238,11326.2451171875,11636423
2023-03-14,11396.160700293938,11396.160700293938,11116.500481524223,11279.6357421875,11776902
2023-03-15,11466.075707382068,11699.126429025702,11326.245593710159,11489.380859375,15855350
2023-03-16,11442.771353674812,11605.906619339654,11349.550745703089,11489.380859375,5275061
2023-03-17,11489.381289021332,11885.567291145215,11489.381289021332,11792.3466796875,18759106
2023-03-20,11792.347655047934,11792.347655047934,11171.697265625,11171.697265625,6828923
2023-03-21,11275.139440104025,11352.720185146221,11094.116520582804,11171.697265625,3867641
2023-03-22,11223.417588159491,11456.161579062267,11223.417588159491,11275.138671875,5755250
2023-03-23,11275.138606960176,11456.161513105231,11223.417523542445,11404.4404296875,4536538
2023-03-24,11404.44062026602,11482.022246689077,11326.859879659984,11378.580078125,4372033
2023-03-27,11404.440112149481,11507.882276104769,11326.859375,11326.859375,4238043
2023-03-28,11378.579761887384,11482.021927576558,11300.9990234375,11300.9990234375,3521092
2023-03-29,11378.57957116066,11378.57957116066,11249.277752033535,11326.859375,2527041
2023-03-30,11378.580480210436,11482.022652429854,11326.86027991778,11456.162109375,4771722
2023-03-31,11430.301375690375,11533.742660367589,11430.301375690375,11482.0224609375,4185604
2023-04-03,11637.184504451003,11792.346870023202,11507.882680777007,11766.486328125,14411100
2023-04-04,11844.068532406493,11844.068532406493,11611.324529770061,11688.9052734375,6347682
2023-04-05,11714.765434245053,11766.486518879945,11533.742523839961,11740.6259765625,9555897
2023-04-06,11740.626307078388,12076.811595035237,11688.905220987472,11947.509765625,18081791
2023-04-07,11844.06847926022,12050.95105198978,11818.207936214762,11947.509765625,7837705
2023-04-10,12050.95105198978,12154.393224171612,11792.347393169304,11947.509765625,13357596
2023-04-11,11869.928136488625,12025.091394761374,11714.765764032929,11947.509765625,4741031
2023-04-12,11947.509765625,12050.95105198978,11844.06847926022,11947.509765625,6741934
2023-04-13,12102.671751813361,12102.671751813361,11947.509384309808,11999.23046875,4438677
2023-04-14,11999.23046875,12309.555203757107,11999.23046875,11999.23046875,12688874
2023-04-17,11999.230252957595,11999.230252957595,11792.346804734412,11895.7880859375,2858684
2023-04-18,11792.3466796875,12050.950322861472,11688.904513764312,11792.3466796875,2982151
2023-04-19,11792.346523489821,11895.78780222586,11559.6025390625,11559.6025390625,3258549
2023-04-20,11559.603324292568,11688.905152950181,11507.883124319751,11585.4638671875,1668910
2023-04-21,11585.46426707487,11921.64956467877,11585.46426707487,11663.0458984375,4568282
2023-04-24,11637.184129610454,11921.64830969389,11637.184129610454,11818.20703125,8371560
2023-04-25,11818.207411921403,11844.067953819605,11688.904702430393,11766.486328125,2429355
2023-04-26,11714.76517946934,11973.369711202571,11637.184440021276,11895.7880859375,7673024
2023-04-27,11947.509957523323,12025.091587905797,11869.928327140851,11921.6494140625,3287486
2023-04-28,11921.648342101218,12309.5546875,11895.787800965702,12309.5546875,14095768
2023-05-01,12309.5546875,12309.5546875,12309.5546875,12309.5546875,0
2023-05-02,12309.5546875,12309.5546875,12309.5546875,12309.5546875,0
2023-05-03,12309.5546875,12309.5546875,12309.5546875,12309.5546875,0
2023-05-04,12309.555452218305,12309.555452218305,12128.532538840815,12206.11328125,3286259
2023-05-05,12154.39315211393,12257.834437865455,11921.649151901689,12076.8115234375,3642103
2023-05-08,12050.950476305568,12180.253185355958,11921.648653072189,12025.0908203125,4970076
2023-05-09,12025.091532023185,12257.834650454875,12025.091532023185,12180.25390625,5648970
2023-05-10,12206.11271133364,12361.275960541361,12050.95034794292,12283.6943359375,7411007
2023-05-11,12309.555452218305,12335.415994960382,12102.671996098738,12206.11328125,2425672
2023-05-12,12231.97410711423,12231.97410711423,12076.811732887416,12180.25390625,3130522
2023-05-15,12206.113112875408,12516.438735682563,12154.392913921742,12361.2763671875,17721036
2023-05-16,12361.276558410398,12387.136215378754,12206.113301698007,12335.416015625,3028276
2023-05-17,12361.276092209493,12387.13574820256,12025.0908203125,12025.0908203125,3436559
2023-05-18,12050.950790033365,12257.834244082867,12050.950790033365,12102.671875,2219952
2023-05-19,12206.112966974184,12206.112966974184,11999.230401998348,12128.5322265625,1959163
2023-05-22,12335.415228635517,12412.99596622508,12154.392326503885,12309.5546875,8753010
2023-05-23,12257.833984375,12464.717434041244,12257.833984375,12257.833984375,7191958
2023-05-24,12257.833984375,12257.833984375,12257.833984375,12257.833984375,0
2023-05-25,12206.113159116234,12257.834244082867,12050.950790033365,12102.671875,1731871
2023-05-26,12257.834175150389,12257.834175150389,12102.671806940083,12231.9736328125,2383756
2023-05-29,12387.135302780762,12645.739825765522,12257.833484196872,12568.158203125,11950527
2023-05-30,12697.461771376435,12697.461771376435,12361.27648869633,12464.7177734375,5070043
2023-05-31,12645.74087644222,13033.647250240232,12542.29959014404,12930.205078125,19441683
2023-06-01,13085.366705788698,13524.994140625,12930.20434226324,13524.994140625,23790390
2023-06-02,13318.111003213788,13887.040273228235,13318.111003213788,13602.5751953125,21184428
2023-06-05,14223.225419583923,14223.225419583923,13447.412705220395,13499.1337890625,16839228
2023-06-06,13499.134048377433,13628.435874649538,13214.669853415395,13343.9716796875,17567052
2023-06-07,13447.413106845437,13628.436019882285,13318.111279195415,13576.7158203125,16319228
2023-06-08,13628.435748668011,13628.435748668011,13240.5302734375,13240.5302734375,13559984
2023-06-09,13462.169003467188,13678.140055520316,13318.189187915474,13426.173828125,9738792
2023-06-12,13498.16456758542,13498.16456758542,13138.213689613222,13246.19921875,3358908
2023-06-13,13318.188877777837,13318.188877777837,13066.22265625,13066.22265625,3854592
2023-06-14,13102.217830753976,13282.193703273859,13066.22265625,13066.22265625,4686318
2023-06-15,13102.217830753976,13102.217830753976,12994.232307242046,13066.22265625,3479238
2023-06-16,13066.222599090986,13246.198470823554,13066.222599090986,13102.2177734375,6123474
2023-06-19,13138.212833778332,13174.2080078125,13030.227311675826,13174.2080078125,1943802
2023-06-20,13174.209044052932,13210.204220918364,13066.223513456636,13138.2138671875,2879982
2023-06-21,13174.208865992146,13246.19921875,13138.213689613222,13246.19921875,5332950
2023-06-22,13246.19921875,13246.19921875,13246.19921875,13246.19921875,0
2023-06-23,13282.193303142893,13426.173111004337,13210.202956303674,13318.1884765625,7747362
2023-06-26,13354.183706519,13426.173167846004,13138.212665087001,13282.193359375,4223898
2023-06-27,13282.194395128927,13318.189571507852,13138.213689613222,13246.19921875,3470166
2023-06-28,13246.198185803001,13282.193359375,13174.207838659002,13282.193359375,4199454
2023-06-29,13318.188936360979,13318.188936360979,13030.2275390625,13030.2275390625,4958730
2023-06-30,13030.227654650731,13066.222829632345,12958.2373046875,12958.2373046875,3331692
2023-07-03,13138.213005257952,13138.213005257952,12994.232307242046,13066.22265625,3658536
2023-07-04,13102.217830753976,13138.213005257952,13030.227481746024,13066.22265625,2278458
2023-07-05,13102.21788838712,13138.21306304943,13030.2275390625,13030.2275390625,4958226
2023-07-06,13030.227424744473,13102.2177734375,12958.237076051446,13102.2177734375,5613552
2023-07-07,12994.232421875,13102.21794633956,12922.242958048984,12994.232421875,5994828
2023-07-10,13030.227424744473,13138.212947784014,12958.237076051446,13102.2177734375,7427574
2023-07-11,13174.2080078125,13390.178166200505,13102.217659744163,13174.2080078125,11164608
2023-07-12,13246.198528769883,13246.198528769883,13066.22265625,13066.22265625,4920174
2023-07-13,13102.218690322068,13174.209044052932,13030.228336591204,13138.2138671875,5910156
2023-07-14,13138.213005257952,13174.20817976193,12994.232307242046,13066.22265625,4860576
2023-07-17,13066.223513456636,13138.2138671875,13030.228336591204,13138.2138671875,5325138
2023-07-18,13138.213915654516,13642.1455078125,13102.218738656298,13642.1455078125,31251276
2023-07-19,13678.139996432665,13750.130346806052,13426.173770125806,13462.1689453125,11778732
2023-07-20,13462.168829931126,13534.1591796875,13246.198666479031,13534.1591796875,14071050
2023-07-21,13462.168887467971,13642.144762628117,13390.178537403912,13498.1640625,11472300
2023-07-24,13462.169003467188,13534.159354151563,13282.194012573285,13426.173828125,8871030
2023-07-25,13426.173428541091,13858.114633975065,13390.178254270177,13678.1396484375,16825536
2023-07-26,13678.139879200247,13678.139879200247,13462.168829931126,13534.1591796875,8356824
2023-07-27,13534.15956399689,13570.154739897178,13246.199042611634,13354.1845703125,8391222
2023-07-28,13318.18913038276,13534.159295685888,13282.193955196066,13462.1689453125,9043902
2023-07-31,13426.17371243594,13570.154412564058,13390.178537403912,13498.1640625,6548472
2023-08-01,13534.1591796875,13858.114867774157,13498.164004809312,13534.1591796875,18238878
2023-08-02,13498.163890343665,13678.139763208388,13462.16871577072,13606.1494140625,8358210
2023-08-03,13606.149035706001,13678.13938285,13246.198185803001,13282.193359375,8703072
2023-08-04,13390.179268824968,13678.140684810718,13282.194623647392,13642.1455078125,15456420
2023-08-07,13678.140183308702,14002.095878597922,13642.145007630228,13894.1103515625,22360086
2023-08-08,13966.10015678781,13966.10015678781,13642.144474166584,13678.1396484375,7955766
2023-08-09,13714.134995775643,13750.130170500805,13498.163947424679,13570.154296875,6924456
2023-08-10,13570.153804682772,13606.14897810238,13282.193303142893,13318.1884765625,7305984
2023-08-11,13354.184363257662,13426.173828125,13138.213311204534,13426.173828125,6725880
2023-08-14,13426.173828125,13462.169003467188,13318.189187915474,13426.173828125,6911604
2023-08-15,13462.168602812008,13786.125171250245,13354.183965816272,13678.1396484375,15210720
2023-08-16,13678.140506318001,13786.1260359035,13534.159800204001,13750.130859375,10703322
2023-08-17,13750.130170500805,13786.125345225966,13534.159122149838,13570.154296875,7369488
2023-08-18,13498.163923855505,13534.159098517815,12958.237189737882,13030.2275390625,14569758
2023-08-21,13174.207782884067,13390.177937584727,12994.231915786022,13318.1884765625,10325826
2023-08-22,13246.199042611634,13390.178860395736,13102.21833901048,13354.1845703125,5170158
2023-08-23,13426.173111004337,13426.173111004337,13210.202956303674,13318.1884765625,7006104
2023-08-24,13318.189016235405,13606.149529443874,13210.203491600843,13534.1591796875,12685554
2023-08-25,13462.168772699517,13570.154296875,13390.178423249195,13570.154296875,4708620
2023-08-28,13642.144474166584,13714.134822708415,13534.158951353838,13678.1396484375,9080190
2023-08-29,13678.1396484375,13750.12999697933,13570.154125624753,13678.1396484375,8738478
2023-08-30,13678.139899081461,14074.0859375,13678.139899081461,14074.0859375,27711054
2023-08-31,14146.076229470702,14182.071404253906,13930.10518077149,14110.0810546875,7483770
2023-09-01,14110.0810546875,14110.0810546875,14110.0810546875,14110.0810546875,0
2023-09-04,14110.0810546875,14110.0810546875,14110.0810546875,14110.0810546875,0
2023-09-05,14182.071346511648,14290.05598460457,14110.080997238352,14146.076171875,11626272
2023-09-06,14146.076057558468,14218.06640625,13786.125199917826,14218.06640625,15054606
2023-09-07,14254.061695784943,14470.03185778781,14074.085822601703,14146.076171875,20637540
2023-09-08,14146.076462822366,14182.07163819934,13966.1005859375,13966.1005859375,7590618
2023-09-11,14038.091568975826,14110.081922972262,13606.15033081428,13642.1455078125,12839148
2023-09-12,13642.144248806024,13822.1201171875,13534.158727777138,13822.1201171875,11372508
2023-09-13,13858.115234375,13930.105586035797,13642.145065209657,13858.115234375,6960618
2023-09-14,13858.114633975065,14038.090505329641,13678.1396484375,13678.1396484375,7121898
2023-09-15,13822.1201171875,13894.109578723093,13714.134596158614,13822.1201171875,6088950
2023-09-18,13822.121392803592,13822.121392803592,13534.159976817844,13642.1455078125,6694632
2023-09-19,13534.158895019551,13750.12993974609,13498.163720898461,13714.134765625,7639380
2023-09-20,13642.144780265313,14110.08117046963,13570.154430108183,14038.0908203125,17997966
2023-09-21,14038.0904468978,14074.08562101889,13714.134765625,13714.134765625,6985818
2023-09-22,13570.154739897178,13642.145091697756,13210.203866711345,13354.1845703125,11235924
2023-09-25,13354.184229485265,13462.16886861308,12958.2373046875,12958.2373046875,7747488
2023-09-26,12958.23774961307,13138.213630700679,12742.267578125,12742.267578125,9074646
2023-09-27,12742.267460728217,12850.252988385892,12526.296405412866,12814.2578125,7246008
2023-09-28,12814.257433584424,13030.227596696519,12418.31139636473,12994.232421875,8049132
2023-09-29,12994.232746756332,13030.227922477803,12814.257753966029,12850.2529296875,5020092
2023-10-02,12850.253347620062,12886.248524512215,12598.287109375,12598.287109375,5251806
2023-10-03,12526.295810463169,12526.295810463169,12022.3642578125,12022.3642578125,9841356
2023-10-04,11878.3846504142,12238.335512526171,11878.3846504142,11950.375,4462290
2023-10-05,12166.345221764012,12166.345221764012,11878.384707845566,11914.3798828125,4203612
2023-10-06,11914.380470849648,12130.350645493485,11878.385294106163,12094.35546875,5596290
2023-10-09,12094.354435706056,12274.330304050773,12022.36408836817,12130.349609375,6182946
2023-10-10,12238.335245030734,12238.335245030734,12058.359375,12058.359375,5409306
2023-10-11,12094.354549006148,12130.349723012294,11986.369912804712,12058.359375,4054554
2023-10-12,12130.349222050234,12382.3154296875,12058.358877011015,12382.3154296875,6580728
2023-10-13,12238.335647488262,12490.300988000161,12202.340472298414,12418.3115234375,9460710
2023-10-16,12382.31688269788,12382.31688269788,12058.360292006515,12094.35546875,5953374
2023-10-17,12094.35493066011,12202.340456086182,11878.384765625,11878.384765625,4320792
2023-10-18,11914.3802358893,11950.375411922934,11482.439009302752,11698.4091796875,6851628
2023-10-19,11698.408315499175,11734.403488873762,11554.428507817815,11626.41796875,3115854
2023-10-20,11590.42336448881,11914.379940767025,11590.42336448881,11878.384765625,3384234
2023-10-23,11878.384823755678,12058.35981452953,11770.399297801145,11842.3896484375,5739552
2023-10-24,11878.385294106163,12130.350645493485,11842.390117362678,12094.35546875,5368608
2023-10-25,12094.354549006148,12166.34489701844,11950.374738798566,12058.359375,5272722
2023-10-26,11806.394101412372,11950.374798152063,11266.467374455542,11518.43359375,8743014
2023-10-27,11518.434243456028,11734.404414930515,11446.443891025512,11662.4140625,2840040
2023-10-30,11662.413404672681,11770.39892722745,11518.43359375,11518.43359375,5403510
2023-10-31,11590.423288621434,11590.423288621434,11374.453125,11374.453125,3698352
2023-11-01,11482.43864971923,11482.43864971923,11230.472425374357,11374.453125,4011084
2023-11-02,11554.4291885992,12022.364698405392,11554.4291885992,11806.39453125,9580788
2023-11-03,11950.374739201457,11986.369913208817,11554.4287109375,11554.4287109375,7226856
2023-11-06,11842.389475621301,12058.359638561673,11662.413601656803,11950.375,5519430
2023-11-07,11878.384707845566,12058.359696863208,11842.389532878631,11914.3798828125,4671702
2023-11-08,11914.379956596667,12598.286513569703,11878.38478140682,12418.3115234375,10848852
2023-11-09,12490.301164551158,12562.29151594844,12274.330996176359,12310.326171875,6909336
2023-11-10,12238.3359375,12454.306993756949,12166.34558541435,12238.3359375,7454412
2023-11-13,12238.335647488262,12418.3115234375,12166.345297108566,12418.3115234375,5333958
2023-11-14,12598.286247295626,12850.252468299068,12418.311260967326,12526.2958984375,15754662
2023-11-15,12562.291697037392,12886.248282995086,12526.29652081987,12742.267578125,12239640
2023-11-16,12670.277463159304,12670.277463159304,12418.312110731318,12598.287109375,6576066
2023-11-17,12598.286812111193,12706.27234023967,12166.34558541435,12238.3359375,9364446
2023-11-20,12022.363704491405,12526.29523394897,11986.369417788765,12382.3154296875,5948712
2023-11-21,12382.31559714421,12526.295403352842,12238.334905118596,12274.330078125,3295530
2023-11-22,12274.330996176359,12382.316523272282,12238.335820477718,12310.326171875,2903292
2023-11-23,12382.3166416713,12526.296460025544,12238.3359375,12238.3359375,8762922
2023-11-24,12274.331113542825,12274.331113542825,12058.360057285874,12238.3359375,4470606
2023-11-27,12202.341273248123,12238.336450800658,11986.37109375,11986.37109375,3923262
2023-11-28,11986.369912804712,12130.349723012294,11878.384390786272,12058.359375,3157056
2023-11-29,12058.359262037113,12202.339956712887,12022.36408836817,12130.349609375,3108294
2023-11-30,12058.360057285874,12310.32628958565,12058.360057285874,12238.3359375,10932516
2023-12-01,12274.330996176359,12346.321347573641,12130.350293381794,12310.326171875,11575368
2023-12-04,12346.32025716789,12562.290406468579,12310.32508464828,12382.3154296875,14060466
2023-12-05,12418.310770150612,12418.310770150612,12274.330078125,12274.330078125,5656896
2023-12-06,12310.325681586684,12670.27653842014,12274.330507321638,12562.291015625,17643276
2023-12-07,12598.286076060182,12670.276423939817,12418.311092178095,12634.28125,18997146
2023-12-08,12598.286189890046,12742.266886950234,12526.295841359954,12562.291015625,5967360
2023-12-11,12562.292112629164,12634.282467445826,12490.3017578125,12490.3017578125,5456052
2023-12-12,12526.296935220831,12562.292112629164,12418.312288812927,12490.3017578125,3043152
2023-12-13,12526.296460025544,12526.296460025544,12238.3359375,12238.3359375,4200840
2023-12-14,12310.325420569854,12382.31576757353,12130.349553060663,12166.3447265625,4193658
2023-12-15,12238.33599652894,12274.33117274538,12130.35046787962,12202.3408203125,4258674
2023-12-18,12166.3447265625,12238.335073566177,12058.359206056986,12166.3447265625,3876138
2023-12-19,12094.355233328699,12238.3359375,12058.360057285874,12238.3359375,3059784
2023-12-20,12166.3447265625,12238.335073566177,12130.349553060663,12166.3447265625,3558996
2023-12-21,12166.3447265625,12166.3447265625,12022.364032555148,12166.3447265625,2641968
2023-12-22,12166.3447265625,12202.339900064339,12058.359206056986,12166.3447265625,2989854
2023-12-25,12166.34455910579,12310.325251131404,12166.34455910579,12274.330078125,3208968
2023-12-26,12310.32628958565,12310.32628958565,12202.340761457175,12238.3359375,2556918
2023-12-27,12238.33640177127,12490.3017578125,12238.33640177127,12490.3017578125,6748182
2023-12-28,12454.306640625,12490.30092983018,12346.321115558369,12454.306640625,4911732
2023-12-29,12526.2958984375,12562.291072866563,12418.311260967326,12526.2958984375,3838968
2024-01-01,12526.2958984375,12526.2958984375,12526.2958984375,12526.2958984375,0
2024-01-02,12562.291279874602,12598.286454896812,12418.31146560279,12454.306640625,8783082
2024-01-03,12418.311204381824,12562.291015625,12310.325681586684,12562.291015625,9014670
2024-01-04,12598.28568767143,13102.217221476325,12526.295342011164,12886.2470703125,38553480
2024-01-05,12886.2478405413,13066.222829632345,12778.262315596456,12958.2373046875,13890870
2024-01-08,13102.218155222336,13102.218155222336,12814.257637876375,12922.2431640625,12766572
2024-01-09,12958.236699434781,12994.231872735136,12742.266545449645,12778.26171875,13234788
2024-01-10,12814.256934504969,13390.177937584727,12778.26176108536,13318.1884765625,30512916
2024-01-11,13318.1884765625,13678.139324941598,13210.202956303674,13318.1884765625,22824396
2024-01-12,13210.203866711345,13534.15956399689,13066.223163110191,13354.1845703125,23813496
2024-01-15,13498.163688303011,13534.158862337179,13174.2080078125,13174.2080078125,8773506
2024-01-16,13102.218192766397,13390.1787109375,13102.218192766397,13390.1787109375,11759958
2024-01-17,13354.18382051709,13462.168456337906,13210.203125,13210.203125,9390780
2024-01-18,13210.203012231,13282.193359375,13102.217491515003,13282.193359375,6764940
2024-01-19,13282.194070258987,13426.173886436018,13246.19889476047,13390.1787109375,7118370
2024-01-22,13390.178652782812,13462.169003467188,13282.194012573285,13426.173828125,11084094
2024-01-23,13426.173886436018,13534.159412931573,13318.189245757505,13390.1787109375,11869452
2024-01-24,13354.183877983343,13354.183877983343,13138.212833778332,13174.2080078125,11563020
2024-01-25,13174.2080078125,13174.2080078125,13174.2080078125,13174.2080078125,0
2024-01-26,13102.217659744163,13318.188703949174,13066.222485709995,13174.2080078125,4911984
2024-01-29,13174.20817976193,13246.198528769883,13066.22265625,13066.22265625,3713850
2024-01-30,13066.222485709995,13282.193529915006,13066.222485709995,13174.2080078125,8847216
2024-01-31,13282.194152528093,13282.194152528093,12814.257753966029,12850.2529296875,11158056
2024-02-01,12850.2529296875,12994.232746756332,12814.257753966029,12850.2529296875,6370434
2024-02-02,12850.2529296875,12850.2529296875,12850.2529296875,12850.2529296875,0
2024-02-05,12598.286273515321,13138.213005257952,12598.286273515321,13066.22265625,23577246
2024-02-06,13138.21306304943,13210.203412374049,13030.2275390625,13030.2275390625,12544686
2024-02-07,13030.227089205631,13390.177937584727,13030.227089205631,13318.1884765625,18490752
2024-02-08,13318.1884765625,13318.1884765625,13318.1884765625,13318.1884765625,0
2024-02-09,13318.1884765625,13318.1884765625,13318.1884765625,13318.1884765625,0
2024-02-12,13318.1884765625,13318.1884765625,13318.1884765625,13318.1884765625,0
2024-02-13,13318.1884765625,13318.1884765625,13318.1884765625,13318.1884765625,0
2024-02-14,13318.1884765625,13318.1884765625,13318.1884765625,13318.1884765625,0
2024-02-15,13426.173597974355,13786.125345225966,13390.178423249195,13570.154296875,32630598
2024-02-16,13606.1494140625,13714.134937781333,13534.15906491661,13606.1494140625,18094860
2024-02-19,13606.149529443874,13642.144704322061,13426.173655052939,13534.1591796875,11061162
2024-02-20,13498.1640625,13570.154412564058,13426.17371243594,13498.1640625,11733876
2024-02-21,13498.164079951051,14038.0908203125,13354.184265453821,14038.0908203125,40058424
2024-02-22,14038.090762569494,14218.066637222024,13822.120598803485,14074.0859375,19711062
2024-02-23,14110.081738842933,14470.032618310866,13750.130859375,13750.130859375,54936000
2024-02-26,13714.134652352428,13894.109635654357,13642.144304704856,13786.125,10333260
2024-02-27,13786.125,13894.109635654357,13570.153957057284,13786.125,19238436
2024-02-28,13858.11524031706,14398.0419921875,13750.130598596612,14398.0419921875,32255748
2024-02-29,14398.042169492286,14578.018050937764,14182.071997574774,14290.056640625,37996434
2024-03-01,14290.056640625,14362.04699320319,14074.086468707486,14290.056640625,17994312
2024-03-04,14326.05121756969,14362.046392352891,14038.090705121096,14110.0810546875,18949518
2024-03-05,14110.081287445393,14110.081287445393,13894.110235183553,13966.1005859375,15489558
2024-03-06,13966.099926075683,14146.075794457161,13750.129769834908,13822.1201171875,12618018
2024-03-07,13930.105586035797,13930.105586035797,13786.125768531252,13858.115234375,11509974
2024-03-08,13858.115106601193,13894.110282099713,13390.1787109375,13390.1787109375,27796860
2024-03-11,13354.18364998211,13534.158631263163,13246.198129723283,13318.1884765625,13901706
2024-03-12,13318.1884765625,13462.168284423944,13282.193303142893,13318.1884765625,10054548
2024-03-13,13318.188791545357,13678.1396484375,13282.19361727444,13678.1396484375,9628668
2024-03-14,13678.139937660146,13714.135112692175,13390.178537403912,13498.1640625,9669618
2024-03-15,13462.168829931126,13678.139879200247,13282.193841357217,13534.1591796875,11337102
2024-03-18,13678.139558473853,13678.139558473853,12742.266805219484,13174.2080078125,17260488
2024-03-19,13174.208122130527,13246.198470823554,13102.2177734375,13102.2177734375,5520312
2024-03-20,13102.218192766397,13498.164237433055,12922.243201090847,13390.1787109375,20131146
2024-03-21,13534.159237532029,13570.154412564058,13318.189073156884,13498.1640625,11568564
2024-03-22,13534.159237532029,13858.11492700326,13426.17371243594,13498.1640625,22636656
2024-03-25,13534.158951353838,13858.114633975065,13462.168602812008,13678.1396484375,22151556
2024-03-26,13678.139478528641,13822.120173823785,13606.14913088107,13786.125,13660416
2024-03-27,13822.1201171875,13858.114405046797,13678.139422482318,13822.1201171875,7596540
2024-03-28,13966.101032728933,14038.091385785934,13678.140506318001,13750.130859375,12767328
2024-03-29,13822.121212432,13822.121212432,13678.140506318001,13750.130859375,7277004
2024-04-01,13678.139937660146,13714.135112692175,13426.17371243594,13498.1640625,12622050
2024-04-02,13426.173597974355,13570.154296875,13174.208260715252,13570.154296875,13050450
2024-04-03,13534.158631263163,13534.158631263163,13282.193303142893,13318.1884765625,10334268
2024-04-04,13318.189571507852,13354.184747886778,13174.208865992146,13246.19921875,14371182
2024-04-05,13102.2177734375,13210.20329647704,13030.227424744473,13102.2177734375,12133422
2024-04-08,13102.218690322068,13390.179219428448,13030.228336591204,13138.2138671875,14698908
2024-04-09,13210.203719261952,13390.1787109375,13066.22301726788,13390.1787109375,5601456
2024-04-10,13426.173282458634,13426.173282458634,13210.203125,13210.203125,5377050
2024-04-11,13030.227255603637,13210.203125,13030.227255603637,13210.203125,8656200
2024-04-12,13210.203604822676,13462.1689453125,13138.213254449289,13462.1689453125,13834926
2024-04-15,13282.194584508808,13426.17440626034,12598.287109375,12598.287109375,15482880
2024-04-16,12598.28601963032,12778.26188852327,12238.335167661426,12670.2763671875,21159684
2024-04-17,12742.267516282494,12742.267516282494,12238.3359375,12238.3359375,7807590
2024-04-18,12238.3359375,12238.3359375,12238.3359375,12238.3359375,0
2024-04-19,12202.34033773327,12310.32586211197,11806.394300828402,11950.375,10660104
2024-04-22,12238.336226270558,12634.282286267153,12094.35551870195,12598.287109375,15918966
2024-04-23,12526.296163190007,12670.276863949399,12346.321173057804,12418.3115234375,7967862
2024-04-24,12634.281615669996,12958.2373046875,12598.286440688382,12958.2373046875,14979006
2024-04-25,12922.2431640625,12958.237453640835,12742.267287085624,12922.2431640625,6229692
2024-04-26,12706.271206161831,12922.242243142633,12706.271206161831,12886.2470703125,3894408
2024-04-29,12886.2470703125,12886.2470703125,12886.2470703125,12886.2470703125,0
2024-04-30,12886.2470703125,12886.2470703125,12886.2470703125,12886.2470703125,0
2024-05-01,12886.2470703125,12886.2470703125,12886.2470703125,12886.2470703125,0
2024-05-02,12886.248342861229,12922.243519245974,12706.2724609375,12706.2724609375,2100420
2024-05-03,12778.262993835759,12886.248524512215,12598.287109375,12598.287109375,9897426
2024-05-06,12742.267460728217,12886.248164271783,12670.277108956434,12814.2578125,5086116
2024-05-07,12850.252065350707,12850.252065350707,12670.276198848938,12778.26171875,3242610
2024-05-08,12742.266545449645,12814.256892050355,12634.281025548584,12778.26171875,5250672
2024-05-09,12814.257320539182,13246.198528769883,12742.266971531228,13066.22265625,19574856
2024-05-10,13102.21788838712,13174.20823771174,12958.237189737882,13030.2275390625,10481940
2024-05-13,13030.227654650731,13210.203529558805,12886.2478405413,12958.2373046875,7361676
2024-05-14,12994.232479669115,13102.21800461396,12886.2478405413,12958.2373046875,5526108
2024-05-15,13102.218155222336,13102.218155222336,12886.247988667124,12922.2431640625,11952612
2024-05-16,13102.217603362182,13246.198298879273,12958.236907845092,13210.203125,12143376
2024-05-17,13246.19921875,13426.174214827568,13138.213689613222,13246.19921875,15288210
2024-05-20,13246.198185803001,13390.177994274005,13246.198185803001,13282.193359375,17339490
2024-05-21,13318.188646637818,13318.188646637818,13102.217603362182,13210.203125,5605362
2024-05-22,13246.198528769883,13282.193703273859,13030.227481746024,13066.22265625,7754040
2024-05-23,13066.222485709995,13174.2080078125,12994.232137641658,13174.2080078125,6376230
2024-05-24,12958.236699434781,13210.20291253726,12670.276198848938,12778.26171875,19653858
2024-05-27,12778.26275434252,12886.248282995086,12634.282049472435,12742.267578125,7295526
2024-05-28,12814.257753966029,12886.24810540897,12742.26740252309,12850.2529296875,5615316
2024-05-29,12886.248282995086,12886.248282995086,12742.267578125,12742.267578125,5896422
2024-05-30,12742.267578125,12778.26275434252,12598.286873254912,12742.267578125,8011584
2024-05-31,12742.267637322246,12814.257990091737,12634.282108168009,12706.2724609375,4896360
2024-06-03,12706.2724609375,12706.2724609375,12706.2724609375,12706.2724609375,0
2024-06-04,13066.22277151804,13102.21794633956,12958.23724705348,12994.232421875,5623884
2024-06-05,12994.232479669115,13066.222829632345,12922.243015522916,12958.2373046875,5109552
2024-06-06,12958.23798286034,13210.204220918364,12922.243691811984,13138.2138671875,10518228
2024-06-07,13174.20823771174,13246.198587036359,13030.2275390625,13030.2275390625,4383918
2024-06-10,13138.212777241455,13390.178108579361,13102.217603362182,13210.203125,16501968
2024-06-11,13246.198470823554,13318.188819516581,13066.222599090986,13102.2177734375,5727582
2024-06-12,13102.217491515003,13318.188532946999,13066.222317943002,13282.193359375,8499330
2024-06-13,13318.188791545357,13750.12999697933,13282.19361727444,13678.1396484375,55439748
2024-06-14,13678.140055520316,13750.130406204691,13426.173828125,13426.173828125,15006852
2024-06-17,13462.169212196313,13462.169212196313,13246.199042611634,13354.1845703125,11620980
2024-06-18,13498.164237433055,13498.164237433055,13318.189245757505,13390.1787109375,9982098
2024-06-19,13462.169212196313,13498.1643880966,13246.199042611634,13354.1845703125,10649520
2024-06-20,13539.14461428162,13539.14461428162,13317.190991091897,13502.15234375,11252052
2024-06-21,13428.16805246973,13576.137137348647,13354.18351003027,13391.17578125,9419004
2024-06-24,13354.18378152853,13391.176053500334,12873.28515625,12873.28515625,12590676
2024-06-25,12984.26171875,13021.253989999821,12873.284905000537,12984.26171875,5283306
2024-06-26,12947.269447500179,12984.26171875,12799.301272855793,12984.26171875,5560002
2024-06-27,12910.27734375,12984.261887209526,12836.292800290474,12910.27734375,3614058
2024-06-28,12762.30867655765,12947.269117741025,12651.3318656347,12725.31640625,6847848
2024-07-01,12725.317062459206,12836.29296875,12688.324790243967,12836.29296875,2901780
2024-07-02,12836.292800290474,13021.25415893929,12836.292800290474,12910.27734375,3441438
2024-07-03,12947.269447500179,13095.238532499463,12910.277176250358,12984.26171875,4370058
2024-07-04,13021.253822974684,13169.222906075951,12984.261552199367,13058.24609375,5976810
2024-07-05,13058.246010709925,13095.23828125,12910.276928549623,13095.23828125,3189942
2024-07-08,13095.23819844384,13354.18318023208,13095.23819844384,13132.23046875,16106454
2024-07-09,13132.231190792247,13317.191642137746,13095.238918452162,13243.2080078125,9773316
2024-07-10,13317.190742921912,13317.190742921912,13021.253494538709,13206.21484375,6208524
2024-07-11,13243.2080078125,13354.183914477831,13132.231190792247,13243.2080078125,11711952
2024-07-12,13243.207923208738,13317.191557061342,13169.223379001216,13280.2001953125,5369238
2024-07-15,13280.1997184019,13317.191078822332,13021.253822974684,13058.24609375,3702510
2024-07-16,13095.238034223226,13354.18301276417,13095.238034223226,13206.21484375,5972652
2024-07-17,13206.21484375,13539.144361975461,13095.238034223226,13206.21484375,13816782
2024-07-18,13280.200044920068,13317.19140625,13095.238686495868,13317.19140625,4626972
2024-07-19,13317.190747412153,13724.105715814194,13243.207118057553,13613.12890625,54037620
2024-07-22,13613.129480939342,13983.05128474834,13539.144938106563,13761.09765625,41199102
2024-07-23,13798.089513551115,13835.081783857275,12799.300946349442,13132.23046875,17876754
2024-07-24,13058.246562689934,13391.176101268864,12947.26974637865,13280.2001953125,20423592
2024-07-25,13095.238116102886,13317.19082618936,13095.238116102886,13169.22265625,9489060
2024-07-26,13243.207113592258,13317.190742921912,13169.222573907742,13206.21484375,7000686
2024-07-29,13317.191238810541,13539.144866128918,13280.19987794571,13391.17578125,16677612
2024-07-30,13391.17594961968,13465.160492989358,13169.223229865547,13317.19140625,6450066
2024-07-31,13354.183426771808,13724.106136662767,13317.191155782712,13428.16796875,27238680
2024-08-01,13465.160076295873,13502.152346835948,12947.2691990897,13095.23828125,17925768
2024-08-02,12947.269117219204,13132.23046875,12836.292306300727,13132.23046875,15128946
2024-08-05,12799.301629042646,12984.262080084047,12429.37890625,12429.37890625,22459374
2024-08-06,12614.34024581349,12947.269785395716,12466.371156952535,12836.29296875,12364002
2024-08-07,12836.292559612095,13021.253914792918,12577.347572713836,12614.33984375,17562762
2024-08-08,12614.340096582833,12725.316911915668,12466.37100947239,12503.36328125,7717122
2024-08-09,12725.316572833814,12836.292474854645,12577.347489666188,12651.33203125,16668540
2024-08-12,12651.331783547117,12799.300863817627,12577.347243411863,12762.30859375,5205186
2024-08-13,12762.30859375,12947.269033733268,12688.324053614744,12762.30859375,9074520
2024-08-14,12836.292306818075,12836.292306818075,12725.31640625,12725.31640625,3427326
2024-08-15,12725.316572833814,12799.301114417625,12651.33203125,12651.33203125,4752846
2024-08-16,12688.324541181157,12984.261802739105,12688.324541181157,12947.26953125,10297602
2024-08-19,12947.26953125,13058.24634571732,12836.29271678268,12947.26953125,10495926
2024-08-20,12947.269447500179,13095.238532499463,12947.269447500179,12984.26171875,11195730
2024-08-21,12984.262101431907,13243.2080078125,12947.269829091822,13243.2080078125,21076272
2024-08-22,13317.19140625,13465.160492989358,13243.207773235228,13317.19140625,10061100
2024-08-23,13317.191642137746,13317.191642137746,13095.238918452162,13243.2080078125,10140480
2024-08-26,13243.207196397114,13465.159906483588,13169.22265625,13169.22265625,14879844
2024-08-27,13169.222739056158,13243.207279668477,13095.23819844384,13132.23046875,5624388
2024-08-28,13169.222739056158,13317.190909925921,13095.23819844384,13132.23046875,10122336
2024-08-29,13132.230304065484,13354.18301276417,13132.230304065484,13206.21484375,9247518
2024-08-30,13206.215735472415,13317.191642137746,13169.22346313233,13243.2080078125,8815968
2024-09-02,13243.2080078125,13243.2080078125,13243.2080078125,13243.2080078125,0
2024-09-03,13243.2080078125,13243.2080078125,13243.2080078125,13243.2080078125,0
2024-09-04,13021.253822974684,13132.230635300633,12947.26928142405,13058.24609375,9557604
2024-09-05,13132.230719285684,13169.22299029758,12984.261635238105,13021.25390625,6129270
2024-09-06,13058.246010709925,13243.207363410302,12984.261469629775,13095.23828125,9332946
2024-09-09,13058.246177261895,13132.230719285684,12984.261635238105,13021.25390625,3821328
2024-09-10,13095.238116102886,13354.183096262917,13095.238116102886,13169.22265625,21276360
2024-09-11,13243.207113592258,13280.199383434516,13095.238034223226,13206.21484375,4958604
2024-09-12,13317.191155782712,13576.137052706385,13243.20752415941,13428.16796875,36387414
2024-09-13,13465.160239739096,13502.152510728192,13354.183426771808,13428.16796875,7702002
2024-09-16,13428.168221304519,13576.137308043877,13243.207773235228,13317.19140625,18015102
2024-09-17,13317.191155782712,13428.16796875,13243.20752415941,13428.16796875,6160266
2024-09-18,13502.15234375,13613.129155344861,13354.183261623517,13502.15234375,20138328
2024-09-19,13539.14461428162,13687.113696408103,13502.15234375,13502.15234375,19145070
2024-09-20,13576.137137348647,13687.113951007834,13354.18351003027,13391.17578125,31341870
2024-09-23,13583.535255615709,13849.878691455091,13539.14453125,13539.14453125,12526395
2024-09-24,13583.535929675454,13672.3173828125,13450.363749969883,13672.3173828125,5607630
2024-09-25,13761.097456141688,13894.269631304156,13716.70764144242,13849.87890625,12324900
2024-09-26,13938.660091931179,14782.08203125,13805.48791929509,14782.08203125,63861630
2024-09-27,15092.817584079774,15270.379576259422,14737.691779010678,15004.0361328125,63295995
2024-09-30,15004.03643401873,15492.332605081489,14959.645707493948,15270.3798828125,39755100
2024-10-01,15270.379104776086,15447.941091473387,15048.426393815742,15181.59765625,31546935
2024-10-02,15314.770853983817,15625.504105440377,15137.207955603064,15536.72265625,34774530
2024-10-03,15625.504105440377,16069.41135139226,15403.550482464436,15536.72265625,54109125
2024-10-04,15714.28620146688,15714.28620146688,15270.379847597673,15314.771484375,21485520
2024-10-07,15492.331931654813,15625.504105440377,15314.770853983817,15536.72265625,17558415
2024-10-08,15714.28545418432,16069.411248675846,15581.11328125,15581.11328125,33631290
2024-10-09,15625.50390625,15714.285354308611,15447.941010132778,15625.50390625,15840615
2024-10-10,15803.067105413933,16025.020729816742,15447.941306369437,15492.33203125,36194760
2024-10-11,15492.331931654813,15536.72265625,15314.770853983817,15536.72265625,13799520
2024-10-14,15625.504205891686,15714.28565565281,15403.550581488877,15492.33203125,14552895
2024-10-15,15625.504205891686,15803.067105413933,15447.941306369437,15492.33203125,15625050
2024-10-16,15447.941207059625,15581.113380845189,15403.550482464436,15536.72265625,9036615
2024-10-17,15581.113557130515,15936.239357909928,15359.161752353159,15891.8486328125,23602530
2024-10-18,15980.630285451592,16069.411736771137,15758.676657152728,15803.0673828125,30993900
2024-10-21,15669.894830035566,15803.06700382113,15536.72265625,15536.72265625,13517280
2024-10-22,15447.941740923747,15803.067549958016,15225.989020632238,15359.162109375,32593260
2024-10-23,15403.55114872106,15758.67696084298,15270.379879530257,15669.8955078125,18902310
2024-10-24,15758.676333578871,15847.457783075462,15137.2080078125,15137.2080078125,19233480
2024-10-25,15225.98854695421,15359.161631553976,15092.817283064205,15137.2080078125,17746575
2024-10-28,15137.208613593073,15270.3798828125,15137.208613593073,15270.3798828125,8315580
2024-10-29,15314.770739394002,15403.550367210344,15181.59765625,15181.59765625,10250520
2024-10-30,15225.98912117526,15314.771484375,15092.817852262939,15314.771484375,11673690
2024-10-31,15225.989020632238,15581.113919311598,15137.208478728582,15359.162109375,20901090
2024-11-01,15270.379271702504,15359.161631553976,15137.2080078125,15137.2080078125,13717200
2024-11-04,15137.208029364992,15181.59784382161,14648.910966793384,14693.30078125,28362285
2024-11-05,14693.30078125,14826.472955684498,14648.910966793384,14693.30078125,9721215
2024-11-06,14826.47313112859,15137.208208486065,14693.300955118244,15048.4267578125,12639270
2024-11-07,15137.208513975738,15137.208513975738,14870.864156579852,14915.2548828125,7178850
2024-11-08,15004.035652310149,15004.035652310149,14693.300582825941,14782.08203125,9098460
2024-11-11,14737.691289160586,14782.082013318768,14205.004419972141,14382.56640625,32228805
2024-11-12,14471.348055346289,14471.348055346289,14249.394431475926,14293.78515625,9742005
2024-11-13,14249.394332319653,14382.566505715173,13938.66017141831,14338.17578125,18195345
2024-11-14,14249.394215502676,14471.347836008963,13983.05078125,13983.05078125,11183970
2024-11-15,13849.87890625,13983.051081412466,13761.097456141688,13849.87890625,17031420
2024-11-18,13849.879077976013,14293.785423666723,13805.488352371452,14205.0048828125,17018715
2024-11-19,14160.614563446617,14249.395106847769,14027.4423828125,14027.4423828125,10457370
2024-11-20,13938.66036601062,14515.738881759376,13938.66036601062,14249.39453125,11944065
2024-11-21,14338.176554096714,14426.9580078125,14249.395100380929,14426.9580078125,6328560
2024-11-22,14382.566605798143,14471.348055346289,14293.78515625,14293.78515625,7167720
2024-11-25,14338.17578125,14426.957230180347,14249.394332319653,14338.17578125,5699925
2024-11-26,14338.17578125,14560.12940357587,14338.17578125,14338.17578125,7762755
2024-11-27,14338.17578125,14471.347954645522,14293.785056784825,14338.17578125,5131245
2024-11-28,14426.9580078125,14648.911642101964,14382.567280954607,14426.9580078125,11782365
2024-11-29,14426.957130408182,14515.738578724546,14382.56640625,14382.56640625,5157600
2024-12-02,14515.738780120362,14604.520229668507,14293.78515625,14293.78515625,7132650
2024-12-03,14338.176149271283,14382.566874875845,14205.0048828125,14205.0048828125,6881385
2024-12-04,14249.395106847769,14249.395106847769,14027.4423828125,14027.4423828125,8411445
2024-12-05,14071.832710733439,14604.5205078125,13983.051259494447,14604.5205078125,12324375
2024-12-06,14648.911642101964,14648.911642101964,14426.9580078125,14426.9580078125,10213455
2024-12-09,14515.739156886235,14648.911334665028,14426.957705033708,14560.1298828125,8839425
2024-12-10,14560.129984047408,14648.911436517223,14515.7392578125,14515.7392578125,5227740
2024-12-11,14560.130085903389,14648.911538994278,14382.567179721611,14471.3486328125,6628545
2024-12-12,14515.7392578125,14782.082704867033,14426.957805342685,14515.7392578125,18225270
2024-12-13,14515.739461528286,14604.520915244071,14426.9580078125,14426.9580078125,4814880
2024-12-16,14426.957130408182,14560.129302882728,14338.175682091818,14382.56640625,10341030
2024-12-17,14382.56640625,14471.347854566364,14338.175682091818,14382.56640625,4478670
2024-12-18,14382.567280954607,14471.348734670393,14293.785827238822,14426.9580078125,5675985
2024-12-19,14249.394698062162,14338.176149271283,14160.61415720794,14205.0048828125,11324670
2024-12-20,14249.394901169473,14249.394901169473,14116.2236328125,14116.2236328125,5851440
2024-12-23,14338.175981419792,14382.566706504687,14205.004716519994,14249.39453125,6585705
2024-12-24,14249.39453125,14338.175981419792,14205.004716519994,14249.39453125,6246660
2024-12-25,14293.785527254915,14959.64550579397,14249.394801328652,14560.1298828125,15251880
2024-12-26,14515.738792358887,14737.6915060615,14515.738792358887,14693.30078125,7205625
2024-12-27,14737.692078207992,15137.208617021513,14693.301351673157,14870.8642578125,29186220
2024-12-30,14915.25420388609,15004.035652310149,14648.910768968783,14782.08203125,7069230
2024-12-31,14782.08203125,14915.25420388609,14648.910768968783,14782.08203125,8326500
2025-01-01,14782.08203125,14782.08203125,14782.08203125,14782.08203125,0
2025-01-02,14826.472955684498,14826.472955684498,14560.129517170386,14693.30078125,5407080
2025-01-03,14648.910751199091,14693.300565002404,14382.56640625,14382.56640625,10157910
2025-01-06,14382.566706504687,14471.34815667448,14205.004716519994,14249.39453125,8158290
2025-01-07,14293.78515625,14426.957330572217,14249.394431475926,14293.78515625,6039075
2025-01-08,14426.957130408182,14515.738578724546,14338.175682091818,14382.56640625,4836930
2025-01-09,14471.348055346289,14471.348055346289,14249.394431475926,14293.78515625,4671135
2025-01-10,14293.785627406767,14426.957806118653,14071.832906575204,14116.2236328125,8785770
2025-01-13,14027.44218033791,14249.394901169473,13938.660727863318,14116.2236328125,7283640
2025-01-14,14116.2236328125,14249.394901169473,14071.832906575204,14116.2236328125,3724875
2025-01-15,14205.0048828125,14293.785423666723,14116.22343160338,14205.0048828125,5980275
2025-01-16,14205.0048828125,14293.785423666723,14116.22343160338,14205.0048828125,5980275
2025-01-17,14249.394332319653,14382.566505715173,14205.004518209355,14338.17578125,4554690
2025-01-20,14426.957705033708,14604.520608738763,14382.566979107443,14560.1298828125,7093905
2025-01-21,14648.910751199091,14648.910751199091,14382.56640625,14382.56640625,5674725
2025-01-22,14471.348055346289,14471.348055346289,14293.78515625,14293.78515625,5398785
2025-01-23,14426.957805342685,14560.129984047408,14293.785626637962,14515.7392578125,6467895
2025-01-24,14471.34833095401,14648.911233431996,14471.34833095401,14604.5205078125,8801835
2025-01-27,14604.5205078125,14604.5205078125,14604.5205078125,14604.5205078125,0
2025-01-28,14604.5205078125,14604.5205078125,14604.5205078125,14604.5205078125,0
2025-01-29,14604.5205078125,14604.5205078125,14604.5205078125,14604.5205078125,0
2025-01-30,14604.5205078125,14604.5205078125,14604.5205078125,14604.5205078125,0
2025-01-31,14604.5205078125,14604.5205078125,14604.5205078125,14604.5205078125,0
2025-02-03,14560.12940357587,14560.12940357587,14293.785056784825,14338.17578125,9315705
2025-02-04,14426.957342735888,14737.6915060615,14338.17589311289,14693.30078125,11483010
2025-02-05,14737.69140625,14826.472855271722,14604.520143072292,14737.69140625,9394350
2025-02-06,14826.472955684498,15004.035854930495,14648.910966793384,14693.30078125,9255645
2025-02-07,14782.082230872998,14915.254405307496,14604.520241981885,14693.30078125,10560795
2025-02-10,14648.91153549324,14959.64571088217,14515.739355888734,14870.8642578125,18585210
2025-02-11,14870.863757604133,15270.379372624306,14870.863757604133,15092.8173828125,44639700
2025-02-12,15181.598227118862,15181.598227118862,14915.254781880247,14959.6455078125,8020320
2025-02-13,14959.645407178863,15048.426858446137,14870.863955911589,15004.0361328125,8346450
2025-02-14,15092.817584079774,15225.988850625785,15004.0361328125,15004.0361328125,10307430
2025-02-17,15004.036233744755,15092.817685609261,14915.254781880247,14959.6455078125,8947050
2025-02-18,14959.645407178863,15137.208309713411,14915.254681545226,15004.0361328125,9688455
2025-02-19,15048.426657770826,15092.8173828125,14959.64520768748,15092.8173828125,9018660
2025-02-20,15092.817118078785,15314.770739394002,15048.426393815742,15181.59765625,17962875
2025-02-21,15225.988647582632,15225.988647582632,15004.035932729154,15092.8173828125,10498740
2025-02-24,15092.817283064205,15225.98854695421,15004.035833567614,15137.2080078125,13511610
2025-02-25,15225.988748804733,15225.988748804733,15004.036032475718,15048.4267578125,15908130
2025-02-26,15181.598023467952,15181.598023467952,15004.036032475718,15048.4267578125,13573560
2025-02-27,15092.817584079774,15137.208309713411,14915.254681545226,15004.0361328125,18964050
2025-02-28,14959.644827994962,15004.035551909948,14826.47265625,14826.47265625,21457905
2025-03-03,14560.129302882728,14604.52002704091,14293.784957933636,14382.56640625,64945965
2025-03-04,14382.56640625,14515.738578724546,14293.784957933636,14382.56640625,21919590
2025-03-05,14426.957330572217,14560.129504894434,14293.78515625,14293.78515625,15845655
2025-03-06,14293.784957933636,14426.957130408182,14249.394233775454,14382.56640625,18355680
2025-03-07,14382.567079107777,14604.520710282315,14382.567079107777,14515.7392578125,19924905
2025-03-10,14515.738578724546,14604.52002704091,14382.56640625,14382.56640625,12685155
2025-03-11,14293.785827238822,14426.9580078125,14249.395100380929,14426.9580078125,9908115
2025-03-12,14426.957230180347,14471.347954645522,14293.785056784825,14338.17578125,9308670
2025-03-13,14338.175981419792,14382.566706504687,14249.39453125,14249.39453125,10447500
2025-03-14,14249.394431475926,14338.175881024072,14205.004617056737,14293.78515625,10729530
2025-03-17,14338.17635287287,14604.520710282315,14249.394900403055,14515.7392578125,15297975
2025-03-18,14560.130188386178,14560.130188386178,14382.567280954607,14426.9580078125,5853750
2025-03-19,14426.957431589584,14471.34815667448,14205.004716519994,14249.39453125,18783870
2025-03-20,14249.394405313942,14293.785130006514,13317.191007479716,13494.75390625,85025535
2025-03-21,13317.190994135572,13494.753892727933,12962.066107305729,13095.23828125,40178985
2025-03-24,13050.848061714658,13272.801693545478,12828.894429883836,12873.28515625,30837030
2025-03-25,12917.675284692796,13317.190893140889,12917.675284692796,13139.62890625,19318110
2025-03-26,13139.629514446986,13184.02024081315,12828.894429883836,12873.28515625,19577670
2025-03-27,12873.284644298361,12962.066093499981,12606.94120704838,12695.72265625,20545035
2025-03-28,12740.113582156677,12784.504307458903,12606.94140625,12606.94140625,10110975
2025-03-31,12606.94120704838,12873.284644298361,12606.94120704838,12695.72265625,12637590
2025-04-01,12784.50410545162,12828.893919697552,12651.331931649189,12695.72265625,8267595
2025-04-02,12695.722756200288,12784.504206100863,12606.941306299714,12651.33203125,12443340
2025-04-03,11896.690696384749,12429.378488967704,11807.91015625,11807.91015625,55060740
2025-04-04,11008.878199256375,11497.17527489145,11008.878199256375,11319.61328125,44809800
2025-04-07,11319.61328125,11319.61328125,11319.61328125,11319.61328125,0
2025-04-08,11008.87802218345,11097.659472753618,10564.9716796875,10564.9716796875,31917585
2025-04-09,9854.722339217316,11053.269244774654,9854.722339217316,10387.41015625,32417070
2025-04-10,11097.6591796875,11097.6591796875,11097.6591796875,11097.6591796875,1341690
2025-04-11,11852.301084262757,11852.301084262757,11319.613282566634,11719.12890625,27413715
2025-04-14,11763.519939910893,11807.910667076118,11497.175576919553,11585.95703125,14055825
2025-04-15,11585.956623917906,11630.347349522466,11319.61318064544,11364.00390625,11747610
2025-04-16,11319.612818307864,11541.565528871126,11319.612818307864,11497.1748046875,8840475
2025-04-17,11452.784749148885,11630.34765625,11408.39493272853,11630.34765625,9901815
2025-04-18,11630.347454241493,11852.301084262757,11630.347454241493,11719.12890625,13035645
2025-04-21,11985.472554495469,12207.426188268126,11896.691100986405,12029.86328125,16753905
2025-04-22,11896.6904296875,12029.86260243654,11541.565546044934,11896.6904296875,25373355
2025-04-23,12163.035564775602,12163.035564775602,11941.081929118598,11985.47265625,8975190
2025-04-24,12029.862502448943,12074.253226329663,11852.300517280923,11941.0810546875,7249935
2025-04-25,12029.86260243654,12074.25332668622,11896.6904296875,11896.6904296875,14740740
2025-04-28,12074.2541105128,12074.2541105128,11896.691201987198,11985.47265625,8875965
2025-04-29,12029.863179869568,12118.644632630434,11985.472453489134,12074.25390625,7365225
2025-04-30,12074.25390625,12074.25390625,12074.25390625,12074.25390625,0
2025-05-01,12074.25390625,12074.25390625,12074.25390625,12074.25390625,0
2025-05-02,12074.25390625,12074.25390625,12074.25390625,12074.25390625,0
2025-05-05,12163.035359010866,12207.4260853913,12029.863179869568,12074.25390625,4718490
2025-05-06,12163.035359010866,12207.4260853913,12029.863179869568,12074.25390625,4718490
2025-05-07,11985.472056783108,12384.98767062856,11985.472056783108,12251.81640625,15427545
2025-05-08,12429.378194279852,12429.378194279852,12251.816207865275,12340.59765625,12761175
2025-05-09,12429.37880487693,12562.55098399614,12384.98807850386,12473.76953125,18003405
2025-05-12,12562.550495827796,13139.62900589809,12518.159771179706,13095.23828125,35992215
2025-05-13,13476.1904296875,14095.23828125,13428.5712890625,14047.619140625,35992215
2025-05-14,13285.7138671875,13285.7138671875,12857.142578125,12952.380859375,19532835
2025-05-15,13000.0,13142.857421875,12952.380859375,13142.857421875,15501675
2025-05-16,13142.857421875,13238.095703125,12904.76171875,13095.23828125,14948010
2025-05-19,12857.142578125,12904.76171875,12761.904296875,12809.5234375,8951880
2025-05-20,12857.142578125,12904.76171875,12761.904296875,12809.5234375,8951880
2025-05-21,12809.5234375,12904.76171875,12714.2861328125,12857.142578125,10996440
2025-05-22,12857.142578125,13095.23828125,12809.5234375,12857.142578125,16171260
2025-05-23,12809.5234375,12857.142578125,12619.0478515625,12666.6669921875,16181025
2025-05-26,12666.6669921875,12761.904296875,12380.9521484375,12714.2861328125,9542715
2025-05-27,12666.6669921875,12761.904296875,12380.9521484375,12714.2861328125,9542715
2025-05-28,12714.2861328125,12809.5234375,12380.9521484375,12714.2861328125,11729025
2025-05-29,12761.904296875,12857.142578125,12666.6669921875,12714.2861328125,8934240
2025-05-30,12761.904296875,12809.5234375,12714.2861328125,12761.904296875,7377510
2025-06-02,12285.7138671875,12523.8095703125,12142.857421875,12476.1904296875,22719795
2025-06-03,12285.7138671875,12523.8095703125,12142.857421875,12476.1904296875,22719795
2025-06-04,12523.8095703125,535.7142944335938,12523.8095703125,12619.0478515625,7938630
2025-06-05,12523.8095703125,535.7142944335938,12523.8095703125,12619.0478515625,7938630
2025-06-06,12571.4287109375,12571.4287109375,12476.1904296875,12523.8095703125,5017635
2025-06-09,12476.1904296875,12523.8095703125,12380.9521484375,12428.5712890625,5927460
2025-06-10,12476.1904296875,12523.8095703125,12380.9521484375,12428.5712890625,5927460
2025-06-11,12428.5712890625,12523.8095703125,12380.9521484375,12428.5712890625,4821285
2025-06-12,12476.1904296875,12714.2861328125,12428.5712890625,12619.0478515625,9659265
2025-06-13,12619.0478515625,12714.2861328125,12571.4287109375,12666.6669921875,7709205
2025-06-16,12571.4287109375,12714.2861328125,12523.8095703125,12666.6669921875,9055515
2025-06-17,12571.4287109375,12714.2861328125,12523.8095703125,12666.6669921875,9055515
2025-06-18,12761.904296875,13047.619140625,12714.2861328125,12857.142578125,16546005
2025-06-19,12904.76171875,12904.76171875,12714.2861328125,12761.904296875,5510610
2025-06-20,12761.904296875,12857.142578125,12714.2861328125,12761.904296875,5018790
2025-06-23,12571.4287109375,12666.6669921875,12523.8095703125,12666.6669921875,7202055
2025-06-24,12571.4287109375,12666.6669921875,12523.8095703125,12666.6669921875,7202055
2025-06-25,12761.904296875,12761.904296875,12619.0478515625,12619.0478515625,6393765
2025-06-26,12666.6669921875,12857.142578125,12619.0478515625,12761.904296875,12185880
2025-06-27,12761.904296875,12809.5234375,12666.6669921875,12714.2861328125,5100900
2025-06-30,12809.5234375,12904.76171875,12761.904296875,12809.5234375,13388340
2025-07-01,12809.5234375,12904.76171875,12761.904296875,12809.5234375,13388340
2025-07-02,12904.76171875,12952.380859375,12809.5234375,12904.76171875,13752165
2025-07-03,12904.76171875,13000.0,12857.142578125,12952.380859375,10244010
2025-07-04,13000.0,13285.7138671875,12904.76171875,13095.23828125,28615020
2025-07-07,13095.23828125,13523.8095703125,13095.23828125,13476.1904296875,27563130
2025-07-08,13095.23828125,13523.8095703125,13095.23828125,13476.1904296875,27563130
2025-07-09,13285.7138671875,13476.1904296875,13238.095703125,13333.3330078125,34167420
2025-07-10,13428.5712890625,14238.095703125,13380.9521484375,14190.4765625,65137590
2025-07-11,14285.7138671875,14333.3330078125,14000.0,14142.857421875,17948490
2025-07-14,14142.857421875,14190.4765625,13857.142578125,14190.4765625,21693000
2025-07-15,14142.857421875,14190.4765625,13857.142578125,14190.4765625,21693000
2025-07-16,14238.095703125,14380.9521484375,14047.619140625,14047.619140625,20456520
2025-07-17,14000.0,14190.4765625,14000.0,14190.4765625,16724295
2025-07-18,14285.7138671875,14428.5712890625,14095.23828125,14190.4765625,20256705
2025-07-21,14523.8095703125,14571.4287109375,14333.3330078125,14380.9521484375,22322265
2025-07-22,14523.8095703125,14571.4287109375,14333.3330078125,14380.9521484375,22322265
2025-07-23,14333.3330078125,14714.2861328125,14142.857421875,14571.4287109375,29939805
2025-07-24,14714.2861328125,14809.5234375,14523.8095703125,14666.6669921875,28453005
2025-07-25,14666.6669921875,15142.857421875,14666.6669921875,14857.142578125,30268245
2025-07-28,14904.76171875,15714.2861328125,14857.142578125,15666.6669921875,44199120
2025-07-29,14904.76171875,15714.2861328125,14857.142578125,15666.6669921875,44199120
2025-07-30,15809.5234375,15809.5234375,14571.4287109375,14571.4287109375,51222465
2025-07-31,14666.6669921875,15238.095703125,14571.4287109375,15142.857421875,29777895
2025-08-01,15285.7138671875,15333.3330078125,14714.2861328125,14952.380859375,20563410
2025-08-04,14761.904296875,15952.380859375,14761.904296875,15952.380859375,61037025
2025-08-05,14761.904296875,15952.380859375,14761.904296875,15952.380859375,61037025
2025-08-06,16619.046875,17047.619140625,16047.619140625,16761.904296875,100373490
2025-08-07,17238.095703125,17904.76171875,16952.380859375,17333.333984375,55366080
2025-08-08,17476.19140625,18523.80859375,17142.857421875,18523.80859375,77337330
2025-08-11,18476.19140625,18761.904296875,17952.380859375,18619.046875,63962115
2025-08-12,18476.19140625,18761.904296875,17952.380859375,18619.046875,63962115
2025-08-13,18761.904296875,18857.142578125,18047.619140625,18285.71484375,43448370
2025-08-14,18285.71484375,18571.427734375,17666.666015625,18238.095703125,45281565
2025-08-15,18238.095703125,19380.953125,18238.095703125,18857.142578125,75228090
2025-08-18,18571.427734375,19619.046875,18333.333984375,19190.4765625,52932810
2025-08-19,18571.427734375,19619.046875,18333.333984375,19190.4765625,52932810
2025-08-20,19333.333984375,20238.095703125,19190.4765625,20238.095703125,74125590
2025-08-21,20476.19140625,20523.80859375,18857.142578125,19666.666015625,58687545
2025-08-22,20000.0,21000.0,19666.666015625,21000.0,120216285
2025-08-25,20571.427734375,20761.904296875,19142.857421875,19142.857421875,62461560
2025-08-26,20571.427734375,20761.904296875,19142.857421875,19142.857421875,62461560
2025-08-27,18571.427734375,20047.619140625,18380.953125,19952.380859375,51952740
2025-08-28,20285.71484375,20619.046875,19095.23828125,19238.095703125,56975625
2025-08-29,19523.80859375,20000.0,19190.4765625,19809.5234375,40196730
2025-09-01,19809.5234375,19809.5234375,19809.5234375,19809.5234375,0
2025-09-02,19809.5234375,19809.5234375,19809.5234375,19809.5234375,0
2025-09-03,19952.380859375,20142.857421875,19714.28515625,20047.619140625,28686525
2025-09-04,19952.380859375,20142.857421875,19714.28515625,20047.619140625,28686525
2025-09-05,20333.333984375,20666.666015625,20047.619140625,20476.19140625,39776940
2025-09-08,19238.095703125,19571.427734375,18428.572265625,18428.572265625,56910210
2025-09-09,19238.095703125,19571.427734375,18428.572265625,18428.572265625,56910210
2025-09-10,18523.80859375,18666.666015625,18142.857421875,18523.80859375,22945440
2025-09-11,18619.046875,18809.5234375,18190.4765625,18285.71484375,21214410
2025-09-12,18238.095703125,18761.904296875,17523.80859375,18714.28515625,34732005
2025-09-15,18714.28515625,18714.28515625,18714.28515625,18714.28515625,0
2025-09-16,18619.046875,18952.380859375,18523.80859375,18857.142578125,13750800
2025-09-17,19000.0,19095.23828125,18571.427734375,18714.28515625,15625155
2025-09-18,18714.28515625,18761.904296875,18380.953125,18380.953125,11275005
2025-09-19,18380.953125,18523.80859375,17809.5234375,17952.380859375,19431615
2025-09-22,17809.5234375,18095.23828125,17333.333984375,18095.23828125,21799260
2025-09-23,17809.5234375,18095.23828125,17333.333984375,18095.23828125,21799260
2025-09-24,18047.619140625,18285.71484375,17857.142578125,18285.71484375,12665940
2025-09-25,18238.095703125,18714.28515625,17761.904296875,18714.28515625,31359615
2025-09-26,18714.28515625,18761.904296875,18428.572265625,18476.19140625,9648135
2025-09-29,17904.76171875,18190.4765625,17761.904296875,17952.380859375,7695870
2025-09-30,17904.76171875,18190.4765625,17761.904296875,17952.380859375,7695870
2025-10-01,18000.0,18095.23828125,17523.80859375,17952.380859375,12321330
2025-10-02,17952.380859375,18619.046875,17904.76171875,18380.953125,20769105
2025-10-03,18380.953125,18619.046875,17904.76171875,17904.76171875,11735220
2025-10-06,18142.857421875,19000.0,17904.76171875,18904.76171875,26872125
2025-10-07,18142.857421875,19000.0,17904.76171875,18904.76171875,26872125
2025-10-08,19000.0,19000.0,18428.572265625,18428.572265625,13188210
2025-10-09,18761.904296875,18761.904296875,18190.4765625,18523.80859375,22316490
2025-10-10,18619.046875,19095.23828125,18476.19140625,19047.619140625,44966670
2025-10-13,18380.953125,18619.046875,18333.333984375,18523.80859375,19213740
2025-10-14,18380.953125,18619.046875,18333.333984375,18523.80859375,19213740
2025-10-15,18571.427734375,18857.142578125,18142.857421875,18285.71484375,43152795
2025-10-16,18285.71484375,18904.76171875,18285.71484375,18761.904296875,29951355
2025-10-17,18904.76171875,18904.76171875,18571.427734375,18809.5234375,17983140
2025-10-20,18333.333984375,18333.333984375,17095.23828125,17095.23828125,27656055
2025-10-21,18333.333984375,18333.333984375,17095.23828125,17095.23828125,27656055
2025-10-22,16952.380859375,17523.80859375,16190.4765625,17333.333984375,24456600
2025-10-23,17476.19140625,17523.80859375,16714.28515625,17285.71484375,8561070
2025-10-24,17333.333984375,17380.953125,16952.380859375,16952.380859375,9603405
2025-10-27,17142.857421875,17190.4765625,16714.28515625,16714.28515625,7506870
2025-10-28,17142.857421875,17190.4765625,16714.28515625,16714.28515625,7506870
2025-10-29,16666.666015625,17095.23828125,16619.046875,17095.23828125,9319590
2025-10-30,18000.0,18400.0,17900.0,18150.0,10934100
2025-10-31,17500.0,17500.0,17150.0,17150.0,5633500
2025-11-03,16800.0,17300.0,16650.0,16650.0,20592700
2025-11-04,16650.0,17450.0,16550.0,17250.0,16470600
2025-11-05,16650.0,17450.0,16550.0,17250.0,16470600
2025-11-06,16900.0,17150.0,16750.0,16900.0,4174700
2025-11-07,16800.0,16950.0,16350.0,16500.0,8560700
2025-11-10,16500.0,16800.0,16450.0,16500.0,5423200
2025-11-11,16550.0,16900.0,16450.0,16900.0,4332600
2025-11-12,16900.0,17300.0,16750.0,17300.0,10048700
2025-11-13,17200.0,17250.0,16950.0,16950.0,4498500
2025-11-14,16950.0,17000.0,16800.0,16950.0,4315300
2025-11-17,17000.0,17200.0,16900.0,17150.0,4670500
2025-11-18,17150.0,17600.0,17100.0,17600.0,13307100
2025-11-19,17600.0,17600.0,17150.0,17150.0,4219000
2025-11-20,17200.0,17300.0,17000.0,17250.0,4211000
2025-11-21,17050.0,17250.0,16850.0,17250.0,5447600
2025-11-24,17250.0,17300.0,17000.0,17250.0,6498000
2025-11-25,17100.0,17250.0,16850.0,16950.0,5087000
2025-11-26,16900.0,17450.0,16900.0,17400.0,6895100
2025-11-27,17400.0,17800.0,17300.0,17350.0,8297800
2025-11-28,17350.0,17400.0,17000.0,17300.0,3772500
2025-12-01,17200.0,17250.0,17000.0,17000.0,4157400
2025-12-02,17000.0,17150.0,16850.0,17100.0,6543900
2025-12-03,17150.0,17650.0,17150.0,17350.0,17159000
2025-12-04,17150.0,17650.0,17150.0,17350.0,17159000
2025-12-05,17700.0,17750.0,17250.0,17400.0,7624600
2025-12-08,17350.0,17450.0,17150.0,17200.0,4425100
2025-12-09,17150.0,17250.0,16700.0,16900.0,16834200
2025-12-10,16900.0,17100.0,16900.0,16900.0,2980100
2025-12-11,16950.0,17050.0,16750.0,16800.0,6528300
2025-12-12,16800.0,16900.0,16350.0,16350.0,9135900
2025-12-15,16300.0,16500.0,16250.0,16350.0,7333700
2025-12-16,16350.0,16800.0,15900.0,16800.0,10785400
2025-12-17,16700.0,16900.0,16500.0,16500.0,4972400
2025-12-18,16700.0,16900.0,16500.0,16500.0,4972400
2025-12-19,16750.0,16850.0,16650.0,16850.0,3947500
2025-12-22,16950.0,17400.0,16800.0,17300.0,12313500
2025-12-23,17400.0,17650.0,16950.0,17350.0,11798600
2025-12-24,17350.0,17600.0,17100.0,17400.0,5933400
2025-12-25,17350.0,17600.0,17100.0,17400.0,5933400
2025-12-26,16900.0,17150.0,16600.0,16950.0,7454900
2025-12-29,17000.0,17150.0,16900.0,16900.0,4987800
2025-12-30,17000.0,17300.0,16950.0,17150.0,9182200
2025-12-31,17250.0,17250.0,17100.0,17100.0,4734200
2026-01-01,17100.0,17100.0,17100.0,17100.0,0
2026-01-02,17100.0,17100.0,17100.0,17100.0,0
2026-01-05,17150.0,17200.0,16550.0,16600.0,9746200
2026-01-06,16750.0,17150.0,16550.0,17050.0,9984600
2026-01-07,17200.0,17650.0,17100.0,17450.0,24298100
2026-01-08,17500.0,18150.0,17300.0,17650.0,28555100
2026-01-09,17900.0,18000.0,17500.0,17600.0,23633700
2026-01-12,17600.0,18400.0,17550.0,18200.0,31613600
2026-01-13,18300.0,18500.0,17850.0,17900.0,25027900
2026-01-14,17950.0,17950.0,17500.0,17500.0,16879600
2026-01-15,17500.0,17650.0,17300.0,17400.0,9922700
2026-01-16,17650.0,17700.0,17350.0,17400.0,8678500
2026-01-19,17400.0,17500.0,17300.0,17350.0,5048400
2026-01-20,17400.0,17800.0,17400.0,17450.0,19291000
2026-01-21,17300.0,17450.0,17100.0,17200.0,7502100
2026-01-22,17200.0,17600.0,17200.0,17400.0,7320300
2026-01-23,17400.0,17500.0,17200.0,17250.0,6045100
2026-01-26,17150.0,17250.0,16800.0,17100.0,9056800
2026-01-27,17050.0,17250.0,17000.0,17200.0,7435400
2026-01-28,17250.0,17250.0,16850.0,16900.0,6350500
2026-01-29,16900.0,17100.0,16700.0,16700.0,5243000
2026-01-30,16800.0,17200.0,16650.0,17200.0,6437600
2026-02-02,17200.0,17350.0,17000.0,17000.0,7436300
2026-02-03,17200.0,17350.0,16950.0,17150.0,8592700
2026-02-04,17150.0,17450.0,17100.0,17400.0,8474000
2026-02-05,17400.0,17550.0,17100.0,17100.0,5380800
2026-02-06,17050.0,17100.0,16750.0,16800.0,8877300
2026-02-09,16900.0,17000.0,16750.0,16800.0,4925200
2026-02-10,16700.0,17000.0,16650.0,16800.0,4365300
2026-02-11,16800.0,17350.0,16800.0,17350.0,9392200
2026-02-12,17450.0,17500.0,17150.0,17150.0,4649600
2026-02-13,17150.0,17500.0,17100.0,17500.0,5366800
2026-02-16,17500.0,17500.0,17500.0,17500.0,0
2026-02-17,17500.0,17500.0,17500.0,17500.0,0
2026-02-18,17500.0,17500.0,17500.0,17500.0,0
2026-02-19,17500.0,17500.0,17500.0,17500.0,0
2026-02-20,17500.0,17500.0,17500.0,17500.0,0
2026-02-23,17600.0,18050.0,17400.0,18000.0,34774400
2026-02-24,18000.0,18350.0,17650.0,18050.0,34910600
2026-02-25,18250.0,18700.0,18050.0,18650.0,50381300
2026-02-26,18800.0,18800.0,18150.0,18350.0,20461500
2026-02-27,18450.0,18700.0,18250.0,18400.0,17459800
2026-03-02,17900.0,18450.0,17800.0,17800.0,38690700
2026-03-03,17900.0,18450.0,17800.0,17800.0,38690700
2026-03-04,17550.0,17800.0,16600.0,17300.0,30118900
2026-03-05,17500.0,17700.0,17050.0,17050.0,18616900
2026-03-06,17000.0,17250.0,16850.0,16850.0,14312800
2026-03-09,15800.0,16500.0,15700.0,15700.0,28431800
2026-03-10,16100.0,16350.0,15700.0,16000.0,22268300
2026-03-11,16050.0,16700.0,16000.0,16450.0,21018900
2026-03-12,16200.0,16450.0,15950.0,16050.0,13103500
2026-03-13,16100.0,16200.0,15850.0,16000.0,11262700
2026-03-16,16100.0,16200.0,15950.0,16000.0,6987300
2026-03-17,16150.0,16350.0,16100.0,16100.0,6385100
2026-03-18,16200.0,16350.0,15900.0,16050.0,8612200
2026-03-19,15850.0,16100.0,15750.0,16000.0,11842100
2026-03-20,15900.0,16000.0,15800.0,15800.0,4820600
2026-03-23,15600.0,15750.0,15100.0,15100.0,11931000
2026-03-24,15500.0,15950.0,15350.0,15800.0,11898000
2026-03-25,15850.0,16200.0,15800.0,16150.0,11989200
2026-03-26,16150.0,16150.0,15900.0,15900.0,6802600
2026-03-27,15900.0,16300.0,15900.0,16250.0,9247800
2026-03-30,15900.0,16200.0,15850.0,15950.0,5128400
2026-03-31,16050.0,16500.0,16000.0,16300.0,11363300
2026-04-01,16550.0,16750.0,16300.0,16350.0,11594500
2026-04-02,16250.0,16250.0,15950.0,16000.0,5650100
2026-04-03,16150.0,16150.0,15950.0,16000.0,4118600
2026-04-06,16000.0,16100.0,15850.0,15850.0,4698000
2026-04-07,15950.0,16000.0,15550.0,15750.0,9187900
2026-04-08,16200.0,16600.0,16150.0,16500.0,17311600
2026-04-09,16450.0,16450.0,16250.0,16250.0,5397600
2026-04-10,16400.0,16900.0,16300.0,16300.0,8878700
2026-04-13,16200.0,16500.0,16100.0,16350.0,7939500
2026-04-14,16500.0,16700.0,16400.0,16450.0,8610800
2026-04-15,16450.0,16600.0,16350.0,16400.0,6809100
2026-04-16,16400.0,16450.0,16200.0,16250.0,6088700
2026-04-17,16250.0,16400.0,16200.0,16250.0,6009400
2026-04-20,16250.0,16500.0,16250.0,16400.0,6485400
2026-04-21,16450.0,16500.0,16250.0,16250.0,6860400
2026-04-22,16350.0,16350.0,16150.0,16300.0,5312400
2026-04-23,16300.0,16650.0,16250.0,16300.0,7412000
2026-04-24,16350.0,16450.0,16250.0,16300.0,4051000
2026-04-27,16300.0,16300.0,16300.0,16300.0,0
2026-04-28,16300.0,16400.0,16250.0,16250.0,4413200
2026-04-29,16250.0,16400.0,16150.0,16250.0,4029500
2026-04-30,16250.0,16250.0,16250.0,16250.0,0
2026-05-01,16250.0,16250.0,16250.0,16250.0,0
2026-05-04,16250.0,16450.0,16250.0,16300.0,6862500
2026-05-05,16250.0,16300.0,15950.0,16250.0,11225300
2026-05-06,16200.0,16300.0,16000.0,16250.0,7676800
2026-05-07,16250.0,16350.0,16050.0,16050.0,10346200
2026-05-08,16050.0,16200.0,15950.0,16000.0,12442900
2026-05-11,16100.0,16100.0,15750.0,15750.0,12446900
2026-05-12,15800.0,15850.0,15500.0,15800.0,11282100
2026-05-13,15800.0,15850.0,15550.0,15600.0,7045100
2026-05-14,15700.0,16000.0,15600.0,15850.0,11037200
2026-05-15,15900.0,15950.0,15700.0,15700.0,2817200
2026-05-18,15700.0,15700.0,15500.0,15500.0,7794500
2026-05-19,15650.0,15700.0,15350.0,15350.0,8041100
2026-05-20,15450.0,15650.0,15150.0,15500.0,13707400
2026-05-21,15600.0,15650.0,15500.0,15600.0,5920600
2026-05-22,15600.0,15600.0,15400.0,15550.0,4716400
2026-05-25,15600.0,15700.0,15500.0,15600.0,4907800
2026-05-26,15600.0,15900.0,15600.0,15800.0,10799100
2026-05-27,15850.0,16300.0,15800.0,16250.0,22070600
2026-05-28,16250.0,16250.0,15900.0,15900.0,7024400
2026-05-29,15900.0,16150.0,15850.0,15900.0,10467100
2026-06-01,16000.0,16050.0,15700.0,15700.0,7151500
2026-06-02,15750.0,15800.0,15550.0,15600.0,7023600
