Date,Open,High,Low,Close,Volume
2016-06-06,1762.710205078125,1790.6897464668734,1762.710205078125,1762.710205078125,7410843
2016-06-07,1762.710205078125,1790.6897464668734,1734.7306636893766,1762.710205078125,6440724
2016-06-08,1762.7100364826838,1790.6895751953125,1762.7100364826838,1790.6895751953125,9574761
2016-06-09,1790.6895751953125,1790.6895751953125,1762.7100364826838,1790.6895751953125,3279714
2016-06-10,1790.6897464668734,1818.6692878556219,1762.710205078125,1762.710205078125,5471437
2016-06-13,1762.710205078125,1790.6897464668734,1762.710205078125,1762.710205078125,7754232
2016-06-14,1762.710205078125,1790.6897464668734,1734.7306636893766,1762.710205078125,3855178
2016-06-15,1762.710205078125,1790.6897464668734,1734.7306636893766,1762.710205078125,4560941
2016-06-16,1762.7101310337528,1762.7101310337528,1734.7305908203125,1734.7305908203125,3391850
2016-06-17,1762.7101310337528,1762.7101310337528,1734.7305908203125,1734.7305908203125,5564540
2016-06-20,1706.7511223006284,1762.710205078125,1706.7511223006284,1762.710205078125,2340574
2016-06-21,1762.7101310337528,1762.7101310337528,1734.7305908203125,1734.7305908203125,1434662
2016-06-22,1734.7305908203125,1762.7101310337528,1706.751050606872,1734.7305908203125,1659101
2016-06-23,1734.7306636893766,1762.710205078125,1734.7306636893766,1762.710205078125,4475828
2016-06-24,1762.7101806343148,1762.7101806343148,1650.7921294329365,1706.7510986328125,14666475
2016-06-27,1706.751050606872,1734.7305908203125,1650.7920829816146,1734.7305908203125,4081863
2016-06-28,1734.7306636893766,1762.710205078125,1678.77158091188,1762.710205078125,3359929
2016-06-29,1734.7305908203125,1734.7305908203125,1706.751050606872,1734.7305908203125,1733980
2016-06-30,1734.7306396335637,1734.7306396335637,1678.7715576320613,1706.7510986328125,2125134
2016-07-01,1706.7510986328125,1734.7306396335637,1678.7715576320613,1706.7510986328125,942072
2016-07-04,1734.7306396335637,1734.7306396335637,1706.7510986328125,1706.7510986328125,876069
2016-07-05,1706.751050606872,1762.7101310337528,1706.751050606872,1734.7305908203125,4452713
2016-07-06,1734.7306636893766,1790.6897464668734,1734.7306636893766,1762.710205078125,3670466
2016-07-07,1762.7100364826838,1790.6895751953125,1734.7304977700549,1790.6895751953125,5018975
2016-07-08,1790.6897464668734,1790.6897464668734,1734.7306636893766,1762.710205078125,2645612
2016-07-11,1734.7305908203125,1762.7101310337528,1706.751050606872,1734.7305908203125,4791368
2016-07-12,1734.7306396335637,1734.7306396335637,1706.7510986328125,1706.7510986328125,983993
2016-07-13,1734.7305908203125,1762.7101310337528,1706.751050606872,1734.7305908203125,3830896
2016-07-14,1734.7306636893766,1762.710205078125,1734.7306636893766,1762.710205078125,5085636
2016-07-15,1762.710205078125,1762.710205078125,1734.7306636893766,1762.710205078125,4020004
2016-07-18,1762.7101310337528,1762.7101310337528,1706.751050606872,1734.7305908203125,4923881
2016-07-19,1734.7305908203125,1762.7101310337528,1706.751050606872,1734.7305908203125,1649326
2016-07-20,1734.7306396335637,1734.7306396335637,1706.7510986328125,1706.7510986328125,4278282
2016-07-21,1734.7306396335637,1734.7306396335637,1678.7715576320613,1706.7510986328125,1224959
2016-07-22,1706.7510986328125,1734.7306396335637,1678.7715576320613,1706.7510986328125,1872335
2016-07-25,1706.7510986328125,1706.7510986328125,1678.7715576320613,1706.7510986328125,1297446
2016-07-26,1706.7510986328125,1706.7510986328125,1678.7715576320613,1706.7510986328125,1042407
2016-07-27,1706.7510986328125,1734.7306396335637,1678.7715576320613,1706.7510986328125,4448254
2016-07-28,1678.771484375,1678.771484375,1650.792057396822,1678.771484375,6366933
2016-07-29,1678.771484375,1706.7510241547996,1650.792057396822,1678.771484375,3748650
2016-08-01,1678.7714180604394,1678.7714180604394,1650.7919921875,1650.7919921875,2049946
2016-08-02,1650.7920884238636,1650.7920884238636,1594.8330078125,1594.8330078125,5941635
2016-08-03,1594.8330078125,1622.8125481181817,1594.8330078125,1594.8330078125,1219477
2016-08-04,1622.812597954871,1622.812597954871,1566.853515625,1566.853515625,5943062
2016-08-05,1566.853441203161,1594.8329810391344,1538.8739013671875,1538.8739013671875,5467841
2016-08-08,1538.8739498980406,1566.8534906163936,1454.9353277429814,1510.8944091796875,11095548
2016-08-09,1482.9148684613344,1538.8739498980406,1454.9353277429814,1510.8944091796875,9476431
2016-08-10,1510.8944091796875,1538.8739498980406,1454.9353277429814,1510.8944091796875,9909008
2016-08-11,1510.894433295129,1566.853515625,1510.894433295129,1566.853515625,7680486
2016-08-12,1566.853515625,1594.8330567899357,1538.8739744600646,1566.853515625,10141493
2016-08-15,1566.853441203161,1566.853441203161,1538.8739013671875,1538.8739013671875,9892419
2016-08-16,1566.853441203161,1566.853441203161,1510.8943615312141,1538.8739013671875,9879152
2016-08-17,1594.8330567899357,1594.8330567899357,1510.894433295129,1566.853515625,8994341
2016-08-18,1538.8739498980406,1566.8534906163936,1510.8944091796875,1510.8944091796875,3482055
2016-08-19,1510.8944091796875,1538.8739498980406,1482.9148684613344,1510.8944091796875,2306461
2016-08-22,1510.8943342526904,1510.8943342526904,1482.914794921875,1482.914794921875,2406129
2016-08-23,1482.914794921875,1510.8943342526904,1482.914794921875,1482.914794921875,4359502
2016-08-24,1454.9353277429814,1538.8739498980406,1454.9353277429814,1510.8944091796875,4106048
2016-08-25,1538.8739498980406,1538.8739498980406,1482.9148684613344,1510.8944091796875,2010261
2016-08-26,1510.8943615312141,1538.8739013671875,1510.8943615312141,1538.8739013671875,2104929
2016-08-29,1538.8739498980406,1566.8534906163936,1510.8944091796875,1510.8944091796875,5961867
2016-08-30,1510.8944091796875,1510.8944091796875,1482.9148684613344,1510.8944091796875,1996017
2016-08-31,1482.914794921875,1510.8943342526904,1482.914794921875,1482.914794921875,3253725
2016-09-01,1482.914842971793,1482.914842971793,1454.935302734375,1454.935302734375,2279105
2016-09-05,1454.9353611768724,1482.9149025381853,1426.9559326171875,1426.9559326171875,5815513
2016-09-06,1426.9558752985802,1482.914842971793,1426.9558752985802,1454.935302734375,6992484
2016-09-07,1454.935302734375,1482.914842971793,1454.935302734375,1454.935302734375,1385885
2016-09-08,1482.914794921875,1510.8943342526904,1482.914794921875,1482.914794921875,4718528
2016-09-09,1482.914842971793,1482.914842971793,1426.9558752985802,1454.935302734375,5312318
2016-09-12,1426.9558582627571,1454.9352853645173,1398.976318359375,1398.976318359375,9509461
2016-09-13,1398.9763912558747,1426.9559326171875,1398.9763912558747,1426.9559326171875,3606417
2016-09-14,1398.976318359375,1426.9558582627571,1370.9967784559929,1398.976318359375,6084439
2016-09-15,1398.976367049051,1398.976367049051,1343.017285294699,1370.996826171875,8233647
2016-09-16,1370.9967217043013,1370.9967217043013,1287.05810546875,1287.05810546875,80103805
2016-09-19,1315.0376725656504,1370.9967512624746,1315.0376725656504,1343.0172119140625,13177847
2016-09-20,1343.0172119140625,1370.9967512624746,1343.0172119140625,1343.0172119140625,6163436
2016-09-21,1370.9967512624746,1370.9967512624746,1315.0376725656504,1343.0172119140625,12132899
2016-09-22,1370.996800430235,1370.996800430235,1315.0377197265625,1315.0377197265625,9576842
2016-09-23,1315.0377197265625,1343.0172600783987,1287.0581793747263,1315.0377197265625,8714086
2016-09-26,1315.0376442139338,1343.0171829591175,1287.05810546875,1287.05810546875,10403507
2016-09-27,1287.05810546875,1315.0376442139338,1259.0785667235662,1287.05810546875,8151457
2016-09-28,1259.0787353515625,1315.0378203365117,1259.0787353515625,1259.0787353515625,4851348
2016-09-29,1259.0785667235662,1315.0376442139338,1259.0785667235662,1287.05810546875,16865269
2016-09-30,1287.05810546875,1315.0376442139338,1259.0785667235662,1287.05810546875,4448865
2016-10-03,1287.05810546875,1315.0376442139338,1259.0785667235662,1287.05810546875,3613838
2016-10-04,1287.058277844037,1287.058277844037,1259.0787353515625,1259.0787353515625,2436926
2016-10-05,1287.05810546875,1315.0376442139338,1259.0785667235662,1287.05810546875,6672354
2016-10-06,1287.0581587458464,1398.976318359375,1287.0581587458464,1398.976318359375,30806624
2016-10-07,1426.9559079262272,1454.9353360017776,1343.017285294699,1370.996826171875,6549699
2016-10-10,1370.9967512624746,1398.9762906108867,1343.0172119140625,1343.0172119140625,7726103
2016-10-11,1343.0172600783987,1343.0172600783987,1287.0581793747263,1315.0377197265625,8848934
2016-10-12,1315.0376725656504,1398.9762906108867,1315.0376725656504,1343.0172119140625,8019462
2016-10-13,1343.017285294699,1370.996826171875,1343.017285294699,1370.996826171875,8651966
2016-10-14,1398.9763912558747,1454.9353611768724,1343.017308533249,1426.9559326171875,24529246
2016-10-17,1426.9558752985802,1482.914842971793,1426.9558752985802,1454.935302734375,11489533
2016-10-18,1454.9353611768724,1454.9353611768724,1426.9559326171875,1426.9559326171875,5515274
2016-10-19,1454.935350965258,1566.853515625,1426.9559226019494,1566.853515625,36330958
2016-10-20,1594.8330078125,1678.7715159279219,1566.853467506818,1594.8330078125,25008813
2016-10-21,1594.8330567899357,1622.812597954871,1538.8739744600646,1566.853515625,12525722
2016-10-24,1566.853515625,1622.812597954871,1538.8739744600646,1566.853515625,18546278
2016-10-25,1566.853441203161,1566.853441203161,1510.8943615312141,1538.8739013671875,10588644
2016-10-26,1538.8738735835057,1566.853412914321,1454.9352555910598,1482.914794921875,17972344
2016-10-27,1482.914794921875,1510.8943342526904,1454.9352555910598,1482.914794921875,6141047
2016-10-28,1482.9148216952408,1538.8739013671875,1454.9352818592672,1538.8739013671875,17315245
2016-10-31,1538.8739498980406,1594.8330313347467,1510.8944091796875,1510.8944091796875,11139447
2016-11-01,1510.8944091796875,1538.8739498980406,1482.9148684613344,1510.8944091796875,5994494
2016-11-02,1510.8943342526904,1538.8738735835057,1482.914794921875,1482.914794921875,6623358
2016-11-03,1482.914842971793,1482.914842971793,1426.9558752985802,1454.935302734375,8329794
2016-11-04,1454.9352555910598,1482.914794921875,1426.955829061864,1482.914794921875,3712674
2016-11-07,1482.914794921875,1510.8943342526904,1454.9352555910598,1482.914794921875,5224394
2016-11-08,1482.9148216952408,1594.8329810391344,1454.9352818592672,1538.8739013671875,32904235
2016-11-09,1538.8738735835057,1566.853412914321,1426.955829061864,1482.914794921875,12588126
2016-11-10,1482.9148216952408,1538.8739013671875,1482.9148216952408,1538.8739013671875,10581791
2016-11-11,1538.8739498980406,1538.8739498980406,1482.9148684613344,1510.8944091796875,4005393
2016-11-14,1510.8944091796875,1538.8739498980406,1482.9148684613344,1510.8944091796875,5459845
2016-11-15,1538.8738735835057,1538.8738735835057,1482.914794921875,1482.914794921875,5880859
2016-11-16,1482.914794921875,1538.8738735835057,1482.914794921875,1482.914794921875,21240922
2016-11-17,1510.8944091796875,1538.8739498980406,1482.9148684613344,1510.8944091796875,3480820
2016-11-18,1510.8944091796875,1510.8944091796875,1482.9148684613344,1510.8944091796875,1350427
2016-11-21,1510.8943342526904,1510.8943342526904,1482.914794921875,1482.914794921875,3704943
2016-11-22,1762.710205078125,1762.710205078125,1762.710205078125,1762.710205078125,0
2016-11-23,1762.710205078125,1762.710205078125,1762.710205078125,1762.710205078125,0
2016-11-24,1762.710205078125,1762.710205078125,1762.710205078125,1762.710205078125,0
2016-11-25,1762.710205078125,1762.710205078125,1762.710205078125,1762.710205078125,0
2016-11-28,1762.710205078125,1762.710205078125,1762.710205078125,1762.710205078125,0
2016-11-29,1762.710205078125,1762.710205078125,1762.710205078125,1762.710205078125,0
2016-11-30,1762.710205078125,1762.710205078125,1762.710205078125,1762.710205078125,0
2016-12-01,1762.710205078125,1762.710205078125,1762.710205078125,1762.710205078125,0
2016-12-02,1762.710205078125,1762.710205078125,1762.710205078125,1762.710205078125,0
2016-12-05,1762.710205078125,1762.710205078125,1762.710205078125,1762.710205078125,0
2016-12-06,1762.710205078125,1762.710205078125,1762.710205078125,1762.710205078125,0
2016-12-07,1762.710205078125,1762.710205078125,1762.710205078125,1762.710205078125,0
2016-12-08,1762.710205078125,1762.710205078125,1762.710205078125,1762.710205078125,0
2016-12-09,1762.710205078125,1762.710205078125,1762.710205078125,1762.710205078125,0
2016-12-12,1762.710205078125,1762.710205078125,1762.710205078125,1762.710205078125,0
2016-12-13,1762.710205078125,1762.710205078125,1762.710205078125,1762.710205078125,0
2016-12-14,1762.710205078125,1762.710205078125,1762.710205078125,1762.710205078125,0
2016-12-15,1762.710205078125,1762.710205078125,1762.710205078125,1762.710205078125,0
2016-12-16,1762.710205078125,1762.710205078125,1762.710205078125,1762.710205078125,0
2016-12-19,1762.710205078125,1762.710205078125,1762.710205078125,1762.710205078125,0
2016-12-20,1762.710205078125,1762.710205078125,1762.710205078125,1762.710205078125,0
2016-12-21,1762.710205078125,1762.710205078125,1762.710205078125,1762.710205078125,0
2016-12-22,1762.710205078125,1762.710205078125,1762.710205078125,1762.710205078125,0
2016-12-23,1762.710205078125,1762.710205078125,1762.710205078125,1762.710205078125,0
2016-12-26,1762.710205078125,1762.710205078125,1762.710205078125,1762.710205078125,0
2016-12-27,1762.710205078125,1762.710205078125,1762.710205078125,1762.710205078125,0
2016-12-28,1762.710205078125,1762.710205078125,1762.710205078125,1762.710205078125,0
2016-12-29,1762.710205078125,1762.710205078125,1762.710205078125,1762.710205078125,0
2016-12-30,1762.710205078125,1762.710205078125,1762.710205078125,1762.710205078125,0
2017-01-03,1762.710205078125,1762.710205078125,1762.710205078125,1762.710205078125,0
2017-01-04,1762.710205078125,1762.710205078125,1762.710205078125,1762.710205078125,0
2017-01-05,1762.710205078125,1762.710205078125,1762.710205078125,1762.710205078125,0
2017-01-06,1762.710205078125,1762.710205078125,1762.710205078125,1762.710205078125,0
2017-01-09,1762.710205078125,1762.710205078125,1762.710205078125,1762.710205078125,0
2017-01-10,1762.710205078125,1762.710205078125,1762.710205078125,1762.710205078125,0
2017-01-11,1762.710205078125,1762.710205078125,1762.710205078125,1762.710205078125,0
2017-01-12,1762.710205078125,1762.710205078125,1762.710205078125,1762.710205078125,0
2017-01-13,1762.710205078125,1762.710205078125,1762.710205078125,1762.710205078125,0
2017-01-16,1762.710205078125,1762.710205078125,1762.710205078125,1762.710205078125,0
2017-01-17,1762.710205078125,1762.710205078125,1762.710205078125,1762.710205078125,0
2017-01-18,1762.710205078125,1762.710205078125,1762.710205078125,1762.710205078125,0
2017-01-19,1762.710205078125,1762.710205078125,1762.710205078125,1762.710205078125,0
2017-01-20,1762.710205078125,1762.710205078125,1762.710205078125,1762.710205078125,0
2017-01-23,1762.710205078125,1762.710205078125,1762.710205078125,1762.710205078125,0
2017-01-24,1762.710205078125,1762.710205078125,1762.710205078125,1762.710205078125,0
2017-01-25,1762.710205078125,1762.710205078125,1762.710205078125,1762.710205078125,0
2017-01-26,1762.710205078125,1762.710205078125,1762.710205078125,1762.710205078125,0
2017-02-03,1762.710205078125,1762.710205078125,1762.710205078125,1762.710205078125,0
2017-02-06,1762.710205078125,1762.710205078125,1762.710205078125,1762.710205078125,0
2017-02-07,1762.710205078125,1762.710205078125,1762.710205078125,1762.710205078125,0
2017-02-08,1762.710205078125,1762.710205078125,1762.710205078125,1762.710205078125,0
2017-02-09,1762.710205078125,1762.710205078125,1762.710205078125,1762.710205078125,0
2017-02-10,1762.710205078125,1762.710205078125,1762.710205078125,1762.710205078125,0
2017-02-13,1762.710205078125,1762.710205078125,1762.710205078125,1762.710205078125,0
2017-02-14,1762.710205078125,1762.710205078125,1762.710205078125,1762.710205078125,0
2017-02-15,1762.710205078125,1762.710205078125,1762.710205078125,1762.710205078125,0
2017-02-16,1762.710205078125,1762.710205078125,1762.710205078125,1762.710205078125,0
2017-02-17,1762.710205078125,1762.710205078125,1762.710205078125,1762.710205078125,0
2017-02-20,1762.710205078125,1762.710205078125,1762.710205078125,1762.710205078125,0
2017-02-21,1762.710205078125,1762.710205078125,1762.710205078125,1762.710205078125,0
2017-02-22,1762.710205078125,1762.710205078125,1762.710205078125,1762.710205078125,0
2017-02-23,1762.710205078125,1762.710205078125,1762.710205078125,1762.710205078125,0
2017-02-24,1762.710205078125,1762.710205078125,1762.710205078125,1762.710205078125,0
2017-02-27,1762.710205078125,1762.710205078125,1762.710205078125,1762.710205078125,0
2017-02-28,1762.710205078125,1762.710205078125,1762.710205078125,1762.710205078125,0
2017-03-01,1762.710205078125,1762.710205078125,1762.710205078125,1762.710205078125,0
2017-03-02,1762.710205078125,1762.710205078125,1762.710205078125,1762.710205078125,0
2017-03-03,1762.710205078125,1762.710205078125,1762.710205078125,1762.710205078125,0
2017-03-06,1762.710205078125,1762.710205078125,1762.710205078125,1762.710205078125,0
2017-03-07,1762.710205078125,1762.710205078125,1762.710205078125,1762.710205078125,0
2017-03-08,1762.710205078125,1762.710205078125,1762.710205078125,1762.710205078125,0
2017-03-09,1762.710205078125,1762.710205078125,1762.710205078125,1762.710205078125,0
2017-03-10,1762.710205078125,1762.710205078125,1762.710205078125,1762.710205078125,0
2017-03-13,1762.710205078125,1762.710205078125,1762.710205078125,1762.710205078125,0
2017-03-14,1762.710205078125,1762.710205078125,1762.710205078125,1762.710205078125,0
2017-03-15,1762.710205078125,1762.710205078125,1762.710205078125,1762.710205078125,0
2017-03-16,1762.710205078125,1762.710205078125,1762.710205078125,1762.710205078125,0
2017-03-17,1762.710205078125,1762.710205078125,1762.710205078125,1762.710205078125,0
2017-03-20,1762.710205078125,1762.710205078125,1762.710205078125,1762.710205078125,0
2017-03-21,1762.710205078125,1762.710205078125,1762.710205078125,1762.710205078125,0
2017-03-22,1762.710205078125,1762.710205078125,1762.710205078125,1762.710205078125,0
2017-03-23,1762.710205078125,1762.710205078125,1762.710205078125,1762.710205078125,0
2017-03-24,1762.710205078125,1762.710205078125,1762.710205078125,1762.710205078125,0
2017-03-27,1762.710205078125,1762.710205078125,1762.710205078125,1762.710205078125,0
2017-03-28,1762.710205078125,1762.710205078125,1762.710205078125,1762.710205078125,0
2017-03-29,1762.710205078125,1762.710205078125,1762.710205078125,1762.710205078125,0
2017-03-30,1762.710205078125,1762.710205078125,1762.710205078125,1762.710205078125,0
2017-03-31,1762.710205078125,1762.710205078125,1762.710205078125,1762.710205078125,0
2017-04-03,1762.710205078125,1762.710205078125,1762.710205078125,1762.710205078125,0
2017-04-04,1762.710205078125,1762.710205078125,1762.710205078125,1762.710205078125,0
2017-04-05,1762.710205078125,1762.710205078125,1762.710205078125,1762.710205078125,0
2017-04-07,1762.710205078125,1762.710205078125,1762.710205078125,1762.710205078125,0
2017-04-10,1762.710205078125,1762.710205078125,1762.710205078125,1762.710205078125,0
2017-04-11,1762.710205078125,1762.710205078125,1762.710205078125,1762.710205078125,0
2017-04-12,1762.710205078125,1762.710205078125,1762.710205078125,1762.710205078125,0
2017-04-13,1762.710205078125,1762.710205078125,1762.710205078125,1762.710205078125,0
2017-04-14,1762.710205078125,1762.710205078125,1762.710205078125,1762.710205078125,0
2017-04-17,1762.710205078125,1762.710205078125,1762.710205078125,1762.710205078125,0
2017-04-18,1762.710205078125,1762.710205078125,1762.710205078125,1762.710205078125,0
2017-04-19,1762.710205078125,1762.710205078125,1762.710205078125,1762.710205078125,0
2017-04-20,1762.710205078125,1762.710205078125,1762.710205078125,1762.710205078125,0
2017-04-21,1762.710205078125,1762.710205078125,1762.710205078125,1762.710205078125,0
2017-04-24,1762.710205078125,1762.710205078125,1762.710205078125,1762.710205078125,0
2017-04-25,1762.710205078125,1762.710205078125,1762.710205078125,1762.710205078125,0
2017-04-26,1762.710205078125,1762.710205078125,1762.710205078125,1762.710205078125,0
2017-04-27,1762.710205078125,1762.710205078125,1762.710205078125,1762.710205078125,0
2017-04-28,1762.710205078125,1762.710205078125,1762.710205078125,1762.710205078125,0
2017-05-03,1762.710205078125,1762.710205078125,1762.710205078125,1762.710205078125,0
2017-05-04,1762.710205078125,1762.710205078125,1762.710205078125,1762.710205078125,0
2017-05-05,1762.710205078125,1762.710205078125,1762.710205078125,1762.710205078125,0
2017-05-08,1762.710205078125,1762.710205078125,1762.710205078125,1762.710205078125,0
2017-05-09,1762.710205078125,1762.710205078125,1762.710205078125,1762.710205078125,0
2017-05-10,1762.710205078125,1762.710205078125,1762.710205078125,1762.710205078125,0
2017-05-11,1762.710205078125,1762.710205078125,1762.710205078125,1762.710205078125,0
2017-05-12,1762.710205078125,1762.710205078125,1762.710205078125,1762.710205078125,0
2017-05-15,1762.710205078125,1762.710205078125,1762.710205078125,1762.710205078125,0
2017-05-16,1762.710205078125,1762.710205078125,1762.710205078125,1762.710205078125,0
2017-05-17,1762.710205078125,1762.710205078125,1762.710205078125,1762.710205078125,0
2017-05-18,1762.710205078125,1762.710205078125,1762.710205078125,1762.710205078125,0
2017-05-19,1762.710205078125,1762.710205078125,1762.710205078125,1762.710205078125,0
2017-05-22,1762.710205078125,1762.710205078125,1762.710205078125,1762.710205078125,0
2017-05-23,1762.710205078125,1762.710205078125,1762.710205078125,1762.710205078125,0
2017-05-24,1762.710205078125,1762.710205078125,1762.710205078125,1762.710205078125,0
2017-05-25,1762.710205078125,1762.710205078125,1762.710205078125,1762.710205078125,0
2017-05-26,1762.710205078125,1762.710205078125,1762.710205078125,1762.710205078125,0
2017-05-29,1762.710205078125,1762.710205078125,1762.710205078125,1762.710205078125,0
2017-05-30,1762.710205078125,1762.710205078125,1762.710205078125,1762.710205078125,0
2017-05-31,1762.710205078125,1762.710205078125,1762.710205078125,1762.710205078125,0
2017-06-01,1762.710205078125,1762.710205078125,1762.710205078125,1762.710205078125,0
2017-06-02,1762.710205078125,1762.710205078125,1762.710205078125,1762.710205078125,0
2017-06-05,1762.710205078125,1762.710205078125,1762.710205078125,1762.710205078125,0
2017-06-06,1762.710205078125,1762.710205078125,1762.710205078125,1762.710205078125,0
2017-06-07,1762.710205078125,1762.710205078125,1762.710205078125,1762.710205078125,0
2017-06-08,1762.710205078125,1762.710205078125,1762.710205078125,1762.710205078125,0
2017-06-09,1762.710205078125,1762.710205078125,1762.710205078125,1762.710205078125,0
2017-06-12,1762.710205078125,1762.710205078125,1762.710205078125,1762.710205078125,0
2017-06-13,1762.710205078125,1762.710205078125,1762.710205078125,1762.710205078125,0
2017-06-14,1762.710205078125,1762.710205078125,1762.710205078125,1762.710205078125,0
2017-06-15,1762.710205078125,1762.710205078125,1762.710205078125,1762.710205078125,0
2017-06-16,1762.710205078125,1762.710205078125,1762.710205078125,1762.710205078125,0
2017-06-19,1762.710205078125,1762.710205078125,1762.710205078125,1762.710205078125,0
2017-06-20,1762.710205078125,1762.710205078125,1762.710205078125,1762.710205078125,0
2017-06-21,1762.710205078125,1762.710205078125,1762.710205078125,1762.710205078125,0
2017-06-22,1762.710205078125,1762.710205078125,1762.710205078125,1762.710205078125,0
2017-06-23,1762.710205078125,1762.710205078125,1762.710205078125,1762.710205078125,0
2017-06-26,1762.710205078125,1762.710205078125,1762.710205078125,1762.710205078125,0
2017-06-27,1762.710205078125,1762.710205078125,1762.710205078125,1762.710205078125,0
2017-06-28,1762.710205078125,1762.710205078125,1762.710205078125,1762.710205078125,0
2017-06-29,1762.710205078125,1762.710205078125,1762.710205078125,1762.710205078125,0
2017-06-30,1762.710205078125,1762.710205078125,1762.710205078125,1762.710205078125,0
2017-07-03,1762.710205078125,1762.710205078125,1762.710205078125,1762.710205078125,0
2017-07-04,1762.710205078125,1762.710205078125,1762.710205078125,1762.710205078125,0
2017-07-05,1762.710205078125,1762.710205078125,1762.710205078125,1762.710205078125,0
2017-07-06,1762.710205078125,1762.710205078125,1762.710205078125,1762.710205078125,0
2017-07-07,1762.710205078125,1762.710205078125,1762.710205078125,1762.710205078125,0
2017-07-10,1762.710205078125,1762.710205078125,1762.710205078125,1762.710205078125,0
2017-07-11,1762.710205078125,1762.710205078125,1762.710205078125,1762.710205078125,0
2017-07-12,1762.710205078125,1762.710205078125,1762.710205078125,1762.710205078125,0
2017-07-13,1762.710205078125,1762.710205078125,1762.710205078125,1762.710205078125,0
2017-07-14,1762.710205078125,1762.710205078125,1762.710205078125,1762.710205078125,0
2017-07-17,1762.710205078125,1762.710205078125,1762.710205078125,1762.710205078125,0
2017-07-18,1762.710205078125,1762.710205078125,1762.710205078125,1762.710205078125,0
2017-07-19,1762.710205078125,1762.710205078125,1762.710205078125,1762.710205078125,0
2017-07-20,1762.710205078125,1762.710205078125,1762.710205078125,1762.710205078125,0
2017-07-21,1762.710205078125,1762.710205078125,1762.710205078125,1762.710205078125,0
2017-07-24,1762.710205078125,1762.710205078125,1762.710205078125,1762.710205078125,0
2017-07-25,1762.710205078125,1762.710205078125,1762.710205078125,1762.710205078125,0
2017-07-26,1762.710205078125,1762.710205078125,1762.710205078125,1762.710205078125,0
2017-07-27,1762.710205078125,1762.710205078125,1762.710205078125,1762.710205078125,0
2017-07-28,1762.710205078125,1762.710205078125,1762.710205078125,1762.710205078125,0
2017-07-31,1762.710205078125,1762.710205078125,1762.710205078125,1762.710205078125,0
2017-08-01,1762.710205078125,1762.710205078125,1762.710205078125,1762.710205078125,0
2017-08-02,1762.710205078125,1762.710205078125,1762.710205078125,1762.710205078125,0
2017-08-03,1762.710205078125,1762.710205078125,1762.710205078125,1762.710205078125,0
2017-08-04,1762.710205078125,1762.710205078125,1762.710205078125,1762.710205078125,0
2017-08-07,1762.710205078125,1762.710205078125,1762.710205078125,1762.710205078125,0
2017-08-08,1762.710205078125,1762.710205078125,1762.710205078125,1762.710205078125,0
2017-08-09,1762.710205078125,1762.710205078125,1762.710205078125,1762.710205078125,0
2017-08-10,1762.710205078125,1762.710205078125,1762.710205078125,1762.710205078125,0
2017-08-11,1762.710205078125,1762.710205078125,1762.710205078125,1762.710205078125,0
2017-08-14,1762.710205078125,1762.710205078125,1762.710205078125,1762.710205078125,0
2017-08-15,1762.710205078125,1762.710205078125,1762.710205078125,1762.710205078125,0
2017-08-16,1762.710205078125,1762.710205078125,1762.710205078125,1762.710205078125,0
2017-08-17,1762.710205078125,1762.710205078125,1762.710205078125,1762.710205078125,0
2017-08-18,1762.710205078125,1762.710205078125,1762.710205078125,1762.710205078125,0
2017-08-21,1762.710205078125,1762.710205078125,1762.710205078125,1762.710205078125,0
2017-08-22,1762.710205078125,1762.710205078125,1762.710205078125,1762.710205078125,0
2017-08-23,1762.710205078125,1762.710205078125,1762.710205078125,1762.710205078125,0
2017-08-24,1762.710205078125,1762.710205078125,1762.710205078125,1762.710205078125,0
2017-08-25,1762.710205078125,1762.710205078125,1762.710205078125,1762.710205078125,0
2017-08-28,1762.710205078125,1762.710205078125,1762.710205078125,1762.710205078125,0
2017-08-29,1762.710205078125,1762.710205078125,1762.710205078125,1762.710205078125,0
2017-08-30,1762.710205078125,1762.710205078125,1762.710205078125,1762.710205078125,0
2017-08-31,1762.710205078125,1762.710205078125,1762.710205078125,1762.710205078125,0
2017-09-01,1762.710205078125,1762.710205078125,1762.710205078125,1762.710205078125,0
2017-09-04,1762.710205078125,1762.710205078125,1762.710205078125,1762.710205078125,0
2017-09-05,1762.710205078125,1762.710205078125,1762.710205078125,1762.710205078125,0
2017-09-06,1762.710205078125,1762.710205078125,1762.710205078125,1762.710205078125,0
2017-09-07,1762.710205078125,1762.710205078125,1762.710205078125,1762.710205078125,0
2017-09-08,1762.710205078125,1762.710205078125,1762.710205078125,1762.710205078125,0
2017-09-11,1762.710205078125,1762.710205078125,1762.710205078125,1762.710205078125,0
2017-09-12,1762.710205078125,1762.710205078125,1762.710205078125,1762.710205078125,0
2017-09-13,1762.710205078125,1762.710205078125,1762.710205078125,1762.710205078125,0
2017-09-14,1762.710205078125,1762.710205078125,1762.710205078125,1762.710205078125,0
2017-09-15,1762.710205078125,1762.710205078125,1762.710205078125,1762.710205078125,0
2017-09-18,1762.710205078125,1762.710205078125,1762.710205078125,1762.710205078125,0
2017-09-19,1762.710205078125,1762.710205078125,1762.710205078125,1762.710205078125,0
2017-09-20,1762.710205078125,1762.710205078125,1762.710205078125,1762.710205078125,0
2017-09-21,1762.710205078125,1762.710205078125,1762.710205078125,1762.710205078125,0
2017-09-22,1762.710205078125,1762.710205078125,1762.710205078125,1762.710205078125,0
2017-09-25,1762.710205078125,1762.710205078125,1762.710205078125,1762.710205078125,0
2017-09-26,1762.710205078125,1762.710205078125,1762.710205078125,1762.710205078125,0
2017-09-27,1762.710205078125,1762.710205078125,1762.710205078125,1762.710205078125,0
2017-09-28,1762.710205078125,1762.710205078125,1762.710205078125,1762.710205078125,0
2017-09-29,1762.710205078125,1762.710205078125,1762.710205078125,1762.710205078125,0
2017-10-02,1762.710205078125,1762.710205078125,1762.710205078125,1762.710205078125,0
2017-10-03,1762.710205078125,1762.710205078125,1762.710205078125,1762.710205078125,0
2017-10-04,1762.710205078125,1762.710205078125,1762.710205078125,1762.710205078125,0
2017-10-05,1762.710205078125,1762.710205078125,1762.710205078125,1762.710205078125,0
2017-10-06,1762.710205078125,1762.710205078125,1762.710205078125,1762.710205078125,0
2017-10-09,1762.710205078125,1762.710205078125,1762.710205078125,1762.710205078125,0
2017-10-10,1762.710205078125,1762.710205078125,1762.710205078125,1762.710205078125,0
2017-10-11,1762.710205078125,1762.710205078125,1762.710205078125,1762.710205078125,0
2017-10-12,1762.710205078125,1762.710205078125,1762.710205078125,1762.710205078125,0
2017-10-13,1762.710205078125,1762.710205078125,1762.710205078125,1762.710205078125,0
2017-10-16,1762.710205078125,1762.710205078125,1762.710205078125,1762.710205078125,0
2017-10-17,1762.710205078125,1762.710205078125,1762.710205078125,1762.710205078125,0
2017-10-18,1762.710205078125,1762.710205078125,1762.710205078125,1762.710205078125,0
2017-10-19,1762.710205078125,1762.710205078125,1762.710205078125,1762.710205078125,0
2017-10-20,2466.3952394472017,2496.4731146192885,2436.317138671875,2436.317138671875,17748931
2017-10-23,2436.3171329134957,2466.3952336177313,2376.1611571082644,2406.2392578125,26437680
2017-10-24,2406.2392578125,2436.3171329134957,2376.1611571082644,2406.2392578125,18940786
2017-10-25,2406.239263499788,2436.317138671875,2406.239263499788,2436.317138671875,8105816
2017-10-26,2436.317358324049,2436.317358324049,2346.0834990692933,2376.161376953125,22838761
2017-10-27,2376.1611571082644,2406.2392578125,2346.0832820072683,2406.2392578125,14105876
2017-10-30,2406.239480440217,2436.317358324049,2376.161376953125,2376.161376953125,13965066
2017-10-31,2376.161373939434,2406.239477388378,2346.08349609375,2346.08349609375,11775397
2017-11-01,2135.5374514694295,2406.239480440217,2135.5374514694295,2376.161376953125,37759506
2017-11-02,2406.239477388378,2406.239477388378,2346.08349609375,2346.08349609375,10349698
2017-11-03,2376.161373939434,2376.161373939434,2285.927514799122,2346.08349609375,19722981
2017-11-06,2346.08349609375,2376.161373939434,2316.005392644806,2346.08349609375,21256522
2017-11-07,2346.08349609375,2376.161373939434,2316.005392644806,2346.08349609375,12507907
2017-11-08,2135.5374514694295,2406.239480440217,2135.5374514694295,2376.161376953125,22127397
2017-11-09,2376.161373939434,2406.239477388378,2346.08349609375,2346.08349609375,12659643
2017-11-10,2376.161376953125,2376.161376953125,2346.0834990692933,2376.161376953125,10990600
2017-11-13,2346.08349609375,2376.161373939434,2316.005392644806,2346.08349609375,12005671
2017-11-14,2346.0834990692933,2406.239480440217,2316.005395582201,2376.161376953125,27626948
2017-11-15,2346.0832820072683,2406.2392578125,2346.0832820072683,2406.2392578125,10484545
2017-11-16,2406.239480440217,2406.239480440217,2376.161376953125,2376.161376953125,21527903
2017-11-17,2376.161162724461,2496.4731146192885,2376.161162724461,2436.317138671875,57728691
2017-11-20,2436.317138671875,2466.3952394472017,2406.239263499788,2436.317138671875,14523192
2017-11-21,2436.317138671875,2466.3952394472017,2436.317138671875,2436.317138671875,25447989
2017-11-22,2436.317138671875,2466.3952394472017,2406.239263499788,2436.317138671875,28389342
2017-11-23,2436.3171678630665,2586.7072223351474,2436.3171678630665,2496.47314453125,89038213
2017-11-24,2436.3171678630665,2526.5512456669635,2436.3171678630665,2496.47314453125,25649648
2017-11-27,2526.551324175148,2737.0971362545147,2496.47322210481,2646.86328125,94175542
2017-11-28,2646.86328125,2707.019259787426,2616.785179179662,2646.86328125,44965286
2017-11-29,2646.8631294268025,2827.3310546875,2646.8631294268025,2827.3310546875,54476445
2017-11-30,2857.4089294293312,2887.487029774399,2797.252954342432,2827.3310546875,60829215
2017-12-01,2827.3310546875,2857.4089294293312,2797.252954342432,2827.3310546875,51776282
2017-12-04,2857.4089598812593,2977.720911337244,2827.3310848188826,2887.487060546875,115473623
2017-12-05,2917.5651056720767,2917.5651056720767,2737.09716796875,2737.09716796875,70600937
2017-12-06,2737.0971940211034,2827.331276533263,2676.9412142140823,2797.253173828125,66497601
2017-12-07,2827.331060740649,2857.408935546875,2797.2529603311855,2857.408935546875,31280467
2017-12-08,2857.4089294293312,2887.487029774399,2827.3310546875,2827.3310546875,29455440
2017-12-11,2737.097140745504,2797.2531193816335,2586.7073069568064,2676.941162109375,68033403
2017-12-12,2707.019236067085,2737.097112270615,2466.395324025855,2616.78515625,98028026
2017-12-13,2616.785151540017,2676.9411294420493,2556.6291736379853,2586.707275390625,29937147
2017-12-14,2586.707302712574,2646.86328125,2556.629200642236,2646.86328125,24239166
2017-12-15,2646.863258056778,2646.863258056778,2616.78515625,2616.78515625,20014593
2017-12-18,2646.863333518076,2767.17529296875,2646.863333518076,2767.17529296875,37410526
2017-12-19,2767.1752703875973,2797.2531472031924,2707.019291153155,2737.09716796875,23581806
2017-12-20,2737.097190304454,2797.2531700297914,2707.0193132434133,2767.17529296875,27248364
2017-12-21,2767.1750166879838,2827.3309904072175,2707.01904296875,2707.01904296875,39389491
2017-12-22,2707.01904296875,2737.096917026751,2676.9409433075175,2707.01904296875,26188345
2017-12-25,2707.01904296875,2737.096917026751,2676.9409433075175,2707.01904296875,15752651
2017-12-26,2707.019291153155,2767.1752703875973,2676.9411887343076,2737.09716796875,24180483
2017-12-27,2737.097190304454,2797.2531700297914,2737.097190304454,2767.17529296875,32641762
2017-12-28,2797.2531700297914,2797.2531700297914,2737.097190304454,2767.17529296875,24374800
2017-12-29,2797.253173828125,2857.4091536351466,2767.1752967262414,2797.253173828125,39360228
2018-01-01,2797.253173828125,2797.253173828125,2797.253173828125,2797.253173828125,0
2018-01-02,2616.7853004556555,2947.643310546875,2616.7853004556555,2947.643310546875,73192893
2018-01-03,2977.721188407935,3037.877169733315,2917.565207082555,2947.643310546875,48494323
2018-01-04,2977.721188407935,3007.7992918722553,2917.565207082555,2947.643310546875,28762900
2018-01-05,2977.720911337244,2977.720911337244,2857.4089598812593,2887.487060546875,54260933
2018-01-08,2887.4871183991295,3007.799072265625,2857.409017130884,3007.799072265625,50961930
2018-01-09,3007.799072265625,3007.799072265625,3007.799072265625,3007.799072265625,0
2018-01-10,3158.18896484375,3248.423044846578,3007.7991323100346,3158.18896484375,60979017
2018-01-11,3233.3840244559983,3459.720703125,3201.050116530466,3459.720703125,77282575
2018-01-12,3492.054762577367,3783.059269724668,3298.0517578125,3298.0517578125,167936525
2018-01-15,3298.051686906097,3492.0546875,3265.717778272697,3492.0546875,70135228
2018-01-16,3492.054800792814,3589.0563042367876,3330.385703587276,3427.38720703125,45984763
2018-01-17,3427.38720703125,3556.7223945543783,3395.0532973488403,3427.38720703125,69423809
2018-01-18,3427.3870619802365,3589.05615234375,3330.3855626414793,3589.05615234375,82383046
2018-01-19,3589.056061953775,3718.391466349235,3589.056061953775,3653.723876953125,62748828
2018-01-22,3686.0576171875,3718.3915251989124,3621.3900267679187,3686.0576171875,50827169
2018-01-23,3718.391566887722,3880.060883154099,3686.0576585137974,3815.39306640625,91792434
2018-01-24,3880.060713601609,3944.7280763171057,3815.392899679641,3847.726806640625,40255941
2018-01-25,3847.726806640625,3847.726806640625,3847.726806640625,3847.726806640625,0
2018-01-26,3977.0623304508417,4041.730150017908,3912.394962090287,4009.396240234375,70405126
2018-01-29,4009.396240234375,4009.396240234375,4009.396240234375,4009.396240234375,0
2018-01-30,4235.732772454462,4397.40185546875,4171.064958766158,4397.40185546875,64024675
2018-01-31,4397.40191841681,4462.069733030821,4203.39892578125,4203.39892578125,66204798
2018-02-01,4203.399247729061,4268.067067296127,3912.394962090287,4009.396240234375,149343666
2018-02-02,4009.3959065185836,4138.731083681193,3977.0619994263125,4074.063720703125,46497143
2018-02-05,4041.7297972000583,4106.397611122026,3847.726806640625,3847.726806640625,58483452
2018-02-06,3815.3929306403647,3912.394652310456,3492.0545352164404,3750.725341796875,157558189
2018-02-07,3815.3933031540328,4106.398045369907,3815.3933031540328,4041.730224609375,67680126
2018-02-08,4041.729877839656,4106.397693051861,3880.0607910156255,3880.060791015625,38591445
2018-02-09,3556.7222711687305,3977.062180045094,3556.7222711687305,3944.728271484375,70674260
2018-02-12,4009.3960779401,4268.06689453125,3977.0621694653946,4268.06689453125,50376065
2018-02-13,4300.4006477022685,4365.068011109804,4171.065018474244,4203.39892578125,46249557
2018-02-14,4203.39892578125,4203.39892578125,4203.39892578125,4203.39892578125,0
2018-02-15,4203.39892578125,4203.39892578125,4203.39892578125,4203.39892578125,0
2018-02-16,4203.39892578125,4203.39892578125,4203.39892578125,4203.39892578125,0
2018-02-19,4203.39892578125,4203.39892578125,4203.39892578125,4203.39892578125,0
2018-02-20,4203.39892578125,4203.39892578125,4203.39892578125,4203.39892578125,0
2018-02-21,4235.73291015625,4332.734633842188,4203.399002260937,4235.73291015625,64908654
2018-02-22,4268.066581442514,4300.40048754533,4106.397502134894,4138.73095703125,66365077
2018-02-23,4138.7312606324285,4268.06689453125,4106.397803364216,4268.06689453125,56299691
2018-02-26,4300.4006477022685,4397.40191841681,4203.39892578125,4203.39892578125,88665625
2018-02-27,4203.399002260937,4300.400725946874,4171.065094365625,4235.73291015625,56862890
2018-02-28,4171.065094365625,4300.400725946874,4009.3960060955465,4235.73291015625,45358619
2018-03-01,4235.732632844751,4235.732632844751,4074.063555159074,4106.3974609375,64100927
2018-03-02,4074.063555159074,4138.730915509472,4009.395743602221,4106.3974609375,41415468
2018-03-05,4138.731083681193,4203.398897865734,4074.063720703125,4074.063720703125,66087429
2018-03-06,4074.063555159074,4106.3974609375,4041.7296493806475,4106.3974609375,46048017
2018-03-07,4106.397814287971,4138.731271642197,3912.3948141301494,3944.728271484375,80941166
2018-03-08,3944.728271484375,4009.3960886058135,3912.3948141301494,3944.728271484375,28469452
2018-03-09,3944.728420667309,4074.0640598014406,3944.728420667309,4009.396240234375,27059941
2018-03-12,4041.7296493806475,4171.064821287898,4009.395743602221,4106.3974609375,62168965
2018-03-13,4041.7296493806475,4171.064821287898,4009.395743602221,4106.3974609375,27408077
2018-03-14,4106.3974609375,4106.3974609375,4106.3974609375,4106.3974609375,0
2018-03-15,4203.399151770094,4332.734787951636,4171.065242724709,4300.40087890625,95881410
2018-03-16,4300.400735586289,4494.40373218654,4300.400735586289,4462.06982421875,98244395
2018-03-19,4462.06982421875,4462.06982421875,4462.06982421875,4462.06982421875,0
2018-03-20,4332.734416030365,4429.735683633446,4300.400509760517,4365.06787109375,44768953
2018-03-21,4365.067948624598,4429.735762312902,4332.734492986917,4397.40185546875,69452234
2018-03-22,4397.402154835906,4429.736063881292,4268.066969860864,4300.40087890625,53301521
2018-03-23,4268.066661534985,4268.066661534985,4041.7297657744043,4171.06494140625,91222236
2018-03-26,4171.065242724709,4332.734787951636,4138.731333679323,4300.40087890625,38525642
2018-03-27,4300.40087890625,4300.40087890625,4300.40087890625,4300.40087890625,0
2018-03-28,4268.066740395262,4268.066740395262,4203.39892578125,4203.39892578125,27833193
2018-03-29,4203.3988481158285,4235.732754825407,4171.06494140625,4171.06494140625,21862950
2018-03-30,4171.06494140625,4203.3988481158285,4106.397579193561,4171.06494140625,24087661
2018-04-02,4171.065094365625,4268.066818051562,4171.065094365625,4235.73291015625,42211547
2018-04-03,4235.732657109049,4365.067829757193,4203.398751145399,4332.734375,43781332
2018-04-04,4332.734633842188,4397.401998426328,4235.73291015625,4235.73291015625,25430797
2018-04-05,4235.732986056544,4300.400803005955,4203.399077581839,4268.06689453125,29199018
2018-04-06,4300.40087890625,4365.06824579052,4268.066969860864,4300.40087890625,52753269
2018-04-09,4300.400509760517,4462.0695899032935,4300.400509760517,4365.06787109375,83719623
2018-04-10,4397.401932433679,4462.069747253821,4365.068025023607,4429.73583984375,59798429
2018-04-11,4429.735683633446,4494.403496173141,4332.734416030365,4365.06787109375,59667605
2018-04-12,4332.734416030365,4365.06787109375,4268.066603490669,4365.06787109375,39653306
2018-04-13,4397.402077223579,4397.402077223579,4268.06689453125,4268.06689453125,41036753
2018-04-16,4203.399077581839,4332.734711480661,4138.7312606324285,4268.06689453125,26603056
2018-04-17,4268.066969860864,4332.734787951636,4235.733060815479,4300.40087890625,34684095
2018-04-18,4332.734393648146,4332.734393648146,4138.73095703125,4138.73095703125,67491633
2018-04-19,4138.73095703125,4138.73095703125,4138.73095703125,4138.73095703125,0
2018-04-20,4074.063596032078,4138.73095703125,4041.729689929262,4138.73095703125,20866955
2018-04-23,4138.73095703125,4138.73095703125,4138.73095703125,4138.73095703125,0
2018-04-24,3815.39306640625,3847.7269747801743,3686.0576585137974,3815.39306640625,43231111
2018-04-25,3815.39306640625,3815.39306640625,3815.39306640625,3815.39306640625,0
2018-04-26,3783.059188390855,3815.3930970242545,3492.0546875,3492.0546875,35825363
2018-04-27,3492.054620325512,3686.0576171875,3459.7207123140997,3686.0576171875,34318721
2018-04-30,3686.0576171875,3686.0576171875,3686.0576171875,3686.0576171875,0
2018-05-01,3686.0576171875,3686.0576171875,3686.0576171875,3686.0576171875,0
2018-05-02,3686.0576171875,3686.0576171875,3686.0576171875,3686.0576171875,0
2018-05-03,3524.38872787063,3589.056321951376,3362.719404263883,3556.722412109375,43549227
2018-05-04,3589.0562649283042,3653.7240835848606,3492.054762546722,3524.388671875,112873024
2018-05-07,3524.3884725576645,3686.0575588495603,3492.0545650579897,3653.723876953125,36306286
2018-05-08,3653.7241416353772,3686.057825874122,3556.722412109375,3556.722412109375,18432196
2018-05-09,3556.722355600026,3589.0562649283042,3492.054762546722,3524.388671875,15080760
2018-05-10,3524.3887104752234,3524.3887104752234,3362.719387666431,3427.38720703125,28049326
2018-05-11,3427.38720703125,3492.054800792814,3330.385703587276,3427.38720703125,21470696
2018-05-14,3459.720703125,3492.054611050533,3395.053112877177,3459.720703125,57712434
2018-05-15,3492.054800792814,3492.054800792814,3427.38720703125,3427.38720703125,14959134
2018-05-16,3427.3870547732704,3459.720737416036,3362.71923828125,3362.71923828125,59186359
2018-05-17,3362.7193508663718,3395.0532601949335,3265.717848483938,3298.0517578125,27863865
2018-05-18,3298.0516236258904,3330.3855316388945,3201.050125190121,3233.384033203125,52865816
2018-05-21,3265.717670615308,3298.0515781827908,3104.048583984375,3104.048583984375,21767953
2018-05-22,3104.048455956685,3104.048455956685,2877.71156352614,2942.379150390625,51871236
2018-05-23,2877.7116102619593,3071.714599609375,2651.3747141555627,3071.714599609375,49613987
2018-05-24,3071.7145497228266,3071.7145497228266,2942.379150390625,2942.379150390625,9874255
2018-05-25,2910.0455773511935,2974.713166606591,2877.711669921875,2877.711669921875,16796845
2018-05-28,2877.7119205077543,2910.04583075265,2651.375,2651.375,50218075
2018-05-29,2392.704024161501,2910.045654296875,2392.704024161501,2910.045654296875,29590915
2018-05-30,2942.3792591772726,2974.713166606591,2845.377762492557,2877.711669921875,18735234
2018-05-31,2845.377805172286,3007.047119140625,2845.377805172286,3007.047119140625,26380888
2018-06-01,3007.0470418488453,3071.714630412049,2942.3792276824047,2974.713134765625,30994072
2018-06-04,2683.7086880200604,3104.048583984375,2683.7086880200604,3104.048583984375,36673613
2018-06-05,2813.043867083511,3201.050081083583,2813.043867083511,3104.048583984375,22539302
2018-06-06,3136.38232421875,3136.38232421875,3039.3808253173734,3136.38232421875,39166670
2018-06-07,3136.382359363322,3168.716267893845,3007.047176447724,3039.380859375,22857961
2018-06-08,3039.3806928503946,3104.048506368356,3007.047011694648,3071.714599609375,17293846
2018-06-11,3039.380801451699,3071.714709366015,2974.713211226309,3007.047119140625,17297301
2018-06-12,3007.0469628583414,3007.0469628583414,2877.71156352614,2942.379150390625,31174109
2018-06-13,2942.379150390625,2942.379150390625,2942.379150390625,2942.379150390625,0
2018-06-14,2974.713245262174,2974.713245262174,2910.045654296875,2910.045654296875,23449931
2018-06-15,2910.0454697599976,2942.379150390625,2877.71156352614,2942.379150390625,7553135
2018-06-18,2942.379432072042,2942.379432072042,2813.0440203582352,2845.3779296875,16268203
2018-06-19,2845.3779296875,2845.3779296875,2845.3779296875,2845.3779296875,0
2018-06-20,2748.3763539824095,2845.377853779168,2748.3763539824095,2813.0439453125,12489405
2018-06-21,2554.3735259563796,2813.0441342539016,2554.3735259563796,2780.71044921875,15689043
2018-06-22,2748.3763539824095,2813.0439453125,2716.0424455157413,2813.0439453125,10844640
2018-06-25,2845.377853779168,2877.711762245837,2780.710262449078,2813.0439453125,13772928
2018-06-26,2813.0441342539016,2813.0441342539016,2748.3765385803367,2780.71044921875,7641167
2018-06-27,2780.71044921875,2780.71044921875,2780.71044921875,2780.71044921875,0
2018-06-28,2748.376331024275,2748.376331024275,2683.708740234375,2683.708740234375,13392392
2018-06-29,2683.708910244896,2716.042594886533,2651.375,2651.375,15245939
2018-07-02,2651.375,2651.375,2651.375,2651.375,0
2018-07-03,2489.7057699495113,2586.707270014739,2360.370361328125,2360.370361328125,22047328
2018-07-04,2295.7025991750506,2425.038010892734,2134.033503730386,2392.7041015625,15689260
2018-07-05,2425.0377926565398,2425.0377926565398,2263.368711760945,2295.702392578125,16517127
2018-07-06,2069.3657158400238,2522.03955078125,2069.3657158400238,2522.03955078125,31651991
2018-07-09,2522.0394940270226,2619.0409956739654,2425.0379923800792,2489.705810546875,13642382
2018-07-10,2489.705810546875,2489.705810546875,2489.705810546875,2489.705810546875,0
2018-07-11,2457.3717813623516,2457.3717813623516,2295.7024694500083,2328.036376953125,25240201
2018-07-12,2392.7039347212576,2457.3717488724924,2328.036346173259,2425.037841796875,17064410
2018-07-13,2425.0379923800792,2554.3734031104204,2425.0379923800792,2489.705810546875,16580292
2018-07-16,2522.03955078125,2554.3734605922677,2489.705866573488,2522.03955078125,12515872
2018-07-17,2522.039458143911,2586.707275390625,2457.371866500444,2586.707275390625,22120124
2018-07-18,2619.040923841231,2716.042422827703,2586.7072412479033,2683.708740234375,21867488
2018-07-19,2651.375,2716.042594886533,2425.0380794922457,2651.375,14648171
2018-07-20,2619.0410897551037,2683.708910244896,2554.3734948685706,2651.375,16636473
2018-07-23,2651.375,2651.375,2651.375,2651.375,0
2018-07-24,2328.0364576102634,2619.0409584107347,2328.0364576102634,2586.707275390625,12540742
2018-07-25,2554.373291015625,2651.374788405805,2554.373291015625,2554.373291015625,12901195
2018-07-26,2554.373291015625,2554.373291015625,2554.373291015625,2554.373291015625,0
2018-07-27,2586.707331898545,2651.3749249547072,2586.707331898545,2619.041015625,10343369
2018-07-30,2651.374832037803,2683.708740234375,2619.040923841231,2683.708740234375,14563491
2018-07-31,2683.708834284415,2683.708834284415,2619.041015625,2619.041015625,16965424
2018-08-01,2619.0409584107347,2651.3748670340915,2554.3733667672677,2586.707275390625,21515383
2018-08-02,2586.7071986800984,2619.0408807413314,2522.0393833511516,2554.373291015625,12783035
2018-08-03,2554.3733667672677,2619.0409584107347,2554.3733667672677,2586.707275390625,13636689
2018-08-06,2586.7071986800984,2619.0408807413314,2554.373291015625,2554.373291015625,12854849
2018-08-07,2554.373291015625,2586.7071986800984,2522.0393833511516,2554.373291015625,7445969
2018-08-08,2586.707331898545,2651.3749249547072,2554.373422568837,2619.041015625,16947022
2018-08-09,2651.3749249547072,2651.3749249547072,2586.707331898545,2619.041015625,17956675
2018-08-10,2619.041015625,2651.3749249547072,2586.707331898545,2619.041015625,12891910
2018-08-13,2619.04101558915,2845.3779296875,2619.04101558915,2845.3779296875,62872784
2018-08-14,2845.3780448923153,2845.3780448923153,2780.71044921875,2780.71044921875,18056130
2018-08-15,2780.710298234303,2813.0439815138307,2716.04248046875,2716.04248046875,20924025
2018-08-16,2716.042422827703,2748.376331024275,2619.040923841231,2683.708740234375,25962794
2018-08-17,2716.042422827703,2780.710239220847,2683.708740234375,2683.708740234375,19207769
2018-08-20,2683.708797189223,2716.04248046875,2683.708797189223,2716.04248046875,11232758
2018-08-21,2716.042627941923,2780.71044921875,2683.7089429067714,2780.71044921875,22495876
2018-08-22,2780.710374614672,2845.3779685532613,2716.042555072828,2748.37646484375,20672071
2018-08-23,2780.710374614672,2780.710374614672,2716.042555072828,2748.37646484375,13673547
2018-08-24,2716.04248046875,2748.3763893515265,2683.708797189223,2716.04248046875,15415401
2018-08-27,2716.042555072828,2813.044058782339,2683.708870905161,2748.37646484375,31001906
2018-08-28,2780.710262449078,2877.711762245837,2780.710262449078,2813.0439453125,36997339
2018-08-29,2813.0439453125,2845.377853779168,2748.3763539824095,2813.0439453125,12227647
2018-08-30,2813.0441342539016,2813.0441342539016,2748.3765385803367,2780.71044921875,13083775
2018-08-31,2780.710374614672,2845.3779685532613,2748.37646484375,2748.37646484375,23662016
2018-09-03,2748.37646484375,2748.37646484375,2748.37646484375,2748.37646484375,0
2018-09-04,2748.376331024275,2780.710239220847,2683.708740234375,2683.708740234375,19804828
2018-09-05,2683.708740234375,2716.042422827703,2651.374832037803,2683.708740234375,21854222
2018-09-06,2683.708910244896,2683.708910244896,2619.0410897551037,2651.375,13923577
2018-09-07,2651.374832037803,2716.042422827703,2619.040923841231,2683.708740234375,17085588
2018-09-10,2716.042594886533,2716.042594886533,2651.375,2651.375,10217678
2018-09-11,2683.708740234375,2716.042422827703,2651.374832037803,2683.708740234375,17247234
2018-09-12,2716.042422827703,2748.376331024275,2683.708740234375,2683.708740234375,21899928
2018-09-13,2683.708740234375,2683.708740234375,2683.708740234375,2683.708740234375,0
2018-09-14,2748.37646484375,2748.37646484375,2716.042555072828,2748.37646484375,18322309
2018-09-17,2748.376331024275,2748.376331024275,2683.708740234375,2683.708740234375,11952639
2018-09-18,2683.708797189223,2748.3763893515265,2651.3748883064463,2716.04248046875,43864863
2018-09-19,2716.042627941923,2845.3780448923153,2683.7089429067714,2780.71044921875,46653191
2018-09-20,2780.710262449078,2845.377853779168,2748.3763539824095,2813.0439453125,18274711
2018-09-21,2813.0438550632384,2910.0455773511935,2813.0438550632384,2877.711669921875,69551603
2018-09-24,2877.711669921875,2910.0455773511935,2845.377762492557,2877.711669921875,22198605
2018-09-25,2877.711669921875,2877.711669921875,2877.711669921875,2877.711669921875,0
2018-09-26,2845.3779296875,2877.7118390167648,2813.0440203582352,2845.3779296875,28652758
2018-09-27,2845.3778377283306,2942.379336977902,2845.3778377283306,2910.045654296875,54334283
2018-09-28,2910.0454697599976,3007.0469628583414,2910.0454697599976,2942.379150390625,33306104
2018-10-01,2974.713245262174,3007.047153546446,2910.045654296875,2910.045654296875,40605306
2018-10-02,2910.0455773511935,2942.3792591772726,2877.711669921875,2877.711669921875,28993129
2018-10-03,2877.711746012603,2942.379336977902,2845.3778377283306,2910.045654296875,21660176
2018-10-04,2910.0454697599976,2974.713056624483,2877.71156352614,2942.379150390625,16742890
2018-10-05,2942.3792591772726,2942.3792591772726,2845.377762492557,2877.711669921875,25268637
2018-10-08,2877.7118390167648,2877.7118390167648,2813.0440203582352,2845.3779296875,21558194
2018-10-09,2845.3779296875,2845.3779296875,2845.3779296875,2845.3779296875,0
2018-10-10,2813.0441342539016,2845.3780448923153,2748.3765385803367,2780.71044921875,23845997
2018-10-11,2780.71044921875,2780.71044921875,2780.71044921875,2780.71044921875,0
2018-10-12,2554.373333051331,2683.708740234375,2489.705742261431,2683.708740234375,30975825
2018-10-15,2683.708834284415,2683.708834284415,2619.041015625,2619.041015625,10536243
2018-10-16,2619.0410897551037,2683.708910244896,2586.707405113467,2651.375,10365263
2018-10-17,2683.708740234375,2716.042422827703,2651.374832037803,2683.708740234375,16778020
2018-10-18,2586.707331898545,2683.708834284415,2425.0380108532595,2619.041015625,10506807
2018-10-19,2619.041015625,2651.3749249547072,2554.373422568837,2619.041015625,20162910
2018-10-22,2651.3748670340915,2651.3748670340915,2586.707275390625,2586.707275390625,15166272
2018-10-23,2586.7071986800984,2586.7071986800984,2489.705701289919,2554.373291015625,26048208
2018-10-24,2522.03955078125,2586.7073704032855,2522.03955078125,2522.03955078125,12571850
2018-10-25,2489.705810546875,2522.0394940270226,2392.7040832966813,2489.705810546875,24342181
2018-10-26,2263.3688288220615,2554.373324846782,2263.3688288220615,2457.371826171875,15280557
2018-10-29,2457.3717488724924,2489.7056559481102,2425.037841796875,2425.037841796875,11957080
2018-10-30,2425.037841796875,2457.3717488724924,2360.3702532488765,2425.037841796875,20364195
2018-10-31,2457.371901463477,2522.0394940270226,2425.0379923800792,2489.705810546875,16008637
2018-11-01,2489.7057342645917,2522.039416754065,2425.0379180791583,2457.371826171875,10601704
2018-11-02,2457.371901463477,2522.0394940270226,2457.371901463477,2489.705810546875,15195071
2018-11-05,2489.705810546875,2522.0394940270226,2457.371901463477,2489.705810546875,9805665
2018-11-06,2489.7057342645917,2522.039416754065,2457.371826171875,2457.371826171875,11176732
2018-11-07,2457.371826171875,2489.7057342645917,2425.0379180791583,2457.371826171875,8566954
2018-11-08,2457.371826171875,2522.039416754065,2425.0379180791583,2457.371826171875,13781705
2018-11-09,2457.3717488724924,2457.3717488724924,2392.7039347212576,2425.037841796875,13660252
2018-11-12,2425.037841796875,2425.037841796875,2360.3702532488765,2425.037841796875,8621152
2018-11-13,2392.7041015625,2425.038010892734,2360.3704178355183,2392.7041015625,7817551
2018-11-14,2392.7039663561186,2425.037873859235,2328.036376953125,2328.036376953125,13051472
2018-11-15,2328.036376953125,2328.036376953125,2328.036376953125,2328.036376953125,0
2018-11-16,2328.0365085052845,2425.038010892734,2328.0365085052845,2392.7041015625,11718588
2018-11-19,2425.037841796875,2457.3717488724924,2392.7039347212576,2425.037841796875,8170183
2018-11-20,2425.037841796875,2457.3717488724924,2392.7039347212576,2425.037841796875,6603835
2018-11-21,2425.037841796875,2425.037841796875,2392.7039347212576,2425.037841796875,5190046
2018-11-22,2457.3717488724924,2457.3717488724924,2392.7039347212576,2425.037841796875,11351801
2018-11-23,2425.038010892734,2425.038010892734,2360.3704178355183,2392.7041015625,9515036
2018-11-26,2392.704044281036,2392.704044281036,2360.370361328125,2360.370361328125,6921809
2018-11-27,2360.370361328125,2392.704044281036,2360.370361328125,2360.370361328125,13154251
2018-11-28,2328.0365085052845,2392.7041015625,2328.0365085052845,2392.7041015625,13301539
2018-11-29,2360.370361328125,2425.0379528371946,2360.370361328125,2360.370361328125,7688842
2018-11-30,2360.3702532488765,2425.037841796875,2360.3702532488765,2425.037841796875,12130043
2018-12-03,2425.0379923800792,2522.0394940270226,2425.0379923800792,2489.705810546875,21266513
2018-12-04,2489.7057342645917,2522.039416754065,2457.371826171875,2457.371826171875,12451904
2018-12-05,2457.371901463477,2522.0394940270226,2425.0379923800792,2489.705810546875,16020203
2018-12-06,2489.7057342645917,2522.039416754065,2425.0379180791583,2457.371826171875,14023221
2018-12-07,2457.371826171875,2522.039416754065,2457.371826171875,2457.371826171875,14944644
2018-12-10,2457.3717488724924,2457.3717488724924,2425.037841796875,2425.037841796875,12665884
2018-12-11,2425.037841796875,2425.037841796875,2425.037841796875,2425.037841796875,0
2018-12-12,2198.701080002795,2489.705810546875,2198.701080002795,2489.705810546875,12037684
2018-12-13,2489.7057342645917,2522.039416754065,2457.371826171875,2457.371826171875,11449287
2018-12-14,2457.3717488724924,2489.7056559481102,2425.037841796875,2425.037841796875,28705558
2018-12-17,2425.037841796875,2457.3717488724924,2392.7039347212576,2425.037841796875,14815238
2018-12-18,2425.038010892734,2425.038010892734,2360.3704178355183,2392.7041015625,32592548
2018-12-19,2425.038010892734,2425.038010892734,2360.3704178355183,2392.7041015625,7375599
2018-12-20,2425.037841796875,2425.037841796875,2360.3702532488765,2425.037841796875,33384688
2018-12-21,2457.3719202229677,2457.3719202229677,2360.3704178355183,2392.7041015625,10527907
2018-12-24,2392.704044281036,2425.0379528371946,2360.370361328125,2360.370361328125,12042540
2018-12-25,2360.3702844562413,2360.3702844562413,2295.7024694500083,2328.036376953125,12155533
2018-12-26,2328.036376953125,2360.3702844562413,2295.7024694500083,2328.036376953125,12510985
2018-12-27,2360.3702844562413,2392.7039663561186,2328.036376953125,2328.036376953125,11672713
2018-12-28,2328.036376953125,2392.7039663561186,2328.036376953125,2328.036376953125,12154681
2018-12-31,2328.036376953125,2328.036376953125,2328.036376953125,2328.036376953125,0
2019-01-01,2328.036376953125,2328.036376953125,2328.036376953125,2328.036376953125,0
2019-01-02,2360.3702844562413,2360.3702844562413,2295.7024694500083,2328.036376953125,6154850
2019-01-03,2328.0364889997713,2360.3703980590944,2231.0349874250514,2263.368896484375,24566278
2019-01-04,2263.368896484375,2295.702579940448,2231.0349874250514,2263.368896484375,10918694
2019-01-07,2295.7024694500083,2328.036376953125,2263.3687875501314,2328.036376953125,12460660
2019-01-08,2328.0364889997713,2328.0364889997713,2263.368896484375,2263.368896484375,4827169
2019-01-09,2295.7024694500083,2328.036376953125,2263.3687875501314,2328.036376953125,9702829
2019-01-10,2328.036376953125,2328.036376953125,2328.036376953125,2328.036376953125,0
2019-01-11,2263.368896484375,2295.702579940448,2263.368896484375,2263.368896484375,6592284
2019-01-14,2295.702579940448,2328.0364889997713,2263.368896484375,2263.368896484375,14895534
2019-01-15,2263.368711760945,2328.0362989985365,2231.0348053405337,2295.702392578125,11244998
2019-01-16,2295.702579940448,2328.0364889997713,2263.368896484375,2263.368896484375,5878307
2019-01-17,2295.702579940448,2295.702579940448,2263.368896484375,2263.368896484375,6265699
2019-01-18,2295.702579940448,2295.702579940448,2263.368896484375,2263.368896484375,7462991
2019-01-21,2263.3687875501314,2360.3702844562413,2263.3687875501314,2328.036376953125,22508416
2019-01-22,2328.0364889997713,2360.3703980590944,2263.368896484375,2263.368896484375,8603313
2019-01-23,2263.368711760945,2328.0362989985365,2263.368711760945,2295.702392578125,6449114
2019-01-24,2295.702392578125,2328.0362989985365,2263.368711760945,2295.702392578125,10135996
2019-01-25,2328.0362989985365,2328.0362989985365,2263.368711760945,2295.702392578125,5849231
2019-01-28,2328.0362989985365,2328.0362989985365,2263.368711760945,2295.702392578125,15439988
2019-01-29,2295.702392578125,2295.702392578125,2263.368711760945,2295.702392578125,5100394
2019-01-30,2295.7024694500083,2328.036376953125,2263.3687875501314,2328.036376953125,10513774
2019-01-31,2295.7024694500083,2360.3702844562413,2295.7024694500083,2328.036376953125,9453597
2019-02-01,2295.7024694500083,2328.036376953125,2295.7024694500083,2328.036376953125,4467908
2019-02-04,2328.036376953125,2328.036376953125,2328.036376953125,2328.036376953125,0
2019-02-05,2328.036376953125,2328.036376953125,2328.036376953125,2328.036376953125,0
2019-02-06,2328.036376953125,2328.036376953125,2328.036376953125,2328.036376953125,0
2019-02-07,2328.036376953125,2328.036376953125,2328.036376953125,2328.036376953125,0
2019-02-08,2328.036376953125,2328.036376953125,2328.036376953125,2328.036376953125,0
2019-02-11,2295.7025113115346,2489.7057342645917,2295.7025113115346,2457.371826171875,27060733
2019-02-12,2425.0379923800792,2489.705810546875,2425.0379923800792,2489.705810546875,20521386
2019-02-13,2489.705810546875,2489.705810546875,2489.705810546875,2489.705810546875,0
2019-02-14,2489.705701289919,2554.373291015625,2457.3717936254457,2554.373291015625,26298526
2019-02-15,2554.3734031104204,2554.3734031104204,2489.705810546875,2489.705810546875,19925872
2019-02-18,2489.705810546875,2522.0394940270226,2457.371901463477,2489.705810546875,16459686
2019-02-19,2489.7056559481102,2522.039337420491,2425.037841796875,2425.037841796875,22478174
2019-02-20,2425.037841796875,2489.7056559481102,2425.037841796875,2425.037841796875,15349547
2019-02-21,2425.037841796875,2489.7056559481102,2425.037841796875,2425.037841796875,8065572
2019-02-22,2457.371826171875,2522.039416754065,2425.0379180791583,2457.371826171875,16605788
2019-02-25,2457.371826171875,2522.039416754065,2457.371826171875,2457.371826171875,14923616
2019-02-26,2489.7057342645917,2489.7057342645917,2425.0379180791583,2457.371826171875,13101957
2019-02-27,2425.0379180791583,2489.7057342645917,2425.0379180791583,2457.371826171875,12099518
2019-02-28,2457.3719202229677,2457.3719202229677,2392.7041015625,2392.7041015625,13794785
2019-03-01,2392.704009986441,2457.371826171875,2392.704009986441,2457.371826171875,11541915
2019-03-04,2425.0379180791583,2489.7057342645917,2425.0379180791583,2457.371826171875,20180597
2019-03-05,2457.3717488724924,2489.7056559481102,2425.037841796875,2425.037841796875,15073250
2019-03-06,2425.0379180791583,2489.7057342645917,2425.0379180791583,2457.371826171875,14460612
2019-03-07,2457.3717936254457,2586.7071986800984,2457.3717936254457,2554.373291015625,79848209
2019-03-08,2554.3734605922677,2554.3734605922677,2489.705866573488,2522.03955078125,54160717
2019-03-11,2554.3734605922677,2554.3734605922677,2489.705866573488,2522.03955078125,11076110
2019-03-12,2522.0395132391295,2619.041015625,2489.7058295126744,2619.041015625,56699892
2019-03-13,2619.0408807413314,2683.708696070278,2554.373291015625,2554.373291015625,47155956
2019-03-14,2554.373291015625,2619.0408807413314,2554.373291015625,2554.373291015625,17458964
2019-03-15,2554.3733667672677,2619.0409584107347,2554.3733667672677,2586.707275390625,26677399
2019-03-18,2586.707275390625,2619.0409584107347,2554.3733667672677,2586.707275390625,12453167
2019-03-19,2586.7071986800984,2619.0408807413314,2554.373291015625,2554.373291015625,28587566
2019-03-20,2554.3734605922677,2554.3734605922677,2489.705866573488,2522.03955078125,18964009
2019-03-21,2554.3734031104204,2554.3734031104204,2489.705810546875,2489.705810546875,18800294
2019-03-22,2489.705810546875,2489.705810546875,2457.371901463477,2489.705810546875,12016224
2019-03-25,2457.3719202229677,2457.3719202229677,2392.7041015625,2392.7041015625,25147436
2019-03-26,2392.7041015625,2457.3719202229677,2392.7041015625,2392.7041015625,11942145
2019-03-27,2425.0379180791583,2489.7057342645917,2425.0379180791583,2457.371826171875,14616119
2019-03-28,2489.7057342645917,2489.7057342645917,2425.0379180791583,2457.371826171875,7131348
2019-03-29,2457.3717488724924,2489.7056559481102,2425.037841796875,2425.037841796875,4440978
2019-04-01,2457.371901463477,2489.705810546875,2425.0379923800792,2489.705810546875,5251320
2019-04-02,2489.7057342645917,2522.039416754065,2425.0379180791583,2457.371826171875,5742031
2019-04-03,2457.371826171875,2489.7057342645917,2425.0379180791583,2457.371826171875,2003872
2019-04-04,2457.371826171875,2457.371826171875,2425.0379180791583,2457.371826171875,13938721
2019-04-05,2457.3717488724924,2457.3717488724924,2425.037841796875,2425.037841796875,2059953
2019-04-08,2425.0379923800792,2489.705810546875,2425.0379923800792,2489.705810546875,8187927
2019-04-09,2489.7056559481102,2489.7056559481102,2425.037841796875,2425.037841796875,7632653
2019-04-10,2457.3717488724924,2457.3717488724924,2392.7039347212576,2425.037841796875,7042638
2019-04-11,2425.0379180791583,2457.371826171875,2425.0379180791583,2457.371826171875,4718232
2019-04-12,2425.037841796875,2457.3717488724924,2392.7039347212576,2425.037841796875,4546374
2019-04-15,2425.037841796875,2425.037841796875,2425.037841796875,2425.037841796875,0
2019-04-16,2425.0379180791583,2457.371826171875,2360.370327496968,2457.371826171875,15056465
2019-04-17,2457.3719202229677,2457.3719202229677,2392.7041015625,2392.7041015625,3255875
2019-04-18,2425.038010892734,2457.3719202229677,2392.7041015625,2392.7041015625,8503237
2019-04-19,2425.037841796875,2457.3717488724924,2392.7039347212576,2425.037841796875,6923812
2019-04-22,2457.3717488724924,2457.3717488724924,2392.7039347212576,2425.037841796875,5734400
2019-04-23,2425.037841796875,2457.3717488724924,2392.7039347212576,2425.037841796875,7263486
2019-04-24,2425.037841796875,2489.7056559481102,2425.037841796875,2425.037841796875,22090525
2019-04-25,2425.037841796875,2489.7056559481102,2425.037841796875,2425.037841796875,5780873
2019-04-26,2198.7009434740253,2457.3717488724924,2198.7009434740253,2425.037841796875,6157668
2019-04-29,2425.037841796875,2425.037841796875,2425.037841796875,2425.037841796875,0
2019-04-30,2425.037841796875,2425.037841796875,2425.037841796875,2425.037841796875,0
2019-05-01,2425.037841796875,2425.037841796875,2425.037841796875,2425.037841796875,0
2019-05-02,2457.3717488724924,2457.3717488724924,2392.7039347212576,2425.037841796875,12352820
2019-05-03,2425.038010892734,2457.3719202229677,2392.7041015625,2392.7041015625,6307733
2019-05-06,2392.704044281036,2425.0379528371946,2328.0364527719667,2360.370361328125,24022801
2019-05-07,2392.704044281036,2425.0379528371946,2360.370361328125,2360.370361328125,6952046
2019-05-08,2360.3704178355183,2392.7041015625,2328.0365085052845,2392.7041015625,7654562
2019-05-09,2392.7041015625,2392.7041015625,2392.7041015625,2392.7041015625,0
2019-05-10,2392.7041015625,2392.7041015625,2360.3704178355183,2392.7041015625,2662982
2019-05-13,2392.7041015625,2425.038010892734,2360.3704178355183,2392.7041015625,15714281
2019-05-14,2392.704044281036,2392.704044281036,2360.370361328125,2360.370361328125,3976485
2019-05-15,2392.7041015625,2425.038010892734,2360.3704178355183,2392.7041015625,11231395
2019-05-16,2392.7041015625,2425.038010892734,2360.3704178355183,2392.7041015625,8699010
2019-05-17,2392.704044281036,2425.0379528371946,2360.370361328125,2360.370361328125,21838763
2019-05-20,2392.704044281036,2392.704044281036,2360.370361328125,2360.370361328125,5763154
2019-05-21,2360.3702844562413,2392.7039663561186,2328.036376953125,2328.036376953125,9520746
2019-05-22,2328.036376953125,2392.7039663561186,2295.7024694500083,2328.036376953125,50575924
2019-05-23,2328.0364527719667,2360.370361328125,2328.0364527719667,2360.370361328125,3278001
2019-05-24,2360.3702054189484,2360.3702054189484,2295.702392578125,2295.702392578125,7208403
2019-05-27,2295.702392578125,2328.0362989985365,2295.702392578125,2295.702392578125,6598877
2019-05-28,2295.702392578125,2328.0362989985365,2263.368711760945,2295.702392578125,7863429
2019-05-29,2295.702392578125,2295.702392578125,2295.702392578125,2295.702392578125,0
2019-05-30,2295.7024694500083,2328.036376953125,2263.3687875501314,2328.036376953125,10323069
2019-05-31,2328.0364889997713,2328.0364889997713,2263.368896484375,2263.368896484375,4652377
2019-06-03,2295.702579940448,2295.702579940448,2231.0349874250514,2263.368896484375,26814950
2019-06-04,2263.368896484375,2295.702579940448,2231.0349874250514,2263.368896484375,5844958
2019-06-05,2263.368896484375,2295.702579940448,2231.0349874250514,2263.368896484375,5349192
2019-06-06,2263.368896484375,2263.368896484375,2263.368896484375,2263.368896484375,0
2019-06-07,2263.368711760945,2295.702392578125,2231.0348053405337,2295.702392578125,12632826
2019-06-10,2263.368896484375,2295.702579940448,2263.368896484375,2263.368896484375,10088261
2019-06-11,2263.368896484375,2295.702579940448,2231.0349874250514,2263.368896484375,9329524
2019-06-12,2263.368896484375,2263.368896484375,2231.0349874250514,2263.368896484375,21013680
2019-06-13,2263.368896484375,2295.702579940448,2231.0349874250514,2263.368896484375,11330904
2019-06-14,2231.0349874250514,2295.702579940448,2231.0349874250514,2263.368896484375,61119996
2019-06-17,2263.368896484375,2295.702579940448,2231.0349874250514,2263.368896484375,14270375
2019-06-18,2263.368896484375,2263.368896484375,2231.0349874250514,2263.368896484375,11916812
2019-06-19,2263.368896484375,2295.702579940448,2231.0349874250514,2263.368896484375,7190309
2019-06-20,2231.0348053405337,2295.702392578125,2231.0348053405337,2295.702392578125,12204263
2019-06-21,2295.702579940448,2295.702579940448,2263.368896484375,2263.368896484375,7575589
2019-06-24,2295.702579940448,2295.702579940448,2231.0349874250514,2263.368896484375,6841362
2019-06-25,2263.368896484375,2263.368896484375,2231.0349874250514,2263.368896484375,3053858
2019-06-26,2263.368896484375,2263.368896484375,2263.368896484375,2263.368896484375,0
2019-06-27,2231.0348345785264,2263.3687414226783,2166.3672464934584,2198.700927734375,27792485
2019-06-28,2198.700927734375,2231.0348345785264,2166.3672464934584,2198.700927734375,52105119
2019-07-01,2198.700927734375,2231.0348345785264,2198.700927734375,2198.700927734375,11601585
2019-07-02,2231.034773824072,2231.034773824072,2166.3671875,2166.3671875,16145313
2019-07-03,2166.3671875,2198.7008678604216,2166.3671875,2166.3671875,3540700
2019-07-04,2198.700927734375,2231.0348345785264,2166.3672464934584,2198.700927734375,11292437
2019-07-05,2198.700927734375,2231.0348345785264,2166.3672464934584,2198.700927734375,6628182
2019-07-08,2198.7008678604216,2231.034773824072,2166.3671875,2166.3671875,2193143
2019-07-09,2198.7008678604216,2198.7008678604216,2166.3671875,2166.3671875,10007728
2019-07-10,2166.3671875,2198.7008678604216,2166.3671875,2166.3671875,3559465
2019-07-11,2166.3672464934584,2231.0348345785264,2166.3672464934584,2198.700927734375,17002182
2019-07-12,2231.034773824072,2231.034773824072,2166.3671875,2166.3671875,6386849
2019-07-15,2198.7008678604216,2198.7008678604216,2166.3671875,2166.3671875,9103172
2019-07-16,2166.3671875,2166.3671875,2166.3671875,2166.3671875,0
2019-07-17,2198.700927734375,2231.0348345785264,2166.3672464934584,2198.700927734375,21237748
2019-07-18,2198.700927734375,2231.0348345785264,2166.3672464934584,2198.700927734375,17715644
2019-07-19,2198.7010041415856,2231.034912109375,2166.367321777039,2231.034912109375,9420471
2019-07-22,2231.034912109375,2231.034912109375,2231.034912109375,2231.034912109375,0
2019-07-23,2198.700927734375,2231.0348345785264,2166.3672464934584,2198.700927734375,10063571
2019-07-24,2198.700927734375,2263.3687414226783,2198.700927734375,2198.700927734375,25373433
2019-07-25,2198.7010041415856,2231.034912109375,2198.7010041415856,2231.034912109375,4825343
2019-07-26,2231.034912109375,2231.034912109375,2198.7010041415856,2231.034912109375,22422811
2019-07-29,2198.700927734375,2231.0348345785264,2166.3672464934584,2198.700927734375,4226034
2019-07-30,2198.7010386117895,2198.7010386117895,2134.033447265625,2134.033447265625,17893286
2019-07-31,2134.033447265625,2166.3673557403304,2069.3656303162143,2134.033447265625,34562712
2019-08-01,2134.033447265625,2134.033447265625,2134.033447265625,2134.033447265625,0
2019-08-02,2134.033447265625,2134.033447265625,2101.6995387909196,2134.033447265625,11139905
2019-08-05,2134.033370197631,2134.033370197631,2069.365555583619,2101.699462890625,14295525
2019-08-06,2069.365478515625,2101.699384618441,2037.031798016039,2069.365478515625,18245489
2019-08-07,2069.365478515625,2101.699384618441,2037.031798016039,2069.365478515625,5978211
2019-08-08,2069.365478515625,2101.699384618441,2037.031798016039,2069.365478515625,14799694
2019-08-09,2069.365478515625,2101.699384618441,2069.365478515625,2069.365478515625,6342383
2019-08-12,2069.365478515625,2101.699384618441,2069.365478515625,2069.365478515625,7067228
2019-08-13,2069.365478515625,2069.365478515625,2069.365478515625,2069.365478515625,0
2019-08-14,2069.365478515625,2101.699384618441,2037.031798016039,2069.365478515625,7143019
2019-08-15,2069.3655418405965,2069.3655418405965,2004.6979532592918,2037.0318603515625,11076579
2019-08-16,2037.0318603515625,2069.3655418405965,2004.6979532592918,2037.0318603515625,9656994
2019-08-19,2037.0318603515625,2069.3655418405965,2004.6979532592918,2037.0318603515625,6921237
2019-08-20,2037.0320299007203,2069.365714080998,2004.6981201171875,2004.6981201171875,17830072
2019-08-21,2004.6980443029067,2004.6980443029067,1972.3641357421875,1972.3641357421875,18324710
2019-08-22,1972.3641357421875,1972.3641357421875,1972.3641357421875,1972.3641357421875,0
2019-08-23,1972.364046167021,2037.0318603515625,1972.364046167021,2037.0318603515625,15910825
2019-08-26,2037.0318603515625,2037.0318603515625,1972.364046167021,2037.0318603515625,9446872
2019-08-27,2037.0318603515625,2037.0318603515625,2037.0318603515625,2037.0318603515625,0
2019-08-28,2037.0318603515625,2069.3655418405965,2004.6979532592918,2037.0318603515625,10756376
2019-08-29,2037.0318603515625,2069.3655418405965,2037.0318603515625,2037.0318603515625,3419082
2019-08-30,2037.0318603515625,2069.3655418405965,2004.6979532592918,2037.0318603515625,6072925
2019-09-02,2037.0318603515625,2037.0318603515625,2037.0318603515625,2037.0318603515625,0
2019-09-03,2069.365714080998,2069.365714080998,2004.6981201171875,2004.6981201171875,10904922
2019-09-04,2037.0318603515625,2037.0318603515625,1972.364046167021,2037.0318603515625,5819937
2019-09-05,2037.0320299007203,2037.0320299007203,2004.6981201171875,2004.6981201171875,3516725
2019-09-06,2037.0320299007203,2037.0320299007203,1972.3642103336545,2004.6981201171875,4165110
2019-09-09,2004.6981201171875,2004.6981201171875,1972.3642103336545,2004.6981201171875,11861663
2019-09-10,2004.6981201171875,2037.0320299007203,1972.3642103336545,2004.6981201171875,15813991
2019-09-11,1972.3642103336545,2004.6981201171875,1972.3642103336545,2004.6981201171875,5962618
2019-09-12,1972.3642103336545,2037.0320299007203,1972.3642103336545,2004.6981201171875,6690050
2019-09-13,2004.6979532592918,2069.3655418405965,2004.6979532592918,2037.0318603515625,10628874
2019-09-16,2037.031798016039,2069.365478515625,2004.697891913223,2069.365478515625,45445734
2019-09-17,2069.3655418405965,2069.3655418405965,2037.0318603515625,2037.0318603515625,18094760
2019-09-18,2069.3655418405965,2069.3655418405965,2037.0318603515625,2037.0318603515625,12105028
2019-09-19,2037.0318603515625,2037.0318603515625,2037.0318603515625,2037.0318603515625,0
2019-09-20,2134.033370197631,2166.367277504637,2101.699462890625,2101.699462890625,8102019
2019-09-23,2101.6995387909196,2166.3673557403304,2101.6995387909196,2134.033447265625,19757830
2019-09-24,2134.033370197631,2134.033370197631,2101.699462890625,2101.699462890625,8638856
2019-09-25,2101.699462890625,2134.033370197631,2069.365555583619,2101.699462890625,26425232
2019-09-26,2101.6993755726994,2166.3671875,2101.6993755726994,2166.3671875,19643157
2019-09-27,2134.033447265625,2166.3673557403304,2134.033447265625,2134.033447265625,5693346
2019-09-30,2134.033447265625,2198.7010386117895,2134.033447265625,2134.033447265625,7599204
2019-10-01,2134.033447265625,2166.3673557403304,2101.6995387909196,2134.033447265625,5595252
2019-10-02,2134.033370197631,2166.367277504637,2101.699462890625,2101.699462890625,7023928
2019-10-03,2101.6995387909196,2134.033447265625,2069.3656303162143,2134.033447265625,5077868
2019-10-04,2134.033370197631,2134.033370197631,2101.699462890625,2101.699462890625,1977705
2019-10-07,2134.033370197631,2134.033370197631,2069.365555583619,2101.699462890625,5319864
2019-10-08,2101.699462890625,2101.699462890625,2101.699462890625,2101.699462890625,0
2019-10-09,2101.699462890625,2166.367277504637,2101.699462890625,2101.699462890625,7922948
2019-10-10,2134.033370197631,2134.033370197631,2101.699462890625,2101.699462890625,13564161
2019-10-11,2134.033447265625,2166.3673557403304,2101.6995387909196,2134.033447265625,5141105
2019-10-14,2134.0332815363495,2198.7008678604216,2134.0332815363495,2166.3671875,17698471
2019-10-15,2166.3671875,2198.7008678604216,2134.0332815363495,2166.3671875,5289404
2019-10-16,2166.3671875,2198.7008678604216,2166.3671875,2166.3671875,6332463
2019-10-17,2166.3671875,2198.7008678604216,2134.0332815363495,2166.3671875,4234342
2019-10-18,2166.3671875,2166.3671875,2166.3671875,2166.3671875,0
2019-10-21,2134.033370197631,2134.033370197631,2069.365555583619,2101.699462890625,12966084
2019-10-22,2101.6995387909196,2134.033447265625,2101.6995387909196,2134.033447265625,4098335
2019-10-23,2134.033370197631,2134.033370197631,2101.699462890625,2101.699462890625,10444313
2019-10-24,2101.6995387909196,2134.033447265625,2101.6995387909196,2134.033447265625,1434203
2019-10-25,2101.6995387909196,2134.033447265625,2101.6995387909196,2134.033447265625,1434203
2019-10-28,2134.0332815363495,2198.7008678604216,2101.6993755726994,2166.3671875,13940310
2019-10-29,2198.7010386117895,2231.0349470864944,2134.033447265625,2134.033447265625,4484166
2019-10-30,2134.033447265625,2166.3673557403304,2134.033447265625,2134.033447265625,13783894
2019-10-31,2166.3673557403304,2198.7010386117895,2134.033447265625,2134.033447265625,22987779
2019-11-01,2134.033447265625,2166.3673557403304,2134.033447265625,2134.033447265625,5674956
2019-11-04,2134.0332815363495,2231.034773824072,2134.0332815363495,2166.3671875,16079636
2019-11-05,2166.3671875,2198.7008678604216,2134.0332815363495,2166.3671875,8181443
2019-11-06,2166.3671875,2198.7008678604216,2166.3671875,2166.3671875,7715915
2019-11-07,2166.3672464934584,2198.700927734375,2166.3672464934584,2198.700927734375,5061689
2019-11-08,2198.700927734375,2231.0348345785264,2166.3672464934584,2198.700927734375,10938131
2019-11-11,2198.7008678604216,2198.7008678604216,2166.3671875,2166.3671875,11106038
2019-11-12,2166.3671875,2198.7008678604216,2166.3671875,2166.3671875,3183922
2019-11-13,2166.3671875,2198.7008678604216,2134.0332815363495,2166.3671875,11095310
2019-11-14,2166.3673557403304,2166.3673557403304,2134.033447265625,2134.033447265625,6887323
2019-11-15,2134.033447265625,2166.3673557403304,2101.6995387909196,2134.033447265625,8089104
2019-11-18,2166.367277504637,2166.367277504637,2101.699462890625,2101.699462890625,1638837
2019-11-19,2101.699462890625,2101.699462890625,2101.699462890625,2101.699462890625,0
2019-11-20,2134.033447265625,2134.033447265625,2101.6995387909196,2134.033447265625,7755040
2019-11-21,2134.033370197631,2134.033370197631,2069.365555583619,2101.699462890625,6039993
2019-11-22,2101.699384618441,2101.699384618441,2069.365478515625,2069.365478515625,6477033
2019-11-25,2069.365478515625,2101.699384618441,2037.031798016039,2069.365478515625,6014381
2019-11-26,2069.365478515625,2101.699384618441,2069.365478515625,2069.365478515625,9794242
2019-11-27,2101.699448932867,2101.699448932867,2037.0318603515625,2037.0318603515625,5855361
2019-11-28,2037.0320299007203,2069.365714080998,2004.6981201171875,2004.6981201171875,5438907
2019-11-29,2004.6979851167769,2004.6979851167769,1940.0303955078127,1940.0303955078125,16838204
2019-12-02,1940.0303955078127,1940.0303955078127,1940.0303955078127,1940.0303955078125,0
2019-12-03,1907.6964879017103,1972.3640775106746,1907.6964879017103,1940.0303955078125,5605754
2019-12-04,1940.030452784715,2004.6980443029067,1940.030452784715,1972.3641357421875,4594333
2019-12-05,1972.3641357421875,1972.3641357421875,1972.3641357421875,1972.3641357421875,0
2019-12-06,1972.3641357421875,1972.3641357421875,1972.3641357421875,1972.3641357421875,0
2019-12-09,2004.6980443029067,2004.6980443029067,1940.030452784715,1972.3641357421875,4656292
2019-12-10,1972.3640775106746,1972.3640775106746,1940.0303955078127,1940.0303955078125,3719896
2019-12-11,1940.0303955078127,1940.0303955078127,1940.0303955078127,1940.0303955078125,0
2019-12-12,1972.3640775106746,1972.3640775106746,1940.0303955078127,1940.0303955078125,2884925
2019-12-13,1940.0303955078127,1972.3640775106746,1940.0303955078127,1940.0303955078125,4880815
2019-12-16,1972.363985810407,2134.033290721257,1972.363985810407,2069.365478515625,23470336
2019-12-17,2069.3655418405965,2101.699448932867,2004.6979532592918,2037.0318603515625,10371499
2019-12-18,2037.0320299007203,2069.365714080998,2004.6981201171875,2004.6981201171875,33436845
2019-12-19,2004.6981201171875,2037.0320299007203,1972.3642103336545,2004.6981201171875,8338142
2019-12-20,2004.6981201171875,2037.0320299007203,1972.3642103336545,2004.6981201171875,4702459
2019-12-23,2004.6981201171875,2037.0320299007203,1972.3642103336545,2004.6981201171875,11641687
2019-12-24,2004.6981201171875,2004.6981201171875,1972.3642103336545,2004.6981201171875,4998086
2019-12-25,2004.6981201171875,2037.0320299007203,1972.3642103336545,2004.6981201171875,4365597
2019-12-26,2004.6981201171875,2004.6981201171875,2004.6981201171875,2004.6981201171875,0
2019-12-27,1972.363985810407,2069.365478515625,1972.363985810407,2069.365478515625,12397058
2019-12-30,2069.365478515625,2134.033290721257,2037.031798016039,2069.365478515625,18444559
2019-12-31,2101.699462890625,2134.033370197631,2069.365555583619,2101.699462890625,15729079
2020-01-01,2101.699462890625,2101.699462890625,2101.699462890625,2101.699462890625,0
2020-01-02,2101.6993755726994,2166.3671875,2101.6993755726994,2166.3671875,15050264
2020-01-03,2166.367277504637,2166.367277504637,2101.699462890625,2101.699462890625,7878202
2020-01-06,2101.699462890625,2101.699462890625,2101.699462890625,2101.699462890625,0
2020-01-07,2069.365478515625,2134.033290721257,2069.365478515625,2069.365478515625,24692451
2020-01-08,2069.365478515625,2134.033290721257,2037.031798016039,2069.365478515625,54174983
2020-01-09,2101.699462890625,2166.367277504637,2069.365555583619,2101.699462890625,13045219
2020-01-10,2134.0333116825304,2295.702392578125,2134.0333116825304,2295.702392578125,34507200
2020-01-13,2295.7024694500083,2360.3702844562413,2263.3687875501314,2328.036376953125,19544307
2020-01-14,2328.036376953125,2360.3702844562413,2295.7024694500083,2328.036376953125,12045301
2020-01-15,2328.0365085052845,2392.7041015625,2295.7025991750506,2392.7041015625,17299173
2020-01-16,2392.7039347212576,2489.7056559481102,2392.7039347212576,2425.037841796875,17304795
2020-01-17,2425.0379528371946,2489.7057699495113,2360.370361328125,2360.370361328125,16013790
2020-01-20,2360.3702844562413,2392.7039663561186,2328.036376953125,2328.036376953125,16796622
2020-01-21,2295.7025991750506,2457.3719202229677,2295.7025991750506,2392.7041015625,11739156
2020-01-22,2392.7040832966813,2489.705810546875,2392.7040832966813,2489.705810546875,15993164
2020-01-23,2489.705810546875,2489.705810546875,2489.705810546875,2489.705810546875,0
2020-01-24,2489.705810546875,2489.705810546875,2489.705810546875,2489.705810546875,0
2020-01-27,2489.705810546875,2489.705810546875,2489.705810546875,2489.705810546875,0
2020-01-28,2489.705810546875,2489.705810546875,2489.705810546875,2489.705810546875,0
2020-01-29,2489.705810546875,2489.705810546875,2489.705810546875,2489.705810546875,0
2020-01-30,2457.3717488724924,2554.373244496109,2392.7039347212576,2425.037841796875,26022295
2020-01-31,2425.037841796875,2554.373244496109,2392.7039347212576,2425.037841796875,54408128
2020-02-03,2212.8473620790255,2394.72509765625,2212.8473620790255,2394.72509765625,78300904
2020-02-04,2455.4417623222866,2492.09033203125,2418.793418216564,2492.09033203125,18647816
2020-02-05,2492.09033203125,2492.09033203125,2492.09033203125,2492.09033203125,0
2020-02-06,2892.779389260674,3049.1459037080754,2892.779389260674,2970.962646484375,21521475
2020-02-07,2970.9625299219156,3010.0541570000487,2775.50439453125,2775.50439453125,25744097
2020-02-10,2775.50439453125,2775.50439453125,2775.50439453125,2775.50439453125,0
2020-02-11,2697.3210691288837,2814.595947265625,2658.229443083303,2814.595947265625,22488121
2020-02-12,2814.5961157549145,2892.7793725263355,2814.5961157549145,2853.687744140625,23778987
2020-02-13,2853.687744140625,2853.687744140625,2853.687744140625,2853.687744140625,0
2020-02-14,2853.687744140625,2853.687744140625,2853.687744140625,2853.687744140625,0
2020-02-17,2853.6876695116052,2931.8709242383948,2814.5960421482105,2892.779296875,16122488
2020-02-18,2892.779296875,2892.779296875,2892.779296875,2892.779296875,0
2020-02-19,2853.6877262174366,2853.6877262174366,2736.412841796875,2736.412841796875,16243872
2020-02-20,2736.4129182955253,2814.5961767615768,2697.3212890625,2697.3212890625,22514580
2020-02-21,2736.4129182955253,2775.504547528551,2658.2296598294743,2697.3212890625,10450600
2020-02-24,2697.3211403749838,2814.596021609383,2619.1378862187175,2775.50439453125,52521742
2020-02-25,2736.4128589834936,2892.7793725263355,2697.321230597783,2853.687744140625,33176372
2020-02-26,2853.6876895590017,3127.328857421875,2814.596061920985,3127.328857421875,75910019
2020-02-27,3127.328857421875,3127.328857421875,3127.328857421875,3127.328857421875,0
2020-02-28,3127.328857421875,3127.328857421875,3127.328857421875,3127.328857421875,0
2020-03-02,3713.7030857091063,4104.619140625,3557.3367991046966,4104.619140625,129127750
2020-03-03,4104.61948816773,4495.535801786193,4026.436225444038,4417.3525390625,103095002
2020-03-04,4339.168993056019,4690.99365234375,4221.894106626774,4690.99365234375,118258143
2020-03-05,4339.168993056019,4690.99365234375,4221.894106626774,4690.99365234375,118258143
2020-03-06,5042.818051823263,5081.9096821167195,4690.993830388675,4847.3603515625,52589081
2020-03-09,4417.351879430644,4730.084883625794,4378.26025390625,4378.26025390625,10403370
2020-03-10,3948.25244140625,4378.2603296097495,3948.25244140625,3948.25244140625,34699563
2020-03-11,3752.794745221358,4339.1689453125,3713.703116841732,4339.1689453125,70388929
2020-03-12,4339.168628381856,4495.535130479431,4221.893751808675,4378.26025390625,40116031
2020-03-13,4182.802267893952,4417.352028981048,3948.252506806857,4300.0771484375,68275501
2020-03-16,4260.9855215896505,4300.0771484375,4104.619014198254,4300.0771484375,20549668
2020-03-17,4182.802750891423,4417.3525390625,4065.5278568058843,4417.3525390625,28842781
2020-03-18,4300.077208891841,4690.993482866184,4300.077208891841,4651.90185546875,19754804
2020-03-19,4651.902176974161,4651.902176974161,4495.5356565775155,4612.810546875,11788218
2020-03-20,4573.718765914507,4690.99365234375,4456.443879485262,4690.99365234375,14211607
2020-03-23,4534.627286676677,4690.993807073323,4534.627286676677,4612.810546875,32502483
2020-03-24,4573.718600673881,4690.993482866184,4534.626973276447,4651.90185546875,34011519
2020-03-25,4651.902210836497,4964.63525390625,4651.902210836497,4964.63525390625,14437401
2020-03-26,4964.634915595965,5003.726092109335,4808.268404716535,4886.45166015625,12301140
2020-03-27,4886.451981855956,4925.543612149412,4730.085460682131,4847.3603515625,8679008
2020-03-30,4769.176737661053,4847.359992455921,4378.260463686709,4651.90185546875,13817516
2020-03-31,4651.9018751246695,4847.36001293772,4221.893971935957,4769.1767578125,8387191
2020-04-01,4690.993662268187,5081.909499986202,4300.077373343671,5042.81787109375,8927289
2020-04-02,5042.81787109375,5042.81787109375,5042.81787109375,5042.81787109375,0
2020-04-03,5042.817575623321,5199.18408203125,5003.725949021339,5199.18408203125,11308123
2020-04-06,5199.18408203125,5199.18408203125,5199.18408203125,5199.18408203125,0
2020-04-07,5707.375505121829,5824.650390625,5551.008991117601,5824.650390625,18502932
2020-04-08,5785.558328054186,6059.19970703125,5707.375076917881,6059.19970703125,22314729
2020-04-09,6020.108577384763,6450.116042850924,5941.925319807915,6411.0244140625,19423996
2020-04-10,6371.932688244686,7036.490367528257,5863.741972940214,6841.0322265625,11619089
2020-04-13,6880.123872320349,7114.673642078053,6645.574102562645,6958.30712890625,18314769
2020-04-14,6958.30712890625,6958.30712890625,6684.665730855596,6958.30712890625,19876668
2020-04-15,6958.30712890625,6958.30712890625,6958.30712890625,6958.30712890625,0
2020-04-16,6958.30712890625,6958.30712890625,6958.30712890625,6958.30712890625,0
2020-04-17,6841.032097107947,7114.673489281821,6841.032097107947,7036.490234375,11660194
2020-04-20,7036.490234375,7036.490234375,7036.490234375,7036.490234375,0
2020-04-21,7036.490234375,7036.490234375,7036.490234375,7036.490234375,0
2020-04-22,7036.490234375,7036.490234375,7036.490234375,7036.490234375,0
2020-04-23,6332.841156485652,6567.390929216195,6293.749527697229,6411.0244140625,7659673
2020-04-24,6254.657898908805,6411.0244140625,6254.657898908805,6411.0244140625,2923066
2020-04-27,6371.932769097107,6411.024397786286,6215.566254340393,6293.74951171875,4160305
2020-04-28,6293.749342481767,6293.749342481767,6020.108400222137,6254.65771484375,5625019
2020-04-29,6254.658035894585,6254.658035894585,6137.383146960829,6215.56640625,6755944
2020-04-30,6215.56640625,6215.56640625,6215.56640625,6215.56640625,0
2020-05-01,6215.56640625,6215.56640625,6215.56640625,6215.56640625,0
2020-05-04,6176.474800573553,6176.474800573553,6059.200362391218,6098.2919921875,4545645
2020-05-05,6059.200178804301,6176.474613433353,5902.833664356899,5941.92529296875,5791097
2020-05-06,5941.924830326794,6059.19970703125,5785.558328054186,6059.19970703125,6465116
2020-05-07,6059.200190790178,6293.74951171875,6059.200190790178,6293.74951171875,16951541
2020-05-08,6293.749557962346,6645.57421875,6059.2002353104135,6645.57421875,9003712
2020-05-11,6645.574085596744,6841.0322265625,6606.482457403593,6841.0322265625,4981314
2020-05-12,6841.032379224765,6841.032379224765,6684.665862962735,6762.84912109375,5653948
2020-05-13,6684.665862962735,6801.940750159258,6606.482604831721,6762.84912109375,6450807
2020-05-14,6723.75732421875,6801.940580398491,6606.482439949139,6723.75732421875,6336666
2020-05-15,6723.7568904833715,6723.7568904833715,6059.19970703125,6059.19970703125,10338945
2020-05-18,6059.200161631342,6059.200161631342,5472.825734115488,5824.650390625,15051815
2020-05-19,5824.650702052192,6020.1088550080585,5629.192549096327,5668.2841796875,11240247
2020-05-20,5668.283764778753,5668.283764778753,5121.0009765625,5121.0009765625,18663542
2020-05-21,4612.810394724254,4886.45179639249,4612.810394724254,4690.99365234375,62283175
2020-05-22,4690.993232618296,5160.09228515625,4495.535106058124,5160.09228515625,38919847
2020-05-25,5316.459333784307,5668.283997816304,5121.001187099864,5511.91748046875,25115163
2020-05-26,5394.642427313375,5590.100568014312,5121.001030332065,5472.82568359375,23483287
2020-05-27,5433.734363730268,5551.009254804287,5238.276211940238,5316.45947265625,27960905
2020-05-28,5316.459333784307,5590.100739142527,5238.27607511053,5511.91748046875,25850841
2020-05-29,5511.917311733937,5511.917311733937,5355.550799173188,5472.82568359375,16011152
2020-06-01,5472.825851131861,5551.009109805638,5355.550963121195,5511.91748046875,34770325
2020-06-02,5472.82568359375,5590.100568014312,5394.642427313375,5472.82568359375,11296410
2020-06-03,5472.825749626546,5941.92529296875,5394.642492402846,5941.92529296875,32481492
2020-06-04,5941.925449944413,6254.658035894585,5941.925449944413,6215.56640625,54335607
2020-06-05,6215.566087205733,6254.65771484375,6098.29165549817,6254.65771484375,13560139
2020-06-08,6254.657898908805,6489.207671639348,6215.566270120381,6411.0244140625,18184014
2020-06-09,6332.841140407929,6450.116026475464,6293.74951171875,6293.74951171875,13637830
2020-06-10,6293.749193599219,6411.0240737390595,6176.47431345938,6332.8408203125,11516611
2020-06-11,6411.023885938155,6606.482013778916,6059.19970703125,6059.19970703125,26164526
2020-06-12,5863.74188967007,6254.65771484375,5472.825613289903,6254.65771484375,9449165
2020-06-15,6254.657866547329,6411.024380891988,6059.200174823005,6176.474609375,16801993
2020-06-16,6371.932769097107,6411.024397786286,6137.382996962036,6293.74951171875,19699182
2020-06-17,6254.658187348576,6293.749817939749,5668.2841796875,5668.2841796875,12518750
2020-06-18,5668.283824294686,5746.467080575061,5394.642427313375,5472.82568359375,9661536
2020-06-19,5472.825878432975,5746.46728515625,5472.825878432975,5746.46728515625,7190880
2020-06-22,5746.4674408698465,5902.833963234539,5668.2841796875,5668.2841796875,4730849
2020-06-23,5668.2836702969,5707.3752973750325,5472.825534906234,5551.0087890625,7388231
2020-06-24,5551.008767497551,5707.37527520262,5433.73388671875,5433.73388671875,11045817
2020-06-25,5433.7340728754025,5590.1005859375,5316.45918807883,5590.1005859375,2880221
2020-06-26,5590.100568014312,5707.375452434873,5472.82568359375,5472.82568359375,11018269
2020-06-29,5433.733998400358,5433.733998400358,5081.909348832767,5121.0009765625,4279354
2020-06-30,5160.092432544729,5277.367311830572,4769.176619465059,5081.9091796875,7556489
2020-07-01,5081.909034532181,5238.275535780319,4808.2681085544,5160.09228515625,3523023
2020-07-02,5160.092432544729,5199.184058973343,5081.9091796875,5081.9091796875,2975508
2020-07-03,5081.909329378925,5121.000956959012,5003.72607421875,5003.72607421875,2969319
2020-07-06,4964.635064515348,5121.001128878653,4925.543435622897,5042.81787109375,6310356
2020-07-07,5042.817721103035,5238.275859751697,4690.993522741932,5121.0009765625,6651230
2020-07-08,4847.3600336608615,5199.184232021965,4847.3600336608615,5121.0009765625,8090503
2020-07-09,5160.092455429268,5238.275708633232,5081.9092022253035,5199.18408203125,8763317
2020-07-10,5199.184232021965,5238.275859751697,5121.0009765625,5121.0009765625,3402246
2020-07-13,5160.092432544729,5160.092432544729,5042.817553258886,5081.9091796875,8840027
2020-07-14,5081.9091796875,5081.9091796875,5003.725926830271,5081.9091796875,12078117
2020-07-15,5121.000956959012,5121.000956959012,5003.72607421875,5003.72607421875,10631400
2020-07-16,5003.726242201298,5081.909499986202,4964.635064515348,5042.81787109375,6650442
2020-07-17,5042.817553258886,5160.092432544729,4964.6347516081305,5081.9091796875,8535689
2020-07-20,5081.909499986202,5121.001128878653,5003.726242201298,5042.81787109375,7610744
2020-07-21,5042.81787109375,5081.909499986202,4964.635064515348,5042.81787109375,12486396
2020-07-22,5042.818063467169,5042.818063467169,4925.543623522531,4964.63525390625,17070142
2020-07-23,4964.634895625551,4964.634895625551,4769.1767578125,4769.1767578125,19540582
2020-07-24,4808.2688526809625,4847.360484042809,4300.077644976962,4417.3525390625,7156261
2020-07-27,4300.077524558968,4339.169154826105,3987.344482421875,3987.344482421875,12460718
2020-07-28,3909.160747613525,4378.26025390625,3870.0695732955937,4378.26025390625,8390841
2020-07-29,4417.3520910841435,4808.268365058488,4026.4358171098,4651.90185546875,7691316
2020-07-30,4612.810228071316,4847.359992455921,4534.626973276447,4651.90185546875,5246943
2020-07-31,4534.627286676677,4651.902176974161,4378.260766280031,4612.810546875,5316861
2020-08-03,4534.626830120831,4769.176587100834,4495.535203957497,4730.0849609375,5788678
2020-08-04,4808.268569844172,4925.54345703125,4730.085311719454,4925.54345703125,9638222
2020-08-05,4925.543435622897,5042.81787109375,4847.360177837993,5042.81787109375,9179463
2020-08-06,5042.817701798837,5042.817701798837,4886.451642684975,5003.72607421875,5282555
2020-08-07,4964.634915595965,5042.817719829192,4886.45166015625,4886.45166015625,9225920
2020-08-10,4886.451993138811,5003.7264330834505,4886.451993138811,4964.63525390625,8990160
2020-08-11,4925.54345703125,4964.635086093609,4612.810424532376,4925.54345703125,7312425
2020-08-12,4886.451827968891,4964.635086093609,4847.360198906532,4925.54345703125,6428140
2020-08-13,4964.63525390625,4964.63525390625,4847.360362755093,4964.63525390625,7785331
2020-08-14,4964.634915595965,4964.634915595965,4730.08514927682,4886.45166015625,9523995
2020-08-17,4847.360032436392,4886.45166015625,4769.176776996677,4886.45166015625,22076500
2020-08-18,4847.3603515625,4886.451981855956,4769.177090975588,4847.3603515625,24400847
2020-08-19,4847.360359566694,5316.45947265625,4808.268729208688,5316.45947265625,44417364
2020-08-20,5277.367506778926,5433.734018269634,5199.184251033573,5238.27587890625,20653631
2020-08-21,5238.27587890625,5277.367506778926,5199.184251033573,5238.27587890625,8428377
2020-08-24,5121.001013193834,5472.825665278083,5121.001013193834,5355.55078125,36784062
2020-08-25,5355.551103014256,5472.8259940882745,5277.367842298244,5316.45947265625,13861219
2020-08-26,5316.459134651604,5355.550762524281,5238.27587890625,5238.27587890625,7030419
2020-08-27,5238.276211940238,5316.45947265625,5199.184581582231,5316.45947265625,6974133
2020-08-28,5316.4591710330005,5590.100568014312,5316.4591710330005,5472.82568359375,16978444
2020-08-31,5472.825513645017,5590.100394423819,5433.73388671875,5433.73388671875,15698222
2020-09-01,5433.73388671875,5433.73388671875,5433.73388671875,5433.73388671875,0
2020-09-02,5433.73388671875,5433.73388671875,5433.73388671875,5433.73388671875,0
2020-09-03,5511.91748046875,5629.192368479416,5433.734221794973,5511.91748046875,7860906
2020-09-04,5511.917311733937,5511.917311733937,5277.367542892814,5472.82568359375,6882569
2020-09-07,5472.825836591051,5551.009095057102,5355.550948891974,5394.642578125,11616801
2020-09-08,5394.642578125,5433.734207358026,5316.4593196589485,5394.642578125,12125135
2020-09-09,5355.550632866215,5433.73388671875,5277.367379013681,5433.73388671875,9977540
2020-09-10,5433.73388671875,5511.917140571284,5433.73388671875,5433.73388671875,12862432
2020-09-11,5433.734089581277,5785.558745052671,5433.734089581277,5707.37548828125,16829093
2020-09-14,5707.375810278673,5785.559071461019,5590.1009185051535,5668.2841796875,9287080
2020-09-15,5707.375810278673,5707.375810278673,5629.192549096327,5668.2841796875,7867490
2020-09-16,5668.283842468549,5707.375470734073,5590.1005859375,5590.1005859375,4833892
2020-09-17,5590.100268485669,5746.466772667992,5590.100268485669,5629.19189453125,7636359
2020-09-18,5629.192549096327,5707.375810278673,5629.192549096327,5668.2841796875,6252858
2020-09-21,5707.375669005799,6020.108705994201,5707.375669005799,5863.7421875,15065665
2020-09-22,5863.7418879317875,6098.291653690357,5824.65026030536,6020.1083984375,21888336
2020-09-23,6059.19970703125,6098.291332599402,5981.016455894946,6059.19970703125,9213916
2020-09-24,6059.200026063928,6098.291653690357,5981.016770811072,6020.1083984375,26767922
2020-09-25,6020.1083984375,6059.200026063928,5902.833515558215,6020.1083984375,10666742
2020-09-28,6059.200362391218,6215.566430369835,5981.017102798653,6098.2919921875,7516085
2020-09-29,6098.291807416151,6176.474613433353,5941.92529296875,5941.92529296875,13676082
2020-09-30,5941.925143184644,6020.1083984375,5902.833515558215,6020.1083984375,4821231
2020-10-01,6020.1083984375,6059.200026063928,5981.016770811072,6020.1083984375,5247801
2020-10-02,6020.1083984375,6137.382830110298,5902.833515558215,6020.1083984375,13138736
2020-10-05,6020.108732594936,6215.566430369835,6020.108732594936,6098.2919921875,5501285
2020-10-06,6137.382830110298,6137.382830110298,6020.1083984375,6020.1083984375,6870584
2020-10-07,6020.1083984375,6137.382830110298,5981.016770811072,6020.1083984375,8978421
2020-10-08,6059.200026063928,6059.200026063928,5941.925143184644,6020.1083984375,11285832
2020-10-09,6020.108732594936,6137.383170777271,6020.108732594936,6098.2919921875,8698918
2020-10-12,6098.291332599402,6215.565758097395,6020.108081463098,6059.19970703125,14423125
2020-10-13,6098.291653690357,6098.291653690357,5981.016770811072,6020.1083984375,5536521
2020-10-14,6020.108732594936,6137.383170777271,5981.017102798653,6098.2919921875,9168662
2020-10-15,6098.291674093467,6450.115872701935,6098.291674093467,6371.9326171875,18656174
2020-10-16,6371.93244702578,6489.20732716562,6293.749193599219,6332.8408203125,6664176
2020-10-19,6332.840970119783,6332.840970119783,6215.566087205733,6254.65771484375,7187112
2020-10-20,6254.657866547329,6254.657866547329,6137.382980788836,6176.474609375,7082055
2020-10-21,6176.474609375,6293.749495133494,6176.474609375,6176.474609375,5703192
2020-10-22,6215.566562029917,6215.566562029917,6098.292121363438,6137.38330078125,4130067
2020-10-23,6176.474625651214,6371.932769097107,6137.382996962036,6293.74951171875,17114158
2020-10-26,6332.841295183755,6411.024554472926,6215.56640625,6215.56640625,8288957
2020-10-27,6215.566562029917,6254.65819265425,6137.38330078125,6137.38330078125,18774396
2020-10-28,6098.291965241302,6137.383143658342,5863.7421875,5863.7421875,9637676
2020-10-29,5863.741868596226,6020.108378586323,5785.558613601177,5902.83349609375,6614306
2020-10-30,5941.925143184644,6059.200026063928,5863.7418879317875,6020.1083984375,3448247
2020-11-02,6059.200362391218,6098.2919921875,5981.017102798653,6098.2919921875,4532599
2020-11-03,6137.382980788836,6176.474609375,6098.29180340917,6176.474609375,4866506
2020-11-04,6176.474459567717,6254.65771484375,6137.3828319297,6254.65771484375,5190785
2020-11-05,6215.566237961165,6254.657866547329,6137.382980788836,6176.474609375,5852685
2020-11-06,6176.474625651214,6293.74951171875,6137.382996962036,6293.74951171875,7811317
2020-11-09,6293.749557962346,6645.57421875,6254.657928985941,6645.57421875,18125986
2020-11-10,6645.57421875,6841.03236363203,6606.482589773595,6645.57421875,8387875
2020-11-11,6606.482589773595,6684.665847726406,6528.299331820783,6645.57421875,55936678
2020-11-12,6645.57421875,6645.57421875,6645.57421875,6645.57421875,0
2020-11-13,6841.032379224765,6841.032379224765,6684.665862962735,6762.84912109375,15851691
2020-11-16,6762.849105679218,6801.9407346556245,6606.482589773595,6645.57421875,6908789
2020-11-17,6645.574233897229,6762.84912109375,6606.482604831721,6762.84912109375,16509522
2020-11-18,6762.84912109375,6762.84912109375,6645.574233897229,6762.84912109375,8474676
2020-11-19,6762.8487815493945,6762.8487815493945,6606.482273138105,6684.66552734375,8265762
2020-11-20,6723.757154446572,6762.8487815493945,6645.573900240927,6684.66552734375,5704312
2020-11-23,6684.665847726406,6684.665847726406,6606.482589773595,6645.57421875,6479230
2020-11-24,6645.574049857923,6645.574049857923,6450.115909943309,6606.482421875,12413755
2020-11-25,6606.482273138105,6762.8487815493945,6489.207391829637,6684.66552734375,21314734
2020-11-26,6684.66552734375,6762.8487815493945,6606.482273138105,6684.66552734375,20838634
2020-11-27,6684.665847726406,6684.665847726406,6606.482589773595,6645.57421875,13916997
2020-11-30,6645.57421875,6684.665847726406,6567.390960797188,6645.57421875,8274606
2020-12-01,6567.390975766213,6880.124008290272,6489.207717635199,6762.84912109375,48100232
2020-12-02,6762.8488024637845,6880.12368413493,6723.75717524007,6801.9404296875,23668621
2020-12-03,6841.032379224765,6841.032379224765,6723.757492028243,6762.84912109375,11178785
2020-12-04,6762.849105679218,6762.849105679218,6645.57421875,6645.57421875,34569132
2020-12-07,6645.573900240927,6723.757154446572,6606.482273138105,6684.66552734375,18102322
2020-12-08,6684.665713789896,6958.307111141954,6684.665713789896,6841.0322265625,56180900
2020-12-09,6880.12368413493,6919.215311358645,6801.9404296875,6801.9404296875,23625894
2020-12-10,6801.940408652217,6841.03203575504,6684.66552734375,6684.66552734375,21305089
2020-12-11,6684.665862962735,6801.940750159258,6645.574233897229,6762.84912109375,24300008
2020-12-14,6762.84895230862,6801.940580398491,6684.665696128879,6723.75732421875,28972056
2020-12-15,6723.757476702813,6801.9407346556245,6645.57421875,6645.57421875,47057888
2020-12-16,6645.573900240927,6762.8487815493945,6645.573900240927,6684.66552734375,48604271
2020-12-17,6723.757154446572,6841.03203575504,6645.573900240927,6684.66552734375,22636952
2020-12-18,6684.665862962735,6801.940750159258,6684.665862962735,6762.84912109375,11921618
2020-12-21,6762.849150372749,7036.490555016,6762.849150372749,6997.39892578125,54878905
2020-12-22,6958.307310864252,7231.948264864055,6958.307310864252,7114.673828125,102798221
2020-12-23,7114.673489281821,7114.673489281821,6841.032097107947,7036.490234375,44131862
2020-12-24,6958.307266421287,7036.490524552301,6645.574233897229,6762.84912109375,49889532
2020-12-25,6762.8488024637845,6880.12368413493,6684.665548016355,6801.9404296875,30778756
2020-12-28,6801.9404296875,7036.490193029789,6723.75717524007,6801.9404296875,23401545
2020-12-29,6801.940580398491,6841.032208488361,6645.574068039009,6723.75732421875,54523373
2020-12-30,6723.757476702813,6801.9407346556245,6606.482589773595,6645.57421875,23788899
2020-12-31,6645.57421875,6762.849105679218,6645.57421875,6645.57421875,35159178
2021-01-01,6645.57421875,6645.57421875,6645.57421875,6645.57421875,0
2021-01-04,6684.665696128879,6762.84895230862,6645.574068039009,6723.75732421875,36472139
2021-01-05,6723.757195328703,7153.765096074306,6684.665567988194,6919.21533203125,113376532
2021-01-06,6919.2155006133,7114.673642078053,6880.123872320349,6958.30712890625,66151788
2021-01-07,6958.30701920233,7583.77306202851,6958.30701920233,7505.58935546875,106845816
2021-01-08,7466.498046875,7622.865015470419,7388.314788180544,7466.498046875,67686089
2021-01-11,7466.498032344709,7583.773371364675,7349.22314453125,7349.22314453125,90606083
2021-01-12,7388.314773802403,7427.406403073556,7153.76544938199,7349.22314453125,81980562
2021-01-13,7427.406417527773,7740.139903512103,7231.948270791632,7466.498046875,170285104
2021-01-14,7505.589676222228,7622.865015470419,7388.314788180544,7466.498046875,58515481
2021-01-15,7505.58935546875,7661.956317381782,7427.406100115477,7505.58935546875,155421026
2021-01-18,7622.864649208379,7622.864649208379,7231.947923312289,7271.03955078125,88735371
2021-01-19,7271.039646378195,7310.131274361119,6567.390793892077,6606.482421875,158958206
2021-01-20,6645.573940647684,6958.306959371759,6020.108354406019,6919.21533203125,102498387
2021-01-21,6919.2155006133,7075.582013785102,6762.848987441497,6958.30712890625,55698951
2021-01-22,6958.306938582359,6997.398565806075,6723.75717524007,6801.9404296875,53588703
2021-01-25,6801.940718594974,6801.940718594974,6528.29931640625,6528.29931640625,56919410
2021-01-26,6528.299300427771,6567.390929216195,5941.925319807915,6411.0244140625,106435488
2021-01-27,6411.024579351248,6450.11620914753,6020.108732594936,6098.2919921875,69012961
2021-01-28,6020.1086618483005,6059.20029118519,5511.91748046875,5511.91748046875,65323023
2021-01-29,4964.635000159247,5824.650373438381,4964.635000159247,5707.37548828125,100647005
2021-02-01,5668.283967026715,5785.558854400354,5277.36767578125,5277.36767578125,46801000
2021-02-02,5199.184471709698,5785.558914688147,5160.092842177802,5746.46728515625,75585855
2021-02-03,5746.466702486034,6176.4741325292425,5746.466702486034,6059.19970703125,77802704
2021-02-04,6098.291653690357,6137.382830110298,5902.833515558215,6020.1083984375,37146853
2021-02-05,6020.108562101,6293.74951171875,5941.925304722642,6293.74951171875,69540745
2021-02-08,6254.657692364984,6371.932574857557,5785.558613601177,5902.83349609375,60909407
2021-02-09,5863.74157919049,6137.382506961091,5785.558328054186,6059.19970703125,29748258
2021-02-10,6059.19970703125,6059.19970703125,6059.19970703125,6059.19970703125,0
2021-02-11,6059.19970703125,6059.19970703125,6059.19970703125,6059.19970703125,0
2021-02-12,6059.19970703125,6059.19970703125,6059.19970703125,6059.19970703125,0
2021-02-15,6059.19970703125,6059.19970703125,6059.19970703125,6059.19970703125,0
2021-02-16,6059.19970703125,6059.19970703125,6059.19970703125,6059.19970703125,0
2021-02-17,6098.2918194793565,6293.74951171875,6098.2918194793565,6293.74951171875,46123022
2021-02-18,6371.932752305823,6371.932752305823,6137.382980788836,6176.474609375,45012785
2021-02-19,6137.383146960829,6293.749665539171,6059.200338878169,6215.56640625,51142964
2021-02-22,6254.65819265425,6293.749823278584,6137.38330078125,6137.38330078125,38915485
2021-02-23,6137.382850644196,6371.9326171875,6137.382850644196,6371.9326171875,81018880
2021-02-24,6371.9325977578,6450.115853033833,6137.3828319297,6254.65771484375,63949808
2021-02-25,6254.658035894585,6332.841295183755,6098.291968522754,6215.56640625,59065646
2021-02-26,6176.474776605414,6215.56640625,6059.200338878169,6215.56640625,67752906
2021-03-01,6215.56594017266,6332.8408203125,6176.47431345938,6332.8408203125,66208998
2021-03-02,6371.932769097107,6450.116026475464,6254.657883029571,6293.74951171875,64383020
2021-03-03,6293.74951171875,6332.841140407929,6215.566254340393,6293.74951171875,69030061
2021-03-04,6293.749495133494,6332.841123719658,6098.29180340917,6176.474609375,72745936
2021-03-05,6176.474609375,6254.657866547329,6059.200174823005,6176.474609375,53684477
2021-03-08,6215.566237961165,6293.749495133494,6176.474609375,6176.474609375,38051752
2021-03-09,6215.566562029917,6215.566562029917,6098.292121363438,6137.38330078125,43367811
2021-03-10,6137.382850644196,6371.9326171875,6098.291674093467,6371.9326171875,74393697
2021-03-11,6450.116088569692,6801.940750159258,6371.932830438676,6762.84912109375,137497104
2021-03-12,6762.8488226692125,6997.398586712268,6684.665567988194,6919.21533203125,119020559
2021-03-15,6958.30712890625,7192.856898663954,6919.2155006133,6958.30712890625,97721045
2021-03-16,6958.306678707763,7349.222485138745,6841.031801416529,7310.130859375,149628184
2021-03-17,7231.9484207744645,7427.406571564196,7231.9484207744645,7388.31494140625,106287858
2021-03-18,7349.222899126598,7857.41361147562,7349.222899126598,7622.86474609375,147670700
2021-03-19,7622.86491414116,7701.048171796341,7388.3146899691155,7661.95654296875,80507560
2021-03-22,7661.956317381782,7857.413553351988,7505.58935546875,7505.58935546875,112035001
2021-03-23,7505.5896616158625,7740.139888449287,7153.76544938199,7349.22314453125,90635856
2021-03-24,7310.13117534239,7349.2228027958,6841.032097107947,7036.490234375,60773596
2021-03-25,7036.490385492151,7153.765270371004,6958.30712890625,6958.30712890625,29711533
2021-03-26,6958.307070675002,7622.86474609375,6684.665674914341,7622.86474609375,188926672
2021-03-29,7622.864488362382,8365.6044921875,7622.864488362382,8365.6044921875,132100842
2021-03-30,8326.512565166917,9186.5283203125,8326.512565166917,9186.5283203125,105948091
2021-03-31,9186.529026471388,10085.635573551323,8795.61274408316,10046.5439453125,141087438
2021-04-01,10046.544172943397,10867.468384558872,9499.262267612754,10554.7353515625,70918923
2021-04-02,10515.643722437953,11141.109788430696,10242.002318566128,10554.7353515625,109981112
2021-04-05,10437.460934130531,10515.64419589979,9499.2626953125,9499.2626953125,34669386
2021-04-06,9499.262551657719,9772.903963711911,9030.162988136244,9694.720703125,59082181
2021-04-07,9694.720064872785,9811.994948032358,9694.720064872785,9772.9033203125,30696669
2021-04-08,9772.903655937782,9929.270172187218,9694.720397813064,9851.0869140625,42741865
2021-04-09,9851.086108509282,9929.269360240718,9655.62797918069,9890.177734375,56232529
2021-04-12,9929.2705078125,9968.362138196218,9811.995616661343,9929.2705078125,32197675
2021-04-13,9929.2705078125,10202.911018085495,9851.087247045061,9929.2705078125,67543061
2021-04-14,9929.26996300902,10085.635573551323,9890.178334770197,10046.5439453125,41792594
2021-04-15,10124.726732946387,10320.184865089457,9929.269503216261,10163.818359375,72798721
2021-04-16,10163.818999972404,10320.185515542209,9577.445468998632,10085.6357421875,52869898
2021-04-19,10124.727106958408,10476.5517578125,10046.543851213055,10476.5517578125,82305848
2021-04-20,10593.826844881327,10750.193359375,10437.460330387654,10750.193359375,71975348
2021-04-21,10750.193359375,10750.193359375,10750.193359375,10750.193359375,0
2021-04-22,10750.192723937032,11023.834108126168,10632.917844998832,10828.3759765625,93361064
2021-04-23,10750.193497185233,10789.285126309778,10124.727431192488,10554.7353515625,40125245
2021-04-26,10554.734545735002,10906.559180994991,10242.001536615011,10593.826171875,71581659
2021-04-27,10593.827314954493,10632.9189453125,10398.369163164461,10632.9189453125,32100362
2021-04-28,10672.00993449064,10789.284818518721,10476.551794443834,10711.1015625,50284256
2021-04-29,10672.00993449064,10711.1015625,10554.735050462556,10711.1015625,44384441
2021-04-30,10711.1015625,10711.1015625,10711.1015625,10711.1015625,0
2021-05-03,10711.1015625,10711.1015625,10711.1015625,10711.1015625,0
2021-05-04,10554.735148610094,10632.918405355835,10281.09375,10281.09375,33162253
2021-05-05,10476.551071560638,10476.551071560638,10163.818069064362,10320.1845703125,78829038
2021-05-06,11352.203467677611,11352.203467677611,10492.18857303071,10535.189453125,38561908
2021-05-07,10578.190333219289,10578.190333219289,9890.178056536583,10535.189453125,47140663
2021-05-10,10535.18896073515,10664.19069257582,10234.183716556361,10320.1845703125,30726874
2021-05-11,10320.185140513904,10492.188662355406,10019.179879704248,10105.181640625,39516682
2021-05-12,10105.181831207268,10234.184475021366,9890.178327263427,10191.18359375,37934228
2021-05-13,10191.183608446328,11180.201171875,10191.183608446328,11180.201171875,62152056
2021-05-14,11309.203194074329,12298.220703125,11180.200557167005,12298.220703125,131206896
2021-05-17,12298.22072509524,13416.240873050529,12169.218087957457,12771.2294921875,204486422
2021-05-18,12642.227443547627,12771.230086690504,12083.216892341472,12599.2265625,52397822
2021-05-19,12556.225776317486,12685.228420435007,12298.221390495431,12642.2275390625,56138033
2021-05-20,12556.225392931576,12685.228033110192,12470.2236328125,12470.2236328125,31469736
2021-05-21,12470.223728983836,12857.230750091348,12341.221990223312,12513.224609375,59362920
2021-05-24,12685.228228099058,12685.228228099058,12212.219442586322,12556.2255859375,39220245
2021-05-25,12556.225776317486,12642.2275390625,12341.222271867939,12642.2275390625,46082483
2021-05-26,12599.226189307949,13072.234964408219,12556.225309534018,12900.2314453125,84765520
2021-05-27,12943.23290338312,13029.234666773493,12599.226752234628,12685.228515625,47926083
2021-05-28,12814.22987677784,13330.239539343853,12556.225496701316,12986.2333984375,95629859
2021-05-31,12986.233589467567,13287.238854386851,12857.230946325168,13072.2353515625,87934900
2021-06-01,14362.257658735585,14362.257658735585,13029.23400367822,13330.2392578125,87572647
2021-06-02,13330.239354556175,13416.241114193825,12943.232338599713,13373.240234375,55973723
2021-06-03,13373.240361852557,14061.252640686163,13373.240361852557,13932.25,110935829
2021-06-04,13932.250096037367,14190.255379188167,13545.243073724138,13975.2509765625,78400897
2021-06-07,13975.250732421875,13975.250732421875,12900.2314453125,12900.2314453125,77503692
2021-06-08,12900.2314453125,12900.2314453125,12900.2314453125,12900.2314453125,0
2021-06-09,12341.222003377003,13502.243067936997,11825.212340546015,13459.2421875,64287592
2021-06-10,13459.242581312355,13545.243442289731,12685.228515625,12685.228515625,47081199
2021-06-11,12685.227757227422,13932.249642181521,12685.227757227422,12814.2294921875,50796677
2021-06-14,12814.229967847641,12986.233490729717,12513.22470521698,12556.2255859375,42433829
2021-06-15,12685.228201504578,12685.228201504578,12040.216796875,12040.216796875,67366290
2021-06-16,12040.216891650552,12599.226539419682,11610.208984375,11610.208984375,100047975
2021-06-17,11610.209174156502,11739.210916758753,11180.201259852001,11696.2109375,76585519
2021-06-18,11696.210179817008,12126.217163852567,11696.210179817008,11825.2119140625,36213025
2021-06-21,11825.21238908044,11954.215030920897,11438.205365972042,11567.2080078125,39281841
2021-06-22,11610.209174156502,12599.226745367752,11567.208292484751,11696.2109375,53359451
2021-06-23,11739.210627853468,11825.21238908044,11567.2080078125,11567.2080078125,35208518
2021-06-24,11610.208984375,11696.210746312707,11481.20634146844,11610.208984375,27568125
2021-06-25,11610.209079615901,11653.2099609375,11481.206435651105,11653.2099609375,32412147
2021-06-28,11696.210654245027,12169.218536353132,11696.210654245027,12040.216796875,75308568
2021-06-29,12040.216235842061,12384.222362442522,12040.216235842061,12255.2197265625,76278815
2021-06-30,12255.219921069189,12427.223438305811,12040.216426936357,12341.2216796875,39184551
2021-07-01,12255.220608282938,12384.223253444252,12083.217081401186,12212.2197265625,41104908
2021-07-02,12255.22013492777,12470.2236328125,12212.21925486823,12470.2236328125,63426365
2021-07-05,12470.223549986158,12900.2314453125,12384.222692851255,12900.2314453125,77035117
2021-07-06,12900.231348200221,13373.240119739707,12814.229589299779,12857.23046875,83069681
2021-07-07,12685.227734095644,13975.250495821703,12298.22072509524,12771.2294921875,73354282
2021-07-08,12771.229985788212,12814.229964083122,12083.216796875,12083.216796875,23832552
2021-07-09,12083.216972636921,12341.222260637174,11137.200290541625,11180.201171875,47002029
2021-07-12,11180.201155752446,11395.204659696286,10105.181831207268,10191.18359375,90065805
2021-07-13,10234.184005911393,10707.191873388916,10019.17960940984,10449.1875,47250576
2021-07-14,10449.187997148329,10750.193264158694,10234.18449283035,10707.1923828125,37059478
2021-07-15,10707.192482793593,11739.2109375,10535.189858215692,11739.2109375,58795768
2021-07-16,11739.210653624881,12728.229105080325,11739.210653624881,12083.216796875,64593403
2021-07-19,11997.21569724367,12040.216577089086,11008.197265625,11008.197265625,41036897
2021-07-20,10535.18975381491,11653.2099609375,10535.18975381491,11653.2099609375,25260542
2021-07-21,11223.20167773187,12040.216590906482,11223.20167773187,11481.2060546875,16459779
2021-07-22,11481.206529141253,11739.210916758753,11438.205647469504,11696.2109375,17329342
2021-07-23,11696.21015537012,11782.211010549712,11352.203125,11352.203125,21818223
2021-07-26,11180.200512227875,11395.204003796265,11094.198754635345,11352.203125,17124120
2021-07-27,11352.203510228135,11653.209672016399,11352.203510228135,11524.20703125,15316771
2021-07-28,11395.204485358558,11610.208888425987,11395.204485358558,11567.2080078125,15973096
2021-07-29,11524.207316972705,11954.2152277757,11524.207316972705,11653.2099609375,20040341
2021-07-30,11696.210466521714,11997.215723690208,11653.209586581508,11954.21484375,37687220
2021-08-02,11954.215346238625,12083.217089068803,11739.2109375,11739.2109375,22291113
2021-08-03,11782.211035176357,11911.213671834787,11653.209300930863,11825.2119140625,22629281
2021-08-04,11868.212694559319,11954.214451618638,11739.21005897034,11782.2109375,29147704
2021-08-05,11825.21212325401,12513.224392777573,11739.210363960328,12384.22265625,89856413
2021-08-06,12427.223655165923,12556.225392931576,12126.217494749153,12470.2236328125,51529927
2021-08-09,12384.222870614476,12556.225489766166,12255.220229440982,12513.224609375,97319180
2021-08-10,12513.224988844257,12771.230279015372,12427.22412786688,12685.228515625,60966369
2021-08-11,12728.22891316973,12771.22979322927,12470.2236328125,12470.2236328125,33242719
2021-08-12,12470.22361038173,12599.226250328304,12298.220992865929,12427.2236328125,32523545
2021-08-13,12470.2236328125,12685.228033110192,12169.218374808692,12470.2236328125,36701491
2021-08-16,12470.223919357122,12642.227443547627,12384.223059674852,12599.2265625,56828284
2021-08-17,12642.227633929815,12857.231139992748,12556.225870539442,12685.228515625,63977123
2021-08-18,12685.228420435007,12728.229301807514,12513.224894944979,12642.2275390625,32120515
2021-08-19,12470.223824496461,12642.227347378539,12341.222084747878,12556.2255859375,46929897
2021-08-20,12556.225877913006,12599.226759633444,11610.209187302362,12212.2197265625,96067469
2021-08-23,12083.216184794686,12255.219698913324,11739.21005897034,11782.2109375,56759176
2021-08-24,11782.211605837432,11954.215129712846,11610.208984375,11610.208984375,40749179
2021-08-25,11653.209300930863,11825.2119140625,11610.20842204472,11825.2119140625,38788156
2021-08-26,12212.219535533095,12599.22656255029,11954.215151659293,12126.2177734375,66470943
2021-08-27,12083.216678472583,12083.216678472583,11739.210538593352,11997.2158203125,26118815
2021-08-30,11954.21455072093,12040.216308493216,11825.2119140625,11825.2119140625,31159931
2021-08-31,11868.212792948643,11997.215429607073,11696.210179817008,11825.2119140625,38857380
2021-09-01,11782.211508466955,11825.21238908044,11567.2080078125,11567.2080078125,39073379
2021-09-02,11567.2080078125,11567.2080078125,11567.2080078125,11567.2080078125,0
2021-09-03,11567.2080078125,11567.2080078125,11567.2080078125,11567.2080078125,0
2021-09-06,11610.208497388476,11739.210232471118,11309.203245645054,11395.2041015625,46287950
2021-09-07,11395.204198593648,11696.210355313107,11395.204198593648,11438.205078125,35621172
2021-09-08,11524.206739058085,11653.20937655367,11395.2041015625,11395.2041015625,49196849
2021-09-09,11395.204003796265,11481.205761388794,11309.20314861667,11352.203125,26618954
2021-09-10,11395.20398,11524.206616119403,11309.203125,11309.203125,46301020
2021-09-13,11481.206340625076,11481.206340625076,11137.2001953125,11137.2001953125,40338545
2021-09-14,11180.200785006666,11266.2025446975,10793.193768810874,11008.197265625,26858439
2021-09-15,11008.197265625,11051.198145470416,10793.193768810874,11008.197265625,22043628
2021-09-16,11051.198621644544,11395.20477281746,11008.197739946305,11223.2021484375,23641971
2021-09-17,11395.204390483603,11610.208791760933,11309.203532385636,11524.20703125,30905465
2021-09-20,11524.207222437293,11782.211605837432,11438.205460499586,11610.208984375,32088197
2021-09-21,11610.208497388476,11610.208497388476,11395.2041015625,11395.2041015625,46780533
2021-09-22,11395.2041015625,11524.206739058085,11266.202366479858,11395.2041015625,30341421
2021-09-23,11438.205270739069,11567.207911505466,11352.203510228135,11524.20703125,25829534
2021-09-24,11610.208984375,11782.211605837432,11524.207222437293,11610.208984375,43978117
2021-09-27,11825.212290625297,11997.215811647162,11352.203510228135,11524.20703125,36615304
2021-09-28,11524.206640185059,11524.206640185059,11266.202269820405,11352.203125,36852541
2021-09-29,11352.203794795514,11395.20467612889,11137.200290541625,11180.201171875,28363581
2021-09-30,11180.200703349845,11610.208596250406,11180.200703349845,11438.205078125,22364612
2021-10-01,11524.207417912177,11567.208299610416,11180.201266739261,11223.2021484375,30143336
2021-10-04,11223.2019786727,12126.2177734375,11223.2019786727,12126.2177734375,58712463
2021-10-05,12040.216615385743,12470.22361038173,11825.212215474789,12427.2236328125,94561186
2021-10-06,12427.2236328125,12427.2236328125,12427.2236328125,12427.2236328125,0
2021-10-07,12427.2236328125,12427.2236328125,12427.2236328125,12427.2236328125,0
2021-10-08,12427.2236328125,12427.2236328125,12427.2236328125,12427.2236328125,0
2021-10-11,12427.2236328125,12427.2236328125,12427.2236328125,12427.2236328125,0
2021-10-12,13029.234278852415,13093.735148268303,12577.72638811526,12986.2333984375,81956522
2021-10-13,13050.734073314776,13050.734073314776,12685.227948855807,12900.2314453125,48390143
2021-10-14,12900.2314453125,12900.2314453125,12900.2314453125,12900.2314453125,0
2021-10-15,12470.224410923933,12470.224410923933,11846.7138671875,11846.7138671875,62409336
2021-10-18,11846.7138671875,11846.7138671875,11846.7138671875,11846.7138671875,0
2021-10-19,11911.214154983894,12255.220297613869,11739.210632462422,12040.216796875,27694551
2021-10-20,12083.216987229387,12212.219631385306,11954.215245486459,12169.21875,29971378
2021-10-21,12169.21804273871,12169.21804273871,11825.2119140625,11825.2119140625,23562094
2021-10-22,11868.212890625,11997.215528345132,11739.210252904868,11868.212890625,26669495
2021-10-25,11868.212890625,11868.212890625,11868.212890625,11868.212890625,0
2021-10-26,11868.212890625,11868.212890625,11868.212890625,11868.212890625,0
2021-10-27,11868.212890625,11868.212890625,11868.212890625,11868.212890625,0
2021-10-28,11782.211819247725,11846.713593075812,11631.709184337187,11739.2109375,30437058
2021-10-29,11782.211429725396,12018.7158203125,11653.209691160042,12018.7158203125,36831514
2021-11-01,12018.7158203125,12018.7158203125,12018.7158203125,12018.7158203125,0
2021-11-02,12255.220112883737,12298.220992865929,12147.71836413474,12427.2236328125,39501601
2021-11-03,12341.22257210332,12470.224316946185,12233.72081726326,12319.7216796875,4221402277
2021-11-04,12319.721376572801,13115.236328125,12319.721376572801,13115.236328125,94942278
2021-11-05,13093.735269156778,13545.2431640625,12792.730005886297,13545.2431640625,97633425
2021-11-08,13287.238378305754,13437.741005372895,13136.735751238613,13330.2392578125,40350441
2021-11-09,13158.236010416533,13201.236890807697,12513.224609375,12513.224609375,67927014
2021-11-10,12513.224609375,12728.229011330825,12298.221109832146,12513.224609375,97535647
2021-11-11,13626.921735292133,13626.921735292133,12921.14453125,12921.14453125,38397507
2021-11-12,12921.143579870037,13192.596608334003,12866.853515625,12866.853515625,19574489
2021-11-15,12758.272484722,13084.015577431002,12758.272484722,12866.853515625,14576316
2021-11-16,12758.273408387007,13002.580068796215,12758.273408387007,12812.5634765625,14106711
2021-11-17,12866.854469716853,12866.854469716853,12785.418013691298,12839.708984375,13757273
2021-11-18,12839.708883142623,12866.854368270451,12541.1103515625,12541.1103515625,14875713
2021-11-19,12595.40041526347,12866.853442177919,12513.964868154306,12622.5458984375,22401312
2021-11-22,12785.418066397204,13382.614234314795,12731.127997902695,13084.0166015625,19267603
2021-11-23,13301.178618598764,13301.178618598764,12812.56349235221,12921.14453125,13309794
2021-11-24,13029.725639650114,13572.630837034994,12893.999114700644,13545.4853515625,44456930
2021-11-25,13789.792915988946,13789.792915988946,13491.195283030513,13545.4853515625,25185072
2021-11-26,13572.630837034994,13789.792915988946,13409.759729026031,13545.4853515625,22286081
2021-11-29,13246.887709459024,13409.75971976855,13084.0166015625,13084.0166015625,21280999
2021-11-30,13301.178632558745,13328.323215501936,12758.2734375,12758.2734375,30142054
2021-12-01,12758.27338591656,12921.144492569174,12649.691444930826,12785.41796875,22951596
2021-12-02,12893.99900732274,12921.144492569174,12731.127900670126,12785.41796875,18973142
2021-12-03,12785.417942355356,12839.708912736141,12486.8203125,12486.8203125,20425531
2021-12-06,12432.529280769566,12541.110318582343,11672.46201608012,11971.060546875,22272634
2021-12-07,11998.205162741737,12215.367238968618,11943.91509489151,12188.22265625,18827103
2021-12-08,12106.78618301469,12432.529296875,11971.060562382636,12432.529296875,26300278
2021-12-09,12378.239251677169,12486.820289828607,12296.803698666836,12459.6748046875,13901609
2021-12-10,12486.820289828607,12568.25584283894,12323.948281394953,12459.6748046875,14014458
2021-12-13,12432.529309007603,12486.820279243797,12269.658203125,12269.658203125,18330775
2021-12-14,12296.80365431278,12351.093721986184,12052.49609375,12052.49609375,21943281
2021-12-15,12133.931617791544,12242.512655294737,12052.496065267396,12106.7861328125,14068924
2021-12-16,12269.658146037698,12269.658146037698,12025.3505859375,12025.3505859375,12684618
2021-12-17,12106.786161423404,12106.786161423404,11971.060541033403,12052.49609375,19472023
2021-12-20,11998.205112450658,12133.931635126803,11862.4794921875,11862.4794921875,14307386
2021-12-21,11862.479405383843,11943.914957428431,11672.4619140625,11672.4619140625,13769017
2021-12-22,11699.607372660861,11753.898342177563,11292.4287109375,11292.4287109375,26769202
2021-12-23,11292.428607134616,11373.864158248118,10858.104464645323,10912.39453125,20820075
2021-12-24,10966.68562565444,11672.4619140625,10966.68562565444,11672.4619140625,17758194
2021-12-27,11943.914957428431,12133.931546336797,11672.4619140625,11672.4619140625,15603865
2021-12-28,11726.752883700878,11808.188435745466,11618.171846837102,11672.4619140625,17073615
2021-12-29,11808.188435745466,11862.479405383843,11672.4619140625,11672.4619140625,11746940
2021-12-30,11726.752912126982,11753.898397011972,11618.171875,11618.171875,15143451
2021-12-31,11726.752952757817,12106.7861328125,11699.607467778773,12106.7861328125,19522916
2022-01-03,12106.7861328125,12106.7861328125,12106.7861328125,12106.7861328125,0
2022-01-04,12215.3671875,12378.239195190406,12133.93163486129,12215.3671875,20909775
2022-01-05,12269.658151880214,12296.803636884935,11943.9150390625,11943.9150390625,16570819
2022-01-06,11943.915044566636,12215.3671875,11781.04303687623,12215.3671875,29976101
2022-01-07,12188.222570293174,12215.367152820358,11916.769525717486,11998.205078125,18668639
2022-01-10,12052.495975715368,12188.222497189136,11563.880859375,11563.880859375,14991965
2022-01-11,11672.461929902805,11781.042966913934,11428.1552734375,11428.1552734375,17337609
2022-01-12,11455.299934864646,12052.49609375,11292.42882943145,12052.49609375,34687983
2022-01-13,12052.496116468137,12432.529298137257,11916.769593409314,12079.6416015625,30767060
2022-01-14,11726.752969254752,12215.3671875,11726.752969254752,12215.3671875,22204891
2022-01-17,12188.222599279032,12242.512666875491,11699.607478845968,11943.9150390625,22292719
2022-01-18,11618.171802030078,11889.623941936139,11183.84765625,11183.84765625,13920843
2022-01-19,11401.009585284195,11563.88068669016,10505.2158203125,10505.2158203125,12864188
2022-01-20,10749.523465851342,11183.84760982865,10613.79694525519,11129.556640625,17042467
2022-01-21,11373.86424442554,11563.88083260108,11183.84765625,11183.84765625,12028635
2022-01-24,11183.84765625,11509.590765585059,11156.7021715355,11183.84765625,17602453
2022-01-25,11210.993211377065,11618.171875,11129.556756722093,11618.171875,17971125
2022-01-26,11726.752980470621,12079.641578793195,11672.462010384232,12052.49609375,26410403
2022-01-27,12106.786097816148,12432.529209384122,11889.6240234375,11889.6240234375,14840650
2022-01-28,11889.624074532174,12215.3671875,11889.624074532174,12215.3671875,17753768
2022-01-31,12215.3671875,12215.3671875,12215.3671875,12215.3671875,0
2022-02-01,12215.3671875,12215.3671875,12215.3671875,12215.3671875,0
2022-02-02,12215.3671875,12215.3671875,12215.3671875,12215.3671875,0
2022-02-03,12215.3671875,12215.3671875,12215.3671875,12215.3671875,0
2022-02-04,12215.3671875,12215.3671875,12215.3671875,12215.3671875,0
2022-02-07,12378.239245621515,12595.401321818155,12215.36723726754,12541.1103515625,22078767
2022-02-08,12432.529358246851,12622.546852413107,12378.239290208629,12595.4013671875,18804295
2022-02-09,12595.401473046924,13138.306670057007,12459.674948191154,13084.0166015625,49733564
2022-02-10,12948.290000620722,13056.871039384701,12812.5634765625,12812.5634765625,22246933
2022-02-11,12758.273408387007,12866.854447150987,12703.98243779852,12812.5634765625,16859323
2022-02-14,12486.820227092023,12649.691332294387,11943.9150390625,11943.9150390625,32573823
2022-02-15,11943.9150390625,11943.9150390625,11943.9150390625,11943.9150390625,0
2022-02-16,12296.803688243097,12405.384726302495,12188.2226501837,12269.658203125,15995685
2022-02-17,12215.3671875,12405.384680207639,12215.3671875,12215.3671875,7994693
2022-02-18,12188.222587749633,12242.512655294737,12106.7861328125,12106.7861328125,15347020
2022-02-21,12052.496065267396,12215.367170315692,11971.060512743248,12106.7861328125,17726365
2022-02-22,11943.915061818558,12161.077137444114,11835.33402400578,11971.060546875,16224104
2022-02-23,12052.49604800533,12242.512637760523,11998.205078125,11998.205078125,17038382
2022-02-24,11998.205042806101,12106.786079834153,11563.880894693899,11781.04296875,20547230
2022-02-25,11943.915021824192,12052.496059273384,11835.333984375,11835.333984375,12549813
2022-02-28,11862.479475001004,11889.624057566518,11753.8984375,11753.8984375,8979349
2022-03-01,11753.898368520067,11808.188435745466,11645.31733165629,11672.4619140625,16370654
2022-03-02,11591.026354408623,11645.31732401136,11346.718796022264,11401.009765625,24935887
2022-03-03,11482.445289422216,11591.026325948102,11401.009737631046,11455.2998046875,10755475
2022-03-04,11563.880882356203,11808.188441011907,11509.59081510659,11591.0263671875,10586118
2022-03-07,11428.1552734375,11536.736310448629,11401.009788581474,11428.1552734375,20142815
2022-03-08,11292.42870598613,11645.317300451035,11265.283221239682,11373.8642578125,23603154
2022-03-09,11482.445317616128,11482.445317616128,11238.137759229769,11401.009765625,16634818
2022-03-10,11563.880892891677,11672.461929902805,11428.1552734375,11428.1552734375,10519566
2022-03-11,11482.445340736575,11591.026377747703,11373.864303725446,11428.1552734375,13766804
2022-03-14,11509.590894194718,11916.769559810165,11401.0098565364,11862.4794921875,36851333
2022-03-15,11971.060460358825,12052.496012526617,11781.04296875,11781.04296875,17620835
2022-03-16,11808.1884765625,11916.769513801606,11699.607439323394,11808.1884765625,8667187
2022-03-17,11781.043003429642,11998.205078125,11781.043003429642,11998.205078125,19101479
2022-03-18,11998.205095067522,12133.931617547025,11753.8984375,11753.8984375,18477155
2022-03-21,11781.043025837302,12025.3505859375,11753.89844325849,12025.3505859375,16312953
2022-03-22,11998.205129518454,12079.641584687777,11943.915061818558,11971.060546875,24132332
2022-03-23,11998.20508369532,12215.3671584915,11916.76953125,11916.76953125,14400831
2022-03-24,11916.769554057777,12052.496076668403,11862.479486461318,11943.9150390625,8947350
2022-03-25,11998.20510665896,12025.350591663682,11862.479486461318,11943.9150390625,7497684
2022-03-28,11943.914986380945,11943.914986380945,11591.02639011501,11618.171875,14584486
2022-03-29,11672.461982564508,11943.915027523512,11618.171915020497,11753.8984375,11914255
2022-03-30,11672.461954410372,11916.769513801606,11536.736334671226,11808.1884765625,12930910
2022-03-31,11781.042979483982,11835.333949253964,11536.73632275801,11618.171875,9524187
2022-04-01,11455.299891386605,12052.49604800533,11455.299891386605,11998.205078125,17985252
2022-04-04,11943.914975498566,12106.786079834153,11781.04296875,11781.04296875,23542219
2022-04-05,11672.461896071418,11781.042932767836,11563.880859375,11563.880859375,13877610
2022-04-06,11401.009778194388,11672.461919268408,11075.266667457776,11591.0263671875,29555346
2022-04-07,11455.299819757407,11591.026341196562,11183.847679292074,11210.9931640625,19211434
2022-04-08,11129.557631701899,11265.284164384373,10858.10546875,10858.10546875,31148327
2022-04-11,10858.10546875,10858.10546875,10858.10546875,10858.10546875,0
2022-04-12,10885.250908154941,10966.68646644299,10315.2001953125,10315.2001953125,15800626
2022-04-13,10396.634827302127,10640.9423828125,10288.053791787845,10640.9423828125,10303572
2022-04-14,10749.523441835565,10939.540028797874,10668.087890625,10668.087890625,10779134
2022-04-15,10695.232453574063,10830.958973623594,10559.5068359375,10559.5068359375,8931861
2022-04-18,10532.361351445,10640.942387002031,10043.746240231876,10559.5068359375,15951090
2022-04-19,10478.071249247634,10559.507709461881,9853.73046875,9853.73046875,13769868
2022-04-20,9772.293783524392,10016.601331155412,9175.09765625,9175.09765625,14027223
2022-04-21,8957.936543800879,9392.260717987274,8550.757856104394,8795.0654296875,32484294
2022-04-22,8985.08105603914,9147.95215249242,8713.62802539976,8903.6455078125,18549834
2022-04-25,9012.226362889385,9175.097456149368,8387.884765625,8387.884765625,15765052
2022-04-26,8197.869217680058,8632.193390738259,8007.852617570353,8577.9033203125,21192491
2022-04-27,8686.4843861409,8876.50098674419,8523.612369614486,8795.0654296875,13302135
2022-04-28,8876.50098674419,9039.37210085757,8767.919943197592,8795.0654296875,6952507
2022-04-29,8849.35546875,9012.22748469658,8767.919911983226,8849.35546875,13505364
2022-05-02,8849.35546875,8849.35546875,8849.35546875,8849.35546875,0
2022-05-03,8849.35546875,8849.35546875,8849.35546875,8849.35546875,0
2022-05-04,8985.082021151145,9283.679664997298,8903.646464177293,9066.517578125,14662441
2022-05-05,9283.678641262946,9283.678641262946,8876.499998881247,8957.935546875,8657826
2022-05-06,8767.918846424613,8903.645359483182,8415.0302734375,8415.0302734375,9877880
2022-05-09,8469.321106632171,8469.321106632171,7844.979517331968,7872.125,26513039
2022-05-10,7600.6733707579815,8007.852027387509,7546.382401920463,7980.70654296875,18543536
2022-05-11,8062.142070098954,8143.578523115703,7899.27096889138,7953.56103515625,8984626
2022-05-12,7872.12540490788,7953.560954687759,7410.65623667345,7437.80126953125,20256004
2022-05-13,7437.801169141245,7437.801169141245,6922.041490946083,6949.1865234375,28909745
2022-05-16,7057.768020514998,7329.2206193345555,6596.298828125,6596.298828125,22267528
2022-05-17,6406.281381794059,7057.767578125,6406.281381794059,7057.767578125,18830678
2022-05-18,7302.07569547145,7546.3828125,7166.349168406084,7546.3828125,11002618
2022-05-19,7546.382360731088,7980.706499408763,7437.801326061669,7844.97998046875,32327021
2022-05-20,7872.125530703914,8034.997535279311,7763.544495124639,8007.85205078125,21544652
2022-05-23,8089.287056518443,8279.303630368853,7600.672880558401,7872.125,17025276
2022-05-24,7763.544480326115,7953.561066624403,7492.0918918953585,7817.83544921875,20114901
2022-05-25,7844.980568889062,8279.30474014364,7844.980568889062,8252.16015625,21149258
2022-05-26,8360.740159232986,8415.030222681204,8170.722681131933,8197.8681640625,12272203
2022-05-27,8225.014669943332,8306.450226450308,8143.579113436355,8252.16015625,13809867
2022-05-30,8306.450204731547,8333.595690967239,8197.869162201809,8225.0146484375,15488463
2022-05-31,8170.723673181142,8225.014645634019,8034.998046875,8034.998046875,14434532
2022-06-01,8062.142578125,8252.160078058172,8034.997994488564,8062.142578125,8019373
2022-06-02,8062.142578125,8062.142578125,8062.142578125,8062.142578125,0
2022-06-03,7926.416433280534,7980.706499408763,7763.5444300699255,7844.97998046875,7772912
2022-06-06,7763.544886290918,7872.12592734105,7627.818359375,7627.818359375,11641751
2022-06-07,7627.818369462185,7627.818369462185,7274.930211185844,7410.65673828125,16046917
2022-06-08,7519.237394664655,7926.41650390625,7464.9468768462075,7926.41650390625,13831313
2022-06-09,7980.706519495167,8089.28755443787,7899.27096889138,7953.56103515625,6658386
2022-06-10,7844.980477432604,8034.997976951037,7763.544921875,7763.544921875,10296593
2022-06-13,7492.091765146801,7654.9633154498515,7329.22021484375,7329.22021484375,16426482
2022-06-14,7220.639669161495,7546.382791776005,7166.349148725743,7383.51123046875,9802137
2022-06-15,7410.656207457159,7492.091756915982,6976.33207379284,7193.494140625,9225641
2022-06-16,7329.22019337354,7383.510709982184,7220.63916015625,7220.63916015625,6689875
2022-06-17,7057.76808138783,7112.058601619993,6732.024959994846,7030.623046875,22079277
2022-06-20,6949.187068197898,7356.36619714049,6949.187068197898,7247.78515625,24514450
2022-06-21,7139.204064817999,7274.930139366996,6976.332504635302,7003.4775390625,6007679
2022-06-22,7220.639641320168,7410.656687715885,7030.623046130955,7166.34912109375,8542084
2022-06-23,7193.4941718257,7383.51075552477,7166.348687750702,7356.36572265625,5428289
2022-06-24,7383.510731611434,7492.091765146801,7329.22021484375,7329.22021484375,6609536
2022-06-27,7383.511252379565,7492.092293573287,7356.366217684389,7410.65673828125,6357798
2022-06-28,7410.656299796169,7817.83540578328,7356.3657824116535,7682.10888671875,14160156
2022-06-29,7573.527855535399,7736.398956559578,7546.382371227049,7600.67333984375,8952286
2022-06-30,7600.673249888644,7682.108799436931,7329.22021484375,7329.22021484375,8690676
2022-07-01,7329.220718238765,7383.511238735299,7030.623081111074,7302.07568359375,10313274
2022-07-04,7383.51123046875,7492.092271340253,7329.220710032998,7383.51123046875,7761848
2022-07-05,7383.511244084515,7682.109332635041,7383.511244084515,7492.09228515625,14677079
2022-07-06,7437.801752205105,7546.382793095595,7247.78515625,7247.78515625,9689119
2022-07-07,7329.220718238765,7437.801759231835,7220.639677245694,7302.07568359375,5277655
2022-07-08,7437.801750904502,7437.801750904502,7329.220710032998,7383.51123046875,5673900
2022-07-11,7356.36619714049,7383.51123175986,7139.204115359509,7247.78515625,7307051
2022-07-12,7247.78515625,7247.78515625,7247.78515625,7247.78515625,0
2022-07-13,7410.65635902776,7926.41650390625,7410.65635902776,7926.41650390625,61425527
2022-07-14,7980.706546977973,8197.868617611211,7899.27099609375,7899.27099609375,19828950
2022-07-15,7953.56103515625,8279.30413998436,7899.27096889138,7953.56103515625,22123361
2022-07-18,8007.852035517038,8089.2875864430225,7817.83544921875,7817.83544921875,27104173
2022-07-19,7844.980027228958,7953.5610625455765,7709.254409892908,7899.27099609375,15836369
2022-07-20,8007.852560648561,8170.723673181142,7953.561588195684,8034.998046875,29431944
2022-07-21,7980.706519495167,8116.433038776787,7926.416453230297,7953.56103515625,19125479
2022-07-22,7980.707027325166,8116.433555243364,7790.6904296875,7790.6904296875,24486536
2022-07-25,7790.689921487782,7844.979987665818,7627.817918127753,7682.10888671875,14556061
2022-07-26,7709.254839074724,7763.544908548933,7654.9638671875,7654.9638671875,10654542
2022-07-27,7627.818394336982,7844.980477432604,7627.818394336982,7763.544921875,10326890
2022-07-28,7926.4164765441965,8062.142093812062,7872.125507706678,7980.70654296875,26845286
2022-07-29,8062.142070098954,8089.28755443787,7926.416453230297,7953.56103515625,19090416
2022-08-01,8007.85204253651,8225.014113471474,7953.5610735962855,8170.72314453125,35840805
2022-08-02,8197.8681640625,8387.884739750636,8143.578100614282,8197.8681640625,27697860
2022-08-03,8170.723645376764,8387.885729623236,8143.5790616557215,8279.3046875,26024710
2022-08-04,8415.031269263953,8469.322241877288,8225.014669943332,8252.16015625,26003434
2022-08-05,8197.869162201809,8279.304718495858,8116.433605907761,8225.0146484375,22058171
2022-08-08,8252.160134673191,8360.74117720293,8170.723675966118,8225.0146484375,19620785
2022-08-09,8279.30474014364,8306.450226450308,8170.723697329995,8252.16015625,24065440
2022-08-10,8225.01416478669,8252.15964942616,8143.57861328125,8143.57861328125,14680824
2022-08-11,8225.014645634019,8252.160131860459,8007.852560648561,8034.998046875,23509539
2022-08-12,8007.852529983061,8116.4335720599875,7980.707043860574,8089.2880859375,12312713
2022-08-15,8116.432713131095,8632.1923828125,8089.287229881303,8632.1923828125,78722967
2022-08-16,8686.48436357705,8822.209990847963,8550.757833893103,8577.9033203125,21467378
2022-08-17,8577.902319660572,8659.337867005894,8469.3212890625,8469.3212890625,21637756
2022-08-18,8415.0302734375,8550.75678649607,8387.884790343202,8415.0302734375,23438392
2022-08-19,8415.030248639303,8496.465795269296,8360.740185023617,8387.884765625,17410798
2022-08-22,8360.740234141587,8523.61132835841,8306.44926779403,8442.17578125,19812270
2022-08-23,8387.885775684865,8550.757790970632,8360.741191814759,8523.6123046875,17136082
2022-08-24,8523.612283089347,8605.047839319366,8496.466796875,8496.466796875,22265996
2022-08-25,8550.756859730765,8659.337890625,8496.465893077182,8659.337890625,24717850
2022-08-26,8713.628903843373,8767.919876409638,8496.466818404368,8523.6123046875,22675007
2022-08-29,8333.594702009312,8442.175731653608,8197.868189350715,8387.884765625,32756287
2022-08-30,8442.176767560131,8550.75781052798,8360.7412109375,8360.7412109375,13129203
2022-08-31,8333.594775211679,8469.3212890625,8333.594775211679,8469.3212890625,16537288
2022-09-01,8469.3212890625,8469.3212890625,8469.3212890625,8469.3212890625,0
2022-09-02,8469.3212890625,8469.3212890625,8469.3212890625,8469.3212890625,0
2022-09-05,8469.32121466791,8469.32121466791,8387.884765625,8387.884765625,9007093
2022-09-06,8415.0302734375,8523.611303401773,8360.740209661826,8415.0302734375,15532377
2022-09-07,8442.176143604896,8442.176143604896,7953.56103515625,7953.56103515625,29946995
2022-09-08,8034.997479125509,8089.287545329248,7600.67333984375,7600.67333984375,25758164
2022-09-09,7736.399435884793,7763.544921875,7546.382838779378,7763.544921875,13657190
2022-09-12,7817.835378382316,7899.270928570424,7736.39892578125,7736.39892578125,9345128
2022-09-13,7736.398995879798,7817.83544921875,7709.254413846447,7817.83544921875,10443653
2022-09-14,7600.673336245216,7736.398952896785,7600.673336245216,7682.10888671875,14295302
2022-09-15,7736.39942260532,7763.544908548933,7654.9638671875,7654.9638671875,8605401
2022-09-16,7654.963337219565,7709.25430534812,7383.5107526091715,7437.80126953125,13967820
2022-09-19,7437.801192651382,7492.091709012294,7057.767578125,7057.767578125,19903842
2022-09-20,7193.494620885532,7302.075661550826,7057.76809445066,7274.93017578125,12878316
2022-09-21,7220.63916015625,7274.929676764895,7166.348643547605,7220.63916015625,7143480
2022-09-22,7112.058629533633,7302.0756766952445,7112.058629533633,7247.78515625,11190358
2022-09-23,7247.785119783472,7302.075639955559,7112.05859375,7112.05859375,10219318
2022-09-26,7003.477501179929,7003.477501179929,6650.589348296146,6732.02490234375,20690886
2022-09-27,6759.170431825671,6976.3325123081095,6704.879911705061,6922.0419921875,13569022
2022-09-28,6840.605949515348,6949.186989171044,6732.024909859652,6786.3154296875,8920968
2022-09-29,6894.896461645458,6949.186981412694,6732.02490234375,6732.02490234375,9261215
2022-09-30,6759.17041015625,6813.460930102809,6596.298850316575,6759.17041015625,11852810
2022-10-03,6759.170348197172,6813.460867646067,6460.572265625,6460.572265625,15188386
2022-10-04,6623.44379047004,6623.44379047004,6243.41015625,6243.41015625,11050617
2022-10-05,6351.9912109375,6460.572249565381,6324.845725677282,6351.9912109375,11481755
2022-10-06,6379.136636156639,6406.281669954868,5944.812034526527,5971.95751953125,11314780
2022-10-07,5727.649883831187,5863.376404653102,5591.923814215758,5619.06884765625,26037987
2022-10-10,5456.197288813311,5646.214327563173,5277.0385341544215,5483.3427734375,22040470
2022-10-11,5374.761668777249,5456.1972191978075,5103.30908203125,5103.30908203125,24383390
2022-10-12,4967.582605324544,5456.197265625,4967.582605324544,5456.197265625,33264019
2022-10-13,5537.63330990249,5673.35937985552,5483.34279167998,5591.923828125,17536923
2022-10-14,5781.94047811767,5971.95751953125,5754.79544431944,5971.95751953125,24759210
2022-10-17,5971.957560378543,6297.700675424292,5890.521556013859,6243.41015625,24623043
2022-10-18,6406.281672907087,6460.572191735058,6080.538559939261,6107.68359375,15882156
2022-10-19,6216.2646226610395,6216.2646226610395,5999.102547654654,6053.39306640625,11582518
2022-10-20,5999.102521403051,6107.683558431102,5890.521484375,5890.521484375,12429136
2022-10-21,5917.666912897306,6026.247948891632,5510.487802315337,5564.7783203125,20956922
2022-10-24,5646.214308019875,5809.0858615818,5353.045601849707,5374.76171875,20050222
2022-10-25,5429.052277500807,5727.64990234375,5233.606321512913,5727.64990234375,24164672
2022-10-26,5809.086396005996,5890.5219546756225,5591.924304611623,5673.35986328125,9941538
2022-10-27,5673.359435145075,6053.39306640625,5673.359435145075,6053.39306640625,21556907
2022-10-28,6189.119594743059,6243.410113546011,5917.667000728297,5971.95751953125,18405497
2022-10-31,6080.538576598951,6270.555167414219,5971.957538645514,6216.2646484375,20462807
2022-11-01,6297.70068359375,6487.71772655351,6270.5551983681435,6297.70068359375,21826688
2022-11-02,6297.700658651597,6351.991177681297,6107.683616444403,6134.8291015625,15669055
2022-11-03,5971.957527995104,6189.1196035146895,5971.957527995104,6026.248046875,17918530
2022-11-04,6026.248041111289,6243.410116423174,5809.085965799405,6107.68359375,27724583
2022-11-07,6189.119567444435,6189.119567444435,5809.0859375,5809.0859375,16369122
2022-11-08,5809.085957627312,6107.683585157846,5781.940472648268,6053.39306640625,17330970
2022-11-09,6161.974109738337,6161.974109738337,5971.95751953125,5971.95751953125,13516257
2022-11-10,5917.666912897306,5971.957430894469,5564.7783203125,5564.7783203125,24480749
2022-11-11,5700.505348533424,5781.940907177688,5429.052734375,5429.052734375,12305054
2022-11-14,5429.052277938268,5456.197311468683,5092.450884198302,5168.45751953125,20808330
2022-11-15,5065.305510308868,5342.18699950542,4810.14013671875,4810.14013671875,24752232
2022-11-16,4506.113727209382,5146.74169921875,4473.539324129504,5146.74169921875,33315081
2022-11-17,5320.471688711631,5429.052734375,5266.181165879946,5429.052734375,17229186
2022-11-18,5456.197288813311,5537.633291479391,5239.035216645746,5483.3427734375,25408726
2022-11-21,5564.778352400184,5700.504873778964,5483.342800538107,5646.21435546875,19766824
2022-11-22,5646.21435546875,5836.230943951255,5537.633318848321,5646.21435546875,25834758
2022-11-23,5806.371280721142,5862.561827895107,5625.3125,5625.3125,14199237
2022-11-24,5619.068670749186,5644.0424977898865,5413.036515290915,5537.904296875,11945677
2022-11-25,5681.502864223707,5806.37109375,5594.095148675948,5806.37109375,12703179
2022-11-28,5912.509192632913,6212.19287109375,5912.509192632913,6212.19287109375,21967998
2022-11-29,6243.409971315746,6399.495378520908,6168.488939760749,6337.06103515625,27887258
2022-11-30,6337.061411819068,6399.4957588947045,6243.410342412123,6305.84423828125,35859676
2022-12-01,6368.2782518070835,6742.882961020791,6337.061079904321,6649.2314453125,79947085
2022-12-02,6618.014874153417,6992.619140625,6524.36380753552,6992.619140625,40270889
2022-12-05,7211.139013224825,7367.223976353551,6774.099943327485,7023.83642578125,77095130
2022-12-06,7055.053526165145,7179.921766104868,6555.58056640625,6555.58056640625,66365186
2022-12-07,6493.146597104959,6774.0997953221,6430.712252252377,6524.36376953125,35460796
2022-12-08,6711.666127305515,6930.185439222642,6649.231780354045,6742.88330078125,36395759
2022-12-09,6742.8828834047345,6867.751118371969,6586.797476894071,6618.0146484375,29999619
2022-12-12,6680.448806345974,6992.619180592033,6555.58056640625,6555.58056640625,49081917
2022-12-13,6742.883485358496,6805.3173828125,6555.580890583442,6805.3173828125,31377864
2022-12-14,6867.751429199942,6930.185323906019,6711.666015625,6711.666015625,31859036
2022-12-15,6711.666311028233,6867.751731473025,6680.449136697971,6805.3173828125,30313839
2022-12-16,6711.66620122368,7023.836585799557,6680.449027404138,6774.10009765625,45578730
2022-12-19,6805.3173828125,7086.2710493718205,6805.3173828125,6805.3173828125,53169142
2022-12-20,6805.316657903146,6836.533828908123,6399.495239664332,6586.79736328125,45876965
2022-12-21,6711.665901676011,6711.665901676011,6305.8440137537045,6524.36376953125,28904809
2022-12-22,6618.0149119793605,6742.883151919084,6493.146672039637,6555.58056640625,18350401
2022-12-23,6586.797433360707,6618.014604697816,6430.712027881642,6461.92919921875,12699034
2022-12-26,6461.929082414075,6461.929082414075,6012.40380859375,6012.40380859375,31893966
2022-12-27,6012.404090894803,6368.2783203125,5968.700230243393,6368.2783203125,19146237
2022-12-28,6430.712481226013,6430.712481226013,6237.166997945861,6305.84423828125,13171918
2022-12-29,6274.627137984425,6368.278201750099,6180.97607421875,6180.97607421875,12110113
2022-12-30,6274.627215176605,6305.843936011545,6180.97615025881,6212.19287109375,8186585
2023-01-02,6212.19287109375,6212.19287109375,6212.19287109375,6212.19287109375,0
2023-01-03,6218.436183964674,6524.363656259317,6212.192839829107,6493.146484375,21735330
2023-01-04,6493.146748653537,6618.014990066605,6430.71240234375,6430.71240234375,15018162
2023-01-05,6493.146370555859,6524.363541892967,6368.278136413902,6461.92919921875,13319333
2023-01-06,6493.1463014727915,6867.7509999131,6430.711959462837,6586.79736328125,50273673
2023-01-09,6680.448806345974,6742.883151919084,6555.58056640625,6555.58056640625,18680753
2023-01-10,6586.797739192805,6649.231633559418,6493.146672039637,6555.58056640625,17196979
2023-01-11,6618.014534286228,6742.882767099663,6555.580192276273,6586.79736328125,19581527
2023-01-12,6649.231633559418,6649.231633559418,6555.58056640625,6555.58056640625,18484200
2023-01-13,6618.014836811268,6867.751313854183,6618.014836811268,6680.44873046875,32772242
2023-01-16,6711.665902900737,6742.883075332725,6649.231558036762,6680.44873046875,16478255
2023-01-17,6742.883405524087,6961.402720835657,6742.883405524087,6930.185546875,45586427
2023-01-18,6961.402720835657,7023.836617550457,6898.968372914343,6930.185546875,24219338
2023-01-19,6930.185171480316,7086.270581622243,6867.75127814744,6961.40234375,33793345
2023-01-20,6961.40234375,6961.40234375,6961.40234375,6961.40234375,0
2023-01-23,6961.40234375,6961.40234375,6961.40234375,6961.40234375,0
2023-01-24,6961.40234375,6961.40234375,6961.40234375,6961.40234375,0
2023-01-25,6961.40234375,6961.40234375,6961.40234375,6961.40234375,0
2023-01-26,6961.40234375,6961.40234375,6961.40234375,6961.40234375,0
2023-01-27,7086.270658449392,7117.487379851026,6961.4024192233655,6992.619140625,28189637
2023-01-30,6992.619526381033,7023.836700711296,6805.3173828125,6805.3173828125,42885588
2023-01-31,6742.883223577027,6867.75146484375,6680.448877340415,6867.75146484375,36897800
2023-02-01,6930.185010252346,6992.618902132723,6586.797476894071,6618.0146484375,36550871
2023-02-02,6618.014835603631,6680.44872924972,6493.146597104959,6524.36376953125,25949841
2023-02-03,6555.580490751048,6649.231556823429,6493.146597104959,6524.36376953125,14943567
2023-02-06,6524.36376953125,6586.797663177339,6461.929424678668,6524.36376953125,10413800
2023-02-07,6555.580334519588,6586.797506201917,6305.843863473921,6337.06103515625,23117571
2023-02-08,6368.278206838579,6430.712098996754,6243.409971315746,6337.06103515625,15460112
2023-02-09,6368.278206838579,6399.495378520908,6305.843863473921,6337.06103515625,7906407
2023-02-10,6337.061411819068,6430.712481226013,6274.627515949941,6305.84423828125,10797583
2023-02-13,6274.627405933347,6274.627405933347,6068.5947861266495,6118.5419921875,24233251
2023-02-14,6174.73283655128,6205.950011027834,6131.028972766715,6143.51611328125,8608110
2023-02-15,6174.732645169505,6337.061405968481,6149.759267327515,6237.1669921875,13180354
2023-02-16,6305.84423828125,6337.061411819068,6224.680309013337,6305.84423828125,9543517
2023-02-17,6305.84423828125,6399.4957588947045,6243.410342412123,6305.84423828125,15064489
2023-02-20,6305.844086526803,6586.797739192805,6305.844086526803,6555.58056640625,21658662
2023-02-21,6618.014604697816,6649.231324828447,6461.92919921875,6461.92919921875,18462443
2023-02-22,6368.278585356886,6430.712481226013,6305.84423828125,6305.84423828125,19635105
2023-02-23,6274.627515949941,6305.84423828125,6187.219791009257,6305.84423828125,20631491
2023-02-24,6337.060924512753,6368.278095650038,6212.192691170088,6218.43603515625,8425617
2023-02-27,6118.542172665953,6180.976520488517,6106.055483584047,6112.298828125,13790145
2023-02-28,6156.0026911181885,6199.706554111378,6099.812139043093,6112.298828125,8653992
2023-03-01,6118.54191702848,6243.41015625,6049.864227534371,6243.41015625,19892194
2023-03-02,6274.627137984425,6305.843858435328,6180.97607421875,6180.97607421875,5196687
2023-03-03,6230.923413925325,6243.410102377785,6106.05517578125,6106.05517578125,8227287
2023-03-06,6187.219546405561,6274.6272678906935,6187.219546405561,6193.462890625,9408386
2023-03-07,6237.16686444651,6243.410208779141,6193.463002911599,6224.68017578125,7997135
2023-03-08,6137.272059954261,6305.844163366699,6137.272059954261,6274.62744140625,11847104
2023-03-09,6305.844160930682,6461.929575498643,6274.627438982293,6430.71240234375,27024079
2023-03-10,6368.278585356886,6399.4957588947045,6305.84423828125,6305.84423828125,10824373
2023-03-13,6212.193051379428,6305.844119015094,6180.976329638539,6205.94970703125,23103067
2023-03-14,6205.94951202926,6368.278264807225,6193.462823725259,6230.92333984375,18777254
2023-03-15,6368.2784326793535,6430.712327051648,6305.844087100562,6399.49560546875,22864923
2023-03-16,6337.061411819068,6368.278585356886,6305.84423828125,6305.84423828125,15898510
2023-03-17,6368.2784326793535,6430.712327051648,6305.844087100562,6399.49560546875,45766996
2023-03-20,6368.27839547152,6368.27839547152,6193.462950802692,6243.41015625,26901973
2023-03-21,6305.843863473921,6368.278206838579,6218.436143728586,6337.06103515625,13820042
2023-03-22,6368.2783203125,6430.712213583161,6305.843975835349,6368.2783203125,18439945
2023-03-23,6274.627364946746,6618.0149119793605,6243.41019216019,6555.58056640625,54381766
2023-03-24,6618.0149119793605,6649.231633559418,6493.146672039637,6555.58056640625,23969650
2023-03-27,6555.580380810695,6680.448617215264,6493.146488211653,6649.2314453125,54651732
2023-03-28,6680.449027404138,6774.10009765625,6618.015130971568,6774.10009765625,44967016
2023-03-29,6774.100023050477,6774.100023050477,6649.231780354045,6742.88330078125,32458466
2023-03-30,6774.0996037416835,6774.0996037416835,6618.0146484375,6618.0146484375,27626913
2023-03-31,6618.014947962635,6711.666015625,6586.7977750063465,6711.666015625,18039733
2023-04-03,6774.099834781077,6992.619140625,6680.448768163182,6992.619140625,94297142
2023-04-04,6992.619286646418,7179.921875,6898.9682180728805,7179.921875,60033133
2023-04-05,7117.487156983093,7273.572563929791,7055.053264928303,7211.138671875,65204956
2023-04-06,7273.5726370667035,7304.789809011233,7023.836163923442,7086.2705078125,50504269
2023-04-07,7086.27051136214,7242.35546875,6836.53403809378,7242.35546875,44621270
2023-04-10,7242.355800449957,7492.09228515625,7179.921904876637,7492.09228515625,78375838
2023-04-11,7429.657898713306,7585.742852937492,7273.572493282644,7336.0068359375,43739294
2023-04-12,7523.309381218106,7679.394795356848,7492.092208149057,7616.96044921875,61494410
2023-04-13,7648.17781452069,7679.394988374365,7492.092396458824,7523.3095703125,29026767
2023-04-14,7585.743048345242,7679.394564739976,7336.007024912083,7398.44091796875,74074299
2023-04-17,7336.006912366323,7429.657976117816,7211.138676962172,7367.2236328125,38801175
2023-04-18,7367.224012147076,7398.44118540709,7148.7047017399855,7179.921875,41715885
2023-04-19,7211.138744384131,7304.789809011233,7086.2705078125,7086.2705078125,50525138
2023-04-20,7086.2705078125,7148.704400495073,7023.836163923442,7086.2705078125,30713459
2023-04-21,7117.487688225913,7179.922036147228,6930.185546875,6930.185546875,32142915
2023-04-24,6930.18535987386,6992.619254903971,6805.317118607138,6867.75146484375,26514341
2023-04-25,6930.185628927029,6992.619526381033,6805.3173828125,6805.3173828125,17718409
2023-04-26,6805.317192552735,6898.96826171875,6711.666123386719,6898.96826171875,21521312
2023-04-27,7023.836504342274,7055.053677799781,6898.96826171875,6898.96826171875,20331332
2023-04-28,6992.619140625,6992.619140625,6898.968074007104,6992.619140625,15026007
2023-05-01,6992.619140625,6992.619140625,6992.619140625,6992.619140625,0
2023-05-02,6992.619140625,6992.619140625,6992.619140625,6992.619140625,0
2023-05-03,6992.619140625,6992.619140625,6992.619140625,6992.619140625,0
2023-05-04,7023.836504342274,7055.053677799781,6867.75153946775,6898.96826171875,18692594
2023-05-05,6898.968073694436,6930.185246301152,6836.5341796875,6836.5341796875,15936696
2023-05-08,6898.968074007104,7023.836313233131,6867.751352605469,6992.619140625,17325598
2023-05-09,7055.053485841261,7055.053485841261,6961.4024192233655,6992.619140625,14127750
2023-05-10,7023.8361674418065,7273.5726407101665,6992.61899548164,7242.35546875,35234789
2023-05-11,7304.790116833552,7304.790116833552,7179.921875,7179.921875,19052104
2023-05-12,7179.921576036153,7242.35546875,7117.48723211582,7242.35546875,18610006
2023-05-15,7304.790116833552,7367.224012147076,7179.921875,7179.921875,26135886
2023-05-16,7211.13874799632,7273.5726407101665,7117.48723211582,7242.35546875,31044996
2023-05-17,7242.355693207184,7304.7900390625,7086.270730981893,7304.7900390625,44656496
2023-05-18,7304.789812670333,7304.789812670333,7179.921576036153,7242.35546875,24145335
2023-05-19,7242.355397408349,7398.440804465158,7148.704333656856,7367.2236328125,52428957
2023-05-22,7367.224042803104,7492.09228515625,7304.790147229784,7492.09228515625,48048234
2023-05-23,7492.091682597995,7554.526024356483,7304.789559735471,7460.87451171875,34917461
2023-05-24,7460.87451171875,7460.87451171875,7460.87451171875,7460.87451171875,0
2023-05-25,7367.22355605845,7367.22355605845,7179.921430506837,7336.0068359375,47101578
2023-05-26,7336.006907191062,7336.006907191062,7211.138671875,7211.138671875,29995919
2023-05-29,7273.572866134842,7367.223933711317,7242.355693207184,7304.7900390625,27526860
2023-05-30,7304.789664610072,7367.22355605845,7273.572493282644,7336.0068359375,18218230
2023-05-31,7367.22355605845,7398.440727385879,7304.789664610072,7336.0068359375,40712395
2023-06-01,7336.0068359375,7367.22355605845,7273.572493282644,7336.0068359375,29603552
2023-06-02,7460.875222605148,7616.960640667014,7429.658499957986,7523.3095703125,68240735
2023-06-05,7648.177471499085,7741.828988859832,7554.526405344832,7710.61181640625,66471751
2023-06-06,7616.960556668995,7804.2626953125,7616.960556668995,7804.2626953125,45812730
2023-06-07,7804.262316818785,7866.696660809664,7648.1773592545605,7679.39453125,60334624
2023-06-08,7679.394795356848,7710.6119684258965,7523.309381218106,7616.96044921875,67977578
2023-06-09,7648.177509278066,7648.177509278066,7460.874924837865,7585.7431640625,36542287
2023-06-12,7648.177622287799,7679.394795356848,7523.309381218106,7616.96044921875,20993517
2023-06-13,7679.394907901549,7741.829254954648,7616.960560848451,7648.177734375,30447786
2023-06-14,7679.39453455608,7835.4794921875,7648.177362547201,7835.4794921875,72539462
2023-06-15,7804.262583217287,7866.696929339363,7679.394793386141,7773.04541015625,32015036
2023-06-16,7804.26291683398,7991.565060793996,7741.829470456003,7866.697265625,63512787
2023-06-19,7866.696667450801,8022.781625146794,7804.262323407214,7991.564453125,57879033
2023-06-20,8053.998642653626,8053.998642653626,7866.696516529209,7929.130859375,27308993
2023-06-21,7960.348030797896,7991.564299807835,7866.696516529209,7929.130859375,36687186
2023-06-22,7929.130859375,7929.130859375,7929.130859375,7929.130859375,0
2023-06-23,7991.564453125,8116.433141212174,7929.131011494388,7991.564453125,31912911
2023-06-26,8022.781585856102,8085.215929593923,7897.913800793429,7960.34814453125,32721623
2023-06-27,7960.348030797896,8022.781471230731,7897.913687952105,7929.130859375,17286080
2023-06-28,7960.348295770224,8053.9989107432575,7929.131123308216,8022.78173828125,24801452
2023-06-29,8053.999409585015,8085.216583980525,7866.697265624999,7866.697265625,23740682
2023-06-30,7866.6970423313405,7897.914215840761,7804.2626953125,7804.2626953125,17065253
2023-07-03,7835.479824348872,8178.867828590458,7835.479824348872,8085.21630859375,51626165
2023-07-04,8178.867935875358,8334.952902170944,8116.433588391914,8272.5185546875,44133882
2023-07-05,8366.169848847301,8366.169848847301,8210.083984375,8210.083984375,24379630
2023-07-06,8210.083340825811,8272.517681720803,8022.781220553769,8147.64990234375,39689664
2023-07-07,8210.083322967843,8459.819783591667,8147.649884621581,8428.603515625,37244138
2023-07-10,8491.036953971261,8522.254124350855,8397.386345245406,8428.603515625,31519063
2023-07-11,8491.037109375,8584.6886222278,8428.603669886077,8491.037109375,30634571
2023-07-12,8491.037931207831,8584.689453125,8397.387311703693,8584.689453125,30075695
2023-07-13,8584.688104369694,8647.122442505306,8522.253766234082,8615.9052734375,22748737
2023-07-14,8678.339464412742,8678.339464412742,8428.60389496226,8553.4716796875,26382763
2023-07-17,8615.906023256604,8615.906023256604,8522.254507902948,8553.4716796875,18094496
2023-07-18,8678.339914236845,8865.64295465263,8615.906469844598,8834.42578125,35841916
2023-07-19,8896.860508588521,8928.076780913309,8803.208984375,8803.208984375,21221449
2023-07-20,8803.208014667218,9021.727311348293,8771.990843368072,8959.29296875,37953241
2023-07-21,8959.293568797588,9115.379435747154,8959.293568797588,8990.5107421875,54934870
2023-07-24,9282.7021484375,9356.374244470651,9209.030052404347,9282.7021484375,29606371
2023-07-25,9356.374244470651,9503.719338949972,9245.86655162743,9282.7021484375,23954245
2023-07-26,9319.538647660582,9319.538647660582,9209.030052404347,9282.7021484375,18400706
2023-07-27,9282.70138686393,9282.70138686393,9098.520710685136,9209.029296875,25697722
2023-07-28,9172.194455594277,9319.538647660582,9098.521457148112,9282.7021484375,19222022
2023-07-31,9282.7021484375,9356.374244470651,9209.030052404347,9282.7021484375,24225926
2023-08-01,9282.701806390258,9393.210397574494,9245.8662109375,9245.8662109375,26414805
2023-08-02,9245.865994344837,9319.5380859375,9209.029497342026,9319.5380859375,24316737
2023-08-03,9356.373680527351,9356.373680527351,9245.865994344837,9319.5380859375,19674071
2023-08-04,9356.373770349976,9798.4072265625,9319.538175406497,9798.4072265625,52783954
2023-08-07,9798.407423744762,10019.424607505238,9798.407423744762,9908.916015625,33130202
2023-08-08,9982.588556879602,9982.588556879602,9761.572265625,9761.572265625,29826375
2023-08-09,9724.735008529726,9872.080093637494,9651.062917182318,9687.8994140625,23157388
2023-08-10,9687.89977814517,9761.571872261262,9503.71909164845,9540.5546875,25186093
2023-08-11,9540.5546875,9651.063279880631,9356.37400100328,9540.5546875,25323815
2023-08-14,9577.39118576454,9614.227684029082,9466.88259338391,9540.5546875,27347753
2023-08-15,9540.5546875,9651.063279880631,9503.71909164845,9540.5546875,18494653
2023-08-16,9540.55434452735,9651.062932935316,9466.882253059692,9503.71875,20987073
2023-08-17,9540.55490832127,9577.39140743841,9466.8828125,9466.8828125,22221680
2023-08-18,9466.882088991786,9466.882088991786,8840.66796875,8840.66796875,47610970
2023-08-21,8766.996076960757,9061.685346806138,8656.487487967119,8951.1767578125,32873446
2023-08-22,8988.013893970987,9024.849491312467,8656.488103419504,8914.341796875,22530865
2023-08-23,8988.013051544676,9024.84864543364,8766.995878559132,8840.66796875,21084281
2023-08-24,8840.668797365986,8914.341796875,8766.996700269998,8914.341796875,17960823
2023-08-25,8914.341602250286,8914.341602250286,8803.8330078125,8803.8330078125,16319195
2023-08-28,8840.668797365986,8951.17739421648,8803.833200024505,8914.341796875,20101913
2023-08-29,8951.177511315238,9135.358207671161,8914.341913491877,9024.849609375,25008484
2023-08-30,9024.849609375,9098.52170743476,8988.014011551639,9024.849609375,18428301
2023-08-31,9098.521338452443,9172.1943359375,9024.849243380386,9172.1943359375,23755438
2023-09-01,9172.1943359375,9172.1943359375,9172.1943359375,9172.1943359375,0
2023-09-04,9172.1943359375,9172.1943359375,9172.1943359375,9172.1943359375,0
2023-09-05,9209.029497342026,9503.718766125636,9209.029497342026,9319.5380859375,44371364
2023-09-06,9319.5380859375,9430.046674532974,9282.701588934688,9319.5380859375,26658139
2023-09-07,9356.374437516884,9540.555132606398,9356.374437516884,9393.2109375,44247941
2023-09-08,9430.047020143229,9466.882616083101,9356.3740234375,9356.3740234375,25823528
2023-09-11,9430.046916711372,9430.046916711372,9061.685546875,9061.685546875,42390322
2023-09-12,9135.357619753264,9245.8662109375,8988.01343311627,9245.8662109375,28197918
2023-09-13,9282.701179884558,9319.537675264137,9061.68491484584,9098.5205078125,25776366
2023-09-14,9135.357640359678,9319.538325277863,9061.685546875,9061.685546875,35217231
2023-09-15,9135.356869854375,9209.028957125312,8988.0126953125,8988.0126953125,31260793
2023-09-18,9024.849491312467,9098.521588408456,8877.505297120493,8914.341796875,23518752
2023-09-19,8914.341796875,8914.341796875,8914.341796875,8914.341796875,0
2023-09-20,8877.50411319964,9024.848287741515,8877.50411319964,8988.0126953125,19597434
2023-09-21,8988.013474505624,9024.849070128008,8840.668384777131,8877.5048828125,22390258
2023-09-22,8766.996312588164,8803.832810713739,8472.307937235511,8693.32421875,44008118
2023-09-25,8693.323922066676,8730.160418935106,8103.9462890625,8103.9462890625,32113090
2023-09-26,8103.946156876113,8324.962427242745,7956.60107421875,7956.60107421875,27593721
2023-09-27,7993.437966702347,8177.61865234375,7809.257281060944,8177.61865234375,22158087
2023-09-28,8177.618452447381,8214.454047227448,7993.43777130815,8067.10986328125,17306831
2023-09-29,8140.782154250274,8324.962839891678,8103.946558569785,8177.61865234375,11804844
2023-10-02,8177.619215473874,8251.291314321072,8103.947116626675,8140.78271484375,11856019
2023-10-03,8103.946247168964,8103.946247168964,7661.912799097694,7772.42138671875,28082397
2023-10-04,7698.74866058659,7919.765843500214,7661.913065042973,7846.09375,13251930
2023-10-05,7882.929641755844,7956.601738024392,7735.58544921875,7735.58544921875,11538807
2023-10-06,7735.585494107876,7956.601784196062,7735.585494107876,7882.9296875,13220823
2023-10-09,7882.929614069843,7956.601710079643,7846.09401727145,7919.76611328125,10072154
2023-10-10,7956.601004057249,8103.946085415319,7956.601004057249,7993.4375,12338047
2023-10-11,8030.27490234375,8067.110500031311,7956.601902142557,8030.27490234375,7038128
2023-10-12,8030.273995942752,8140.781678945137,7993.4375,7993.4375,12115032
2023-10-13,7993.437570486326,7993.437570486326,7882.928984096539,7956.60107421875,13377862
2023-10-16,7919.765916696913,7993.438010878026,7809.25732421875,7809.25732421875,10165725
2023-10-17,7846.093822515802,7919.765916696913,7809.25732421875,7809.25732421875,7540349
2023-10-18,7809.257273339745,7846.093771396799,7551.404494179324,7661.9130859375,20794161
2023-10-19,7661.912813740095,7809.256995907785,7551.404225907851,7588.24072265625,15169253
2023-10-20,7588.240847912845,7735.585032512698,7477.732258256472,7698.74853515625,15236358
2023-10-23,7698.748408075541,7735.58490482394,7551.404225907851,7588.24072265625,13572404
2023-10-24,7625.076637559473,7882.929418399862,7625.076637559473,7809.25732421875,15295310
2023-10-25,7846.093477661802,7882.929071926854,7735.584890040747,7772.42138671875,9605931
2023-10-26,7661.9132960311335,7698.748892685253,7359.856710919699,7404.06005859375,36460243
2023-10-27,7477.732134824006,7588.24072265625,7404.059592533684,7588.24072265625,14577098
2023-10-30,7551.404515786929,7588.241013949386,7477.732421875,7477.732421875,7195668
2023-10-31,7514.568579370648,7588.241125572797,7440.896484375,7440.896484375,14397482
2023-11-01,7514.568518557092,7661.9131585624655,7440.896424157654,7625.07666015625,17183031
2023-11-02,7698.749108677491,8030.27490234375,7625.077010889333,8030.27490234375,23831825
2023-11-03,8067.110380446666,8067.110380446666,7882.9296875,7882.9296875,17653143
2023-11-06,7956.601204001739,8140.781883517973,7882.929112677835,8103.9462890625,21649343
2023-11-07,8103.946085415319,8140.781678945137,7993.4375,7993.4375,16957759
2023-11-08,8030.273975150376,8361.798828125,7919.765390021191,8361.798828125,30352053
2023-11-09,8398.634638698328,8472.307632297818,8251.290456325254,8288.126953125,25376245
2023-11-10,8251.290598999189,8324.962691459597,8140.782009102092,8214.4541015625,22750493
2023-11-13,8214.454813690949,8324.96341316827,8067.110615996552,8140.78271484375,15073801
2023-11-14,8251.29098863281,8656.487967505318,8177.618892693537,8435.4716796875,40408654
2023-11-15,8582.815648713882,8730.160739179637,8435.471460661118,8509.1435546875,39767205
2023-11-16,8472.308371138774,8545.98046875,8398.635371114513,8545.98046875,13986072
2023-11-17,8545.980302759113,8619.652398939388,8177.618919444726,8251.291015625,33812917
2023-11-20,8030.274727084177,8361.79961110192,8030.274727084177,8251.291015625,21491050
2023-11-21,8324.96254751179,8361.799044311536,8214.453959525508,8288.126953125,11104067
2023-11-22,8251.290796402069,8324.962890625,8214.454298084109,8324.962890625,15048213
2023-11-23,8324.962636393579,8398.634728366678,8067.10986328125,8067.10986328125,19277838
2023-11-24,8140.781955254349,8140.781955254349,7846.093587361952,8067.10986328125,21567061
2023-11-27,8067.11030530085,8103.946804512257,7882.929614069843,7919.76611328125,13911943
2023-11-28,7956.601004057249,8030.273995942752,7809.256825112113,7993.4375,12535348
2023-11-29,8030.273995942752,8067.109589472569,7956.601004057249,7993.4375,9724964
2023-11-30,8030.274066753902,8103.946156876113,7956.60107421875,7956.60107421875,12731897
2023-12-01,7993.4375,8030.273995942752,7882.9289145846815,7993.4375,10287141
2023-12-04,8030.274464795822,8251.290746117713,7993.437966702347,8177.61865234375,35350313
2023-12-05,8214.454047227448,8251.29054442048,8067.10986328125,8067.10986328125,18741499
2023-12-06,8103.9462890625,8140.781883517973,8067.10979219407,8103.9462890625,17711092
2023-12-07,8140.78271484375,8324.96341316827,8067.110615996552,8140.78271484375,44282183
2023-12-08,8140.781883517973,8251.290471710305,8067.10979219407,8103.9462890625,23654718
2023-12-11,8140.782009102092,8251.290598999189,8103.946414078373,8214.4541015625,27028283
2023-12-12,8214.454248024238,8288.12724421119,8177.61865234375,8177.61865234375,25634129
2023-12-13,8214.454695607625,8251.291195708221,8030.27490234375,8030.27490234375,25679283
2023-12-14,8067.109660608537,8103.946156876113,7956.60107421875,7956.60107421875,25285809
2023-12-15,7993.437570486326,8067.109660608537,7919.765480364115,7956.60107421875,23809749
2023-12-18,7993.438283750604,7993.438283750604,7846.09409035848,7882.9296875,16978831
2023-12-19,7846.09409035848,7919.766187054542,7809.257590803938,7882.9296875,18067564
2023-12-20,7919.766187054542,7956.601784196062,7846.09409035848,7882.9296875,8536013
2023-12-21,7846.09375,7919.765843500214,7846.09375,7846.09375,12070003
2023-12-22,7882.9296875,7956.601784196062,7846.09409035848,7882.9296875,12619136
2023-12-25,7882.929614069843,7993.43820929105,7882.929614069843,7919.76611328125,10890710
2023-12-26,7956.601784196062,7993.438283750604,7882.9296875,7882.9296875,18387912
2023-12-27,7919.76611328125,7956.601710079643,7882.929614069843,7919.76611328125,9815650
2023-12-28,7956.60107421875,7993.437570486326,7882.928984096539,7956.60107421875,12086058
2023-12-29,7993.437570486326,8067.109660608537,7956.60107421875,7956.60107421875,14744547
2024-01-01,7956.60107421875,7956.60107421875,7956.60107421875,7956.60107421875,0
2024-01-02,8030.274268501182,8177.618452447381,7993.43777130815,8067.10986328125,30911470
2024-01-03,8067.109777152436,8288.126953125,8067.109777152436,8288.126953125,37942951
2024-01-04,8324.963084572084,8656.487967505318,8288.127487808953,8435.4716796875,77190625
2024-01-05,8472.307958880803,8545.980052907185,8361.799366634736,8509.1435546875,49996774
2024-01-08,8582.814872300096,8656.486959661996,8509.142784938196,8619.6513671875,48096133
2024-01-09,8619.6513671875,8656.486959661996,8509.142784938196,8619.6513671875,37401846
2024-01-10,8619.651698177397,8988.013051544676,8545.97960798653,8840.66796875,118292656
2024-01-11,8914.341796875,9135.358088162962,8840.668797365986,8914.341796875,57879798
2024-01-12,8766.996270523307,9172.194138308509,8730.160674987459,9061.685546875,81039068
2024-01-15,9135.357438664243,9209.029530522348,8951.1767578125,8951.1767578125,46685798
2024-01-16,8877.50411319964,8988.0126953125,8803.832025928703,8988.0126953125,43021862
2024-01-17,8988.013051544676,9098.520735624506,8840.66796875,8840.66796875,46613174
2024-01-18,8840.668384777131,8914.341380847869,8803.832789154747,8877.5048828125,31538370
2024-01-19,8951.1767578125,8988.013254948033,8877.504665954395,8951.1767578125,29357267
2024-01-22,9061.685346806138,9061.685346806138,8914.341163089928,8951.1767578125,39898530
2024-01-23,8951.17739421648,9024.849491312467,8877.505297120493,8914.341796875,38933722
2024-01-24,8914.340608041563,9135.356869854375,8877.50411319964,8988.0126953125,62979782
2024-01-25,8988.0126953125,8988.0126953125,8988.0126953125,8988.0126953125,0
2024-01-26,9061.68491484584,9098.5205078125,9024.84841946626,9098.5205078125,27238504
2024-01-29,9135.357640359678,9209.029733844356,9061.685546875,9061.685546875,26741425
2024-01-30,9061.685546875,9098.521142410847,8988.013453390322,9061.685546875,21468849
2024-01-31,8988.013956830397,9024.849554429495,8472.308371138774,8545.98046875,159425543
2024-02-01,8545.98046875,8656.488163960325,8472.308371138774,8545.98046875,25295091
2024-02-02,8545.98046875,8545.98046875,8545.98046875,8545.98046875,0
2024-02-05,8398.635484910454,8730.16128227248,8398.635484910454,8656.48828125,48575150
2024-02-06,8730.160739179637,8730.160739179637,8509.1435546875,8509.1435546875,22422368
2024-02-07,8545.979834820817,8656.487521833831,8509.143337541169,8582.8154296875,28524914
2024-02-08,8582.8154296875,8582.8154296875,8582.8154296875,8582.8154296875,0
2024-02-09,8582.8154296875,8582.8154296875,8582.8154296875,8582.8154296875,0
2024-02-12,8582.8154296875,8582.8154296875,8582.8154296875,8582.8154296875,0
2024-02-13,8582.8154296875,8582.8154296875,8582.8154296875,8582.8154296875,0
2024-02-14,8582.8154296875,8582.8154296875,8582.8154296875,8582.8154296875,0
2024-02-15,8656.488468797594,8951.177772032986,8619.652869901336,8766.9970703125,55798915
2024-02-16,8840.669170518082,8914.342173136729,8730.16147141624,8766.9970703125,26364633
2024-02-19,8840.66796875,8914.34096135381,8730.16028467017,8840.66796875,30262119
2024-02-20,8840.667838704268,8914.340830224352,8693.323660489958,8730.16015625,29148552
2024-02-21,8766.9970703125,8840.669170518082,8693.324970106918,8766.9970703125,27371083
2024-02-22,8840.668797365986,9098.521588408456,8803.833200024505,8914.341796875,56334250
2024-02-23,8914.340830224352,9061.685008438662,8730.16015625,8730.16015625,63546726
2024-02-26,8730.16128227248,8766.996880370676,8619.652683151804,8656.48828125,36707465
2024-02-27,8693.324970106918,8766.9970703125,8619.652869901336,8766.9970703125,32727195
2024-02-28,8803.833571621823,8803.833571621823,8693.324970106918,8766.9970703125,25691199
2024-02-29,8840.668406426326,8877.5049045519,8656.487720624425,8693.32421875,38377189
2024-03-01,8730.16147141624,8766.9970703125,8656.488468797594,8766.9970703125,34174030
2024-03-04,8803.832245357155,8840.667838704268,8693.323660489958,8730.16015625,31150038
2024-03-05,8730.16015625,8766.995749597112,8619.651571382803,8730.16015625,28500330
2024-03-06,8693.32421875,8877.5049045519,8656.487720624425,8693.32421875,40822824
2024-03-07,8730.16147141624,8803.833571621823,8656.488468797594,8766.9970703125,25430430
2024-03-08,8803.832036798703,8840.667629273199,8619.6513671875,8619.6513671875,32859900
2024-03-11,8619.651944937747,8619.651944937747,8361.799170681521,8398.634765625,37703630
2024-03-12,8361.799388942962,8435.471483165891,8288.12729472003,8324.962890625,28175591
2024-03-13,8324.962868415048,8545.980052907185,8324.962868415048,8509.1435546875,18634758
2024-03-14,8545.980274802916,8545.980274802916,8398.635180511357,8435.4716796875,22168623
2024-03-15,8435.471262981448,8472.307760337895,8361.799170681521,8398.634765625,22216161
2024-03-18,8398.634783920006,8472.307778793385,8103.946414078373,8214.4541015625,40141237
2024-03-19,8251.291015625,8324.963111805275,8214.454516328355,8251.291015625,14415920
2024-03-20,8251.290242995816,8435.470917406814,8177.618153714002,8361.798828125,29409195
2024-03-21,8435.4716796875,8509.143775626773,8361.799583748227,8435.4716796875,26924803
2024-03-22,8509.1435546875,8619.65214693357,8435.471460661118,8509.1435546875,33572342
2024-03-25,8509.143775626773,8545.980274802916,8435.4716796875,8435.4716796875,26108505
2024-03-26,8435.471120453452,8509.143211508595,8398.634623719405,8472.3076171875,19086055
2024-03-27,8472.3076171875,8545.979708242643,8435.471120453452,8472.3076171875,15399793
2024-03-28,8509.14396873787,8582.816066349098,8472.308371138774,8545.98046875,17580770
2024-03-29,8545.97985263782,8545.97985263782,8398.634765625,8398.634765625,22597217
2024-04-01,8398.634765625,8398.634765625,8398.634765625,8398.634765625,0
2024-04-02,8398.634765625,8398.634765625,8288.127078381596,8398.634765625,26793854
2024-04-03,8398.634638698328,8398.634638698328,8251.290456325254,8288.126953125,27240009
2024-04-04,8324.963111805275,8324.963111805275,8251.291015625,8251.291015625,18616571
2024-04-05,8214.4541015625,8251.290598999189,8177.618506538781,8214.4541015625,17083816
2024-04-08,8214.454248024238,8251.290746117713,8140.782154250274,8177.61865234375,15934125
2024-04-09,8214.454516328355,8288.127514921645,8140.782420148082,8251.291015625,15006068
2024-04-10,8288.127514921645,8361.79961110192,8251.291015625,8251.291015625,11411245
2024-04-11,8214.454248024238,8288.12724421119,8177.61865234375,8177.61865234375,15528484
2024-04-12,8251.290796402069,8324.962890625,8177.618702179138,8324.962890625,31802400
2024-04-15,8435.470917406814,8877.504355510622,8288.126738843188,8361.798828125,123879183
2024-04-16,8472.3076171875,8582.815302563738,8288.126938343168,8472.3076171875,41662452
2024-04-17,8582.815619307044,8582.815619307044,8177.61865234375,8177.61865234375,40693254
2024-04-18,8177.61865234375,8177.61865234375,8177.61865234375,8177.61865234375,0
2024-04-19,8251.290598999189,8361.799188896288,8177.618506538781,8214.4541015625,47910497
2024-04-22,8324.96254751179,8398.634638698328,8214.453959525508,8288.126953125,21741158
2024-04-23,8288.127041613512,8324.962636393579,7993.43777130815,8067.10986328125,39218323
2024-04-24,8140.782420148082,8324.963111805275,8140.782420148082,8251.291015625,19681848
2024-04-25,8251.290746117713,8288.12724421119,8177.61865234375,8177.61865234375,16491536
2024-04-26,8214.454489456668,8545.980274802916,8214.454489456668,8435.4716796875,41397168
2024-04-29,8435.4716796875,8435.4716796875,8435.4716796875,8435.4716796875,0
2024-04-30,8435.4716796875,8435.4716796875,8435.4716796875,8435.4716796875,0
2024-05-01,8435.4716796875,8435.4716796875,8435.4716796875,8435.4716796875,0
2024-05-02,8472.3071924637,8693.3234545494,8435.470697576297,8619.6513671875,39392671
2024-05-03,8693.324663972455,8730.161163984585,8509.14396873787,8545.98046875,26605082
2024-05-06,8582.816182640565,8656.48828125,8545.980584542369,8656.48828125,34102033
2024-05-07,8693.324019113481,8693.324019113481,8545.979834820817,8582.8154296875,22813459
2024-05-08,8545.980769695754,8914.342173136729,8472.308669490172,8766.9970703125,75002749
2024-05-09,8803.833380881915,8914.341980002591,8656.48828125,8656.48828125,30308027
2024-05-10,8693.324663972455,8730.161163984585,8545.98046875,8545.98046875,23134183
2024-05-13,8582.8154296875,8656.487521833831,8545.979834820817,8582.8154296875,27387389
2024-05-14,8619.652566361228,8693.324663972455,8509.14396873787,8545.98046875,21182869
2024-05-15,8582.816066349098,8619.652566361228,8509.14396873787,8545.98046875,27074190
2024-05-16,8619.651571382803,8730.16015625,8582.81507562276,8730.16015625,46157236
2024-05-17,8766.995878559132,9061.685141735545,8730.16028467017,8840.66796875,84069708
2024-05-20,8951.176423571465,8988.012919331508,8693.323660489958,8730.16015625,45568593
2024-05-21,8730.16015625,8766.995749597112,8619.651571382803,8730.16015625,46243532
2024-05-22,8766.996111259812,8766.996111259812,8582.8154296875,8582.8154296875,48454361
2024-05-23,8582.816182640565,8656.48828125,8509.144084031128,8656.48828125,33495078
2024-05-24,8582.815648713882,8693.324240959952,8472.307958880803,8509.1435546875,49021179
2024-05-27,8545.98046875,8582.816066349098,8472.308371138774,8545.98046875,15598725
2024-05-28,8545.9792798256,8619.6513671875,8509.142784938196,8619.6513671875,18558873
2024-05-29,8619.65214693357,8656.487742740266,8472.307958880803,8509.1435546875,30590495
2024-05-30,8472.307760337895,8509.143355281374,8361.799170681521,8398.634765625,32408728
2024-05-31,8435.471262981448,8472.307760337895,8398.634765625,8398.634765625,18267876
2024-06-03,8398.634765625,8398.634765625,8398.634765625,8398.634765625,0
2024-06-04,8619.65214693357,8619.65214693357,8509.1435546875,8509.1435546875,20399935
2024-06-05,8545.980052907185,8582.815648713882,8472.307958880803,8509.1435546875,24352234
2024-06-06,8545.979482275647,8914.340830224352,8472.307393168492,8730.16015625,87003892
2024-06-07,8766.996312588164,8840.668406426326,8656.487720624425,8693.32421875,21530937
2024-06-10,8766.996880370676,8803.833380881915,8582.816182640565,8656.48828125,36242371
2024-06-11,8656.487521833831,8693.324019113481,8545.979834820817,8582.8154296875,28433726
2024-06-12,8582.815626786261,8730.160716875575,8545.980031073674,8693.32421875,24925575
2024-06-13,8766.995878559132,8914.34096135381,8656.48729206636,8840.66796875,60767322
2024-06-14,8914.340619048005,8914.340619048005,8619.6513671875,8619.6513671875,33333649
2024-06-17,8619.651926967148,8656.487521833831,8509.143337541169,8582.8154296875,28051290
2024-06-18,8619.652566361228,8656.488163960325,8545.98046875,8545.98046875,16583852
2024-06-19,8582.816066349098,8619.652566361228,8472.308371138774,8545.98046875,25769342
2024-06-20,8582.816066349098,8619.652566361228,8472.308371138774,8545.98046875,19661027
2024-06-21,8545.980052907185,8619.65214693357,8509.1435546875,8509.1435546875,14753829
2024-06-24,8545.980075706782,8545.980075706782,8324.962890625,8324.962890625,46570904
2024-06-25,8398.634765625,8435.471262981448,8361.799170681521,8398.634765625,16302764
2024-06-26,8398.634421559442,8435.470917406814,8324.962332277628,8361.798828125,13537032
2024-06-27,8361.799388942962,8435.471483165891,8324.962890625,8324.962890625,14375783
2024-06-28,8398.634765625,8545.97985263782,8324.962673325075,8398.634765625,24723507
2024-07-01,8398.635371114513,8582.816066349098,8398.635371114513,8545.98046875,20213922
2024-07-02,8619.652683151804,8766.996880370676,8619.652683151804,8656.48828125,31681736
2024-07-03,8730.16128227248,8730.16128227248,8619.652683151804,8656.48828125,14757717
2024-07-04,8656.486959661996,8693.3234545494,8582.814872300096,8619.6513671875,13133900
2024-07-05,8619.652683151804,8693.32478176124,8582.816182640565,8656.48828125,17074785
2024-07-08,8693.3234545494,8693.3234545494,8582.814872300096,8619.6513671875,16051778
2024-07-09,8619.652124911838,8766.996312588164,8619.652124911838,8693.32421875,23375385
2024-07-10,8693.323660489958,8803.832245357155,8693.323660489958,8730.16015625,23692347
2024-07-11,8766.995749597112,8803.832245357155,8693.323660489958,8730.16015625,20045470
2024-07-12,8693.323660489958,8803.832245357155,8693.323660489958,8730.16015625,18432063
2024-07-15,8766.996508862236,8840.668604349758,8730.160912324978,8803.8330078125,29947290
2024-07-16,8840.669170518082,8877.505671827405,8730.16147141624,8766.9970703125,30716928
2024-07-17,8766.995749597112,8951.176423571465,8693.323660489958,8730.16015625,60130640
2024-07-18,8839.249294456753,8839.249294456753,8685.522589376838,8800.8173828125,26822327
2024-07-19,8762.385341592279,8839.249163744144,8608.659580282721,8685.5224609375,29930859
2024-07-22,8685.523042047333,8723.954955694575,8531.797270452667,8608.66015625,27079458
2024-07-23,8608.659350964597,8647.091261016778,8454.93359375,8454.93359375,27069299
2024-07-24,8493.364963134096,8531.796875,8416.502080899392,8531.796875,21275687
2024-07-25,8531.79714746825,8531.79714746825,8454.934262778885,8493.365234375,10661926
2024-07-26,8493.364963134096,8531.796875,8454.933992765296,8531.796875,10709464
2024-07-29,8531.79714746825,8570.228119064368,8454.934262778885,8493.365234375,9340772
2024-07-30,8454.933992765296,8647.091669100608,8454.933992765296,8531.796875,22066147
2024-07-31,8570.2275390625,8608.65944955482,8493.364659574934,8570.2275390625,13959230
2024-08-01,8570.228027995456,8608.659940680323,8339.639376377634,8378.0712890625,36115059
2024-08-02,8378.070581313277,8378.070581313277,8185.912917115982,8339.638671875,30649447
2024-08-05,8262.776005932143,8262.776005932143,7878.460667703286,7916.892578125,37657472
2024-08-06,7993.755769992389,8109.050564267985,7916.892887641027,8070.61865234375,24004667
2024-08-07,8109.050564267985,8147.481534695111,8032.186740419515,8070.61865234375,11551601
2024-08-08,8070.618742585808,8109.0506549397705,7955.323947021037,7993.755859375,16498811
2024-08-09,8032.186740419515,8109.050564267985,7993.755769992389,8070.61865234375,12389975
2024-08-12,8070.61865234375,8109.050564267985,7993.755769992389,8070.61865234375,10004673
2024-08-13,8070.61865234375,8109.050564267985,8032.186740419515,8070.61865234375,8139654
2024-08-14,8070.618434323532,8109.0503452095645,8032.1865234375,8032.1865234375,7261769
2024-08-15,8032.186830231845,8070.618742585808,7916.892976164192,7993.755859375,14318336
2024-08-16,8032.186652301756,8185.913356815115,7993.755682296239,8147.4814453125,18944947
2024-08-19,8147.4814453125,8224.34432682063,8109.050475306984,8147.4814453125,15556706
2024-08-20,8147.481661695451,8224.344545244927,8147.481661695451,8185.91357421875,15098636
2024-08-21,8185.913754689057,8262.776639933085,8147.481841318471,8224.3447265625,16646944
2024-08-22,8262.776457768226,8301.207428794401,8185.91357421875,8185.91357421875,12319232
2024-08-23,8185.91357421875,8224.344545244927,8147.481661695451,8185.91357421875,11326329
2024-08-26,8262.776238323246,8301.207208328762,8147.4814453125,8147.4814453125,15363795
2024-08-27,8185.913356815115,8185.913356815115,8109.050475306984,8147.4814453125,15706595
2024-08-28,8147.4814453125,8185.913356815115,8109.050475306984,8147.4814453125,10607991
2024-08-29,8147.481262110116,8224.344141889926,8109.05029296875,8109.05029296875,17703190
2024-08-30,8109.05029296875,8147.481262110116,8109.05029296875,8109.05029296875,9757325
2024-09-02,8109.05029296875,8109.05029296875,8109.05029296875,8109.05029296875,0
2024-09-03,8109.05029296875,8109.05029296875,8109.05029296875,8109.05029296875,0
2024-09-04,8109.0506549397705,8109.0506549397705,7955.323947021037,7993.755859375,20358543
2024-09-05,8032.186830231845,8070.618742585808,7955.323947021037,7993.755859375,14249098
2024-09-06,7993.755641776555,8032.186611587269,7916.892760658036,7955.32373046875,15393271
2024-09-09,7955.32373046875,7993.755641776555,7916.892760658036,7955.32373046875,12055202
2024-09-10,7993.755457471357,8032.186426396001,7878.460667703286,7916.892578125,15583046
2024-09-11,7916.892578125,7955.323547049643,7878.460667703286,7916.892578125,11131034
2024-09-12,7955.32373046875,7993.755641776555,7916.892760658036,7955.32373046875,6709376
2024-09-13,7955.323547049643,7993.755457471357,7916.892578125,7916.892578125,4744640
2024-09-16,7916.892849237809,7955.323819478515,7878.4609375,7878.4609375,9823426
2024-09-17,7878.4610638102295,7993.755859375,7840.0296222048255,7993.755859375,14216487
2024-09-18,7993.755641776555,7993.755641776555,7916.892760658036,7955.32373046875,12414810
2024-09-19,7993.755641776555,7993.755641776555,7916.892760658036,7955.32373046875,9022932
2024-09-20,7993.75555404855,8070.618434323532,7955.323643162517,8032.1865234375,22453726
2024-09-23,8032.186611587269,8070.618522895075,7955.32373046875,7955.32373046875,9471470
2024-09-24,7955.323643162517,8032.1865234375,7955.323643162517,8032.1865234375,12491824
2024-09-25,8070.618382330307,8147.481262110116,8032.186471691864,8109.05029296875,24348346
2024-09-26,8109.050601773769,8378.071161996353,8109.050601773769,8262.7763671875,48889603
2024-09-27,8339.63880509052,8647.091261016778,8339.63880509052,8454.93359375,61722974
2024-09-30,8454.93359375,8531.796472357299,8378.070715142701,8454.93359375,30723702
2024-10-01,8493.365234375,8608.660032157619,8454.934262778885,8493.365234375,34330943
2024-10-02,8454.934172935107,8454.934172935107,8339.639376377634,8378.0712890625,26625904
2024-10-03,8378.070983339638,8685.522507610904,8339.639072057184,8416.501953125,57925455
2024-10-04,8416.501549254508,8454.933458692785,8339.638671875,8339.638671875,20453242
2024-10-07,8378.070581313277,8454.933458692785,8262.77579449549,8339.638671875,19288499
2024-10-08,8301.207337792377,8378.071161996353,8224.344455085511,8262.7763671875,25604151
2024-10-09,8262.77606206428,8339.638941932797,8262.77606206428,8301.20703125,13946561
2024-10-10,8378.071161996353,8416.50213260123,8262.7763671875,8262.7763671875,16121267
2024-10-11,8301.20703125,8339.638941932797,8224.344151381485,8301.20703125,12129331
2024-10-14,8339.638941932797,8378.070852615592,8262.77606206428,8301.20703125,18349656
2024-10-15,8339.638941932797,8416.501821801312,8262.77606206428,8301.20703125,22457990
2024-10-16,8301.207337792377,8339.639249894364,8224.344455085511,8262.7763671875,11360445
2024-10-17,8301.20703125,8339.638941932797,8224.344151381485,8301.20703125,19744061
2024-10-18,8378.070581313277,8416.501549254508,8339.638671875,8339.638671875,24515795
2024-10-21,8378.070852615592,8378.070852615592,8262.77606206428,8301.20703125,14301904
2024-10-22,8262.776639933085,8301.207611806529,8185.913754689057,8224.3447265625,24847933
2024-10-23,8224.344545244927,8262.776457768226,8147.481661695451,8185.91357421875,15154954
2024-10-24,8185.913172748559,8262.776052528368,8109.05029296875,8109.05029296875,17110408
2024-10-25,8109.0506549397705,8147.481625796615,7993.755859375,7993.755859375,15140780
2024-10-28,8032.1865234375,8070.618434323532,7993.75555404855,8032.1865234375,8695811
2024-10-29,8109.050564267985,8109.050564267985,8032.186740419515,8070.61865234375,8939521
2024-10-30,8070.61865234375,8109.050564267985,8032.186740419515,8070.61865234375,8898255
2024-10-31,8070.61856380437,8224.34432682063,8032.186652301756,8147.4814453125,15852219
2024-11-01,8147.481262110116,8185.913172748559,8070.618382330307,8109.05029296875,8290672
2024-11-04,8109.0503452095645,8109.0503452095645,7993.75555404855,8032.1865234375,11940936
2024-11-05,8032.186471691864,8109.05029296875,7993.755502550497,8109.05029296875,7436117
2024-11-06,8147.481661695451,8185.91357421875,8109.050690669275,8185.91357421875,8494746
2024-11-07,8224.34432682063,8262.776238323246,8109.050475306984,8147.4814453125,11306260
2024-11-08,8185.913172748559,8185.913172748559,8070.618382330307,8109.05029296875,7932820
2024-11-11,8109.050564267985,8109.050564267985,7993.755769992389,8070.61865234375,15898377
2024-11-12,8070.618434323532,8147.4813145985145,8032.1865234375,8032.1865234375,11038341
2024-11-13,8032.1865234375,8070.618434323532,7993.75555404855,8032.1865234375,9381035
2024-11-14,8032.186611587269,8070.618522895075,7916.892760658036,7955.32373046875,11879851
2024-11-15,7916.892647644845,7955.323616906959,7840.029296875,7840.029296875,19353096
2024-11-18,7840.029296875,7916.892647644845,7763.166416853694,7840.029296875,16358831
2024-11-19,7840.029384789461,7878.460825231066,7763.16650390625,7763.16650390625,11097544
2024-11-20,7763.166416853694,7916.892647644845,7763.166416853694,7840.029296875,11369727
2024-11-21,7878.4609375,7878.4609375,7801.598055521485,7878.4609375,9590754
2024-11-22,7878.4609375,7916.892849237809,7840.029496510742,7878.4609375,6767073
2024-11-25,7916.892578125,7916.892578125,7878.460667703286,7916.892578125,8422122
2024-11-26,7916.892760658036,7993.755641776555,7916.892760658036,7955.32373046875,8851344
2024-11-27,7955.323547049643,7993.755457471357,7916.892578125,7916.892578125,4280298
2024-11-28,7955.323819478515,7955.323819478515,7878.4609375,7878.4609375,9337510
2024-11-29,7916.892578125,7916.892578125,7878.460667703286,7916.892578125,5980753
2024-12-02,7955.323547049643,7955.323547049643,7878.460667703286,7916.892578125,7921029
2024-12-03,7916.892578125,7955.323547049643,7840.029228030107,7916.892578125,9055669
2024-12-04,7878.460736885652,7916.892647644845,7840.029296875,7840.029296875,8027394
2024-12-05,7840.029534541113,8070.61865234375,7801.598093365432,8070.61865234375,18684052
2024-12-06,8070.618522895075,8070.618522895075,7916.892760658036,7955.32373046875,13804574
2024-12-09,7955.32373046875,7993.755641776555,7916.892760658036,7955.32373046875,10497236
2024-12-10,7955.32373046875,8032.186611587269,7955.32373046875,7955.32373046875,9552748
2024-12-11,7993.755682296239,8262.776238323246,7993.755682296239,8147.4814453125,39737478
2024-12-12,8185.913446619345,8224.344417046472,8070.61865234375,8070.61865234375,18542693
2024-12-13,8032.186830231845,8109.0506549397705,7993.755859375,7993.755859375,9635658
2024-12-16,7993.755859375,8032.186830231845,7916.892976164192,7993.755859375,8398291
2024-12-17,7955.32373046875,7993.755641776555,7916.892760658036,7955.32373046875,6718156
2024-12-18,7955.32373046875,7993.755641776555,7916.892760658036,7955.32373046875,4926639
2024-12-19,7916.892647644845,7955.323616906959,7801.597856864347,7840.029296875,27827899
2024-12-20,7840.029585958978,7878.4610273867065,7801.59814453125,7801.59814453125,17555684
2024-12-23,7801.598055521485,7916.892849237809,7801.598055521485,7878.4609375,8211149
2024-12-24,7840.029496510742,7916.892849237809,7801.598055521485,7878.4609375,8931995
2024-12-25,7878.460667703286,8032.186426396001,7840.029228030107,7916.892578125,14044020
2024-12-26,7955.323547049643,7993.755457471357,7878.460667703286,7916.892578125,10900117
2024-12-27,7916.892578125,7993.755457471357,7916.892578125,7916.892578125,10641230
2024-12-30,7916.892849237809,7955.323819478515,7878.4609375,7878.4609375,7906981
2024-12-31,7878.4609375,7916.892849237809,7840.029496510742,7878.4609375,9042624
2025-01-01,7878.4609375,7878.4609375,7878.4609375,7878.4609375,0
2025-01-02,7916.892849237809,7955.323819478515,7878.4609375,7878.4609375,8137020
2025-01-03,7878.4609375,7916.892849237809,7840.029496510742,7878.4609375,14247217
2025-01-06,7916.892578125,8032.186426396001,7878.460667703286,7916.892578125,12161943
2025-01-07,7916.892849237809,7955.323819478515,7878.4609375,7878.4609375,9890030
2025-01-08,7878.460667703286,7916.892578125,7840.029228030107,7916.892578125,4742382
2025-01-09,7916.892849237809,7955.323819478515,7840.029496510742,7878.4609375,7656874
2025-01-10,7878.4610273867065,7916.892939562992,7801.59814453125,7801.59814453125,13741859
2025-01-13,7801.59814453125,7840.029585958978,7724.734790927236,7801.59814453125,13293322
2025-01-14,7801.597944347855,7840.029384789461,7763.16650390625,7763.16650390625,11356181
2025-01-15,7801.59814453125,7840.029585958978,7763.166703103521,7801.59814453125,6310132
2025-01-16,7801.59814453125,7840.029585958978,7763.166703103521,7801.59814453125,6310132
2025-01-17,7801.597856864347,7878.460736885652,7801.597856864347,7840.029296875,8665958
2025-01-20,7840.029296875,7878.460736885652,7801.597856864347,7840.029296875,6858888
2025-01-21,7878.460736885652,7916.892647644845,7840.029296875,7840.029296875,12209607
2025-01-22,7878.4610273867065,7878.4610273867065,7801.59814453125,7801.59814453125,8967116
2025-01-23,7840.029496510742,7955.323819478515,7801.598055521485,7878.4609375,12466613
2025-01-24,7916.892578125,7955.323547049643,7878.460667703286,7916.892578125,11179701
2025-01-27,7916.892578125,7916.892578125,7916.892578125,7916.892578125,0
2025-01-28,7916.892578125,7916.892578125,7916.892578125,7916.892578125,0
2025-01-29,7916.892578125,7916.892578125,7916.892578125,7916.892578125,0
2025-01-30,7916.892578125,7916.892578125,7916.892578125,7916.892578125,0
2025-01-31,7916.892578125,7916.892578125,7916.892578125,7916.892578125,0
2025-02-03,7993.75555404855,8109.0503452095645,7955.323643162517,8032.1865234375,22738075
2025-02-04,8109.05029296875,8147.481262110116,8032.186471691864,8109.05029296875,16959264
2025-02-05,8147.4813145985145,8185.913225484546,8032.1865234375,8032.1865234375,13868293
2025-02-06,8070.61865234375,8147.481534695111,8032.186740419515,8070.61865234375,14547622
2025-02-07,8109.05029296875,8185.913172748559,8070.618382330307,8109.05029296875,16962902
2025-02-10,8109.05029296875,8147.481262110116,8070.618382330307,8109.05029296875,18214192
2025-02-11,8109.050601773769,8378.071161996353,8109.050601773769,8262.7763671875,37423796
2025-02-12,8301.207428794401,8301.207428794401,8185.91357421875,8185.91357421875,9397717
2025-02-13,8185.913484480634,8262.7763671875,8147.481572378645,8262.7763671875,15200987
2025-02-14,8339.638941932797,8416.501821801312,8301.20703125,8301.20703125,24385473
2025-02-17,8339.63880509052,8531.796472357299,8301.20689503834,8454.93359375,37083379
2025-02-18,8454.933864407454,8493.364834192816,8416.501953125,8416.501953125,18259346
2025-02-19,8416.50168369782,8493.364562305118,8378.070715142701,8454.93359375,15524847
2025-02-20,8454.933864407454,8531.79674547527,8416.501953125,8416.501953125,20703224
2025-02-21,8454.93359375,8531.796472357299,8416.50168369782,8454.93359375,28875616
2025-02-24,8454.933690579686,8608.65944955482,8454.933690579686,8570.2275390625,28211088
2025-02-25,8608.65944955482,8608.65944955482,8454.933690579686,8570.2275390625,37794943
2025-02-26,8659.77349097416,8745.09195729748,8574.455966147929,8617.1142578125,32073468
2025-02-27,8617.114346792558,8659.773580394716,8523.26497436491,8574.4560546875,21970703
2025-02-28,8574.456108871733,8574.456108871733,8514.733181451307,8531.796875,18742406
2025-03-03,8574.45599883058,8574.45599883058,8463.5419921875,8463.5419921875,26317926
2025-03-04,8463.54193881973,8531.79671170816,8412.351800650495,8506.201171875,23194945
2025-03-05,8523.2646484375,8617.114017276373,8514.732802043323,8523.2646484375,18780374
2025-03-06,8574.456108871733,8574.456108871733,8506.20133467696,8531.796875,17966209
2025-03-07,8531.796875,8617.114401246361,8514.733181451307,8531.796875,21145464
2025-03-10,8574.456108871733,8617.114401246361,8523.265028225653,8531.796875,21673287
2025-03-11,8480.60541646662,8531.796494831677,8463.541723678269,8523.2646484375,18144184
2025-03-12,8523.26524542927,8574.456327379881,8514.7333984375,8514.7333984375,14516771
2025-03-13,8531.796875,8531.796875,8480.60579435392,8531.796875,25728857
2025-03-14,8574.456181871989,9129.0224609375,8574.456181871989,9129.0224609375,149521035
2025-03-17,9342.317954723856,9726.248249200573,9299.658719282952,9598.271484375,106881615
2025-03-18,9598.271037861963,9982.20225597528,9470.29427898989,9896.8837890625,81340677
2025-03-19,9811.566210570229,10067.519726929771,9726.247744118988,9939.54296875,77723321
2025-03-20,9939.54286258505,10152.838084937843,9811.566105772208,10024.861328125,90277282
2025-03-21,10110.178852167868,10280.814841750685,9939.54286258505,10024.861328125,84305458
2025-03-24,10024.861466688451,10664.74620109422,9896.88376660962,10579.427734375,95702299
2025-03-25,10664.74620109422,10750.063726316346,10280.81498385192,10579.427734375,87718171
2025-03-26,10579.427932857732,10622.08716701768,10366.132703555104,10451.451171875,49453094
2025-03-27,10451.450631348293,10878.04012639414,10451.450631348293,10835.3818359375,74308348
2025-03-28,10920.699358347843,10920.699358347843,10664.745849619749,10835.3818359375,36598779
2025-03-31,10750.063671997585,10750.063671997585,10408.791689839301,10622.0869140625,64006364
2025-04-01,10622.0869140625,10664.746147206559,10366.132456695243,10622.0869140625,40897525
2025-04-02,10664.746005793675,10835.38199461021,10579.427540636869,10707.404296875,53176783
2025-04-03,10238.155663424272,10408.791653914483,9982.2021484375,9982.2021484375,83982052
2025-04-04,9342.317904059973,10280.8154296875,9299.658668850412,10280.8154296875,156012659
2025-04-07,10280.8154296875,10280.8154296875,10280.8154296875,10280.8154296875,0
2025-04-08,10024.86195578976,10024.86195578976,9598.271484375,9598.271484375,77923331
2025-04-09,9043.704636000715,9768.906886615467,9043.704636000715,9342.3173828125,71180056
2025-04-10,9982.2021484375,9982.2021484375,9982.2021484375,9982.2021484375,21389431
2025-04-11,10152.838522452827,10366.1328125,9811.5665285808,10366.1328125,116888217
2025-04-14,10366.1328125,10408.792047108283,10195.49775706111,10366.1328125,53462899
2025-04-15,10280.814644988524,10323.473876942055,9982.201904307945,10152.837890625,65990531
2025-04-16,10152.838720615333,10323.474720881808,10024.86195578976,10238.15625,50376417
2025-04-17,10110.179430346392,10366.132958609487,10067.52019513683,10280.8154296875,51523028
2025-04-18,10366.13290939307,10963.359375,10366.13290939307,10963.359375,176652561
2025-04-21,11176.65321313838,11304.63091296206,10963.358929759761,11261.9716796875,93203304
2025-04-22,11133.99492136091,11389.94843801409,10494.110188230874,11261.9716796875,251676764
2025-04-23,11432.607928376568,11432.607928376568,10920.699942061716,11091.3359375,114361311
2025-04-24,11006.0185546875,11091.336082775584,10707.404852636391,11006.0185546875,98539842
2025-04-25,11006.018665758733,11048.676959484712,10707.404960694055,10920.7001953125,81044617
2025-04-28,10920.699358347843,10920.699358347843,10579.42738571234,10835.3818359375,61279787
2025-04-29,10835.381941299534,11048.676220147976,10622.086720954021,10750.0634765625,60365165
2025-04-30,10750.0634765625,10750.0634765625,10750.0634765625,10750.0634765625,0
2025-05-01,10750.0634765625,10750.0634765625,10750.0634765625,10750.0634765625,0
2025-05-02,10750.0634765625,10750.0634765625,10750.0634765625,10750.0634765625,0
2025-05-05,10878.04012639414,10878.04012639414,10536.768153758638,10835.3818359375,67349130
2025-05-06,10878.04012639414,10878.04012639414,10536.768153758638,10835.3818359375,67349130
2025-05-07,10835.382083973836,10963.358841267443,10664.74609375,10664.74609375,61154809
2025-05-08,10622.086720954021,10750.0634765625,10536.768256216987,10750.0634765625,63069820
2025-05-09,10835.382557014207,11176.653610863668,10664.746559340912,11006.0185546875,100834872
2025-05-12,11006.01821560262,11219.3125,10878.040515167675,11219.3125,95711904
2025-05-13,11006.01821560262,11219.3125,10878.040515167675,11219.3125,95711904
2025-05-14,11261.97178767975,11389.94854723352,11091.335794442353,11176.6533203125,85026511
2025-05-15,11091.3359375,11176.653464470586,11006.018410529416,11091.3359375,59790560
2025-05-16,11048.67677194091,11859.197519936399,10963.359244440022,11688.5615234375,189741125
2025-05-19,11389.9482421875,11475.266707269746,11261.971486061206,11389.9482421875,67427891
2025-05-20,11389.9482421875,11475.266707269746,11261.971486061206,11389.9482421875,67427891
2025-05-21,11432.607474728622,11603.24346339604,11304.63071860233,11389.9482421875,102701406
2025-05-22,11432.60728253659,11603.24326833547,11261.971296737713,11517.9248046875,88527251
2025-05-23,11517.924892213588,11603.243356509904,11304.630614466938,11475.2666015625,86227588
2025-05-26,11517.9256705631,11816.538432785488,11347.289671936429,11603.244140625,103518396
2025-05-27,11517.9256705631,11816.538432785488,11347.289671936429,11603.244140625,103518396
2025-05-28,11603.243887902341,11987.174170327364,11432.607892992182,11773.8798828125,118443323
2025-05-29,11773.8798828125,11773.8798828125,11560.584653800524,11773.8798828125,59485460
2025-05-30,11688.561669189769,12072.492901474057,11603.244140625,11603.244140625,86807278
2025-06-02,11432.607999437712,11688.5615234375,11389.948764938708,11688.5615234375,63494587
2025-06-03,11432.607999437712,11688.5615234375,11389.948764938708,11688.5615234375,63494587
2025-06-04,11688.561272785259,11987.174024880529,11603.243747113938,11859.197265625,107608318
2025-06-05,11859.197409519023,12029.833404429182,11773.8798828125,11773.8798828125,60761004
2025-06-06,11731.220757936504,11773.879992435508,11645.903230435615,11688.5615234375,37880877
2025-06-09,11681.416015625,11725.6640625,11415.9296875,11548.6728515625,57500163
2025-06-10,11681.416015625,11725.6640625,11415.9296875,11548.6728515625,57500163
2025-06-11,11504.4248046875,11681.416015625,11460.1767578125,11637.16796875,60379629
2025-06-12,11637.16796875,11814.1591796875,11504.4248046875,11769.9111328125,55815333
2025-06-13,11725.6640625,12079.646484375,11637.16796875,11769.9111328125,130586981
2025-06-16,11415.9296875,11592.919921875,11371.681640625,11592.919921875,41290652
2025-06-17,11415.9296875,11592.919921875,11371.681640625,11592.919921875,41290652
2025-06-18,11592.919921875,11681.416015625,11548.6728515625,11681.416015625,43618565
2025-06-19,11637.16796875,11681.416015625,11548.6728515625,11637.16796875,56113201
2025-06-20,11592.919921875,11814.1591796875,11504.4248046875,11504.4248046875,58021206
2025-06-23,11504.4248046875,11548.6728515625,11415.9296875,11504.4248046875,47781146
2025-06-24,11504.4248046875,11548.6728515625,11415.9296875,11504.4248046875,47781146
2025-06-25,11548.6728515625,11592.919921875,11460.1767578125,11504.4248046875,43059102
2025-06-26,11504.4248046875,11548.6728515625,11371.681640625,11548.6728515625,72960936
2025-06-27,11548.6728515625,11592.919921875,11415.9296875,11592.919921875,48464683
2025-06-30,11460.1767578125,11504.4248046875,11415.9296875,11415.9296875,36833367
2025-07-01,11460.1767578125,11504.4248046875,11415.9296875,11415.9296875,36833367
2025-07-02,11415.9296875,11460.1767578125,11283.185546875,11371.681640625,53518382
2025-07-03,11371.681640625,11504.4248046875,11327.43359375,11460.1767578125,43435505
2025-07-04,11460.1767578125,11592.919921875,11371.681640625,11504.4248046875,59131318
2025-07-07,11504.4248046875,12300.884765625,11504.4248046875,12300.884765625,282140321
2025-07-08,11504.4248046875,12300.884765625,11504.4248046875,12300.884765625,282140321
2025-07-09,12477.8759765625,12654.8671875,12345.1328125,12522.1240234375,71117680
2025-07-10,12566.3720703125,12743.36328125,12345.1328125,12389.380859375,126125289
2025-07-11,12433.6279296875,12743.36328125,12345.1328125,12699.115234375,87713086
2025-07-14,12610.619140625,12654.8671875,12345.1328125,12522.1240234375,51544498
2025-07-15,12610.619140625,12654.8671875,12345.1328125,12522.1240234375,51544498
2025-07-16,12522.1240234375,12831.8583984375,12477.8759765625,12477.8759765625,87922249
2025-07-17,12477.8759765625,12699.115234375,12433.6279296875,12610.619140625,58520101
2025-07-18,12654.8671875,12787.6103515625,12522.1240234375,12654.8671875,75658133
2025-07-21,12654.8671875,13053.09765625,12610.619140625,12920.353515625,115208924
2025-07-22,12654.8671875,13053.09765625,12610.619140625,12920.353515625,115208924
2025-07-23,12920.353515625,12964.6015625,12743.36328125,12920.353515625,71660984
2025-07-24,13008.849609375,13185.8408203125,12831.8583984375,12964.6015625,90553680
2025-07-25,12964.6015625,13672.56640625,12920.353515625,13318.583984375,105572171
2025-07-28,13407.080078125,14247.7880859375,13407.080078125,14247.7880859375,155652415
2025-07-29,13407.080078125,14247.7880859375,13407.080078125,14247.7880859375,155652415
2025-07-30,14601.76953125,14734.513671875,13318.583984375,13318.583984375,172746942
2025-07-31,14026.548828125,14247.7880859375,13628.318359375,14247.7880859375,161062629
2025-08-01,15176.9912109375,15221.2392578125,14690.265625,15221.2392578125,204883238
2025-08-04,15398.23046875,16460.177734375,15398.23046875,16460.177734375,102986392
2025-08-05,15398.23046875,16460.177734375,15398.23046875,16460.177734375,102986392
2025-08-06,17345.1328125,17433.62890625,15486.7255859375,16238.9384765625,199129052
2025-08-07,16460.177734375,16902.654296875,16238.9384765625,16592.919921875,104284649
2025-08-08,16814.16015625,17168.140625,16327.43359375,16681.416015625,104402621
2025-08-11,16637.16796875,17168.140625,16460.177734375,16902.654296875,128803163
2025-08-12,16637.16796875,17168.140625,16460.177734375,16902.654296875,128803163
2025-08-13,17079.646484375,17079.646484375,16637.16796875,16725.6640625,74677293
2025-08-14,16858.40625,17345.1328125,16725.6640625,17123.89453125,129976668
2025-08-15,17300.884765625,18274.3359375,17256.63671875,18053.09765625,134756003
2025-08-18,19300.0,19450.0,18800.0,18850.0,103905200
2025-08-19,19300.0,19450.0,18800.0,18850.0,103905200
2025-08-20,18500.0,19100.0,18400.0,18500.0,134077200
2025-08-21,18400.0,18500.0,17500.0,18300.0,162557300
2025-08-22,18400.0,18850.0,18300.0,18500.0,85261700
2025-08-25,17450.0,17500.0,16250.0,16300.0,113188300
2025-08-26,17450.0,17500.0,16250.0,16300.0,113188300
2025-08-27,16200.0,17400.0,16200.0,17400.0,86340400
2025-08-28,17800.0,18100.0,17550.0,17650.0,103800500
2025-08-29,17700.0,18550.0,17450.0,18400.0,152824000
2025-09-01,18400.0,18400.0,18400.0,18400.0,0
2025-09-02,18400.0,18400.0,18400.0,18400.0,0
2025-09-03,18950.0,19100.0,18500.0,19050.0,95659800
2025-09-04,18950.0,19100.0,18500.0,19050.0,95659800
2025-09-05,19100.0,19200.0,18800.0,18850.0,89129600
2025-09-08,17800.0,17950.0,17200.0,17250.0,124526200
2025-09-09,17800.0,17950.0,17200.0,17250.0,124526200
2025-09-10,17300.0,17700.0,17200.0,17600.0,70080800
2025-09-11,17700.0,17800.0,17350.0,17800.0,52450900
2025-09-12,17600.0,17800.0,17150.0,17800.0,88707100
2025-09-15,17550.0,17950.0,17300.0,17800.0,93174400
2025-09-16,17550.0,17950.0,17300.0,17800.0,93174400
2025-09-17,17800.0,18250.0,17750.0,18200.0,87193100
2025-09-18,18000.0,18150.0,17850.0,18050.0,64713500
2025-09-19,18000.0,18200.0,17650.0,17850.0,59508100
2025-09-22,17750.0,17750.0,17150.0,17400.0,78597200
2025-09-23,17750.0,17750.0,17150.0,17400.0,78597200
2025-09-24,17300.0,17550.0,16950.0,17000.0,142502100
2025-09-25,17100.0,17500.0,16350.0,17350.0,191797400
2025-09-26,17350.0,17450.0,16900.0,17350.0,61984100
2025-09-29,17050.0,17500.0,16800.0,16800.0,78599700
2025-09-30,17050.0,17500.0,16800.0,16800.0,78599700
2025-10-01,16850.0,17000.0,16400.0,16900.0,102650400
2025-10-02,16900.0,17100.0,16750.0,16950.0,47501700
2025-10-03,17000.0,17150.0,16700.0,17000.0,63664700
2025-10-06,16750.0,17500.0,16700.0,17400.0,114772800
2025-10-07,16750.0,17500.0,16700.0,17400.0,114772800
2025-10-08,17450.0,17450.0,17050.0,17250.0,85643500
2025-10-09,17450.0,17550.0,17100.0,17300.0,92523300
2025-10-10,17350.0,18450.0,17300.0,17900.0,189712900
2025-10-13,17700.0,18200.0,17650.0,18100.0,118930300
2025-10-14,17700.0,18200.0,17650.0,18100.0,118930300
2025-10-15,18100.0,18250.0,17700.0,18000.0,124387300
2025-10-16,17950.0,18450.0,17900.0,18200.0,135329400
2025-10-17,18350.0,18400.0,17950.0,18150.0,89585600
2025-10-20,17900.0,18000.0,16850.0,16850.0,157036500
2025-10-21,17900.0,18000.0,16850.0,16850.0,157036500
2025-10-22,16850.0,17250.0,16100.0,17000.0,144384000
2025-10-23,17000.0,17000.0,16400.0,16650.0,81491700
2025-10-24,16650.0,17000.0,16600.0,16700.0,80037000
2025-10-27,16400.0,16450.0,16000.0,16150.0,95564800
2025-10-28,16400.0,16450.0,16000.0,16150.0,95564800
2025-10-29,16200.0,16350.0,15900.0,16350.0,67544000
2025-10-30,16300.0,17050.0,16250.0,16800.0,117844300
2025-10-31,16800.0,16950.0,16550.0,16900.0,71843700
2025-11-03,16350.0,16400.0,15950.0,15950.0,71719600
2025-11-04,15900.0,16400.0,15350.0,16300.0,96499600
2025-11-05,15900.0,16400.0,15350.0,16300.0,96499600
2025-11-06,16050.0,16250.0,15850.0,15850.0,54472700
2025-11-07,15750.0,15850.0,15200.0,15300.0,84767600
2025-11-10,15250.0,15600.0,15100.0,15300.0,48856900
2025-11-11,15400.0,15800.0,15150.0,15800.0,67711900
2025-11-12,15800.0,16300.0,15550.0,16300.0,83505400
2025-11-13,16300.0,16350.0,16050.0,16350.0,56710100
2025-11-14,16200.0,16350.0,16100.0,16350.0,62828700
2025-11-17,16250.0,16600.0,16100.0,16600.0,65266800
2025-11-18,16500.0,16600.0,16300.0,16500.0,44005400
2025-11-19,16450.0,16600.0,16350.0,16450.0,59460500
2025-11-20,16400.0,16650.0,16250.0,16650.0,83370900
2025-11-21,16500.0,16650.0,16350.0,16650.0,58408100
2025-11-24,16550.0,16700.0,16450.0,16550.0,50474000
2025-11-25,16550.0,16700.0,16350.0,16400.0,77663400
2025-11-26,16350.0,16750.0,16350.0,16700.0,87211400
2025-11-27,16650.0,16900.0,16600.0,16750.0,49403500
2025-11-28,16700.0,16800.0,16600.0,16800.0,56614300
2025-12-01,16750.0,17050.0,16700.0,17000.0,57719700
2025-12-02,16900.0,17000.0,16800.0,17000.0,63698600
2025-12-03,16900.0,17350.0,16900.0,17350.0,81797500
2025-12-04,16900.0,17350.0,16900.0,17350.0,81797500
2025-12-05,17250.0,17350.0,16750.0,16750.0,58168300
2025-12-08,16750.0,16850.0,16550.0,16600.0,55435100
2025-12-09,16550.0,16600.0,16100.0,16500.0,88519600
2025-12-10,16500.0,16500.0,16250.0,16450.0,38890500
2025-12-11,16400.0,16450.0,16100.0,16350.0,55345200
2025-12-12,16250.0,16300.0,16000.0,16000.0,65585600
2025-12-15,16000.0,16100.0,15650.0,15900.0,49057500
2025-12-16,15800.0,16350.0,15650.0,15900.0,56757200
2025-12-17,15950.0,16000.0,15700.0,15700.0,48835400
2025-12-18,15950.0,16000.0,15700.0,15700.0,48835400
2025-12-19,16200.0,16200.0,15900.0,16150.0,47537900
2025-12-22,16200.0,16500.0,16100.0,16300.0,66430700
2025-12-23,16350.0,16450.0,16150.0,16300.0,59829000
2025-12-24,16300.0,17150.0,16300.0,16900.0,112666600
2025-12-25,16300.0,17150.0,16300.0,16900.0,112666600
2025-12-26,16350.0,16500.0,15900.0,16350.0,108127100
2025-12-29,16350.0,16350.0,16200.0,16200.0,44770600
2025-12-30,16150.0,16400.0,16150.0,16350.0,65877000
2025-12-31,16350.0,16400.0,16200.0,16350.0,52638000
2026-01-01,16350.0,16350.0,16350.0,16350.0,0
2026-01-02,16350.0,16350.0,16350.0,16350.0,0
2026-01-05,16300.0,16400.0,15900.0,16100.0,64342300
2026-01-06,16000.0,16200.0,15800.0,16200.0,77500200
2026-01-07,16250.0,16550.0,16200.0,16500.0,81138200
2026-01-08,16550.0,17050.0,16400.0,16600.0,135955100
2026-01-09,16700.0,16800.0,16500.0,16500.0,68480400
2026-01-12,16450.0,17200.0,16400.0,17000.0,107621400
2026-01-13,17200.0,17200.0,16650.0,16700.0,88823200
2026-01-14,16700.0,16850.0,16550.0,16700.0,81592100
2026-01-15,16650.0,16700.0,16250.0,16500.0,83216100
2026-01-16,16600.0,16800.0,16350.0,16350.0,58807900
2026-01-19,16400.0,16650.0,16300.0,16500.0,59592800
2026-01-20,16550.0,16700.0,16350.0,16550.0,54106900
2026-01-21,16400.0,16500.0,16250.0,16450.0,65842200
2026-01-22,16450.0,16550.0,16300.0,16300.0,58903900
2026-01-23,16350.0,16400.0,16250.0,16300.0,49017900
2026-01-26,16250.0,16350.0,15650.0,15750.0,75374500
2026-01-27,15800.0,16050.0,15650.0,16050.0,51904700
2026-01-28,15950.0,16050.0,15800.0,16000.0,42882400
2026-01-29,15900.0,16000.0,15800.0,15950.0,41935000
2026-01-30,15900.0,16200.0,15800.0,16000.0,53345400
2026-02-02,16000.0,16050.0,15700.0,15750.0,49881000
2026-02-03,15900.0,15950.0,15700.0,15800.0,53252800
2026-02-04,15800.0,15900.0,15650.0,15800.0,47046700
2026-02-05,15800.0,15850.0,15650.0,15650.0,46304700
2026-02-06,15550.0,15850.0,15350.0,15350.0,62805800
2026-02-09,15450.0,15450.0,15050.0,15250.0,53793600
2026-02-10,15200.0,15400.0,14950.0,15250.0,45414500
2026-02-11,15250.0,15700.0,15150.0,15500.0,59290200
2026-02-12,15500.0,15650.0,15250.0,15350.0,37459600
2026-02-13,15350.0,15450.0,15250.0,15450.0,37753700
2026-02-16,15450.0,15450.0,15450.0,15450.0,0
2026-02-17,15450.0,15450.0,15450.0,15450.0,0
2026-02-18,15450.0,15450.0,15450.0,15450.0,0
2026-02-19,15450.0,15450.0,15450.0,15450.0,0
2026-02-20,15450.0,15450.0,15450.0,15450.0,0
2026-02-23,15550.0,15800.0,15400.0,15800.0,54597400
2026-02-24,15750.0,15850.0,15550.0,15550.0,49627800
2026-02-25,15600.0,16200.0,15500.0,16200.0,106131300
2026-02-26,16300.0,16300.0,16000.0,16150.0,45204400
2026-02-27,16150.0,16150.0,15850.0,15950.0,38821900
2026-03-02,15300.0,15850.0,15200.0,15650.0,88122000
2026-03-03,15300.0,15850.0,15200.0,15650.0,88122000
2026-03-04,15450.0,15550.0,15000.0,15500.0,87559100
2026-03-05,15650.0,15700.0,15150.0,15250.0,67258100
2026-03-06,15200.0,15600.0,14950.0,15400.0,73881300
2026-03-09,14550.0,14900.0,14350.0,14350.0,123396700
2026-03-10,14550.0,14750.0,14150.0,14500.0,79944700
2026-03-11,14550.0,14850.0,14400.0,14750.0,52147100
2026-03-12,14600.0,15100.0,14450.0,14950.0,83295200
2026-03-13,14650.0,14950.0,14600.0,14950.0,57514000
2026-03-16,14850.0,15300.0,14700.0,15200.0,84195400
2026-03-17,15250.0,15300.0,15050.0,15050.0,48614400
2026-03-18,15050.0,15200.0,14900.0,15100.0,46241800
2026-03-19,14950.0,15150.0,14750.0,15000.0,65431900
2026-03-20,14900.0,15100.0,14800.0,14900.0,35688500
2026-03-23,14750.0,14800.0,14300.0,14400.0,85660000
2026-03-24,14700.0,14750.0,14400.0,14450.0,34929600
2026-03-25,14364.234375,14757.775390625,14265.849609375,14757.775390625,77798210
2026-03-26,14708.5830078125,15003.73828125,14511.8125,14905.3525390625,68981028
2026-03-27,14905.3525390625,15200.5087890625,14806.9677734375,15151.3154296875,70990680
2026-03-30,14954.5458984375,15200.5087890625,14757.775390625,15200.5087890625,86965649
2026-03-31,15052.9306640625,15298.8935546875,15003.73828125,15298.8935546875,98026259
2026-04-01,15348.0859375,15397.2783203125,14954.5458984375,14954.5458984375,81155932
2026-04-02,14905.3525390625,14905.3525390625,14511.8125,14610.197265625,111934860
2026-04-03,14850.0,14900.0,14400.0,14900.0,52368000
2026-04-06,14800.0,14800.0,14500.0,14500.0,35893400
2026-04-07,14700.0,14700.0,14450.0,14700.0,51817400
2026-04-08,15000.0,15350.0,14850.0,15300.0,80529600
2026-04-09,15200.0,15500.0,15050.0,15500.0,85696800
2026-04-10,15550.0,15550.0,15200.0,15400.0,105591400
2026-04-13,15200.0,15250.0,14950.0,15000.0,115190900
2026-04-14,15100.0,15150.0,14800.0,15100.0,98761800
2026-04-15,15100.0,15400.0,14950.0,15400.0,71780700
2026-04-16,15150.0,15550.0,15100.0,15550.0,137811200
2026-04-17,15400.0,15500.0,15250.0,15300.0,65583800
2026-04-20,15200.0,15300.0,15150.0,15300.0,47390400
2026-04-21,15300.0,15400.0,15150.0,15150.0,48986600
2026-04-22,15150.0,15250.0,15050.0,15200.0,47506900
2026-04-23,15150.0,15200.0,14800.0,14800.0,97117400
2026-04-24,14800.0,14850.0,14600.0,14750.0,44854800
2026-04-27,14750.0,14750.0,14750.0,14750.0,0
2026-04-28,14750.0,14750.0,14450.0,14450.0,51564900
2026-04-29,14550.0,14600.0,14350.0,14550.0,41650500
2026-04-30,14550.0,14550.0,14550.0,14550.0,0
2026-05-01,14550.0,14550.0,14550.0,14550.0,0
2026-05-04,14650.0,14650.0,14350.0,14350.0,62363300
2026-05-05,14400.0,14400.0,14000.0,14000.0,79172900
2026-05-06,14100.0,14200.0,14000.0,14100.0,38754800
2026-05-07,14250.0,14300.0,14050.0,14100.0,40214900
2026-05-08,14100.0,14250.0,14000.0,14250.0,65804100
2026-05-11,14250.0,14250.0,14000.0,14150.0,39403900
2026-05-12,14100.0,14150.0,13950.0,14000.0,45001700
2026-05-13,14050.0,14050.0,13900.0,14000.0,39752300
2026-05-14,14000.0,14100.0,13900.0,14000.0,38039000
2026-05-15,14000.0,14050.0,13900.0,13900.0,39435600
2026-05-18,13850.0,13900.0,13700.0,13800.0,44049800
2026-05-19,13800.0,13900.0,13600.0,13650.0,46256500
2026-05-20,13650.0,13650.0,13100.0,13550.0,105588900
2026-05-21,13600.0,13600.0,13350.0,13600.0,37560900
2026-05-22,13500.0,13550.0,13350.0,13550.0,41369900
2026-05-25,13450.0,13750.0,13450.0,13700.0,47404600
2026-05-26,13700.0,13900.0,13600.0,13800.0,47154600
2026-05-27,13750.0,14050.0,13650.0,14000.0,65737500
2026-05-28,14000.0,14050.0,13700.0,13800.0,50474100
2026-05-29,13750.0,13800.0,13650.0,13800.0,47509600
2026-06-01,13700.0,13800.0,13600.0,13750.0,43742100
2026-06-02,13650.0,13700.0,13550.0,13600.0,70057300
