Date,Open,High,Low,Close,Volume
2016-06-06,21691.341564315626,22336.094105773744,21691.341564315626,22013.71875,1594535
2016-06-07,22105.82944338809,22243.99138063478,21967.6675061414,22151.8828125,886912
2016-06-08,22151.87820343449,22382.146830993795,22013.718124845254,22059.771484375,1856991
2016-06-09,22059.77607427618,22243.99138063478,21967.6675061414,22151.8828125,816624
2016-06-10,22151.880416689983,22612.419547732905,22151.880416689983,22336.095703125,1800517
2016-06-13,22336.096334182203,22520.311625821814,22243.9896033178,22290.04296875,2443608
2016-06-14,22151.881670986688,22382.150334591173,22013.721570770515,22243.990234375,1606680
2016-06-15,22197.93402326098,22197.93402326098,21967.66355925178,22013.71875,1227022
2016-06-16,22059.77261619588,22151.879339981093,21921.610700607394,21967.6640625,1275929
2016-06-17,21783.450480956126,21967.665772779186,21691.34375,21691.34375,1926384
2016-06-20,21691.3448938491,21783.451629662282,21322.914290774534,21599.236328125,1265919
2016-06-21,21599.23581889331,21691.344382445823,21553.18245207249,21645.291015625,1073649
2016-06-22,21645.29020070975,21691.343565796727,21415.019715453273,21553.181640625,983180
2016-06-23,21599.23369688338,22105.826171875,21553.180334587058,22105.826171875,1400352
2016-06-24,22059.774146314132,22105.82751140111,20586.05182424451,21553.181640625,1684434
2016-06-27,21368.964142532517,21368.964142532517,20908.426879423707,21276.857421875,695456
2016-06-28,21092.642842799396,21553.18012102063,21092.642842799396,21368.96484375,819920
2016-06-29,21461.07769761329,21829.50832597899,21461.07769761329,21783.453125,1107786
2016-06-30,21691.346382864092,21875.561697046942,21645.29301179614,21783.453125,973435
2016-07-01,21783.450034769703,22013.720517265054,21645.289941165425,21875.55859375,1065715
2016-07-04,21875.55815521106,22750.579383473058,21875.55815521106,22658.47265625,2454349
2016-07-05,22750.579385495923,23947.97964887731,22750.579385495923,23257.171875,3374626
2016-07-06,23026.90234375,23717.708261218777,22980.848981900883,23026.90234375,1204399
2016-07-07,23257.170815624988,23487.439453125,22934.79362517858,23487.439453125,1454467
2016-07-08,23487.439453125,24178.247195535692,23026.902178124976,23487.439453125,1697047
2016-07-11,23717.708048622128,24638.784426901653,23487.43941152991,23947.978515625,3129991
2016-07-12,23947.980197652105,24869.056640625,23947.980197652105,24869.056640625,1474994
2016-07-13,24869.055191176227,26480.9375,24869.055191176227,26480.9375,2934730
2016-07-14,26711.207288265316,26941.475938010204,25790.130859375,25790.130859375,1875362
2016-07-15,25790.131253687112,26250.670390128947,24869.056640625,24869.056640625,1731103
2016-07-18,24638.784931000646,25790.129969928414,24408.516289197232,25559.861328125,1498471
2016-07-19,25790.130859375,26250.669988775535,25329.593559885223,25790.130859375,1137326
2016-07-20,26020.401534330376,26020.401534330376,24869.056447053594,25329.59375,859611
2016-07-21,25329.592686321583,25559.861328125,24408.516289197232,25559.861328125,1337327
2016-07-22,25329.59216808896,25559.860805181175,23947.978515625,23947.978515625,1803690
2016-07-25,23947.98218647246,24638.788203638767,23717.71168417276,24408.51953125,648767
2016-07-26,24408.51953125,24869.05870593847,23947.98218647246,24408.51953125,546783
2016-07-27,24408.51953125,24408.51953125,24408.51953125,24408.51953125,0
2016-07-28,25099.3250985268,25329.59375,24638.785965669624,25329.59375,185922
2016-07-29,25099.325293890528,25329.593947156056,24638.78615744869,24869.056640625,458978
2016-08-01,24869.05870593847,24869.05870593847,24408.51953125,24408.51953125,742633
2016-08-02,24408.516752817275,24408.516752817275,23487.44033819782,23717.708984375,1290942
2016-08-03,23487.440522988854,23717.709170977712,22796.634579022288,23257.171875,659610
2016-08-04,23487.43941152991,24869.054893904526,23257.170774437694,23947.978515625,1093810
2016-08-05,24178.247195535692,24178.247195535692,23257.170815624988,23487.439453125,667219
2016-08-08,23717.708048622128,23947.978515625,23257.170774437694,23947.978515625,709514
2016-08-09,23947.98218647246,24408.51953125,23717.71168417276,24408.51953125,368326
2016-08-10,24178.247868432907,24869.055630069255,24178.247868432907,24638.78515625,630742
2016-08-11,24638.785780739796,25790.130859375,24638.785780739796,25790.130859375,1500220
2016-08-12,25559.861505553738,25790.130148955606,24638.785102035556,25099.32421875,673444
2016-08-15,24638.785102035556,25329.59286215187,24638.785102035556,25099.32421875,336854
2016-08-16,24869.056640625,25329.593947156056,24638.78615744869,24869.056640625,1044212
2016-08-17,24869.05870593847,24869.05870593847,23947.98218647246,24408.51953125,1292590
2016-08-18,24869.05870593847,25329.59605071601,24408.51953125,24408.51953125,1175511
2016-08-19,24408.516512341455,25099.3242739778,24408.516512341455,24638.78515625,509757
2016-08-22,25329.592917886348,25329.592917886348,24638.78515625,24638.78515625,949856
2016-08-23,24408.51953125,24869.05870593847,24178.250858861233,24408.51953125,1137895
2016-08-24,24638.78615744869,25099.325293890528,24638.78615744869,24869.056640625,559925
2016-08-25,24869.056640625,25099.325293890528,24638.78615744869,24869.056640625,922677
2016-08-26,25790.12975055514,26480.9375,25559.86111071041,26480.9375,3706212
2016-08-29,27402.013889289592,27862.551168979047,26480.9375,26480.9375,2694245
2016-08-30,26020.400441642523,26250.669083445937,25329.592686321583,25559.861328125,3155116
2016-08-31,25559.862600421584,26020.401736863423,24638.78615744869,24869.056640625,5276334
2016-09-01,25099.32445921769,25329.59310482568,23717.708925748295,24178.248046875,6973341
2016-09-05,24178.248296866164,24178.248296866164,22934.794669869156,23257.171875,8527880
2016-09-06,23487.440522988854,23717.709170977712,23026.903227011146,23257.171875,3751741
2016-09-07,23487.440522988854,23947.97964887731,23026.903227011146,23257.171875,3219565
2016-09-08,23487.440522988854,23487.440522988854,23026.903227011146,23257.171875,3864792
2016-09-09,23942.735569414042,24635.81561098386,23816.720342047112,24383.78515625,5053893
2016-09-12,24320.777140559687,24320.777140559687,23312.660978579683,23596.193359375,1556700
2016-09-13,23627.69844933403,23627.69844933403,22682.58984375,22682.58984375,3257858
2016-09-14,22399.05642912541,23564.689766673404,22399.05642912541,22997.625,2343919
2016-09-15,23186.648879412598,23375.669858739773,22682.58984375,22682.58984375,1080894
2016-09-16,22682.59209619128,22745.59971371519,22052.521484375,22052.521484375,10948758
2016-09-19,22493.568139939824,23218.151937225415,22493.568139939824,23092.13671875,2301604
2016-09-20,23123.6400095408,23690.704771131434,22871.61143266429,23596.193359375,1813335
2016-09-21,23312.660978579683,23690.704771131434,23312.660978579683,23596.193359375,2621892
2016-09-22,23816.720204232483,24131.756416352713,23596.195412090565,23627.69921875,2400882
2016-09-23,23627.698918778417,23722.210337556833,23438.677935695698,23533.1875,1260990
2016-09-26,23533.184116351043,23911.227882634692,23344.16316044614,23690.703125,1729156
2016-09-27,23690.70496905774,24352.28114793201,23564.689752329694,24320.77734375,3087888
2016-09-28,24446.789477106515,24698.818043419582,24289.27231858856,24572.8046875,2642628
2016-09-29,24572.8072879532,24667.316851276028,23942.73487825525,24131.755859375,2635967
2016-09-30,24131.755859375,24446.792064223973,23942.73487825525,24131.755859375,2114048
2016-10-03,24131.757121793882,24320.779967276187,23753.715139777654,23879.728515625,1949383
2016-10-04,23879.728515625,24320.779967276187,23816.72090046423,23879.728515625,2491269
2016-10-05,24257.770980318823,24320.77859191646,24037.24619420118,24068.75,1403985
2016-10-06,24068.748256424045,24352.280633599818,24068.748256424045,24163.2578125,1767795
2016-10-07,24226.26666564676,24352.28188619508,23816.71905333876,23911.23046875,1984480
2016-10-10,23911.23162421079,24068.75065750798,23312.66300662977,23627.69921875,1528912
2016-10-11,23753.71299500235,23816.71875,23060.63299976201,23816.71875,3120830
2016-10-12,23816.71647744532,23911.227882634692,23596.191719810628,23690.703125,802619
2016-10-13,23753.714142462293,23753.714142462293,23375.670321844293,23501.685546875,885984
2016-10-14,23501.683387977384,23753.711960412984,23438.67578125,23438.67578125,1267033
2016-10-17,23438.67629657852,23438.67629657852,22934.619140625,22934.619140625,2371466
2016-10-18,22934.617193716826,23249.651498589184,22745.59438542482,22966.119140625,1422506
2016-10-19,23186.648234514632,23438.67681809914,23060.633015485368,23123.640625,1446994
2016-10-20,23186.648234514632,23312.661599069874,23123.640625,23123.640625,889661
2016-10-21,23123.640625,23312.661599069874,23060.633015485368,23123.640625,1169036
2016-10-24,23186.649084547545,23312.66245372249,22745.59765625,22745.59765625,1028859
2016-10-25,22745.597046626255,22745.597046626255,22304.54748462374,22525.072265625,2014182
2016-10-26,22525.071443285935,22556.575247203702,22241.5390625,22241.5390625,1045978
2016-10-27,22241.540860896483,22871.61328125,22241.540860896483,22871.61328125,1273212
2016-10-28,22871.61328125,22934.620894180178,22619.584684003417,22871.61328125,657002
2016-10-31,22871.612677551253,22966.1222399778,22682.58984375,22682.58984375,1014090
2016-11-01,22556.576373393662,22808.604962844947,22493.568762412324,22619.583984375,782984
2016-11-02,22556.57545418076,22651.08686680129,22304.546875,22304.546875,765789
2016-11-03,22147.0310561866,22210.038673710504,21895.002440565233,22052.521484375,1483824
2016-11-04,22178.53486494855,22178.53486494855,21989.51386685109,22052.521484375,925014
2016-11-07,22115.52364725311,22871.61122550847,22084.0216980936,22840.107421875,1635619
2016-11-08,22934.619140625,22966.121090207358,22682.588708174255,22934.619140625,1640020
2016-11-09,22871.612677551253,22871.612677551253,22052.51929450139,22682.58984375,2548081
2016-11-10,22934.619140625,23060.632502376386,22903.115336568655,22934.619140625,1193735
2016-11-11,22997.62458556839,23186.64740736921,22714.09220734112,22840.107421875,1354165
2016-11-14,22840.1085642839,22840.1085642839,22525.072366665783,22556.576171875,1122832
2016-11-15,22525.072366665783,22840.1085642839,22525.072366665783,22556.576171875,420244
2016-11-16,22556.576171875,22619.583782293434,22430.560951038133,22556.576171875,685981
2016-11-17,22556.577828820205,22556.577828820205,22273.045415583783,22462.06640625,1111726
2016-11-18,22367.55469060035,22462.064249622315,22336.050886101693,22399.056640625,946714
2016-11-21,22399.05305475936,22556.572052035426,22367.55110977786,22493.564453125,893383
2016-11-22,22493.568864422825,22682.58984375,22462.065058789285,22682.58984375,939240
2016-11-23,22745.598055389644,22966.12284617114,22682.59044245947,22871.61328125,1414022
2016-11-24,22745.597455017087,22903.116483184796,22619.584086956995,22682.58984375,953827
2016-11-25,22682.589538237815,22745.59714865625,22493.568561456566,22556.576171875,1039648
2016-11-28,22493.568051003153,22493.568051003153,22273.043274017127,22367.5546875,1601170
2016-11-29,22241.542482472458,22367.55771752027,21926.506249327183,22052.521484375,1992346
2016-11-30,21800.489315423325,22178.53125,21674.47410091513,22178.53125,3109679
2016-12-01,22367.554175113073,22367.554175113073,22178.531352477385,22210.03515625,1305852
2016-12-02,22178.531454664462,22273.042866417767,22115.523846828928,22241.5390625,1132522
2016-12-05,22115.525087013615,22147.028892698043,21989.51171875,21989.51171875,826987
2016-12-06,22021.01618141582,22021.01618141582,21422.447564502043,21516.958984375,2016789
2016-12-07,21516.961319880233,21674.478515625,21516.961319880233,21674.478515625,1174687
2016-12-08,21674.47763370582,22336.05390875832,21548.464253132268,22052.521484375,1020962
2016-12-09,21926.502467732043,22147.02723655824,21926.502467732043,22084.021484375,854202
2016-12-12,21800.490739117533,22052.51933011885,21800.490739117533,21989.51171875,839721
2016-12-13,21989.514761588875,21989.514761588875,21579.967085493536,21674.478515625,1169141
2016-12-14,21579.963901374213,21958.00771164544,21579.963901374213,21926.50390625,753538
2016-12-15,21926.506249327183,22241.542482472458,21737.485251229726,22052.521484375,815067
2016-12-16,22052.517685304592,22115.5234375,21863.494865296547,22115.5234375,1913472
2016-12-19,22115.52744096235,22241.54267711295,22052.52167736133,22147.03125,1276708
2016-12-20,22241.54238400814,22241.54238400814,21958.00996088003,22021.017578125,677150
2016-12-21,21989.513769502515,22178.53476676317,21863.498535012575,22021.017578125,474585
2016-12-22,22115.525087013615,22115.525087013615,21958.007913065576,21989.51171875,637351
2016-12-23,22021.016712946748,22430.5625,21958.00909817727,22430.5625,1485014
2016-12-26,22462.065257513757,22808.60526807452,22430.561451601498,22745.59765625,1515892
2016-12-27,22808.60506628417,22934.620288818336,22682.58984375,22682.58984375,1238160
2016-12-28,22745.598719373214,22745.598719373214,22430.5625,22430.5625,975106
2016-12-29,22619.585143850774,22619.585143850774,22304.548927269454,22336.052734375,726970
2016-12-30,22336.052734375,22493.56991542858,22304.548927269454,22336.052734375,852711
2017-01-03,22430.561601973222,23627.69881676818,22430.561601973222,23470.181640625,3042167
2017-01-04,23627.698309370156,23690.705920264,23186.648742061378,23312.662109375,2018929
2017-01-05,23249.65479885532,23501.68524568681,23218.152847475474,23407.173828125,1288824
2017-01-06,23438.678918448004,24194.76473695465,23375.671303287236,23879.728515625,3761226
2017-01-09,24068.750796780972,24541.304190458664,24005.743183097507,24383.78515625,3585816
2017-01-10,24194.76171875,24352.28073700202,24163.257915099595,24194.76171875,1859900
2017-01-11,24194.761821216172,24415.28659322898,24100.2504098647,24226.265625,2257751
2017-01-12,24194.76473695465,24257.77235211542,23816.72090046423,23879.728515625,2807564
2017-01-13,23690.704771131434,24131.754317046827,23596.193359375,23596.193359375,1755091
2017-01-16,23627.698918778417,23816.719901861135,23344.166516917285,23533.1875,967345
2017-01-17,23627.697953593168,24667.316099791162,23627.697953593168,24541.302734375,3526277
2017-01-18,24415.288258291668,24667.316851276028,24131.755859375,24131.755859375,1723143
2017-01-19,24194.764936371135,24257.77255205122,23942.736328125,23942.736328125,785184
2017-01-20,24068.751559485172,24257.77255205122,23942.736328125,23942.736328125,1369717
2017-01-23,24163.259360701755,24163.259360701755,23911.230770894505,24005.7421875,1081828
2017-01-24,23974.23735222186,24320.77734375,23942.733548039847,24320.77734375,1354798
2017-01-25,24509.797600236147,24761.826171875,24194.7614220691,24761.826171875,2038278
2017-01-26,24761.826171875,24761.826171875,24761.826171875,24761.826171875,0
2017-02-03,24887.844211243573,24887.844211243573,24383.78515625,24383.78515625,2329814
2017-02-06,24383.78515625,24509.80038361693,24194.764169673756,24383.78515625,1942315
2017-02-07,24446.793753367747,24730.326171875,24415.289945258693,24730.326171875,2301408
2017-02-08,24824.83459933274,25076.863179305896,24635.813627971373,25045.359375,2701580
2017-02-09,25108.368841787116,25139.872648424487,24887.84404979965,25013.857421875,1813651
2017-02-10,24982.35094024975,24982.35094024975,24761.826171875,24761.826171875,2643246
2017-02-13,24761.825334059642,24761.825334059642,24383.781562155495,24478.29296875,2245861
2017-02-14,24478.2965767752,24635.81561098386,24257.77178335722,24383.78515625,1997485
2017-02-15,24478.293279704885,24761.825648616323,24320.776121186933,24572.8046875,2139606
2017-02-16,24698.81928498616,24919.345914260244,24257.769735385973,24320.77734375,2049068
2017-02-17,24383.78445235936,24415.288258291668,24131.755859375,24131.755859375,1839541
2017-02-20,24257.77047078384,24257.77047078384,23879.72666361292,23911.23046875,1992738
2017-02-21,23942.733144020724,24226.265522400405,23911.22934037032,24194.76171875,1622042
2017-02-22,24257.77235211542,24257.77235211542,23816.72090046423,23879.728515625,1208714
2017-02-23,23879.7240809049,24068.746891283652,23659.199323270208,23690.703125,2190767
2017-02-24,23816.7181323327,23848.22193625151,23501.683802092546,23596.193359375,1183939
2017-02-27,23438.677592971802,24163.25956292237,23438.677592971802,24068.75,1359967
2017-02-28,24068.75045406628,24068.75045406628,23564.69140625,23564.69140625,1060565
2017-03-01,23564.689140230825,23690.704353685596,23438.67578125,23438.67578125,1135491
2017-03-02,23690.70571483333,23753.71332518081,23249.654296875,23249.654296875,1728659
2017-03-03,23438.678233267517,23690.706832068874,23249.655393310895,23627.69921875,778297
2017-03-06,23942.735125534236,23942.735125534236,23501.685546875,23501.685546875,768833
2017-03-07,23627.69921875,23627.69921875,23375.670619948643,23627.69921875,846894
2017-03-08,23501.688173124196,24068.753040182084,23501.688173124196,23753.716796875,1344325
2017-03-09,23911.230164207507,24194.76255235601,23816.71875,23816.71875,1509924
2017-03-10,23879.727817551357,24068.75065750798,23533.18779877169,23627.69921875,898929
2017-03-13,23375.66982120796,23564.690800231645,23344.166015625,23344.166015625,1334741
2017-03-14,23344.166015625,23564.690800231645,23344.166015625,23344.166015625,757350
2017-03-15,23470.1810349881,23470.1810349881,23281.158203125,23281.158203125,846396
2017-03-16,23312.66231043774,23470.181339030893,23281.15850471911,23375.669921875,866258
2017-03-17,23375.669720268845,23659.20211481708,23281.158303928078,23312.662109375,4673191
2017-03-20,23564.69364994671,23879.729889400052,23564.69364994671,23659.205078125,1632123
2017-03-21,23879.728712444914,23942.736328125,23690.707719878865,23942.736328125,1470050
2017-03-22,23942.73780106952,24163.262615042186,23690.70917731872,23753.716796875,2926282
2017-03-23,23753.71187321932,24257.769016240254,23690.70426672322,24100.25,2472116
2017-03-24,24257.77255205122,24289.276359891264,23785.219143398994,23942.736328125,2127219
2017-03-27,23942.733968943343,24194.76255235601,23785.216799738188,23816.71875,2527315
2017-03-28,23816.72000292108,23974.23903488683,23533.18759985685,23564.69140625,2938895
2017-03-29,23470.18174061732,23627.69891743159,23407.17412810197,23501.685546875,2079659
2017-03-30,23501.683387977384,23690.704353685596,23438.67578125,23438.67578125,1508101
2017-03-31,23438.67712791745,23564.690494138365,23249.654296875,23249.654296875,2484653
2017-04-03,23249.65347224046,23344.16488440949,22871.611532512314,22934.619140625,3362139
2017-04-04,22997.627544504,23375.6713822718,22966.123736817168,23186.650390625,1526260
2017-04-05,23186.65048905443,23501.686712785922,23186.65048905443,23218.154296875,935427
2017-04-07,23060.635159877667,23249.65615152447,23060.635159877667,23186.650390625,1124731
2017-04-10,23249.65398955524,23375.669208584506,23123.640625,23123.640625,1056391
2017-04-11,23123.640930654085,23312.661907222482,23123.640930654085,23249.654296875,745777
2017-04-12,23312.663766898135,23312.663766898135,23092.1389675645,23186.650390625,1394748
2017-04-13,23092.136921459194,23407.173115939186,23092.136921459194,23155.14453125,1162209
2017-04-14,23123.64197924228,23155.145785844627,22682.590541283582,22903.1171875,1550537
2017-04-17,22903.11565495493,22966.121409469502,22367.5546875,22367.5546875,1554636
2017-04-18,22367.555295148086,22588.080078125,22304.547684447807,22588.080078125,805226
2017-04-19,22556.576373393662,22745.59735186361,22493.568762412324,22619.583984375,861511
2017-04-20,22619.583062594447,22619.583062594447,22304.546875,22304.546875,1510286
2017-04-21,22304.547078511416,22619.58326898032,22304.547078511416,22367.5546875,779141
2017-04-24,22367.553864177393,22525.071026376823,22115.5234375,22115.5234375,678446
2017-04-25,22115.5234375,22241.5386508387,22021.013881969917,22115.5234375,988759
2017-04-26,22115.52343322965,22178.53103988683,22052.517681046407,22084.021484375,1068823
2017-04-27,22178.53259680691,22241.54020788719,21863.496395879578,21958.0078125,3375837
2017-04-28,21958.0078125,21958.0078125,21958.0078125,21958.0078125,0
2017-05-03,22115.52425154567,22682.589023494893,22084.022301525387,22367.5546875,1356079
2017-05-04,22367.55608675684,23060.634265566405,22304.54847382666,22871.61328125,3294944
2017-05-05,22871.61287989904,22871.61287989904,22619.584287075057,22745.59765625,1181302
2017-05-08,22745.597046626255,22871.612266897857,22493.5684605571,22525.072265625,1300623
2017-05-09,22525.06963022464,23060.630544771004,22462.062027460637,22966.119140625,2462200
2017-05-10,22966.121701877586,23312.66170125298,22966.121701877586,23155.14453125,2181770
2017-05-11,23186.650390625,23312.663766898135,23155.146582938167,23186.650390625,1832699
2017-05-12,23155.141948917008,23186.64575029901,22903.113392334824,22966.119140625,1353442
2017-05-15,22934.620894180178,22997.626652636227,22777.101861854735,22871.61328125,1699590
2017-05-16,22745.597555773096,22934.62039041166,22682.589944226907,22714.09375,1515138
2017-05-17,22682.59218632643,22903.118848536426,22682.59218632643,22808.607421875,1884689
2017-05-18,22745.598154488274,23029.130559435245,22745.598154488274,22903.1171875,1583629
2017-05-19,22934.619751456215,23155.14453125,22871.612141665413,23155.14453125,1642295
2017-05-22,23375.670619948643,24068.75065750798,23155.145827806726,23627.69921875,5172340
2017-05-23,23627.696746958212,23753.711960412984,23438.67578125,23438.67578125,2008033
2017-05-24,23407.1729945645,23974.23777079324,23344.165385100412,23785.216796875,2379724
2017-05-25,23816.719492987664,23848.223298706293,23375.669921875,23375.669921875,2550598
2017-05-26,23344.165403827188,23470.180622856453,23123.640625,23123.640625,1871443
2017-05-29,23375.668688465834,23564.689658329906,22934.619140625,22934.619140625,2557560
2017-05-30,23123.641878496583,23123.641878496583,22808.605668319822,22871.61328125,2061832
2017-05-31,23123.64365627215,23123.64365627215,22556.57880525213,22808.607421875,2228682
2017-06-01,22934.620894180178,23092.138072031492,22808.605668319822,22871.61328125,1466057
2017-06-02,22871.61328125,22997.626652636227,22745.598055389644,22871.61328125,1640366
2017-06-05,22934.618636378804,23501.683387977384,22903.11483301511,23438.67578125,2876779
2017-06-06,23501.685981847128,24352.283203125,23438.67836816562,24352.283203125,7158327
2017-06-07,24383.78445235936,24478.295870156282,24068.75010198448,24131.755859375,3645823
2017-06-08,24068.751361107305,24131.757121793882,23816.72090046423,23879.728515625,2463420
2017-06-09,24005.740751321533,24320.77693335162,23879.725536719914,24194.76171875,2972998
2017-06-12,24194.761616016636,24226.265419533273,23911.229238840864,24163.2578125,1464083
2017-06-13,23974.237251477713,24352.281045599255,23942.733447428083,24289.2734375,1486280
2017-06-14,24289.27455004401,24824.8355344705,24289.27455004401,24698.8203125,4247822
2017-06-15,24698.818974161702,24950.847549972128,24604.309417279022,24887.841796875,4515819
2017-06-16,25108.366568899877,25108.366568899877,24730.32277794725,24887.841796875,4081258
2017-06-19,25108.368841787116,25202.880261699233,24824.836436524907,25013.857421875,2300699
2017-06-20,25076.86276511433,25076.86276511433,24761.8265817328,24887.841796875,3434337
2017-06-21,24761.828983106487,24793.332789947242,23942.735568669366,24352.283203125,3421227
2017-06-22,24383.784144973844,24415.28795050901,24005.7421875,24005.7421875,2042543
2017-06-23,23974.238381964835,24068.74979857033,23785.217403227914,24005.7421875,2833936
2017-06-26,24131.756258561236,24320.779097281884,24037.246693675035,24257.771484375,1830122
2017-06-27,24446.78998125462,24478.293784502668,24100.25,24100.25,1546905
2017-06-28,24100.251648387213,24131.755453790032,23848.223059638723,23974.23828125,2110612
2017-06-29,24131.75575712355,24163.25956292237,23879.72716520709,24068.75,1268224
2017-06-30,24131.756258561236,24320.779097281884,24005.742887221597,24257.771484375,1287543
2017-07-03,24257.77217690152,24667.317963539983,24194.764562195855,24509.80078125,2732050
2017-07-04,24572.807997300395,24572.807997300395,24257.77178335722,24383.78515625,1235673
2017-07-05,24572.804375344505,24572.804375344505,24226.264405638525,24478.29296875,1204298
2017-07-06,24446.79202108029,24887.84344888013,24446.79202108029,24793.33203125,3584746
2017-07-07,24887.844211243573,24982.353777294622,24383.78515625,24383.78515625,1755588
2017-07-10,24509.799367114505,24635.814589255166,23942.73457642967,24005.7421875,2056015
2017-07-11,23942.73487825525,24131.755859375,23690.70628527089,24131.755859375,1663558
2017-07-12,24257.77255205122,24257.77255205122,23848.22490460487,23942.736328125,1958575
2017-07-13,23942.736328125,23942.736328125,23942.736328125,23942.736328125,0
2017-07-14,24068.748051225888,24163.257606496103,23974.236641481737,24100.25,582106
2017-07-17,24100.254995485902,24163.262615042186,23753.716796875,23753.716796875,1059902
2017-07-18,23690.70538267887,23942.733966061194,23659.201577946824,23785.216796875,2103876
2017-07-19,23816.71647744532,23911.227882634692,23627.695521540416,23690.703125,1763997
2017-07-20,23627.69716329381,23690.704771131434,23375.668586417305,23596.193359375,1636750
2017-07-21,23690.705920264,23753.713531157846,23312.662109375,23312.662109375,1595715
2017-07-24,23312.662709328943,23501.685546875,23092.13791999932,23501.685546875,1377704
2017-07-25,23438.677934359646,23533.18749865856,23249.65509681359,23501.685546875,728417
2017-07-26,23596.19521264315,23690.7066318226,23438.678035151523,23564.69140625,1869303
2017-07-27,23564.691306259472,23659.20272503789,23533.1875,23533.1875,997303
2017-07-28,23533.1875,23533.1875,23533.1875,23533.1875,0
2017-07-31,23627.69777321478,23879.726356597108,23627.69777321478,23785.216796875,1654502
2017-08-01,23942.733144020724,24383.782686178463,23942.733144020724,24194.76171875,2577467
2017-08-02,24005.7421875,24194.76316623692,23816.71935428901,24005.7421875,1421481
2017-08-03,24131.755859375,24194.763471239614,24005.742490119865,24131.755859375,1020224
2017-08-04,24131.755453790032,24194.76306459567,23879.726865041543,23974.23828125,1138686
2017-08-07,24005.74208665282,24100.251648387213,23942.73447584718,23974.23828125,1128242
2017-08-08,23974.23694767113,24541.301704430487,23974.23694767113,24194.76171875,2476636
2017-08-09,24194.76255235601,24289.273966563516,23627.69777605901,23816.71875,1850315
2017-08-10,23659.205367540577,23879.73018151324,23596.197747984297,23753.716796875,1707968
2017-08-11,23596.193359375,23659.200967212622,23501.683802092546,23596.193359375,874245
2017-08-14,23596.19182377561,23816.716582381938,23596.19182377561,23722.20703125,547838
2017-08-15,23690.706529946943,23753.714142462293,23501.685546875,23501.685546875,703447
2017-08-16,23501.68584658639,23659.20302540944,23470.182039926953,23627.69921875,585271
2017-08-17,23627.69891743159,23659.202723689265,23407.17412810197,23501.685546875,785681
2017-08-18,23501.68584658639,23816.720204232483,23407.174426608082,23627.69921875,1086439
2017-08-21,23627.6990190363,23690.7066318226,23501.685647937822,23564.69140625,387709
2017-08-22,23627.698104485848,23627.698104485848,23249.654296875,23249.654296875,825103
2017-08-23,23312.662109375,23375.669720268845,23123.641131167533,23312.662109375,83179450
2017-08-24,23407.173626790922,23596.194605814602,23249.65459887612,23344.166015625,49196085
2017-08-25,23344.16621641713,23564.69100292059,23344.16621641713,23407.173828125,334905
2017-08-28,23407.172390336116,23596.193359375,23375.668586417305,23596.193359375,1001568
2017-08-29,23596.194503923234,23627.698309370156,23312.662109375,23312.662109375,1041743
2017-08-30,23312.662109375,23501.684942056534,23249.654498481155,23312.662109375,1051252
2017-08-31,23249.65469900048,23596.194707431332,23218.152747755932,23375.669921875,1051327
2017-09-01,23564.68955545619,23627.69716329381,23375.668586417305,23596.193359375,988171
2017-09-04,23596.193359375,23596.193359375,23596.193359375,23596.193359375,0
2017-09-05,23564.69086321661,24131.755656277415,23407.173689354862,24037.24609375,2498713
2017-09-06,23942.736328125,24037.24775164513,23785.219143398994,23942.736328125,888636
2017-09-07,23942.73780106952,23942.73780106952,23753.716796875,23753.716796875,840911
2017-09-08,23942.73780106952,24005.745420625804,23722.21298709686,23753.716796875,1135099
2017-09-11,23816.722561956958,24509.80266812741,23753.716796875,23753.716796875,2800557
2017-09-12,23753.71349790433,24005.74208665282,23722.20969250151,23974.23828125,2013202
2017-09-13,24194.76306459567,24194.76306459567,23879.726865041543,23974.23828125,1167167
2017-09-14,24068.75010198448,24257.771083104228,23879.727266390637,24131.755859375,3665052
2017-09-15,24131.75732069105,24194.764936371135,23879.728712444914,23942.736328125,4218241
2017-09-18,23942.731684364484,24068.746891283652,23690.703125,23690.703125,4395775
2017-09-19,23596.19521264315,23816.72000292108,23501.685647937822,23564.69140625,3717494
2017-09-20,23596.193971323173,24068.74918788669,23596.193971323173,23816.71875,3267502
2017-09-21,23816.71885138006,24037.245485469626,23785.216900984156,23848.22265625,1832277
2017-09-22,23848.220384250533,23879.724186119132,23690.703229381405,23722.20703125,1586553
2017-09-25,23722.21063872831,23785.218252047183,23596.195412090565,23627.69921875,1605947
2017-09-26,23627.69562564421,23753.7108331186,23501.682272643673,23722.20703125,1313824
2017-09-27,23879.73018151324,23942.73780106952,23659.205367540577,23753.716796875,2075168
2017-09-28,23776.15782313748,23935.94299814946,23712.243000662445,23808.115234375,2371511
2017-09-29,23808.116397831203,24127.688644647642,23776.15898503199,24031.81640625,3198062
2017-10-02,24159.641832295572,24351.386290487753,23935.941845580215,24063.771484375,1816047
2017-10-03,24159.644176271155,24223.559001869584,23967.901580651574,24031.81640625,2135673
2017-10-04,23967.89818472304,24926.61478933512,23967.89818472304,24798.78515625,7289131
2017-10-05,25054.44528338871,25565.761990516028,24734.873046875,24734.873046875,8548012
2017-10-06,24734.874278354964,25022.489117419274,24702.918746170693,24958.576171875,3500613
2017-10-09,25150.3199289185,25342.06253673168,25022.490269592497,25182.27734375,3768053
2017-10-10,25182.273425629362,25501.845643046167,25054.44378619243,25342.05859375,3893039
2017-10-11,25437.931218273032,25501.846038983833,24958.573825293162,25150.31640625,4272928
2017-10-12,25150.318770859296,25214.233597579303,24958.576171875,24958.576171875,2663514
2017-10-13,24926.616414937762,25182.273816605397,24926.616414937762,25150.31640625,2688710
2017-10-16,25214.233597579303,25246.19101093931,24894.66134515499,24958.576171875,2324464
2017-10-17,24958.574657343037,26204.904296875,24926.617245922265,26204.904296875,4615459
2017-10-18,26140.989794300225,26460.56012707478,25917.28792771233,26013.16015625,4601233
2017-10-19,26013.159714002006,26140.989349879008,25757.502323423472,25885.330078125,2233429
2017-10-20,25917.291058137307,26396.650377549657,25853.37811256796,26077.078125,3123015
2017-10-23,26109.03472915782,26428.606971802757,25437.932831485876,25501.84765625,5378220
2017-10-24,25469.889484462325,25757.50430614973,25246.189485633367,25565.76171875,1826521
2017-10-25,25565.763648480464,26077.078507591406,25565.763648480464,26045.12109375,2087329
2017-10-26,26045.116364741705,26364.688563955304,25693.586757489207,25949.244140625,2896414
2017-10-27,25949.246949697415,26844.048828125,25853.37659637792,26844.048828125,3536961
2017-10-30,27035.79218369647,27451.23666379741,26524.47734755353,26780.134765625,5738744
2017-10-31,26780.132765895116,26907.962405973376,26460.560546875,26460.560546875,1992858
2017-11-01,26588.390625,26748.17579655477,26428.605453445234,26588.390625,3238599
2017-11-02,26588.392560042845,27419.279651183962,26268.8203125,26268.8203125,3527799
2017-11-03,26460.562522741744,26780.134765625,26077.077336222377,26780.134765625,2109512
2017-11-06,26844.048859567574,27419.278504860817,26716.22109459998,27163.62109375,3708257
2017-11-07,27163.619519058215,27387.319505665197,26844.047303401585,27131.662109375,2581325
2017-11-08,27131.66293287836,28122.337019600516,26971.87776078799,27866.677734375,4062286
2017-11-09,27994.507409183043,28122.33705194281,27547.107421875,27547.107421875,2861709
2017-11-10,27483.192600495116,27898.635177113214,27355.362957735346,27547.107421875,3296270
2017-11-13,27802.76442984367,27930.592189605464,27483.192208675864,27738.849609375,3171117
2017-11-14,27802.76328702601,28377.992885248448,27706.89106026378,27994.505859375,4533270
2017-11-15,27994.507376987756,28250.1647810377,27866.677734375,27866.677734375,1965145
2017-11-16,27962.551214096282,28665.610517487636,27866.678977858646,28569.73828125,3130038
2017-11-17,28633.65351284587,28857.3535194078,28346.038681216058,28377.99609375,3110010
2017-11-20,28377.99336445133,28761.478515625,28346.03595499094,28761.478515625,2686902
2017-11-21,28953.223551367173,30487.16794908727,28889.308731168283,29848.025390625,5725076
2017-11-22,29848.026998677306,30742.827004966635,29848.026998677306,30678.9140625,4695765
2017-11-23,31126.314839499122,31254.14448996175,29943.898097422596,30615.0,4018569
2017-11-24,30359.340602317214,30487.168363276076,30039.768378156703,30295.42578125,2054659
2017-11-27,30359.34258025044,30806.742594518248,29911.940684806937,30615.0,3380042
2017-11-28,30742.825414040282,30934.569875044435,30359.340254383067,30806.740234375,2580662
2017-11-29,30678.912134765193,31318.0546875,30678.912134765193,31318.0546875,2170227
2017-11-30,31190.22695284689,31957.199145409963,30998.484375,30998.484375,3009707
2017-12-01,31062.398837252746,31254.14330568111,30678.913662747254,30870.65625,3143148
2017-12-04,30998.48521347449,31573.71484375,30870.655570668565,31573.71484375,2923042
2017-12-05,31318.05580671623,31957.200263467726,30742.826171875,30742.826171875,2977066
2017-12-06,30678.9140625,30870.656652251193,30103.684412070776,30678.9140625,3167666
2017-12-07,30678.913266132076,30678.913266132076,29848.026223877674,30423.255859375,4124674
2017-12-08,30423.256206239723,30423.256206239723,29720.196918760274,30071.7265625,2286112
2017-12-11,29400.624122915666,29975.85375394712,28505.822265625,28505.822265625,2181921
2017-12-12,28953.22534502489,29017.138288007656,26588.391900568444,28569.73828125,3677394
2017-12-13,28761.480479958034,28825.395303244026,27930.59342076702,28122.337890625,1774320
2017-12-14,28122.337559953812,29081.052373268314,28058.42273741935,28953.224609375,3265332
2017-12-15,28953.224998595546,29720.19723579274,28889.310175201874,29400.625,3879266
2017-12-18,30039.76916479877,30806.741394163117,29784.111755010654,30551.083984375,3540487
2017-12-19,30614.997229169992,30966.526854951106,30263.467603388875,30519.125,2951343
2017-12-20,30519.12508569985,31541.756556191485,30295.42509818389,31318.0546875,3899399
2017-12-21,31318.05471101964,31445.884350367913,30998.484375,30998.484375,2331562
2017-12-22,30806.741514308567,32468.515625,30710.871160998893,32468.515625,6720104
2017-12-25,32596.344619399675,33043.74460903657,32468.51497597451,32852.00390625,2247986
2017-12-26,32915.91496561141,33043.74460903657,32276.77427318794,32852.00390625,2564191
2017-12-27,32852.00309693387,33746.80305416408,32660.258636519793,33555.05859375,3336943
2017-12-28,33555.057922937536,35089.006050882235,33555.057922937536,34577.6875,3498955
2017-12-29,34513.77882379642,35152.91953177671,34449.864000528134,34705.51953125,4149508
2018-01-01,34705.51953125,34705.51953125,34705.51953125,34705.51953125,0
2018-01-02,34513.77728918823,35408.577250455586,34258.11800748264,35152.91796875,4222068
2018-01-03,35472.492982563264,35600.32262670142,34833.3485242237,35089.0078125,2778630
2018-01-04,34897.26331131114,35408.578125,34705.518845296116,35408.578125,2998902
2018-01-05,35216.83683067103,35216.83683067103,34449.866422238716,34513.78125,3082026
2018-01-08,34513.77814163228,35472.492947005005,33874.6336839334,35408.578125,3121116
2018-01-09,35792.05903953917,37389.921875,34833.34434814326,37389.921875,4299586
2018-01-10,37262.09602516547,37837.32565081074,36622.951578631706,37070.3515625,4284019
2018-01-11,36750.78278649483,37581.66796875,36559.03831565843,37581.66796875,2661645
2018-01-12,37581.66636725678,37965.15529258771,37070.3515625,37070.3515625,3806329
2018-01-15,37070.35172628473,38348.640625,36431.2072769271,38348.640625,3107117
2018-01-16,37901.240639154996,38540.38508851263,37581.66653330061,38348.640625,3343001
2018-01-17,38348.640625,38348.640625,38348.640625,38348.640625,0
2018-01-18,35792.05903953917,37389.921875,35728.14422513267,37389.921875,4288374
2018-01-19,37453.83696962923,39243.44067911937,37262.09626806499,38987.78515625,4518260
2018-01-22,38987.78515625,38987.78515625,38987.78515625,38987.78515625,0
2018-01-23,38987.78515625,38987.78515625,38987.78515625,38987.78515625,0
2018-01-24,38987.78515625,38987.78515625,38987.78515625,38987.78515625,0
2018-01-25,41863.93591196883,43270.05078125,40777.39140677612,43270.05078125,7215817
2018-01-26,44356.59226294281,44740.08118853068,42503.077505339264,44164.8515625,3944909
2018-01-29,44740.07786136196,45698.792579333014,43333.95943014364,43461.7890625,3437909
2018-01-30,42503.07809079268,43333.96324964242,42311.33362535758,42822.6484375,4247385
2018-01-31,42822.64770804068,44037.02177707443,42311.332904608214,42566.9921875,2917918
2018-02-01,42439.16254605411,43333.96251147313,42055.67362171643,42566.9921875,3265287
2018-02-02,43142.21950480537,43142.21950480537,42566.98991140796,43078.3046875,2490485
2018-02-05,42183.506213204826,42822.650702780826,40074.33203125,40074.33203125,4050411
2018-02-06,37326.0111652429,40266.074139499324,37326.0111652429,39626.9296875,10133842
2018-02-07,41544.35932918191,41672.18897219981,40138.24454303852,40585.64453125,2465048
2018-02-08,40010.41568794713,40585.64533050452,39307.35639985448,40202.16015625,1288688
2018-02-09,37389.92663957675,39818.67108476326,37389.92663957675,38923.87109375,3629970
2018-02-12,39626.92973331809,40585.64453125,38796.04081605292,40585.64453125,2784628
2018-02-13,41096.959308123594,41480.44447451962,40649.5593202697,40905.21484375,2302297
2018-02-14,40905.21484375,40905.21484375,40905.21484375,40905.21484375,0
2018-02-15,40905.21484375,40905.21484375,40905.21484375,40905.21484375,0
2018-02-16,40905.21484375,40905.21484375,40905.21484375,40905.21484375,0
2018-02-19,40905.21484375,40905.21484375,40905.21484375,40905.21484375,0
2018-02-20,40905.21484375,40905.21484375,40905.21484375,40905.21484375,0
2018-02-21,41544.36179619877,43397.880442971764,41224.791432028236,42311.3359375,3213448
2018-02-22,41927.84994818139,43078.30925701061,41800.02030001119,42694.8203125,3544511
2018-02-23,42822.64573572136,45634.87890625,42630.90128238386,45634.87890625,7272223
2018-02-26,47488.401505621,47488.401505621,45634.8829142865,45954.45703125,5203956
2018-02-27,46593.59927351306,46977.08822648694,45826.62889226807,46785.34375,3390304
2018-02-28,46785.34375,46785.34375,46785.34375,46785.34375,0
2018-03-01,46401.85615669643,47680.145075716995,45379.226526420454,45698.796875,5448655
2018-03-02,44740.0798449869,46018.36493817289,44740.0798449869,45890.5390625,3805380
2018-03-05,46018.362897873085,46337.936978763995,43461.7890625,43461.7890625,4392490
2018-03-06,44100.93603048666,45698.795240952255,43270.047134127955,45507.05078125,4677470
2018-03-07,45698.799960065204,45954.45926606902,43781.36645209097,44484.42578125,3432273
2018-03-08,44484.4226344797,44995.73744796612,43973.107820993275,44420.5078125,2342201
2018-03-09,45059.6563300562,45698.80084509228,44484.42664275887,45379.23046875,4877293
2018-03-12,46018.37109375,46913.17491725837,45698.80071829441,46018.37109375,4368876
2018-03-13,46018.37109375,46401.860059118524,45123.57103259314,46018.37109375,3234635
2018-03-14,46401.85391428319,47488.39831423703,46401.85391428319,47168.82421875,6108385
2018-03-15,46657.509428321784,47616.22795243184,46529.683552477996,47168.82421875,3182676
2018-03-16,47616.23270514753,48127.54754661158,47360.57340323981,47744.05859375,8027629
2018-03-19,48319.2835632209,48894.51317423962,46657.50954942807,47488.3984375,4224916
2018-03-20,46849.25625603222,47871.88588863035,46849.25625603222,47296.65625,2766831
2018-03-21,47616.23039896238,48063.63039328069,46977.0859375,46977.0859375,4448805
2018-03-22,47296.66012027537,47296.66012027537,46018.37109375,46018.37109375,5833999
2018-03-23,43781.36037798081,45187.478841217715,43781.36037798081,44676.1640625,6877340
2018-03-26,44740.082911491234,45954.45703125,44484.42361792043,45954.45703125,2745538
2018-03-27,46529.689843344655,46593.60090873189,45123.571157794955,45379.23046875,3499679
2018-03-28,44676.16717359486,45570.96715807392,44612.25235151047,45059.65234375,2476380
2018-03-29,45251.40081327248,45762.715672831044,44804.000781452676,45379.23046875,2196207
2018-03-30,45379.22645417195,45634.88198015831,44867.90787749684,45059.65234375,1929114
2018-04-02,45379.226629466306,47296.65625,45251.39698480374,47296.65625,4604654
2018-04-03,47296.653979710085,48127.54286778202,46977.08364574459,47488.3984375,5274436
2018-04-04,47616.23039896238,47807.971103755255,46977.0859375,46977.0859375,3148181
2018-04-05,47168.826642292865,47296.656287055586,46401.85629841898,46977.0859375,2657833
2018-04-06,47041.00075988136,47807.971103755255,46913.17111511864,46977.0859375,3535379
2018-04-09,46977.083523808804,47488.39831423703,46977.083523808804,47168.82421875,4058624
2018-04-10,47616.23046875,48127.54528619906,47041.0008288259,47616.23046875,7575181
2018-04-11,47744.05442837205,47807.969248272806,44740.08046714311,45507.05078125,5893900
2018-04-12,45315.3125,45698.79767749993,44740.08285257447,45315.3125,4917152
2018-04-13,45570.97194209439,45634.88677088853,43142.22725967503,43397.8828125,7758472
2018-04-16,42950.482761748906,43206.138314505166,41608.27888213589,42119.59375,6017109
2018-04-17,42183.50398173419,42822.6484375,41863.93363502687,42822.6484375,3171901
2018-04-18,43333.96074408084,43333.96074408084,41416.53125,41416.53125,3022064
2018-04-19,41160.87403121976,41224.78885252489,38987.78515625,38987.78515625,7398882
2018-04-20,39115.61489233442,40905.21484375,38796.0407850451,40905.21484375,4515322
2018-04-23,41224.79205011323,41416.53652890122,38092.984375,38092.984375,4335150
2018-04-24,37709.496175642365,38796.040610845004,37070.35172628473,38348.640625,6708922
2018-04-25,38348.640625,38348.640625,38348.640625,38348.640625,0
2018-04-26,38348.638891879906,39179.52400484819,37070.35005093535,37198.1796875,7037047
2018-04-27,37198.18136862649,38476.470267341756,37134.26654745561,38348.640625,4430601
2018-04-30,38348.640625,38348.640625,38348.640625,38348.640625,0
2018-05-01,38348.640625,38348.640625,38348.640625,38348.640625,0
2018-05-02,38732.12403922289,38987.783312352185,36942.5204143707,37198.1796875,4312953
2018-05-03,37198.184332025616,38156.89920126266,36367.29535296245,38092.984375,5201846
2018-05-04,38476.47018378378,38796.040526593024,37645.58127271792,37709.49609375,4873872
2018-05-07,38220.81040980495,39690.84375,37901.24007109142,39690.84375,5291238
2018-05-08,39179.52585781424,39754.755487209244,38987.78515625,38987.78515625,4441240
2018-05-09,38796.040495672496,38987.784958615906,38029.06640625,38029.06640625,4200609
2018-05-10,38284.725576236844,38476.47003860961,35536.40709398283,36111.63671875,6681812
2018-05-11,36111.641325724435,37070.356235194915,34833.352271529395,37006.44140625,5959046
2018-05-14,37198.182832563754,37389.9273036225,36367.29388699379,37262.09765625,2293858
2018-05-15,37262.09836896634,38220.81321789496,37198.18354405758,37517.75390625,3765747
2018-05-16,37389.93359808947,37645.58917352192,36431.21484375,36431.21484375,3569918
2018-05-17,36431.20463306498,36686.863899194956,35919.88986315591,36303.375,3134136
2018-05-18,36367.292239562565,36495.12188114441,35025.09229000658,36111.63671875,3673732
2018-05-21,36111.639055817446,36686.86871781224,35600.32421875,35600.32421875,2766198
2018-05-22,35089.0036101154,35472.48873425111,33235.485279149754,34130.28515625,4875379
2018-05-23,33874.6328738054,34833.34765625,33235.48843139197,34833.34765625,3082207
2018-05-24,34833.349115496596,35025.09358495856,33874.63429288929,34066.375,1977397
2018-05-25,34130.2880432536,34322.03250271605,31957.19921875,31957.19921875,4096825
2018-05-28,31318.054099497298,31701.543010054047,29911.9375,29911.9375,6900909
2018-05-29,30359.34001028271,31957.19921875,29911.93815271251,31957.19921875,3933682
2018-05-30,32596.343841723916,33746.803080400656,32276.773503136414,33235.48828125,6680260
2018-05-31,32915.913496685745,34833.34677544112,32852.00244017647,34577.6875,5630590
2018-06-01,34577.69593186907,36750.78901598047,34449.870025328804,36431.21484375,8937228
2018-06-04,36111.6384086598,38092.9828964945,35792.06428975014,37901.2421875,5782762
2018-06-05,37453.8359375,38092.98037058699,36878.60632395681,37453.8359375,5323442
2018-06-06,37134.26956126946,38156.899258297744,36814.69919182991,37773.4140625,3290076
2018-06-07,37709.49838097627,37901.242855702534,37326.01319387509,37517.75390625,3825528
2018-06-08,37262.098412436266,38604.29845003187,37262.098412436266,38156.8984375,4059257
2018-06-11,37965.155377878305,38540.38500481586,37389.925750940754,37709.49609375,3696789
2018-06-12,37389.92566694244,37709.496009033755,36111.63677387493,37070.3515625,4557788
2018-06-13,36814.69317723174,38284.72265625,36814.69317723174,38284.72265625,3096568
2018-06-14,38284.72888006465,38284.72888006465,37070.35470494347,37134.26953125,4241086
2018-06-15,36750.781302971125,37709.49609375,36686.866481939054,37709.49609375,3854296
2018-06-18,37645.58113067875,37709.495951469675,35792.062614795395,36111.63671875,3709914
2018-06-19,34833.347827633814,36111.63671875,34513.777486030325,36111.63671875,7759557
2018-06-20,36431.21020422962,37517.75472673774,35919.89535612882,37134.26953125,4170410
2018-06-21,37070.35942585901,37198.18909475119,36047.729599425365,36431.21484375,2468273
2018-06-22,35855.97974567643,37517.75390625,35472.49455857525,37517.75390625,3812041
2018-06-25,38348.6414226506,38476.47106765121,37645.58213749848,37965.15625,3640217
2018-06-26,37389.92735959584,37965.15701128193,37070.353240686185,37901.2421875,2029010
2018-06-27,37709.496009033755,38668.21079765883,37070.3515625,37070.3515625,3921506
2018-06-28,36431.21170809739,37517.756275457694,36431.21170809739,37006.44140625,3186714
2018-06-29,37006.43674161151,37517.751546368294,36303.37747418927,37070.3515625,2169293
2018-07-02,36750.78433576226,37326.01401016959,35408.580508028026,37134.26953125,4289429
2018-07-03,37262.09991545964,37262.09991545964,35792.06640625,35792.06640625,5056214
2018-07-04,35919.89535169035,36111.639830586246,34961.180481913754,35536.41015625,3695779
2018-07-05,35408.577118228044,35536.40675860348,33235.48828125,33235.48828125,4318739
2018-07-06,32660.258783876023,35408.577250455586,32276.77362366874,35152.91796875,5189127
2018-07-09,35152.92200290975,36047.72582921616,34513.78125,34513.78125,2161381
2018-07-10,35472.49124235192,35472.49124235192,33938.546875,33938.546875,2050198
2018-07-11,33171.57381181875,33555.05897464894,32021.114560977043,32724.173828125,4991324
2018-07-12,32724.17419694541,34258.11862790575,32276.774208209208,33491.14453125,2144232
2018-07-13,34066.37136119705,35089.00466007692,33235.48627364881,35025.08984375,2576005
2018-07-16,35152.91887221789,35472.492982563264,34705.51888008555,35089.0078125,1962252
2018-07-17,34513.7752016129,35664.234375,34513.7752016129,35664.234375,2403263
2018-07-18,35664.236818723075,36750.78125,35664.236818723075,36750.78125,3727621
2018-07-19,36878.604586441565,36942.51940297405,36239.463945818374,36303.375,2567853
2018-07-20,36111.63431275339,36559.034266129966,35216.83064364937,36303.375,3322687
2018-07-23,36303.37665780131,37326.01000666909,36111.63596179883,36175.55078125,3945572
2018-07-24,36175.55078125,36175.55078125,36175.55078125,36175.55078125,0
2018-07-25,36622.95300536631,36686.867828744755,35344.6640625,35344.6640625,1895599
2018-07-26,35408.57597059093,36239.46484375,34833.346369896484,36239.46484375,3176497
2018-07-27,36239.46636033184,36622.95152272625,35919.892256377236,36111.63671875,1475731
2018-07-30,36431.20865423832,36686.86794858723,36111.63829865345,36622.953125,1942149
2018-07-31,36495.118235659844,37901.2366279012,36303.37379244037,37389.921875,5181185
2018-08-01,37773.41003521902,37837.324854762825,37326.01006076344,37453.8359375,2866290
2018-08-02,37198.18128784453,37709.49609375,36878.60718268415,37709.49609375,2795915
2018-08-03,38029.06249436345,38156.89212317643,37134.26261737403,37389.921875,2667658
2018-08-06,37198.18128784453,38092.981257591324,37198.18128784453,37709.49609375,2686013
2018-08-07,37581.670316711665,39563.018685421164,37453.840661501075,39307.359375,8271063
2018-08-08,39371.26964893539,39882.584448287686,38987.78449000894,39690.84375,3305523
2018-08-09,39690.84593358346,40074.331113607266,39179.52734375,39179.52734375,3780666
2018-08-10,38987.78528057977,40585.64453125,38987.78528057977,40585.64453125,5801223
2018-08-13,40266.075794850454,40777.390625,39754.7572023496,40777.390625,3612580
2018-08-14,40777.394539632674,40777.394539632674,40074.33516980157,40138.25,1921067
2018-08-15,40393.90310335384,40521.73275598139,38668.214079936224,38732.12890625,4879583
2018-08-16,38348.64371071879,38987.7882115051,37645.5843836187,38732.12890625,5163313
2018-08-17,39051.700056935726,40202.15931806428,38859.955592630584,39626.9296875,4086518
2018-08-20,39626.93034118633,39946.500691282046,39243.44140625,39243.44140625,2413796
2018-08-21,38987.78752767622,40074.33203125,38987.78752767622,40074.33203125,2598911
2018-08-22,40138.245266598875,40266.07491192112,39563.015625,39563.015625,2246359
2018-08-23,39626.928903824795,40138.2437028421,39371.26962314061,40010.4140625,1960956
2018-08-24,40010.41485375913,40010.41485375913,39499.10004462991,39626.9296875,2681447
2018-08-27,39946.49921657206,40585.64365551934,39882.584396442224,40329.984375,2721411
2018-08-28,40585.64449881184,41096.959308123594,40202.15933241581,40905.21484375,3900484
2018-08-29,40841.30293603869,40969.12881394728,40329.984375,40329.984375,1684671
2018-08-30,40329.98685656175,41033.04615889912,39882.586850474814,40777.390625,2013820
2018-08-31,40777.38891563213,40905.214796047636,39626.929655434506,39946.5,2937660
2018-09-03,39946.5,39946.5,39946.5,39946.5,0
2018-09-04,39946.49995112463,40010.41477242975,38923.87033494488,38987.78515625,3089681
2018-09-05,38987.7882115051,39499.10305966387,38540.388189660116,38732.12890625,2661555
2018-09-06,38732.123502338196,38987.782771923674,38476.46799510363,38540.3828125,1200215
2018-09-07,38412.5556049364,39754.75556801894,38412.5556049364,39626.9296875,2404393
2018-09-10,39626.9296875,40010.41485375913,39051.700056935726,39626.9296875,2268812
2018-09-11,39307.35565768851,40329.985277959684,39307.35565768851,40266.07421875,2326046
2018-09-12,40393.899221175205,40649.55850185939,39946.49924232895,40010.4140625,2396225
2018-09-13,40138.24533348237,40521.730507736895,40010.41568794713,40202.16015625,1612141
2018-09-14,40393.900034438244,41160.87412958146,40393.900034438244,40905.21484375,3625645
2018-09-17,40905.21568199141,40905.21568199141,40202.16015625,40202.16015625,1518243
2018-09-18,39946.497720462576,40457.8125,39818.66808499049,40457.8125,1623157
2018-09-19,40713.47177094418,40713.47177094418,40329.98286452791,40457.8125,1619977
2018-09-20,40457.815711447234,41288.70464561891,40457.815711447234,41160.875,2576728
2018-09-21,41544.35864447107,41991.762387659845,40905.21420226676,41288.703125,7367764
2018-09-24,41863.93588197654,41991.7655324609,41416.535867632665,41672.19140625,1650071
2018-09-25,41416.53429123782,41672.189820124404,41160.875,41160.875,1554455
2018-09-26,41160.87580702433,41480.44616498605,40777.390625,40777.390625,3164095
2018-09-27,40777.38582867925,41033.04133250764,40393.89692941037,40521.7265625,3196313
2018-09-28,40713.47420732475,40905.21490965611,40266.07421875,40266.07421875,3171238
2018-10-01,40585.64445148214,40585.64445148214,39946.5,39946.5,2912358
2018-10-02,39946.50011094578,40329.985277959684,39754.75564626326,40266.07421875,2412696
2018-10-03,40521.729742642216,40585.64456420306,39946.50011094578,40266.07421875,1559578
2018-10-04,40266.07421875,40905.21490965611,40138.24457562831,40266.07421875,3464115
2018-10-05,40288.70892375275,40611.020720108696,40030.86328125,40030.86328125,2461642
2018-10-08,39966.40021376561,40224.24585169928,39708.55078125,39708.55078125,2031015
2018-10-09,39837.47798715749,40095.32364120526,39708.55326284251,39773.015625,1308128
2018-10-10,39901.94034931498,39966.40271147247,39579.62853852753,39773.015625,1177429
2018-10-11,38677.16185043758,38677.16185043758,37065.61423054061,37194.53515625,5173138
2018-10-12,36743.30588854919,38612.703125,36743.30588854919,38612.703125,3415199
2018-10-15,38548.23662679597,38677.16134540397,37839.15446903401,38097.00390625,1741483
2018-10-16,38032.54402299855,38419.31440942064,37968.081659497824,38161.46875,1627060
2018-10-17,38612.70149992281,38612.70149992281,38097.00638649927,38161.46875,1949232
2018-10-18,38032.54167563921,38161.46639468346,37323.45951547788,37387.921875,2418784
2018-10-19,36743.30242981198,37774.69260297948,36743.30242981198,37194.53515625,1791635
2018-10-22,37710.23489293205,37903.61818317437,36807.765625,36807.765625,1815414
2018-10-23,36743.30245179744,36936.689532350334,34809.44682459677,35969.76171875,3536539
2018-10-24,35969.7620825086,36485.45717461609,35776.375,35776.375,2221644
2018-10-25,34164.829551046234,35582.99019652731,34164.829551046234,35325.14453125,2628312
2018-10-26,36034.222055467624,36034.222055467624,34487.13671875,34487.13671875,1839028
2018-10-29,34358.21285278804,34744.98704259362,33842.517727629616,34100.3671875,1901371
2018-10-30,34100.36410776912,35002.829546645764,33971.4393894776,34938.3671875,2015448
2018-10-31,34938.3667162148,36549.91808395652,34938.3667162148,35840.8359375,1877290
2018-11-01,35969.761376568524,36034.21994155756,35325.1415754399,35454.0625,1840294
2018-11-02,35454.064804450245,36292.071738761006,35454.064804450245,36227.609375,1713273
2018-11-05,36034.218050372685,36420.9921875,35840.83477639086,36420.9921875,1315602
2018-11-06,36743.30245179744,36743.30245179744,35969.76171875,35969.76171875,1006209
2018-11-07,35969.7620825086,36227.60773127129,35518.5255566552,35776.375,1007083
2018-11-08,36549.91663767263,36614.37519881626,35905.296875,35905.296875,867584
2018-11-09,35582.98553916665,35905.297321804705,35002.828125,35002.828125,1334695
2018-11-12,34809.44450302148,35196.21484375,34035.90002698262,35196.21484375,1036755
2018-11-13,34358.210574172525,35002.83038651535,34358.210574172525,34551.59765625,906464
2018-11-14,34551.59563308978,35002.82833693331,34035.90057232834,34293.75,798867
2018-11-15,34293.750952166556,34551.59659241543,33842.51444121257,34422.671875,1248528
2018-11-16,34809.44506076144,34873.90362309748,34229.28764308208,34293.75,1850300
2018-11-19,34809.4453125,34809.4453125,34293.7502480091,34809.4453125,1726218
2018-11-20,34809.444242053556,34809.444242053556,34358.207754241106,34680.51953125,1636915
2018-11-21,34229.28734384489,35711.91015625,34164.82498749051,35711.91015625,2875272
2018-11-22,35454.06546659748,35776.37729142205,35260.682166285085,35325.14453125,1448365
2018-11-23,35260.6780196068,35454.0612971772,34809.4453125,34809.4453125,1351814
2018-11-26,34809.4453125,35002.8285900704,34616.0582403477,34809.4453125,1015537
2018-11-27,35067.291667495156,35260.67874361829,34293.750952166556,34422.671875,1936287
2018-11-28,34422.67095783109,35518.5234375,34422.67095783109,35518.5234375,2235840
2018-11-29,35840.83665742639,36356.53173941289,35454.0625,35454.0625,3556838
2018-11-30,35389.60216905997,36098.68049979441,35325.13981270559,35711.91015625,2155911
2018-12-03,36549.91879037645,37387.921875,36227.606992765825,37387.921875,3355584
2018-12-04,37258.99513622368,37581.30691636246,36807.76243861122,37130.07421875,2060626
2018-12-05,36743.304879041134,37516.84945777059,36420.99685141021,37259.0,3036290
2018-12-06,37001.147701917616,37387.91802463712,36549.91502631459,36678.8359375,3403188
2018-12-07,37001.15128073688,37194.5345635102,36807.76420338156,36872.2265625,1258895
2018-12-10,36872.22299615057,37001.147701917616,36485.45267343107,36678.8359375,1583675
2018-12-11,36678.84126850266,36872.22835526064,36227.60852731624,36614.37890625,1686359
2018-12-12,36614.37890625,36614.37890625,36614.37890625,36614.37890625,0
2018-12-13,37581.30691636246,37645.769272390215,37130.07421875,37130.07421875,1283775
2018-12-14,37065.61195479702,37130.07431098491,36420.9921875,36420.9921875,1326995
2018-12-17,36098.68532166428,36356.53478152394,35325.14453125,35325.14453125,2693593
2018-12-18,34873.90366218031,35776.37286546063,34873.90366218031,35518.5234375,2199748
2018-12-19,35518.52570186607,35711.912785165296,34873.905885450775,35067.29296875,1705542
2018-12-20,35002.82777609483,35582.98518447852,35002.82777609483,35196.21484375,1321992
2018-12-21,35131.75390625,35131.75390625,34680.521191418666,35131.75390625,2546936
2018-12-24,35131.754507610436,35389.60394597457,34229.2890625,34229.2890625,1302251
2018-12-25,33520.20866002348,34164.82849516804,32875.58882487893,33971.44140625,2959752
2018-12-26,33906.973731750695,34487.13111304093,33906.973731750695,34035.8984375,1178710
2018-12-27,34809.44853551342,35002.831830989206,34487.13671875,34487.13671875,861632
2018-12-28,34487.13671875,34487.13671875,34487.13671875,34487.13671875,0
2018-12-31,34487.13671875,34487.13671875,34487.13671875,34487.13671875,0
2019-01-01,34487.13671875,34487.13671875,34487.13671875,34487.13671875,0
2019-01-02,34744.984738327475,35002.83038651535,34487.135295557506,34551.59765625,1629983
2019-01-03,34809.44709901997,34873.90566513036,33971.44020459967,34551.59765625,1614477
2019-01-04,34358.21079123496,35067.29296875,33906.9780581189,35067.29296875,1970058
2019-01-07,35647.44754036358,35776.37225213369,35131.75248786494,35196.21484375,1771893
2019-01-08,35454.0625,35582.98721914213,35131.7544967267,35454.0625,1987388
2019-01-09,35776.37463819711,36163.14500472083,35325.14191148909,35969.76171875,1712459
2019-01-10,35969.761376568524,35969.761376568524,35454.0625,35454.0625,1197834
2019-01-11,35582.98828125,35776.37536573556,35389.60499134658,35582.98828125,1680873
2019-01-14,35582.98296064366,35776.37001621269,35389.59969965621,35647.4453125,1145256
2019-01-15,35647.448399945126,36163.14346487893,35582.98604250566,36034.21875,1614070
2019-01-16,36292.06756885754,36292.06756885754,35454.0607308325,35711.91015625,1064152
2019-01-17,35647.450642745185,35905.30008872593,35518.525919754815,35582.98828125,693290
2019-01-18,35582.99019652731,35711.91492645714,35325.14453125,35325.14453125,817372
2019-01-21,35196.21719112049,36227.607364905125,35131.754830936196,35969.76171875,1311850
2019-01-22,36098.68337862935,36098.68337862935,35582.98828125,35582.98828125,600280
2019-01-23,35389.60216905997,35776.37251260438,35389.60216905997,35711.91015625,775660
2019-01-24,35711.91015625,35840.83486895875,35454.0607308325,35711.91015625,699031
2019-01-25,35776.37463819711,36163.14500472083,35711.91227801281,35969.76171875,1520292
2019-01-28,36098.68300959889,36098.68300959889,35776.375,35776.375,507829
2019-01-29,35776.37346645549,36549.91796875,35582.98639223637,36549.91796875,1466343
2019-01-30,36549.91796875,36872.225964533245,36549.91796875,36549.91796875,1737098
2019-01-31,36614.37890625,37001.15307976595,36614.37890625,36614.37890625,1729623
2019-02-01,36743.3001738576,37001.14959860914,36420.9921875,36420.9921875,1246312
2019-02-04,36420.9921875,36420.9921875,36420.9921875,36420.9921875,0
2019-02-05,36420.9921875,36420.9921875,36420.9921875,36420.9921875,0
2019-02-06,36420.9921875,36420.9921875,36420.9921875,36420.9921875,0
2019-02-07,36420.9921875,36420.9921875,36420.9921875,36420.9921875,0
2019-02-08,36420.9921875,36420.9921875,36420.9921875,36420.9921875,0
2019-02-11,36743.300679261665,37516.84516957457,36614.37596511254,37452.3828125,2102248
2019-02-12,37452.38728323478,38032.54477157805,37259.000188926235,37774.6953125,2537231
2019-02-13,37774.68607525707,38612.69281775619,37774.68607525707,38548.23046875,2793414
2019-02-14,38548.2403814193,38870.55220933267,38419.31565025396,38806.08984375,2454936
2019-02-15,38677.16242058978,38677.16242058978,38161.46732640402,38225.9296875,1882459
2019-02-18,38225.9296875,38225.9296875,38225.9296875,38225.9296875,0
2019-02-19,38677.16279130636,38806.08751473406,38032.54296875,38032.54296875,1965854
2019-02-20,38225.928624857996,38419.31190818798,37968.079187642004,38097.00390625,1233413
2019-02-21,38354.84696399231,38741.62109375,38097.00133873562,38741.62109375,3080579
2019-02-22,38806.08742475538,40224.24799542539,38677.162701626614,39966.40234375,3771669
2019-02-25,40288.70973693153,41191.17899036142,40159.78501578696,40868.8671875,3134152
2019-02-26,40868.8651662045,40933.327523588596,39901.9373946068,40611.01953125,2978604
2019-02-27,40482.09492340737,40611.0196385161,39708.5504273369,39901.9375,1730708
2019-02-28,39901.93397520836,40288.70429178675,38999.46484375,38999.46484375,3054720
2019-03-01,39321.77961999369,40095.3203125,39192.85490638202,40095.3203125,1075213
2019-03-04,40095.32348481368,40611.02238006211,40095.32348481368,40482.09765625,2030593
2019-03-05,40482.0948164818,41126.7145957409,40288.7077443295,40611.01953125,2376092
2019-03-06,40675.47844970904,40804.403165604526,39901.937743499984,40417.6328125,1630330
2019-03-07,40417.63870022999,41126.72094636688,40353.17633289187,40675.484375,2859373
2019-03-08,40224.24820862578,40611.02238006211,40030.86491748979,40482.09765625,1502992
2019-03-11,40224.24326079642,40417.630322726785,39901.93528549419,40353.16796875,1537999
2019-03-12,40611.02105034722,41771.3359375,40417.63397096108,41771.3359375,3306834
2019-03-13,41900.254973720934,42029.1796875,41577.94698385513,42029.1796875,2532213
2019-03-14,42029.18121668534,43189.49609375,41577.94849662287,43189.49609375,3423276
2019-03-15,43318.42346994659,43318.42346994659,42544.87890625,42544.87890625,3942287
2019-03-18,42867.19111876583,43705.19425882249,42867.19111876583,43576.26953125,2918521
2019-03-19,43576.265379069504,43576.265379069504,42996.107954856074,43060.5703125,2095633
2019-03-20,42996.109375,43318.42117386546,42673.801370716574,42996.109375,3678539
2019-03-21,43125.03563539679,43769.655461577844,42867.18998167368,42931.65234375,2299268
2019-03-22,43060.57279488989,43189.49751761011,42867.18950539172,43125.03515625,2072697
2019-03-25,41900.25462448874,42544.87439342942,41255.63485554807,42222.56640625,2465229
2019-03-26,42609.336749781665,42867.18617519067,42222.56640625,42222.56640625,1699168
2019-03-27,42480.41203707716,42480.41203707716,41706.87135001383,42222.56640625,811013
2019-03-28,42351.493366433155,42996.109375,42158.10628711387,42996.109375,1118869
2019-03-29,43189.49573639533,43511.80752990312,43060.57101899221,43382.8828125,1021791
2019-04-01,43769.65376582889,43769.65376582889,43576.26668709223,43705.19140625,1030848
2019-04-02,43834.11266537108,44156.42064324216,43511.8046875,43511.8046875,839329
2019-04-03,43511.808957449364,43576.26752368372,42867.18914386692,43318.421875,671574
2019-04-04,43318.418577534416,43769.65127431896,43060.5691538965,43640.7265625,1430040
2019-04-05,43705.187158807465,43963.03657206418,43705.187158807465,43898.57421875,719616
2019-04-08,43898.57858358534,44929.96875,43769.653864137996,44929.96875,1690653
2019-04-09,44929.97123046753,45123.35832031495,44736.584140620114,44994.43359375,1144050
2019-04-10,44801.04379926325,44801.04379926325,44349.811078109116,44414.2734375,1083546
2019-04-11,44478.737591206766,44478.737591206766,43640.73067990134,44156.42578125,610452
2019-04-12,44220.887559762654,44220.887559762654,43576.26774293681,43834.1171875,535572
2019-04-15,43834.1171875,43834.1171875,43834.1171875,43834.1171875,0
2019-04-16,43834.11409497576,43834.11409497576,42802.72397865249,43447.34375,609774
2019-04-17,43769.654826359205,43963.04190978159,43189.49737067416,43834.1171875,778659
2019-04-18,43511.81059163232,44285.35136131761,43511.81059163232,43769.65625,836089
2019-04-19,43769.654826359205,44156.42519862186,43769.654826359205,43834.1171875,350442
2019-04-22,43253.96113868238,43898.580976474965,43189.4987754449,43769.65625,471993
2019-04-23,43834.11266537108,43834.11266537108,42609.335519213855,43511.8046875,1899698
2019-04-24,43511.80975050081,44607.662315189475,43511.80975050081,44156.42578125,1031571
2019-04-25,44156.42161519403,44156.42161519403,43640.7265625,43640.7265625,525475
2019-04-26,43705.193886762514,44027.50570294993,43511.81059163232,43769.65625,417818
2019-04-29,43769.65625,43769.65625,43769.65625,43769.65625,0
2019-04-30,43769.65625,43769.65625,43769.65625,43769.65625,0
2019-05-01,43769.65625,43769.65625,43769.65625,43769.65625,0
2019-05-02,43576.267891188596,43769.65497526891,42802.72714403161,43125.03515625,947016
2019-05-03,43060.57173477309,43318.42117386546,42609.339010943484,42996.109375,1190163
2019-05-06,42673.799362011225,43060.56970786201,42480.4122917949,42738.26171875,549375
2019-05-07,42738.26397642622,43189.49670285244,41771.33616342974,42287.03125,1662262
2019-05-08,41642.410749232644,42287.03054534936,41642.410749232644,41964.71875,1427268
2019-05-09,42158.10404989775,42544.87439342942,41964.716980840996,42222.56640625,993355
2019-05-10,42222.56888985596,42609.33925613814,42029.18180942384,42287.03125,835411
2019-05-13,42415.947802751834,42609.33486324634,42287.02689033717,42480.41015625,716437
2019-05-14,42158.107793416304,42931.65234375,42158.107793416304,42931.65234375,947091
2019-05-15,42996.107954856074,43447.34445836357,42867.187034150134,43060.5703125,1106452
2019-05-16,43060.5703125,43447.34445836357,43060.5703125,43060.5703125,621182
2019-05-17,43060.5703125,43189.49502778786,42931.64939179407,43060.5703125,676683
2019-05-20,43060.57160504318,43898.57848498666,42996.10924546429,43705.19140625,914812
2019-05-21,43769.65127431896,44091.96305386636,43640.7265625,43640.7265625,713046
2019-05-22,43511.808957449364,44220.88733726616,43189.49715336709,43318.421875,998659
2019-05-23,43447.348598259785,43834.11898639499,43253.96150690104,43576.26953125,570292
2019-05-24,43382.88257217371,43834.11528600296,42609.338066622164,42867.1875,1403352
2019-05-27,43189.49432362825,43705.18938178989,42867.186335245424,43447.34375,514354
2019-05-28,43189.49432362825,44220.88443995152,43060.56961044238,43447.34375,1001221
2019-05-29,43576.26324740883,43898.575019861644,43318.41762402831,43511.8046875,472445
2019-05-30,43511.80564526286,43898.57598613792,43382.8809334439,43640.7265625,483582
2019-05-31,43511.808957449364,43834.116966949536,43060.57243173418,43318.421875,1073088
2019-06-03,42867.1875,43318.42021382925,41255.636130552455,42867.1875,894619
2019-06-04,42544.877339784645,43511.808957449364,42480.41497896819,43318.421875,584367
2019-06-05,43318.42117386546,43511.80825318475,42996.109375,42996.109375,405551
2019-06-06,42996.10518965369,42996.10518965369,41900.252769348146,42480.41015625,594569
2019-06-07,42867.1886967143,43189.49670285244,42029.18180942384,42287.03125,739734
2019-06-10,43060.57173477309,43511.80825318475,42544.87665117039,42996.109375,882262
2019-06-11,42867.186335245424,43511.806106592936,42867.186335245424,43447.34375,422098
2019-06-12,43447.34553068971,43511.80788992463,43125.03373451508,43189.49609375,320846
2019-06-13,43189.49573639533,43511.80752990312,42802.72537876796,43382.8828125,824244
2019-06-14,43511.80764459884,44865.50579715392,43382.882926855884,44607.66015625,3735397
2019-06-17,44607.66015625,45316.73851467228,44478.73543850704,44607.66015625,1534864
2019-06-18,44478.73520940123,45445.66299832888,43963.04013566769,45316.73828125,1443844
2019-06-19,45381.203978862584,45574.59106871,44736.584140620114,44994.43359375,1156302
2019-06-20,44929.970232112486,46090.28515625,44865.50787026239,46090.28515625,1407933
2019-06-21,46090.27670557301,46412.58466114602,45767.96875,45767.96875,2691317
2019-06-24,46090.283141186796,47572.906015172506,45767.97514060973,47057.2109375,2120904
2019-06-25,46928.28691912222,46928.28691912222,46412.58808087778,46670.4375,588978
2019-06-26,46670.441314265205,46734.90367431412,45445.6640625,45445.6640625,1384666
2019-06-27,45767.97454710637,45767.97454710637,44736.58061055411,44801.04296875,1788982
2019-06-28,44865.506616641855,46412.591874069556,44091.96588521904,45445.6640625,1250984
2019-07-01,45767.972198667136,46348.12959807923,45703.509843778935,45961.35546875,852394
2019-07-02,46090.28386840706,46090.28386840706,45316.73934240218,45445.6640625,547055
2019-07-03,45445.66527382183,45767.97708265738,44865.5078125,44865.5078125,1200621
2019-07-04,44865.5078125,44865.5078125,44865.5078125,44865.5078125,0
2019-07-05,44865.5078125,44865.5078125,44865.5078125,44865.5078125,0
2019-07-08,44865.5078125,44865.5078125,44865.5078125,44865.5078125,0
2019-07-09,44865.5078125,44865.5078125,44865.5078125,44865.5078125,0
2019-07-10,44865.5078125,44865.5078125,44865.5078125,44865.5078125,0
2019-07-11,44865.5078125,44865.5078125,44865.5078125,44865.5078125,0
2019-07-12,44865.5078125,44865.5078125,44865.5078125,44865.5078125,0
2019-07-15,44865.5078125,44865.5078125,44865.5078125,44865.5078125,0
2019-07-16,44865.5078125,44865.5078125,44865.5078125,44865.5078125,0
2019-07-17,49313.37938040109,49700.15354286745,48862.14665210577,49119.99609375,1209106
2019-07-18,48926.60618531932,49764.61302765723,48733.21911526091,49248.91796875,1293992
2019-07-19,49248.91973722244,51440.624764925255,49248.91973722244,50924.9296875,1984299
2019-07-22,50924.9296875,51247.237687922534,50731.54261049728,50924.9296875,1402252
2019-07-23,50860.46484375,51118.310472574776,50602.61542034341,50860.46484375,943444
2019-07-24,51247.236473045756,51247.236473045756,49313.377132609,49571.2265625,2080533
2019-07-25,49571.2265625,49571.2265625,49571.2265625,49571.2265625,0
2019-07-26,49571.2265625,49571.2265625,49571.2265625,49571.2265625,0
2019-07-29,49571.2265625,49571.2265625,49571.2265625,49571.2265625,0
2019-07-30,49571.2265625,49571.2265625,49571.2265625,49571.2265625,0
2019-07-31,51569.55172721959,51891.85974166887,51311.702279994424,51698.47265625,772797
2019-08-01,51698.472290947604,51891.859375,51376.16427877575,51891.859375,812023
2019-08-02,51376.16490952103,51891.86001207647,50989.39453125,50989.39453125,1024730
2019-08-05,51053.850015571676,51376.16180681767,49700.15187608436,49893.53515625,1292320
2019-08-06,49893.53515625,49893.53515625,49893.53515625,49893.53515625,0
2019-08-07,49184.461877153386,50538.16015625,49184.461877153386,50538.16015625,855694
2019-08-08,50602.6171875,51440.62404825467,50344.77154967068,50602.6171875,923055
2019-08-09,50602.6171875,50602.6171875,50602.6171875,50602.6171875,0
2019-08-12,50602.61694274629,50796.00401611937,49764.6138806268,50086.921875,715804
2019-08-13,49764.614463583435,49957.997744639935,48926.60759706537,49184.45703125,1219579
2019-08-14,50280.30953737072,50280.30953737072,49184.45703125,49184.45703125,534592
2019-08-15,48088.60486437012,50924.9296875,48088.60486437012,50924.9296875,769044
2019-08-16,50924.9296875,50924.9296875,50924.9296875,50924.9296875,0
2019-08-19,50924.9296875,50924.9296875,50924.9296875,50924.9296875,0
2019-08-20,50924.9296875,50924.9296875,50924.9296875,50924.9296875,0
2019-08-21,49571.22898565785,51762.93406853937,49442.30426441021,51569.55078125,2904989
2019-08-22,51698.471707915545,51827.396429163186,51311.70133875472,51569.55078125,1148436
2019-08-23,51569.55044411923,51698.47136994197,51053.8515625,51053.8515625,680390
2019-08-26,50409.23616269547,50667.08181205882,49957.9996357909,50151.38671875,1013005
2019-08-27,50409.2352281192,50796.00559228465,48991.0709018758,49313.37890625,1682486
2019-08-28,49506.766684846596,49829.07848835511,49506.766684846596,49635.69140625,887310
2019-08-29,49571.22798432169,49893.53598634809,49313.37854703495,49506.765625,636297
2019-08-30,49506.765625,49506.765625,49506.765625,49506.765625,0
2019-09-02,49506.765625,49506.765625,49506.765625,49506.765625,0
2019-09-03,50151.38671875,50215.84907973637,49442.304542482074,50151.38671875,875285
2019-09-04,49957.99905088121,49957.99905088121,49571.22868407344,49829.078125,795326
2019-09-05,49764.61529359679,50796.00545837369,49764.61529359679,50022.4609375,616194
2019-09-06,50280.310852039416,50280.310852039416,49635.69104430508,49829.078125,433988
2019-09-09,49829.07954957457,49893.53811706696,49635.69246335086,49764.6171875,356304
2019-09-10,49764.6138806268,51053.849652701545,49700.15152283577,50086.921875,982459
2019-09-11,49829.07694127931,50602.617656518916,49829.07694127931,50409.234375,213158
2019-09-12,50602.6184783597,51247.23828125,50602.6184783597,51247.23828125,1205926
2019-09-13,51440.62603018083,52858.78657933645,51440.62603018083,52794.32421875,2122969
2019-09-16,52794.32148313424,53310.020341104144,52085.24314258942,52214.1640625,1050815
2019-09-17,52020.77937259934,52407.54971099123,51891.85466160811,52278.625,1350669
2019-09-18,52278.62831583908,53181.09755543616,51891.85795291578,51956.3203125,1220363
2019-09-19,52214.16865417495,52665.405194580024,51891.860634182136,52536.48046875,794512
2019-09-20,52536.475848731185,53374.47890376848,52214.1640625,52214.1640625,4210555
2019-09-23,52600.93963777756,52794.32292019828,50924.9296875,50924.9296875,1788907
2019-09-24,51247.23815165559,52085.24503166845,50860.46778873229,51956.3203125,1192710
2019-09-25,51569.54853982776,52149.70596564405,51182.77439289561,52020.78125,1099083
2019-09-26,52020.78078534318,52407.55113423871,51762.93135635823,52214.1640625,1567520
2019-09-27,52407.55510752892,53567.87003676693,52085.24709144377,53438.9453125,2092393
2019-09-30,53438.94115612581,53696.790584604656,52794.32137951057,52923.24609375,1169051
2019-10-01,52923.24704324103,53890.17862280245,52729.863762994304,53761.25390625,1198180
2019-10-02,53761.25438558155,53954.637667552466,52665.401874279094,52858.78515625,1845493
2019-10-03,52729.86423313006,52858.78515625,51956.31972150044,52858.78515625,1512697
2019-10-04,52858.78644041179,53825.71805208514,52729.86551415982,53503.40625,1690352
2019-10-07,54148.02102094147,54470.33279303447,53374.4765625,53374.4765625,1709475
2019-10-08,53374.47884294001,54986.03018309555,53374.47884294001,54857.10546875,2203079
2019-10-09,54857.11022574396,55243.88060773792,54470.33984375,54470.33984375,1296223
2019-10-10,54728.1800377359,54921.567106721806,54470.3344070032,54534.79296875,1135747
2019-10-11,54470.33617719358,55050.48981384159,54405.87381877003,54986.03125,1100635
2019-10-14,55114.95253088295,55437.26432509788,54792.64453125,54792.64453125,935518
2019-10-15,54792.64559231738,55050.491238100556,54599.258512043445,54921.5703125,977110
2019-10-16,55566.19283198885,55630.651400645445,55243.88101579462,55501.73046875,1007761
2019-10-17,55695.11104443159,55695.11104443159,54663.720872134756,54921.5703125,1542927
2019-10-18,55114.95253088295,55308.33960741191,54663.71981356403,54792.64453125,628762
2019-10-21,54728.18193410412,54728.18193410412,53890.178861958186,54276.94921875,846110
2019-10-22,54276.947590866526,55308.337707765735,54276.947590866526,55050.48828125,712925
2019-10-23,55114.95217226513,55308.339247535776,54534.79474103516,54986.03125,810923
2019-10-24,54986.0278862324,56081.88032323006,54857.10317727226,56017.41796875,994862
2019-10-25,56017.42175364093,57048.81190584577,55824.034677134274,56726.50390625,1263145
2019-10-28,56726.50462667533,56855.425551401735,56339.73046875,56339.73046875,578445
2019-10-29,56339.73311347016,56404.195476150395,55630.650918569765,55695.11328125,1058817
2019-10-30,55501.7294651693,56855.42768496077,55501.7294651693,56597.58203125,915792
2019-10-31,56790.96282989193,57048.812266865876,56468.65482825651,56533.1171875,481231
2019-11-01,56533.11706321258,57628.9695787786,56404.19234500905,57242.19921875,1614658
2019-11-04,57564.50812924731,59627.292269351645,57564.50812924731,59304.98046875,1644480
2019-11-05,59369.440447113426,59627.28987725045,58466.97503079765,58531.43359375,929234
2019-11-06,58531.43855525299,59498.37020564831,58466.979986836726,58660.36328125,1014527
2019-11-07,58660.36291222108,59240.520380975635,58660.36291222108,58853.75,543785
2019-11-08,58853.74715604401,59240.517518329965,58531.43535865403,58982.671875,627662
2019-11-11,59176.05801838266,59176.05801838266,58660.36291222108,58853.75,638632
2019-11-12,58918.21046303807,59369.443192058694,58853.7481025234,59111.59375,897874
2019-11-13,59433.89929928608,59433.89929928608,58015.7351063384,58338.046875,1064739
2019-11-14,58338.05279100453,58918.21023884693,58144.66571019637,58595.8984375,565590
2019-11-15,58015.73874750233,58660.358530701254,57628.968395415744,57822.35546875,851837
2019-11-18,57693.42952632449,57951.27515737174,56404.18998734273,56468.65234375,1055698
2019-11-19,56726.50756962384,58660.36328125,56726.50756962384,58660.36328125,793502
2019-11-20,58660.357447146656,58660.357447146656,57693.4296875,57693.4296875,778011
2019-11-21,57435.58154554838,57822.355693721736,56404.19140625,56404.19140625,1507965
2019-11-22,56468.659088324195,57048.816570701376,54921.57373351247,55114.95703125,2028709
2019-11-25,55114.955882212525,55437.267696026014,53245.562540423205,54470.33984375,2178380
2019-11-26,54470.336888551225,55308.339969837354,54470.336888551225,54599.2578125,1095752
2019-11-27,55114.949483600656,56081.881018202235,54986.02856762466,55630.64453125,729909
2019-11-28,55437.26396438287,55630.64724507155,54728.181816305805,54986.03125,745415
2019-11-29,55179.41453068868,55308.339247535776,54792.64417472936,54986.03125,479212
2019-12-02,54986.029672930636,55243.87530464752,53503.403060876575,53825.71484375,661252
2019-12-06,54663.72123323286,54921.57067530141,54405.87558574641,54728.18359375,386383
2019-12-09,54728.18323222607,55243.87831837448,54405.875226351585,54921.5703125,603897
2019-12-10,54986.02971920293,55372.800064394665,54792.642649316134,55050.48828125,771998
2019-12-11,55437.26704951093,55437.26704951093,54921.571948005665,55372.8046875,625507
2019-12-12,55501.7259830094,56726.50319639446,55437.26362498051,56404.19140625,700357
2019-12-13,56790.9644791534,57048.813923615526,56404.194107042335,56984.3515625,1125394
2019-12-16,56984.346874500494,56984.346874500494,54792.64195520851,55437.26171875,1002954
2019-12-17,55695.109603495104,56081.88375403639,54986.03125,54986.03125,401227
2019-12-18,55050.489237597714,55888.49609375,54986.030674430855,55888.49609375,1274492
2019-12-19,55888.49703596983,56855.424829339114,55437.26431870296,56726.50390625,1529500
2019-12-20,56726.503438420186,57048.81143535784,56597.578721812344,56919.88671875,586748
2019-12-23,57306.662615858506,58660.36079776938,57306.662615858506,58595.8984375,1412394
2019-12-24,58531.437285720494,58531.437285720494,57306.66379906067,58015.7421875,764930
2019-12-25,58015.74361318444,58595.9010872621,57371.12377592234,57951.28125,347926
2019-12-26,58338.05089533992,58338.05089533992,57371.11931730114,57628.96875,608975
2019-12-27,57564.502424793835,58338.046875,56919.88268205231,58338.046875,751775
2019-12-30,58685.052223027225,59787.422977498245,58360.82328515189,59009.27734375,994801
2019-12-31,58749.89877869141,59074.12390365307,58425.669836577144,58490.515625,347760
2020-01-01,58490.515625,58490.515625,58490.515625,58490.515625,0
2020-01-02,58490.51502808608,59268.66066406649,58166.28990643324,58879.5859375,582122
2020-01-03,59333.50532990638,59528.03887235867,58295.9765625,58295.9765625,807924
2020-01-06,57842.05820498194,58036.59555897371,56739.6875,56739.6875,1326287
2020-01-07,56415.46408677373,56999.07234910985,55377.9353181687,56934.2265625,1526953
2020-01-08,56350.619056270065,56999.07311391691,55896.702361063035,56415.46484375,1088444
2020-01-09,56869.38187600991,57647.52751322853,56869.38187600991,57517.8359375,1089031
2020-01-10,57517.8351773444,58620.205922162866,56999.0726984388,58036.59765625,2301001
2020-01-13,57712.370749106754,58231.137063393246,57712.370749106754,57971.75390625,1574226
2020-01-14,58036.599695535806,58360.82482481221,57777.21653839256,57971.75390625,1508658
2020-01-15,58101.43969221241,58101.43969221241,57582.67724679826,57906.90234375,2218028
2020-01-16,57906.90608223547,58555.3601351556,57647.526751358935,58036.59765625,1765519
2020-01-17,58036.59687731763,61278.86328125,58036.59687731763,61278.86328125,3345125
2020-01-20,61278.86182457501,61473.39917836145,60630.407795772604,60954.63671875,1254073
2020-01-21,60889.79093415452,61343.70760917049,60695.25358036808,60954.63671875,1129599
2020-01-22,60954.63730038303,61603.09133537303,60371.02905060728,60565.56640625,1322670
2020-01-23,60565.56640625,60565.56640625,60565.56640625,60565.56640625,0
2020-01-24,60565.56640625,60565.56640625,60565.56640625,60565.56640625,0
2020-01-27,60565.56640625,60565.56640625,60565.56640625,60565.56640625,0
2020-01-28,60565.56640625,60565.56640625,60565.56640625,60565.56640625,0
2020-01-29,60565.56640625,60565.56640625,60565.56640625,60565.56640625,0
2020-01-30,59722.57323383848,59917.11058367732,56415.461189491914,57647.5234375,5336975
2020-01-31,57063.91923960271,58231.135786854364,56869.38187600991,57517.8359375,1914075
2020-02-03,54534.94878150659,58490.51512115886,53821.64893215223,57517.8359375,2195740
2020-02-04,57712.37040753385,58231.13671875,56869.38278611286,58231.13671875,1685394
2020-02-05,58490.51098583039,58620.20255238962,57582.67765422038,57647.5234375,1102051
2020-02-06,57712.370749106754,58944.43311123186,57582.68298768778,57971.75390625,1340542
2020-02-07,58231.13256110816,58879.58276952442,57712.36628693138,58360.8203125,1763952
2020-02-10,57842.056970186546,58036.59432002539,57388.14030438154,57647.5234375,914812
2020-02-11,57712.36702355047,58036.5959490493,57647.52505560311,57842.05859375,783933
2020-02-12,58231.137063393246,58231.137063393246,57777.21653839256,57971.75390625,918866
2020-02-13,57842.056560929195,58036.5939093916,57582.67724679826,57906.90234375,954310
2020-02-14,57712.364995287586,58231.13125785402,57712.364995287586,57906.90234375,652210
2020-02-17,57906.90811696419,58295.9790355264,57777.21653839256,57971.75390625,518242
2020-02-18,58101.44548482162,58101.44548482162,57712.370749106754,57971.75390625,652331
2020-02-19,57712.36872121368,58036.59765625,57712.36872121368,58036.59765625,397851
2020-02-20,58166.28923026453,58620.205922162866,57842.060295228206,58036.59765625,815444
2020-02-21,58036.600042115264,58036.600042115264,57712.37109375,57712.37109375,1353773
2020-02-24,55767.006679349186,57063.9146991369,55767.006679349186,56545.1484375,1500792
2020-02-25,55767.011548267634,56415.46561477686,55637.319971535275,55896.703125,1852847
2020-02-26,55767.00872113558,55767.00872113558,54470.10065386442,55118.5546875,1752635
2020-02-27,54470.09765625,54859.16852815892,53756.797876790144,54470.09765625,1850511
2020-02-28,51941.13263555533,54081.03218773865,51941.13263555533,53432.578125,2577015
2020-03-02,52848.96655441463,53302.88322487816,52719.274986524375,53043.50390625,1008123
2020-03-03,54145.874180112485,54145.874180112485,53302.8828125,53302.8828125,1278305
2020-03-05,53302.88780524619,54210.725041336926,53302.88780524619,53886.49609375,1256364
2020-03-06,53821.649028693835,55572.47385271183,53173.19496604059,54794.33203125,1333279
2020-03-09,51227.83627530242,52459.898604933784,50968.453125,50968.453125,1822663
2020-03-10,50579.382964649325,51811.4453125,48893.40391420961,51811.4453125,2159814
2020-03-11,52135.66718525874,52135.66718525874,48244.94683599906,49930.92578125,2721848
2020-03-12,46688.65854842149,47337.112616515864,46494.125,46494.125,2384607
2020-03-13,43251.8498003116,47337.10729833282,43251.8498003116,46040.203125,2802561
2020-03-16,46040.20465899211,46040.20465899211,43122.1634917521,43511.234375,1540937
2020-03-17,41241.646922060354,43770.6171875,41241.646922060354,43770.6171875,2056377
2020-03-18,44094.84444622037,45845.66921953476,44094.84444622037,44937.83203125,1657350
2020-03-19,43640.92892466678,44548.76232001325,42797.9375,42797.9375,1795010
2020-03-20,42797.93578071475,42992.47313639654,39879.89453125,39879.89453125,4164261
2020-03-23,37350.93003005432,37934.53831177392,37091.546875,37091.546875,2825647
2020-03-24,37091.54611147268,37869.69174346493,36702.47520405282,37610.30859375,2257525
2020-03-25,38907.21309975596,40204.12109375,38712.67575551119,40204.12109375,2766364
2020-03-26,40204.123829377866,41954.94859525635,39879.8949002416,40982.265625,2237211
2020-03-27,41047.11251655993,42733.09154202829,40528.35003311987,41565.875,2365348
2020-03-30,38972.05974030237,39815.04728297546,38777.52239176907,39555.66796875,2467384
2020-03-31,39879.892186675395,41565.871052006776,38907.21309975596,40204.12109375,1442910
2020-04-01,39879.89701907211,42733.09266130011,39879.89701907211,42149.484375,1852531
2020-04-02,42149.484375,42149.484375,42149.484375,42149.484375,0
2020-04-03,42149.4781329038,42992.469451451834,41501.02415336348,42473.70703125,2602045
2020-04-06,43770.61864175842,44289.381105236396,42797.93568272884,44094.84375,3181485
2020-04-07,44094.84358657307,44743.297617805314,43316.69798566391,44224.53515625,2672691
2020-04-08,43446.388272878365,44224.533850818014,43316.69670702971,43770.6171875,2679940
2020-04-09,44094.8411392725,46688.653303090316,44094.8411392725,46040.203125,2705242
2020-04-10,46040.203439228186,46623.81165721439,45132.36631283175,45780.8203125,2410195
2020-04-13,45780.82015582974,46558.96571619913,45391.74928422114,45910.51171875,1577526
2020-04-14,45715.97714518997,45910.51450136117,43965.152391106465,45326.90625,2930381
2020-04-15,45197.21762303492,46234.74262255324,45197.21762303492,45975.36328125,1533689
2020-04-16,45391.75272897999,46169.89453125,45262.06115621749,46169.89453125,1592927
2020-04-17,46364.42781192706,46558.96515395824,45975.356945016836,46299.58203125,2219957
2020-04-20,46494.12482967571,46948.04153053313,45910.51655224399,46623.81640625,1546182
2020-04-21,46040.20458815101,46364.4296875,43965.150973999676,46364.4296875,3253683
2020-04-22,44743.298490094494,46105.048546792925,44743.298490094494,44937.83203125,2429650
2020-04-23,46040.2087583227,46040.2087583227,44613.60903080489,44872.9921875,1810773
2020-04-24,44872.99048514111,45132.369814843434,43770.61974531313,44678.453125,1465017
2020-04-27,45326.90715450929,45326.90715450929,43316.69921875,43316.69921875,3838307
2020-04-28,43316.69905213004,44419.06978721973,42279.174103475336,43446.390625,3093569
2020-04-29,43446.390625,43446.390625,43446.390625,43446.390625,0
2020-04-30,43446.390625,43446.390625,43446.390625,43446.390625,0
2020-05-01,43446.390625,43446.390625,43446.390625,43446.390625,0
2020-05-04,44094.84433599088,44159.69012193143,43316.69872185667,43705.7734375,1284318
2020-05-05,43640.92815217206,43900.30748175721,43316.69921875,43316.69921875,1518469
2020-05-06,43640.927397961226,43900.30672306373,43122.16493060378,43835.4609375,1289607
2020-05-07,43965.152551152205,45197.21484375,43900.30676552575,45197.21484375,2918280
2020-05-08,45391.75259568119,48115.25652993327,45262.061023299546,47661.33984375,5825274
2020-05-11,47661.33893633999,48309.79296875,47012.88490392999,48309.79296875,2556038
2020-05-12,48374.63961692121,49282.47298820349,48244.94804469446,49023.08984375,3314549
2020-05-13,49023.08984375,49606.69810161788,46688.65681227845,49023.08984375,2790837
2020-05-14,48634.01861663655,49541.855798956356,48569.172830959964,49282.47265625,3197383
2020-05-15,49282.47265625,49282.47265625,49282.47265625,49282.47265625,0
2020-05-18,49282.47265625,49282.47265625,49282.47265625,49282.47265625,0
2020-05-19,51811.441156735746,51941.12890625,51098.14135722197,51941.12890625,1701760
2020-05-20,51941.12890625,51941.12890625,51941.12890625,51941.12890625,0
2020-05-21,51876.28790729687,52654.4296875,51616.904769127585,52654.4296875,2148165
2020-05-22,52654.42985073671,52719.275635480066,51876.288068121234,52524.73828125,1214169
2020-05-25,52459.89818055047,52719.27751160204,52395.05239349945,52589.5859375,1067994
2020-05-26,52524.73691328041,53562.265625,52524.73691328041,53562.265625,1116548
2020-05-27,53821.646566263786,54729.4837393043,53756.80078125,53756.80078125,1232343
2020-05-28,53821.649028693835,55183.402941980916,53821.649028693835,54794.33203125,2786828
2020-05-29,55118.55452397717,55767.008555688946,54794.329416697474,55248.24609375,1749847
2020-06-01,55442.776473965634,56220.922031137314,55442.776473965634,56091.23046875,1093010
2020-06-02,56350.61939485872,56350.61939485872,55961.54466764128,56156.08203125,1520578
2020-06-03,56415.46207101655,56999.0703125,56350.61628672368,56999.0703125,697343
2020-06-04,57063.92083132482,57712.37109375,57063.92083132482,57712.37109375,678491
2020-06-05,57712.37109375,57712.37109375,57712.37109375,57712.37109375,0
2020-06-08,57712.37109375,57712.37109375,57712.37109375,57712.37109375,0
2020-06-09,57712.37109375,57712.37109375,57712.37109375,57712.37109375,0
2020-06-10,58036.5956215162,58231.132975717606,57906.90405204859,58101.44140625,1195905
2020-06-11,58036.597130746624,58101.442917166736,56415.46392170143,57063.91796875,1753946
2020-06-12,53497.42095220124,56091.23324245002,53497.42095220124,55507.625,2430599
2020-06-15,55507.628426401076,55637.32000320727,53043.50755284641,53173.1953125,1836286
2020-06-16,54470.09985237391,54470.09985237391,53432.574940684426,54275.5625,1210055
2020-06-17,55118.555439303775,55248.247011230334,54340.40982489689,54599.79296875,1111877
2020-06-18,54470.10065386442,56091.23382937716,54405.254868785625,55118.5546875,2727258
2020-06-19,55118.55427253995,55767.008301293645,55118.55427253995,55377.93359375,1090990
2020-06-22,55118.56001666057,55507.63094759844,55118.56001666057,55442.78515625,1972002
2020-06-23,55442.77889238881,56415.461835570044,55313.091141496676,55767.0078125,1382225
2020-06-24,55767.01095387272,55767.01095387272,54534.94862235243,54924.01953125,1070179
2020-06-25,53627.11229305834,54729.482988872456,53627.11229305834,54275.5625,763499
2020-06-26,54534.94605356205,54924.016944133,53821.64623988834,54016.18359375,536370
2020-06-29,54016.185275199045,54016.185275199045,52589.58560344355,52848.96875,895342
2020-06-30,53497.42392040326,53497.42392040326,51876.29067190825,52070.82421875,1069923
2020-07-01,52070.825860773766,53627.1171875,51876.29230779751,53627.1171875,609473
2020-07-02,53951.33650617466,53951.33650617466,52524.73691328041,53562.265625,706822
2020-07-03,53497.41943559256,54016.18187893582,53302.88208790674,53821.64453125,558086
2020-07-06,53821.646566263786,54081.0297063189,53432.57567333351,53756.80078125,1836723
2020-07-07,54470.10215403586,54599.79372776532,54016.185463135276,54081.03125,2014543
2020-07-08,53951.33609637388,54081.027661497756,53691.95296612612,53821.64453125,731159
2020-07-09,54405.25227882322,54405.25227882322,54016.18140402456,54210.71875,1449947
2020-07-10,54210.71875,54210.71875,54210.71875,54210.71875,0
2020-07-13,54081.0297063189,54145.87549133268,53432.57567333351,53756.80078125,560030
2020-07-14,53756.79874868806,53821.64453125,53302.88208790674,53821.64453125,643635
2020-07-15,53821.64453125,53821.64453125,53821.64453125,53821.64453125,0
2020-07-16,54340.41245640794,54405.25824551147,53756.80417162883,54145.87890625,1644375
2020-07-17,54210.72333102234,54210.72333102234,53691.95703125,53691.95703125,946368
2020-07-20,53497.420162830334,53627.111729717224,52978.65771243508,53302.8828125,1050092
2020-07-21,53497.421875,53691.955414404016,52978.6594080019,53497.421875,1027352
2020-07-22,53497.421875,53497.421875,53302.88451844355,53497.421875,942329
2020-07-23,53497.421875,53691.955414404016,53238.03873292473,53497.421875,2035701
2020-07-24,53238.03809627452,53367.729665761224,50903.6051141233,52524.73828125,2021641
2020-07-27,49282.471753514656,51876.287864456026,49282.471753514656,49930.92578125,1920720
2020-07-28,49930.92632512816,51098.14282433534,49606.6973991526,50903.60546875,1372369
2020-07-29,49282.47318251917,50579.38127559527,48698.86492235018,50255.15234375,1256153
2020-07-30,50319.996255406346,50903.604493832536,50125.46272069917,50190.3046875,1413042
2020-07-31,49282.472327772484,50190.305686888954,49282.472327772484,49541.85546875,1014090
2020-08-03,49282.473936592316,51098.14453125,49282.473936592316,51098.14453125,637171
2020-08-04,51876.28917138107,53108.34765625,51487.21445464644,53108.34765625,929550
2020-08-05,53108.35086715612,53821.65074047625,52135.67165081675,53627.1171875,1173677
2020-08-06,53562.26927345946,53886.49439366462,53108.34876115867,53691.95703125,1209106
2020-08-07,53821.646566263786,53821.646566263786,53432.57567333351,53756.80078125,781597
2020-08-10,53821.64748644435,53951.33905868923,53108.34765625,53108.34765625,868865
2020-08-11,53497.422206181,53562.26799210125,53043.505521891704,53238.0390625,471556
2020-08-12,53238.0390625,53367.7306343405,53108.34749065949,53238.0390625,467804
2020-08-13,53756.79874868806,53821.64453125,53173.19052278286,53821.64453125,580660
2020-08-14,53821.64937937837,53886.49516778146,53108.349524096906,53173.1953125,1236110
2020-08-17,53173.19311159286,53756.80136591183,52978.65957158816,53367.73046875,586929
2020-08-18,53367.73046875,53562.26782590713,52978.65957158816,53367.73046875,499842
2020-08-19,53367.72787046868,53821.64453125,53173.19052278286,53821.64453125,884266
2020-08-20,53821.64453125,54794.327452526835,53821.64453125,53821.64453125,1648037
2020-08-21,53821.646566263786,53951.33813629134,53562.267243361064,53756.80078125,1931525
2020-08-24,53821.64953236583,54859.17451545932,53821.64953236583,54405.2578125,2305657
2020-08-25,54405.2578125,55053.711881221585,54405.2578125,54405.2578125,2634761
2020-08-26,54405.25824551147,54405.25824551147,54081.03311714647,54145.87890625,2389640
2020-08-27,54145.87890625,54405.25824551147,53951.341538939414,54145.87890625,1511898
2020-08-28,54210.722823729455,54405.25636717113,54016.185463135276,54081.03125,2479590
2020-08-31,54470.09853971714,54794.327452526835,53691.95296612612,53821.64453125,1463721
2020-09-01,53821.64453125,54016.18187893582,53756.79874868806,53821.64453125,2449707
2020-09-02,53821.64453125,53821.64453125,53821.64453125,53821.64453125,0
2020-09-03,54275.566050150635,56091.23667294595,54275.566050150635,55896.703125,3773131
2020-09-04,55118.556724975846,55831.856570057585,54988.865150024154,55053.7109375,3654910
2020-09-07,54924.01471760551,55183.39784557277,54210.71875,54210.71875,1780845
2020-09-08,54210.72169855455,54405.25523795857,53367.730303962366,53497.421875,2992151
2020-09-09,53173.1912456131,53951.33682978214,52848.966145548184,53302.8828125,2219263
2020-09-10,53821.6473186298,54016.184676390556,53238.0390625,53238.0390625,1039347
2020-09-11,53238.038897311904,53562.26782590713,53043.505357307215,53367.73046875,1003165
2020-09-14,53691.95296612612,53886.49031381194,53627.11100071644,53821.64453125,896156
2020-09-15,53821.64698544165,54145.875913035736,53497.421875,53497.421875,1505403
2020-09-16,53497.421875,53497.421875,53497.421875,53497.421875,0
2020-09-17,53497.421875,53821.64698544165,53173.192947405914,53497.421875,1572131
2020-09-18,53432.57567333351,53821.646566263786,53432.57567333351,53756.80078125,1790866
2020-09-21,53886.49031381194,54210.71922662164,53821.64453125,53821.64453125,2518665
2020-09-22,53821.64365830033,54729.480782290746,53691.95209527996,54470.09765625,2632591
2020-09-23,54599.79181296747,55442.77937834061,54599.79181296747,55377.93359375,2102489
2020-09-24,54534.94737912028,55896.70125494673,54534.94737912028,55831.85546875,2454424
2020-09-25,55831.85359652224,55896.69938054448,55442.77889238881,55767.0078125,1668607
2020-09-28,55637.31624445553,55896.69938054448,55377.933108366575,55767.0078125,1890868
2020-09-29,55767.00905437562,55831.85483984191,54340.409408422114,54859.171875,2424827
2020-09-30,55118.55749705501,55118.55749705501,54340.41185359746,54534.94921875,880740
2020-10-01,55183.40063706626,55183.40063706626,54599.7923867699,54988.86328125,553098
2020-10-02,54988.8600911793,55118.55165419966,51876.28548160353,54470.09765625,1342456
2020-10-05,54794.33298013263,55118.55810849763,54081.03311714647,54145.87890625,1223256
2020-10-06,54340.41202391258,54729.4867554371,53951.34110954067,54405.2578125,1665276
2020-10-07,54210.721330701635,55248.2462576576,53886.49240530765,55118.5546875,1489279
2020-10-08,55442.77996100219,55442.77996100219,54340.40924568155,54988.86328125,827529
2020-10-09,54794.32974258616,55118.55485179418,54794.32974258616,54988.86328125,551847
2020-10-12,55767.01375968762,56415.46785191105,54988.868085588954,55702.16796875,2372867
2020-10-13,55767.00537993391,56350.61359352462,55442.776473965634,56091.23046875,1227460
2020-10-14,56285.77209723201,57712.367940639204,56220.9263111018,57193.60546875,1817961
2020-10-15,57193.605138228144,57452.98828125,56285.77177195652,57452.98828125,2147020
2020-10-16,57388.142827140626,57452.988613270834,56739.688782991005,57193.60546875,1007927
2020-10-19,57063.91642331962,57258.44996015901,56739.6875,56739.6875,1585694
2020-10-20,56415.46223205656,56934.22469072797,56350.616447578584,56869.37890625,1621153
2020-10-21,56934.22810455373,57452.99059433059,55702.16575990145,55896.703125,2188175
2020-10-22,55831.85690905471,56156.08203125,55183.40284751156,56156.08203125,1990101
2020-10-23,56350.616609168836,56739.6875,56220.92503984099,56739.6875,991320
2020-10-26,56739.68693852889,56934.22429059561,55767.0078125,55767.0078125,1373424
2020-10-27,55767.0078125,56609.995370484416,55442.77889238881,55767.0078125,1762113
2020-10-28,55767.00948178411,56091.23459444805,54145.87628415951,54599.79296875,1305521
2020-10-29,54729.481188782294,54988.86049959733,54145.87296800819,54210.71875,1152399
2020-10-30,54210.71922662164,54729.4816699649,53691.95296612612,53821.64453125,1643501
2020-11-02,53821.645899804345,55637.31640625,53821.645899804345,55637.31640625,551997
2020-11-03,55637.31715097798,55702.16293605678,54924.017332263604,55118.5546875,464971
2020-11-04,55118.5546875,55442.77979574158,54664.63800910082,55118.5546875,594735
2020-11-05,55442.77979574158,55442.77979574158,54988.86311734241,55118.5546875,765473
2020-11-06,55183.400472578796,55183.400472578796,54470.10065386442,55118.5546875,486987
2020-11-09,55118.56001666057,55637.32253029532,54988.8684339637,55442.78515625,1517504
2020-11-10,55831.8563993735,56609.998212399674,55183.40234375,55183.40234375,2277794
2020-11-11,55442.78184520252,56156.08169028426,55053.7109375,55053.7109375,1555962
2020-11-12,55572.4700510902,56091.23250229459,55507.62426754561,56026.38671875,610844
2020-11-13,56156.07983151168,56350.6171875,55896.70050734633,56350.6171875,629666
2020-11-16,56545.14975089665,56934.224456161515,55118.55394971586,55637.31640625,1884207
2020-11-17,55637.31862814688,56804.53515625,55442.78126774553,56804.53515625,826188
2020-11-18,56804.53515625,56869.38094305045,56415.4642525998,56804.53515625,1366522
2020-11-19,56869.3823658865,58490.515625,56674.84500061794,58490.515625,3894637
2020-11-20,59009.27793134096,59981.9609375,58425.66965450658,59981.9609375,1856509
2020-11-23,59722.57275288475,59917.110101156955,59009.27295970558,59398.34765625,977758
2020-11-24,59657.72624711394,59917.109375,58879.58068060799,59917.109375,1501802
2020-11-25,59981.95605488222,61084.32673059565,59852.264488997746,60630.40625,1639598
2020-11-26,60630.407795772604,60954.63671875,60046.79955156568,60954.63671875,1052382
2020-11-27,60954.63816771775,61278.86328125,60435.87569577467,61278.86328125,1824290
2020-11-30,60760.10027556877,60954.637632270715,59333.50444454514,60306.18359375,2182584
2020-12-01,58814.739026718235,60435.87213311968,58814.739026718235,59657.7265625,1751489
2020-12-02,59657.727140171046,60630.40625,59333.50204261215,60630.40625,1125259
2020-12-03,60630.40625,60889.78938176894,59917.110271939986,60630.40625,1110264
2020-12-04,60435.874951551894,60630.40849041472,59074.12109375,59074.12109375,1297338
2020-12-07,59268.65666057982,60500.718910511736,59268.65666057982,60371.02734375,1424766
2020-12-08,60306.18156036913,60889.78979364465,59333.50244396069,60371.02734375,1059118
2020-12-09,60695.25702884439,62575.7734375,60435.87769287789,62575.7734375,1805574
2020-12-10,62575.7708181943,63353.916427827244,62510.92503262885,63029.6875,1958771
2020-12-11,63029.6875,63094.53328556545,62186.69992195405,63029.6875,1169684
2020-12-14,63029.6907752121,64780.515625,62186.703153361974,64780.515625,1403096
2020-12-15,64196.91127649322,64715.66995461852,62575.77418445296,63418.765625,2159859
2020-12-16,63872.68221421485,64780.515625,63418.765508822275,64780.515625,1116202
2020-12-17,63937.5258798636,63937.5258798636,61603.09282433669,62251.546875,3474980
2020-12-18,62251.54615649646,64132.0625,62251.54615649646,64132.0625,1587126
2020-12-21,64480.9453125,64546.14386405054,63437.772325609396,64480.9453125,1050393
2020-12-22,63894.159558617204,63959.35811140252,63568.17063260874,63828.96484375,1128468
2020-12-23,63568.16796875,64220.149631363405,63176.980506349144,63568.16796875,1004220
2020-12-24,63828.96475365975,63828.96475365975,62590.1999283234,63437.7734375,1229269
2020-12-25,63242.183603224556,63633.37109375,63046.587939002726,63633.37109375,474630
2020-12-28,63894.16015625,64024.5572630403,63437.7741204021,63894.16015625,1259950
2020-12-29,63894.16032593048,65067.72661432345,63763.76705671205,64676.54296875,1049609
2020-12-30,64676.542192040986,64937.32872734604,63568.17063260874,63828.96484375,767809
2020-12-31,63828.96484375,64546.14508647036,63242.18170660027,63828.96484375,553263
2021-01-01,63828.96484375,63828.96484375,63828.96484375,63828.96484375,0
2021-01-04,63894.16287579784,65067.729211025115,63437.77682052463,64546.1484375,128980
2021-01-05,64546.14638853475,65589.31557830703,64546.14638853475,64741.734375,111394
2021-01-06,64872.13368051954,69240.41392570698,64741.73656790171,68458.03125,313507
2021-01-07,67806.05092035922,70739.9628210704,67806.05092035922,69761.9921875,133968
2021-01-08,70413.97889809412,70413.97889809412,68132.04482320236,68327.6328125,145255
2021-01-11,68197.24543200816,68914.42188326124,67871.25264696735,68132.046875,127699
2021-01-12,68849.21875,68849.21875,67936.44668839236,68849.21875,95676
2021-01-13,68849.22125285765,69175.21402808117,67806.05204797882,68327.6328125,160370
2021-01-14,68458.02797171767,68588.42507809111,67349.66024337968,67740.8515625,125408
2021-01-15,68327.63010098162,68392.82865343899,66828.07874613463,67284.4609375,165735
2021-01-18,67480.06117626773,68458.03185368894,67154.06839184841,67349.6640625,159797
2021-01-19,67219.26621296901,67349.66332530945,62655.40182231866,64546.1484375,170331
2021-01-20,64546.14519710294,69044.81464365558,63894.15966813228,64611.34375,315405
2021-01-21,64611.34954881599,67154.0703125,63894.165402581566,67154.0703125,193447
2021-01-22,67154.0703125,67806.05589998583,66502.09240085108,67154.0703125,191157
2021-01-25,65915.29839908077,67154.06320842078,65915.29839908077,66828.078125,109389
2021-01-26,66828.08329701977,66828.08329701977,64546.14915728838,65784.9140625,146250
2021-01-27,64611.344225743116,65198.123530301025,61221.03863972291,63502.97265625,236109
2021-01-28,59982.27601132287,60829.85339853478,59069.50390625,59069.50390625,181663
2021-01-29,55744.3932346164,63176.98206956635,55744.3932346164,60634.25390625,204795
2021-02-01,62590.202195606784,62590.202195606784,59330.29363244494,59395.4921875,197350
2021-02-02,59982.27560561954,63046.588516926524,59982.27560561954,62916.19140625,160415
2021-02-03,63828.96363491264,64546.14386405054,62981.38630267365,64480.9453125,219201
2021-02-04,64480.9453125,64546.14386405054,61221.03692456318,64480.9453125,145767
2021-02-05,64480.94470923977,65198.12109375,63828.96303775211,65198.12109375,135234
2021-02-08,64546.147517198755,65067.72828328716,60699.455785512124,61351.4375,437348
2021-02-09,61351.4375,61351.4375,61351.4375,61351.4375,0
2021-02-10,61351.4375,61351.4375,61351.4375,61351.4375,0
2021-02-11,61351.4375,61351.4375,61351.4375,61351.4375,0
2021-02-12,61351.4375,61351.4375,61351.4375,61351.4375,0
2021-02-15,61351.4375,61351.4375,61351.4375,61351.4375,0
2021-02-16,61351.4375,61351.4375,61351.4375,61351.4375,0
2021-02-17,63568.16883398985,65198.12109375,63568.16883398985,65198.12109375,158848
2021-02-18,64546.14471681464,66502.0859375,63894.15919269541,66502.0859375,254509
2021-02-19,64676.54107923801,66306.48951915411,64611.34252757448,66045.6953125,278967
2021-02-22,65524.12175369347,66502.09245995448,65393.72463608041,65589.3203125,209270
2021-02-23,65198.12109375,65850.10660315565,64676.54036206147,65198.12109375,217212
2021-02-24,65198.12109375,65198.12109375,65198.12109375,65198.12109375,0
2021-02-25,65198.12109375,65198.12109375,65198.12109375,65198.12109375,0
2021-02-26,63437.77543891589,64546.14703175207,63242.183612583336,64024.55859375,161349
2021-03-01,64024.55743306707,64741.73384648199,64024.55743306707,64676.54296875,137313
2021-03-02,65198.12425370378,66371.69055167714,63894.16084752935,64741.734375,179267
2021-03-03,64089.758475150134,64806.93491641201,64024.559919050276,64154.95703125,137976
2021-03-04,64285.35078459469,64872.13008299812,60699.453413972245,63437.7734375,168492
2021-03-05,63307.37823213227,63372.576786782345,61938.220098235455,62850.9921875,250395
2021-03-08,63242.183494986,63242.183494986,61938.22007824195,62068.6171875,226314
2021-03-09,61938.21875,61938.21875,60699.45391444983,61938.21875,202580
2021-03-10,61938.22199219968,62459.80660743119,61286.240263680724,62264.2109375,160325
2021-03-11,62459.80403686593,63111.78573855225,62459.80403686593,62785.79296875,152172
2021-03-12,62785.79362277985,62916.190732059076,61612.22731510325,62459.8046875,189846
2021-03-15,62590.20114478683,63242.18284647315,62264.208374984584,62785.79296875,216760
2021-03-16,62590.201130586975,62590.201130586975,62003.41798299423,62394.60546875,98826
2021-03-17,62264.20769674975,62459.8033565005,61938.21876841662,62329.40625,186772
2021-03-18,62720.590655977205,63568.16796875,62264.204643523204,63568.16796875,242484
2021-03-19,63307.375462975324,63307.375462975324,61416.6328125,61416.6328125,240464
2021-03-22,62590.20188435978,63568.17252948599,62199.010555974724,63242.18359375,286623
2021-03-23,63176.98495061752,63176.98495061752,62199.01046894155,62459.8046875,141774
2021-03-24,61938.220665742345,62525.00382505114,61351.437506433555,61742.625,214364
2021-03-25,61742.623753027285,62590.20111620794,61612.22664516592,62003.41796875,174852
2021-03-26,61938.22199414578,62264.21093945633,61090.64459566899,61873.0234375,180352
2021-03-29,62068.617782664056,62459.80527627101,60960.246181260896,62133.8125,180201
2021-03-30,62133.80923371598,62133.80923371598,61351.4342876304,61807.8203125,263521
2021-03-31,61612.22465701958,62003.41596798042,61351.4342876304,61807.8203125,142347
2021-04-01,62068.61663206156,63698.56896944643,62068.61663206156,63176.984375,406516
2021-04-02,63568.1699686869,64220.151651812484,63176.98249397878,63763.765625,343209
2021-04-05,65198.12256509771,67023.67435679538,64285.35050716695,66502.0859375,541358
2021-04-06,66502.08918059144,66828.08195854868,65524.1185225563,66436.890625,338040
2021-04-07,65850.11130051353,66502.08918059144,65458.91996696486,66436.890625,178227
2021-04-08,66436.88588578475,66436.88588578475,64872.12833904717,65198.12109375,237405
2021-04-09,64872.12745605886,64872.12745605886,63568.16796875,63568.16796875,316716
2021-04-12,64220.15110629784,64676.54096715162,63502.97087715994,64480.9453125,402372
2021-04-13,65198.12020632453,65198.12020632453,63568.16796875,63568.16796875,251797
2021-04-14,63437.77486098024,64350.55078125,63176.98448227329,64350.55078125,201449
2021-04-15,65067.72310621826,65067.72310621826,63111.78195629601,63568.16796875,324417
2021-04-16,63437.77467043632,64220.15348004354,62590.20114478683,62785.79296875,228439
2021-04-19,63242.18172748355,64220.15234375,62459.802931719525,64220.15234375,209090
2021-04-20,64611.34954881599,68458.03381163476,64220.15819632449,67154.0703125,945494
2021-04-21,67154.0703125,67154.0703125,67154.0703125,67154.0703125,0
2021-04-22,67154.0703125,68849.22516412626,66632.48951834824,67154.0703125,449268
2021-04-23,67154.06137429345,67806.046875,65524.11297419884,67806.046875,344384
2021-04-26,67806.05042303249,67806.05042303249,63828.96552604241,64285.3515625,541810
2021-04-27,64285.35421281913,64937.33209868468,63698.5710452055,64546.1484375,179599
2021-04-28,64546.1484375,64741.73643017403,63698.5710452055,64546.1484375,215027
2021-04-29,64546.14326018034,65198.12109375,63894.15775077468,65198.12109375,243478
2021-04-30,65198.12109375,65198.12109375,65198.12109375,65198.12109375,0
2021-05-03,65198.12109375,65198.12109375,65198.12109375,65198.12109375,0
2021-05-04,64546.14519710294,64937.32883864911,63894.15966813228,64611.34375,225485
2021-05-05,64611.34569952248,66502.08843891445,64611.34569952248,65980.5,275275
2021-05-06,65980.4992270739,66306.49199757661,64546.14638853475,64741.734375,174987
2021-05-07,64480.948457799575,64546.14701253042,63046.58792955747,63242.18359375,344309
2021-05-10,63046.58729380884,64024.557929073395,62525.00269913987,63959.359375,252264
2021-05-11,64024.55666418784,64741.73306899009,63568.17063260874,63828.96484375,176539
2021-05-12,63828.96475365975,63828.96475365975,63242.181617338225,63437.7734375,183592
2021-05-13,63372.57553176744,63763.7668519208,63111.78515625,63111.78515625,255881
2021-05-14,63502.9733073097,64089.756455801704,62981.38871286327,63176.984375,211516
2021-05-17,63307.37561440952,63437.772718317814,62459.8021148417,62590.19921875,258458
2021-05-18,62133.81182515427,62590.20170697674,61612.22722670394,61677.42578125,316973
2021-05-19,61677.42643828481,61677.42643828481,61155.84183427816,61351.4375,252882
2021-05-20,61351.43837475095,64546.1484375,61351.43837475095,64546.1484375,286939
2021-05-21,62785.792389455535,63894.16012072045,62590.200567297,63111.78515625,219895
2021-05-24,63568.17120962713,64220.15290548032,62916.18951377394,63502.97265625,273467
2021-05-25,63502.97279186168,65198.12366953273,63502.97279186168,65067.7265625,575054
2021-05-26,65132.92131394767,66371.68608261067,65002.52421452674,65458.9140625,355038
2021-05-27,65458.918526070425,65458.918526070425,63894.16090215603,64350.55078125,219262
2021-05-28,64546.14448775286,65915.29873187206,63633.36859514329,64937.328125,330927
2021-05-31,65850.10917023764,65850.10917023764,64089.75590205326,64285.3515625,394973
2021-06-01,64806.93074483976,67936.4458845154,64350.548557354305,67610.453125,683178
2021-06-02,67806.05219707511,70087.98627698453,67610.4565315109,69110.015625,644088
2021-06-03,69175.20701025383,70413.97175459404,69110.00846182351,69566.390625,422249
2021-06-04,69435.99728042155,69435.99728042155,67871.24738520727,68392.828125,362543
2021-06-07,68001.65157623158,68392.83525288617,65980.50393086241,67154.0703125,4475508
2021-06-08,67154.0703125,67154.0703125,67154.0703125,67154.0703125,0
2021-06-09,65198.12256509771,66502.0859375,64676.541821638486,66502.0859375,3607501
2021-06-10,66502.09243005443,67088.87178321244,65198.128930347055,66371.6953125,3409487
2021-06-11,65915.29652503894,67480.05404914808,65524.11290088856,67023.671875,3086245
2021-06-14,66567.28448991192,67414.85799543075,66045.69607061654,66502.0859375,2199703
2021-06-15,66567.28202501603,67154.06129915954,65850.10565087711,67023.671875,2140932
2021-06-16,66828.07629977606,69110.01020057722,66828.07629977606,67806.046875,4367761
2021-06-17,67806.05600729647,68458.03391997721,66502.09250609804,67936.453125,2346330
2021-06-18,68132.0418760313,71065.95369862215,68001.64477158245,70739.9609375,4874851
2021-06-21,70413.98294812665,70544.37238987925,69110.01944806836,69501.203125,3176512
2021-06-22,69827.18693546629,70739.95896532477,69435.99563302583,70153.1796875,2233158
2021-06-23,70413.98372657267,72369.92516036514,69761.99813141719,71522.3515625,3388541
2021-06-24,71717.93045387277,72239.51886373246,70283.57767843071,72174.3203125,1723053
2021-06-25,72174.32112595749,73543.48304143459,71000.75486638228,73413.0859375,2544947
2021-06-28,73413.0859375,73673.88014536918,72435.11533382667,73413.0859375,2297354
2021-06-29,73021.89598717801,74325.859375,72695.9108970997,74325.859375,2792540
2021-06-30,74325.85958257632,76412.1979385837,74325.85958257632,75890.6171875,4171254
2021-07-01,76086.212847595,76151.41140096,74977.84511622631,75890.6171875,2767373
2021-07-02,75890.61117212103,76021.00826851526,74325.85369122599,74912.640625,2602814
2021-07-05,74912.640625,74912.640625,74912.640625,74912.640625,0
2021-07-06,74912.640625,74912.640625,74912.640625,74912.640625,0
2021-07-07,74912.640625,74912.640625,74912.640625,74912.640625,0
2021-07-08,74912.640625,74912.640625,74912.640625,74912.640625,0
2021-07-09,71717.9284855503,72435.11252942402,69631.59025504388,71587.5390625,4425779
2021-07-12,71587.5390625,71587.5390625,71587.5390625,71587.5390625,0
2021-07-13,69696.79340444219,69696.79340444219,66567.28585213653,67414.859375,2810925
2021-07-14,67414.859375,67414.859375,67414.859375,67414.859375,0
2021-07-15,65328.51910825451,68132.04148619137,65328.51910825451,66828.078125,3495233
2021-07-16,66828.078125,66828.078125,66828.078125,66828.078125,0
2021-07-19,65198.124884002405,65328.52199346409,62525.00332962894,63242.18359375,3830983
2021-07-20,63763.76960312677,65850.11188687605,60960.24703940372,65328.5234375,3595597
2021-07-21,64872.133542514464,65524.119104216625,64089.75854430849,64546.1484375,2205731
2021-07-22,64480.950536430195,65654.51688358042,63894.16352493673,65393.72265625,2193826
2021-07-23,64741.7350008865,65067.72777454072,63242.18359375,63242.18359375,2562277
2021-07-26,62916.18814060269,63568.16982222611,62394.603562887554,62590.19921875,1905093
2021-07-27,63568.17106701724,63633.3696202481,61938.21875,61938.21875,3999762
2021-07-28,62003.41872970042,63242.18359375,62003.41872970042,63242.18359375,2246570
2021-07-29,63502.97207982342,63828.96484375,63242.18170660027,63828.96484375,1795990
2021-07-30,63437.7741204021,64415.74858341119,63372.57556700695,63894.16015625,2041322
2021-08-02,63242.18359375,64350.55134833789,62850.99226536494,63242.18359375,1936438
2021-08-03,63307.378405826035,64415.75,63242.183688915306,64415.75,1907354
2021-08-04,64415.75,64415.75,64415.75,64415.75,0
2021-08-05,63894.16150281756,64872.13214851921,63828.96678596658,64806.93359375,1699394
2021-08-06,65067.72711841135,65067.72711841135,63959.359375,63959.359375,1679351
2021-08-09,63959.35680334617,64480.945214961495,63698.56643545654,64089.75390625,1851898
2021-08-10,64089.75390625,64089.75390625,64089.75390625,64089.75390625,0
2021-08-11,64741.73453634373,66306.49216281988,64611.34510365407,65524.1171875,2579607
2021-08-12,65524.121036054734,65719.7167103321,64872.13545513018,65132.9296875,1486762
2021-08-13,65132.923781541635,65132.923781541635,64089.75462248904,64937.328125,2002593
2021-08-16,64937.33472443472,65589.3203125,64546.15104743247,65589.3203125,3002459
2021-08-17,65589.3203125,65589.3203125,65589.3203125,65589.3203125,0
2021-08-18,65850.109375,66828.08000443844,65002.52817709521,65850.109375,2784854
2021-08-19,65654.51000088398,67154.06129915954,65067.7230509046,67023.671875,3882822
2021-08-20,65980.49670434877,66436.88656560275,64806.930451246015,65263.3203125,2710260
2021-08-23,64546.14499536786,65198.122846464576,62981.38740656505,63437.7734375,3219159
2021-08-24,64676.544121992105,64676.544121992105,62916.190820095784,63242.18359375,1611086
2021-08-25,63242.179056402274,64546.14238162908,63111.78195629601,63568.16796875,1611237
2021-08-26,63763.7668519208,64546.14565430939,63111.78515625,63111.78515625,1622840
2021-08-27,62590.19936295755,64220.151651812484,62590.19936295755,63763.765625,1667597
2021-08-30,64154.955063931506,64806.93292910054,63763.76757724645,64741.734375,1841048
2021-08-31,64872.13214851921,65132.92636759603,64089.75716712518,64806.93359375,1126449
2021-09-01,64806.93359375,65132.92636759603,62590.201921188105,64806.93359375,1367562
2021-09-02,64806.93359375,64806.93359375,64806.93359375,64806.93359375,0
2021-09-03,64806.93359375,64806.93359375,64806.93359375,64806.93359375,0
2021-09-06,64806.9297881066,65263.319644690564,64806.9297881066,65198.12109375,1363795
2021-09-07,65132.922542809436,65719.70950127453,65067.723991868865,65198.12109375,1569946
2021-09-08,65198.12109375,65198.12109375,65198.12109375,65198.12109375,0
2021-09-09,65002.528591402166,65263.322807804325,64285.35217213259,64741.734375,1231484
2021-09-10,65067.72661432345,65067.72661432345,64285.35164734024,64676.54296875,1292666
2021-09-13,64415.749253513764,64546.146361660554,63959.359375,63959.359375,1571905
2021-09-14,63959.35680334617,64220.15100915383,63242.18041321115,64089.75390625,1854309
2021-09-15,64089.75377793859,64089.75377793859,63307.375,63307.375,1203304
2021-09-16,64480.94780758716,64480.94780758716,63568.17188847782,63959.359375,859567
2021-09-17,63568.16987477413,64154.953004928466,63372.57421875,63372.57421875,1510271
2021-09-20,63437.77293860165,65850.10785552765,63437.77293860165,64937.328125,1925739
2021-09-21,64937.328125,64937.328125,64937.328125,64937.328125,0
2021-09-22,64937.328125,64937.328125,64937.328125,64937.328125,0
2021-09-23,64937.331367936524,65458.91981142875,64220.154933971244,64872.1328125,1018702
2021-09-24,64872.1328125,65067.728478809586,64872.1328125,64872.1328125,68521289
2021-09-27,64872.130781340944,65002.52788813124,63894.16015625,63894.16015625,701488
2021-09-28,63763.76705671205,64741.73384648199,63568.17139600717,64676.54296875,730120
2021-09-29,64872.13019598223,64872.13019598223,63568.17065359966,64220.15234375,851430
2021-09-30,64220.15155693651,64285.350108944556,63307.37566674196,63372.57421875,1808196
2021-10-01,63437.77600506318,64024.559165134,62459.80535091788,62525.00390625,2429062
2021-10-04,62590.20170697674,62916.190641788875,61547.02867215787,61677.42578125,137645361
2021-10-05,62003.41732166687,62655.39901625126,62003.41732166687,62329.40625,1467323
2021-10-06,62329.40625,62329.40625,62329.40625,62329.40625,0
2021-10-07,62329.40635386142,63111.78515625,61938.218871626195,63111.78515625,1201345
2021-10-08,62981.38937482663,63242.18359375,62329.40766543641,63242.18359375,1050348
2021-10-11,63242.18359375,63242.18359375,63242.18359375,63242.18359375,0
2021-10-12,64089.75712941452,64089.75712941452,63242.18359375,63242.18359375,1146944
2021-10-13,63828.966748409366,63894.16146522199,63242.18359375,63242.18359375,2149371
2021-10-14,63242.18359375,63242.18359375,63242.18359375,63242.18359375,0
2021-10-15,63111.787072264786,63437.77601103783,62916.19140625,62916.19140625,1102338
2021-10-18,62916.19140625,62916.19140625,62916.19140625,62916.19140625,0
2021-10-19,62655.40036146801,62916.19074215007,62068.61720753559,62850.9921875,1260267
2021-10-20,62850.990819395854,63046.58647908845,61286.23705560948,61938.21875,2352358
2021-10-21,62199.01036890004,62590.20169610852,61286.23828125,61286.23828125,1847678
2021-10-22,61938.221996116634,61938.221996116634,61286.240267556444,61481.8359375,361669
2021-10-25,61481.8359375,61481.8359375,61481.8359375,61481.8359375,0
2021-10-26,61351.43683578475,61677.42577054027,61025.44406311101,61286.23828125,952396
2021-10-27,61677.427830976165,62916.19273268291,61481.83599875606,62655.40234375,2152837
2021-10-28,62981.38749545901,63828.96484375,62655.39856945054,63828.96484375,2671230
2021-10-29,63437.7741204021,64154.95436983059,63176.98374473965,63894.16015625,1904490
2021-11-01,63894.16015625,63894.16015625,63894.16015625,63894.16015625,0
2021-11-02,63502.972673797245,63828.96544077299,63437.7741204021,63894.16015625,1218072
2021-11-03,63698.56907760537,64415.74933540628,63437.77486098024,64350.55078125,2757729
2021-11-04,64350.55269954958,64415.75125564944,63372.57819596997,64154.95703125,1490982
2021-11-05,63568.16796875,64546.14238162908,63242.179056402274,63568.16796875,1697284
2021-11-08,63959.36003899974,64154.95570325052,63568.172548416405,64024.55859375,1784537
2021-11-09,63894.15812397444,64285.349431902745,63242.18028659664,63307.375,2075982
2021-11-10,63307.37832004695,64024.558584275444,63111.78649374333,63633.37109375,1291611
2021-11-11,63763.76498690845,64741.7317449331,63242.18041321115,64089.75390625,1681160
2021-11-12,64089.757148500255,64089.757148500255,63568.172548416405,64024.55859375,926476
2021-11-15,64089.7538768641,64546.14373681825,63372.57364913989,63698.56640625,1155383
2021-11-16,63698.56697879022,64220.15155693651,63242.18095265197,63372.57421875,1064363
2021-11-17,63372.57556700695,63959.358709645145,63372.57556700695,63894.16015625,1187933
2021-11-18,64089.75712941452,64089.75712941452,63242.18359375,63242.18359375,1069486
2021-11-19,63242.18359375,63242.18359375,63242.18359375,63242.18359375,0
2021-11-22,63437.77551548394,64480.94855482895,63307.378405826035,64415.75,1533026
2021-11-23,64546.14519710294,64611.34375000001,64024.55677392641,64611.34375,827620
2021-11-24,64676.54443334236,68849.22125285765,64676.54443334236,68327.6328125,2838050
2021-11-25,68458.02560622503,70413.9744584047,68197.2390783256,69827.1875,2220047
2021-11-26,69566.39903141493,70544.36970021203,67806.05336274748,68458.03125,1325518
2021-11-29,67349.66528923427,68392.83454254006,65850.11380526541,65915.3046875,1282419
2021-11-30,67806.04841406932,67806.04841406932,64480.9453125,64480.9453125,2014046
2021-12-01,64806.93498634425,66176.09699008217,64089.75854430849,64546.1484375,831086
2021-12-02,65393.71870892857,65719.7114734139,64415.74809130881,64611.34375,1187029
2021-12-03,64676.54279699178,65719.71197547787,63568.1712271924,63894.16015625,1199386
2021-12-06,63894.15864697752,65198.12200824271,62199.0078125,62199.0078125,1519915
2021-12-07,62655.40045774922,64806.933574916664,62655.40045774922,64024.55859375,1235703
2021-12-08,63894.16090215603,64806.932984507606,63894.16090215603,64350.55078125,764780
2021-12-09,63502.972842438874,64806.93240005028,63437.77428887058,64676.54296875,1213702
2021-12-10,65850.10660315565,67023.67284424984,65132.922542809436,65198.12109375,2834885
2021-12-13,66502.08570149697,66502.08570149697,64676.54159211396,64937.328125,1564220
2021-12-14,64937.330037301625,65524.11702420648,64611.34494263529,64741.734375,1299448
2021-12-15,64872.13545513018,65654.51815223965,64546.15034050474,65132.9296875,1103543
2021-12-16,65719.7114734139,65719.7114734139,63959.358221029346,64611.34375,1577933
2021-12-17,65198.1254914161,65198.1254914161,62916.19140625,62916.19140625,5237726
2021-12-20,64220.154933971244,64872.1328125,63959.36071222513,64872.1328125,1110475
2021-12-21,64546.14386405054,65067.724600618785,64220.15110629784,64480.9453125,1166534
2021-12-22,64728.7995137555,65401.305111479734,64392.54671489338,64644.734375,2261969
2021-12-23,65149.11245142967,66326.00110526108,64308.48046875,64308.48046875,1758509
2021-12-24,64560.673653853344,65989.75,64560.673653853344,65989.75,1003141
2021-12-27,66326.00349619534,67502.89219245147,65485.36760513237,67082.578125,1103172
2021-12-28,67250.6953125,68091.33113685009,65569.43141995923,67250.6953125,1380352
2021-12-29,66830.3828125,67082.57434121004,66494.13002627314,66830.3828125,519640
2021-12-30,67082.57616181426,67166.63742161247,65317.24316909288,65905.6875,1086874
2021-12-31,66410.06001250181,66578.19028116309,65905.6847188369,66241.9375,498382
2022-01-03,66241.9375,66241.9375,66241.9375,66241.9375,0
2022-01-04,66410.0625,66746.315293758,65569.43439368489,66410.0625,1339017
2022-01-05,66410.05773347981,67586.9463052426,65569.4296875,65569.4296875,1893261
2022-01-06,66073.81099498448,67166.63841313294,65485.36665539069,66494.1328125,1435623
2022-01-07,66914.4478443234,67166.6393872583,65737.55914806726,67082.578125,1141082
2022-01-10,66998.50532753364,67166.63559872686,65989.74696885307,66830.3828125,1295557
2022-01-11,67250.69554760522,67250.69554760522,65989.74568475159,66746.3125,1125138
2022-01-12,66746.31226665806,67250.6953125,65569.43141995923,67250.6953125,2127571
2022-01-13,67671.00982629908,70949.48413519315,67418.82605774984,68847.8984375,2991236
2022-01-14,68847.90163652581,70108.8515625,68091.33478340523,70108.8515625,1797600
2022-01-17,69772.59501628081,73975.76638108208,69184.15071496226,72462.625,3104258
2022-01-18,71874.18267256298,73639.515625,70613.232779725,73639.515625,2003684
2022-01-19,73555.45211193753,73555.45211193753,71453.86643625484,72967.0078125,1080378
2022-01-20,71621.99259949672,73555.45586317837,69856.66736731403,73219.1953125,3300068
2022-01-21,73051.06805537808,75657.02898291986,72378.56250995821,74984.5234375,2955216
2022-01-24,75152.65474735391,78599.25153269443,74143.8886590323,78178.9375,3222122
2022-01-25,77758.61956929234,80700.8412126155,74816.40568212893,80532.7109375,2830384
2022-01-26,80532.71025746362,80532.71025746362,77842.68017144906,79439.890625,2980253
2022-01-27,78178.94365036263,79439.89360380461,75993.28879115921,76497.671875,2046554
2022-01-28,76497.67023311739,77338.30610275599,74816.40625,74816.40625,2427781
2022-01-31,74816.40625,74816.40625,74816.40625,74816.40625,0
2022-02-01,74816.40625,74816.40625,74816.40625,74816.40625,0
2022-02-02,74816.40625,74816.40625,74816.40625,74816.40625,0
2022-02-03,74816.40625,74816.40625,74816.40625,74816.40625,0
2022-02-04,74816.40625,74816.40625,74816.40625,74816.40625,0
2022-02-07,76161.41330666408,78094.86872144799,75236.71622705099,77674.5546875,1914164
2022-02-08,77674.55747797021,77674.55747797021,75741.10199372662,77338.3046875,1353898
2022-02-09,76665.79966793236,77254.24399460392,75909.22506671475,76329.546875,1869404
2022-02-10,76581.72910385407,78515.19231931405,76497.66784636091,76749.859375,2157923
2022-02-11,76749.85861117355,77002.05013730278,75657.03125,75657.03125,1368070
2022-02-14,74059.83303257599,74648.27737676799,72294.5,72294.5,4285967
2022-02-15,72294.5,72294.5,72294.5,72294.5,0
2022-02-16,73555.45461563919,73891.70740445476,72630.75750735645,73135.1328125,1518766
2022-02-17,73135.13133037885,73723.57563792088,72967.00881745797,73555.453125,1690247
2022-02-18,72630.76002406604,73555.45716439022,72630.76002406604,73303.265625,1259182
2022-02-21,72798.87726039572,73639.51307860574,72798.87726039572,73471.3828125,1202139
2022-02-22,73135.13032310536,73135.13032310536,71453.86643625484,72967.0078125,1818976
2022-02-23,73135.13156923497,73135.13156923497,72126.37321993671,73051.0703125,1164820
2022-02-24,72882.94341725629,72967.01243404306,71453.87096195942,71706.0625,2454944
2022-02-25,71706.05995895565,72210.43526100344,71453.86842985197,71537.9296875,1909086
2022-02-28,71537.92993495204,71537.92993495204,70949.4856170612,71033.546875,1561400
2022-03-01,71033.54539424871,71790.11996840537,70697.29261334334,71453.8671875,1529867
2022-03-02,71958.24248077832,71958.24248077832,70781.36162568927,71453.8671875,1955263
2022-03-03,71453.86565939694,71874.1796875,71201.67414007138,71874.1796875,1242648
2022-03-04,71621.98839512469,71874.17991524936,71285.73562034489,71369.796875,1249616
2022-03-07,70865.42159090996,71369.796875,70529.16881613016,71369.796875,1184306
2022-03-08,70445.1039451466,71033.54827463206,68511.6484375,68511.6484375,3467770
2022-03-09,68763.83543297272,69856.66276020506,68679.77417892692,69772.59375,1565179
2022-03-10,69772.60005447331,70361.0443982827,69688.53879283197,70192.921875,1362992
2022-03-11,70361.04030574806,70529.17057541145,69772.5959961654,70445.1015625,1034674
2022-03-14,70024.79255389371,70781.3671875,69940.73129110193,70781.3671875,1698514
2022-03-15,70613.22902310306,70697.29027651098,68091.32937159209,68175.390625,2817747
2022-03-16,68343.52291077076,69940.72555359025,68343.52291077076,69352.28125,1181708
2022-03-17,69772.59375,70192.91553254747,69520.40223170337,69772.59375,1443654
2022-03-18,69856.67002831014,71621.995327738,69688.5397465665,70781.3671875,1661194
2022-03-21,70781.36033625483,71874.17991524936,70613.23007078528,71369.796875,1102935
2022-03-22,71369.796875,71874.17991524936,71369.796875,71369.796875,915393
2022-03-23,71369.796875,71958.24116990449,71369.796875,71369.796875,1141554
2022-03-24,71369.80280645881,71369.80280645881,70192.921875,70192.921875,673406
2022-03-25,70613.23111307641,70613.23111307641,68931.96721436101,69352.28125,1343741
2022-03-28,69772.59403247599,69772.59403247599,68931.96597629624,69268.21875,856697
2022-03-29,69268.22023073431,69772.59552399223,68595.70691279131,68847.8984375,1202966
2022-03-30,68763.8384783032,70192.91864116736,68511.6469488378,68931.96875,1079315
2022-03-31,68931.96999071837,69436.34530256789,68931.96999071837,69016.03125,581524
2022-04-01,69016.03222688004,70276.98215859143,68175.39635368582,69604.4765625,1063254
2022-04-04,69940.72680673146,70697.29363566909,69436.34375,69436.34375,840872
2022-04-05,69604.47124190841,69940.72401425084,69436.34097765757,69772.59375,621324
2022-04-06,69688.5369956514,71453.86998155383,68679.77861348992,71117.6171875,2373337
2022-04-07,71369.79635766635,71621.98787596298,69772.59375,69772.59375,1095968
2022-04-08,70529.1683048899,70529.1683048899,69688.5324959542,69772.59375,930864
2022-04-11,69772.59375,69772.59375,69772.59375,69772.59375,0
2022-04-12,69772.59403247599,69940.7242974075,68595.7054464332,69268.21875,993575
2022-04-13,69772.59403247599,69856.66304302138,68931.96597629624,69268.21875,1004676
2022-04-14,69268.22462333254,69688.53868706131,68091.3359375,68091.3359375,1359803
2022-04-15,68259.45622492571,68511.6477573673,67418.828125,67418.828125,1056758
2022-04-18,67250.69767076169,67418.82794399124,65233.18092896506,65317.2421875,1461251
2022-04-19,65401.303446034944,65989.74776809888,65233.18092896506,65317.2421875,1185015
2022-04-20,65569.43470464733,66326.0015551509,65317.24316909288,65905.6875,1068332
2022-04-21,65905.6875,66578.19309070535,65737.55722424378,65905.6875,2572454
2022-04-22,66494.13261620053,69436.3465493238,66494.13261620053,69100.09375,3279164
2022-04-25,69100.08871230955,69772.59426192865,64728.794883626106,68763.8359375,2928171
2022-04-26,66410.05798264018,67671.0078125,66410.05798264018,67671.0078125,2258072
2022-04-27,67166.63725933884,68931.9702477952,65737.55706542278,68511.6484375,1688593
2022-04-28,68511.6484375,68595.70969709512,66830.38446479855,68511.6484375,666202
2022-04-29,68427.5874935744,69184.1543457403,67250.69882917429,68007.2734375,1487115
2022-05-02,68007.2734375,68007.2734375,68007.2734375,68007.2734375,0
2022-05-03,68007.2734375,68007.2734375,68007.2734375,68007.2734375,0
2022-05-04,68007.26862127542,68091.32987530518,66410.05825775434,67166.6328125,1054160
2022-05-05,67671.01411761127,68511.65000122879,66914.44725166747,68091.3359375,1203793
2022-05-06,66998.50402380261,68259.45388665627,66746.3125,66746.3125,916337
2022-05-09,66241.9378600994,67586.94899206342,65401.30202454212,65485.36328125,1977230
2022-05-10,64812.85685119633,67250.6953125,64812.85685119633,67250.6953125,1093606
2022-05-11,67250.6953125,67502.88683542096,66410.05948814991,67250.6953125,1099865
2022-05-12,66410.06080077164,67166.63538448853,64728.796875,64728.796875,1148286
2022-05-13,64728.79735118997,65569.43319833986,61366.26171875,61366.26171875,2319011
2022-05-16,63467.84692718172,64224.41763205057,62206.89704509357,62375.0234375,1840942
2022-05-17,62375.02264384512,64728.79598566577,61450.32555833561,63888.16015625,2671776
2022-05-18,64728.79625583123,64728.79625583123,63047.52846806213,63383.78125,1040461
2022-05-19,63047.52820491396,64476.60446122509,62879.40181464675,63888.16015625,680019
2022-05-20,63131.59625820885,64308.481044496904,63047.53112014832,63299.72265625,781585
2022-05-23,63551.91073873439,63551.91073873439,61870.642869013805,62543.15234375,745919
2022-05-24,62963.46582552919,63635.975294101496,62459.08663265987,63551.91015625,1061364
2022-05-25,63888.16103403441,64728.796875,62879.40267857143,64728.796875,964877
2022-05-26,64728.796997131474,64812.858254538776,63888.16115457976,64476.60546875,1156080
2022-05-27,64476.60645805092,65065.05078125,64140.353667102834,65065.05078125,1053452
2022-05-30,65065.046654984755,68091.32933775785,64224.41473092534,65569.4296875,1567659
2022-05-31,66326.0,66326.0,65569.43316723572,66326.0,571249
2022-06-01,66410.05798264018,67671.0078125,66410.05798264018,67671.0078125,943382
2022-06-02,67671.0078125,67671.0078125,67671.0078125,67671.0078125,0
2022-06-03,65905.68789241818,66830.38502418384,64224.42002756425,65149.11328125,623331
2022-06-06,65149.1135415787,67250.6993505638,63131.59674938811,66998.5078125,1039870
2022-06-07,66410.06417026497,68931.97182111752,65653.49730432116,68091.3359375,1101873
2022-06-08,68091.33682016228,68091.33682016228,66241.94250592617,66578.1953125,1375510
2022-06-09,66410.06307754683,67166.63768720183,65317.24342736939,65401.3046875,1260717
2022-06-10,65401.303446034944,66410.06181693326,65065.050655735504,65317.2421875,461652
2022-06-13,64728.797148613536,64728.797148613536,62290.95862882008,64224.41796875,1305949
2022-06-14,63467.84699163139,65653.4939732143,62206.897108262776,64728.796875,1259182
2022-06-15,65065.05119220164,65821.6180375734,63299.7220895344,64308.48046875,1468691
2022-06-16,64476.60825444128,67250.69967417208,64308.48185428305,66494.1328125,1428537
2022-06-17,64728.79727278658,65821.61689221411,63972.2265625,63972.2265625,1240758
2022-06-20,66830.38168112547,66830.38168112547,63299.719729354634,63888.16015625,1286935
2022-06-21,63888.16201160764,65317.2421875,63215.65643100876,65317.2421875,1106715
2022-06-22,65485.36280282835,65569.43181508154,63047.52820491396,63888.16015625,1262725
2022-06-23,63131.59597336963,64476.60715163037,62963.46569800715,63804.1015625,697026
2022-06-24,64056.29351840444,64140.3547785582,62711.27845322516,63047.53125,765996
2022-06-27,63467.847906834446,63888.16195529837,62879.40358528915,62963.46484375,1018612
2022-06-28,63047.52808873701,64728.79586639077,62879.401698779606,64140.3515625,1294139
2022-06-29,63720.035308716695,63804.100444925476,63299.72126191226,63467.84765625,1000897
2022-06-30,63467.8466536766,63888.16069384153,62879.40234375,62879.40234375,801190
2022-07-01,62627.21248888429,63047.53041834844,61282.20131952678,62206.8984375,1633323
2022-07-04,62963.46653557635,63215.658073894956,62122.83453798091,62290.9609375,881262
2022-07-05,62963.46528122367,62963.46528122367,61870.64176708076,62206.8984375,1257174
2022-07-06,61954.707447184206,62122.83384482738,57919.66614758837,61198.13671875,1828424
2022-07-07,61114.07037936202,63467.84765625,60273.43840767333,63467.84765625,1486170
2022-07-08,62963.46528122367,63047.53041834844,62122.83330037522,62206.8984375,898741
2022-07-11,61618.45238985243,61786.57878132359,60525.62890625,60525.62890625,780404
2022-07-12,60525.62890625,60525.62890625,60525.62890625,60525.62890625,0
2022-07-13,60357.50390625,61702.515069026944,60021.24723747592,60357.50390625,1629661
2022-07-14,60357.503628777355,61198.13560164843,60189.37335612332,60861.8828125,389021
2022-07-15,60609.6900151887,61786.57863069752,60609.6900151887,60777.81640625,705647
2022-07-18,60945.942945888026,61282.1996069101,60525.62890625,60525.62890625,462243
2022-07-19,60525.63183768908,60609.69309845612,59769.06110038597,59937.1875,959090
2022-07-20,60189.374582461256,60945.9453125,60189.374582461256,60945.9453125,643526
2022-07-21,60945.9453125,61282.20198657937,60609.69251650054,60945.9453125,1375392
2022-07-22,60609.69251650054,61114.07171049974,60525.63125654062,60945.9453125,1192337
2022-07-25,60861.88130369451,61534.38686531952,60525.628522882,61282.19921875,1136948
2022-07-26,61534.38771763766,62543.14995212736,61534.38771763766,62122.83203125,1322483
2022-07-27,62206.8992580629,63047.53125,61954.70772144181,63047.53125,1487941
2022-07-28,63383.78391623062,63551.91031427177,62879.40472210717,63299.72265625,1375628
2022-07-29,63383.78417836762,63467.84931677581,62795.33984375,62795.33984375,1388856
2022-08-01,62795.33754324296,64728.796875,62543.1498934171,64728.796875,1862791
2022-08-02,64728.79732048459,66578.19152964129,63888.161473733475,66326.0,2099581
2022-08-03,65821.61669765985,66830.3828125,65569.4329251094,66830.3828125,1187731
2022-08-04,66830.38152384717,69352.28125,66746.31251179182,69352.28125,2670359
2022-08-05,68931.96875,69268.22153723399,68175.39416160382,68931.96875,1648439
2022-08-08,68931.96875,69352.28279500258,68847.89973607179,68931.96875,1080615
2022-08-09,68931.96925018134,68931.96925018134,67166.63628727366,67923.203125,1438339
2022-08-10,67334.75504161466,68091.32959322608,67334.75504161466,67671.0078125,599357
2022-08-11,68343.52591830974,68931.9702477952,67755.0815888243,68511.6484375,1383541
2022-08-12,68511.64967638481,68847.9024770055,68007.27435353372,68595.7109375,1478375
2022-08-15,68931.96620298443,69184.14996697211,68679.77468283745,68763.8359375,1487469
2022-08-16,68931.9702477952,68931.9702477952,68175.39564295972,68511.6484375,811465
2022-08-17,68259.45690255484,68679.77871285003,68259.45690255484,68511.6484375,902284
2022-08-18,68343.52591830974,68931.9702477952,68259.45690255484,68511.6484375,1852516
2022-08-19,67755.08190139143,68931.97056579155,67755.08190139143,68007.2734375,1355788
2022-08-22,67334.75656808719,68511.64517094543,67250.6953125,67250.6953125,620969
2022-08-23,67250.69785131904,68343.52523984603,67166.63659255841,67418.828125,765288
2022-08-24,68259.45541937242,69688.53558223657,67502.88858713585,68931.96875,1279849
2022-08-25,69100.0912655372,69100.0912655372,68343.52443330061,68931.96875,636322
2022-08-26,68931.96721436101,70361.03958922924,68931.96721436101,69352.28125,1841769
2022-08-29,68427.58416666667,69352.28125,68007.27013102768,69352.28125,1123721
2022-08-30,69352.28603519998,72294.5,69352.28603519998,72294.5,2955806
2022-08-31,72294.4983513801,72714.82016259496,70613.234375,70613.234375,1247017
2022-09-01,70613.234375,70613.234375,70613.234375,70613.234375,0
2022-09-02,70613.234375,70613.234375,70613.234375,70613.234375,0
2022-09-05,70613.23237826703,70865.42390663277,69352.28249259794,69436.34375,1827951
2022-09-06,69436.34499109544,70613.23364039803,69016.03094041297,69520.40625,1213241
2022-09-07,68931.96696120017,69352.28099529551,67082.57280132562,67250.6953125,2708387
2022-09-08,68007.2680843917,68007.2680843917,65569.4296875,65569.4296875,1268748
2022-09-09,65989.74597508782,66662.251537414,65737.55445017562,66241.9375,1215485
2022-09-12,66914.4468738556,66998.50813489476,66241.94127322268,66494.1328125,827644
2022-09-13,66746.31811595113,66746.31811595113,66073.8125,66073.8125,1402909
2022-09-14,64896.923957534535,66830.38330984731,64728.797563169916,65821.6171875,1282329
2022-09-15,65989.75096195578,66662.25657510346,65653.49815538195,66578.1953125,722653
2022-09-16,66662.25101107088,67250.6953125,65989.74545405457,67250.6953125,1794175
2022-09-19,66410.06001250181,67418.82611215056,65569.43193767381,66241.9375,1108368
2022-09-20,66241.94250592617,67250.70092564767,66073.81222455922,66578.1953125,615537
2022-09-21,66662.25278746853,66914.44431710982,65485.36415324888,66326.0,589555
2022-09-22,65317.238171242374,66073.80496385605,65149.107908350896,65569.4296875,1397123
2022-09-23,64896.9250838768,65317.24301612322,63720.03642481876,63804.1015625,1221272
2022-09-26,63131.59638823367,64728.799111954126,62290.96051821665,63047.53125,1483217
2022-09-27,63888.16224043094,63888.16224043094,62375.02467866398,62459.0859375,771665
2022-09-28,62206.8992580629,63047.53125,62038.76898159557,63047.53125,694073
2022-09-29,63888.16239919688,63888.16239919688,62206.8984375,62206.8984375,694191
2022-09-30,61534.38671875,62459.083802821704,60861.881158726836,61534.38671875,1490894
2022-10-03,61786.58075898154,62038.768415220395,59096.550653181264,59348.7421875,1056876
2022-10-04,58844.36396346883,60441.56669884209,58424.04602539378,59937.1875,1512742
2022-10-05,60021.24736311056,60525.63042828751,59769.059708601926,60105.3125,986135
2022-10-06,60525.62839767491,60525.62839767491,58760.29548494155,58928.421875,887521
2022-10-07,58508.10801140517,58508.10801140517,54893.38091929103,56070.26953125,2496279
2022-10-10,55902.14250482214,56910.900836672816,53884.6219630411,54725.25390625,1555377
2022-10-11,54893.38029206609,55481.82459132187,52119.2890625,52119.2890625,1371967
2022-10-12,52959.92662297757,54893.38209479406,52287.41716827981,53800.55859375,1792049
2022-10-13,53884.623916334735,55902.14453125,52707.7352751009,55902.14453125,1885820
2022-10-14,57583.412920846764,57583.412920846764,56574.65066446621,57247.15625,1888773
2022-10-17,56574.65152596814,57163.095861310794,55061.51005739557,55734.01953125,1466093
2022-10-18,57163.09387243088,57163.09387243088,56574.649557562014,56910.90234375,1045185
2022-10-19,57079.02734375,57163.09247728516,56574.6481767781,57079.02734375,740959
2022-10-20,57079.02808090758,58844.36100522747,56406.52251625986,58171.8515625,1791813
2022-10-21,58171.852106403414,59432.805869027354,57163.09375,57163.09375,1516049
2022-10-24,58424.043634544156,58424.043634544156,55313.69955184729,57163.09375,791388
2022-10-25,55481.82637418364,59348.74119316495,55481.82637418364,58760.296875,1813425
2022-10-26,59348.742474244515,59348.742474244515,57583.41335972376,58844.36328125,698443
2022-10-27,59264.67527108496,61282.19972891503,58255.916920249685,60273.4375,1532701
2022-10-28,60945.94573528715,62627.21360502747,60189.375,60189.375,1843541
2022-10-31,61786.578125,61786.578125,60945.94229849404,61786.578125,778751
2022-11-01,62206.8992580629,63047.53125,61618.45492466696,63047.53125,975624
2022-11-02,62206.89728921222,62627.21133283786,60525.629480470285,61870.640625,1482273
2022-11-03,60525.629749679916,61702.51450637804,60525.629749679916,61366.26171875,858114
2022-11-04,60105.31237418941,60945.94435092499,57919.665356597034,60357.50390625,1816378
2022-11-07,60357.50390625,61366.26227833271,59769.05958349517,60357.50390625,1454992
2022-11-08,60525.62864030273,63047.528379368785,60189.37198075816,61030.0078125,1960341
2022-11-09,61786.58050803585,62375.02483366968,61030.00978623232,62206.8984375,1434678
2022-11-10,62122.83384482738,62122.83384482738,60189.37445481109,61198.13671875,1131988
2022-11-11,61366.26190990854,63467.84765625,61366.26190990854,63467.84765625,1552070
2022-11-14,63467.84653272303,64308.4784895306,62290.95791511268,63131.59375,1814606
2022-11-15,62543.15205483774,64224.41991679186,60609.69265626252,63047.53125,1868105
2022-11-16,59096.54872308441,65569.43224186158,59096.54872308441,63131.59375,2775113
2022-11-17,63972.227675678136,64392.5456060579,63467.84848607033,64308.48046875,1943571
2022-11-18,63804.1012791422,64644.73326182187,61870.64190185916,64308.48046875,1848028
2022-11-21,64308.48117694562,64308.48117694562,63047.53125,63047.53125,1307248
2022-11-22,62627.21007342626,63888.15993510549,60945.94229849404,61786.578125,2286416
2022-11-23,61366.260211747016,61786.578125,60861.88104269127,61786.578125,937950
2022-11-24,61786.57964232495,62206.8975658999,60945.94379517506,61366.26171875,1277842
2022-11-25,61450.328125,61870.64217918389,61198.13659002576,61450.328125,1978293
2022-11-28,62627.21126883196,64728.796997131474,62038.76695466171,64476.60546875,1584783
2022-11-29,63888.164841424754,67082.578125,63888.164841424754,67082.578125,2016439
2022-11-30,67502.89159458374,68091.3359375,64728.80015918989,68091.3359375,1561990
2022-12-01,68007.2698812629,68427.58391535823,66578.18975548369,67250.6953125,1392280
2022-12-02,67166.63453575724,71453.8671875,66662.25148631947,71453.8671875,1465975
2022-12-05,70697.29261334334,73135.13109202684,69352.28148972186,71453.8671875,1965184
2022-12-06,71453.86667809103,71621.9891892654,67250.6953125,67250.6953125,1544748
2022-12-07,67250.69994531058,68931.97170983131,65569.43593694978,65989.75,1719299
2022-12-08,66410.06080077164,68091.33248270283,64728.796875,64728.796875,2491555
2022-12-09,65905.6853777331,66578.1909467827,64812.85801090783,64980.98828125,1988922
2022-12-12,66241.93942764816,67671.01185013763,65065.05078125,65065.05078125,2486831
2022-12-13,65653.49343094561,66662.2517780767,65485.36316167736,65737.5546875,2636582
2022-12-14,66998.50431857709,66998.50431857709,65989.74597508782,66241.9375,1279613
2022-12-15,66241.93849756311,67839.14117118057,66073.80822636989,66830.3828125,1476722
2022-12-16,66830.38529123072,69688.53795824733,66326.00221510314,66998.5078125,3729716
2022-12-19,67250.70092564767,68091.33682016228,66410.06503113307,66578.1953125,894607
2022-12-20,66998.50682811643,68931.9700874246,66410.0625,66410.0625,1682216
2022-12-21,68427.58316922089,68427.58316922089,66157.875,66157.875,1136122
2022-12-22,66830.38026478373,68175.39135841647,66662.25,66662.25,1267803
2022-12-23,67418.82995241026,68259.45807512148,66494.1328125,66494.1328125,1274535
2022-12-26,66578.19152964129,67923.20267951541,66326.0,66326.0,1421451
2022-12-27,67418.82995241026,67671.01373552768,66326.00253426182,66494.1328125,1249498
2022-12-28,67586.94809100815,68931.96696120017,66830.38127840466,67250.6953125,1385903
2022-12-29,69184.1517590786,69352.28202891817,67671.01035516043,67839.140625,1461369
2022-12-30,69688.53377380366,69856.66404113744,67250.6953125,67250.6953125,1784372
2023-01-02,67250.6953125,67250.6953125,67250.6953125,67250.6953125,0
2023-01-03,67418.82703539327,69436.34375,67418.82703539327,69436.34375,1287053
2023-01-04,69688.53782297147,69688.53782297147,68763.84068930578,69604.4765625,989559
2023-01-05,69604.47598917194,70613.234375,69352.28445367498,70613.234375,1273826
2023-01-06,70613.234375,71285.73996555204,70529.17311522094,70613.234375,1329215
2023-01-09,72126.37321993671,73051.0703125,71285.7373841084,73051.0703125,1968845
2023-01-10,72462.63096906511,75572.97524301338,72462.63096906511,73387.328125,2494862
2023-01-11,73387.32389271424,73387.32389271424,71537.9296875,71537.9296875,1160923
2023-01-12,71621.99499325689,71621.99499325689,70445.10629502778,71285.7421875,2219099
2023-01-13,71621.99193482305,72714.81932398655,71621.99193482305,72126.375,970782
2023-01-16,72294.50068791329,74396.08654343078,72294.50068791329,73387.328125,868271
2023-01-17,74396.08166863139,75152.65625,73387.32331629946,75152.65625,761272
2023-01-18,75657.03125,76497.6670850443,75152.65595390102,75657.03125,984954
2023-01-19,75236.71600266092,80700.83720848529,73555.45211572386,78178.9375,2027540
2023-01-20,78178.9375,78178.9375,78178.9375,78178.9375,0
2023-01-23,78178.9375,78178.9375,78178.9375,78178.9375,0
2023-01-24,78178.9375,78178.9375,78178.9375,78178.9375,0
2023-01-25,78178.9375,78178.9375,78178.9375,78178.9375,0
2023-01-26,78178.9375,78178.9375,78178.9375,78178.9375,0
2023-01-27,78178.9375,79523.94860954965,76917.97988959799,78178.9375,1832912
2023-01-30,77422.36290297513,77758.61568022885,75488.90749472642,75572.96875,1234145
2023-01-31,75572.97050600618,77254.2421875,73807.63756728554,77254.2421875,1709733
2023-02-01,77338.30738299547,77758.62144669263,74900.46875,74900.46875,1342088
2023-02-02,74480.15015386356,77338.30267662524,74480.15015386356,76161.4140625,1162812
2023-02-03,75909.22155743574,78178.9375,74900.4632252735,78178.9375,1055105
2023-02-06,77842.68327628884,80953.03529252275,76917.98612447875,80700.84375,1359567
2023-02-07,80112.39602599894,80280.5185431542,77338.3046875,77338.3046875,1411767
2023-02-08,77422.3624256814,80868.95918840391,77422.3624256814,79187.6953125,1044948
2023-02-09,78851.44305477482,79860.20138693706,78178.9375,78178.9375,896851
2023-02-10,79439.890625,79439.890625,78010.81044514483,79439.890625,764933
2023-02-13,79692.07748728171,80196.46057174096,77338.30785751187,78599.2578125,1030658
2023-02-14,78599.25302500885,78599.25302500885,76665.79757928208,77758.6171875,1350001
2023-02-15,77758.61571114621,79187.69583216224,76665.79612367696,78178.9375,1062073
2023-02-16,78178.9377331651,79019.5658010611,77506.42442022517,77674.5546875,917164
2023-02-17,78178.9375,78431.12126592103,77338.30167845178,78178.9375,1085220
2023-02-20,78178.93973846956,79439.88962881654,78178.93973846956,78851.4453125,1293195
2023-02-21,79187.6953125,79776.1396081062,79019.56504682994,79187.6953125,797765
2023-02-22,79187.69583216224,79271.75708746925,77758.61571114621,78178.9375,1211115
2023-02-23,78178.9412220726,79019.56932748345,76665.7997737094,78431.125,1211351
2023-02-24,78178.94374622396,79019.57187877604,75657.0360800877,78599.2578125,745683
2023-02-27,78178.94277812443,78599.25683919567,77086.11536071534,78010.8125,591681
2023-02-28,78263.00500824716,78767.38033654641,77842.68318581113,78599.2578125,668209
2023-03-01,77590.49320053219,78515.19027738742,77506.4241890658,78178.9375,861775
2023-03-02,78178.93998404409,78851.44556018698,77170.17386367012,78347.0625,1162930
2023-03-03,77170.17623234303,78010.81210640408,76413.609375,76413.609375,943146
2023-03-06,76497.671875,77506.43028652159,76497.671875,76497.671875,840753
2023-03-07,76917.98164627359,77758.6174870205,76581.72886120674,77254.2421875,1145924
2023-03-08,76497.67128377478,77506.4296875,76245.47974380349,77506.4296875,1029713
2023-03-09,77338.30167845178,78515.19027738742,77086.11015637137,78178.9375,1296856
2023-03-10,77506.42844742551,77758.61998336182,76917.98411562738,77422.3671875,835911
2023-03-13,77338.30618836448,77338.30618836448,76329.54779737741,76917.984375,896615
2023-03-14,76497.671875,76665.80215500026,76077.35780923934,76497.671875,1020029
2023-03-15,77002.05214886481,77338.30494043473,76581.73034228264,76833.921875,954011
2023-03-16,76497.671875,77338.30776268132,75236.72192155803,76497.671875,951886
2023-03-17,76497.67023311739,76581.7314932333,74816.40625,74816.40625,2683468
2023-03-20,74816.40405352873,75236.71809792847,71537.9296875,71537.9296875,1221154
2023-03-21,71790.12318454469,75572.97295631828,71790.12318454469,72714.8203125,1248789
2023-03-22,72798.88171409932,75572.97310336286,72798.88171409932,74816.40625,1246899
2023-03-23,74648.2738842042,76245.4765625,73387.32399312018,76245.4765625,1003259
2023-03-24,76497.67023311739,76497.67023311739,74732.33723372426,74816.40625,744030
2023-03-27,74816.40785579736,76497.671875,73975.77196811604,76497.671875,862248
2023-03-28,76329.5438045641,78094.86895740702,75741.09950156334,77170.171875,998889
2023-03-29,77758.61469591898,77758.61469591898,76077.35083093273,77590.4921875,499326
2023-03-30,77590.49720525737,78347.06405438835,77338.30567016045,77926.75,483855
2023-03-31,78010.81052357456,78347.06331514448,76077.35503300761,76833.921875,1122658
2023-04-03,77086.11536071534,78094.87376098227,76665.8012996441,78010.8125,870042
2023-04-04,78010.81026844041,78094.87152701804,77002.0518970298,77338.3046875,318751
2023-04-05,77590.49746351081,77590.49746351081,76581.73131976555,77422.3671875,396816
2023-04-06,76917.98064339242,77422.36369249618,76665.796875,76665.796875,444410
2023-04-07,76497.6670850443,76581.72834170089,75236.71721055759,75657.03125,882443
2023-04-10,75657.03436347879,75657.03436347879,74816.40625,74816.40625,755013
2023-04-11,74816.40395376628,75657.03204144485,74143.890625,74143.890625,887639
2023-04-12,74227.9609375,74480.15247068013,73975.76940431987,74227.9609375,612230
2023-04-13,74227.95963869552,74396.0821537674,73807.63783869665,74143.890625,579871
2023-04-14,74227.96217708939,74900.46777269394,74143.89316051894,74312.0234375,489878
2023-04-17,74312.0234375,74396.08469791061,73807.64036271666,74312.0234375,577390
2023-04-18,74227.95714529601,74480.14866559203,73555.45159527952,73975.765625,820913
2023-04-19,74059.83313409507,74564.21621728246,73975.77187228383,74396.0859375,492358
2023-04-20,74648.27498869374,74648.27498869374,73975.76940431987,74227.9609375,304461
2023-04-21,73975.76716346169,74059.82841992212,73471.38411238008,73555.453125,421026
2023-04-24,73975.77219968327,74396.08626675965,73135.13630937051,73891.7109375,597349
2023-04-25,74143.89192233348,74396.08345551361,73555.45535312613,74227.9609375,644589
2023-04-26,73975.76762753297,75236.71750698778,73891.70637054519,75152.65625,838746
2023-04-27,74564.21164498595,76077.35304560189,74312.0201188567,75657.03125,685452
2023-04-28,75657.02977509213,76077.3515625,74648.27144640006,76077.3515625,832250
2023-05-01,76077.3515625,76077.3515625,76077.3515625,76077.3515625,0
2023-05-02,76077.3515625,76077.3515625,76077.3515625,76077.3515625,0
2023-05-03,76077.3515625,76077.3515625,76077.3515625,76077.3515625,0
2023-05-04,75657.03588930848,75657.03588930848,74396.0859375,74396.0859375,585776
2023-05-05,74396.07892482537,75572.96750388751,74143.8874070036,75488.90625,266551
2023-05-08,75657.03003535535,78347.06001061402,75488.90752474133,78178.9375,1771736
2023-05-09,78178.936479285,78935.503279489,77590.4921875,77590.4921875,665375
2023-05-10,77254.24342892237,78178.94054175535,77002.0518970298,77338.3046875,492949
2023-05-11,77338.30776268132,77422.36902460146,76497.671875,76497.671875,597113
2023-05-12,76497.67102151967,78010.8125,76329.54849955512,78010.8125,839100
2023-05-15,77338.3008945241,78178.93670755134,76665.79534656602,77086.109375,532040
2023-05-16,77338.30438186777,78263.00149104645,76749.86006183046,77842.6796875,786664
2023-05-17,77758.6209608933,78178.94277812443,77590.49843892876,78010.8125,676358
2023-05-18,78094.87018817617,80700.83896484366,77506.42587590155,79860.203125,1982308
2023-05-19,79439.88683292542,79776.1396081062,77842.67645561755,79187.6953125,519521
2023-05-22,78178.93874335609,78935.50556547035,77506.42542172625,78263.0,734936
2023-05-23,78178.94277812443,78683.31810017794,77422.36816080431,78010.8125,671752
2023-05-24,78010.8125,78010.8125,78010.8125,78010.8125,0
2023-05-25,77842.67943981302,79019.5680761429,76833.92107559866,78347.0625,716394
2023-05-26,78347.06305891061,78599.25459080319,77338.3046875,77338.3046875,335049
2023-05-29,77338.30290843842,79860.20265703193,77338.30290843842,78263.0,697380
2023-05-30,78263.00197760866,79692.07440130413,77674.55765391297,79439.890625,666674
2023-05-31,78935.509052143,79103.63932901683,78263.0034569673,79019.5703125,448898
2023-06-01,79523.95213807745,79523.95213807745,78347.06348692253,78935.5078125,763280
2023-06-02,78935.50479825294,79860.20188082689,78431.1217509728,79776.140625,871341
2023-06-05,80028.33210744306,82970.54586530408,80028.33210744306,82382.1015625,1532701
2023-06-06,82382.10631271398,83222.7421875,81121.15637861488,83222.7421875,896969
2023-06-07,83222.74046476932,83222.74046476932,81541.46875,81541.46875,885277
2023-06-08,81541.46746751074,85492.4474033017,81541.46746751074,84063.375,1581831
2023-06-09,84063.37346367979,85744.63736512006,83222.73763487994,84483.6875,968656
2023-06-12,83979.30293190021,85324.32178487402,82466.16156990423,84904.0,513853
2023-06-13,84063.37514520163,86585.27492588735,83811.18361590113,86164.953125,990740
2023-06-14,86080.89316338165,87425.9120878493,85324.32632024836,86249.0234375,992630
2023-06-15,86164.95012119043,87173.71620322565,85408.38331582333,87005.5859375,1077308
2023-06-16,87594.0334869362,89443.42769781646,86753.39763940164,88266.5390625,1572855
2023-06-19,87089.647948037,87509.96973791896,85492.4453125,85492.4453125,1346221
2023-06-20,84988.07078735858,84988.07078735858,83895.2434312316,83979.3046875,2104069
2023-06-21,83811.18347113511,84483.68904400175,83811.18347113511,84063.375,1402909
2023-06-22,84063.375,84063.375,84063.375,84063.375,0
2023-06-23,84399.6264811609,84399.6264811609,83643.05190626696,83979.3046875,832841
2023-06-26,83306.80041340535,84819.94183043507,83306.80041340535,84063.375,953303
2023-06-27,84063.375,84904.0030880035,83811.18347113511,84063.375,810047
2023-06-28,84063.37323023588,85912.76739476412,83895.24296247904,84988.0703125,969837
2023-06-29,85576.51686698958,86585.27523159356,84988.07254859734,85660.578125,756548
2023-06-30,84988.07210173152,85576.51641702972,84063.375,84063.375,657344
2023-07-03,84063.375,84735.88057286663,83895.24472870355,84063.375,578808
2023-07-04,84651.8193152982,85660.57767459816,83979.30598627198,84063.375,806268
2023-07-05,84904.00476424047,86164.9546772999,84315.56043732476,85744.640625,1126555
2023-07-06,85828.70120080053,85912.77021551887,84483.69003922297,84651.8203125,1205801
2023-07-07,84483.6893828339,88266.5390625,84399.62812492833,88266.5390625,1257528
2023-07-10,88182.48019858795,88182.48019858795,85996.83314058946,86333.0859375,1080733
2023-07-11,85576.51509379802,88266.53734366994,85576.51509379802,86585.2734375,1048255
2023-07-12,86333.0866464468,87846.22812304975,86333.0866464468,87425.9140625,877246
2023-07-13,88266.53781922153,88266.53781922153,87173.71821336316,88182.4765625,1096322
2023-07-14,88182.47780459443,88266.5390625,87425.91097112505,88266.5390625,942083
2023-07-17,88266.53657357045,88266.53657357045,87594.03101696988,88098.4140625,934879
2023-07-18,88182.47680402966,88266.53806098143,87678.09375,87678.09375,696790
2023-07-19,87930.28944883998,90031.87526545997,87930.28944883998,89527.4921875,1093842
2023-07-20,88686.8608643471,89443.42769781646,87089.65042718354,88266.5390625,911259
2023-07-21,88266.5390625,88266.5390625,87425.91097112505,88266.5390625,783475
2023-07-24,88350.61087767316,88602.79465938522,87846.2278019293,87930.2890625,954838
2023-07-25,89748.07810796074,91832.93390471647,89648.79926049618,91038.703125,2374800
2023-07-26,91237.25488490364,92726.4375,91237.25488490364,92726.4375,1146400
2023-07-27,93024.27277170982,93024.27277170982,91832.92669565804,92031.484375,957200
2023-07-28,92031.4915826613,92329.328125,91137.98195564517,92329.328125,1116900
2023-07-31,92329.32570278384,92527.88339246725,90939.421875,90939.421875,1468300
2023-08-01,90939.4200589364,92130.76617324562,90542.3046875,90542.3046875,1281600
2023-08-02,90542.30409836065,90840.140625,90343.74641393442,90840.140625,1055800
2023-08-03,90840.14240997517,90840.14240997517,89847.3539683361,89946.6328125,837900
2023-08-04,90045.90741190343,90443.02276983907,89450.234375,89450.234375,1231600
2023-08-07,89450.23561398678,90145.1875,89350.95677312775,90145.1875,1111700
2023-08-08,90145.19290931642,90542.30829658214,89450.24098160143,90045.9140625,823400
2023-08-09,90045.9098357816,90244.46752009423,89450.23678284368,89549.515625,591600
2023-08-10,89847.35023834746,89847.35023834746,87861.7734375,87861.7734375,1336100
2023-08-11,87861.78002281526,89748.078125,87861.78002281526,89748.078125,920800
2023-08-14,89648.79685744383,89648.79685744383,88358.171875,88358.171875,1471800
2023-08-15,89350.95788807649,89350.95788807649,87861.77525660854,88258.890625,1148500
2023-08-16,88159.61119674888,88755.28424537556,88060.3323553111,88556.7265625,727300
2023-08-17,88556.73136884788,89152.40444980425,87961.0582878915,88755.2890625,2145100
2023-08-18,89152.39902234636,89648.79322625698,88358.16829608938,88854.5625,2430400
2023-08-21,89053.11959736915,89549.51379802338,88556.72539671492,89152.3984375,1710900
2023-08-22,88854.56730769231,89053.125,87166.82692307692,87762.5,1825000
2023-08-23,88258.89051636732,88258.89051636732,85479.08294104866,85677.640625,1754800
2023-08-24,85677.64184626436,87563.93987068965,85379.80531609195,86372.59375,902800
2023-08-25,85578.359375,86372.59008845707,85379.80169663572,85578.359375,1404600
2023-08-28,85776.92068965516,86868.98796695402,85578.36300287356,86372.59375,1378300
2023-08-29,86372.59615384616,87861.77884615384,86273.31730769231,87762.5,1391900
2023-08-30,87861.78003998316,88854.56851501123,87861.78003998316,88457.453125,1350000
2023-08-31,88457.453125,88953.84736251403,87663.22234497755,88457.453125,1531200
2023-09-01,88457.453125,88457.453125,88457.453125,88457.453125,0
2023-09-04,88457.453125,88457.453125,88457.453125,88457.453125,0
2023-09-05,88457.44598016093,90045.90741190343,88457.44598016093,89450.234375,1942200
2023-09-06,89549.515625,89549.515625,89053.1214142184,89549.515625,2017600
2023-09-07,89350.9567039106,90145.1874301676,88854.5625,88854.5625,1765300
2023-09-08,88854.5625,88854.5625,88457.4471368715,88854.5625,1341900
2023-09-11,88953.8406779661,89350.9560381356,87365.37923728814,87861.7734375,1649500
2023-09-12,88358.17010219689,89350.95853031146,88258.89125938543,89251.6796875,1572100
2023-09-13,89350.96275252524,89350.96275252524,88258.89542999439,88457.453125,1582000
2023-09-14,88358.1742774972,88854.56851501123,87464.66464997194,88457.453125,1512600
2023-09-15,88258.88887632238,89152.3984375,87961.05235592985,89152.3984375,2142400
2023-09-18,88854.56125070383,89053.11892947636,87663.2151780687,88159.609375,718100
2023-09-19,88159.61599035187,88556.7313776958,85379.80827894439,87464.6640625,1117200
2023-09-20,87464.66165660512,87762.49818892045,85776.92130681819,87365.3828125,786000
2023-09-21,87365.38218390805,87365.38218390805,86174.03606321839,86372.59375,1066900
2023-09-22,85776.92133258677,88854.56550076987,85379.80595604703,88656.0078125,2408600
2023-09-25,88358.17128009518,88854.56550076987,87663.21937115061,88656.0078125,2210400
2023-09-26,88556.7283045977,88755.2859913793,86273.31490660919,86372.59375,1663200
2023-09-27,86968.27042995444,88358.17429527335,86372.59734481777,87166.828125,1204900
2023-09-28,86571.1520596591,87663.21934481534,85975.47899502842,87365.3828125,1065100
2023-09-29,87663.21508928572,87663.21508928572,86471.86901785714,86868.984375,449300
2023-10-02,86471.87621026012,86571.15505780347,85876.203125,85876.203125,765700
2023-10-03,85876.19830895132,86074.75599290266,85181.24641512167,85677.640625,882600
2023-10-04,85677.640625,85677.640625,84684.85220524334,85677.640625,923800
2023-10-05,85379.80769230769,85379.80769230769,83890.625,83890.625,890000
2023-10-06,83890.62321611533,84784.1328125,82897.83477568794,84784.1328125,800900
2023-10-09,84784.1291555851,84784.1291555851,83394.22539893616,83989.8984375,1096100
2023-10-10,83989.90325566202,85578.36478295586,83989.90325566202,85479.0859375,734100
2023-10-11,85578.36658236994,85876.203125,85081.97234465317,85876.203125,719400
2023-10-12,86273.31427143895,86273.31427143895,84883.41047420059,85379.8046875,714100
2023-10-13,85379.80351472287,85975.4765625,84883.40930824191,85975.4765625,663100
2023-10-16,84982.69171022068,85975.48016477932,84982.69171022068,85479.0859375,332300
2023-10-17,85479.08111721478,85876.19647664436,84883.40807807044,85280.5234375,363400
2023-10-18,84883.40807807044,85379.80227735739,84387.01387878347,85280.5234375,1147400
2023-10-19,84883.41346153847,85379.80769230769,83493.50961538462,83890.625,1363600
2023-10-20,82897.83594671286,84684.85516472583,82103.60518315154,84188.4609375,938400
2023-10-23,83890.625,83890.625,81905.04807692308,83890.625,966600
2023-10-24,83890.62204760175,85876.19890079943,83294.94899164245,85379.8046875,994000
2023-10-25,84486.29807692308,85181.25,83989.90384615384,85181.25,660100
2023-10-26,84387.01923076923,85379.80769230769,82897.83653846155,83890.625,1420300
2023-10-27,83989.90025735294,84387.015625,83195.66952205882,84387.015625,773400
2023-10-30,82897.83128092259,85379.80227735739,82897.83128092259,85280.5234375,592900
2023-10-31,85280.52944088422,86273.3179093462,84287.74097242224,86174.0390625,1345300
2023-11-01,86174.03964977221,87166.828125,85479.08771711276,87166.828125,1479100
2023-11-02,87365.38342696629,88358.171875,85975.47959971911,88358.171875,1057500
2023-11-03,88358.16946709786,88755.2848354893,87464.6598882171,88258.890625,1086600
2023-11-06,88258.88945530726,89152.39902234636,87861.77409217876,88854.5625,774800
2023-11-07,88358.17065402039,88656.00718431483,87663.21875,87663.21875,413900
2023-11-08,87365.37988826816,89053.12018156424,87266.10104748602,88854.5625,1270300
2023-11-09,88854.56302438851,88854.56302438851,87266.1015625,87266.1015625,1166800
2023-11-10,86471.87195675872,86868.98732739827,85379.8046875,85379.8046875,1352000
2023-11-13,85379.80829678362,85479.08714364035,84784.13521564327,84883.4140625,937700
2023-11-14,85379.8046875,85876.19890079943,84784.1316315407,85379.8046875,987500
2023-11-15,85876.20073759978,87067.546875,85876.20073759978,87067.546875,4067800
2023-11-16,86372.59437144887,87365.3828125,86074.75783913353,87365.3828125,1284800
2023-11-17,87166.82199182242,87266.1008323598,84883.40865946261,84982.6875,1588000
2023-11-20,84982.69171022068,86372.59554660278,84387.01863748548,85479.0859375,1098400
2023-11-21,85479.08235601906,86074.7554037962,85181.24583213049,85975.4765625,1151400
2023-11-22,85677.64243620243,86074.7578125,84883.41168360726,86074.7578125,1012700
2023-11-23,86074.7602247807,86174.03907163742,84883.4140625,84883.4140625,647200
2023-11-24,84883.41047420059,85379.8046875,84387.01626090116,85379.8046875,734500
2023-11-27,85379.80769230769,85379.80769230769,84486.29807692308,85181.25,443000
2023-11-28,84883.41346153847,85280.52884615384,84188.46153846155,85181.25,779400
2023-11-29,84784.13340922444,85280.52763293184,84486.296875,84486.296875,733100
2023-11-30,84486.29505792503,84784.1315857438,84089.1796875,84089.1796875,927600
2023-12-01,84287.73678308823,84387.015625,83493.50604779412,84387.015625,714700
2023-12-04,84784.1316315407,85578.36237281977,84188.4585755814,85379.8046875,888100
2023-12-05,85379.80587675644,85479.08472079918,84188.45974824356,84784.1328125,992800
2023-12-06,84684.85039835564,85379.80227735739,84387.01387878347,85280.5234375,638000
2023-12-07,85081.97236282278,85379.80890551643,84387.0204298709,84585.578125,992300
2023-12-08,84585.57330882353,84883.40983455883,84387.015625,84387.015625,1183000
2023-12-11,84387.01983744062,84684.85637804335,83493.51021563243,83592.7890625,1400000
2023-12-12,84089.18329683789,84089.18329683789,83394.23136876484,83592.7890625,1006400
2023-12-13,83592.78483422939,83890.62135976703,83096.390625,83096.390625,1152900
2023-12-14,83394.22837677725,83890.62259330568,83394.22837677725,83791.34375,840600
2023-12-15,83394.23015510949,83791.3455368005,81607.2109375,81607.2109375,2530300
2023-12-18,82202.88278374233,82302.16162768405,80912.2578125,80912.2578125,1804000
2023-12-19,80912.25840902093,80912.25840902093,79522.3545835899,80614.421875,1961300
2023-12-20,80614.41946670777,80713.69830841554,79919.46757475339,80515.140625,1872300
2023-12-21,80415.864782911,80415.864782911,79720.912865034,80316.5859375,2030300
2023-12-22,80316.5859375,80515.14362832201,79820.191710445,80316.5859375,1579800
2023-12-25,80316.58416106357,81210.09375,80118.02647463325,81210.09375,1301600
2023-12-26,81408.6520606884,82202.8828125,81408.6520606884,82202.8828125,971200
2023-12-27,82302.15924463423,82599.99576783554,81905.04388036577,82103.6015625,899600
2023-12-28,82103.60396852354,82500.71934442935,81805.7674365942,82202.8828125,703200
2023-12-29,82897.83716337173,83294.9525509807,79720.9140625,79720.9140625,1621700
2024-01-01,79720.9140625,79720.9140625,79720.9140625,79720.9140625,0
2024-01-02,82302.1628648952,82997.11478293414,81607.21094685628,82897.8359375,1785800
2024-01-03,82897.83653846155,83890.625,82202.88461538462,83890.625,1373000
2024-01-04,83890.6196794965,85578.35995707219,83394.22548020956,85280.5234375,2657900
2024-01-05,85280.5228574536,85578.359375,85081.96517908933,85578.359375,1180300
2024-01-08,85677.64482826901,86174.0390625,85677.64482826901,86174.0390625,1607800
2024-01-09,86174.03964977221,87266.10697252279,86174.03964977221,87166.828125,1926400
2024-01-10,87166.8222067039,88854.5625,86571.14916201116,88854.5625,1795400
2024-01-11,88854.56550076987,89350.95972144457,87961.05590355543,88656.0078125,1489100
2024-01-12,87464.66286464206,88854.5667013106,86769.71094630778,88060.3359375,1909500
2024-01-15,88358.1724826389,89450.23978298611,88258.89363715278,89350.9609375,1914200
2024-01-16,88358.1724826389,89450.23978298611,88258.89363715278,89350.9609375,1367200
2024-01-17,88358.17072332233,90343.74759350935,88358.17072332233,90244.46875,1578200
2024-01-18,90244.46575706641,90542.3022777168,89350.95619511526,90443.0234375,1422900
2024-01-19,90343.74940942225,92329.32631951944,89748.07633639309,91932.2109375,1472600
2024-01-22,92825.72176460597,92825.72176460597,91336.5390625,91336.5390625,1046300
2024-01-23,91435.81367827869,91733.65020491803,89748.07336065573,90840.140625,1256900
2024-01-24,90939.41763858397,91336.53299945116,90244.46575706641,90443.0234375,744700
2024-01-25,90443.0234375,90443.0234375,90443.0234375,90443.0234375,0
2024-01-26,90939.42367527174,91336.5390625,90740.86598165761,91336.5390625,953100
2024-01-29,91137.9777446546,91336.53543037281,90244.4681589227,90542.3046875,730500
2024-01-30,90542.30769230769,90542.30769230769,89450.24038461539,90343.75,888600
2024-01-31,89946.62907838983,89946.62907838983,87861.7734375,87861.7734375,945600
2024-02-01,87365.37931514476,89549.51379802338,87365.37931514476,89152.3984375,598100
2024-02-02,89152.3984375,89152.3984375,89152.3984375,89152.3984375,0
2024-02-05,89549.51862847223,89946.63401041667,88755.28786458334,89350.9609375,1949000
2024-02-06,89648.79322625698,89946.62974860334,88457.4471368715,88854.5625,1352300
2024-02-07,89350.9609375,90145.19170138889,88656.00901909723,89350.9609375,1371400
2024-02-08,89350.9609375,89350.9609375,89350.9609375,89350.9609375,0
2024-02-09,89350.9609375,89350.9609375,89350.9609375,89350.9609375,0
2024-02-15,89350.95853031146,90045.91042999167,88457.44894500835,89251.6796875,1046700
2024-02-16,89251.68028041295,89549.5168108259,88854.56490652902,88953.84375,734100
2024-02-19,89251.67909853104,89847.35215146896,88656.00604559312,89549.515625,1045300
2024-02-20,89450.23979155258,90740.86478299562,88755.28787308325,90641.5859375,1404300
2024-02-21,91038.6989017955,91038.6989017955,89847.35278748629,90542.3046875,1367400
2024-02-22,89946.62974860334,90343.74511173184,88854.5625,88854.5625,1223900
2024-02-23,88854.56367758717,90740.86167744656,88258.890625,88258.890625,1800900
2024-02-26,88258.88945530726,89350.9567039106,88258.88945530726,88854.5625,722000
2024-02-27,88953.84083424808,90542.3022777168,88457.4466331641,90443.0234375,1604900
2024-02-28,90343.74775410678,96697.59375,89748.07469199179,96697.59375,4219900
2024-02-29,97789.65859455294,99775.23541880782,96598.3125,96598.3125,1897000
2024-03-01,97491.8220709147,97491.8220709147,94215.62031089414,96598.3125,2379600
2024-03-04,97293.26432291666,97293.26432291666,94910.57213541666,95307.6875,1640400
2024-03-05,95903.36416884816,95903.36416884816,94513.46034031414,94811.296875,1364800
2024-03-06,94811.29927758891,96101.92429393306,94414.18388794456,94910.578125,2070600
2024-03-07,95208.41165677192,96697.59432085072,94811.29627968423,95109.1328125,2362300
2024-03-08,95208.41043145373,95804.08348941903,94414.1796875,94414.1796875,2229600
2024-03-11,94414.17904821997,95307.68862911795,93421.390625,93421.390625,1840000
2024-03-12,93421.39003740731,94215.62077098782,93322.11119570975,93719.2265625,1107000
2024-03-13,94215.62024739583,95804.08170572916,93619.94720052084,95307.6875,3124500
2024-03-14,95307.68684210526,95406.96568256579,93917.78307565789,94314.8984375,2319300
2024-03-15,94314.89777260637,94314.89777260637,93222.83053523935,93322.109375,2302500
2024-03-18,93619.95314180107,93818.51083669355,91832.93388776881,92329.328125,1839300
2024-03-19,91832.9296875,92825.71811655405,91832.9296875,91832.9296875,868500
2024-03-20,91832.93090296406,93421.39241047479,91832.93090296406,92527.8828125,897700
2024-03-21,93322.11479122899,94811.29747406776,93322.11479122899,94513.4609375,1452700
2024-03-22,94513.45857105809,96101.92005964731,94513.45857105809,95704.8046875,1844100
2024-03-25,94314.8996701933,96201.19766359718,93421.39009437044,95009.8515625,1368800
2024-03-26,95307.68691588784,95903.35995911215,95109.12923481308,95605.5234375,735400
2024-03-27,95506.24818958768,95506.24818958768,94910.57512395615,95109.1328125,1046200
2024-03-28,95506.24577129049,95704.8034548067,94910.5727207419,95009.8515625,1232800
2024-03-29,95208.41346153847,95208.41346153847,94215.625,94215.625,801200
2024-04-01,94215.62440093225,95307.69170168067,94017.06670988708,94513.4609375,1221000
2024-04-02,94414.18087797619,94513.45972222222,93222.83474702381,93818.5078125,969000
2024-04-03,93719.22774520256,94116.34311700426,93123.5546875,93123.5546875,1321100
2024-04-04,94215.62024739583,95307.6875,93719.22604166667,95307.6875,2022700
2024-04-05,94116.34615384616,94910.57692307692,93520.67307692308,94215.625,779200
2024-04-08,94215.625,94612.74038461539,93520.67307692308,94215.625,864100
2024-04-09,94314.90505699893,94712.02044671262,93520.67427757158,93619.953125,686800
2024-04-10,93619.95012400794,93917.78665674603,93421.39243551588,93818.5078125,737400
2024-04-11,93322.109375,93917.78241356382,92825.7151761968,93322.109375,778000
2024-04-12,93818.51021571089,94811.29868360201,93123.55828818711,93917.7890625,844800
2024-04-15,93917.78907948369,95804.08716881793,91336.5390625,91336.5390625,1900300
2024-04-16,93123.55769230769,93123.55769230769,89847.35576923077,90343.75,1857700
2024-04-17,90542.30345303868,91435.8130265884,88854.56314744476,89847.3515625,1452600
2024-04-19,89350.95735497237,90244.4669285221,89053.1208304558,89847.3515625,1324800
2024-04-22,89847.3539683361,90740.86356581126,89549.51743584438,89946.6328125,999100
2024-04-23,89946.62857241953,90542.30160932297,88556.72481964483,89450.234375,1562900
2024-04-24,90343.74818915564,90443.02703331954,89450.23859168046,89946.6328125,1925200
2024-04-25,89946.63461538462,92230.04807692308,89847.35576923077,90343.75,1235700
2024-04-26,91038.6989017955,92627.16038754112,90542.3046875,90542.3046875,1698300
2024-04-29,90542.3046875,90542.3046875,90542.3046875,90542.3046875,0
2024-04-30,90542.3046875,90542.3046875,90542.3046875,90542.3046875,0
2024-05-02,91435.81550088411,91832.93087765234,90443.02705896355,91237.2578125,932400
2024-05-03,91733.6508445946,92726.43927364865,91137.97778716216,91832.9296875,1470700
2024-05-06,92230.04927755377,92627.16466733871,92031.4915826613,92329.328125,1147200
2024-05-07,92726.44109930033,93421.39301332078,92230.046875,92230.046875,1154200
2024-05-08,92031.4915826613,92527.88581989247,91435.81849798387,92329.328125,1246000
2024-05-09,92230.04505912162,92726.43927364865,91634.37200168919,91832.9296875,606600
2024-05-10,92031.49099014945,92031.49099014945,91038.7025220788,91336.5390625,823400
2024-05-13,91435.81730769231,91733.65384615384,89847.35576923077,90343.75,1232600
2024-05-14,90443.02703331954,90939.42125413907,89847.3539683361,89946.6328125,818400
2024-05-15,90343.75,90641.58653846155,90145.19230769231,90343.75,883100
2024-05-16,91336.53786447084,92031.48978300486,90840.14363694655,91932.2109375,1713900
2024-05-17,91932.20729507081,91932.20729507081,91038.69772092866,91137.9765625,1084700
2024-05-20,91634.37318926823,92329.32509861262,91137.97896830794,91237.2578125,1043800
2024-05-21,91237.25415923436,91336.53299945116,90045.90807663281,90443.0234375,1486400
2024-05-22,90840.14483703142,91038.70253066428,90045.9140625,90045.9140625,1347700
2024-05-23,90045.91346153847,90840.14423076923,89847.35576923077,90343.75,1317500
2024-05-24,90343.74636225056,90343.74636225056,89350.95794068737,89549.515625,2241500
2024-05-27,89748.07330931263,89946.63099362528,89053.1214142184,89549.515625,1058500
2024-05-28,89152.40444115215,90045.9140625,89152.40444115215,90045.9140625,1350100
2024-05-29,90145.18683880847,90343.74451907015,89152.3984375,89152.3984375,1186300
2024-05-30,88854.56427236173,89053.12195788657,87861.77584473758,87961.0546875,2356000
2024-05-31,88060.33103676893,88358.1675566227,86571.1484375,86571.1484375,3921500
2024-06-03,86571.1484375,86571.1484375,86571.1484375,86571.1484375,0
2024-06-04,88258.89362845266,88556.73016488162,87663.2205555947,88060.3359375,1814600
2024-06-05,88060.33053561374,88854.56125070383,87961.05169622749,88159.609375,1882800
2024-06-06,88258.89303019663,89053.1237886236,88159.61418539326,88358.171875,1699700
2024-06-07,88457.44647775425,89053.11951800848,87861.7734375,87861.7734375,1129500
2024-06-10,88258.89240944602,88556.72894176136,87266.10396839489,87365.3828125,2641600
2024-06-11,87663.21567696387,87762.49451691513,86471.86959754874,86571.1484375,2252400
2024-06-12,86769.71094630778,88556.73016488162,86372.59556440248,88060.3359375,2249800
2024-06-13,88258.89423076923,88457.45192307692,87762.5,87762.5,1600400
2024-06-14,87861.77276785714,88457.44580357142,86868.984375,86868.984375,2482100
2024-06-17,86968.26923076923,87166.82692307692,86471.875,86471.875,2293700
2024-06-18,86868.99038461539,87861.77884615384,86471.875,86471.875,1370900
2024-06-19,86670.42845157333,86868.98613416571,85876.19772120382,85975.4765625,2174300
2024-06-20,85975.47774345931,85975.47774345931,84982.68931686047,85379.8046875,2648800
2024-06-21,85479.08353015989,86074.75658611918,84883.41047420059,85379.8046875,1808400
2024-06-24,85379.80829678362,86769.71215277778,84883.4140625,84883.4140625,2149800
2024-06-25,85081.97175621345,86074.7602247807,84883.4140625,84883.4140625,1565900
2024-06-26,85280.53005795188,85677.6454482101,84585.578125,84585.578125,1706900
2024-06-27,84585.578125,85379.80890551643,84585.578125,84585.578125,1423000
2024-06-28,85379.80890551643,85379.80890551643,84387.0204298709,84585.578125,1112400
2024-07-01,85181.2494011324,85578.36478295586,84585.57632839722,85479.0859375,1179200
2024-07-02,86074.75488945578,88159.61054421769,85578.36068594105,87563.9375,2425200
2024-07-03,87365.37923728814,88060.33111758475,87166.8215572034,87861.7734375,2250700
2024-07-04,87961.05587713068,89053.12316228694,87365.3828125,87365.3828125,3060300
2024-07-05,87464.66165660512,88556.72894176136,87365.3828125,87365.3828125,1847400
2024-07-08,87365.37915711009,88060.33103676893,86571.1484375,86571.1484375,1143800
2024-07-09,86868.99098148411,87762.50060300794,86074.76020679626,87464.6640625,1549000
2024-07-10,87663.21815921276,88556.7277440745,87365.3816309255,87961.0546875,1722900
2024-07-11,87961.05829667991,88258.89483718785,87464.6640625,87464.6640625,1445100
2024-07-12,87563.93867722603,87961.05404537672,86968.265625,86968.265625,1373400
2024-07-15,86968.26321428572,87663.21508928572,86868.984375,86868.984375,1172000
2024-07-16,86968.26503839591,87961.05345207623,86968.26503839591,87266.1015625,1534100
2024-07-17,88159.61356534091,89350.95969460228,86868.98859197444,87365.3828125,3362500
2024-07-18,87663.21934481534,88159.61356534091,87266.10396839489,87365.3828125,1651700
2024-07-19,87365.37857142856,88159.60928571428,86868.984375,86868.984375,1323100
2024-07-22,86868.9891854333,87663.21994370011,86670.4314958666,87067.546875,1461100
2024-07-23,87166.82089285714,87663.21508928572,86868.984375,86868.984375,1410400
2024-07-24,86769.70553571428,87464.65741071428,86769.70553571428,86868.984375,1476700
2024-07-25,86968.26621563574,87067.54505834765,86571.15084478808,86670.4296875,881000
2024-07-26,86670.4296875,87067.54505834765,86571.15084478808,86670.4296875,903300
2024-07-29,86968.26621563574,87166.82390105956,86670.4296875,86670.4296875,452800
2024-07-30,86670.42669642856,87663.21508928572,86670.42669642856,86868.984375,977800
2024-07-31,86868.98625805775,88556.7265625,86868.98625805775,88556.7265625,1863400
2024-08-01,88656.01020707001,90740.865990215,88556.73136025357,90045.9140625,4800600
2024-08-02,89748.07631059752,89748.07631059752,88060.3359375,88060.3359375,1511400
2024-08-05,87861.77394994246,87861.77394994246,86273.3125,86273.3125,3059700
2024-08-06,86273.31431665235,87067.54505834765,86074.75663122852,86670.4296875,1653100
2024-08-07,86769.71034064994,87067.546875,86372.59496151653,87067.546875,713000
2024-08-08,87067.54505834765,87067.54505834765,86571.15084478808,86670.4296875,961200
2024-08-09,86769.71034064994,87663.21994370011,86769.71034064994,87067.546875,1136700
2024-08-12,87762.50121013667,87762.50121013667,86670.43388738611,87166.828125,1060300
2024-08-13,86968.26452513966,88854.5625,86968.26452513966,88854.5625,1592900
2024-08-14,88656.00778586647,88755.2866299716,87166.82512428978,87365.3828125,1492800
2024-08-15,87365.38099315068,88159.61172945205,86968.265625,86968.265625,921000
2024-08-16,87365.38521566402,88258.89483718785,87365.38521566402,87464.6640625,1370400
2024-08-19,88159.609375,88656.0035719313,87663.2151780687,88159.609375,1655200
2024-08-20,88258.88952367842,90145.1875,88258.88952367842,90145.1875,3384300
2024-08-21,90145.18877963362,92329.32330953664,89748.07341056035,92130.765625,2745300
2024-08-22,92230.04263900162,92527.8791599026,91435.81191659902,91733.6484375,1413500
2024-08-23,91832.92727780032,92130.7637987013,89847.35047179383,91733.6484375,1075500
2024-08-26,91435.81790930706,91932.21214334239,90939.42367527174,91336.5390625,1565800
2024-08-27,91336.53483606556,91435.81367827869,90244.46757172131,90840.140625,900600
2024-08-28,91038.69647880076,91237.25415923436,90443.0234375,90443.0234375,1031600
2024-08-29,90343.74641393442,91733.65020491803,90343.74641393442,90840.140625,1496300
2024-08-30,90840.14543007089,91634.37620978734,90840.14543007089,91038.703125,1669800
2024-09-04,90443.02884615384,90443.02884615384,89648.79807692308,90343.75,1012700
2024-09-05,89946.62857241953,90443.02276983907,89450.234375,89450.234375,1184100
2024-09-06,89549.515625,90145.18867793791,89152.40025637472,89549.515625,784800
2024-09-09,89450.23678284368,89549.515625,88556.7272034368,89549.515625,702800
2024-09-10,89450.23916783708,89549.51801264046,88358.171875,88358.171875,1192200
2024-09-11,87961.05769230769,88358.17307692308,87365.38461538462,87762.5,1027300
2024-09-12,87861.77409217876,89450.23554469274,87762.49525139664,88854.5625,1609600
2024-09-13,89152.40084468854,89549.51621593437,88457.44894500835,89251.6796875,1624800
2024-09-16,88953.84251968503,89350.95788807649,88159.61178290214,88258.890625,727700
2024-09-17,88358.16893991713,89847.3515625,87961.05357389503,89847.3515625,970800
2024-09-18,89946.63461538462,91237.25961538462,89053.125,90343.75,1721200
2024-09-19,90343.74641393442,91038.69830942623,90244.46757172131,90840.140625,1345500
2024-09-20,91137.97894246689,91336.5366307947,89946.6328125,89946.6328125,2180400
2024-09-23,90641.5841240374,90939.42065456546,90244.46875,90244.46875,696500
2024-09-24,90244.4681589227,90840.1412160773,90244.4681589227,90542.3046875,522400
2024-09-25,90840.14067551185,92329.32330953664,90542.3041487069,92130.765625,2602400
2024-09-26,92230.04505912162,93123.55464527027,91832.9296875,91832.9296875,1816800
2024-09-27,91832.9296875,92924.99695945946,91832.9296875,91832.9296875,1070900
2024-09-30,91832.93329653532,91832.93329653532,91336.5390625,91336.5390625,1276900
2024-10-01,91634.3756029212,92726.44291779891,91336.5390625,91336.5390625,1724400
2024-10-02,91634.36901631608,92031.484375,91137.97481796116,92031.484375,1378900
2024-10-03,91932.2109375,93222.83592906318,91733.65324649028,91932.2109375,1699200
2024-10-04,91832.93269230769,92130.76923076923,91634.375,91634.375,859700
2024-10-07,91634.3756029212,91832.93329653532,91137.98136888587,91336.5390625,610700
2024-10-08,91336.53483606556,91336.53483606556,90343.74641393442,90840.140625,1123100
2024-10-09,90641.58653846155,91137.98076923077,90244.47115384616,90343.75,2175700
2024-10-10,91634.37318926823,92329.32509861262,90542.3059031556,91237.2578125,1325200
2024-10-11,91237.25599385245,91237.25599385245,90542.30409836065,90840.140625,1083500
2024-10-14,91535.09009163019,91535.09009163019,90641.58053542122,90740.859375,930700
2024-10-15,90641.58053542122,91435.81125205143,90641.58053542122,90740.859375,1430600
2024-10-16,90740.86178278687,91137.97715163934,90641.58294057376,90840.140625,1293000
2024-10-17,91336.53606290671,91634.37259354664,91038.69953226681,91535.09375,1285400
2024-10-18,92031.48495840098,92428.60031960228,91336.5330762987,91733.6484375,1162700
2024-10-21,91832.93329653532,92627.16407099184,91336.5390625,91336.5390625,1423100
2024-10-22,91336.53241247265,91535.09009163019,90740.859375,90740.859375,1259500
2024-10-23,90542.30409836065,91137.97715163934,90542.30409836065,90840.140625,749300
2024-10-24,91535.09736232279,91634.37620978734,90740.86658260632,91038.703125,755400
2024-10-25,91435.81308721405,91634.37077035675,91038.69772092866,91137.9765625,996300
2024-10-28,90840.14482846468,91634.3756029212,90840.14482846468,91336.5390625,1105800
2024-10-29,91435.81790930706,91932.21214334239,91336.5390625,91336.5390625,1297600
2024-10-30,91336.53966739368,91733.6550572519,90939.42427753544,91038.703125,626500
2024-10-31,90840.14423076923,94314.90384615384,90840.14423076923,92925.0,2888900
2024-11-01,93322.11296791444,94215.62256016042,92825.71875,92825.71875,1729900
2024-11-04,93322.11233108108,94612.73728885135,91733.6508445946,91832.9296875,1853600
2024-11-05,91932.2109375,92329.32631951944,91336.53786447084,91932.2109375,1082700
2024-11-06,92130.76803013994,92726.44109930033,92130.76803013994,92230.046875,1416800
2024-11-07,92527.8828125,93222.83472203594,92527.8828125,92527.8828125,1418900
2024-11-08,92825.71871610629,93222.83409029283,91535.09375,91535.09375,1380000
2024-11-11,92130.76983695652,92130.76983695652,91237.26021569294,91336.5390625,1873400
2024-11-12,91336.53665669206,92527.88278699674,91237.2578125,91237.2578125,1336300
2024-11-13,91237.25663006757,92230.04505912162,91237.25663006757,91832.9296875,1331800
2024-11-14,91336.5390625,91832.93329653532,91237.26021569294,91336.5390625,1719700
2024-11-15,91336.53966739368,91832.93390471647,90939.42427753544,91038.703125,1508600
2024-11-18,91038.70192307692,91634.375,90244.47115384616,90343.75,1874900
2024-11-19,90840.14361979166,90939.42246527778,89350.9609375,89350.9609375,1577000
2024-11-20,89350.96034053157,90542.30647840531,89251.68149570875,89648.796875,1640700
2024-11-21,89748.07272099447,90641.5822945442,89549.51503798342,89847.3515625,1461100
2024-11-22,90343.74818915564,90641.58472164735,89946.6328125,89946.6328125,1729700
2024-11-25,90244.47055551753,91535.09554696057,90244.47055551753,90641.5859375,1814000
2024-11-26,90740.86003449676,92230.04263900162,90740.86003449676,91733.6484375,1759900
2024-11-27,91634.36901631608,92527.87857335492,91634.36901631608,92031.484375,1047200
2024-11-28,92428.6051650243,92825.72054704373,91832.93209199514,91932.2109375,1289900
2024-11-29,91932.21213491425,92627.1640625,91832.9332881163,92627.1640625,1010500
2024-12-02,94215.62378914544,94414.18147890127,93222.83534036625,93520.671875,1573100
2024-12-03,93719.23198924732,93719.23198924732,91932.21273521506,92329.328125,2445800
2024-12-04,92130.76684491978,93222.83412433155,91832.93031417113,92825.71875,1204400
2024-12-05,92329.32097739361,93917.78241356382,92329.32097739361,93322.109375,2333000
2024-12-06,93322.11418524417,94612.73916865712,93222.83534036625,93520.671875,1700100
2024-12-09,93520.66713667366,94612.734375,93222.83061713012,94612.734375,1957500
2024-12-10,94612.73856646825,94612.73856646825,93818.5078125,93818.5078125,912700
2024-12-11,93818.51022407557,94116.34676446946,92527.88521570204,92627.1640625,1609700
2024-12-12,92825.71875,93719.22834224599,92825.71875,92825.71875,671500
2024-12-13,92527.88040413534,92924.99577067669,92230.04387922933,92428.6015625,1227700
2024-12-16,92329.32272086466,92527.88040413534,92230.04387922933,92428.6015625,1121800
2024-12-17,92329.328125,92428.60697244624,92130.77043010753,92329.328125,1048100
2024-12-18,92329.32272086466,92627.15924577067,92329.32272086466,92428.6015625,530300
2024-12-19,92130.7637987013,92130.7637987013,91535.09075689936,91733.6484375,1869700
2024-12-20,91733.6508445946,92230.04505912162,91634.37200168919,91832.9296875,1245900
2024-12-23,91932.20611810066,92130.7637987013,91733.6484375,91733.6484375,707200
2024-12-24,92031.4855456026,92130.76438653638,91336.53365906623,91435.8125,1024300
2024-12-25,91535.09075689936,93123.55220170454,91535.09075689936,91733.6484375,1827700
2024-12-26,91832.92786373507,92130.76438653638,91336.53365906623,91435.8125,2202900
2024-12-27,91832.9302806399,92329.3244983731,91535.09375,91535.09375,1639900
2024-12-30,91535.09675611413,91832.93329653532,91336.5390625,91336.5390625,1706700
2024-12-31,91535.09311609101,91733.65080180921,90542.3046875,90542.3046875,2374000
2025-01-02,90939.42127992383,91832.93087765234,90840.14243573177,91237.2578125,1630500
2025-01-03,91237.26021569294,91733.65444972826,91237.26021569294,91336.5390625,1402200
2025-01-06,91336.53727125943,92726.44109930033,91237.25842639935,92230.046875,1936800
2025-01-07,92527.88461538462,92527.88461538462,91634.375,91634.375,1252400
2025-01-08,91634.36959719968,91733.6484375,90840.13887479708,91733.6484375,1052000
2025-01-09,91336.53665669206,91535.09434507617,91038.70012411589,91237.2578125,738300
2025-01-10,91237.25357289387,91733.64777078775,90740.859375,90740.859375,1112500
2025-01-13,90641.58474734766,91237.2578125,90443.02705896355,91237.2578125,937600
2025-01-14,91237.26081992911,91237.26081992911,90542.30888767721,91038.703125,677300
2025-01-15,91237.25357289387,91237.25357289387,90740.859375,90740.859375,445300
2025-01-16,91237.25357289387,91237.25357289387,90740.859375,90740.859375,445300
2025-01-17,92031.48737331081,92329.32390202703,91535.09315878378,91832.9296875,1122600
2025-01-20,91634.37620978734,91832.93390471647,90939.42427753544,91038.703125,1761500
2025-01-21,91435.81125205143,91435.81125205143,90641.58053542122,90740.859375,1264900
2025-01-22,91336.53543037281,91336.53543037281,90542.3046875,90542.3046875,979100
2025-01-23,90641.58357263514,92230.04505912162,90641.58357263514,91832.9296875,1685100
2025-01-24,91435.8167099757,92329.32631951944,91435.8167099757,91932.2109375,944000
2025-01-27,91932.2109375,91932.2109375,91932.2109375,91932.2109375,0
2025-01-28,91932.2109375,91932.2109375,91932.2109375,91932.2109375,0
2025-01-29,91932.2109375,91932.2109375,91932.2109375,91932.2109375,0
2025-01-30,91932.2109375,91932.2109375,91932.2109375,91932.2109375,0
2025-01-31,91932.2109375,91932.2109375,91932.2109375,91932.2109375,0
2025-02-03,91634.37378889193,91733.65263373363,90939.421875,90939.421875,1435800
2025-02-04,91435.81790930706,91535.09675611413,91038.7025220788,91336.5390625,855200
2025-02-05,91336.53786447084,92130.76862850972,91336.53786447084,91932.2109375,1345800
2025-02-06,92130.76803013994,92726.44109930033,92031.48918527988,92230.046875,1351600
2025-02-07,92230.04927755377,92527.88581989247,91832.93388776881,92329.328125,2260900
2025-02-10,92230.04565482646,92230.04565482646,91237.25721936008,91535.09375,2298100
2025-02-11,91535.09434507617,91634.37318926823,91038.70012411589,91237.2578125,1039400
2025-02-12,91237.25599385245,91832.92904713114,90840.140625,90840.140625,1054100
2025-02-13,91237.25840952511,91237.25840952511,90740.8641853166,90939.421875,862300
2025-02-14,91535.09494405023,91535.09494405023,90840.1430301583,90939.421875,947800
2025-02-17,90840.1430301583,91336.53725436682,90840.1430301583,90939.421875,787100
2025-02-18,90939.421875,91336.53725436682,90740.8641853166,90939.421875,1065500
2025-02-19,90939.42427753544,91038.703125,90641.58773514176,91038.703125,1509500
2025-02-20,91535.09736232279,91634.37620978734,91038.703125,91038.703125,1636600
2025-02-21,91435.81314614661,92428.6015625,91435.81314614661,92428.6015625,2513400
2025-02-24,92627.16106283422,92825.71875,92031.4880013369,92825.71875,1956000
2025-02-25,92825.72054704373,92924.9993925486,91832.93209199514,91932.2109375,1926600
2025-02-26,91932.21153846155,92230.04807692308,91535.09615384616,91634.375,769200
2025-02-27,94215.61893284574,94712.01313164893,93322.109375,93322.109375,5028800
2025-02-28,93520.67368368167,93520.67368368167,92627.1640625,92627.1640625,2070800
2025-03-03,62090.781351780635,62090.781351780635,61758.74790828911,61957.96875,1870245
2025-03-04,61891.55869162846,62024.37516758669,61559.521379812664,61758.74609375,3735855
2025-03-05,61758.74609375,62290.00424142337,61758.74609375,61758.74609375,2721199
2025-03-06,62090.78125,62555.63505066994,61891.560408615675,62090.78125,3524612
2025-03-07,62157.18880103669,63286.11335317102,62090.78056195118,63153.296875,5979252
2025-03-10,64016.5935729088,64680.66434222184,63817.37272992288,64282.22265625,6621056
2025-03-11,63750.9644895676,64282.22265625,63485.335406226404,64282.22265625,5442099
2025-03-12,65524.04024550225,68105.29031577961,65126.92485007496,66218.9921875,7560300
2025-03-13,66715.38091603054,66715.38091603054,64729.80410305344,65027.640625,4496300
2025-03-14,64928.362109375,66318.26588541667,64928.362109375,65524.03515625,4920600
2025-03-17,65524.03905089153,66814.6640625,65524.03905089153,66814.6640625,4940800
2025-03-18,67311.05403255988,67311.05403255988,66318.265625,66318.265625,3656000
2025-03-19,66715.38157894737,66715.38157894737,66020.4296875,66020.4296875,3674000
2025-03-20,66020.42910273204,66516.82330651199,65722.59258046407,66318.265625,1688900
2025-03-21,66516.82356770833,66516.82356770833,65524.03515625,65524.03515625,1701500
2025-03-24,65821.87200422933,66020.4296875,65027.64127114662,66020.4296875,1977600
2025-03-25,66020.43027756797,66119.70912009063,65722.59375,65722.59375,2028100
2025-03-26,65921.15354293313,66119.71123432751,65325.48046875,65325.48046875,1507400
2025-03-27,65325.47714694656,65424.75598759542,65027.640625,65027.640625,901500
2025-03-28,65027.643319589115,65226.20100911458,64332.69140625,64332.69140625,1650600
2025-03-31,64233.4128540039,64729.80708007812,63538.4609375,63538.4609375,1771900
2025-04-01,64233.41316012597,64829.086234253875,63538.46124031008,64034.85546875,1715200
2025-04-02,64531.24909577546,65524.037543402774,64134.13371672454,64332.69140625,2330700
2025-04-03,63538.45771144279,63935.573072139305,59865.140625,59865.140625,9806100
2025-04-04,56291.1029296875,59567.3046875,55794.708723958334,59567.3046875,11887700
2025-04-08,59368.74742383513,59368.74742383513,55397.59375,55397.59375,7181200
2025-04-09,51625.000297619044,59269.47149553571,51625.000297619044,52121.39453125,8995800
2025-04-10,55695.4296875,55695.4296875,55695.4296875,55695.4296875,174400
2025-04-11,59368.75,59468.02884615385,57581.73076923077,59368.75,8059500
2025-04-14,59567.30738827993,59567.30738827993,58276.6823948672,58872.35546875,3619500
2025-04-15,58673.795117187496,60460.8142578125,57879.56438802083,59567.3046875,5633100
2025-04-16,59269.470851338534,59865.14392522133,58574.5189318086,58872.35546875,2625800
2025-04-17,58872.35392910929,58872.35392910929,57681.0078125,57681.0078125,3151800
2025-04-18,58276.680870804645,59170.19045826162,57681.0078125,57681.0078125,2165400
2025-04-21,58078.12167767397,58475.237039572596,57681.00631577535,57780.28515625,1290500
2025-04-22,57681.00961538462,58375.96153846154,54305.52884615385,58078.125,3850700
2025-04-23,58971.63430765086,58971.63430765086,57581.73046875,57581.73046875,1928700
2025-04-24,57780.28515625,58177.40051814863,57581.727475300686,57780.28515625,1861200
2025-04-25,57780.287853260874,58574.51861413044,57085.3359375,57085.3359375,3682000
2025-04-28,57283.89362771739,57879.56669836957,57085.3359375,57085.3359375,1654600
2025-04-29,57283.8927178774,58078.1234661322,56886.77734375,56886.77734375,2432200
2025-04-30,56886.77734375,56886.77734375,56886.77734375,56886.77734375,0
2025-05-01,56886.77734375,56886.77734375,56886.77734375,56886.77734375,0
2025-05-02,56886.77734375,56886.77734375,56886.77734375,56886.77734375,0
2025-05-05,56886.77734375,56886.77734375,56886.77734375,56886.77734375,0
2025-05-06,57085.334117775834,57581.72832749563,56588.93990805605,56688.21875,2101500
2025-05-07,56886.777939967105,57581.72985197368,56588.94140625,56588.94140625,2992900
2025-05-08,56688.22025082236,57085.33562911184,56588.94140625,56588.94140625,2415400
2025-05-09,56986.05527583187,57283.891801663754,56489.66106611209,56688.21875,3022300
2025-05-12,56688.21875,56688.21875,56688.21875,56688.21875,0
2025-05-13,56588.93958425354,56886.776108381186,55794.70885324647,56191.82421875,5992500
2025-05-14,56688.21934143926,56886.77702739877,56191.82512654049,56390.3828125,7392600
2025-05-15,56787.49707197615,58375.958528534924,56787.49707197615,58276.6796875,8014200
2025-05-16,58872.35273370954,59368.74693888416,58276.6796875,58276.6796875,8070600
2025-05-19,56986.05678453947,57184.61447368421,56588.94140625,56588.94140625,4784400
2025-05-20,56986.05678453947,57184.61447368421,56588.94140625,56588.94140625,4784400
2025-05-21,56588.93990805605,56986.05527583187,56390.38222416813,56688.21875,3867000
2025-05-22,57085.334117775834,57482.44948555167,56588.93990805605,56688.21875,5161800
2025-05-23,56688.21783693981,56986.05435797452,56489.66015625,56489.66015625,3694300
2025-05-26,56489.66256167763,56588.94140625,55596.15296052631,56588.94140625,4728300
2025-05-27,56489.66256167763,56588.94140625,55596.15296052631,56588.94140625,4728300
2025-05-28,56390.3828125,56787.49818441902,56291.10396952025,56390.3828125,5548900
2025-05-29,56688.21934143926,57184.61355633803,56390.3828125,56390.3828125,4950200
2025-05-30,56787.49969686949,56787.49969686949,56291.10546875,56291.10546875,3904500
2025-06-02,56092.54747275356,56092.54747275356,55695.43209241548,55794.7109375,3225700
2025-06-03,56092.54747275356,56092.54747275356,55695.43209241548,55794.7109375,3225700
2025-06-04,56291.10396952025,56489.66165547976,55993.26744058099,56390.3828125,3364000
2025-06-05,56489.660742877655,56588.93958425354,56092.54537737412,56191.82421875,2690500
2025-06-06,56291.1036509214,56390.38249333925,55893.98828125,55893.98828125,2783100
2025-06-09,55794.71153846154,55993.269230769234,55496.875,55496.875,2223900
2025-06-10,55794.71153846154,55993.269230769234,55496.875,55496.875,2223900
2025-06-11,55596.15384615385,55794.71153846154,55496.875,55496.875,2231400
2025-06-12,55794.71062892729,55794.71062892729,55298.31640625,55298.31640625,2295800
2025-06-13,55596.15234375,55695.43118722099,55298.31581333706,55596.15234375,2560800
2025-06-16,55794.70885324647,56291.10306012589,55794.70885324647,56191.82421875,4336600
2025-06-17,55794.70885324647,56291.10306012589,55794.70885324647,56191.82421875,4336600
2025-06-18,56489.66346153846,57085.33653846154,56390.38461538462,56787.5,5159800
2025-06-19,56787.49969686949,56886.77854249338,56092.5477775022,56291.10546875,3421100
2025-06-20,56291.10306012589,56588.93958425354,56092.54537737412,56191.82421875,2368700
2025-06-23,56291.10306012589,56489.660742877655,56092.54537737412,56191.82421875,2480600
2025-06-24,56291.10306012589,56489.660742877655,56092.54537737412,56191.82421875,2480600
2025-06-25,56489.660742877655,56688.21842562942,56191.82421875,56191.82421875,3507600
2025-06-26,56390.38190150177,56489.660742877655,56191.82421875,56191.82421875,2739800
2025-06-27,56291.10607130984,56390.38491799645,55993.26953125,55993.26953125,2842900
2025-06-30,56588.94140625,56787.499095394734,56489.66256167763,56588.94140625,2952200
2025-07-01,56588.94140625,56787.499095394734,56489.66256167763,56588.94140625,2952200
2025-07-02,56787.49675150344,58375.95819909794,56688.21791102878,57780.28515625,10049500
2025-07-03,57879.56700565733,58177.40354256465,57283.89393184267,57581.73046875,2913600
2025-07-04,57681.00690171632,58375.95879209844,57283.891535783674,57482.44921875,7395300
2025-07-07,58078.123500159985,58475.23887452005,57780.286969389934,58177.40234375,8056200
2025-07-08,58078.123500159985,58475.23887452005,57780.286969389934,58177.40234375,8056200
2025-07-09,58375.96183792373,59070.913764565674,58177.40414459746,58574.51953125,10394500
2025-07-10,58971.63258384146,61354.32480945122,58971.63258384146,61056.48828125,16449700
2025-07-11,61354.32631820032,61354.32631820032,60560.09555679967,60957.2109375,8152900
2025-07-14,62446.394230769234,62446.394230769234,60560.096153846156,61950.0,6475000
2025-07-15,62446.394230769234,62446.394230769234,60560.096153846156,61950.0,6475000
2025-07-16,61949.999389250814,62148.55707960098,60957.2109375,60957.2109375,6315400
2025-07-17,60957.208851638345,61652.16074408374,60659.37232630461,61354.32421875,7603200
2025-07-18,61354.32602743167,62247.83562977291,61354.32602743167,61751.44140625,9992700
2025-07-21,61751.439258768354,62247.83346502855,60857.9296875,60857.9296875,6138200
2025-07-22,61751.439258768354,62247.83346502855,60857.9296875,60857.9296875,6138200
2025-07-23,60857.93180390876,61751.44140625,60460.81642509043,61751.44140625,4902600
2025-07-24,62049.275519575276,62148.5543604066,61354.32363375604,61652.16015625,5087300
2025-07-25,61751.43899708132,63042.063927888485,61453.60247458736,61652.16015625,8710200
2025-07-28,61751.44022442277,62545.67096685908,61652.16138161823,62347.11328125,10484700
2025-07-29,61751.44022442277,62545.67096685908,61652.16138161823,62347.11328125,10484700
2025-07-30,62744.22827868852,62744.22827868852,60560.09375,60560.09375,10595600
2025-07-31,60560.095250923645,61453.60485298645,59964.42218288177,60460.81640625,7271000
2025-08-01,61056.48823582849,61255.04592114826,59666.58443859012,59765.86328125,6066900
2025-08-04,59666.58653846154,60957.21153846154,59567.307692307695,60659.375,4462400
2025-08-05,59666.58653846154,60957.21153846154,59567.307692307695,60659.375,4462400
2025-08-06,61056.48828125,63240.62282139227,60758.651753048776,61056.48828125,18590000
2025-08-07,61652.16106540931,62347.11296147673,61453.60338081862,61850.71875,4677500
2025-08-08,62446.39300547002,62446.39300547002,60857.93149817666,61255.046875,9498700
2025-08-11,61652.16196875,62744.229250000004,61652.16196875,62049.27734375,7266300
2025-08-12,61652.16196875,62744.229250000004,61652.16196875,62049.27734375,7266300
2025-08-13,62347.11418650794,64332.69107142858,62247.835342261904,62545.671875,12129000
2025-08-14,63042.06578125,63141.344625,61552.883125,62049.27734375,7519800
2025-08-15,63240.62206432132,65821.8719444977,62843.506698140336,64729.8046875,19003100
2025-08-18,64332.69200581395,65126.922771317826,63538.46124031008,64034.85546875,8297300
2025-08-19,64332.69200581395,65126.922771317826,63538.46124031008,64034.85546875,8297300
2025-08-20,64034.852146612146,64928.3617114486,63737.015625,63737.015625,9191400
2025-08-21,64034.85453869048,64134.13338293651,61751.44112103175,62545.671875,10537600
2025-08-22,62843.50606016355,64531.246349299065,62843.50606016355,63737.015625,9639300
2025-08-25,65325.4782822327,65325.4782822327,62942.786065251574,63141.34375,7750800
2025-08-26,65325.4782822327,65325.4782822327,62942.786065251574,63141.34375,7750800
2025-08-27,63141.34437886997,64531.24818595201,62446.39247532895,64134.1328125,7988400
2025-08-28,64531.247173480464,68601.6796875,64531.247173480464,68601.6796875,31048100
2025-08-29,68998.79262907608,70090.85985054348,68204.56192255435,68502.3984375,8799400
2025-09-01,68502.3984375,68502.3984375,68502.3984375,68502.3984375,0
2025-09-02,68502.3984375,68502.3984375,68502.3984375,68502.3984375,0
2025-09-03,68303.8473880597,68303.8473880597,66516.828125,66516.828125,14216900
2025-09-04,68303.8473880597,68303.8473880597,66516.828125,66516.828125,14216900
2025-09-05,67013.22115384616,68502.40384615384,66417.54807692308,68403.125,8942100
2025-09-08,66616.10515170367,67013.22053263782,64829.0859375,64829.0859375,11249800
2025-09-09,66616.10515170367,67013.22053263782,64829.0859375,64829.0859375,11249800
2025-09-10,65027.64180469954,65722.593701849,64034.85338020031,64431.96875,6192300
2025-09-11,65126.92277735562,65524.03816014437,64332.69201177811,65325.48046875,5006400
2025-09-12,65126.92037671233,65524.03574486302,63737.01658818493,65226.19921875,6349100
2025-09-15,65226.19921875,65226.19921875,65226.19921875,65226.19921875,0
2025-09-16,65524.03816014437,65524.03816014437,65027.64393165843,65325.48046875,5367400
2025-09-17,65524.03725228659,66119.71031821646,65126.921875,65126.921875,6765400
2025-09-18,65027.643319589115,65325.47985387731,64332.69140625,64332.69140625,5627200
2025-09-19,64431.96810201487,64431.96810201487,63141.34316314554,63439.1796875,8783400
2025-09-22,62545.671244959674,62744.22893145161,61354.325126008065,61552.8828125,6061300
2025-09-23,62545.671244959674,62744.22893145161,61354.325126008065,61552.8828125,6061300
2025-09-24,61949.999095659165,62644.95100859124,61751.44140625,61751.44140625,3267800
2025-09-25,61949.999401913876,62247.8359375,61354.32633074163,62247.8359375,3879200
2025-09-26,62843.508407738096,62942.78725198413,62247.835342261904,62545.671875,3870300
2025-09-29,62446.3912115615,62446.3912115615,61949.997004792334,62148.5546875,2782900
2025-09-30,62446.3912115615,62446.3912115615,61949.997004792334,62148.5546875,2782900
2025-10-01,62347.11355846774,62446.39240171371,61354.325126008065,61552.8828125,4104100
2025-10-02,62247.83653846154,62247.83653846154,61552.88461538462,61950.0,3022000
2025-10-03,62400.0,63100.0,62100.0,62100.0,3657500
2025-10-06,62800.0,64000.0,62800.0,64000.0,7461700
2025-10-07,62800.0,64000.0,62800.0,64000.0,7461700
2025-10-08,64100.0,64100.0,63300.0,63700.0,4229300
2025-10-09,64200.0,64900.0,63600.0,64600.0,8113800
2025-10-10,64500.0,65200.0,63800.0,63800.0,5734200
2025-10-13,63400.0,63800.0,62800.0,63100.0,7992500
2025-10-14,63400.0,63800.0,62800.0,63100.0,7992500
2025-10-15,63500.0,64000.0,62900.0,63100.0,7008900
2025-10-16,63100.0,63400.0,62500.0,62500.0,5218800
2025-10-17,62700.0,63000.0,62500.0,62900.0,4634400
2025-10-20,61800.0,62200.0,58600.0,59400.0,12115600
2025-10-21,61800.0,62200.0,58600.0,59400.0,12115600
2025-10-22,59700.0,60700.0,59300.0,59300.0,8416700
2025-10-23,60100.0,60200.0,58500.0,59600.0,4664800
2025-10-24,58900.0,60300.0,58900.0,59800.0,4227100
2025-10-27,60000.0,60000.0,59200.0,59200.0,2640000
2025-10-28,60000.0,60000.0,59200.0,59200.0,2640000
2025-10-29,59200.0,60200.0,59100.0,60000.0,2789700
2025-10-30,60000.0,61000.0,59800.0,60700.0,3716000
2025-10-31,61000.0,61200.0,60300.0,60600.0,1946600
2025-11-03,60000.0,60300.0,59300.0,59300.0,2800100
2025-11-04,59200.0,60400.0,59100.0,60100.0,2952400
2025-11-05,59200.0,60400.0,59100.0,60100.0,2952400
2025-11-06,60900.0,61300.0,60200.0,60300.0,2821200
2025-11-07,60000.0,60000.0,59000.0,59300.0,3586300
2025-11-10,59400.0,59700.0,58800.0,58800.0,2316500
2025-11-11,59100.0,59600.0,58800.0,58900.0,2540900
2025-11-12,59100.0,59700.0,59000.0,59500.0,2012700
2025-11-13,59500.0,60000.0,59200.0,59800.0,2113500
2025-11-14,59800.0,60400.0,59400.0,60000.0,2069600
2025-11-17,60000.0,60400.0,59900.0,60200.0,1585600
2025-11-18,60400.0,60400.0,59800.0,59900.0,2158800
2025-11-19,59900.0,60100.0,59300.0,59400.0,2896200
2025-11-20,59600.0,59700.0,59200.0,59400.0,2259400
2025-11-21,59100.0,59200.0,58700.0,59000.0,3452400
2025-11-24,59000.0,59300.0,58700.0,58800.0,2025600
2025-11-25,58900.0,59000.0,58200.0,58200.0,2755000
2025-11-26,58500.0,58600.0,57800.0,58100.0,5371200
2025-11-27,58200.0,58500.0,57900.0,57900.0,3113500
2025-11-28,58000.0,58100.0,57400.0,57400.0,3534300
2025-12-01,57600.0,58000.0,57500.0,57500.0,2824900
2025-12-02,57500.0,57800.0,57200.0,57600.0,3185600
2025-12-03,57800.0,59100.0,57800.0,58900.0,6161200
2025-12-04,57800.0,59100.0,57800.0,58900.0,6161200
2025-12-05,59000.0,59200.0,58200.0,58300.0,3604700
2025-12-08,58200.0,58300.0,57800.0,57900.0,2141500
2025-12-09,57900.0,58700.0,57300.0,58000.0,4519400
2025-12-10,58300.0,58600.0,57800.0,58200.0,3082500
2025-12-11,58400.0,58400.0,57600.0,57600.0,1746700
2025-12-12,57800.0,57800.0,56800.0,56800.0,4847700
2025-12-15,56800.0,57300.0,56700.0,56800.0,3203100
2025-12-16,56900.0,57400.0,56000.0,56900.0,6346800
2025-12-17,57000.0,57500.0,56700.0,56700.0,2331200
2025-12-18,57000.0,57500.0,56700.0,56700.0,2331200
2025-12-19,57000.0,57500.0,56700.0,57500.0,4265500
2025-12-22,57700.0,58000.0,57300.0,57800.0,2961200
2025-12-23,57800.0,58100.0,57000.0,57200.0,3147900
2025-12-24,57300.0,57300.0,56900.0,57000.0,4431500
2025-12-25,57300.0,57300.0,56900.0,57000.0,4431500
2025-12-26,57100.0,57400.0,56600.0,57100.0,3302500
2025-12-29,57400.0,57500.0,57100.0,57100.0,2099700
2025-12-30,57300.0,58100.0,57200.0,57300.0,2958000
2025-12-31,57400.0,57900.0,57300.0,57500.0,2530800
2026-01-01,57500.0,57500.0,57500.0,57500.0,0
2026-01-02,57500.0,57500.0,57500.0,57500.0,0
2026-01-05,57500.0,57600.0,57000.0,57100.0,3591800
2026-01-06,57100.0,57500.0,56600.0,57300.0,4173200
2026-01-07,57600.0,59900.0,57500.0,59600.0,12918300
2026-01-08,59800.0,63700.0,59700.0,63700.0,27104600
2026-01-09,65400.0,68000.0,65400.0,68000.0,32481400
2026-01-12,69900.0,72700.0,69600.0,72700.0,21973100
2026-01-13,74300.0,76000.0,71800.0,74000.0,28198200
2026-01-14,73100.0,78800.0,73100.0,76000.0,21213600
2026-01-15,74000.0,74900.0,71900.0,71900.0,23227200
2026-01-16,73000.0,76000.0,72000.0,73000.0,13426500
2026-01-19,73000.0,73500.0,71600.0,72700.0,8212000
2026-01-20,74000.0,75000.0,72100.0,73500.0,18491600
2026-01-21,72800.0,73600.0,71700.0,72800.0,11179000
2026-01-22,73400.0,75900.0,70600.0,71000.0,18577500
2026-01-23,71000.0,71000.0,68500.0,68600.0,16804700
2026-01-26,68900.0,71100.0,68700.0,69600.0,10990600
2026-01-27,69700.0,71500.0,68100.0,70600.0,9645200
2026-01-28,71100.0,72900.0,69400.0,69600.0,12283200
2026-01-29,69300.0,70800.0,68600.0,69800.0,7855400
2026-01-30,70600.0,71900.0,69600.0,70500.0,11480700
2026-02-02,70500.0,71500.0,69300.0,71500.0,10711000
2026-02-03,72400.0,73300.0,71300.0,71800.0,15094700
2026-02-04,72000.0,72000.0,70500.0,70800.0,8726700
2026-02-05,70700.0,70800.0,68400.0,68400.0,11688700
2026-02-06,67900.0,67900.0,64900.0,65100.0,24570400
2026-02-09,65500.0,66000.0,64200.0,65000.0,7308900
2026-02-10,64500.0,65500.0,62600.0,63100.0,15811100
2026-02-11,64000.0,66600.0,63500.0,64700.0,11121200
2026-02-12,65500.0,65500.0,64200.0,64200.0,7950400
2026-02-13,64700.0,65100.0,64000.0,64400.0,4951400
2026-02-16,64400.0,64400.0,64400.0,64400.0,0
2026-02-17,64400.0,64400.0,64400.0,64400.0,0
2026-02-18,64400.0,64400.0,64400.0,64400.0,0
2026-02-19,64400.0,64400.0,64400.0,64400.0,0
2026-02-20,64400.0,64400.0,64400.0,64400.0,0
2026-02-23,65000.0,66700.0,64600.0,66400.0,10104200
2026-02-24,66600.0,66600.0,64900.0,65000.0,10246500
2026-02-25,65000.0,66500.0,64700.0,65100.0,9488800
2026-02-26,65200.0,65900.0,65000.0,65400.0,7561900
2026-02-27,65500.0,66400.0,64800.0,64900.0,8831200
2026-03-02,62900.0,63900.0,62900.0,62900.0,17105000
2026-03-03,62900.0,63900.0,62900.0,62900.0,17105000
2026-03-04,61800.0,63200.0,61700.0,63000.0,10259500
2026-03-05,63700.0,63700.0,62500.0,62500.0,6037000
2026-03-06,62000.0,63200.0,61600.0,61600.0,8854200
2026-03-09,57400.0,59700.0,57300.0,57300.0,29396000
2026-03-10,59800.0,60900.0,58800.0,60400.0,11524700
2026-03-11,60500.0,61200.0,60000.0,60400.0,8789200
2026-03-12,60200.0,60300.0,59500.0,59800.0,6217000
2026-03-13,59200.0,60100.0,58900.0,59000.0,5656900
2026-03-16,59300.0,59800.0,58600.0,58800.0,3985900
2026-03-17,59500.0,60500.0,59400.0,60500.0,7148800
2026-03-18,60900.0,62000.0,60000.0,60500.0,8225000
2026-03-19,59700.0,60000.0,59000.0,59800.0,6184000
2026-03-20,59800.0,59800.0,58000.0,58000.0,8322900
2026-03-23,57800.0,58300.0,56500.0,57600.0,9648600
2026-03-24,59000.0,59000.0,58000.0,58200.0,4332300
2026-03-25,58800.0,59100.0,58000.0,58400.0,8558200
2026-03-26,58500.0,58600.0,57500.0,57900.0,6217800
2026-03-27,58000.0,59000.0,57900.0,58800.0,6135900
2026-03-30,57900.0,58500.0,57800.0,58000.0,5546000
2026-03-31,58200.0,58900.0,58000.0,58100.0,5481100
2026-04-01,58900.0,59200.0,58500.0,59000.0,8254700
2026-04-02,58700.0,58800.0,58100.0,58200.0,5664500
2026-04-03,58300.0,58500.0,57700.0,57700.0,5919600
2026-04-06,57800.0,58200.0,57700.0,58000.0,4303300
2026-04-07,58000.0,58300.0,57700.0,58000.0,3889100
2026-04-08,59200.0,60300.0,58800.0,60200.0,13743100
2026-04-09,60000.0,60100.0,59300.0,59400.0,6217700
2026-04-10,59600.0,61000.0,59600.0,59800.0,7655400
2026-04-13,59500.0,59500.0,59000.0,59200.0,5088700
2026-04-14,59700.0,59800.0,59100.0,59300.0,5548100
2026-04-15,59700.0,60500.0,59600.0,59900.0,8919600
2026-04-16,60000.0,60100.0,59300.0,59400.0,4174500
2026-04-17,59400.0,59900.0,59400.0,59500.0,4257800
2026-04-20,59600.0,60500.0,59500.0,60100.0,6442900
2026-04-21,60400.0,60600.0,59600.0,59600.0,6379000
2026-04-22,59600.0,59800.0,59200.0,59400.0,3011000
2026-04-23,59700.0,63500.0,59600.0,62800.0,35200000
2026-04-24,63000.0,63000.0,60600.0,60600.0,11882500
2026-04-27,60600.0,60600.0,60600.0,60600.0,0
2026-04-28,60800.0,61500.0,59800.0,59800.0,7596400
2026-04-29,59900.0,60500.0,59500.0,59800.0,6431000
2026-04-30,59800.0,59800.0,59800.0,59800.0,0
2026-05-01,59800.0,59800.0,59800.0,59800.0,0
2026-05-04,60500.0,61200.0,60000.0,60700.0,7506200
2026-05-05,60600.0,60700.0,59700.0,59900.0,6407700
2026-05-06,60200.0,60500.0,59700.0,60500.0,5807400
2026-05-07,60900.0,61100.0,60300.0,60300.0,6055700
2026-05-08,60500.0,61700.0,60300.0,60700.0,9970000
2026-05-11,61000.0,61100.0,60200.0,60300.0,5510000
2026-05-12,60300.0,60500.0,59500.0,59900.0,6549200
2026-05-13,59700.0,61300.0,59200.0,60100.0,8868000
2026-05-14,60500.0,61500.0,60000.0,61000.0,5612100
2026-05-15,61300.0,61700.0,60700.0,60700.0,8271800
2026-05-18,60700.0,63500.0,60300.0,63200.0,18877600
2026-05-19,63400.0,65000.0,62600.0,64400.0,24224800
2026-05-20,63700.0,64700.0,61800.0,64600.0,14381600
2026-05-21,64600.0,66200.0,63800.0,64900.0,20114300
2026-05-22,64900.0,64900.0,63300.0,63500.0,8118400
2026-05-25,63200.0,64000.0,62100.0,63700.0,5410300
2026-05-26,63300.0,64400.0,63300.0,64400.0,5623900
2026-05-27,64400.0,64500.0,63800.0,64200.0,4185600
2026-05-28,64200.0,64200.0,62800.0,62800.0,4972400
2026-05-29,63000.0,63000.0,61800.0,62000.0,5820000
2026-06-01,62300.0,62800.0,61700.0,62200.0,2924300
2026-06-02,62300.0,62700.0,61600.0,61600.0,5063900
