Date,Open,High,Low,Close,Volume
2021-06-03,69175.21477882282,70413.97966227977,69110.01622307053,69566.3984375,422249
2021-06-04,69435.99728042155,69435.99728042155,67871.24738520727,68392.828125,362543
2021-06-07,68001.64366512657,68392.82729627204,65980.49625489155,67154.0625,4475508
2021-06-08,67154.0625,67154.0625,67154.0625,67154.0625,0
2021-06-09,65198.12256509771,66502.0859375,64676.541821638486,66502.0859375,3607501
2021-06-10,66502.09243005443,67088.87178321244,65198.128930347055,66371.6953125,3409487
2021-06-11,65915.29652503894,67480.05404914808,65524.11290088856,67023.671875,3086245
2021-06-14,66567.28448991192,67414.85799543075,66045.69607061654,66502.0859375,2199703
2021-06-15,66567.28202501603,67154.06129915954,65850.10565087711,67023.671875,2140932
2021-06-16,66828.08399959592,69110.01816331771,66828.08399959592,67806.0546875,4367761
2021-06-17,67806.05600729647,68458.03391997721,66502.09250609804,67936.453125,2346330
2021-06-18,68132.0418760313,71065.95369862215,68001.64477158245,70739.9609375,4874851
2021-06-21,70413.98294812665,70544.37238987925,69110.01944806836,69501.203125,3176512
2021-06-22,69827.19471166261,70739.96684317052,69436.00336565773,70153.1875,2233158
2021-06-23,70413.98372657267,72369.92516036514,69761.99813141719,71522.3515625,3388541
2021-06-24,71717.93045387277,72239.51886373246,70283.57767843071,72174.3203125,1723053
2021-06-25,72174.32880663018,73543.49086781124,71000.76242216596,73413.09375,2544947
2021-06-28,73413.09375,73673.88798562247,72435.12304225264,73413.09375,2297354
2021-06-29,73021.89598717801,74325.859375,72695.9108970997,74325.859375,2792540
2021-06-30,74325.85958257632,76412.1979385837,74325.85958257632,75890.6171875,4171254
2021-07-01,76086.212847595,76151.41140096,74977.84511622631,75890.6171875,2767373
2021-07-02,75890.61908661175,76021.01619660485,74325.86144253107,74912.6484375,2602814
2021-07-05,74912.6484375,74912.6484375,74912.6484375,74912.6484375,0
2021-07-06,74912.6484375,74912.6484375,74912.6484375,74912.6484375,0
2021-07-07,74912.6484375,74912.6484375,74912.6484375,74912.6484375,0
2021-07-08,74912.6484375,74912.6484375,74912.6484375,74912.6484375,0
2021-07-09,71717.93631227998,72435.12043442151,69631.59785408704,71587.546875,4425779
2021-07-12,71587.546875,71587.546875,71587.546875,71587.546875,0
2021-07-13,69696.79340444219,69696.79340444219,66567.28585213653,67414.859375,2810925
2021-07-14,67414.859375,67414.859375,67414.859375,67414.859375,0
2021-07-15,65328.51910825451,68132.04148619137,65328.51910825451,66828.078125,3495233
2021-07-16,66828.078125,66828.078125,66828.078125,66828.078125,0
2021-07-19,65198.124884002405,65328.52199346409,62525.00332962894,63242.18359375,3830983
2021-07-20,63763.76579043957,65850.10794943821,60960.24339435019,65328.51953125,3595597
2021-07-21,64872.133542514464,65524.119104216625,64089.75854430849,64546.1484375,2205731
2021-07-22,64480.946684704024,65654.51296175206,63894.15970826189,65393.71875,2193826
2021-07-23,64741.7350008865,65067.72777454072,63242.18359375,63242.18359375,2562277
2021-07-26,62916.18814060269,63568.16982222611,62394.603562887554,62590.19921875,1905093
2021-07-27,63568.17106701724,63633.3696202481,61938.21875,61938.21875,3999762
2021-07-28,62003.41872970042,63242.18359375,62003.41872970042,63242.18359375,2246570
2021-07-29,63502.97207982342,63828.96484375,63242.18170660027,63828.96484375,1795990
2021-07-30,63437.7741204021,64415.74858341119,63372.57556700695,63894.16015625,2041322
2021-08-02,63242.18359375,64350.55134833789,62850.99226536494,63242.18359375,1936438
2021-08-03,63307.37456678905,64415.74609375,63242.17985383181,64415.74609375,1907354
2021-08-04,64415.74609375,64415.74609375,64415.74609375,64415.74609375,0
2021-08-05,63894.16150281756,64872.13214851921,63828.96678596658,64806.93359375,1699394
2021-08-06,65067.72711841135,65067.72711841135,63959.359375,63959.359375,1679351
2021-08-09,63959.360701648504,64480.94914505448,63698.570317863785,64089.7578125,1851898
2021-08-10,64089.7578125,64089.7578125,64089.7578125,64089.7578125,0
2021-08-11,64741.73067673583,66306.48820992824,64611.341251819395,65524.11328125,2579607
2021-08-12,65524.11710634362,65719.71276889043,64872.131564520925,65132.92578125,1486762
2021-08-13,65132.923781541635,65132.923781541635,64089.75462248904,64937.328125,2002593
2021-08-16,64937.32698959427,65589.3125,64546.14335918684,65589.3125,3002459
2021-08-17,65589.3125,65589.3125,65589.3125,65589.3125,0
2021-08-18,65850.109375,66828.08000443844,65002.52817709521,65850.109375,2784854
2021-08-19,65654.51000088398,67154.06129915954,65067.7230509046,67023.671875,3882822
2021-08-20,65980.49670434877,66436.88656560275,64806.930451246015,65263.3203125,2710260
2021-08-23,64546.14499536786,65198.122846464576,62981.38740656505,63437.7734375,3219159
2021-08-24,64676.544121992105,64676.544121992105,62916.190820095784,63242.18359375,1611086
2021-08-25,63242.179056402274,64546.14238162908,63111.78195629601,63568.16796875,1611237
2021-08-26,63763.7668519208,64546.14565430939,63111.78515625,63111.78515625,1622840
2021-08-27,62590.203197313385,64220.15558602128,62590.203197313385,63763.76953125,1667597
2021-08-30,64154.955063931506,64806.93292910054,63763.76757724645,64741.734375,1841048
2021-08-31,64872.13214851921,65132.92636759603,64089.75716712518,64806.93359375,1126449
2021-09-01,64806.93359375,65132.92636759603,62590.201921188105,64806.93359375,1367562
2021-09-02,64806.93359375,64806.93359375,64806.93359375,64806.93359375,0
2021-09-03,64806.93359375,64806.93359375,64806.93359375,64806.93359375,0
2021-09-06,64806.9297881066,65263.319644690564,64806.9297881066,65198.12109375,1363795
2021-09-07,65132.922542809436,65719.70950127453,65067.723991868865,65198.12109375,1569946
2021-09-08,65198.12109375,65198.12109375,65198.12109375,65198.12109375,0
2021-09-09,65002.528591402166,65263.322807804325,64285.35217213259,64741.734375,1231484
2021-09-10,65067.72661432345,65067.72661432345,64285.35164734024,64676.54296875,1292666
2021-09-13,64415.749253513764,64546.146361660554,63959.359375,63959.359375,1571905
2021-09-14,63959.360701648504,64220.154923351496,63242.18426780182,64089.7578125,1854309
2021-09-15,64089.75377793859,64089.75377793859,63307.375,63307.375,1203304
2021-09-16,64480.94780758716,64480.94780758716,63568.17188847782,63959.359375,859567
2021-09-17,63568.16987477413,64154.953004928466,63372.57421875,63372.57421875,1510271
2021-09-20,63437.77293860165,65850.10785552765,63437.77293860165,64937.328125,1925739
2021-09-21,64937.328125,64937.328125,64937.328125,64937.328125,0
2021-09-22,64937.328125,64937.328125,64937.328125,64937.328125,0
2021-09-23,64937.331367936524,65458.91981142875,64220.154933971244,64872.1328125,1018702
2021-09-24,64872.1328125,65067.728478809586,64872.1328125,64872.1328125,68521289
2021-09-27,64872.130781340944,65002.52788813124,63894.16015625,63894.16015625,701488
2021-09-28,63763.76705671205,64741.73384648199,63568.17139600717,64676.54296875,730120
2021-09-29,64872.13019598223,64872.13019598223,63568.17065359966,64220.15234375,851430
2021-09-30,64220.15155693651,64285.350108944556,63307.37566674196,63372.57421875,1808196
2021-10-01,63437.772041787735,64024.55516519928,62459.801448741164,62525.0,2429062
2021-10-04,62590.19774291741,62916.186657083505,61547.02477416638,61677.421875,137645361
2021-10-05,62003.41732166687,62655.39901625126,62003.41732166687,62329.40625,1467323
2021-10-06,62329.40625,62329.40625,62329.40625,62329.40625,0
2021-10-07,62329.40635386142,63111.78515625,61938.218871626195,63111.78515625,1201345
2021-10-08,62981.38937482663,63242.18359375,62329.40766543641,63242.18359375,1050348
2021-10-11,63242.18359375,63242.18359375,63242.18359375,63242.18359375,0
2021-10-12,64089.75712941452,64089.75712941452,63242.18359375,63242.18359375,1146944
2021-10-13,63828.966748409366,63894.16146522199,63242.18359375,63242.18359375,2149371
2021-10-14,63242.18359375,63242.18359375,63242.18359375,63242.18359375,0
2021-10-15,63111.787072264786,63437.77601103783,62916.19140625,62916.19140625,1102338
2021-10-18,62916.19140625,62916.19140625,62916.19140625,62916.19140625,0
2021-10-19,62655.40036146801,62916.19074215007,62068.61720753559,62850.9921875,1260267
2021-10-20,62850.990819395854,63046.58647908845,61286.23705560948,61938.21875,2352358
2021-10-21,62199.01036890004,62590.20169610852,61286.23828125,61286.23828125,1847678
2021-10-22,61938.21806087014,61938.21806087014,61286.23637373362,61481.83203125,361669
2021-10-25,61481.83203125,61481.83203125,61481.83203125,61481.83203125,0
2021-10-26,61351.43683578475,61677.42577054027,61025.44406311101,61286.23828125,952396
2021-10-27,61677.42398569796,62916.18881017394,61481.832165672036,62655.3984375,2152837
2021-10-28,62981.38749545901,63828.96484375,62655.39856945054,63828.96484375,2671230
2021-10-29,63437.7741204021,64154.95436983059,63176.98374473965,63894.16015625,1904490
2021-11-01,63894.16015625,63894.16015625,63894.16015625,63894.16015625,0
2021-11-02,63502.972673797245,63828.96544077299,63437.7741204021,63894.16015625,1218072
2021-11-03,63698.56907760537,64415.74933540628,63437.77486098024,64350.55078125,2757729
2021-11-04,64350.54878139021,64415.747333520274,63372.57433735725,64154.953125,1490982
2021-11-05,63568.16796875,64546.14238162908,63242.179056402274,63568.16796875,1697284
2021-11-08,63959.36003899974,64154.95570325052,63568.172548416405,64024.55859375,1784537
2021-11-09,63894.15812397444,64285.349431902745,63242.18028659664,63307.375,2075982
2021-11-10,63307.37832004695,64024.558584275444,63111.78649374333,63633.37109375,1291611
2021-11-11,63763.768873289526,64741.73569092094,63242.18426780182,64089.7578125,1681160
2021-11-12,64089.757148500255,64089.757148500255,63568.172548416405,64024.55859375,926476
2021-11-15,64089.75780710328,64546.14769504507,63372.57753539872,63698.5703125,1155383
2021-11-16,63698.56697879022,64220.15155693651,63242.18095265197,63372.57421875,1064363
2021-11-17,63372.57556700695,63959.358709645145,63372.57556700695,63894.16015625,1187933
2021-11-18,64089.75712941452,64089.75712941452,63242.18359375,63242.18359375,1069486
2021-11-19,63242.18359375,63242.18359375,63242.18359375,63242.18359375,0
2021-11-22,63437.77166853951,64480.94464462523,63307.37456678905,64415.74609375,1533026
2021-11-23,64546.14909941118,64611.34765625,64024.56064470064,64611.34765625,827620
2021-11-24,64676.54443334236,68849.22125285765,64676.54443334236,68327.6328125,2838050
2021-11-25,68458.0332655386,70413.9823365564,68197.24670846149,69827.1953125,2220047
2021-11-26,69566.39903141493,70544.36970021203,67806.05336274748,68458.03125,1325518
2021-11-29,67349.66528923427,68392.83454254006,65850.11380526541,65915.3046875,1282419
2021-11-30,67806.04841406932,67806.04841406932,64480.9453125,64480.9453125,2014046
2021-12-01,64806.93498634425,66176.09699008217,64089.75854430849,64546.1484375,831086
2021-12-02,65393.72266247912,65719.7154466732,64415.75198573355,64611.34765625,1187029
2021-12-03,64676.54279699178,65719.71197547787,63568.1712271924,63894.16015625,1199386
2021-12-06,63894.16265968714,65198.12610284442,62199.01171875,62199.01171875,1519915
2021-12-07,62655.40045774922,64806.933574916664,62655.40045774922,64024.55859375,1235703
2021-12-08,63894.16090215603,64806.932984507606,63894.16090215603,64350.55078125,764780
2021-12-09,63502.972842438874,64806.93240005028,63437.77428887058,64676.54296875,1213702
2021-12-10,65850.10660315565,67023.67284424984,65132.922542809436,65198.12109375,2834885
2021-12-13,66502.08570149697,66502.08570149697,64676.54159211396,64937.328125,1564220
2021-12-14,64937.330037301625,65524.11702420648,64611.34494263529,64741.734375,1299448
2021-12-15,64872.131564520925,65654.51421470816,64546.14646944596,65132.92578125,1103543
2021-12-16,65719.7154466732,65719.7154466732,63959.36208786183,64611.34765625,1577933
2021-12-17,65198.1254914161,65198.1254914161,62916.19140625,62916.19140625,5237726
2021-12-20,64220.154933971244,64872.1328125,63959.36071222513,64872.1328125,1110475
2021-12-21,64546.14386405054,65067.724600618785,64220.15110629784,64480.9453125,1166534
2021-12-22,64728.7995137555,65401.305111479734,64392.54671489338,64644.734375,2261969
2021-12-23,65149.11245142967,66326.00110526108,64308.48046875,64308.48046875,1758509
2021-12-24,64560.673653853344,65989.75,64560.673653853344,65989.75,1003141
2021-12-27,66326.00349619534,67502.89219245147,65485.36760513237,67082.578125,1103172
2021-12-28,67250.6953125,68091.33113685009,65569.43141995923,67250.6953125,1380352
2021-12-29,66830.3828125,67082.57434121004,66494.13002627314,66830.3828125,519640
2021-12-30,67082.57616181426,67166.63742161247,65317.24316909288,65905.6875,1086874
2021-12-31,66410.06001250181,66578.19028116309,65905.6847188369,66241.9375,498382
2022-01-03,66241.9375,66241.9375,66241.9375,66241.9375,0
2022-01-04,66410.0625,66746.315293758,65569.43439368489,66410.0625,1339017
2022-01-05,66410.05773347981,67586.9463052426,65569.4296875,65569.4296875,1893261
2022-01-06,66073.81099498448,67166.63841313294,65485.36665539069,66494.1328125,1435623
2022-01-07,66914.4478443234,67166.6393872583,65737.55914806726,67082.578125,1141082
2022-01-10,66998.50532753364,67166.63559872686,65989.74696885307,66830.3828125,1295557
2022-01-11,67250.69554760522,67250.69554760522,65989.74568475159,66746.3125,1125138
2022-01-12,66746.31226665806,67250.6953125,65569.43141995923,67250.6953125,2127571
2022-01-13,67671.00982629908,70949.48413519315,67418.82605774984,68847.8984375,2991236
2022-01-14,68847.90163652581,70108.8515625,68091.33478340523,70108.8515625,1797600
2022-01-17,69772.59501628081,73975.76638108208,69184.15071496226,72462.625,3104258
2022-01-18,71874.18267256298,73639.515625,70613.232779725,73639.515625,2003684
2022-01-19,73555.45211193753,73555.45211193753,71453.86643625484,72967.0078125,1080378
2022-01-20,71621.99259949672,73555.45586317837,69856.66736731403,73219.1953125,3300068
2022-01-21,73051.06805537808,75657.02898291986,72378.56250995821,74984.5234375,2955216
2022-01-24,75152.65474735391,78599.25153269443,74143.8886590323,78178.9375,3222122
2022-01-25,77758.61956929234,80700.8412126155,74816.40568212893,80532.7109375,2830384
2022-01-26,80532.71025746362,80532.71025746362,77842.68017144906,79439.890625,2980253
2022-01-27,78178.94365036263,79439.89360380461,75993.28879115921,76497.671875,2046554
2022-01-28,76497.67023311739,77338.30610275599,74816.40625,74816.40625,2427781
2022-01-31,74816.40625,74816.40625,74816.40625,74816.40625,0
2022-02-01,74816.40625,74816.40625,74816.40625,74816.40625,0
2022-02-02,74816.40625,74816.40625,74816.40625,74816.40625,0
2022-02-03,74816.40625,74816.40625,74816.40625,74816.40625,0
2022-02-04,74816.40625,74816.40625,74816.40625,74816.40625,0
2022-02-07,76161.41330666408,78094.86872144799,75236.71622705099,77674.5546875,1914164
2022-02-08,77674.55747797021,77674.55747797021,75741.10199372662,77338.3046875,1353898
2022-02-09,76665.79966793236,77254.24399460392,75909.22506671475,76329.546875,1869404
2022-02-10,76581.72910385407,78515.19231931405,76497.66784636091,76749.859375,2157923
2022-02-11,76749.85861117355,77002.05013730278,75657.03125,75657.03125,1368070
2022-02-14,74059.83303257599,74648.27737676799,72294.5,72294.5,4285967
2022-02-15,72294.5,72294.5,72294.5,72294.5,0
2022-02-16,73555.45461563919,73891.70740445476,72630.75750735645,73135.1328125,1518766
2022-02-17,73135.13133037885,73723.57563792088,72967.00881745797,73555.453125,1690247
2022-02-18,72630.76002406604,73555.45716439022,72630.76002406604,73303.265625,1259182
2022-02-21,72798.87726039572,73639.51307860574,72798.87726039572,73471.3828125,1202139
2022-02-22,73135.13032310536,73135.13032310536,71453.86643625484,72967.0078125,1818976
2022-02-23,73135.13156923497,73135.13156923497,72126.37321993671,73051.0703125,1164820
2022-02-24,72882.94341725629,72967.01243404306,71453.87096195942,71706.0625,2454944
2022-02-25,71706.05995895565,72210.43526100344,71453.86842985197,71537.9296875,1909086
2022-02-28,71537.92993495204,71537.92993495204,70949.4856170612,71033.546875,1561400
2022-03-01,71033.54539424871,71790.11996840537,70697.29261334334,71453.8671875,1529867
2022-03-02,71958.24248077832,71958.24248077832,70781.36162568927,71453.8671875,1955263
2022-03-03,71453.86565939694,71874.1796875,71201.67414007138,71874.1796875,1242648
2022-03-04,71621.98839512469,71874.17991524936,71285.73562034489,71369.796875,1249616
2022-03-07,70865.42159090996,71369.796875,70529.16881613016,71369.796875,1184306
2022-03-08,70445.1039451466,71033.54827463206,68511.6484375,68511.6484375,3467770
2022-03-09,68763.83543297272,69856.66276020506,68679.77417892692,69772.59375,1565179
2022-03-10,69772.60005447331,70361.0443982827,69688.53879283197,70192.921875,1362992
2022-03-11,70361.04030574806,70529.17057541145,69772.5959961654,70445.1015625,1034674
2022-03-14,70024.79255389371,70781.3671875,69940.73129110193,70781.3671875,1698514
2022-03-15,70613.22902310306,70697.29027651098,68091.32937159209,68175.390625,2817747
2022-03-16,68343.52291077076,69940.72555359025,68343.52291077076,69352.28125,1181708
2022-03-17,69772.59375,70192.91553254747,69520.40223170337,69772.59375,1443654
2022-03-18,69856.67002831014,71621.995327738,69688.5397465665,70781.3671875,1661194
2022-03-21,70781.36033625483,71874.17991524936,70613.23007078528,71369.796875,1102935
2022-03-22,71369.796875,71874.17991524936,71369.796875,71369.796875,915393
2022-03-23,71369.796875,71958.24116990449,71369.796875,71369.796875,1141554
2022-03-24,71369.80280645881,71369.80280645881,70192.921875,70192.921875,673406
2022-03-25,70613.23111307641,70613.23111307641,68931.96721436101,69352.28125,1343741
2022-03-28,69772.59403247599,69772.59403247599,68931.96597629624,69268.21875,856697
2022-03-29,69268.22023073431,69772.59552399223,68595.70691279131,68847.8984375,1202966
2022-03-30,68763.8384783032,70192.91864116736,68511.6469488378,68931.96875,1079315
2022-03-31,68931.96999071837,69436.34530256789,68931.96999071837,69016.03125,581524
2022-04-01,69016.03222688004,70276.98215859143,68175.39635368582,69604.4765625,1063254
2022-04-04,69940.72680673146,70697.29363566909,69436.34375,69436.34375,840872
2022-04-05,69604.47124190841,69940.72401425084,69436.34097765757,69772.59375,621324
2022-04-06,69688.5369956514,71453.86998155383,68679.77861348992,71117.6171875,2373337
2022-04-07,71369.79635766635,71621.98787596298,69772.59375,69772.59375,1095968
2022-04-08,70529.1683048899,70529.1683048899,69688.5324959542,69772.59375,930864
2022-04-11,69772.59375,69772.59375,69772.59375,69772.59375,0
2022-04-12,69772.59403247599,69940.7242974075,68595.7054464332,69268.21875,993575
2022-04-13,69772.59403247599,69856.66304302138,68931.96597629624,69268.21875,1004676
2022-04-14,69268.22462333254,69688.53868706131,68091.3359375,68091.3359375,1359803
2022-04-15,68259.45622492571,68511.6477573673,67418.828125,67418.828125,1056758
2022-04-18,67250.69767076169,67418.82794399124,65233.18092896506,65317.2421875,1461251
2022-04-19,65401.303446034944,65989.74776809888,65233.18092896506,65317.2421875,1185015
2022-04-20,65569.43470464733,66326.0015551509,65317.24316909288,65905.6875,1068332
2022-04-21,65905.6875,66578.19309070535,65737.55722424378,65905.6875,2572454
2022-04-22,66494.13261620053,69436.3465493238,66494.13261620053,69100.09375,3279164
2022-04-25,69100.08871230955,69772.59426192865,64728.794883626106,68763.8359375,2928171
2022-04-26,66410.05798264018,67671.0078125,66410.05798264018,67671.0078125,2258072
2022-04-27,67166.63725933884,68931.9702477952,65737.55706542278,68511.6484375,1688593
2022-04-28,68511.6484375,68595.70969709512,66830.38446479855,68511.6484375,666202
2022-04-29,68427.5874935744,69184.1543457403,67250.69882917429,68007.2734375,1487115
2022-05-02,68007.2734375,68007.2734375,68007.2734375,68007.2734375,0
2022-05-03,68007.2734375,68007.2734375,68007.2734375,68007.2734375,0
2022-05-04,68007.26862127542,68091.32987530518,66410.05825775434,67166.6328125,1054160
2022-05-05,67671.01411761127,68511.65000122879,66914.44725166747,68091.3359375,1203793
2022-05-06,66998.50402380261,68259.45388665627,66746.3125,66746.3125,916337
2022-05-09,66241.9378600994,67586.94899206342,65401.30202454212,65485.36328125,1977230
2022-05-10,64812.85685119633,67250.6953125,64812.85685119633,67250.6953125,1093606
2022-05-11,67250.6953125,67502.88683542096,66410.05948814991,67250.6953125,1099865
2022-05-12,66410.06080077164,67166.63538448853,64728.796875,64728.796875,1148286
2022-05-13,64728.79735118997,65569.43319833986,61366.26171875,61366.26171875,2319011
2022-05-16,63467.84692718172,64224.41763205057,62206.89704509357,62375.0234375,1840942
2022-05-17,62375.02264384512,64728.79598566577,61450.32555833561,63888.16015625,2671776
2022-05-18,64728.79625583123,64728.79625583123,63047.52846806213,63383.78125,1040461
2022-05-19,63047.52820491396,64476.60446122509,62879.40181464675,63888.16015625,680019
2022-05-20,63131.59625820885,64308.481044496904,63047.53112014832,63299.72265625,781585
2022-05-23,63551.91073873439,63551.91073873439,61870.642869013805,62543.15234375,745919
2022-05-24,62963.46582552919,63635.975294101496,62459.08663265987,63551.91015625,1061364
2022-05-25,63888.16103403441,64728.796875,62879.40267857143,64728.796875,964877
2022-05-26,64728.796997131474,64812.858254538776,63888.16115457976,64476.60546875,1156080
2022-05-27,64476.60645805092,65065.05078125,64140.353667102834,65065.05078125,1053452
2022-05-30,65065.046654984755,68091.32933775785,64224.41473092534,65569.4296875,1567659
2022-05-31,66326.0,66326.0,65569.43316723572,66326.0,571249
2022-06-01,66410.05798264018,67671.0078125,66410.05798264018,67671.0078125,943382
2022-06-02,67671.0078125,67671.0078125,67671.0078125,67671.0078125,0
2022-06-03,65905.68789241818,66830.38502418384,64224.42002756425,65149.11328125,623331
2022-06-06,65149.1135415787,67250.6993505638,63131.59674938811,66998.5078125,1039870
2022-06-07,66410.06417026497,68931.97182111752,65653.49730432116,68091.3359375,1101873
2022-06-08,68091.33682016228,68091.33682016228,66241.94250592617,66578.1953125,1375510
2022-06-09,66410.06307754683,67166.63768720183,65317.24342736939,65401.3046875,1260717
2022-06-10,65401.303446034944,66410.06181693326,65065.050655735504,65317.2421875,461652
2022-06-13,64728.797148613536,64728.797148613536,62290.95862882008,64224.41796875,1305949
2022-06-14,63467.84699163139,65653.4939732143,62206.897108262776,64728.796875,1259182
2022-06-15,65065.05119220164,65821.6180375734,63299.7220895344,64308.48046875,1468691
2022-06-16,64476.60825444128,67250.69967417208,64308.48185428305,66494.1328125,1428537
2022-06-17,64728.79727278658,65821.61689221411,63972.2265625,63972.2265625,1240758
2022-06-20,66830.38168112547,66830.38168112547,63299.719729354634,63888.16015625,1286935
2022-06-21,63888.16201160764,65317.2421875,63215.65643100876,65317.2421875,1106715
2022-06-22,65485.36280282835,65569.43181508154,63047.52820491396,63888.16015625,1262725
2022-06-23,63131.59597336963,64476.60715163037,62963.46569800715,63804.1015625,697026
2022-06-24,64056.29351840444,64140.3547785582,62711.27845322516,63047.53125,765996
2022-06-27,63467.847906834446,63888.16195529837,62879.40358528915,62963.46484375,1018612
2022-06-28,63047.52808873701,64728.79586639077,62879.401698779606,64140.3515625,1294139
2022-06-29,63720.035308716695,63804.100444925476,63299.72126191226,63467.84765625,1000897
2022-06-30,63467.8466536766,63888.16069384153,62879.40234375,62879.40234375,801190
2022-07-01,62627.21248888429,63047.53041834844,61282.20131952678,62206.8984375,1633323
2022-07-04,62963.46653557635,63215.658073894956,62122.83453798091,62290.9609375,881262
2022-07-05,62963.46528122367,62963.46528122367,61870.64176708076,62206.8984375,1257174
2022-07-06,61954.707447184206,62122.83384482738,57919.66614758837,61198.13671875,1828424
2022-07-07,61114.07037936202,63467.84765625,60273.43840767333,63467.84765625,1486170
2022-07-08,62963.46528122367,63047.53041834844,62122.83330037522,62206.8984375,898741
2022-07-11,61618.45238985243,61786.57878132359,60525.62890625,60525.62890625,780404
2022-07-12,60525.62890625,60525.62890625,60525.62890625,60525.62890625,0
2022-07-13,60357.50390625,61702.515069026944,60021.24723747592,60357.50390625,1629661
2022-07-14,60357.503628777355,61198.13560164843,60189.37335612332,60861.8828125,389021
2022-07-15,60609.6900151887,61786.57863069752,60609.6900151887,60777.81640625,705647
2022-07-18,60945.942945888026,61282.1996069101,60525.62890625,60525.62890625,462243
2022-07-19,60525.63183768908,60609.69309845612,59769.06110038597,59937.1875,959090
2022-07-20,60189.374582461256,60945.9453125,60189.374582461256,60945.9453125,643526
2022-07-21,60945.9453125,61282.20198657937,60609.69251650054,60945.9453125,1375392
2022-07-22,60609.69251650054,61114.07171049974,60525.63125654062,60945.9453125,1192337
2022-07-25,60861.88130369451,61534.38686531952,60525.628522882,61282.19921875,1136948
2022-07-26,61534.38771763766,62543.14995212736,61534.38771763766,62122.83203125,1322483
2022-07-27,62206.8992580629,63047.53125,61954.70772144181,63047.53125,1487941
2022-07-28,63383.78391623062,63551.91031427177,62879.40472210717,63299.72265625,1375628
2022-07-29,63383.78417836762,63467.84931677581,62795.33984375,62795.33984375,1388856
2022-08-01,62795.33754324296,64728.796875,62543.1498934171,64728.796875,1862791
2022-08-02,64728.79732048459,66578.19152964129,63888.161473733475,66326.0,2099581
2022-08-03,65821.61669765985,66830.3828125,65569.4329251094,66830.3828125,1187731
2022-08-04,66830.38152384717,69352.28125,66746.31251179182,69352.28125,2670359
2022-08-05,68931.96875,69268.22153723399,68175.39416160382,68931.96875,1648439
2022-08-08,68931.96875,69352.28279500258,68847.89973607179,68931.96875,1080615
2022-08-09,68931.96925018134,68931.96925018134,67166.63628727366,67923.203125,1438339
2022-08-10,67334.75504161466,68091.32959322608,67334.75504161466,67671.0078125,599357
2022-08-11,68343.52591830974,68931.9702477952,67755.0815888243,68511.6484375,1383541
2022-08-12,68511.64967638481,68847.9024770055,68007.27435353372,68595.7109375,1478375
2022-08-15,68931.96620298443,69184.14996697211,68679.77468283745,68763.8359375,1487469
2022-08-16,68931.9702477952,68931.9702477952,68175.39564295972,68511.6484375,811465
2022-08-17,68259.45690255484,68679.77871285003,68259.45690255484,68511.6484375,902284
2022-08-18,68343.52591830974,68931.9702477952,68259.45690255484,68511.6484375,1852516
2022-08-19,67755.08190139143,68931.97056579155,67755.08190139143,68007.2734375,1355788
2022-08-22,67334.75656808719,68511.64517094543,67250.6953125,67250.6953125,620969
2022-08-23,67250.69785131904,68343.52523984603,67166.63659255841,67418.828125,765288
2022-08-24,68259.45541937242,69688.53558223657,67502.88858713585,68931.96875,1279849
2022-08-25,69100.0912655372,69100.0912655372,68343.52443330061,68931.96875,636322
2022-08-26,68931.96721436101,70361.03958922924,68931.96721436101,69352.28125,1841769
2022-08-29,68427.58416666667,69352.28125,68007.27013102768,69352.28125,1123721
2022-08-30,69352.28603519998,72294.5,69352.28603519998,72294.5,2955806
2022-08-31,72294.4983513801,72714.82016259496,70613.234375,70613.234375,1247017
2022-09-01,70613.234375,70613.234375,70613.234375,70613.234375,0
2022-09-02,70613.234375,70613.234375,70613.234375,70613.234375,0
2022-09-05,70613.23237826703,70865.42390663277,69352.28249259794,69436.34375,1827951
2022-09-06,69436.34499109544,70613.23364039803,69016.03094041297,69520.40625,1213241
2022-09-07,68931.96696120017,69352.28099529551,67082.57280132562,67250.6953125,2708387
2022-09-08,68007.2680843917,68007.2680843917,65569.4296875,65569.4296875,1268748
2022-09-09,65989.74597508782,66662.251537414,65737.55445017562,66241.9375,1215485
2022-09-12,66914.4468738556,66998.50813489476,66241.94127322268,66494.1328125,827644
2022-09-13,66746.31811595113,66746.31811595113,66073.8125,66073.8125,1402909
2022-09-14,64896.923957534535,66830.38330984731,64728.797563169916,65821.6171875,1282329
2022-09-15,65989.75096195578,66662.25657510346,65653.49815538195,66578.1953125,722653
2022-09-16,66662.25101107088,67250.6953125,65989.74545405457,67250.6953125,1794175
2022-09-19,66410.06001250181,67418.82611215056,65569.43193767381,66241.9375,1108368
2022-09-20,66241.94250592617,67250.70092564767,66073.81222455922,66578.1953125,615537
2022-09-21,66662.25278746853,66914.44431710982,65485.36415324888,66326.0,589555
2022-09-22,65317.238171242374,66073.80496385605,65149.107908350896,65569.4296875,1397123
2022-09-23,64896.9250838768,65317.24301612322,63720.03642481876,63804.1015625,1221272
2022-09-26,63131.59638823367,64728.799111954126,62290.96051821665,63047.53125,1483217
2022-09-27,63888.16224043094,63888.16224043094,62375.02467866398,62459.0859375,771665
2022-09-28,62206.8992580629,63047.53125,62038.76898159557,63047.53125,694073
2022-09-29,63888.16239919688,63888.16239919688,62206.8984375,62206.8984375,694191
2022-09-30,61534.38671875,62459.083802821704,60861.881158726836,61534.38671875,1490894
2022-10-03,61786.58075898154,62038.768415220395,59096.550653181264,59348.7421875,1056876
2022-10-04,58844.36396346883,60441.56669884209,58424.04602539378,59937.1875,1512742
2022-10-05,60021.24736311056,60525.63042828751,59769.059708601926,60105.3125,986135
2022-10-06,60525.62839767491,60525.62839767491,58760.29548494155,58928.421875,887521
2022-10-07,58508.10801140517,58508.10801140517,54893.38091929103,56070.26953125,2496279
2022-10-10,55902.14250482214,56910.900836672816,53884.6219630411,54725.25390625,1555377
2022-10-11,54893.38029206609,55481.82459132187,52119.2890625,52119.2890625,1371967
2022-10-12,52959.92662297757,54893.38209479406,52287.41716827981,53800.55859375,1792049
2022-10-13,53884.623916334735,55902.14453125,52707.7352751009,55902.14453125,1885820
2022-10-14,57583.412920846764,57583.412920846764,56574.65066446621,57247.15625,1888773
2022-10-17,56574.65152596814,57163.095861310794,55061.51005739557,55734.01953125,1466093
2022-10-18,57163.09387243088,57163.09387243088,56574.649557562014,56910.90234375,1045185
2022-10-19,57079.02734375,57163.09247728516,56574.6481767781,57079.02734375,740959
2022-10-20,57079.02808090758,58844.36100522747,56406.52251625986,58171.8515625,1791813
2022-10-21,58171.852106403414,59432.805869027354,57163.09375,57163.09375,1516049
2022-10-24,58424.043634544156,58424.043634544156,55313.69955184729,57163.09375,791388
2022-10-25,55481.82637418364,59348.74119316495,55481.82637418364,58760.296875,1813425
2022-10-26,59348.742474244515,59348.742474244515,57583.41335972376,58844.36328125,698443
2022-10-27,59264.67527108496,61282.19972891503,58255.916920249685,60273.4375,1532701
2022-10-28,60945.94573528715,62627.21360502747,60189.375,60189.375,1843541
2022-10-31,61786.578125,61786.578125,60945.94229849404,61786.578125,778751
2022-11-01,62206.8992580629,63047.53125,61618.45492466696,63047.53125,975624
2022-11-02,62206.89728921222,62627.21133283786,60525.629480470285,61870.640625,1482273
2022-11-03,60525.629749679916,61702.51450637804,60525.629749679916,61366.26171875,858114
2022-11-04,60105.31237418941,60945.94435092499,57919.665356597034,60357.50390625,1816378
2022-11-07,60357.50390625,61366.26227833271,59769.05958349517,60357.50390625,1454992
2022-11-08,60525.62864030273,63047.528379368785,60189.37198075816,61030.0078125,1960341
2022-11-09,61786.58050803585,62375.02483366968,61030.00978623232,62206.8984375,1434678
2022-11-10,62122.83384482738,62122.83384482738,60189.37445481109,61198.13671875,1131988
2022-11-11,61366.26190990854,63467.84765625,61366.26190990854,63467.84765625,1552070
2022-11-14,63467.84653272303,64308.4784895306,62290.95791511268,63131.59375,1814606
2022-11-15,62543.15205483774,64224.41991679186,60609.69265626252,63047.53125,1868105
2022-11-16,59096.54872308441,65569.43224186158,59096.54872308441,63131.59375,2775113
2022-11-17,63972.227675678136,64392.5456060579,63467.84848607033,64308.48046875,1943571
2022-11-18,63804.1012791422,64644.73326182187,61870.64190185916,64308.48046875,1848028
2022-11-21,64308.48117694562,64308.48117694562,63047.53125,63047.53125,1307248
2022-11-22,62627.21007342626,63888.15993510549,60945.94229849404,61786.578125,2286416
2022-11-23,61366.260211747016,61786.578125,60861.88104269127,61786.578125,937950
2022-11-24,61786.57964232495,62206.8975658999,60945.94379517506,61366.26171875,1277842
2022-11-25,61450.328125,61870.64217918389,61198.13659002576,61450.328125,1978293
2022-11-28,62627.21126883196,64728.796997131474,62038.76695466171,64476.60546875,1584783
2022-11-29,63888.164841424754,67082.578125,63888.164841424754,67082.578125,2016439
2022-11-30,67502.89159458374,68091.3359375,64728.80015918989,68091.3359375,1561990
2022-12-01,68007.2698812629,68427.58391535823,66578.18975548369,67250.6953125,1392280
2022-12-02,67166.63453575724,71453.8671875,66662.25148631947,71453.8671875,1465975
2022-12-05,70697.29261334334,73135.13109202684,69352.28148972186,71453.8671875,1965184
2022-12-06,71453.86667809103,71621.9891892654,67250.6953125,67250.6953125,1544748
2022-12-07,67250.69994531058,68931.97170983131,65569.43593694978,65989.75,1719299
2022-12-08,66410.06080077164,68091.33248270283,64728.796875,64728.796875,2491555
2022-12-09,65905.6853777331,66578.1909467827,64812.85801090783,64980.98828125,1988922
2022-12-12,66241.93942764816,67671.01185013763,65065.05078125,65065.05078125,2486831
2022-12-13,65653.49343094561,66662.2517780767,65485.36316167736,65737.5546875,2636582
2022-12-14,66998.50431857709,66998.50431857709,65989.74597508782,66241.9375,1279613
2022-12-15,66241.93849756311,67839.14117118057,66073.80822636989,66830.3828125,1476722
2022-12-16,66830.38529123072,69688.53795824733,66326.00221510314,66998.5078125,3729716
2022-12-19,67250.70092564767,68091.33682016228,66410.06503113307,66578.1953125,894607
2022-12-20,66998.50682811643,68931.9700874246,66410.0625,66410.0625,1682216
2022-12-21,68427.58316922089,68427.58316922089,66157.875,66157.875,1136122
2022-12-22,66830.38026478373,68175.39135841647,66662.25,66662.25,1267803
2022-12-23,67418.82995241026,68259.45807512148,66494.1328125,66494.1328125,1274535
2022-12-26,66578.19152964129,67923.20267951541,66326.0,66326.0,1421451
2022-12-27,67418.82995241026,67671.01373552768,66326.00253426182,66494.1328125,1249498
2022-12-28,67586.94809100815,68931.96696120017,66830.38127840466,67250.6953125,1385903
2022-12-29,69184.1517590786,69352.28202891817,67671.01035516043,67839.140625,1461369
2022-12-30,69688.53377380366,69856.66404113744,67250.6953125,67250.6953125,1784372
2023-01-02,67250.6953125,67250.6953125,67250.6953125,67250.6953125,0
2023-01-03,67418.82703539327,69436.34375,67418.82703539327,69436.34375,1287053
2023-01-04,69688.53782297147,69688.53782297147,68763.84068930578,69604.4765625,989559
2023-01-05,69604.47598917194,70613.234375,69352.28445367498,70613.234375,1273826
2023-01-06,70613.234375,71285.73996555204,70529.17311522094,70613.234375,1329215
2023-01-09,72126.37321993671,73051.0703125,71285.7373841084,73051.0703125,1968845
2023-01-10,72462.63096906511,75572.97524301338,72462.63096906511,73387.328125,2494862
2023-01-11,73387.32389271424,73387.32389271424,71537.9296875,71537.9296875,1160923
2023-01-12,71621.99499325689,71621.99499325689,70445.10629502778,71285.7421875,2219099
2023-01-13,71621.99193482305,72714.81932398655,71621.99193482305,72126.375,970782
2023-01-16,72294.50068791329,74396.08654343078,72294.50068791329,73387.328125,868271
2023-01-17,74396.08166863139,75152.65625,73387.32331629946,75152.65625,761272
2023-01-18,75657.03125,76497.6670850443,75152.65595390102,75657.03125,984954
2023-01-19,75236.71600266092,80700.83720848529,73555.45211572386,78178.9375,2027540
2023-01-20,78178.9375,78178.9375,78178.9375,78178.9375,0
2023-01-23,78178.9375,78178.9375,78178.9375,78178.9375,0
2023-01-24,78178.9375,78178.9375,78178.9375,78178.9375,0
2023-01-25,78178.9375,78178.9375,78178.9375,78178.9375,0
2023-01-26,78178.9375,78178.9375,78178.9375,78178.9375,0
2023-01-27,78178.9375,79523.94860954965,76917.97988959799,78178.9375,1832912
2023-01-30,77422.36290297513,77758.61568022885,75488.90749472642,75572.96875,1234145
2023-01-31,75572.97050600618,77254.2421875,73807.63756728554,77254.2421875,1709733
2023-02-01,77338.30738299547,77758.62144669263,74900.46875,74900.46875,1342088
2023-02-02,74480.15015386356,77338.30267662524,74480.15015386356,76161.4140625,1162812
2023-02-03,75909.22155743574,78178.9375,74900.4632252735,78178.9375,1055105
2023-02-06,77842.68327628884,80953.03529252275,76917.98612447875,80700.84375,1359567
2023-02-07,80112.39602599894,80280.5185431542,77338.3046875,77338.3046875,1411767
2023-02-08,77422.3624256814,80868.95918840391,77422.3624256814,79187.6953125,1044948
2023-02-09,78851.44305477482,79860.20138693706,78178.9375,78178.9375,896851
2023-02-10,79439.890625,79439.890625,78010.81044514483,79439.890625,764933
2023-02-13,79692.07748728171,80196.46057174096,77338.30785751187,78599.2578125,1030658
2023-02-14,78599.25302500885,78599.25302500885,76665.79757928208,77758.6171875,1350001
2023-02-15,77758.61571114621,79187.69583216224,76665.79612367696,78178.9375,1062073
2023-02-16,78178.9377331651,79019.5658010611,77506.42442022517,77674.5546875,917164
2023-02-17,78178.9375,78431.12126592103,77338.30167845178,78178.9375,1085220
2023-02-20,78178.93973846956,79439.88962881654,78178.93973846956,78851.4453125,1293195
2023-02-21,79187.6953125,79776.1396081062,79019.56504682994,79187.6953125,797765
2023-02-22,79187.69583216224,79271.75708746925,77758.61571114621,78178.9375,1211115
2023-02-23,78178.9412220726,79019.56932748345,76665.7997737094,78431.125,1211351
2023-02-24,78178.94374622396,79019.57187877604,75657.0360800877,78599.2578125,745683
2023-02-27,78178.94277812443,78599.25683919567,77086.11536071534,78010.8125,591681
2023-02-28,78263.00500824716,78767.38033654641,77842.68318581113,78599.2578125,668209
2023-03-01,77590.49320053219,78515.19027738742,77506.4241890658,78178.9375,861775
2023-03-02,78178.93998404409,78851.44556018698,77170.17386367012,78347.0625,1162930
2023-03-03,77170.17623234303,78010.81210640408,76413.609375,76413.609375,943146
2023-03-06,76497.671875,77506.43028652159,76497.671875,76497.671875,840753
2023-03-07,76917.98164627359,77758.6174870205,76581.72886120674,77254.2421875,1145924
2023-03-08,76497.67128377478,77506.4296875,76245.47974380349,77506.4296875,1029713
2023-03-09,77338.30167845178,78515.19027738742,77086.11015637137,78178.9375,1296856
2023-03-10,77506.42844742551,77758.61998336182,76917.98411562738,77422.3671875,835911
2023-03-13,77338.30618836448,77338.30618836448,76329.54779737741,76917.984375,896615
2023-03-14,76497.671875,76665.80215500026,76077.35780923934,76497.671875,1020029
2023-03-15,77002.05214886481,77338.30494043473,76581.73034228264,76833.921875,954011
2023-03-16,76497.671875,77338.30776268132,75236.72192155803,76497.671875,951886
2023-03-17,76497.67023311739,76581.7314932333,74816.40625,74816.40625,2683468
2023-03-20,74816.40405352873,75236.71809792847,71537.9296875,71537.9296875,1221154
2023-03-21,71790.12318454469,75572.97295631828,71790.12318454469,72714.8203125,1248789
2023-03-22,72798.88171409932,75572.97310336286,72798.88171409932,74816.40625,1246899
2023-03-23,74648.2738842042,76245.4765625,73387.32399312018,76245.4765625,1003259
2023-03-24,76497.67023311739,76497.67023311739,74732.33723372426,74816.40625,744030
2023-03-27,74816.40785579736,76497.671875,73975.77196811604,76497.671875,862248
2023-03-28,76329.5438045641,78094.86895740702,75741.09950156334,77170.171875,998889
2023-03-29,77758.61469591898,77758.61469591898,76077.35083093273,77590.4921875,499326
2023-03-30,77590.49720525737,78347.06405438835,77338.30567016045,77926.75,483855
2023-03-31,78010.81052357456,78347.06331514448,76077.35503300761,76833.921875,1122658
2023-04-03,77086.11536071534,78094.87376098227,76665.8012996441,78010.8125,870042
2023-04-04,78010.81026844041,78094.87152701804,77002.0518970298,77338.3046875,318751
2023-04-05,77590.49746351081,77590.49746351081,76581.73131976555,77422.3671875,396816
2023-04-06,76917.98064339242,77422.36369249618,76665.796875,76665.796875,444410
2023-04-07,76497.6670850443,76581.72834170089,75236.71721055759,75657.03125,882443
2023-04-10,75657.03436347879,75657.03436347879,74816.40625,74816.40625,755013
2023-04-11,74816.40395376628,75657.03204144485,74143.890625,74143.890625,887639
2023-04-12,74227.9609375,74480.15247068013,73975.76940431987,74227.9609375,612230
2023-04-13,74227.95963869552,74396.0821537674,73807.63783869665,74143.890625,579871
2023-04-14,74227.96217708939,74900.46777269394,74143.89316051894,74312.0234375,489878
2023-04-17,74312.0234375,74396.08469791061,73807.64036271666,74312.0234375,577390
2023-04-18,74227.95714529601,74480.14866559203,73555.45159527952,73975.765625,820913
2023-04-19,74059.83313409507,74564.21621728246,73975.77187228383,74396.0859375,492358
2023-04-20,74648.27498869374,74648.27498869374,73975.76940431987,74227.9609375,304461
2023-04-21,73975.76716346169,74059.82841992212,73471.38411238008,73555.453125,421026
2023-04-24,73975.77219968327,74396.08626675965,73135.13630937051,73891.7109375,597349
2023-04-25,74143.89192233348,74396.08345551361,73555.45535312613,74227.9609375,644589
2023-04-26,73975.76762753297,75236.71750698778,73891.70637054519,75152.65625,838746
2023-04-27,74564.21164498595,76077.35304560189,74312.0201188567,75657.03125,685452
2023-04-28,75657.02977509213,76077.3515625,74648.27144640006,76077.3515625,832250
2023-05-01,76077.3515625,76077.3515625,76077.3515625,76077.3515625,0
2023-05-02,76077.3515625,76077.3515625,76077.3515625,76077.3515625,0
2023-05-03,76077.3515625,76077.3515625,76077.3515625,76077.3515625,0
2023-05-04,75657.03588930848,75657.03588930848,74396.0859375,74396.0859375,585776
2023-05-05,74396.07892482537,75572.96750388751,74143.8874070036,75488.90625,266551
2023-05-08,75657.03003535535,78347.06001061402,75488.90752474133,78178.9375,1771736
2023-05-09,78178.936479285,78935.503279489,77590.4921875,77590.4921875,665375
2023-05-10,77254.24342892237,78178.94054175535,77002.0518970298,77338.3046875,492949
2023-05-11,77338.30776268132,77422.36902460146,76497.671875,76497.671875,597113
2023-05-12,76497.67102151967,78010.8125,76329.54849955512,78010.8125,839100
2023-05-15,77338.3008945241,78178.93670755134,76665.79534656602,77086.109375,532040
2023-05-16,77338.30438186777,78263.00149104645,76749.86006183046,77842.6796875,786664
2023-05-17,77758.6209608933,78178.94277812443,77590.49843892876,78010.8125,676358
2023-05-18,78094.87018817617,80700.83896484366,77506.42587590155,79860.203125,1982308
2023-05-19,79439.88683292542,79776.1396081062,77842.67645561755,79187.6953125,519521
2023-05-22,78178.93874335609,78935.50556547035,77506.42542172625,78263.0,734936
2023-05-23,78178.94277812443,78683.31810017794,77422.36816080431,78010.8125,671752
2023-05-24,78010.8125,78010.8125,78010.8125,78010.8125,0
2023-05-25,77842.67943981302,79019.5680761429,76833.92107559866,78347.0625,716394
2023-05-26,78347.06305891061,78599.25459080319,77338.3046875,77338.3046875,335049
2023-05-29,77338.30290843842,79860.20265703193,77338.30290843842,78263.0,697380
2023-05-30,78263.00197760866,79692.07440130413,77674.55765391297,79439.890625,666674
2023-05-31,78935.509052143,79103.63932901683,78263.0034569673,79019.5703125,448898
2023-06-01,79523.95213807745,79523.95213807745,78347.06348692253,78935.5078125,763280
2023-06-02,78935.50479825294,79860.20188082689,78431.1217509728,79776.140625,871341
2023-06-05,80028.33210744306,82970.54586530408,80028.33210744306,82382.1015625,1532701
2023-06-06,82382.10631271398,83222.7421875,81121.15637861488,83222.7421875,896969
2023-06-07,83222.74046476932,83222.74046476932,81541.46875,81541.46875,885277
2023-06-08,81541.46746751074,85492.4474033017,81541.46746751074,84063.375,1581831
2023-06-09,84063.37346367979,85744.63736512006,83222.73763487994,84483.6875,968656
2023-06-12,83979.30293190021,85324.32178487402,82466.16156990423,84904.0,513853
2023-06-13,84063.37514520163,86585.27492588735,83811.18361590113,86164.953125,990740
2023-06-14,86080.89316338165,87425.9120878493,85324.32632024836,86249.0234375,992630
2023-06-15,86164.95012119043,87173.71620322565,85408.38331582333,87005.5859375,1077308
2023-06-16,87594.0334869362,89443.42769781646,86753.39763940164,88266.5390625,1572855
2023-06-19,87089.647948037,87509.96973791896,85492.4453125,85492.4453125,1346221
2023-06-20,84988.07078735858,84988.07078735858,83895.2434312316,83979.3046875,2104069
2023-06-21,83811.18347113511,84483.68904400175,83811.18347113511,84063.375,1402909
2023-06-22,84063.375,84063.375,84063.375,84063.375,0
2023-06-23,84399.6264811609,84399.6264811609,83643.05190626696,83979.3046875,832841
2023-06-26,83306.80041340535,84819.94183043507,83306.80041340535,84063.375,953303
2023-06-27,84063.375,84904.0030880035,83811.18347113511,84063.375,810047
2023-06-28,84063.37323023588,85912.76739476412,83895.24296247904,84988.0703125,969837
2023-06-29,85576.51686698958,86585.27523159356,84988.07254859734,85660.578125,756548
2023-06-30,84988.07210173152,85576.51641702972,84063.375,84063.375,657344
2023-07-03,84063.375,84735.88057286663,83895.24472870355,84063.375,578808
2023-07-04,84651.8193152982,85660.57767459816,83979.30598627198,84063.375,806268
2023-07-05,84904.00476424047,86164.9546772999,84315.56043732476,85744.640625,1126555
2023-07-06,85828.70120080053,85912.77021551887,84483.69003922297,84651.8203125,1205801
2023-07-07,84483.6893828339,88266.5390625,84399.62812492833,88266.5390625,1257528
2023-07-10,88182.48019858795,88182.48019858795,85996.83314058946,86333.0859375,1080733
2023-07-11,85576.51509379802,88266.53734366994,85576.51509379802,86585.2734375,1048255
2023-07-12,86333.0866464468,87846.22812304975,86333.0866464468,87425.9140625,877246
2023-07-13,88266.53781922153,88266.53781922153,87173.71821336316,88182.4765625,1096322
2023-07-14,88182.47780459443,88266.5390625,87425.91097112505,88266.5390625,942083
2023-07-17,88266.53657357045,88266.53657357045,87594.03101696988,88098.4140625,934879
2023-07-18,88182.47680402966,88266.53806098143,87678.09375,87678.09375,696790
2023-07-19,87930.28944883998,90031.87526545997,87930.28944883998,89527.4921875,1093842
2023-07-20,88686.8608643471,89443.42769781646,87089.65042718354,88266.5390625,911259
2023-07-21,88266.5390625,88266.5390625,87425.91097112505,88266.5390625,783475
2023-07-24,88350.61087767316,88602.79465938522,87846.2278019293,87930.2890625,954838
2023-07-25,89748.07810796074,91832.93390471647,89648.79926049618,91038.703125,2374800
2023-07-26,91237.25488490364,92726.4375,91237.25488490364,92726.4375,1146400
2023-07-27,93024.27277170982,93024.27277170982,91832.92669565804,92031.484375,957200
2023-07-28,92031.4915826613,92329.328125,91137.98195564517,92329.328125,1116900
2023-07-31,92329.32570278384,92527.88339246725,90939.421875,90939.421875,1468300
2023-08-01,90939.4200589364,92130.76617324562,90542.3046875,90542.3046875,1281600
2023-08-02,90542.30409836065,90840.140625,90343.74641393442,90840.140625,1055800
2023-08-03,90840.14240997517,90840.14240997517,89847.3539683361,89946.6328125,837900
2023-08-04,90045.90741190343,90443.02276983907,89450.234375,89450.234375,1231600
2023-08-07,89450.23561398678,90145.1875,89350.95677312775,90145.1875,1111700
2023-08-08,90145.19290931642,90542.30829658214,89450.24098160143,90045.9140625,823400
2023-08-09,90045.9098357816,90244.46752009423,89450.23678284368,89549.515625,591600
2023-08-10,89847.35023834746,89847.35023834746,87861.7734375,87861.7734375,1336100
2023-08-11,87861.78002281526,89748.078125,87861.78002281526,89748.078125,920800
2023-08-14,89648.79685744383,89648.79685744383,88358.171875,88358.171875,1471800
2023-08-15,89350.95788807649,89350.95788807649,87861.77525660854,88258.890625,1148500
2023-08-16,88159.61119674888,88755.28424537556,88060.3323553111,88556.7265625,727300
2023-08-17,88556.73136884788,89152.40444980425,87961.0582878915,88755.2890625,2145100
2023-08-18,89152.39902234636,89648.79322625698,88358.16829608938,88854.5625,2430400
2023-08-21,89053.11959736915,89549.51379802338,88556.72539671492,89152.3984375,1710900
2023-08-22,88854.56730769231,89053.125,87166.82692307692,87762.5,1825000
2023-08-23,88258.89051636732,88258.89051636732,85479.08294104866,85677.640625,1754800
2023-08-24,85677.64184626436,87563.93987068965,85379.80531609195,86372.59375,902800
2023-08-25,85578.359375,86372.59008845707,85379.80169663572,85578.359375,1404600
2023-08-28,85776.92068965516,86868.98796695402,85578.36300287356,86372.59375,1378300
2023-08-29,86372.59615384616,87861.77884615384,86273.31730769231,87762.5,1391900
2023-08-30,87861.78003998316,88854.56851501123,87861.78003998316,88457.453125,1350000
2023-08-31,88457.453125,88953.84736251403,87663.22234497755,88457.453125,1531200
2023-09-01,88457.453125,88457.453125,88457.453125,88457.453125,0
2023-09-04,88457.453125,88457.453125,88457.453125,88457.453125,0
2023-09-05,88457.44598016093,90045.90741190343,88457.44598016093,89450.234375,1942200
2023-09-06,89549.515625,89549.515625,89053.1214142184,89549.515625,2017600
2023-09-07,89350.9567039106,90145.1874301676,88854.5625,88854.5625,1765300
2023-09-08,88854.5625,88854.5625,88457.4471368715,88854.5625,1341900
2023-09-11,88953.8406779661,89350.9560381356,87365.37923728814,87861.7734375,1649500
2023-09-12,88358.17010219689,89350.95853031146,88258.89125938543,89251.6796875,1572100
2023-09-13,89350.96275252524,89350.96275252524,88258.89542999439,88457.453125,1582000
2023-09-14,88358.1742774972,88854.56851501123,87464.66464997194,88457.453125,1512600
2023-09-15,88258.88887632238,89152.3984375,87961.05235592985,89152.3984375,2142400
2023-09-18,88854.56125070383,89053.11892947636,87663.2151780687,88159.609375,718100
2023-09-19,88159.61599035187,88556.7313776958,85379.80827894439,87464.6640625,1117200
2023-09-20,87464.66165660512,87762.49818892045,85776.92130681819,87365.3828125,786000
2023-09-21,87365.38218390805,87365.38218390805,86174.03606321839,86372.59375,1066900
2023-09-22,85776.92133258677,88854.56550076987,85379.80595604703,88656.0078125,2408600
2023-09-25,88358.17128009518,88854.56550076987,87663.21937115061,88656.0078125,2210400
2023-09-26,88556.7283045977,88755.2859913793,86273.31490660919,86372.59375,1663200
2023-09-27,86968.27042995444,88358.17429527335,86372.59734481777,87166.828125,1204900
2023-09-28,86571.1520596591,87663.21934481534,85975.47899502842,87365.3828125,1065100
2023-09-29,87663.21508928572,87663.21508928572,86471.86901785714,86868.984375,449300
2023-10-02,86471.87621026012,86571.15505780347,85876.203125,85876.203125,765700
2023-10-03,85876.19830895132,86074.75599290266,85181.24641512167,85677.640625,882600
2023-10-04,85677.640625,85677.640625,84684.85220524334,85677.640625,923800
2023-10-05,85379.80769230769,85379.80769230769,83890.625,83890.625,890000
2023-10-06,83890.62321611533,84784.1328125,82897.83477568794,84784.1328125,800900
2023-10-09,84784.1291555851,84784.1291555851,83394.22539893616,83989.8984375,1096100
2023-10-10,83989.90325566202,85578.36478295586,83989.90325566202,85479.0859375,734100
2023-10-11,85578.36658236994,85876.203125,85081.97234465317,85876.203125,719400
2023-10-12,86273.31427143895,86273.31427143895,84883.41047420059,85379.8046875,714100
2023-10-13,85379.80351472287,85975.4765625,84883.40930824191,85975.4765625,663100
2023-10-16,84982.69171022068,85975.48016477932,84982.69171022068,85479.0859375,332300
2023-10-17,85479.08111721478,85876.19647664436,84883.40807807044,85280.5234375,363400
2023-10-18,84883.40807807044,85379.80227735739,84387.01387878347,85280.5234375,1147400
2023-10-19,84883.41346153847,85379.80769230769,83493.50961538462,83890.625,1363600
2023-10-20,82897.83594671286,84684.85516472583,82103.60518315154,84188.4609375,938400
2023-10-23,83890.625,83890.625,81905.04807692308,83890.625,966600
2023-10-24,83890.62204760175,85876.19890079943,83294.94899164245,85379.8046875,994000
2023-10-25,84486.29807692308,85181.25,83989.90384615384,85181.25,660100
2023-10-26,84387.01923076923,85379.80769230769,82897.83653846155,83890.625,1420300
2023-10-27,83989.90025735294,84387.015625,83195.66952205882,84387.015625,773400
2023-10-30,82897.83128092259,85379.80227735739,82897.83128092259,85280.5234375,592900
2023-10-31,85280.52944088422,86273.3179093462,84287.74097242224,86174.0390625,1345300
2023-11-01,86174.03964977221,87166.828125,85479.08771711276,87166.828125,1479100
2023-11-02,87365.38342696629,88358.171875,85975.47959971911,88358.171875,1057500
2023-11-03,88358.16946709786,88755.2848354893,87464.6598882171,88258.890625,1086600
2023-11-06,88258.88945530726,89152.39902234636,87861.77409217876,88854.5625,774800
2023-11-07,88358.17065402039,88656.00718431483,87663.21875,87663.21875,413900
2023-11-08,87365.37988826816,89053.12018156424,87266.10104748602,88854.5625,1270300
2023-11-09,88854.56302438851,88854.56302438851,87266.1015625,87266.1015625,1166800
2023-11-10,86471.87195675872,86868.98732739827,85379.8046875,85379.8046875,1352000
2023-11-13,85379.80829678362,85479.08714364035,84784.13521564327,84883.4140625,937700
2023-11-14,85379.8046875,85876.19890079943,84784.1316315407,85379.8046875,987500
2023-11-15,85876.20073759978,87067.546875,85876.20073759978,87067.546875,4067800
2023-11-16,86372.59437144887,87365.3828125,86074.75783913353,87365.3828125,1284800
2023-11-17,87166.82199182242,87266.1008323598,84883.40865946261,84982.6875,1588000
2023-11-20,84982.69171022068,86372.59554660278,84387.01863748548,85479.0859375,1098400
2023-11-21,85479.08235601906,86074.7554037962,85181.24583213049,85975.4765625,1151400
2023-11-22,85677.64243620243,86074.7578125,84883.41168360726,86074.7578125,1012700
2023-11-23,86074.7602247807,86174.03907163742,84883.4140625,84883.4140625,647200
2023-11-24,84883.41047420059,85379.8046875,84387.01626090116,85379.8046875,734500
2023-11-27,85379.80769230769,85379.80769230769,84486.29807692308,85181.25,443000
2023-11-28,84883.41346153847,85280.52884615384,84188.46153846155,85181.25,779400
2023-11-29,84784.13340922444,85280.52763293184,84486.296875,84486.296875,733100
2023-11-30,84486.29505792503,84784.1315857438,84089.1796875,84089.1796875,927600
2023-12-01,84287.73678308823,84387.015625,83493.50604779412,84387.015625,714700
2023-12-04,84784.1316315407,85578.36237281977,84188.4585755814,85379.8046875,888100
2023-12-05,85379.80587675644,85479.08472079918,84188.45974824356,84784.1328125,992800
2023-12-06,84684.85039835564,85379.80227735739,84387.01387878347,85280.5234375,638000
2023-12-07,85081.97236282278,85379.80890551643,84387.0204298709,84585.578125,992300
2023-12-08,84585.57330882353,84883.40983455883,84387.015625,84387.015625,1183000
2023-12-11,84387.01983744062,84684.85637804335,83493.51021563243,83592.7890625,1400000
2023-12-12,84089.18329683789,84089.18329683789,83394.23136876484,83592.7890625,1006400
2023-12-13,83592.78483422939,83890.62135976703,83096.390625,83096.390625,1152900
2023-12-14,83394.22837677725,83890.62259330568,83394.22837677725,83791.34375,840600
2023-12-15,83394.23015510949,83791.3455368005,81607.2109375,81607.2109375,2530300
2023-12-18,82202.88278374233,82302.16162768405,80912.2578125,80912.2578125,1804000
2023-12-19,80912.25840902093,80912.25840902093,79522.3545835899,80614.421875,1961300
2023-12-20,80614.41946670777,80713.69830841554,79919.46757475339,80515.140625,1872300
2023-12-21,80415.864782911,80415.864782911,79720.912865034,80316.5859375,2030300
2023-12-22,80316.5859375,80515.14362832201,79820.191710445,80316.5859375,1579800
2023-12-25,80316.58416106357,81210.09375,80118.02647463325,81210.09375,1301600
2023-12-26,81408.6520606884,82202.8828125,81408.6520606884,82202.8828125,971200
2023-12-27,82302.15924463423,82599.99576783554,81905.04388036577,82103.6015625,899600
2023-12-28,82103.60396852354,82500.71934442935,81805.7674365942,82202.8828125,703200
2023-12-29,82897.83716337173,83294.9525509807,79720.9140625,79720.9140625,1621700
2024-01-01,79720.9140625,79720.9140625,79720.9140625,79720.9140625,0
2024-01-02,82302.1628648952,82997.11478293414,81607.21094685628,82897.8359375,1785800
2024-01-03,82897.83653846155,83890.625,82202.88461538462,83890.625,1373000
2024-01-04,83890.6196794965,85578.35995707219,83394.22548020956,85280.5234375,2657900
2024-01-05,85280.5228574536,85578.359375,85081.96517908933,85578.359375,1180300
2024-01-08,85677.64482826901,86174.0390625,85677.64482826901,86174.0390625,1607800
2024-01-09,86174.03964977221,87266.10697252279,86174.03964977221,87166.828125,1926400
2024-01-10,87166.8222067039,88854.5625,86571.14916201116,88854.5625,1795400
2024-01-11,88854.56550076987,89350.95972144457,87961.05590355543,88656.0078125,1489100
2024-01-12,87464.66286464206,88854.5667013106,86769.71094630778,88060.3359375,1909500
2024-01-15,88358.1724826389,89450.23978298611,88258.89363715278,89350.9609375,1914200
2024-01-16,88358.1724826389,89450.23978298611,88258.89363715278,89350.9609375,1367200
2024-01-17,88358.17072332233,90343.74759350935,88358.17072332233,90244.46875,1578200
2024-01-18,90244.46575706641,90542.3022777168,89350.95619511526,90443.0234375,1422900
2024-01-19,90343.74940942225,92329.32631951944,89748.07633639309,91932.2109375,1472600
2024-01-22,92825.72176460597,92825.72176460597,91336.5390625,91336.5390625,1046300
2024-01-23,91435.81367827869,91733.65020491803,89748.07336065573,90840.140625,1256900
2024-01-24,90939.41763858397,91336.53299945116,90244.46575706641,90443.0234375,744700
2024-01-25,90443.0234375,90443.0234375,90443.0234375,90443.0234375,0
2024-01-26,90939.42367527174,91336.5390625,90740.86598165761,91336.5390625,953100
2024-01-29,91137.9777446546,91336.53543037281,90244.4681589227,90542.3046875,730500
2024-01-30,90542.30769230769,90542.30769230769,89450.24038461539,90343.75,888600
2024-01-31,89946.62907838983,89946.62907838983,87861.7734375,87861.7734375,945600
2024-02-01,87365.37931514476,89549.51379802338,87365.37931514476,89152.3984375,598100
2024-02-02,89152.3984375,89152.3984375,89152.3984375,89152.3984375,0
2024-02-05,89549.51862847223,89946.63401041667,88755.28786458334,89350.9609375,1949000
2024-02-06,89648.79322625698,89946.62974860334,88457.4471368715,88854.5625,1352300
2024-02-07,89350.9609375,90145.19170138889,88656.00901909723,89350.9609375,1371400
2024-02-08,89350.9609375,89350.9609375,89350.9609375,89350.9609375,0
2024-02-09,89350.9609375,89350.9609375,89350.9609375,89350.9609375,0
2024-02-15,89350.95853031146,90045.91042999167,88457.44894500835,89251.6796875,1046700
2024-02-16,89251.68028041295,89549.5168108259,88854.56490652902,88953.84375,734100
2024-02-19,89251.67909853104,89847.35215146896,88656.00604559312,89549.515625,1045300
2024-02-20,89450.23979155258,90740.86478299562,88755.28787308325,90641.5859375,1404300
2024-02-21,91038.6989017955,91038.6989017955,89847.35278748629,90542.3046875,1367400
2024-02-22,89946.62974860334,90343.74511173184,88854.5625,88854.5625,1223900
2024-02-23,88854.56367758717,90740.86167744656,88258.890625,88258.890625,1800900
2024-02-26,88258.88945530726,89350.9567039106,88258.88945530726,88854.5625,722000
2024-02-27,88953.84083424808,90542.3022777168,88457.4466331641,90443.0234375,1604900
2024-02-28,90343.74775410678,96697.59375,89748.07469199179,96697.59375,4219900
2024-02-29,97789.65859455294,99775.23541880782,96598.3125,96598.3125,1897000
2024-03-01,97491.8220709147,97491.8220709147,94215.62031089414,96598.3125,2379600
2024-03-04,97293.26432291666,97293.26432291666,94910.57213541666,95307.6875,1640400
2024-03-05,95903.36416884816,95903.36416884816,94513.46034031414,94811.296875,1364800
2024-03-06,94811.29927758891,96101.92429393306,94414.18388794456,94910.578125,2070600
2024-03-07,95208.41165677192,96697.59432085072,94811.29627968423,95109.1328125,2362300
2024-03-08,95208.41043145373,95804.08348941903,94414.1796875,94414.1796875,2229600
2024-03-11,94414.17904821997,95307.68862911795,93421.390625,93421.390625,1840000
2024-03-12,93421.39003740731,94215.62077098782,93322.11119570975,93719.2265625,1107000
2024-03-13,94215.62024739583,95804.08170572916,93619.94720052084,95307.6875,3124500
2024-03-14,95307.68684210526,95406.96568256579,93917.78307565789,94314.8984375,2319300
2024-03-15,94314.89777260637,94314.89777260637,93222.83053523935,93322.109375,2302500
2024-03-18,93619.95314180107,93818.51083669355,91832.93388776881,92329.328125,1839300
2024-03-19,91832.9296875,92825.71811655405,91832.9296875,91832.9296875,868500
2024-03-20,91832.93090296406,93421.39241047479,91832.93090296406,92527.8828125,897700
2024-03-21,93322.11479122899,94811.29747406776,93322.11479122899,94513.4609375,1452700
2024-03-22,94513.45857105809,96101.92005964731,94513.45857105809,95704.8046875,1844100
2024-03-25,94314.8996701933,96201.19766359718,93421.39009437044,95009.8515625,1368800
2024-03-26,95307.68691588784,95903.35995911215,95109.12923481308,95605.5234375,735400
2024-03-27,95506.24818958768,95506.24818958768,94910.57512395615,95109.1328125,1046200
2024-03-28,95506.24577129049,95704.8034548067,94910.5727207419,95009.8515625,1232800
2024-03-29,95208.41346153847,95208.41346153847,94215.625,94215.625,801200
2024-04-01,94215.62440093225,95307.69170168067,94017.06670988708,94513.4609375,1221000
2024-04-02,94414.18087797619,94513.45972222222,93222.83474702381,93818.5078125,969000
2024-04-03,93719.22774520256,94116.34311700426,93123.5546875,93123.5546875,1321100
2024-04-04,94215.62024739583,95307.6875,93719.22604166667,95307.6875,2022700
2024-04-05,94116.34615384616,94910.57692307692,93520.67307692308,94215.625,779200
2024-04-08,94215.625,94612.74038461539,93520.67307692308,94215.625,864100
2024-04-09,94314.90505699893,94712.02044671262,93520.67427757158,93619.953125,686800
2024-04-10,93619.95012400794,93917.78665674603,93421.39243551588,93818.5078125,737400
2024-04-11,93322.109375,93917.78241356382,92825.7151761968,93322.109375,778000
2024-04-12,93818.51021571089,94811.29868360201,93123.55828818711,93917.7890625,844800
2024-04-15,93917.78907948369,95804.08716881793,91336.5390625,91336.5390625,1900300
2024-04-16,93123.55769230769,93123.55769230769,89847.35576923077,90343.75,1857700
2024-04-17,90542.30345303868,91435.8130265884,88854.56314744476,89847.3515625,1452600
2024-04-19,89350.95735497237,90244.4669285221,89053.1208304558,89847.3515625,1324800
2024-04-22,89847.3539683361,90740.86356581126,89549.51743584438,89946.6328125,999100
2024-04-23,89946.62857241953,90542.30160932297,88556.72481964483,89450.234375,1562900
2024-04-24,90343.74818915564,90443.02703331954,89450.23859168046,89946.6328125,1925200
2024-04-25,89946.63461538462,92230.04807692308,89847.35576923077,90343.75,1235700
2024-04-26,91038.6989017955,92627.16038754112,90542.3046875,90542.3046875,1698300
2024-04-29,90542.3046875,90542.3046875,90542.3046875,90542.3046875,0
2024-04-30,90542.3046875,90542.3046875,90542.3046875,90542.3046875,0
2024-05-02,91435.81550088411,91832.93087765234,90443.02705896355,91237.2578125,932400
2024-05-03,91733.6508445946,92726.43927364865,91137.97778716216,91832.9296875,1470700
2024-05-06,92230.04927755377,92627.16466733871,92031.4915826613,92329.328125,1147200
2024-05-07,92726.44109930033,93421.39301332078,92230.046875,92230.046875,1154200
2024-05-08,92031.4915826613,92527.88581989247,91435.81849798387,92329.328125,1246000
2024-05-09,92230.04505912162,92726.43927364865,91634.37200168919,91832.9296875,606600
2024-05-10,92031.49099014945,92031.49099014945,91038.7025220788,91336.5390625,823400
2024-05-13,91435.81730769231,91733.65384615384,89847.35576923077,90343.75,1232600
2024-05-14,90443.02703331954,90939.42125413907,89847.3539683361,89946.6328125,818400
2024-05-15,90343.75,90641.58653846155,90145.19230769231,90343.75,883100
2024-05-16,91336.53786447084,92031.48978300486,90840.14363694655,91932.2109375,1713900
2024-05-17,91932.20729507081,91932.20729507081,91038.69772092866,91137.9765625,1084700
2024-05-20,91634.37318926823,92329.32509861262,91137.97896830794,91237.2578125,1043800
2024-05-21,91237.25415923436,91336.53299945116,90045.90807663281,90443.0234375,1486400
2024-05-22,90840.14483703142,91038.70253066428,90045.9140625,90045.9140625,1347700
2024-05-23,90045.91346153847,90840.14423076923,89847.35576923077,90343.75,1317500
2024-05-24,90343.74636225056,90343.74636225056,89350.95794068737,89549.515625,2241500
2024-05-27,89748.07330931263,89946.63099362528,89053.1214142184,89549.515625,1058500
2024-05-28,89152.40444115215,90045.9140625,89152.40444115215,90045.9140625,1350100
2024-05-29,90145.18683880847,90343.74451907015,89152.3984375,89152.3984375,1186300
2024-05-30,88854.56427236173,89053.12195788657,87861.77584473758,87961.0546875,2356000
2024-05-31,88060.33103676893,88358.1675566227,86571.1484375,86571.1484375,3921500
2024-06-03,86571.1484375,86571.1484375,86571.1484375,86571.1484375,0
2024-06-04,88258.89362845266,88556.73016488162,87663.2205555947,88060.3359375,1814600
2024-06-05,88060.33053561374,88854.56125070383,87961.05169622749,88159.609375,1882800
2024-06-06,88258.89303019663,89053.1237886236,88159.61418539326,88358.171875,1699700
2024-06-07,88457.44647775425,89053.11951800848,87861.7734375,87861.7734375,1129500
2024-06-10,88258.89240944602,88556.72894176136,87266.10396839489,87365.3828125,2641600
2024-06-11,87663.21567696387,87762.49451691513,86471.86959754874,86571.1484375,2252400
2024-06-12,86769.71094630778,88556.73016488162,86372.59556440248,88060.3359375,2249800
2024-06-13,88258.89423076923,88457.45192307692,87762.5,87762.5,1600400
2024-06-14,87861.77276785714,88457.44580357142,86868.984375,86868.984375,2482100
2024-06-17,86968.26923076923,87166.82692307692,86471.875,86471.875,2293700
2024-06-18,86868.99038461539,87861.77884615384,86471.875,86471.875,1370900
2024-06-19,86670.42845157333,86868.98613416571,85876.19772120382,85975.4765625,2174300
2024-06-20,85975.47774345931,85975.47774345931,84982.68931686047,85379.8046875,2648800
2024-06-21,85479.08353015989,86074.75658611918,84883.41047420059,85379.8046875,1808400
2024-06-24,85379.80829678362,86769.71215277778,84883.4140625,84883.4140625,2149800
2024-06-25,85081.97175621345,86074.7602247807,84883.4140625,84883.4140625,1565900
2024-06-26,85280.53005795188,85677.6454482101,84585.578125,84585.578125,1706900
2024-06-27,84585.578125,85379.80890551643,84585.578125,84585.578125,1423000
2024-06-28,85379.80890551643,85379.80890551643,84387.0204298709,84585.578125,1112400
2024-07-01,85181.2494011324,85578.36478295586,84585.57632839722,85479.0859375,1179200
2024-07-02,86074.75488945578,88159.61054421769,85578.36068594105,87563.9375,2425200
2024-07-03,87365.37923728814,88060.33111758475,87166.8215572034,87861.7734375,2250700
2024-07-04,87961.05587713068,89053.12316228694,87365.3828125,87365.3828125,3060300
2024-07-05,87464.66165660512,88556.72894176136,87365.3828125,87365.3828125,1847400
2024-07-08,87365.37915711009,88060.33103676893,86571.1484375,86571.1484375,1143800
2024-07-09,86868.99098148411,87762.50060300794,86074.76020679626,87464.6640625,1549000
2024-07-10,87663.21815921276,88556.7277440745,87365.3816309255,87961.0546875,1722900
2024-07-11,87961.05829667991,88258.89483718785,87464.6640625,87464.6640625,1445100
2024-07-12,87563.93867722603,87961.05404537672,86968.265625,86968.265625,1373400
2024-07-15,86968.26321428572,87663.21508928572,86868.984375,86868.984375,1172000
2024-07-16,86968.26503839591,87961.05345207623,86968.26503839591,87266.1015625,1534100
2024-07-17,88159.61356534091,89350.95969460228,86868.98859197444,87365.3828125,3362500
2024-07-18,87663.21934481534,88159.61356534091,87266.10396839489,87365.3828125,1651700
2024-07-19,87365.37857142856,88159.60928571428,86868.984375,86868.984375,1323100
2024-07-22,86868.9891854333,87663.21994370011,86670.4314958666,87067.546875,1461100
2024-07-23,87166.82089285714,87663.21508928572,86868.984375,86868.984375,1410400
2024-07-24,86769.70553571428,87464.65741071428,86769.70553571428,86868.984375,1476700
2024-07-25,86968.26621563574,87067.54505834765,86571.15084478808,86670.4296875,881000
2024-07-26,86670.4296875,87067.54505834765,86571.15084478808,86670.4296875,903300
2024-07-29,86968.26621563574,87166.82390105956,86670.4296875,86670.4296875,452800
2024-07-30,86670.42669642856,87663.21508928572,86670.42669642856,86868.984375,977800
2024-07-31,86868.98625805775,88556.7265625,86868.98625805775,88556.7265625,1863400
2024-08-01,88656.01020707001,90740.865990215,88556.73136025357,90045.9140625,4800600
2024-08-02,89748.07631059752,89748.07631059752,88060.3359375,88060.3359375,1511400
2024-08-05,87861.77394994246,87861.77394994246,86273.3125,86273.3125,3059700
2024-08-06,86273.31431665235,87067.54505834765,86074.75663122852,86670.4296875,1653100
2024-08-07,86769.71034064994,87067.546875,86372.59496151653,87067.546875,713000
2024-08-08,87067.54505834765,87067.54505834765,86571.15084478808,86670.4296875,961200
2024-08-09,86769.71034064994,87663.21994370011,86769.71034064994,87067.546875,1136700
2024-08-12,87762.50121013667,87762.50121013667,86670.43388738611,87166.828125,1060300
2024-08-13,86968.26452513966,88854.5625,86968.26452513966,88854.5625,1592900
2024-08-14,88656.00778586647,88755.2866299716,87166.82512428978,87365.3828125,1492800
2024-08-15,87365.38099315068,88159.61172945205,86968.265625,86968.265625,921000
2024-08-16,87365.38521566402,88258.89483718785,87365.38521566402,87464.6640625,1370400
2024-08-19,88159.609375,88656.0035719313,87663.2151780687,88159.609375,1655200
2024-08-20,88258.88952367842,90145.1875,88258.88952367842,90145.1875,3384300
2024-08-21,90145.18877963362,92329.32330953664,89748.07341056035,92130.765625,2745300
2024-08-22,92230.04263900162,92527.8791599026,91435.81191659902,91733.6484375,1413500
2024-08-23,91832.92727780032,92130.7637987013,89847.35047179383,91733.6484375,1075500
2024-08-26,91435.81790930706,91932.21214334239,90939.42367527174,91336.5390625,1565800
2024-08-27,91336.53483606556,91435.81367827869,90244.46757172131,90840.140625,900600
2024-08-28,91038.69647880076,91237.25415923436,90443.0234375,90443.0234375,1031600
2024-08-29,90343.74641393442,91733.65020491803,90343.74641393442,90840.140625,1496300
2024-08-30,90840.14543007089,91634.37620978734,90840.14543007089,91038.703125,1669800
2024-09-04,90443.02884615384,90443.02884615384,89648.79807692308,90343.75,1012700
2024-09-05,89946.62857241953,90443.02276983907,89450.234375,89450.234375,1184100
2024-09-06,89549.515625,90145.18867793791,89152.40025637472,89549.515625,784800
2024-09-09,89450.23678284368,89549.515625,88556.7272034368,89549.515625,702800
2024-09-10,89450.23916783708,89549.51801264046,88358.171875,88358.171875,1192200
2024-09-11,87961.05769230769,88358.17307692308,87365.38461538462,87762.5,1027300
2024-09-12,87861.77409217876,89450.23554469274,87762.49525139664,88854.5625,1609600
2024-09-13,89152.40084468854,89549.51621593437,88457.44894500835,89251.6796875,1624800
2024-09-16,88953.84251968503,89350.95788807649,88159.61178290214,88258.890625,727700
2024-09-17,88358.16893991713,89847.3515625,87961.05357389503,89847.3515625,970800
2024-09-18,89946.63461538462,91237.25961538462,89053.125,90343.75,1721200
2024-09-19,90343.74641393442,91038.69830942623,90244.46757172131,90840.140625,1345500
2024-09-20,91137.97894246689,91336.5366307947,89946.6328125,89946.6328125,2180400
2024-09-23,90641.5841240374,90939.42065456546,90244.46875,90244.46875,696500
2024-09-24,90244.4681589227,90840.1412160773,90244.4681589227,90542.3046875,522400
2024-09-25,90840.14067551185,92329.32330953664,90542.3041487069,92130.765625,2602400
2024-09-26,92230.04505912162,93123.55464527027,91832.9296875,91832.9296875,1816800
2024-09-27,91832.9296875,92924.99695945946,91832.9296875,91832.9296875,1070900
2024-09-30,91832.93329653532,91832.93329653532,91336.5390625,91336.5390625,1276900
2024-10-01,91634.3756029212,92726.44291779891,91336.5390625,91336.5390625,1724400
2024-10-02,91634.36901631608,92031.484375,91137.97481796116,92031.484375,1378900
2024-10-03,91932.2109375,93222.83592906318,91733.65324649028,91932.2109375,1699200
2024-10-04,91832.93269230769,92130.76923076923,91634.375,91634.375,859700
2024-10-07,91634.3756029212,91832.93329653532,91137.98136888587,91336.5390625,610700
2024-10-08,91336.53483606556,91336.53483606556,90343.74641393442,90840.140625,1123100
2024-10-09,90641.58653846155,91137.98076923077,90244.47115384616,90343.75,2175700
2024-10-10,91634.37318926823,92329.32509861262,90542.3059031556,91237.2578125,1325200
2024-10-11,91237.25599385245,91237.25599385245,90542.30409836065,90840.140625,1083500
2024-10-14,91535.09009163019,91535.09009163019,90641.58053542122,90740.859375,930700
2024-10-15,90641.58053542122,91435.81125205143,90641.58053542122,90740.859375,1430600
2024-10-16,90740.86178278687,91137.97715163934,90641.58294057376,90840.140625,1293000
2024-10-17,91336.53606290671,91634.37259354664,91038.69953226681,91535.09375,1285400
2024-10-18,92031.48495840098,92428.60031960228,91336.5330762987,91733.6484375,1162700
2024-10-21,91832.93329653532,92627.16407099184,91336.5390625,91336.5390625,1423100
2024-10-22,91336.53241247265,91535.09009163019,90740.859375,90740.859375,1259500
2024-10-23,90542.30409836065,91137.97715163934,90542.30409836065,90840.140625,749300
2024-10-24,91535.09736232279,91634.37620978734,90740.86658260632,91038.703125,755400
2024-10-25,91435.81308721405,91634.37077035675,91038.69772092866,91137.9765625,996300
2024-10-28,90840.14482846468,91634.3756029212,90840.14482846468,91336.5390625,1105800
2024-10-29,91435.81790930706,91932.21214334239,91336.5390625,91336.5390625,1297600
2024-10-30,91336.53966739368,91733.6550572519,90939.42427753544,91038.703125,626500
2024-10-31,90840.14423076923,94314.90384615384,90840.14423076923,92925.0,2888900
2024-11-01,93322.11296791444,94215.62256016042,92825.71875,92825.71875,1729900
2024-11-04,93322.11233108108,94612.73728885135,91733.6508445946,91832.9296875,1853600
2024-11-05,91932.2109375,92329.32631951944,91336.53786447084,91932.2109375,1082700
2024-11-06,92130.76803013994,92726.44109930033,92130.76803013994,92230.046875,1416800
2024-11-07,92527.8828125,93222.83472203594,92527.8828125,92527.8828125,1418900
2024-11-08,92825.71871610629,93222.83409029283,91535.09375,91535.09375,1380000
2024-11-11,92130.76983695652,92130.76983695652,91237.26021569294,91336.5390625,1873400
2024-11-12,91336.53665669206,92527.88278699674,91237.2578125,91237.2578125,1336300
2024-11-13,91237.25663006757,92230.04505912162,91237.25663006757,91832.9296875,1331800
2024-11-14,91336.5390625,91832.93329653532,91237.26021569294,91336.5390625,1719700
2024-11-15,91336.53966739368,91832.93390471647,90939.42427753544,91038.703125,1508600
2024-11-18,91038.70192307692,91634.375,90244.47115384616,90343.75,1874900
2024-11-19,90840.14361979166,90939.42246527778,89350.9609375,89350.9609375,1577000
2024-11-20,89350.96034053157,90542.30647840531,89251.68149570875,89648.796875,1640700
2024-11-21,89748.07272099447,90641.5822945442,89549.51503798342,89847.3515625,1461100
2024-11-22,90343.74818915564,90641.58472164735,89946.6328125,89946.6328125,1729700
2024-11-25,90244.47055551753,91535.09554696057,90244.47055551753,90641.5859375,1814000
2024-11-26,90740.86003449676,92230.04263900162,90740.86003449676,91733.6484375,1759900
2024-11-27,91634.36901631608,92527.87857335492,91634.36901631608,92031.484375,1047200
2024-11-28,92428.6051650243,92825.72054704373,91832.93209199514,91932.2109375,1289900
2024-11-29,91932.21213491425,92627.1640625,91832.9332881163,92627.1640625,1010500
2024-12-02,94215.62378914544,94414.18147890127,93222.83534036625,93520.671875,1573100
2024-12-03,93719.23198924732,93719.23198924732,91932.21273521506,92329.328125,2445800
2024-12-04,92130.76684491978,93222.83412433155,91832.93031417113,92825.71875,1204400
2024-12-05,92329.32097739361,93917.78241356382,92329.32097739361,93322.109375,2333000
2024-12-06,93322.11418524417,94612.73916865712,93222.83534036625,93520.671875,1700100
2024-12-09,93520.66713667366,94612.734375,93222.83061713012,94612.734375,1957500
2024-12-10,94612.73856646825,94612.73856646825,93818.5078125,93818.5078125,912700
2024-12-11,93818.51022407557,94116.34676446946,92527.88521570204,92627.1640625,1609700
2024-12-12,92825.71875,93719.22834224599,92825.71875,92825.71875,671500
2024-12-13,92527.88040413534,92924.99577067669,92230.04387922933,92428.6015625,1227700
2024-12-16,92329.32272086466,92527.88040413534,92230.04387922933,92428.6015625,1121800
2024-12-17,92329.328125,92428.60697244624,92130.77043010753,92329.328125,1048100
2024-12-18,92329.32272086466,92627.15924577067,92329.32272086466,92428.6015625,530300
2024-12-19,92130.7637987013,92130.7637987013,91535.09075689936,91733.6484375,1869700
2024-12-20,91733.6508445946,92230.04505912162,91634.37200168919,91832.9296875,1245900
2024-12-23,91932.20611810066,92130.7637987013,91733.6484375,91733.6484375,707200
2024-12-24,92031.4855456026,92130.76438653638,91336.53365906623,91435.8125,1024300
2024-12-25,91535.09075689936,93123.55220170454,91535.09075689936,91733.6484375,1827700
2024-12-26,91832.92786373507,92130.76438653638,91336.53365906623,91435.8125,2202900
2024-12-27,91832.9302806399,92329.3244983731,91535.09375,91535.09375,1639900
2024-12-30,91535.09675611413,91832.93329653532,91336.5390625,91336.5390625,1706700
2024-12-31,91535.09311609101,91733.65080180921,90542.3046875,90542.3046875,2374000
2025-01-02,90939.42127992383,91832.93087765234,90840.14243573177,91237.2578125,1630500
2025-01-03,91237.26021569294,91733.65444972826,91237.26021569294,91336.5390625,1402200
2025-01-06,91336.53727125943,92726.44109930033,91237.25842639935,92230.046875,1936800
2025-01-07,92527.88461538462,92527.88461538462,91634.375,91634.375,1252400
2025-01-08,91634.36959719968,91733.6484375,90840.13887479708,91733.6484375,1052000
2025-01-09,91336.53665669206,91535.09434507617,91038.70012411589,91237.2578125,738300
2025-01-10,91237.25357289387,91733.64777078775,90740.859375,90740.859375,1112500
2025-01-13,90641.58474734766,91237.2578125,90443.02705896355,91237.2578125,937600
2025-01-14,91237.26081992911,91237.26081992911,90542.30888767721,91038.703125,677300
2025-01-15,91237.25357289387,91237.25357289387,90740.859375,90740.859375,445300
2025-01-16,91237.25357289387,91237.25357289387,90740.859375,90740.859375,445300
2025-01-17,92031.48737331081,92329.32390202703,91535.09315878378,91832.9296875,1122600
2025-01-20,91634.37620978734,91832.93390471647,90939.42427753544,91038.703125,1761500
2025-01-21,91435.81125205143,91435.81125205143,90641.58053542122,90740.859375,1264900
2025-01-22,91336.53543037281,91336.53543037281,90542.3046875,90542.3046875,979100
2025-01-23,90641.58357263514,92230.04505912162,90641.58357263514,91832.9296875,1685100
2025-01-24,91435.8167099757,92329.32631951944,91435.8167099757,91932.2109375,944000
2025-01-27,91932.2109375,91932.2109375,91932.2109375,91932.2109375,0
2025-01-28,91932.2109375,91932.2109375,91932.2109375,91932.2109375,0
2025-01-29,91932.2109375,91932.2109375,91932.2109375,91932.2109375,0
2025-01-30,91932.2109375,91932.2109375,91932.2109375,91932.2109375,0
2025-01-31,91932.2109375,91932.2109375,91932.2109375,91932.2109375,0
2025-02-03,91634.37378889193,91733.65263373363,90939.421875,90939.421875,1435800
2025-02-04,91435.81790930706,91535.09675611413,91038.7025220788,91336.5390625,855200
2025-02-05,91336.53786447084,92130.76862850972,91336.53786447084,91932.2109375,1345800
2025-02-06,92130.76803013994,92726.44109930033,92031.48918527988,92230.046875,1351600
2025-02-07,92230.04927755377,92527.88581989247,91832.93388776881,92329.328125,2260900
2025-02-10,92230.04565482646,92230.04565482646,91237.25721936008,91535.09375,2298100
2025-02-11,91535.09434507617,91634.37318926823,91038.70012411589,91237.2578125,1039400
2025-02-12,91237.25599385245,91832.92904713114,90840.140625,90840.140625,1054100
2025-02-13,91237.25840952511,91237.25840952511,90740.8641853166,90939.421875,862300
2025-02-14,91535.09494405023,91535.09494405023,90840.1430301583,90939.421875,947800
2025-02-17,90840.1430301583,91336.53725436682,90840.1430301583,90939.421875,787100
2025-02-18,90939.421875,91336.53725436682,90740.8641853166,90939.421875,1065500
2025-02-19,90939.42427753544,91038.703125,90641.58773514176,91038.703125,1509500
2025-02-20,91535.09736232279,91634.37620978734,91038.703125,91038.703125,1636600
2025-02-21,91435.81314614661,92428.6015625,91435.81314614661,92428.6015625,2513400
2025-02-24,92627.16106283422,92825.71875,92031.4880013369,92825.71875,1956000
2025-02-25,92825.72054704373,92924.9993925486,91832.93209199514,91932.2109375,1926600
2025-02-26,91932.21153846155,92230.04807692308,91535.09615384616,91634.375,769200
2025-02-27,94215.61893284574,94712.01313164893,93322.109375,93322.109375,5028800
2025-02-28,93520.67368368167,93520.67368368167,92627.1640625,92627.1640625,2070800
2025-03-03,62090.781351780635,62090.781351780635,61758.74790828911,61957.96875,1870245
2025-03-04,61891.55869162846,62024.37516758669,61559.521379812664,61758.74609375,3735855
2025-03-05,61758.74609375,62290.00424142337,61758.74609375,61758.74609375,2721199
2025-03-06,62090.78125,62555.63505066994,61891.560408615675,62090.78125,3524612
2025-03-07,62157.18880103669,63286.11335317102,62090.78056195118,63153.296875,5979252
2025-03-10,64016.5935729088,64680.66434222184,63817.37272992288,64282.22265625,6621056
2025-03-11,63750.9644895676,64282.22265625,63485.335406226404,64282.22265625,5442099
2025-03-12,65524.04024550225,68105.29031577961,65126.92485007496,66218.9921875,7560300
2025-03-13,66715.38091603054,66715.38091603054,64729.80410305344,65027.640625,4496300
2025-03-14,64928.362109375,66318.26588541667,64928.362109375,65524.03515625,4920600
2025-03-17,65524.03905089153,66814.6640625,65524.03905089153,66814.6640625,4940800
2025-03-18,67311.05403255988,67311.05403255988,66318.265625,66318.265625,3656000
2025-03-19,66715.38157894737,66715.38157894737,66020.4296875,66020.4296875,3674000
2025-03-20,66020.42910273204,66516.82330651199,65722.59258046407,66318.265625,1688900
2025-03-21,66516.82356770833,66516.82356770833,65524.03515625,65524.03515625,1701500
2025-03-24,65821.87200422933,66020.4296875,65027.64127114662,66020.4296875,1977600
2025-03-25,66020.43027756797,66119.70912009063,65722.59375,65722.59375,2028100
2025-03-26,65921.15354293313,66119.71123432751,65325.48046875,65325.48046875,1507400
2025-03-27,65325.47714694656,65424.75598759542,65027.640625,65027.640625,901500
2025-03-28,65027.643319589115,65226.20100911458,64332.69140625,64332.69140625,1650600
2025-03-31,64233.4128540039,64729.80708007812,63538.4609375,63538.4609375,1771900
2025-04-01,64233.41316012597,64829.086234253875,63538.46124031008,64034.85546875,1715200
2025-04-02,64531.24909577546,65524.037543402774,64134.13371672454,64332.69140625,2330700
2025-04-03,63538.45771144279,63935.573072139305,59865.140625,59865.140625,9806100
2025-04-04,56291.1029296875,59567.3046875,55794.708723958334,59567.3046875,11887700
2025-04-08,59368.74742383513,59368.74742383513,55397.59375,55397.59375,7181200
2025-04-09,51625.000297619044,59269.47149553571,51625.000297619044,52121.39453125,8995800
2025-04-10,55695.4296875,55695.4296875,55695.4296875,55695.4296875,174400
2025-04-11,59368.75,59468.02884615385,57581.73076923077,59368.75,8059500
2025-04-14,59567.30738827993,59567.30738827993,58276.6823948672,58872.35546875,3619500
2025-04-15,58673.795117187496,60460.8142578125,57879.56438802083,59567.3046875,5633100
2025-04-16,59269.470851338534,59865.14392522133,58574.5189318086,58872.35546875,2625800
2025-04-17,58872.35392910929,58872.35392910929,57681.0078125,57681.0078125,3151800
2025-04-18,58276.680870804645,59170.19045826162,57681.0078125,57681.0078125,2165400
2025-04-21,58078.12167767397,58475.237039572596,57681.00631577535,57780.28515625,1290500
2025-04-22,57681.00961538462,58375.96153846154,54305.52884615385,58078.125,3850700
2025-04-23,58971.63430765086,58971.63430765086,57581.73046875,57581.73046875,1928700
2025-04-24,57780.28515625,58177.40051814863,57581.727475300686,57780.28515625,1861200
2025-04-25,57780.287853260874,58574.51861413044,57085.3359375,57085.3359375,3682000
2025-04-28,57283.89362771739,57879.56669836957,57085.3359375,57085.3359375,1654600
2025-04-29,57283.8927178774,58078.1234661322,56886.77734375,56886.77734375,2432200
2025-04-30,56886.77734375,56886.77734375,56886.77734375,56886.77734375,0
2025-05-01,56886.77734375,56886.77734375,56886.77734375,56886.77734375,0
2025-05-02,56886.77734375,56886.77734375,56886.77734375,56886.77734375,0
2025-05-05,56886.77734375,56886.77734375,56886.77734375,56886.77734375,0
2025-05-06,57085.334117775834,57581.72832749563,56588.93990805605,56688.21875,2101500
2025-05-07,56886.777939967105,57581.72985197368,56588.94140625,56588.94140625,2992900
2025-05-08,56688.22025082236,57085.33562911184,56588.94140625,56588.94140625,2415400
2025-05-09,56986.05527583187,57283.891801663754,56489.66106611209,56688.21875,3022300
2025-05-12,56688.21875,56688.21875,56688.21875,56688.21875,0
2025-05-13,56588.93958425354,56886.776108381186,55794.70885324647,56191.82421875,5992500
2025-05-14,56688.21934143926,56886.77702739877,56191.82512654049,56390.3828125,7392600
2025-05-15,56787.49707197615,58375.958528534924,56787.49707197615,58276.6796875,8014200
2025-05-16,58872.35273370954,59368.74693888416,58276.6796875,58276.6796875,8070600
2025-05-19,56986.05678453947,57184.61447368421,56588.94140625,56588.94140625,4784400
2025-05-20,56986.05678453947,57184.61447368421,56588.94140625,56588.94140625,4784400
2025-05-21,56588.93990805605,56986.05527583187,56390.38222416813,56688.21875,3867000
2025-05-22,57085.334117775834,57482.44948555167,56588.93990805605,56688.21875,5161800
2025-05-23,56688.21783693981,56986.05435797452,56489.66015625,56489.66015625,3694300
2025-05-26,56489.66256167763,56588.94140625,55596.15296052631,56588.94140625,4728300
2025-05-27,56489.66256167763,56588.94140625,55596.15296052631,56588.94140625,4728300
2025-05-28,56390.3828125,56787.49818441902,56291.10396952025,56390.3828125,5548900
2025-05-29,56688.21934143926,57184.61355633803,56390.3828125,56390.3828125,4950200
2025-05-30,56787.49969686949,56787.49969686949,56291.10546875,56291.10546875,3904500
2025-06-02,56092.54747275356,56092.54747275356,55695.43209241548,55794.7109375,3225700
2025-06-03,56092.54747275356,56092.54747275356,55695.43209241548,55794.7109375,3225700
2025-06-04,56291.10396952025,56489.66165547976,55993.26744058099,56390.3828125,3364000
2025-06-05,56489.660742877655,56588.93958425354,56092.54537737412,56191.82421875,2690500
2025-06-06,56291.1036509214,56390.38249333925,55893.98828125,55893.98828125,2783100
2025-06-09,55794.71153846154,55993.269230769234,55496.875,55496.875,2223900
2025-06-10,55794.71153846154,55993.269230769234,55496.875,55496.875,2223900
2025-06-11,55596.15384615385,55794.71153846154,55496.875,55496.875,2231400
2025-06-12,55794.71062892729,55794.71062892729,55298.31640625,55298.31640625,2295800
2025-06-13,55596.15234375,55695.43118722099,55298.31581333706,55596.15234375,2560800
2025-06-16,55794.70885324647,56291.10306012589,55794.70885324647,56191.82421875,4336600
2025-06-17,55794.70885324647,56291.10306012589,55794.70885324647,56191.82421875,4336600
2025-06-18,56489.66346153846,57085.33653846154,56390.38461538462,56787.5,5159800
2025-06-19,56787.49969686949,56886.77854249338,56092.5477775022,56291.10546875,3421100
2025-06-20,56291.10306012589,56588.93958425354,56092.54537737412,56191.82421875,2368700
2025-06-23,56291.10306012589,56489.660742877655,56092.54537737412,56191.82421875,2480600
2025-06-24,56291.10306012589,56489.660742877655,56092.54537737412,56191.82421875,2480600
2025-06-25,56489.660742877655,56688.21842562942,56191.82421875,56191.82421875,3507600
2025-06-26,56390.38190150177,56489.660742877655,56191.82421875,56191.82421875,2739800
2025-06-27,56291.10607130984,56390.38491799645,55993.26953125,55993.26953125,2842900
2025-06-30,56588.94140625,56787.499095394734,56489.66256167763,56588.94140625,2952200
2025-07-01,56588.94140625,56787.499095394734,56489.66256167763,56588.94140625,2952200
2025-07-02,56787.49675150344,58375.95819909794,56688.21791102878,57780.28515625,10049500
2025-07-03,57879.56700565733,58177.40354256465,57283.89393184267,57581.73046875,2913600
2025-07-04,57681.00690171632,58375.95879209844,57283.891535783674,57482.44921875,7395300
2025-07-07,58078.123500159985,58475.23887452005,57780.286969389934,58177.40234375,8056200
2025-07-08,58078.123500159985,58475.23887452005,57780.286969389934,58177.40234375,8056200
2025-07-09,58375.96183792373,59070.913764565674,58177.40414459746,58574.51953125,10394500
2025-07-10,58971.63258384146,61354.32480945122,58971.63258384146,61056.48828125,16449700
2025-07-11,61354.32631820032,61354.32631820032,60560.09555679967,60957.2109375,8152900
2025-07-14,62446.394230769234,62446.394230769234,60560.096153846156,61950.0,6475000
2025-07-15,62446.394230769234,62446.394230769234,60560.096153846156,61950.0,6475000
2025-07-16,61949.999389250814,62148.55707960098,60957.2109375,60957.2109375,6315400
2025-07-17,60957.208851638345,61652.16074408374,60659.37232630461,61354.32421875,7603200
2025-07-18,61354.32602743167,62247.83562977291,61354.32602743167,61751.44140625,9992700
2025-07-21,61751.439258768354,62247.83346502855,60857.9296875,60857.9296875,6138200
2025-07-22,61751.439258768354,62247.83346502855,60857.9296875,60857.9296875,6138200
2025-07-23,60857.93180390876,61751.44140625,60460.81642509043,61751.44140625,4902600
2025-07-24,62049.275519575276,62148.5543604066,61354.32363375604,61652.16015625,5087300
2025-07-25,61751.43899708132,63042.063927888485,61453.60247458736,61652.16015625,8710200
2025-07-28,61751.44022442277,62545.67096685908,61652.16138161823,62347.11328125,10484700
2025-07-29,61751.44022442277,62545.67096685908,61652.16138161823,62347.11328125,10484700
2025-07-30,62744.22827868852,62744.22827868852,60560.09375,60560.09375,10595600
2025-07-31,60560.095250923645,61453.60485298645,59964.42218288177,60460.81640625,7271000
2025-08-01,61056.48823582849,61255.04592114826,59666.58443859012,59765.86328125,6066900
2025-08-04,59666.58653846154,60957.21153846154,59567.307692307695,60659.375,4462400
2025-08-05,59666.58653846154,60957.21153846154,59567.307692307695,60659.375,4462400
2025-08-06,61056.48828125,63240.62282139227,60758.651753048776,61056.48828125,18590000
2025-08-07,61652.16106540931,62347.11296147673,61453.60338081862,61850.71875,4677500
2025-08-08,62446.39300547002,62446.39300547002,60857.93149817666,61255.046875,9498700
2025-08-11,61652.16196875,62744.229250000004,61652.16196875,62049.27734375,7266300
2025-08-12,61652.16196875,62744.229250000004,61652.16196875,62049.27734375,7266300
2025-08-13,62347.11418650794,64332.69107142858,62247.835342261904,62545.671875,12129000
2025-08-14,63042.06578125,63141.344625,61552.883125,62049.27734375,7519800
2025-08-15,63240.62206432132,65821.8719444977,62843.506698140336,64729.8046875,19003100
2025-08-18,64332.69200581395,65126.922771317826,63538.46124031008,64034.85546875,8297300
2025-08-19,64332.69200581395,65126.922771317826,63538.46124031008,64034.85546875,8297300
2025-08-20,64034.852146612146,64928.3617114486,63737.015625,63737.015625,9191400
2025-08-21,64034.85453869048,64134.13338293651,61751.44112103175,62545.671875,10537600
2025-08-22,62843.50606016355,64531.246349299065,62843.50606016355,63737.015625,9639300
2025-08-25,65325.4782822327,65325.4782822327,62942.786065251574,63141.34375,7750800
2025-08-26,65325.4782822327,65325.4782822327,62942.786065251574,63141.34375,7750800
2025-08-27,63141.34437886997,64531.24818595201,62446.39247532895,64134.1328125,7988400
2025-08-28,64531.247173480464,68601.6796875,64531.247173480464,68601.6796875,31048100
2025-08-29,68998.79262907608,70090.85985054348,68204.56192255435,68502.3984375,8799400
2025-09-01,68502.3984375,68502.3984375,68502.3984375,68502.3984375,0
2025-09-02,68502.3984375,68502.3984375,68502.3984375,68502.3984375,0
2025-09-03,68303.8473880597,68303.8473880597,66516.828125,66516.828125,14216900
2025-09-04,68303.8473880597,68303.8473880597,66516.828125,66516.828125,14216900
2025-09-05,67013.22115384616,68502.40384615384,66417.54807692308,68403.125,8942100
2025-09-08,66616.10515170367,67013.22053263782,64829.0859375,64829.0859375,11249800
2025-09-09,66616.10515170367,67013.22053263782,64829.0859375,64829.0859375,11249800
2025-09-10,65027.64180469954,65722.593701849,64034.85338020031,64431.96875,6192300
2025-09-11,65126.92277735562,65524.03816014437,64332.69201177811,65325.48046875,5006400
2025-09-12,65126.92037671233,65524.03574486302,63737.01658818493,65226.19921875,6349100
2025-09-15,65226.19921875,65226.19921875,65226.19921875,65226.19921875,0
2025-09-16,65524.03816014437,65524.03816014437,65027.64393165843,65325.48046875,5367400
2025-09-17,65524.03725228659,66119.71031821646,65126.921875,65126.921875,6765400
2025-09-18,65027.643319589115,65325.47985387731,64332.69140625,64332.69140625,5627200
2025-09-19,64431.96810201487,64431.96810201487,63141.34316314554,63439.1796875,8783400
2025-09-22,62545.671244959674,62744.22893145161,61354.325126008065,61552.8828125,6061300
2025-09-23,62545.671244959674,62744.22893145161,61354.325126008065,61552.8828125,6061300
2025-09-24,61949.999095659165,62644.95100859124,61751.44140625,61751.44140625,3267800
2025-09-25,61949.999401913876,62247.8359375,61354.32633074163,62247.8359375,3879200
2025-09-26,62843.508407738096,62942.78725198413,62247.835342261904,62545.671875,3870300
2025-09-29,62446.3912115615,62446.3912115615,61949.997004792334,62148.5546875,2782900
2025-09-30,62446.3912115615,62446.3912115615,61949.997004792334,62148.5546875,2782900
2025-10-01,62347.11355846774,62446.39240171371,61354.325126008065,61552.8828125,4104100
2025-10-02,62247.83653846154,62247.83653846154,61552.88461538462,61950.0,3022000
2025-10-03,62400.0,63100.0,62100.0,62100.0,3657500
2025-10-06,62800.0,64000.0,62800.0,64000.0,7461700
2025-10-07,62800.0,64000.0,62800.0,64000.0,7461700
2025-10-08,64100.0,64100.0,63300.0,63700.0,4229300
2025-10-09,64200.0,64900.0,63600.0,64600.0,8113800
2025-10-10,64500.0,65200.0,63800.0,63800.0,5734200
2025-10-13,63400.0,63800.0,62800.0,63100.0,7992500
2025-10-14,63400.0,63800.0,62800.0,63100.0,7992500
2025-10-15,63500.0,64000.0,62900.0,63100.0,7008900
2025-10-16,63100.0,63400.0,62500.0,62500.0,5218800
2025-10-17,62700.0,63000.0,62500.0,62900.0,4634400
2025-10-20,61800.0,62200.0,58600.0,59400.0,12115600
2025-10-21,61800.0,62200.0,58600.0,59400.0,12115600
2025-10-22,59700.0,60700.0,59300.0,59300.0,8416700
2025-10-23,60100.0,60200.0,58500.0,59600.0,4664800
2025-10-24,58900.0,60300.0,58900.0,59800.0,4227100
2025-10-27,60000.0,60000.0,59200.0,59200.0,2640000
2025-10-28,60000.0,60000.0,59200.0,59200.0,2640000
2025-10-29,59200.0,60200.0,59100.0,60000.0,2789700
2025-10-30,60000.0,61000.0,59800.0,60700.0,3716000
2025-10-31,61000.0,61200.0,60300.0,60600.0,1946600
2025-11-03,60000.0,60300.0,59300.0,59300.0,2800100
2025-11-04,59200.0,60400.0,59100.0,60100.0,2952400
2025-11-05,59200.0,60400.0,59100.0,60100.0,2952400
2025-11-06,60900.0,61300.0,60200.0,60300.0,2821200
2025-11-07,60000.0,60000.0,59000.0,59300.0,3586300
2025-11-10,59400.0,59700.0,58800.0,58800.0,2316500
2025-11-11,59100.0,59600.0,58800.0,58900.0,2540900
2025-11-12,59100.0,59700.0,59000.0,59500.0,2012700
2025-11-13,59500.0,60000.0,59200.0,59800.0,2113500
2025-11-14,59800.0,60400.0,59400.0,60000.0,2069600
2025-11-17,60000.0,60400.0,59900.0,60200.0,1585600
2025-11-18,60400.0,60400.0,59800.0,59900.0,2158800
2025-11-19,59900.0,60100.0,59300.0,59400.0,2896200
2025-11-20,59600.0,59700.0,59200.0,59400.0,2259400
2025-11-21,59100.0,59200.0,58700.0,59000.0,3452400
2025-11-24,59000.0,59300.0,58700.0,58800.0,2025600
2025-11-25,58900.0,59000.0,58200.0,58200.0,2755000
2025-11-26,58500.0,58600.0,57800.0,58100.0,5371200
2025-11-27,58200.0,58500.0,57900.0,57900.0,3113500
2025-11-28,58000.0,58100.0,57400.0,57400.0,3534300
2025-12-01,57600.0,58000.0,57500.0,57500.0,2824900
2025-12-02,57500.0,57800.0,57200.0,57600.0,3185600
2025-12-03,57800.0,59100.0,57800.0,58900.0,6161200
2025-12-04,57800.0,59100.0,57800.0,58900.0,6161200
2025-12-05,59000.0,59200.0,58200.0,58300.0,3604700
2025-12-08,58200.0,58300.0,57800.0,57900.0,2141500
2025-12-09,57900.0,58700.0,57300.0,58000.0,4519400
2025-12-10,58300.0,58600.0,57800.0,58200.0,3082500
2025-12-11,58400.0,58400.0,57600.0,57600.0,1746700
2025-12-12,57800.0,57800.0,56800.0,56800.0,4847700
2025-12-15,56800.0,57300.0,56700.0,56800.0,3203100
2025-12-16,56900.0,57400.0,56000.0,56900.0,6346800
2025-12-17,57000.0,57500.0,56700.0,56700.0,2331200
2025-12-18,57000.0,57500.0,56700.0,56700.0,2331200
2025-12-19,57000.0,57500.0,56700.0,57500.0,4265500
2025-12-22,57700.0,58000.0,57300.0,57800.0,2961200
2025-12-23,57800.0,58100.0,57000.0,57200.0,3147900
2025-12-24,57300.0,57300.0,56900.0,57000.0,4431500
2025-12-25,57300.0,57300.0,56900.0,57000.0,4431500
2025-12-26,57100.0,57400.0,56600.0,57100.0,3302500
2025-12-29,57400.0,57500.0,57100.0,57100.0,2099700
2025-12-30,57300.0,58100.0,57200.0,57300.0,2958000
2025-12-31,57400.0,57900.0,57300.0,57500.0,2530800
2026-01-01,57500.0,57500.0,57500.0,57500.0,0
2026-01-02,57500.0,57500.0,57500.0,57500.0,0
2026-01-05,57500.0,57600.0,57000.0,57100.0,3591800
2026-01-06,57100.0,57500.0,56600.0,57300.0,4173200
2026-01-07,57600.0,59900.0,57500.0,59600.0,12918300
2026-01-08,59800.0,63700.0,59700.0,63700.0,27104600
2026-01-09,65400.0,68000.0,65400.0,68000.0,32481400
2026-01-12,69900.0,72700.0,69600.0,72700.0,21973100
2026-01-13,74300.0,76000.0,71800.0,74000.0,28198200
2026-01-14,73100.0,78800.0,73100.0,76000.0,21213600
2026-01-15,74000.0,74900.0,71900.0,71900.0,23227200
2026-01-16,73000.0,76000.0,72000.0,73000.0,13426500
2026-01-19,73000.0,73500.0,71600.0,72700.0,8212000
2026-01-20,74000.0,75000.0,72100.0,73500.0,18491600
2026-01-21,72800.0,73600.0,71700.0,72800.0,11179000
2026-01-22,73400.0,75900.0,70600.0,71000.0,18577500
2026-01-23,71000.0,71000.0,68500.0,68600.0,16804700
2026-01-26,68900.0,71100.0,68700.0,69600.0,10990600
2026-01-27,69700.0,71500.0,68100.0,70600.0,9645200
2026-01-28,71100.0,72900.0,69400.0,69600.0,12283200
2026-01-29,69300.0,70800.0,68600.0,69800.0,7855400
2026-01-30,70600.0,71900.0,69600.0,70500.0,11480700
2026-02-02,70500.0,71500.0,69300.0,71500.0,10711000
2026-02-03,72400.0,73300.0,71300.0,71800.0,15094700
2026-02-04,72000.0,72000.0,70500.0,70800.0,8726700
2026-02-05,70700.0,70800.0,68400.0,68400.0,11688700
2026-02-06,67900.0,67900.0,64900.0,65100.0,24570400
2026-02-09,65500.0,66000.0,64200.0,65000.0,7308900
2026-02-10,64500.0,65500.0,62600.0,63100.0,15811100
2026-02-11,64000.0,66600.0,63500.0,64700.0,11121200
2026-02-12,65500.0,65500.0,64200.0,64200.0,7950400
2026-02-13,64700.0,65100.0,64000.0,64400.0,4951400
2026-02-16,64400.0,64400.0,64400.0,64400.0,0
2026-02-17,64400.0,64400.0,64400.0,64400.0,0
2026-02-18,64400.0,64400.0,64400.0,64400.0,0
2026-02-19,64400.0,64400.0,64400.0,64400.0,0
2026-02-20,64400.0,64400.0,64400.0,64400.0,0
2026-02-23,65000.0,66700.0,64600.0,66400.0,10104200
2026-02-24,66600.0,66600.0,64900.0,65000.0,10246500
2026-02-25,65000.0,66500.0,64700.0,65100.0,9488800
2026-02-26,65200.0,65900.0,65000.0,65400.0,7561900
2026-02-27,65500.0,66400.0,64800.0,64900.0,8831200
2026-03-02,62900.0,63900.0,62900.0,62900.0,17105000
2026-03-03,62900.0,63900.0,62900.0,62900.0,17105000
2026-03-04,61800.0,63200.0,61700.0,63000.0,10259500
2026-03-05,63700.0,63700.0,62500.0,62500.0,6037000
2026-03-06,62000.0,63200.0,61600.0,61600.0,8854200
2026-03-09,57400.0,59700.0,57300.0,57300.0,29396000
2026-03-10,59800.0,60900.0,58800.0,60400.0,11524700
2026-03-11,60500.0,61200.0,60000.0,60400.0,8789200
2026-03-12,60200.0,60300.0,59500.0,59800.0,6217000
2026-03-13,59200.0,60100.0,58900.0,59000.0,5656900
2026-03-16,59300.0,59800.0,58600.0,58800.0,3985900
2026-03-17,59500.0,60500.0,59400.0,60500.0,7148800
2026-03-18,60900.0,62000.0,60000.0,60500.0,8225000
2026-03-19,59700.0,60000.0,59000.0,59800.0,6184000
2026-03-20,59800.0,59800.0,58000.0,58000.0,8322900
2026-03-23,57800.0,58300.0,56500.0,57600.0,9648600
2026-03-24,59000.0,59000.0,58000.0,58200.0,4332300
2026-03-25,58800.0,59100.0,58000.0,58400.0,8558200
2026-03-26,58500.0,58600.0,57500.0,57900.0,6217800
2026-03-27,58000.0,59000.0,57900.0,58800.0,6135900
2026-03-30,57900.0,58500.0,57800.0,58000.0,5546000
2026-03-31,58200.0,58900.0,58000.0,58100.0,5481100
2026-04-01,58900.0,59200.0,58500.0,59000.0,8254700
2026-04-02,58700.0,58800.0,58100.0,58200.0,5664500
2026-04-03,58300.0,58500.0,57700.0,57700.0,5919600
2026-04-06,57800.0,58200.0,57700.0,58000.0,4303300
2026-04-07,58000.0,58300.0,57700.0,58000.0,3889100
2026-04-08,59200.0,60300.0,58800.0,60200.0,13743100
2026-04-09,60000.0,60100.0,59300.0,59400.0,6217700
2026-04-10,59600.0,61000.0,59600.0,59800.0,7655400
2026-04-13,59500.0,59500.0,59000.0,59200.0,5088700
2026-04-14,59700.0,59800.0,59100.0,59300.0,5548100
2026-04-15,59700.0,60500.0,59600.0,59900.0,8919600
2026-04-16,60000.0,60100.0,59300.0,59400.0,4174500
2026-04-17,59400.0,59900.0,59400.0,59500.0,4257800
2026-04-20,59600.0,60500.0,59500.0,60100.0,6442900
2026-04-21,60400.0,60600.0,59600.0,59600.0,6379000
2026-04-22,59600.0,59800.0,59200.0,59400.0,3011000
2026-04-23,59700.0,63500.0,59600.0,62800.0,35200000
2026-04-24,63000.0,63000.0,60600.0,60600.0,11882500
2026-04-27,60600.0,60600.0,60600.0,60600.0,0
2026-04-28,60800.0,61500.0,59800.0,59800.0,7596400
2026-04-29,59900.0,60500.0,59500.0,59800.0,6431000
2026-04-30,59800.0,59800.0,59800.0,59800.0,0
2026-05-01,59800.0,59800.0,59800.0,59800.0,0
2026-05-04,60500.0,61200.0,60000.0,60700.0,7506200
2026-05-05,60600.0,60700.0,59700.0,59900.0,6407700
2026-05-06,60200.0,60500.0,59700.0,60500.0,5807400
2026-05-07,60900.0,61100.0,60300.0,60300.0,6055700
2026-05-08,60500.0,61700.0,60300.0,60700.0,9970000
2026-05-11,61000.0,61100.0,60200.0,60300.0,5510000
2026-05-12,60300.0,60500.0,59500.0,59900.0,6549200
2026-05-13,59700.0,61300.0,59200.0,60100.0,8868000
2026-05-14,60500.0,61500.0,60000.0,61000.0,5612100
2026-05-15,61300.0,61700.0,60700.0,60700.0,8271800
2026-05-18,60700.0,63500.0,60300.0,63200.0,18877600
2026-05-19,63400.0,65000.0,62600.0,64400.0,24224800
2026-05-20,63700.0,64700.0,61800.0,64600.0,14381600
2026-05-21,64600.0,66200.0,63800.0,64900.0,20114300
2026-05-22,64900.0,64900.0,63300.0,63500.0,8118400
2026-05-25,63200.0,64000.0,62100.0,63700.0,5410300
2026-05-26,63300.0,64400.0,63300.0,64400.0,5623900
2026-05-27,64400.0,64500.0,63800.0,64200.0,4185600
2026-05-28,64200.0,64200.0,62800.0,62800.0,4972400
2026-05-29,63000.0,63000.0,61800.0,62000.0,5820000
2026-06-01,62300.0,62800.0,61700.0,62200.0,2924300
