Date,Open,High,Low,Close,Volume
2016-06-06,8494.86317445809,8494.86317445809,8390.50367424194,8432.248046875,2647850
2016-06-07,8473.989368063345,8473.989368063345,8390.50136149302,8453.1171875,1964917
2016-06-08,8453.118652011732,8494.8623046875,8432.247183515437,8494.8623046875,1814004
2016-06-09,8494.860832943637,8494.860832943637,8453.1171875,8453.1171875,1142517
2016-06-10,8432.24572261971,8473.989368063345,8432.24572261971,8453.1171875,1668499
2016-06-13,8453.119517508281,8453.119517508281,8432.248046875,8432.248046875,832968
2016-06-14,8411.373542056364,8453.1171875,8411.373542056364,8453.1171875,851683
2016-06-15,8453.11668986117,8453.11668986117,8390.50086754041,8411.373046875,1455613
2016-06-16,8453.119517508281,8473.991703824811,8411.37586055847,8432.248046875,1261653
2016-06-17,8432.248046875,8453.119517508281,8411.37586055847,8432.248046875,723733
2016-06-20,8453.11729124345,8954.04318976401,8432.245826107008,8912.298828125,6590993
2016-06-21,8954.04318976401,9141.889954407307,8891.427362988557,8912.298828125,5065681
2016-06-22,8870.557016327019,8954.045041184729,8849.685546875,8849.685546875,1055053
2016-06-23,8828.812496303231,8849.684679392483,8745.3251953125,8745.3251953125,2900869
2016-06-24,8703.582047225034,8703.582047225034,8160.913083470941,8536.607421875,8998605
2016-06-27,8536.606559349391,8640.966047490461,8390.50270340536,8599.2216796875,2063056
2016-06-28,8599.2216796875,8640.966047490461,8557.478027567706,8599.2216796875,1153086
2016-06-29,8578.348556362498,8870.554780505952,8578.348556362498,8766.1953125,4391034
2016-06-30,8870.556261463953,8891.42844482301,8724.453125,8724.453125,2351433
2016-07-01,8766.196662718612,8828.812496303231,8724.453012223248,8745.3251953125,2033386
2016-07-04,8766.196185661764,8912.299312286174,8766.196185661764,8870.5556640625,3033418
2016-07-05,8870.554297090324,8912.29793888121,8807.9384765625,8807.9384765625,2777555
2016-07-06,8787.068849487156,8870.556150512844,8745.325198974311,8828.8125,2113898
2016-07-07,8912.299585802548,9162.762914197452,8849.684469386943,9037.53125,5592926
2016-07-08,9058.403809694937,9267.122781590906,9058.403809694937,9100.1474609375,5600160
2016-07-11,9121.017152785162,9183.632975298802,8891.4267578125,8891.4267578125,3636015
2016-07-12,8891.4267578125,8974.91404404201,8766.195112785219,8891.4267578125,2614388
2016-07-13,8891.42811325348,9037.531244269112,8891.42811325348,8954.0439453125,2637246
2016-07-14,8974.9140625,9162.761530427251,8954.042598741204,8974.9140625,6602088
2016-07-15,8954.042580326139,9016.657687156767,8891.4267578125,8891.4267578125,2563897
2016-07-18,8870.554578413616,8912.29822152837,8807.938755899975,8891.4267578125,2030893
2016-07-19,8912.299797293961,8912.299797293961,8703.580829133994,8745.3251953125,4033029
2016-07-20,8745.324815238317,8787.068463919491,8682.708984375,8682.708984375,2019165
2016-07-21,8703.580450874033,8766.19628173735,8661.836802192858,8682.708984375,1573450
2016-07-22,8661.836420278129,8661.836420278129,8536.605479756243,8620.0927734375,3365615
2016-07-25,8620.092277250293,8640.964457310707,8578.3486328125,8578.3486328125,1319799
2016-07-26,8578.351078212509,8599.222548539643,8515.735235864626,8536.607421875,1648590
2016-07-27,8536.607421875,8536.607421875,8536.607421875,8536.607421875,0
2016-07-28,8620.0927734375,8703.580067118757,8599.220592175647,8620.0927734375,1800135
2016-07-29,8620.094355217434,8640.966540309315,8557.478515625,8557.478515625,848066
2016-08-01,8557.476452752086,8620.092277250293,8515.732808314291,8578.3486328125,1473766
2016-08-02,8578.347739316216,8578.347739316216,8453.11610336357,8473.98828125,2832260
2016-08-03,8473.989368063345,8515.733013506982,8432.24572261971,8453.1171875,1641217
2016-08-04,8453.119517508281,8515.73536077462,8432.248046875,8432.248046875,1194764
2016-08-05,8432.24572261971,8494.860832943637,8390.50136149302,8453.1171875,1621238
2016-08-08,8494.859743453466,8557.475561429788,8473.98828125,8473.98828125,964498
2016-08-09,8515.735235864626,8536.607421875,8473.991579527117,8536.607421875,951647
2016-08-10,8494.860628253877,8578.3486328125,8494.860628253877,8578.3486328125,831317
2016-08-11,8620.093639571012,8724.453125,8599.221456211955,8724.453125,2055155
2016-08-12,8766.19628173735,8849.68429478281,8661.836802192858,8682.708984375,1852733
2016-08-15,8682.708984375,8703.580450874033,8661.836802192858,8682.708984375,987427
2016-08-16,8766.195709437652,8974.914654900453,8682.708417525757,8912.298828125,6789552
2016-08-17,8912.296801005363,9079.272062533362,8870.553164544088,9016.65625,4756201
2016-08-18,9016.65955397462,9183.634876687385,8974.915902217219,8995.7880859375,3666036
2016-08-19,9037.532350359228,9037.532350359228,8849.685546875,8849.685546875,2326082
2016-08-22,8977.939806099397,8999.316146444822,8871.0595703125,8871.0595703125,3316247
2016-08-23,8935.186884891475,8956.563222907951,8849.682998765637,8913.810546875,1557474
2016-08-24,8935.18653517287,9063.443092311763,8935.18653517287,8977.9384765625,2630716
2016-08-25,8999.31701822164,9084.820921945999,8956.565066359459,9063.4453125,2111230
2016-08-26,9063.444353299505,9277.204822957936,9063.444353299505,9191.7001953125,7785863
2016-08-29,9234.452130912472,9298.58041832251,9106.1962890625,9106.1962890625,3498269
2016-08-30,9084.819948935787,9170.324576472538,9084.819948935787,9106.1962890625,1860458
2016-08-31,9170.32353916787,9490.964206978564,9127.570863750427,9384.083984375,11202707
2016-09-01,9469.58887333208,9619.221054248595,9405.460586376405,9512.3408203125,7534599
2016-09-05,9512.3408203125,9576.469107268176,9426.836926351663,9512.3408203125,3387876
2016-09-06,9490.964591210743,9576.468479567124,9448.2119140625,9448.2119140625,4864382
2016-09-07,9426.8369140625,9426.8369140625,9298.580340318345,9426.8369140625,4678533
2016-09-08,9490.96512655456,9875.734111801517,9448.212446994825,9747.4775390625,11388592
2016-09-09,9832.981066640079,9939.861295625296,9726.100837654862,9768.853515625,6439272
2016-09-12,9726.102907986111,9747.479251521421,9597.84704568491,9619.22265625,4284468
2016-09-13,9619.222897793337,9694.039369075383,9512.342643373411,9661.9755859375,4043493
2016-09-14,9651.287774517737,9822.296334573328,9619.223257211537,9726.103515625,4505219
2016-09-15,9726.09993351293,9726.09993351293,9512.339495413746,9576.4677734375,3902376
2016-09-16,9512.342404513889,9619.22265625,9490.966793948799,9619.22265625,3003643
2016-09-19,9704.725949942256,9726.10155753939,9576.469372478963,9683.349609375,3316353
2016-09-20,9726.1005315939,9811.605151873455,9661.972982596788,9758.1650390625,4826426
2016-09-21,9768.856205366597,9811.608162137929,9704.727903724468,9726.103515625,3062491
2016-09-22,9726.102422541016,10132.247798649016,9726.102422541016,9961.2392578125,9907767
2016-09-23,10003.991454862959,10174.999999888945,10003.991454862959,10132.248046875,8185300
2016-09-26,10174.998055157168,10303.254622655728,10174.998055157168,10217.75,6807284
2016-09-27,10207.061830546776,10217.75,10110.869771407888,10217.75,7062515
2016-09-28,10185.68683562321,10367.382795347232,10174.99866552883,10239.126953125,5883691
2016-09-29,10174.9987114932,10260.502606694276,10068.1184760068,10121.55859375,6618977
2016-09-30,10132.245132097556,10132.245132097556,9971.9248046875,9971.9248046875,6059568
2016-10-03,9982.612973108835,10089.493191382206,9897.108358708143,9971.9248046875,3734786
2016-10-04,10025.366574759159,10121.558640547644,9832.98171021207,10003.990234375,6830318
2016-10-05,10046.742182173202,10046.742182173202,9971.926456768875,10003.990234375,1694377
2016-10-06,10003.99058749802,10036.055099206078,9854.3583984375,9854.3583984375,2839704
2016-10-07,9865.043985632063,9897.107755973391,9555.091518109419,9629.9072265625,9327607
2016-10-10,9629.908565299322,9629.908565299322,9319.9560546875,9319.9560546875,7393905
2016-10-11,9319.956692415568,9512.3408203125,9223.764628467101,9512.3408203125,5534149
2016-10-12,9490.964573072006,9533.716517168492,9341.331669279232,9362.7080078125,2587949
2016-10-13,9341.332648150292,9448.212886076428,9277.205091770711,9405.4609375,1599749
2016-10-14,9384.084653992033,9426.83659949009,9362.708314757967,9373.396484375,1952663
2016-10-17,9384.084328080708,9384.084328080708,9277.2041015625,9277.2041015625,2807471
2016-10-18,9277.20411063243,9373.39616799885,9191.69948955224,9319.9560546875,1618921
2016-10-19,9298.580030025843,9437.524769107124,9298.580030025843,9373.396484375,1701856
2016-10-20,9426.836648252685,9448.212254627248,9287.891908452679,9298.580078125,1587636
2016-10-21,9298.579707084113,9352.019820343217,9277.2041015625,9277.2041015625,1292236
2016-10-24,9277.20188552101,9319.953819322145,9213.073618334367,9234.44921875,2400976
2016-10-25,9234.44921875,9384.082086508786,9148.945351147726,9234.44921875,2804732
2016-10-26,9234.452142650165,9319.956770295601,9170.32458812872,9191.7001953125,1749819
2016-10-27,9255.825552135504,9255.825552135504,9191.697284948863,9234.44921875,1126296
2016-10-28,9234.45143360731,9319.9560546875,9223.763997321079,9319.9560546875,2188336
2016-10-31,9341.332023844203,9384.084702533482,9298.580078125,9298.580078125,1285459
2016-11-01,9319.95739334107,9319.95739334107,9255.8291015625,9255.8291015625,1011162
2016-11-02,9255.828471039187,9277.2048111659,9106.1962890625,9106.1962890625,2132964
2016-11-03,9084.818696521577,9084.818696521577,8913.810197993052,8977.9384765625,2876958
2016-11-04,8977.940370279408,9063.445004064164,8977.940370279408,9010.0048828125,758705
2016-11-07,8999.316060115272,9170.324582327863,8999.316060115272,9148.9482421875,949505
2016-11-08,9148.949523745152,9245.141601910876,9148.949523745152,9159.6376953125,1256562
2016-11-09,9159.636147201449,9159.636147201449,8785.55533636076,9020.69140625,4423442
2016-11-10,9106.195683327773,9170.323966472064,9084.81934462299,9127.5712890625,980369
2016-11-11,9170.32458812872,9287.892260064773,9148.948247974835,9191.7001953125,1928505
2016-11-14,9127.573546753905,9191.701845760233,9106.197935731954,9138.26171875,1255263
2016-11-15,9148.945351147726,9234.44921875,9127.569017762222,9234.44921875,1439637
2016-11-16,9255.82879106943,9277.205131935256,9148.94855268057,9202.388671875,1698380
2016-11-17,9202.388353692506,9202.388353692506,9106.1962890625,9106.1962890625,1202208
2016-11-18,9084.82056492114,9223.765319225555,9084.82056492114,9213.0771484375,956879
2016-11-21,9234.452757043457,9277.20544019568,9148.94885667932,9213.0771484375,1400768
2016-11-22,9191.700806861389,9266.517269407625,9191.700806861389,9213.0771484375,1670149
2016-11-23,9255.828449349761,9426.836971052433,9213.07650216662,9394.7724609375,3277378
2016-11-24,9362.709900552318,9565.782225790706,9362.709900552318,9480.2783203125,3897110
2016-11-25,9490.965258312199,9490.965258312199,9384.085023869291,9394.7724609375,1839636
2016-11-28,9394.772139235725,9394.772139235725,9234.451793061156,9298.580078125,1409019
2016-11-29,9298.581357056277,9298.581357056277,9127.572817688793,9223.765625,1716884
2016-11-30,9191.702081764108,9266.5185546875,9170.326470193322,9266.5185546875,998066
2016-12-01,9234.44921875,9362.705753123282,9234.44921875,9234.44921875,868852
2016-12-02,9234.452816627438,9266.517329198497,9170.325257425638,9181.0126953125,933459
2016-12-05,9191.70018362915,9234.452130912472,9106.1962890625,9106.1962890625,1125207
2016-12-06,9148.948598296762,9159.636768782964,9042.068359375,9042.068359375,1430403
2016-12-07,9042.070317608432,9084.822275841865,8999.318359375,8999.318359375,996029
2016-12-08,9084.820000462278,9084.820000462278,9020.691712688522,9031.3798828125,511831
2016-12-09,9095.507764195097,9298.580055596876,9084.819594548673,9170.32421875,1248030
2016-12-12,9191.699923514045,9191.699923514045,9020.69140625,9020.69140625,1306562
2016-12-13,9020.691392012024,9052.755901244094,8935.1875,8935.1875,1263865
2016-12-14,8935.18653517287,9020.69041795213,8924.49836658296,8977.9384765625,1386793
2016-12-15,8977.939753924187,8999.316094145383,8935.187806451902,8945.8759765625,993501
2016-12-16,8967.253840972206,8999.318359375,8935.190055539704,8999.318359375,1048768
2016-12-19,8999.315455743974,9127.5712890625,8999.315455743974,9127.5712890625,768607
2016-12-20,9095.509765625,9170.326236642963,9084.821593626686,9095.509765625,1031528
2016-12-21,9095.508482991087,9138.260431985294,9074.132142008915,9084.8203125,1326435
2016-12-22,9148.949892646333,9234.453802692373,9084.821593626686,9095.509765625,2314986
2016-12-23,9159.635733203686,9159.635733203686,9084.819281229073,9116.8837890625,1141640
2016-12-26,9116.883852680165,9170.323966472064,9084.81934462299,9127.5712890625,856528
2016-12-27,9127.572817688793,9298.581357056277,9127.572817688793,9223.765625,2773763
2016-12-28,9245.13960286359,9362.70799874257,9245.13960286359,9319.9560546875,3034823
2016-12-29,9362.710022684525,9362.710022684525,9255.829772957466,9287.8935546875,1320993
2016-12-30,9319.95704034714,9458.901056463068,9266.516921384073,9405.4609375,5770138
2017-01-03,9469.589787847235,9608.534545164655,9469.589787847235,9587.158203125,3557117
2017-01-04,9576.471969798484,9768.856888171835,9555.09635640388,9672.6640625,3590439
2017-01-05,9661.973018078399,9704.724961890153,9640.5966796875,9640.5966796875,2155436
2017-01-06,9661.97429978378,9726.101857523205,9608.5341796875,9608.5341796875,2808103
2017-01-09,9629.911069829379,9704.727541111422,9597.847286691496,9661.9755859375,1761266
2017-01-10,9672.662056300951,9832.982421875,9651.286447339844,9832.982421875,3671619
2017-01-11,9897.110347744772,9961.238638190749,9854.3583984375,9854.3583984375,2601783
2017-01-12,9854.357721848957,9875.734061519988,9800.917605641469,9822.2939453125,1897291
2017-01-13,9854.35812481631,9918.486413481667,9555.0937550048,9597.845703125,5758937
2017-01-16,9597.845805549121,9597.845805549121,9405.4609375,9405.4609375,3146444
2017-01-17,9405.46118791302,9576.469719741832,9405.46118791302,9490.9658203125,1830226
2017-01-18,9555.09285570176,9555.09285570176,9362.7080078125,9362.7080078125,1741989
2017-01-19,9362.7080078125,9405.459951908984,9287.891555916112,9362.7080078125,2068849
2017-01-20,9362.708025706117,9512.340196814812,9352.019856419056,9448.2119140625,2327416
2017-01-23,9490.96588254137,9533.717832536344,9448.213199576243,9501.6533203125,1607088
2017-01-24,9555.09375,9597.845698097804,9469.58912083427,9555.09375,984898
2017-01-25,9597.844735875746,9683.348623499254,9544.404622868544,9640.5966796875,1480929
2017-01-26,9640.5966796875,9640.5966796875,9640.5966796875,9640.5966796875,0
2017-02-03,9555.09375,9597.845698097804,9490.96546136823,9555.09375,1746413
2017-02-06,9512.342776082867,9512.342776082867,9448.214475942192,9469.5908203125,1944446
2017-02-07,9458.900703344452,9555.093500263018,9458.900703344452,9512.3408203125,3228186
2017-02-08,9533.71875,9608.535219418674,9501.654234690472,9533.71875,2039811
2017-02-09,9533.719422523804,9555.095767571409,9512.343077476196,9523.03125,2797288
2017-02-10,9512.341491053781,9533.717832536344,9458.901370317524,9501.6533203125,2160913
2017-02-13,9533.715832411663,9587.155941936458,9490.963891385825,9576.4677734375,2961684
2017-02-14,9619.220280821582,9918.4853515625,9597.844675535114,9918.4853515625,6820416
2017-02-15,9939.862665591032,9939.862665591032,9790.23047098262,9832.982421875,4056379
2017-02-16,9832.981794435429,9886.421912883447,9683.349609375,9683.349609375,3914771
2017-02-17,9661.974001777864,9726.10155753939,9597.845713046217,9683.349609375,2865617
2017-02-20,9683.347332444679,9704.723667985529,9619.219058792074,9629.9072265625,2598202
2017-02-21,9683.351194994932,9811.60779345986,9629.91106779625,9704.7275390625,3710102
2017-02-22,9768.853885363456,9897.109725217997,9704.72559895114,9790.2294921875,4321652
2017-02-23,9811.606812913893,9907.79888566429,9758.166691055878,9832.982421875,3660734
2017-02-24,9832.982421875,9854.358763806273,9726.102178158968,9832.982421875,3263193
2017-02-27,9832.982367221794,10025.367244623449,9832.982367221794,9950.55078125,6289870
2017-02-28,9961.237330775279,10003.989274471343,9790.228823020972,9800.9169921875,2766705
2017-03-01,9800.91729113254,9811.605460625075,9694.037062147321,9768.853515625,2861192
2017-03-02,9768.852216762234,9811.604156078027,9704.72394130356,9715.412109375,2195007
2017-03-03,9715.413095407743,9811.605151873455,9651.284813440589,9758.1650390625,1406000
2017-03-06,9758.165659269494,9854.357721848957,9758.165659269494,9822.2939453125,1822642
2017-03-07,9832.98143880568,9832.98143880568,9736.789375672251,9790.2294921875,1664426
2017-03-08,9768.853885363456,9832.98143880568,9736.789375672251,9790.2294921875,1707333
2017-03-09,9790.23181726713,9811.608162137929,9726.103515625,9726.103515625,1815690
2017-03-10,9790.23047098262,9918.487056629927,9768.854862021513,9832.982421875,4230852
2017-03-13,9854.3584536218,9897.110403168483,9768.854554528438,9779.5419921875,1626610
2017-03-14,9790.229121640004,9875.73374461022,9768.853515625,9768.853515625,2108140
2017-03-15,9768.854550938335,9811.606500469305,9715.414430782086,9736.7900390625,2221096
2017-03-16,9747.47717663993,9811.605460625075,9726.100837654862,9768.853515625,2143603
2017-03-17,9811.6044921875,9897.108373748135,9779.539986874766,9811.6044921875,3467687
2017-03-20,9811.607059444366,9982.615600280884,9811.607059444366,9961.2392578125,5525406
2017-03-21,10003.991209779082,10100.18328494644,9961.2392578125,9961.2392578125,6605564
2017-03-22,9982.614979329453,9993.302416928667,9854.3583984375,9854.3583984375,4242017
2017-03-23,9832.981038411457,10260.501953125,9811.605432457818,10260.501953125,7113814
2017-03-24,10346.008173220675,10474.26402765475,10142.935853972425,10196.3759765625,6802860
2017-03-27,10175.0,10260.503906028825,10100.183532497125,10175.0,3588262
2017-03-28,10174.999999888945,10313.944030426823,10110.871703882925,10132.248046875,4079237
2017-03-29,10132.24743813736,10217.751339028242,10089.495487691916,10153.623046875,2124888
2017-03-30,10153.624026326368,10228.440496550547,10068.1201171875,10068.1201171875,2642092
2017-03-31,10068.118170882602,10196.374742767384,10046.74183124511,10110.8701171875,4260381
2017-04-03,10110.869463990915,10153.621407533892,9918.4853515625,9918.4853515625,7003913
2017-04-04,9907.797210782765,10046.7412109375,9907.797210782765,10046.7412109375,3444548
2017-04-05,10046.742853465747,10046.742853465747,9950.55078125,9950.55078125,2103119
2017-04-07,9907.797210782765,10057.429380096335,9907.797210782765,10046.7412109375,3161086
2017-04-10,10046.7412109375,10100.181323761635,10025.365605589872,10046.7412109375,1481597
2017-04-11,10046.743102263232,10110.871396318522,10003.991150549764,10036.0556640625,1422503
2017-04-12,10046.74214118204,10207.062494498774,10036.054704003678,10164.310546875,4552339
2017-04-13,10121.559936871947,10175.000061706602,10089.496155159235,10100.18359375,1822185
2017-04-14,10068.1185649738,10078.806735210908,9811.606144133792,9843.669921875,5070210
2017-04-17,9843.669236132613,9939.861295625296,9768.853515625,9768.853515625,3745846
2017-04-18,9768.854862021513,9832.982421875,9694.038398232224,9832.982421875,2094551
2017-04-19,9832.982421875,9918.487056629927,9811.606812913893,9832.982421875,3975656
2017-04-20,9832.980766717039,9907.797217912685,9790.228823020972,9800.9169921875,1847115
2017-04-21,9875.733443383147,9918.485387079212,9800.9169921875,9800.9169921875,1431526
2017-04-24,9800.918333445912,9843.670282992594,9758.166383899232,9779.5419921875,1635107
2017-04-25,9747.4768699063,9832.980757215812,9726.1005315939,9758.1650390625,2114109
2017-04-26,9811.606812913893,9843.670592840637,9768.854862021513,9832.982421875,1697993
2017-04-27,9854.356469683295,9982.6130254721,9854.356469683295,9939.8603515625,3514877
2017-04-28,9939.8603515625,9939.8603515625,9939.8603515625,9939.8603515625,0
2017-05-03,9982.613661924572,10110.869492920472,9929.173549100437,10046.7412109375,2832330
2017-05-04,10046.7412109375,10132.245831238142,10025.365605589872,10046.7412109375,2431489
2017-05-05,10046.74377341767,10100.183899872018,10025.368162618066,10068.1201171875,1086268
2017-05-08,10025.365605589872,10078.805718414007,10003.9892672722,10046.7412109375,1291604
2017-05-09,10089.494781888761,10324.630859375,10089.494781888761,10324.630859375,4102411
2017-05-10,10367.381816428795,10463.574605225298,10281.8779296875,10281.8779296875,5509043
2017-05-11,10281.8779296875,10346.00621122849,10185.685873861034,10281.8779296875,2489529
2017-05-12,10281.878292048703,10346.006575849746,10260.501953125,10260.501953125,1856666
2017-05-15,10260.501944842832,10260.501944842832,10207.061830546776,10217.75,1778506
2017-05-16,10217.751339028242,10324.631581626927,10142.935608991258,10153.623046875,2241461
2017-05-17,10153.62171625072,10260.501944842832,10100.181601954664,10217.75,1944517
2017-05-18,10249.81512321938,10410.135475724748,10185.68683562321,10239.126953125,3192477
2017-05-19,10239.126604572259,10346.0068359375,10217.750265111177,10346.0068359375,2521973
2017-05-22,10367.3818359375,10484.950230155542,10367.3818359375,10367.3818359375,6037939
2017-05-23,10399.44727148297,10559.767623461914,10367.382761305118,10442.19921875,7255036
2017-05-24,10517.01598919225,10527.703426599499,10442.199529520753,10495.6396484375,4581658
2017-05-25,10790.216224936736,10790.216224936736,10652.201666930074,10689.841796875,5231421
2017-05-26,10689.842860509008,10689.842860509008,10539.281577539932,10564.375,2651861
2017-05-29,10564.373948849981,10714.935216838285,10564.373948849981,10689.841796875,1936456
2017-05-30,10614.561138947818,10953.323043957462,10614.561138947818,10790.2158203125,5706109
2017-05-31,10790.2158203125,10928.22962493516,10790.2158203125,10790.2158203125,3245594
2017-06-01,10815.310716737029,10915.684406537568,10815.310716737029,10903.1376953125,2403388
2017-06-02,10940.776184121323,10965.870351007405,10815.30909073372,10852.94921875,2470651
2017-06-05,10940.776184121323,10953.322893460085,10827.855800072479,10852.94921875,2035320
2017-06-06,10865.497642607503,11241.900478581838,10865.497642607503,11116.4326171875,4524199
2017-06-07,11241.899646240383,11241.899646240383,11053.6982421875,11053.6982421875,2572996
2017-06-08,11041.150079107143,11128.977040279018,10965.869826674107,11091.3369140625,1924854
2017-06-09,11091.340453655128,11417.556481387708,11091.340453655128,11329.7294921875,4792487
2017-06-12,11292.085922632443,11342.273509887658,11191.712244539185,11216.8056640625,1688441
2017-06-13,11292.087311718265,11517.92961162705,11292.087311718265,11379.9150390625,4805342
2017-06-14,11492.833953678994,11492.833953678994,11317.179269928254,11342.2734375,2383328
2017-06-15,11354.821779606422,11392.4619140625,11304.634185456296,11392.4619140625,1877834
2017-06-16,11417.552424672593,11480.285966097475,11367.365591532685,11467.7392578125,1844126
2017-06-19,11543.021499987954,11643.395177087348,11530.47479035053,11618.3017578125,3639584
2017-06-20,11668.489080480858,11668.489080480858,11543.02197890106,11580.662109375,2326660
2017-06-21,11618.302263856536,11919.4248046875,11555.568712937007,11919.4248046875,5930644
2017-06-22,11869.238291506561,12120.173250318327,11869.238291506561,11944.5185546875,3800154
2017-06-23,11944.517080068583,11994.703915993357,11844.142660010493,11906.876953125,2319790
2017-06-26,12007.25184183376,12007.25184183376,11668.489168592992,11718.6767578125,4201227
2017-06-27,11668.487338580624,11693.581503359073,11405.005716387615,11467.7392578125,8604916
2017-06-28,11517.929211551576,11643.39632024427,11455.194908996578,11630.849609375,2870961
2017-06-29,11618.302416417868,11706.130137067095,11618.302416417868,11668.4892578125,2229659
2017-06-30,11668.488689875585,11756.31640625,11492.834005335337,11756.31640625,3411690
2017-07-03,11756.314673898378,11756.314673898378,11618.300138909188,11643.3935546875,2023382
2017-07-04,11668.488839805526,11718.67642761088,11618.302000208765,11693.5830078125,2816797
2017-07-05,11668.489168592992,11718.6767578125,11655.942458340269,11718.6767578125,1552542
2017-07-06,11731.224690593404,12019.7998046875,11693.5845559127,12019.7998046875,5876357
2017-07-07,12069.98505717972,12396.200990867044,12044.891638928162,12195.4521484375,7472500
2017-07-10,12095.0791015625,12220.546947523977,11944.517836050445,12095.0791015625,5546424
2017-07-11,12019.79881786844,12069.9864081977,11793.957280116989,11944.5185546875,3137387
2017-07-12,12019.799220528377,12069.986812538906,11806.504386161763,12032.3466796875,2316279
2017-07-13,12032.3466796875,12032.3466796875,12032.3466796875,12032.3466796875,0
2017-07-14,12258.186024532108,12283.279441928515,12145.264898039763,12220.5458984375,1652047
2017-07-17,12220.546276987025,12220.546276987025,11969.610598832822,12044.8916015625,2764189
2017-07-18,11944.517264861288,12044.891686472261,11881.783718984772,11994.7041015625,2646701
2017-07-19,11994.703812611,12120.17164955007,11693.582051449179,11768.8623046875,3004907
2017-07-20,11693.58269300434,11768.862950372828,11593.20826830445,11743.76953125,2737168
2017-07-21,11793.958091438359,11869.239108006606,11593.2099609375,11593.2099609375,2025305
2017-07-24,11593.20899572055,11693.583426718436,11543.022154325918,11668.4892578125,1822753
2017-07-25,11668.489168592992,11768.863598823396,11593.208907076649,11718.6767578125,1809014
2017-07-26,11718.675751497285,11994.7041015625,11718.675751497285,11994.7041015625,2143527
2017-07-27,12044.892262461344,12207.999489540101,11969.611255601023,12095.0791015625,3798261
2017-07-28,12095.078310752848,12207.998691347402,12019.797308814606,12182.9052734375,4921029
2017-07-31,12170.35985742613,12195.453278001884,12069.986175123118,12132.7197265625,2025458
2017-08-01,12157.813558949887,12408.74926962439,12095.080005385582,12295.828125,4445120
2017-08-02,12333.467848741868,12521.669251411533,12220.54745606524,12396.2021484375,6565657
2017-08-03,12471.482760117227,12822.792154717956,12421.295917519592,12571.8564453125,6102724
2017-08-04,12622.043287910135,12647.136709208955,12433.842628169,12571.8564453125,2525273
2017-08-07,12571.856600898418,12571.856600898418,12471.482914460948,12509.123046875,2341774
2017-08-08,12509.123782537208,12546.763917164877,12283.2822265625,12283.2822265625,4459135
2017-08-09,12270.734454351455,12270.734454351455,12082.533049272335,12145.2666015625,5625228
2017-08-10,12044.889964240316,12283.27815269382,12044.889964240316,12270.7314453125,2664929
2017-08-11,12295.825945702118,12421.293778801597,12195.451529580834,12408.7470703125,1674580
2017-08-14,12546.760777975082,12546.760777975082,12346.0126953125,12346.0126953125,2360887
2017-08-15,12346.011689600415,12346.011689600415,12170.357038053506,12270.7314453125,2505763
2017-08-16,12270.733151400716,12270.733151400716,12157.812021060166,12195.4521484375,2486650
2017-08-17,12297.934253697793,12349.175429975512,12144.2099609375,12144.2099609375,1954165
2017-08-18,12144.210465484199,12246.6928222974,12016.106755540535,12169.8310546875,1111135
2017-08-21,12297.935050926546,12297.935050926546,12169.831338000633,12233.8828125,1086190
2017-08-22,12221.073929865011,12233.88422624524,12067.349609375,12067.349609375,1272346
2017-08-23,12041.727570632178,12169.831282978912,12041.727570632178,12092.96875,1579441
2017-08-24,12144.21243865175,12246.694812116082,12092.970487992296,12221.07421875,1324556
2017-08-25,12246.6928222974,12259.50311689905,12169.8310546875,12169.8310546875,1143652
2017-08-28,12118.591348055415,12195.453125,12105.781051897986,12195.453125,1737721
2017-08-29,12169.831338000633,12323.555640726292,12157.02104310076,12233.8828125,2528357
2017-08-30,12208.263447382653,12272.314928307398,12182.642855012755,12246.6943359375,983570
2017-08-31,12246.695117106246,12502.902585002214,12246.695117106246,12426.0400390625,3404454
2017-09-01,12451.66015625,12464.470452761518,12374.798377180894,12451.66015625,820344
2017-09-04,12451.66015625,12451.66015625,12451.66015625,12451.66015625,0
2017-09-05,12451.660633066636,12451.660633066636,12361.98855405216,12426.0400390625,1365805
2017-09-06,12413.230198302017,12413.230198302017,12246.69556722694,12349.1787109375,1558953
2017-09-07,12297.936787031405,12374.798567281254,12272.3154296875,12272.3154296875,1465402
2017-09-08,12297.936762775536,12297.936762775536,12221.07421875,12221.07421875,1459876
2017-09-11,12221.074422022806,12349.178154911255,12118.592046853886,12131.40234375,2574858
2017-09-12,12169.831361045744,12323.5556640625,12144.210771197482,12323.5556640625,2606490
2017-09-13,12374.798364462558,12656.626415280849,12374.798364462558,12490.091796875,5937361
2017-09-14,12554.144003005138,12554.144003005138,12387.609375,12387.609375,2616901
2017-09-15,12374.799305883307,12426.04049577492,12297.937521045887,12349.1787109375,2425555
2017-09-18,12387.609375,12400.419672236756,12297.937294342715,12387.609375,2453064
2017-09-19,12426.038559703924,12515.711391969875,12400.41796875,12400.41796875,2654273
2017-09-20,12464.470703125,12490.092060589948,12387.608922512036,12464.470703125,1927846
2017-09-21,12528.521285413935,12707.866180263549,12490.090400216275,12656.625,8145037
2017-09-22,12707.865453311728,12797.53751364326,12656.624275979424,12669.4345703125,4257071
2017-09-25,12746.299000748351,12746.299000748351,12515.712890625,12515.712890625,2274816
2017-09-26,12515.71266434963,12554.1435546875,12426.039822967306,12554.1435546875,2683340
2017-09-27,12554.1435546875,12656.626692849115,12477.28177401176,12554.1435546875,2652746
2017-09-28,12554.142326776324,12618.193804407949,12400.418016533209,12541.33203125,2364337
2017-09-29,12528.522686370055,12554.143279366757,12451.660143452667,12490.091796875,1207739
2017-10-02,12490.092747066772,12541.333936958385,12310.74781851879,12349.1787109375,2782081
2017-10-03,12349.17968927933,12349.17968927933,12208.265641986394,12259.5068359375,3321833
2017-10-04,12272.312495760592,12349.1750215623,12246.69190846906,12310.744140625,1582799
2017-10-05,12400.417464912942,12541.331473361313,12297.935105261171,12374.796875,2009856
2017-10-06,12374.798364462558,12502.902093373352,12374.798364462558,12490.091796875,1740224
2017-10-09,12554.142550204748,12554.142550204748,12451.659420243019,12502.9013671875,1788679
2017-10-10,12490.091623289029,12631.0048828125,12490.091623289029,12631.0048828125,3769652
2017-10-11,12656.625559305166,12938.453591063248,12631.004204113977,12784.728515625,7758222
2017-10-12,12810.34919830261,13169.039006412173,12810.34919830261,13066.556640625,6120220
2017-10-13,13117.796875,13143.417464594226,12964.07333743465,13117.796875,3293713
2017-10-16,13066.557665239174,13322.765127652072,13040.93707178334,13169.0400390625,3815451
2017-10-17,13194.6591796875,13194.6591796875,13040.93563587862,13194.6591796875,2629633
2017-10-18,13169.038438069656,13297.142917629415,12938.453125,12938.453125,3777346
2017-10-19,12938.454602046595,13117.798754907932,12835.970701128406,12964.0751953125,2984053
2017-10-20,12887.212890625,12989.696799519139,12810.351104845413,12887.212890625,2342079
2017-10-23,12887.211573146076,12887.211573146076,12631.0048828125,12631.0048828125,3407874
2017-10-24,12631.0048828125,12759.108609942921,12592.573993851553,12631.0048828125,2684988
2017-10-25,12682.246122273891,12759.107895894305,12631.00417593306,12733.4873046875,2346415
2017-10-26,12759.108371824968,12784.728963987454,12554.14287059784,12707.8671875,3327604
2017-10-27,12656.626081740314,12861.5908203125,12592.573837009251,12861.5908203125,2244070
2017-10-30,12861.589813444136,13015.314883193434,12784.728042496683,12810.3486328125,5212461
2017-10-31,12810.349661755223,13169.03948284146,12707.867292260446,12912.83203125,4940631
2017-11-01,12938.454626308157,13066.557592877896,12912.832505139639,13015.31640625,2772281
2017-11-02,13040.935486364291,13169.038438069656,12759.107464758095,12938.453125,3800978
2017-11-03,12810.34919830261,13066.556640625,12656.625649621852,13066.556640625,3665079
2017-11-06,13169.0400390625,13271.522412885828,13040.93707178334,13169.0400390625,4911106
2017-11-07,13194.658643782677,13194.658643782677,13040.935106217325,13117.796875,3486159
2017-11-08,13117.797561864532,13578.9697265625,13066.556379993028,13578.9697265625,10338057
2017-11-09,13681.455541974226,13707.07613651261,13425.24806873573,13476.4892578125,5253405
2017-11-10,13450.86763712648,13655.83390565162,13374.005859375,13374.005859375,4182023
2017-11-13,13374.005550657032,14040.143998168816,13297.143774679786,13835.177734375,14561757
2017-11-14,13963.281174427368,14219.488631015025,13707.075245694254,13809.5576171875,13226941
2017-11-15,13860.79811387609,14603.798325974643,13835.177522276448,14578.177734375,14246082
2017-11-16,14706.279231216333,15039.348416773728,14501.314518783669,14603.796875,11400066
2017-11-17,14680.660072741826,14680.660072741826,14321.970263177265,14526.9365234375,12000943
2017-11-20,14373.213912558422,14860.008291259424,14321.972720664575,14834.3876953125,11610006
2017-11-21,14911.248485812494,15064.972051212213,14655.041015625,14655.041015625,10337416
2017-11-22,14603.801293155711,14860.0087890625,14603.801293155711,14860.0087890625,7927280
2017-11-23,14860.005804135184,15064.970537405554,14655.039543010342,14757.5234375,10796654
2017-11-24,14731.903783670077,14860.008291259424,14603.80080393546,14834.3876953125,7238682
2017-11-27,14860.006859916795,15295.558476916105,14860.006859916795,14911.248046875,8103238
2017-11-28,14860.007823872618,14911.249014154793,14655.041534889238,14731.9033203125,6999553
2017-11-29,14860.005016974443,15295.556579956514,14706.27994731028,15193.07421875,11740624
2017-11-30,15346.798686824075,15372.419278672049,14962.488281249998,14962.48828125,9168025
2017-12-01,14911.247097554053,15013.729464945945,14783.144138314188,14962.48828125,5585231
2017-12-04,14988.10698414299,15141.832043711303,14936.865806904983,15064.96875,6730471
2017-12-05,15064.9695574244,15193.074035239617,14680.659179687498,14680.6591796875,10865688
2017-12-06,14603.8017420605,14680.66353483875,14347.594238278174,14552.560546875,10753603
2017-12-07,14552.554622365438,14731.898732501671,14296.347222888042,14373.208984375,5054883
2017-12-08,14347.59025710521,14475.694737377322,14117.004942753332,14219.4873046875,5875014
2017-12-11,13963.282117919829,14142.627808005856,13707.076171875,13707.076171875,8354825
2017-12-12,13860.798777555605,14014.523862368553,13015.316158575282,13758.31640625,9507728
2017-12-13,13912.039541446786,14040.14402954968,13758.31598914871,14014.5234375,4964141
2017-12-14,13963.28278675159,14321.97265625,13963.28278675159,14321.97265625,3897247
2017-12-15,14347.589859217978,14552.556105256595,14219.48691035282,14475.6943359375,4920724
2017-12-18,14603.798241725357,14655.03942462903,14373.211390804367,14424.4541015625,5476780
2017-12-19,14424.454008570263,14526.936373716922,14065.764202702507,14142.6259765625,7582935
2017-12-20,14142.626067737836,14603.798241725357,14142.626067737836,14424.4541015625,5986335
2017-12-21,14552.556581193783,14706.280124859459,14373.21091906275,14450.07421875,5634815
2017-12-22,14450.07480377496,14706.28072025716,14398.833620478521,14629.4189453125,5306745
2017-12-25,14680.660134669139,14885.626395793981,14680.660134669139,14757.5234375,7309182
2017-12-26,14860.005798000951,14860.005798000951,14629.4189453125,14629.4189453125,3804489
2017-12-27,14731.901255843268,14731.901255843268,14501.315931886778,14526.9365234375,5199881
2017-12-28,14526.938044458568,14757.524920412774,14475.696855991993,14655.041015625,5850771
2017-12-29,14655.03953696072,14757.523431408072,14603.79835366428,14629.4189453125,4762627
2018-01-01,14629.4189453125,14629.4189453125,14629.4189453125,14629.4189453125,0
2018-01-02,14680.6608332783,15321.1787109375,14655.040240400296,15321.1787109375,15333860
2018-01-03,15500.524388938076,15551.765574694084,15244.316932303487,15321.1787109375,8640456
2018-01-04,15372.419503051127,15628.626953124998,15346.798910829191,15628.626953125,8502663
2018-01-05,15628.626386090711,15654.246977383085,15346.798354020124,15372.4189453125,8706161
2018-01-08,15269.937599057508,15603.0068359375,15193.075820051637,15603.0068359375,7721736
2018-01-09,15628.623197307139,15961.692344004769,15449.277566998813,15910.451171875,12243523
2018-01-10,15884.83299321829,16141.038892696128,15654.246155833864,15756.728515625,7971002
2018-01-11,15654.246155833864,15859.212403270505,15551.76379604273,15756.728515625,7389299
2018-01-12,15833.594153088941,15884.836873355773,15423.6630859375,15423.6630859375,8625250
2018-01-15,15398.040095273065,15679.868137568872,15295.55772638532,15628.626953125,7010331
2018-01-16,15603.006360903062,15756.729914234682,15449.281279716937,15628.626953125,4617659
2018-01-17,15628.626239521425,15654.246830573524,15116.212890625,15116.212890625,6897971
2018-01-18,14936.867225405867,15116.212890625,14757.523088041171,15116.212890625,10119323
2018-01-19,15116.215873963321,15321.180642831989,15090.593749999998,15090.59375,6114693
2018-01-22,15090.593749999998,15090.593749999998,15090.593749999998,15090.59375,0
2018-01-23,15090.593749999998,15090.593749999998,15090.593749999998,15090.59375,0
2018-01-24,15090.593749999998,15090.593749999998,15090.593749999998,15090.59375,0
2018-01-25,15756.725504267653,16038.553467685902,15603.001993959924,15654.2431640625,16390556
2018-01-26,15884.835372019117,15884.835372019117,15500.52493739637,15577.38671875,4982216
2018-01-29,15603.005344610838,15859.212777996792,15346.797911224881,15449.2802734375,4077419
2018-01-30,15321.178572180648,16397.248046875,15244.316794242735,16397.248046875,14409309
2018-01-31,16602.213229438905,16781.55736622431,16115.4189453125,16115.4189453125,12178703
2018-02-01,16115.419814354538,16269.144896314832,15782.3505859375,15782.3505859375,6370585
2018-02-02,15782.350506456618,15833.59169090049,15500.523992015316,15628.626953125,5102849
2018-02-05,15398.039750468044,15577.385419860057,14629.4189453125,14629.4189453125,11464581
2018-02-06,13630.21341412599,14475.697653997559,13630.21341412599,13886.4208984375,16221529
2018-02-07,14603.799759269234,14680.661541611784,14347.592290272782,14501.3173828125,5718596
2018-02-08,14347.590706855817,14603.798147576916,14091.384793989171,14142.6259765625,5217987
2018-02-09,13450.86599686549,14091.3837890625,13450.86599686549,14091.3837890625,6533842
2018-02-12,14424.45421212674,14629.4189453125,13963.280506749836,14629.4189453125,3560108
2018-02-13,14911.246634353767,15193.074663781297,14808.76427014537,15116.212890625,4422160
2018-02-14,15116.212890625,15116.212890625,15116.212890625,15116.212890625,0
2018-02-15,15116.212890625,15116.212890625,15116.212890625,15116.212890625,0
2018-02-16,15116.212890625,15116.212890625,15116.212890625,15116.212890625,0
2018-02-19,15116.212890625,15116.212890625,15116.212890625,15116.212890625,0
2018-02-20,15116.212890625,15116.212890625,15116.212890625,15116.212890625,0
2018-02-21,15398.04043861503,15449.281624201467,15116.213917889627,15218.6962890625,4807174
2018-02-22,15193.075135736239,15244.316319432184,14911.247097554053,14962.48828125,4375476
2018-02-23,14988.1066671246,15526.142072452094,14988.1066671246,15500.521484375,4907167
2018-02-26,15628.624900327753,15833.589611181427,15474.9013671875,15474.9013671875,7534633
2018-02-27,15551.765574694084,15577.38616757209,15244.316932303487,15321.1787109375,4322197
2018-02-28,15321.1787109375,15321.1787109375,15321.1787109375,15321.1787109375,0
2018-03-01,15218.696877911796,15679.869093888172,15141.835096558167,15577.38671875,6455313
2018-03-02,15500.51965375477,15705.484334165078,15372.415200644251,15654.2431640625,5620801
2018-03-05,15705.487335729433,16525.349269767255,15705.487335729433,15756.728515625,18396810
2018-03-06,16012.936094375202,16217.90234375,15807.969845000403,16217.90234375,7869848
2018-03-07,16269.14441385235,16320.385597034716,15756.72952631975,15936.0751953125,6107732
2018-03-08,15884.834012130135,16012.93697008605,15705.488343137384,15936.0751953125,4019896
2018-03-09,16064.178629652612,16166.660999056465,15756.729993586538,15782.3505859375,6315352
2018-03-12,15884.833470598407,16038.557014904898,15731.108398437498,15731.1083984375,4919533
2018-03-13,15679.868080329494,15679.868080329494,15218.69589416364,15398.0400390625,12700471
2018-03-14,15398.041034403599,15577.38671875,15218.696877911796,15577.38671875,6320909
2018-03-15,15628.628865804856,15654.249461162319,15449.283170447914,15526.146484375,3631310
2018-03-16,15526.144527559043,15577.38571181586,15295.557670548866,15398.0400390625,4356637
2018-03-19,15423.658192289458,15526.142072452094,15346.796428058176,15500.521484375,4082518
2018-03-20,15423.661206041577,15961.696716500117,15372.420019874966,15705.4892578125,8919858
2018-03-21,15705.488729790808,15833.59169090049,15628.626953124998,15628.626953125,3051621
2018-03-22,15628.626896072677,15731.10926458631,15398.0400390625,15398.0400390625,3861616
2018-03-23,15116.210437934245,15269.93395930433,14860.003041129916,15013.7265625,8651875
2018-03-26,15013.729993768087,15218.696263625792,15013.729993768087,15167.455078125,2872610
2018-03-27,15346.799757353137,15398.040944623455,15116.214414636705,15244.3173828125,3032661
2018-03-28,15141.836470071905,15218.698258397655,15064.973153891415,15090.59375,2016481
2018-03-29,15218.696789177342,15295.558570082818,15116.214414636705,15244.3173828125,2525884
2018-03-30,15269.937574575766,15705.489182765283,15218.696388654007,15551.765625,7434120
2018-04-02,15756.728515625,15807.969695520567,15628.625565886081,15756.728515625,6701312
2018-04-03,15679.869140625002,15731.110328346822,15603.00735904227,15679.869140625,3483044
2018-04-04,15884.83694965457,16089.801720287414,15782.353036483395,15807.9736328125,7016193
2018-04-05,15884.83604351159,16320.3876841153,15756.731541318972,16141.0419921875,8775317
2018-04-06,16448.48812607584,16474.108716998937,16064.177734375,16064.177734375,11035173
2018-04-09,16038.558146011019,16294.76559911174,16038.558146011019,16243.5244140625,4586607
2018-04-10,16294.761869219725,16704.69278363445,16269.14128255969,16499.7265625,13709079
2018-04-11,16602.215755513465,16755.93932471901,16141.0419921875,16141.0419921875,10064670
2018-04-12,16141.040541753526,16294.765625,15910.455208665608,16294.765625,4033666
2018-04-13,16371.624738632623,16371.624738632623,15884.83203125,15884.83203125,6554421
2018-04-16,15884.829957378173,15987.312297583327,15603.001993959924,15654.2431640625,3606029
2018-04-17,15756.727561414578,15884.83203125,15603.004031037208,15884.83203125,3374013
2018-04-18,15961.693796438687,16115.417326816058,15859.211442853772,15884.83203125,3808123
2018-04-19,15884.834861345995,15910.455454306875,15551.765625,15551.765625,7258742
2018-04-20,15628.627478562583,15756.730443979113,15449.281799124885,15705.4892578125,2969428
2018-04-23,15705.49153934369,15807.973926564493,14655.042486766113,14860.0087890625,4462127
2018-04-24,14706.280124859459,14988.108149434276,14373.21091906275,14450.07421875,5651120
2018-04-25,14450.074218749998,14450.074218749998,14450.074218749998,14450.07421875,0
2018-04-26,14578.176516647969,14783.142760178576,14091.3837890625,14091.3837890625,6203603
2018-04-27,14091.383566064023,14706.279231216333,14065.762977009941,14603.796875,4878192
2018-04-30,14603.796875,14603.796875,14603.796875,14603.796875,0
2018-05-01,14603.796875,14603.796875,14603.796875,14603.796875,0
2018-05-02,14808.763115286982,14860.004293395148,14552.555696891835,14603.796875,4183488
2018-05-03,14552.56009954531,14860.0087890625,14270.73200683332,14860.0087890625,6603700
2018-05-04,14988.10698414299,15116.2114550923,14911.24521828598,15064.96875,3575893
2018-05-07,15064.970266005192,15269.9365234375,15013.729083610726,15269.9365234375,2680867
2018-05-08,15167.454072729199,15269.936436937596,15064.970180666363,15116.212890625,3401950
2018-05-09,15013.729464945945,15141.833952040293,14885.626505706081,14962.48828125,3067712
2018-05-10,14962.488756724637,15218.696211200553,14860.006386076084,14936.8681640625,4720706
2018-05-11,14860.006950430523,15244.3173828125,14860.006950430523,15244.3173828125,3571100
2018-05-14,15398.040172818537,15807.971178288464,15269.93721106372,15782.3505859375,6144798
2018-05-15,15884.833470598407,15884.833470598407,15628.626035566505,15731.1083984375,2780921
2018-05-16,15628.624424760468,15731.106777068844,15500.521484375,15500.521484375,2054616
2018-05-17,15474.905293660071,15731.111247234712,15474.905293660071,15526.146484375,2197416
2018-05-18,15526.145531180913,15628.627906319087,15064.971787349938,15577.38671875,2991961
2018-05-21,15679.868137568872,15987.316772086615,15628.626953124998,15628.626953125,4530489
2018-05-22,15628.629835032403,15756.732819764178,15244.319352982291,15295.560546875,3363113
2018-05-23,15372.421384375522,15628.628865804856,15244.318407588202,15526.146484375,3288583
2018-05-24,15603.007221559319,15679.869002464797,15244.3173828125,15244.3173828125,3162118
2018-05-25,15415.160767051795,15415.160767051795,14780.4189453125,14780.4189453125,2093089
2018-05-28,14266.577361064608,14568.836451831772,13752.7392578125,13752.7392578125,5402828
2018-05-29,13752.737495918036,14568.834585385255,13556.269503931353,14327.02734375,6240557
2018-05-30,14296.803306023636,14296.803306023636,13722.513414656623,13737.6259765625,4224038
2018-05-31,13616.721287585708,14115.446763268708,13601.608726855158,13903.8662109375,2933871
2018-06-01,13903.868561321475,14115.449149419392,13813.191614241827,14039.884765625,3428894
2018-06-04,14054.994775557057,14342.13969528411,14009.657093937725,14281.689453125,3055019
2018-06-05,14357.255674886163,14538.609559488836,14266.5771652168,14447.9326171875,3578264
2018-06-06,14508.38490732496,14659.513671875,14296.80432348129,14659.513671875,2701560
2018-06-07,14780.4168287831,14780.4168287831,14417.707492209729,14447.9326171875,3022123
2018-06-08,14478.156379378239,14568.834880512295,14357.254323479292,14493.2705078125,2790104
2018-06-11,14432.818276753856,14493.270086630508,14357.253906250002,14357.25390625,1916611
2018-06-12,14357.255223610226,14357.255223610226,13813.19045216715,13994.5458984375,3337855
2018-06-13,13903.866580537013,14175.898950389557,13903.866580537013,14145.673828125,1200374
2018-06-14,14206.127270482804,14281.69165218473,14085.2236328125,14085.2236328125,1222251
2018-06-15,13994.546818283696,14115.448889709382,13979.432687908416,14054.9970703125,1173771
2018-06-18,14175.899941757463,14175.899941757463,13722.513671875,13722.513671875,1841661
2018-06-19,13631.835328506782,13631.835328506782,12906.416660993627,13450.4814453125,5351188
2018-06-20,13571.383347879519,13722.513671875,13299.352526370836,13722.513671875,1727231
2018-06-21,13722.51297144494,13722.51297144494,13329.576970375474,13420.25390625,928636
2018-06-22,13390.029773958071,13601.6103515625,13269.126138936103,13601.6103515625,996338
2018-06-25,13722.513467457597,13722.513467457597,13571.383145713427,13631.8349609375,1358134
2018-06-26,13450.4814453125,13541.158386909641,13390.029628458402,13450.4814453125,639454
2018-06-27,13571.382185789322,13571.382185789322,13374.915759417408,13390.0283203125,682306
2018-06-28,13390.028610129551,13390.028610129551,12845.9638671875,12845.9638671875,3120278
2018-06-29,12845.965541114361,12997.09509144934,12543.7080078125,12543.7080078125,2017209
2018-07-02,12543.708524303664,12664.611385865812,12090.321421998466,12150.7724609375,2599316
2018-07-03,12150.770843527154,12286.787034481767,11788.0615234375,11788.0615234375,3586973
2018-07-04,11803.177263655207,12090.322265625,11636.935131683804,12090.322265625,2602422
2018-07-05,12090.320956995225,12120.546867144269,11636.93387212765,11939.19140625,1888336
2018-07-06,11788.062159929948,12604.158566038508,11757.836251009776,12332.126953125,2424697
2018-07-09,12392.577237884163,12498.367520865464,12029.8679201437,12135.658203125,1550302
2018-07-10,12180.996748966454,12301.900378100638,12090.31981079979,12211.22265625,661358
2018-07-11,11939.191596646628,12090.321149801945,11667.159968335181,11848.5146484375,2128692
2018-07-12,11667.157374299906,11984.528189836854,11636.931470389165,11727.6083984375,1817288
2018-07-13,11939.191549310586,12332.12760227245,11878.740511972195,12271.67578125,2815937
2018-07-16,12422.803571639462,12543.707204161383,12286.7873768943,12362.3525390625,1713080
2018-07-17,12301.901961408148,12664.611328125,12256.562702805482,12664.611328125,3444745
2018-07-18,12694.835778485975,12966.8681640625,12664.609870790362,12966.8681640625,2910083
2018-07-19,12755.286932486457,12966.867491700821,12755.286932486457,12845.9638671875,1999606
2018-07-20,12785.51516807586,12785.51516807586,12468.14427143082,12573.9345703125,2260327
2018-07-23,12755.286772435622,12906.415517496993,12649.496494155876,12694.8349609375,2951554
2018-07-24,12694.8349609375,12694.8349609375,12694.8349609375,12694.8349609375,0
2018-07-25,12785.51510656914,13238.902211550123,12755.289195079198,12815.740234375,3520598
2018-07-26,12906.416595568742,12997.094320390228,12725.061929609772,12861.078125,1905328
2018-07-27,12966.866697822732,13269.124173232854,12861.076424692408,13087.76953125,3429824
2018-07-30,13117.995435527793,13148.220556121687,13057.543626972209,13087.76953125,3178608
2018-07-31,13087.769360736082,13148.220384820183,12936.640625,12936.640625,4224649
2018-08-01,12906.415517496993,13012.205795776741,12664.609055188439,12694.8349609375,6455479
2018-08-02,12694.836411452754,12906.4169921875,12573.933558326054,12906.4169921875,1929408
2018-08-03,12997.094060363956,13027.319184349084,12815.738614349271,12876.1904296875,1911169
2018-08-06,12815.74082121896,12906.418559841004,12770.40234375,12770.40234375,929326
2018-08-07,12785.51392137872,12785.51392137872,12619.27181543637,12679.7236328125,1714620
2018-08-08,12679.722559007603,12876.189773315831,12664.609214101465,12845.9638671875,2028466
2018-08-09,12997.092432767988,13057.543456852089,12861.07625713196,12936.640625,3272861
2018-08-10,12936.643365324124,13133.110606661225,12906.417455037481,13027.3203125,2116745
2018-08-13,13027.319090760095,13208.673751787934,13027.319090760095,13133.109375,2757898
2018-08-14,13223.787015730772,13405.140881207593,13178.447765677636,13390.0283203125,4251464
2018-08-15,13390.02914360385,13510.932772934111,13208.673699608456,13238.900390625,4402188
2018-08-16,13269.831553294676,13300.763671875,13130.637420680374,13300.763671875,3660118
2018-08-17,13362.628266327778,13455.423828125,13300.764825794426,13455.423828125,2463964
2018-08-20,13455.42189915363,13702.878833789104,13347.16069324201,13517.2861328125,2536233
2018-08-21,13486.354817977332,13548.219051636199,13424.490584318462,13517.2861328125,1912841
2018-08-22,13532.754250323062,13702.879700655969,13517.286987938462,13625.5498046875,3060408
2018-08-23,13641.015965654231,13764.744445357717,13641.015965654231,13733.8115234375,2667947
2018-08-24,13733.811057882362,13764.743978754,13579.15126549008,13749.2783203125,1671954
2018-08-27,13702.880205505973,13764.744445357717,13671.947283585756,13733.8115234375,2145604
2018-08-28,13702.882145048547,13749.280732501906,13625.552235285559,13671.94921875,2415298
2018-08-29,13656.483557595186,13733.813467358174,13594.619308987012,13671.94921875,2058600
2018-08-30,13671.947104075201,13671.947104075201,13594.617206273026,13656.4814453125,1678405
2018-08-31,13656.483557595186,13888.47328688415,13641.017896440371,13671.94921875,2727419
2018-09-03,13671.94921875,13671.94921875,13671.94921875,13671.94921875,0
2018-09-04,13641.017578125,13826.610319618685,13610.086256537159,13641.017578125,1684326
2018-09-05,13625.550064638182,13671.947040711255,13300.764014177694,13393.5595703125,2239379
2018-09-06,13331.695754376438,13393.559995091231,13099.7060546875,13099.7060546875,3202424
2018-09-07,13146.103078973381,13300.763671875,13099.70530210005,13300.763671875,1350780
2018-09-10,13362.626900612151,13362.626900612151,13161.5693359375,13161.5693359375,975125
2018-09-11,13161.567301751094,13362.624835351293,13161.567301751094,13347.1591796875,1492848
2018-09-12,13455.423811271485,13517.288053721732,13316.23046875,13316.23046875,1267758
2018-09-13,13517.286763762982,13579.151000309506,13362.626974390976,13424.4912109375,1715575
2018-09-14,13486.355071952905,13826.607561490064,13486.355071952905,13780.208984375,7361388
2018-09-17,13764.746072454123,13764.746072454123,13641.017578125,13641.017578125,1499565
2018-09-18,13517.287520990256,13857.5400390625,13517.287520990256,13857.5400390625,2123090
2018-09-19,13919.402557869496,14120.46091204978,13857.538325507216,14058.5966796875,3589707
2018-09-20,13934.870342073196,14290.588529464096,13934.870342073196,14197.79296875,2990210
2018-09-21,14244.189947112676,14244.189947112676,13981.268924424616,14197.79296875,3523890
2018-09-24,14197.793957013182,14383.385091359782,14166.861031962848,14259.658203125,2631601
2018-09-25,14228.724287658451,14259.657210555644,14166.860045852807,14197.79296875,1982030
2018-09-26,14228.723794207122,14476.180752847908,14182.326817453491,14244.189453125,2731826
2018-09-27,14244.190283739563,14383.384430094593,14244.190283739563,14290.5888671875,1993341
2018-09-28,14383.385103111004,14383.385103111004,14306.055196405268,14321.5224609375,1486237
2018-10-01,14321.52275910748,14367.919741703581,14213.259925072134,14228.7255859375,1379958
2018-10-02,14182.327260692175,14228.724238895846,13996.734535911277,14012.2001953125,2269115
2018-10-03,14012.201183729978,14135.929675645022,13996.73552323781,14074.0654296875,990471
2018-10-04,14074.06432550837,14228.724126273934,14043.133006950748,14182.3271484375,1251244
2018-10-05,14213.257303830676,14228.72296184383,14089.528831748252,14104.99609375,1349930
2018-10-08,14074.064095108703,14074.064095108703,13919.404296875,13919.404296875,1358851
2018-10-09,13919.403954296135,13965.80253421978,13826.6083984375,13826.6083984375,1060509
2018-10-10,13826.60907452034,14043.133118103686,13826.60907452034,14012.2001953125,1847051
2018-10-11,13610.08553320397,13733.812416968518,13084.241064241054,13207.96875,5782385
2018-10-12,13146.103937319755,13610.08494432494,12898.64777451436,13548.220703125,3658418
2018-10-15,13548.219818523283,13610.08405568393,13300.763671875,13300.763671875,1315946
2018-10-16,13455.423826722537,13455.423826722537,13207.968460626153,13378.0947265625,1602844
2018-10-17,13548.221667478396,13610.085913081792,13455.424497078882,13486.357421875,1259315
2018-10-18,13517.288742682278,13610.085913081792,13424.493176271604,13486.357421875,1886716
2018-10-19,13300.763671875,13455.422660788,13269.831553294676,13300.763671875,2456982
2018-10-22,13424.48906199482,13517.284599965937,13331.692722029531,13347.1591796875,1139947
2018-10-23,13347.160544232602,13347.160544232602,12867.714743714632,13053.306640625,3055496
2018-10-24,13006.909979722303,13161.570584911282,12929.580078125,12929.580078125,1493114
2018-10-25,12372.803789390677,12774.919742122076,12372.803789390677,12697.58984375,2011766
2018-10-26,12836.7847920978,12914.114695352278,12620.2607421875,12620.2607421875,2441981
2018-10-29,12527.46421888167,12821.3181683355,12527.46421888167,12682.1240234375,1227614
2018-10-30,12713.056144747543,12929.580191923455,12635.726242469627,12682.1240234375,1201728
2018-10-31,12914.116218054252,12991.446130426693,12774.922054986066,12975.98046875,863243
2018-11-01,13006.908517531132,13115.170527995793,12960.5107421875,12960.5107421875,1247208
2018-11-02,13099.705773927733,13300.764150944444,13006.909414844406,13269.83203125,1576560
2018-11-05,13177.034993991589,13300.763466401497,13053.307323575978,13161.5693359375,705218
2018-11-06,13207.969046925724,13223.434707245373,13022.37711311785,13037.8427734375,1250315
2018-11-07,13037.842438523008,13146.10446396278,12883.182631321732,12945.046875,1315707
2018-11-08,13068.774896071214,13115.17267902458,12975.979330164486,13037.8427734375,934902
2018-11-09,12929.580547010844,13022.376913489454,12743.98861604803,12759.455078125,1686238
2018-11-12,12743.989929638192,12975.98046875,12728.524267961498,12975.98046875,725104
2018-11-13,12743.987504049906,12914.113760085502,12743.987504049906,12883.181640625,1162965
2018-11-14,12960.512389834677,13068.7744140625,12867.716827350478,13068.7744140625,1997721
2018-11-15,12991.442407656792,13115.17007159895,12898.646058204478,13053.306640625,1324283
2018-11-16,13146.104665526196,13269.833154779808,13068.774760739892,13223.4345703125,1698955
2018-11-19,13300.761410701942,13362.624835351293,13238.897184058414,13347.1591796875,1051429
2018-11-20,13362.626974390976,13424.4912109375,13254.364961431711,13424.4912109375,1460617
2018-11-21,13238.899303292232,13424.4912109375,13207.96718501897,13424.4912109375,1362966
2018-11-22,13424.4912109375,13486.355447484024,13378.093434524759,13424.4912109375,858358
2018-11-23,13331.69612836537,13439.958151656114,13300.764809134627,13316.23046875,918786
2018-11-26,13316.231589412844,13316.231589412844,13130.6396484375,13130.6396484375,1283608
2018-11-27,13269.833154779808,13269.833154779808,13146.104665526196,13223.4345703125,907130
2018-11-28,13223.43295379931,13254.365072331382,13161.569518729475,13238.8994140625,680315
2018-11-29,13393.559708033434,13455.42314542798,13269.83203125,13269.83203125,1390180
2018-11-30,13269.83203125,13285.297690100053,13192.502133011063,13269.83203125,859633
2018-12-03,13362.628033352885,13888.4716796875,13362.628033352885,13888.4716796875,3017026
2018-12-04,13888.472189203729,14074.064920359862,13842.07520940629,13903.939453125,2684647
2018-12-05,13749.279777570478,13903.939586354836,13733.812513500996,13795.6767578125,1608606
2018-12-06,13764.744445357717,13857.540003140986,13625.550306688468,13733.8115234375,1285334
2018-12-07,13795.674204218334,14027.663874453332,13795.674204218334,13950.333984375,2026209
2018-12-10,13857.541964574522,13919.406213182696,13671.94921875,13671.94921875,1845192
2018-12-11,13702.879700655969,13764.743938228472,13579.151225510965,13625.5498046875,1016065
2018-12-12,13625.5498046875,13625.5498046875,13625.5498046875,13625.5498046875,0
2018-12-13,13903.939586354836,13996.735150827688,13764.745437651152,13795.6767578125,2072406
2018-12-14,13795.675582154152,13857.539821193626,13641.015786549799,13656.4814453125,2091920
2018-12-17,13641.015372269943,13641.015372269943,13300.763671875,13300.763671875,2064627
2018-12-18,13099.705374003219,13238.899507381548,12945.045582246996,12991.443359375,2988617
2018-12-19,12991.442882385585,13177.034786077787,12945.045106961106,13022.375,1252040
2018-12-20,13084.240860891197,13115.172180354415,13006.91015625,13006.91015625,1224508
2018-12-21,12960.511599972877,13146.103515625,12960.511599972877,13146.103515625,1204861
2018-12-24,13177.035269881331,13238.899507381548,12991.443359375,12991.443359375,564265
2018-12-25,12805.851085253193,12836.783203125,12682.122613765967,12836.783203125,1944276
2018-12-26,12836.784660445936,12945.046684290768,12805.8525390625,12805.8525390625,885678
2018-12-27,13022.376441238388,13068.774221797894,12929.580078125,12929.580078125,1207649
2018-12-28,13006.908064901714,13053.306640625,12929.578174688584,13053.306640625,1027933
2018-12-31,13053.306640625,13053.306640625,13053.306640625,13053.306640625,0
2019-01-01,13053.306640625,13053.306640625,13053.306640625,13053.306640625,0
2019-01-02,12929.58020733712,13037.842231054137,12728.522621573733,12743.98828125,1218959
2019-01-03,12821.31833025027,12821.31833025027,12589.32862048683,12620.2607421875,1902566
2019-01-04,12558.396830036607,12821.318668435755,12527.464707520046,12713.056640625,845800
2019-01-07,12929.580078125,13022.376441238388,12867.716638043783,12929.580078125,1084484
2019-01-08,12929.579121874784,12991.443359375,12898.647003124675,12991.443359375,784974
2019-01-09,13022.37728443499,13177.037097643792,12960.5130383537,13115.1728515625,820498
2019-01-10,13115.17267902458,13161.571263972359,13037.8427734375,13037.8427734375,550459
2019-01-11,13115.17007159895,13161.568647322234,13006.908064901714,13053.306640625,1582613
2019-01-14,13084.240078403851,13177.035635232744,12991.44371958062,13146.103515625,1057748
2019-01-15,13084.23962339645,13238.8994140625,13084.23962339645,13238.8994140625,901316
2019-01-16,13300.763466401497,13300.763466401497,13161.5693359375,13161.5693359375,495394
2019-01-17,13146.103151131223,13223.433047009335,12991.443359375,12991.443359375,1008286
2019-01-18,13022.375478125108,13146.103151131223,12991.443359375,12991.443359375,603081
2019-01-21,13053.307958796107,13238.89987444823,13053.307958796107,13146.103515625,657906
2019-01-22,13146.103834226416,13223.43373412273,13099.7060546875,13099.7060546875,375628
2019-01-23,13084.240395505982,13115.17171386902,13037.841813972707,13099.7060546875,513634
2019-01-24,13115.173185526128,13177.037433182724,13099.707524609203,13130.6396484375,622515
2019-01-25,13115.1728515625,13177.037097643792,13084.241530516281,13115.1728515625,566761
2019-01-28,13146.102668463373,13146.102668463373,13022.375,13022.375,574354
2019-01-29,13115.171396017256,13146.103515625,12991.44371958062,13146.103515625,1143186
2019-01-30,13146.104849028201,13424.493151740347,13115.172726283026,13362.62890625,1829979
2019-01-31,13393.561028995173,13424.493151740347,13269.833340008896,13362.62890625,1373320
2019-02-01,13362.628055472784,13362.628055472784,12836.78440826771,13177.0361328125,1592702
2019-02-04,13177.0361328125,13177.0361328125,13177.0361328125,13177.0361328125,0
2019-02-05,13177.0361328125,13177.0361328125,13177.0361328125,13177.0361328125,0
2019-02-06,13177.0361328125,13177.0361328125,13177.0361328125,13177.0361328125,0
2019-02-07,13177.0361328125,13177.0361328125,13177.0361328125,13177.0361328125,0
2019-02-08,13177.0361328125,13177.0361328125,13177.0361328125,13177.0361328125,0
2019-02-11,13300.764075821357,13702.880025589275,13207.967717262143,13656.4814453125,2656133
2019-02-12,13610.086245864966,13795.677383224242,13579.1533203125,13579.1533203125,1862662
2019-02-13,13610.083541600701,13919.40311173163,13610.083541600701,13780.208984375,2987847
2019-02-14,13811.141919229432,13888.471820829545,13687.4150390625,13687.4150390625,1638076
2019-02-15,13687.416483893732,13749.280732501906,13610.086574130744,13671.94921875,1718390
2019-02-18,13671.94921875,13671.94921875,13671.94921875,13671.94921875,0
2019-02-19,13826.60868520946,13965.802823878708,13702.880205505973,13733.8115234375,3905173
2019-02-20,13702.879435768255,13934.869119189118,13702.879435768255,13873.0048828125,1325982
2019-02-21,13826.608721050794,13888.471357074206,13702.88024102658,13857.5400390625,1991110
2019-02-22,13857.53910642791,14043.131813973545,13733.810634730818,13981.267578125,3302066
2019-02-25,14089.53109017967,14290.589488544403,14058.599769195333,14074.0654296875,2717808
2019-02-26,14104.996049822092,14104.996049822092,13919.403342276455,13981.267578125,1760843
2019-02-27,13981.266902799438,14058.596792877772,13888.46975151463,13950.333984375,1289396
2019-02-28,13950.337535492325,13950.337535492325,13671.94921875,13671.94921875,3643152
2019-03-01,13780.211097731826,13795.6767578125,13656.482609108818,13795.6767578125,1568515
2019-03-04,13795.67581669256,13981.268536966221,13795.67581669256,13919.404296875,2141967
2019-03-05,13919.404602406437,13981.268843855582,13857.540360957295,13888.4716796875,2188509
2019-03-06,13903.939586354836,13950.336566596858,13749.279777570478,13795.6767578125,1845829
2019-03-07,13795.674664995378,13919.40313484866,13795.674664995378,13842.0732421875,993869
2019-03-08,13842.0732421875,13842.0732421875,13842.0732421875,13842.0732421875,0
2019-03-11,13811.140136640912,13873.004370734005,13749.277506536362,13764.7431640625,967797
2019-03-12,13842.072611955293,14383.3818359375,13842.072611955293,14383.3818359375,5126443
2019-03-13,14383.384430094593,14445.24867336225,14290.5888671875,14290.5888671875,2660009
2019-03-14,14290.586100986438,14383.381645931278,14228.721869693722,14306.0517578125,1416384
2019-03-15,14306.055494253224,14321.52275910748,14151.395677621778,14228.7255859375,2766076
2019-03-18,14321.521790815717,14367.918770274875,14213.258964100125,14290.5888671875,2639273
2019-03-19,14290.58851328211,14321.521436144276,14135.9287109375,14135.9287109375,2428573
2019-03-20,14104.995254956335,14197.790801505505,13996.732447325221,14058.5966796875,2116745
2019-03-21,14166.857997392033,14166.857997392033,13950.333984375,13950.333984375,2192332
2019-03-22,13950.335776392134,14043.13293959738,13934.8701171875,13934.8701171875,1825811
2019-03-25,13671.947283585756,13919.404242992729,13671.947283585756,13733.8115234375,1681990
2019-03-26,13919.40313484866,13919.40313484866,13764.743349526341,13842.0732421875,1025145
2019-03-27,13857.540056783779,13950.335614926262,13857.540056783779,13919.404296875,1563896
2019-03-28,13842.074255464462,14027.665369841587,13842.074255464462,13965.802734375,962062
2019-03-29,14104.998354660687,14104.998354660687,14012.201183729978,14074.0654296875,1186117
2019-04-01,14197.79131773761,14197.79131773761,14074.06284851428,14166.8583984375,869509
2019-04-02,14166.861338487144,14445.249650019303,14166.861338487144,14228.7255859375,3596132
2019-04-03,14352.452838728093,14599.908203125,14228.724354535265,14599.908203125,2745526
2019-04-04,14692.705415116347,14909.229461149876,14615.375513246425,14785.5009765625,4556310
2019-04-05,14785.5009765625,14816.432295714967,14677.238151551357,14785.5009765625,1633350
2019-04-08,14739.102393845045,14847.365218856188,14677.238151551357,14785.5009765625,1201808
2019-04-09,14785.50160721158,15002.025662480555,14630.841796875,14630.841796875,2686001
2019-04-10,14538.045227010898,14630.840786003668,14460.713723196759,14507.1123046875,1941064
2019-04-11,14507.112000200847,14692.704718279732,14491.64634135811,14538.044921875,955557
2019-04-12,14491.647058827362,14971.093734609976,14491.647058827362,14909.2294921875,2323356
2019-04-15,14909.2294921875,14909.2294921875,14909.2294921875,14909.2294921875,0
2019-04-16,14692.703797089242,14909.227819278165,14692.703797089242,14816.4306640625,2408077
2019-04-17,14940.160174278239,15311.344008995122,14909.228856380452,15002.0244140625,5202535
2019-04-18,15002.0244140625,15234.014110261967,14862.830275545082,15002.0244140625,2591085
2019-04-19,15063.890454853556,15125.754702034175,14971.094886077066,14986.560546875,1205313
2019-04-22,15002.023370505254,15002.023370505254,14785.499348316329,14816.4306640625,2193261
2019-04-23,14816.4306640625,14986.557712632168,14692.703797089242,14816.4306640625,1458652
2019-04-24,15002.024575259928,15048.423156593852,14878.296094361936,15017.490234375,2270362
2019-04-25,15002.025723282226,15203.084119130177,14986.560062983652,15094.8212890625,2577094
2019-04-26,15125.751214332815,15388.67219923993,15094.818295880586,15326.8095703125,2296434
2019-04-29,15326.8095703125,15326.8095703125,15326.8095703125,15326.8095703125,0
2019-04-30,15326.8095703125,15326.8095703125,15326.8095703125,15326.8095703125,0
2019-05-01,15326.8095703125,15326.8095703125,15326.8095703125,15326.8095703125,0
2019-05-02,15404.1427379151,15527.869626083162,15357.744152359042,15419.6083984375,2349720
2019-05-03,15435.07356276206,15466.0048828125,15342.277998621938,15466.0048828125,2813149
2019-05-06,15156.683410270109,15280.411883297722,14986.557962848594,15079.353515625,3863384
2019-05-07,15187.618824903591,15373.209960937502,15172.151560243376,15373.2099609375,2906897
2019-05-08,15249.479369716555,15373.207846043735,15156.683814465496,15357.7421875,2546189
2019-05-09,15342.276263592861,15357.7419218691,15032.955078125,15032.955078125,2285788
2019-05-10,15156.685546875,15234.015452421136,15079.355641328864,15156.685546875,2728879
2019-05-13,15156.683955149796,15404.140910101052,15156.683955149796,15311.34375,2258176
2019-05-14,15280.408963037404,15713.456931885044,15187.61342799528,15527.8642578125,4143990
2019-05-15,15620.664365530836,15651.59568176057,15496.935892634696,15589.7314453125,4088527
2019-05-16,15589.731877621976,15682.527432873037,15357.7421875,15357.7421875,5021358
2019-05-17,15658.252321756223,15658.252321756223,15414.679693766324,15466.875,3590489
2019-05-20,15484.273487697687,15762.642460332681,15484.273487697687,15745.2451171875,4325536
2019-05-21,15832.234309664942,16023.61163586562,15780.039002219108,15971.41796875,2453525
2019-05-22,15988.817763201832,16058.408776112858,15745.2451171875,15745.2451171875,3774070
2019-05-23,15745.246129077079,15936.623477294394,15727.847144483429,15901.8271484375,3059322
2019-05-24,15832.235898217337,15988.818555605378,15745.24589751962,15867.0322265625,2449229
2019-05-27,15762.642460332681,15814.836130098525,15536.46715746353,15745.2451171875,3045878
2019-05-28,15658.254219102928,15797.439532151233,15571.264218612925,15606.060546875,1251394
2019-05-29,15606.060508343544,15606.060508343544,15310.294179341707,15345.0888671875,3633235
2019-05-30,15345.091148221572,15553.869148313219,15275.500121854971,15501.673828125,2380923
2019-05-31,15519.070508068318,15588.663164420646,15345.0888671875,15345.0888671875,1476802
2019-06-03,15310.293152651317,15345.087838163818,15136.3115234375,15136.3115234375,2128361
2019-06-04,15136.312382196367,15205.905037830233,15049.322382819211,15066.7197265625,1296504
2019-06-05,15136.314019980524,15275.49934630843,15136.314019980524,15171.1103515625,1207055
2019-06-06,15240.702714677003,15553.868052418855,15171.110052883147,15484.275390625,2227151
2019-06-07,15588.664944544349,15745.24761905262,15553.86861239467,15727.8486328125,3149012
2019-06-10,15832.234125924966,15901.825134494753,15588.661495105222,15693.048828125,2962342
2019-06-11,15693.052300662823,15867.033961411213,15623.459636363466,15727.8486328125,3129269
2019-06-12,15727.847972743764,15867.033295501125,15658.255311365085,15675.654296875,3100354
2019-06-13,15675.655494868039,15693.052841377035,15484.276481616003,15501.673828125,2066717
2019-06-14,15519.073136890838,15623.460498771448,15449.48046875,15449.48046875,1351149
2019-06-17,15345.084839356383,15484.270115527204,15275.493841600914,15327.6875,2446333
2019-06-18,15432.076457128116,15466.872776170821,15223.298542871884,15327.6875,1843239
2019-06-19,15414.680476694393,15553.865779946664,15379.884150881326,15536.466796875,1281202
2019-06-20,15606.05950407426,15797.4384765625,15536.466852200303,15797.4384765625,3272952
2019-06-21,15832.234802499477,15867.031128436454,15745.244807822168,15797.4384765625,2105794
2019-06-24,15797.441181446995,15814.838527229176,15710.451171875,15710.451171875,1752680
2019-06-25,15658.254632027945,16197.595273817557,15588.663613998977,16180.1962890625,7891238
2019-06-26,16180.19550575536,16180.19550575536,16041.011836105094,16058.4091796875,2448553
2019-06-27,16023.612134657453,16041.011117791075,15762.642150625523,15797.4384765625,2949116
2019-06-28,15797.440973251176,16006.217321538596,15623.459316069555,15832.2373046875,5983916
2019-07-01,16006.216620665986,16388.974609375,15971.420290753307,16388.974609375,6157842
2019-07-02,16354.175229673729,16528.155206462226,16232.388917855753,16319.37890625,3862481
2019-07-03,16249.788632432306,16319.381289442692,16197.594959839711,16284.5849609375,3079452
2019-07-04,16354.17632679415,16423.768978310232,16284.583675278067,16336.77734375,3079307
2019-07-05,16284.585824764476,16354.178485466451,16145.402143690997,16214.9931640625,2746154
2019-07-08,16180.196487633018,16319.381806059933,16023.613824567958,16110.60546875,3145078
2019-07-09,16110.602908691731,16301.980230622234,16041.010260536907,16267.185546875,2395695
2019-07-10,16336.778866311497,16510.760511316512,16284.585192975197,16371.5751953125,3094223
2019-07-11,16406.373366697484,16441.169699606005,16284.587021682957,16354.1796875,2061576
2019-07-12,16388.97602040852,16510.76236542305,16284.587021682957,16354.1796875,2997654
2019-07-15,16336.78006596857,16545.558055305763,16301.983734412372,16458.56640625,2838572
2019-07-16,16475.965392193364,16632.54806403099,16441.169060637167,16458.56640625,2799809
2019-07-17,16458.5651976498,16528.157855651807,16354.177850977203,16371.5751953125,3119928
2019-07-18,16354.177617947886,16388.97394645308,16284.5849609375,16284.5849609375,2499167
2019-07-19,16336.780720492228,16806.528754825293,16319.38337418238,16771.732421875,6786061
2019-07-22,16771.728520675188,16928.311162364193,16684.738528699123,16823.923828125,4237800
2019-07-23,16876.12077079434,16980.509765625,16736.935444353458,16980.509765625,2289447
2019-07-24,17171.886025434622,17189.285010286854,16910.916015625,16910.916015625,4713261
2019-07-25,16910.916015625,16910.916015625,16910.916015625,16910.916015625,0
2019-07-26,16910.916015625,16910.916015625,16910.916015625,16910.916015625,0
2019-07-29,16910.916015625,16910.916015625,16910.916015625,16910.916015625,0
2019-07-30,16910.916015625,16910.916015625,16910.916015625,16910.916015625,0
2019-07-31,16632.542085413603,16841.318359375,16528.15312826793,16841.318359375,2683665
2019-08-01,16841.321170388128,16910.913820101065,16771.728520675188,16823.923828125,2329296
2019-08-02,16719.538098713612,17050.10078851491,16649.945435493173,16980.509765625,3504347
2019-08-05,17050.09765625,17328.46661766221,16980.506646144622,17050.09765625,5604687
2019-08-06,17050.09765625,17050.09765625,17050.09765625,17050.09765625,0
2019-08-07,17050.094830532482,17311.06640625,17032.69749097196,17311.06640625,3008370
2019-08-08,17345.86850236404,17606.83852466197,17345.86850236404,17502.451171875,5033646
2019-08-09,17502.451302440644,17885.207666065686,17398.062308544442,17780.8203125,4227904
2019-08-12,17780.818442734526,18302.76007666904,17641.633132175804,18198.37109375,4387783
2019-08-13,18128.779524850503,18511.53751149368,17989.595846281445,18267.96484375,5401652
2019-08-14,18441.940559872222,18685.513170926886,18372.34791661944,18511.533203125,5322944
2019-08-15,18405.149448953598,18795.23828125,18227.834823587636,18795.23828125,5367620
2019-08-16,18795.239205919752,19539.957325585983,18440.61328125,18440.61328125,10936199
2019-08-19,18440.61285836096,18688.85166863883,18156.911122078483,18582.462890625,6878310
2019-08-20,18582.46179525642,19149.865234375,18582.46179525642,19149.865234375,5497642
2019-08-21,19185.328292688137,19327.178317584334,18937.089495304055,19008.013671875,4363888
2019-08-22,19008.0141599348,19256.25463544714,18759.775356176808,18795.23828125,4568130
2019-08-23,18830.698279828874,19291.712890625,18653.385353773614,19291.712890625,4509140
2019-08-26,18972.550440203042,19220.789211690233,18972.550440203042,19043.474609375,4238718
2019-08-27,19149.867928204076,19256.256714912477,18724.314453125,18724.314453125,3780635
2019-08-28,18795.23689600635,18866.162740925367,18476.072265625,18476.072265625,3711822
2019-08-29,18511.538868078263,18724.314773379785,18405.15175130478,18688.853515625,2348315
2019-08-30,18795.23434797313,18937.086018580612,18759.77143032126,18830.697265625,1709717
2019-09-02,18830.697265625,18830.697265625,18830.697265625,18830.697265625,0
2019-09-03,18795.235837887805,19149.863370764142,18795.235837887805,19043.474609375,3283090
2019-09-04,19043.477015464086,19220.79164018252,18795.23821261263,18866.1640625,3995279
2019-09-05,18937.088424250967,18972.551346407865,18653.38671875,18653.38671875,3001781
2019-09-06,18759.775390625,18866.164166039936,18546.999511549486,18759.775390625,2758077
2019-09-09,18795.23965665794,19291.717300505425,18617.926690070835,19078.94140625,6052897
2019-09-10,19220.7910822034,19291.715258277498,19008.013538718205,19149.865234375,4179463
2019-09-11,19149.865201147335,19220.791048852665,18937.089329785635,19185.328125,2847285
2019-09-12,19291.715524772902,20036.43359375,19291.715524772902,20036.43359375,9171571
2019-09-13,20036.4312702541,20355.59588112506,19965.505429670746,20142.818359375,5126305
2019-09-16,20178.280738898782,20568.371179898862,20107.356571970286,20461.982421875,3233200
2019-09-17,20320.13244483066,20603.834128205715,20249.20660604837,20426.51953125,2883537
2019-09-18,20532.90721643639,20532.90721643639,19965.50387933704,20000.966796875,6258321
2019-09-19,20071.897449660435,20497.44921875,19930.04574546098,20497.44921875,3458078
2019-09-20,20461.984215872562,20852.074691073696,20426.521293422076,20639.298828125,3369715
2019-09-23,20568.3741163026,20674.76288951485,20036.43359375,20036.43359375,5582940
2019-09-24,20000.970771043798,20213.746646795866,19788.19489529173,19930.044921875,6124823
2019-09-25,19965.507170777557,20355.59765625,19894.581324009065,20355.59765625,3481442
2019-09-26,20461.982421875,20568.371179898862,20284.669496922645,20461.982421875,2395864
2019-09-27,20426.5228454494,20852.076275434985,20355.598666913764,20745.6875,6059462
2019-09-30,21029.38578782744,21100.311626510014,20461.982421875,20461.982421875,5307979
2019-10-01,20461.985770594394,20745.6875,20426.5228454494,20745.6875,3968319
2019-10-02,20745.682541947426,20781.145458617066,20284.66796875,20284.66796875,5886888
2019-10-03,20071.89214048611,20355.593802089283,20000.966307146828,20284.66796875,6769866
2019-10-04,20391.058801416733,20391.058801416733,20107.357110837453,20142.818359375,3068228
2019-10-07,20142.8213288723,20284.67303095108,19681.806640625,19681.806640625,5724668
2019-10-08,19681.808087370733,19930.04691250146,19575.419302991355,19894.583984375,3227552
2019-10-09,19965.50387933704,20213.742630348755,19788.190963401245,20000.966796875,2262849
2019-10-10,20071.892631950916,20213.742630348755,20000.966796875,20000.966796875,1950211
2019-10-11,20107.359442558165,20178.28361961201,20000.97066934592,20036.43359375,1917434
2019-10-14,20213.74365824007,20639.297018581437,20142.81781955749,20461.982421875,5384877
2019-10-15,20497.447678032713,20497.447678032713,20355.59765625,20355.59765625,1602432
2019-10-16,20497.445681787434,20568.371521648463,20355.595673819484,20391.05859375,2001018
2019-10-17,20355.60015047784,20391.06307820746,20071.89840039538,20107.361328125,3913916
2019-10-18,20142.822156569247,20426.523900630145,20071.897974369855,20249.2109375,3493341
2019-10-21,20355.598241632426,20355.598241632426,19965.507744941835,20036.43359375,3042354
2019-10-22,20036.431701484842,20071.894622539763,19752.730004799636,19965.505859375,3703423
2019-10-23,19859.115126723165,20213.742630348755,19859.115126723165,20000.966796875,1804935
2019-10-24,20142.819585572404,20639.298828125,20000.969567524684,20639.298828125,5391780
2019-10-25,20674.761814555695,20745.685987921923,20461.98427919431,20568.373046875,3271215
2019-10-28,20568.373014994733,20852.07472328262,20497.447169984203,20603.8359375,3607940
2019-10-29,20639.30088734104,20674.76381332972,20497.449183386318,20532.912109375,2300236
2019-10-30,20532.912144799862,20603.83799689959,20426.52336665027,20497.44921875,2659987
2019-10-31,20568.37503536368,20816.613845530046,20497.449183386318,20532.912109375,3049354
2019-11-01,20568.37454602938,20816.61335028999,20426.5228454494,20745.6875,4182697
2019-11-04,20816.614514955192,21454.943859770177,20816.614514955192,21242.16796875,14026947
2019-11-05,21313.090225017804,21313.090225017804,21064.851429303864,21206.703125,2991740
2019-11-06,21206.703225400786,21419.47909819806,21100.314453125,21100.314453125,3745010
2019-11-07,21100.314453125,21242.166149492718,20993.92568084921,21100.314453125,3470870
2019-11-08,21206.70319182155,21206.70319182155,20993.92564760689,21135.77734375,2943516
2019-11-11,21171.239854847023,21490.404493189497,21100.314008158857,21277.626953125,5262893
2019-11-12,21277.62827564639,21738.644636019893,21277.62827564639,21632.255859375,6861101
2019-11-13,21703.18019601147,21738.643119085147,21454.94140625,21454.94140625,3219635
2019-11-14,21454.943023024865,21632.255980000715,20391.061937661012,20674.763671875,11583945
2019-11-15,20674.765230247256,20852.07820058817,20461.987659732746,20781.15234375,6198294
2019-11-18,20710.22152961641,20852.07320933847,20249.206914027942,20391.05859375,6745898
2019-11-19,20391.061937661012,20674.763671875,20391.061937661012,20674.763671875,2557891
2019-11-20,20639.29757170434,20639.29757170434,20071.894190545776,20142.818359375,5531457
2019-11-21,20142.82284754292,20249.211632123206,19823.659837311072,19859.12109375,7974508
2019-11-22,19965.509878330282,20249.211632123206,19681.80812453736,19859.12109375,3924125
2019-11-25,19894.579926781847,20213.74454307037,19788.19283585511,20071.89453125,2626003
2019-11-26,20213.748010523082,20284.673864476918,20142.822156569247,20249.2109375,2338057
2019-11-27,20284.675860934498,20355.601721868996,20178.28706953275,20213.75,1960542
2019-11-28,20178.28577573635,20178.28577573635,19788.196909117643,19859.12109375,3308650
2019-11-29,19859.115126723165,20142.816795272836,19788.190963401245,20000.966796875,1784564
2019-12-02,20036.436861301292,20036.436861301292,19362.64453125,19362.64453125,4808865
2019-12-06,19504.494140625,19646.34417426462,19398.105361579474,19504.494140625,1342363
2019-12-09,19575.415984135994,19788.19351682003,19504.4918116622,19610.87890625,1691857
2019-12-10,19610.880789585608,19788.195417184088,19433.5678337415,19681.806640625,1923903
2019-12-11,19681.806021463493,20071.896518154084,19575.417248251244,20036.43359375,2119069
2019-12-12,20142.824139065502,20284.675860934498,20107.362880352863,20213.75,2274627
2019-12-13,20284.673864476918,20391.06264540767,20178.285083546165,20249.2109375,4058999
2019-12-16,20249.209468420177,20249.209468420177,20000.97066934592,20036.43359375,2336706
2019-12-17,19930.04746423606,20000.97332245246,19539.958587554942,19646.345703125,5337401
2019-12-18,19646.343715105304,19859.119596469103,19504.493684780893,19681.806640625,2467911
2019-12-19,19681.806536503733,19930.04534207399,19646.343611171644,19788.1953125,1973913
2019-12-20,19859.118971729586,20107.359442558165,19788.194794675743,20036.43359375,1875630
2019-12-23,20178.285737632188,20213.74866575865,19859.12105624854,19894.583984375,1848839
2019-12-24,20000.966796875,20036.42971441296,19894.578044261125,20000.966796875,1670472
2019-12-25,20000.96814626845,20532.908601717947,20000.96814626845,20391.05859375,3872305
2019-12-26,20497.447678032713,20603.83644818545,20355.59765625,20355.59765625,2714125
2019-12-27,20355.5953642218,20497.445370032285,20142.817847874943,20426.51953125,2425358
2019-12-30,20497.45058815183,20887.541129007255,20426.52473131366,20781.15234375,6953808
2019-12-31,20781.150777358755,20816.613703104802,20568.37489463686,20674.763671875,1663062
2020-01-01,20674.763671875,20674.763671875,20674.763671875,20674.763671875,0
2020-01-02,20674.765230247256,20923.00405742634,20568.37644499,20781.15234375,2164349
2020-01-03,20887.535811580772,20958.461650363057,20355.5953642218,20426.51953125,4942821
2020-01-06,20249.21293046725,20426.525911048884,20142.824139065502,20213.75,2634861
2020-01-07,20320.13422921211,20603.8359375,20213.74546169632,20603.8359375,2020786
2020-01-08,20391.058801416733,20461.98297024596,20142.818359375,20142.818359375,4379022
2020-01-09,20320.13244483066,20461.982450641142,20249.20660604837,20426.51953125,2334099
2020-01-10,20391.05859375,20497.445681787434,20249.206914027942,20391.05859375,2458642
2020-01-13,20355.599718430753,20426.523900630145,20213.748010523082,20249.2109375,1898946
2020-01-14,20249.21293046725,20355.601721868996,20213.75,20213.75,1741867
2020-01-15,20213.75,20249.21293046725,20142.824139065502,20213.75,2270910
2020-01-16,20213.745493026923,20639.298891995462,20213.745493026923,20568.373046875,4689608
2020-01-17,20568.37120881457,20603.834128205715,20213.743686657228,20426.51953125,3352071
2020-01-20,20391.060579634246,20568.373524801205,20284.671809481504,20355.59765625,2961763
2020-01-21,20497.44891231488,20568.374763354273,19681.806640625,19681.806640625,10503677
2020-01-22,19504.4930711974,20036.43359375,19398.10429798515,20036.43359375,7640703
2020-01-23,20036.43359375,20036.43359375,20036.43359375,20036.43359375,0
2020-01-24,20036.43359375,20036.43359375,20036.43359375,20036.43359375,0
2020-01-27,20036.43359375,20036.43359375,20036.43359375,20036.43359375,0
2020-01-28,20036.43359375,20036.43359375,20036.43359375,20036.43359375,0
2020-01-29,20036.43359375,20036.43359375,20036.43359375,20036.43359375,0
2020-01-30,19610.88135626218,19788.195988984346,19114.403728148955,19398.10546875,6368262
2020-01-31,19149.866802343935,19469.03147195026,18440.61328125,18440.61328125,9939684
2020-02-03,17589.50822717258,18617.92642806306,17376.730664157076,18263.298828125,8696231
2020-02-04,18582.46338999118,18582.46338999118,18085.98575609361,18369.6875,3985962
2020-02-05,18547.000389949153,18724.313352284025,18440.61328125,18440.61328125,3979156
2020-02-06,18617.92484959472,19008.013671875,18369.686052210644,19008.013671875,4123805
2020-02-07,18795.23623635537,18972.550842429755,18724.310393925614,18901.625,2941392
2020-02-10,18582.460874436205,18795.236735623374,18476.072107965512,18653.38671875,1781475
2020-02-11,18759.774874490922,19043.476596037628,18688.850697919977,19008.013671875,2619704
2020-02-12,19078.939353442005,19398.103996361697,19043.476429589336,19185.328125,2666745
2020-02-13,19185.32416692719,19327.17416131886,19043.47250078156,19256.25,2487413
2020-02-14,19185.327713759212,19327.177734375,19149.864790666703,19327.177734375,2134226
2020-02-17,19362.639071497026,19362.639071497026,19149.863222124426,19220.7890625,1753235
2020-02-18,19291.71758616416,19859.12109375,19256.25632972523,19859.12109375,4250255
2020-02-19,19823.658272663797,19930.045377092632,19681.8065710862,19752.732421875,1644284
2020-02-20,19894.5824167419,20000.97119273817,19681.806536503733,19788.1953125,1884585
2020-02-21,19823.65891552878,19823.65891552878,19398.10546875,19398.10546875,3519167
2020-02-24,18830.701665118922,19114.40340086228,18617.92578125,18617.92578125,5459603
2020-02-25,18476.07302351382,19149.865234375,18440.61177135392,19149.865234375,3397713
2020-02-26,18937.090662557694,19575.418321567602,18795.238957163663,19504.494140625,7774949
2020-02-27,19504.495155324723,20036.43573471714,19362.643442551012,19859.12109375,7064787
2020-02-28,19504.49215538604,19752.730942804526,19362.640464430195,19539.955078125,5146338
2020-03-02,19539.956541262967,19930.045377092632,19433.56776507977,19752.732421875,4313299
2020-03-03,19930.047270787425,20213.74902914477,19752.734298722033,19823.66015625,2881389
2020-03-05,19681.80923118195,19823.660951931524,19362.64453125,19362.64453125,3129148
2020-03-06,19220.7910822034,19256.254006117597,18972.552286558304,19149.865234375,3149857
2020-03-09,18156.910749487633,18440.612479948377,17837.74609375,17837.74609375,11428869
2020-03-10,18085.985791934283,18440.61339045864,17837.74697449357,18334.224609375,4900486
2020-03-11,18440.614013840885,18617.92698321988,17554.045823436914,18015.060546875,6645467
2020-03-12,17234.879072980897,17483.117869024853,16773.862733109865,17057.564453125,9610272
2020-03-13,16064.613060660056,17731.36085018012,16029.150128318604,17075.30078125,7045719
2020-03-16,17075.29720426699,17624.96836102604,16844.789028212424,16880.251953125,4583384
2020-03-17,16667.473610972113,17199.4140625,16490.159012626755,17199.4140625,5972886
2020-03-18,17376.728995832633,17412.191919597117,17146.222498994903,17163.953125,3965109
2020-03-19,16880.251918909307,17057.56487135843,16880.251918909307,16915.71484375,3129486
2020-03-20,17093.027796199123,17110.76009449664,16791.595442684746,16915.71484375,3116863
2020-03-23,16348.31068887266,16632.012403680128,15745.4443359375,15745.4443359375,6822579
2020-03-24,15958.22313364718,15958.22313364718,15426.282529701064,15780.91015625,5289467
2020-03-25,16312.8466796875,16454.69836352601,16011.414359161903,16312.8466796875,5145349
2020-03-26,16135.53488801931,16259.654284280734,15674.5185546875,15674.5185546875,5692084
2020-03-27,15745.444347492614,15745.444347492614,15213.503840807514,15284.4296875,6356894
2020-03-30,14362.399448642722,14575.175328119698,14220.547747821833,14326.9365234375,5207862
2020-03-31,14717.025514347313,15036.190136593332,14220.546284323404,14575.173828125,4013985
2020-04-01,14468.787047746962,15319.892168202667,14468.787047746962,15000.7275390625,3507074
2020-04-02,15000.7275390625,15000.7275390625,15000.7275390625,15000.7275390625,0
2020-04-03,15248.969514505005,15834.103675868937,15142.580725277665,15816.373046875,5001038
2020-04-06,16312.846639789912,16844.787109375,16135.5337071796,16844.787109375,6562632
2020-04-07,16844.78913151009,16915.71498177018,16490.161551963996,16773.86328125,5946722
2020-04-08,16348.311814418355,16685.207101523523,16224.192410129377,16614.28125,3805495
2020-04-09,16667.476474519837,16880.252357336027,16490.161845711023,16614.28125,5170885
2020-04-10,16525.62339260134,16667.475083812515,16277.384604736031,16454.69921875,4542497
2020-04-13,16454.69890587572,16667.474766892457,16348.310139490248,16490.16015625,3029972
2020-04-14,16880.250785525666,17554.04296875,16667.47492252217,17554.04296875,9828416
2020-04-15,17908.670342406513,18015.05911865217,17678.163834839135,17766.8203125,5322533
2020-04-16,17624.96854208867,18015.05904838008,17483.11851273548,17837.74609375,3640910
2020-04-17,18156.912109375,18192.37336555345,17802.28450180015,18156.912109375,6351777
2020-04-20,18405.15061074535,18440.613538057074,17979.59715475911,18192.373046875,5405997
2020-04-21,17908.66691439127,18050.51858889939,17341.26355986688,17483.115234375,9019850
2020-04-22,17305.808755092043,18156.91410370313,17270.345823263917,18121.451171875,5903397
2020-04-23,18476.07120298543,18511.534123405312,18085.982421875,18085.982421875,3290765
2020-04-24,18050.51950145512,18156.90826271476,17766.817809850203,18085.982421875,3406547
2020-04-27,18263.295443015326,18263.295443015326,17908.66790880763,17979.59375,3426749
2020-04-28,17979.59375,18015.056670596183,17802.280818773223,17979.59375,2351622
2020-04-29,18015.060546875,18227.836444480694,17908.671762194903,18015.060546875,3256540
2020-04-30,18015.060546875,18015.060546875,18015.060546875,18015.060546875,0
2020-05-01,18015.060546875,18015.060546875,18015.060546875,18015.060546875,0
2020-05-04,17802.280878359503,18050.519651609528,17660.42919549997,17908.66796875,2161476
2020-05-05,18015.05856005938,18085.984408690623,17873.20853455121,18050.521484375,1636416
2020-05-06,18085.98482826015,18830.701240901624,18085.98482826015,18759.775390625,8375653
2020-05-07,18795.23811061878,18972.552734375,18582.46223386565,18972.552734375,4901403
2020-05-08,19008.011688911953,19539.953824103522,19008.011688911953,19043.474609375,8653630
2020-05-11,19149.865234375,19291.715258277498,18901.62643872991,19149.865234375,5115516
2020-05-12,19149.862884131613,19291.712890625,19008.011205884133,19291.712890625,6826200
2020-05-13,19734.267249342694,20585.95755283379,19692.72279317373,20502.865234375,14384827
2020-05-14,20336.68683532869,20399.005236538746,20149.729928637724,20232.822265625,5451442
2020-05-15,20232.822265625,20232.822265625,20232.822265625,20232.822265625,0
2020-05-18,20232.822265625,20232.822265625,20232.822265625,20232.822265625,0
2020-05-19,20440.54630306685,20648.275390625,20191.271057384994,20648.275390625,6042529
2020-05-20,20648.275390625,20648.275390625,20648.275390625,20648.275390625,0
2020-05-21,20315.91081010871,20482.09375,20295.13687820949,20482.09375,4212432
2020-05-22,20357.456148295703,20357.456148295703,20128.953125,20128.953125,3634546
2020-05-25,20149.725352999416,20191.271512058673,19858.905645705465,20128.953125,4266875
2020-05-26,20149.724807446808,20274.36328125,20087.4064220754,20274.36328125,3391001
2020-05-27,20315.911808837598,20523.640919678783,19941.998046875,19941.998046875,4404515
2020-05-28,20025.090372435705,20191.27332049654,19941.998046875,19941.998046875,2506773
2020-05-29,19941.99683797566,19983.54299823745,19734.267739727173,19921.224609375,2825351
2020-06-01,19942.002111256355,20087.412859093478,19942.002111256355,20066.640625,2724566
2020-06-02,20066.636535216057,20149.72715771619,19941.998046875,19941.998046875,3057395
2020-06-03,19942.00152757331,20336.687588284723,19900.45706060232,20212.05078125,3973168
2020-06-04,20315.91271384484,20315.91271384484,20108.18359375,20108.18359375,2644623
2020-06-05,20108.185463204896,20232.822265625,20004.320893501204,20232.822265625,2594545
2020-06-08,20232.822265625,20232.822265625,20232.822265625,20232.822265625,0
2020-06-09,20232.822265625,20232.822265625,20232.822265625,20232.822265625,0
2020-06-10,20357.455597118795,20357.455597118795,20108.18035257279,20274.36328125,2744274
2020-06-11,20274.366099833336,20274.366099833336,19111.08203125,19111.08203125,8978824
2020-06-12,18695.624521603568,19526.541015625,18695.624521603568,19526.541015625,6601694
2020-06-15,19941.99849321212,19941.99849321212,19069.537570600383,19111.08203125,2534310
2020-06-16,19360.357421875,19443.449749773677,19235.720633087607,19360.357421875,2310220
2020-06-17,19401.900936813934,19422.673164422184,19214.944076098105,19256.490234375,1655182
2020-06-18,19235.720633087607,19401.903585824337,19173.40223869391,19360.357421875,1727276
2020-06-19,19360.35805743285,19526.541015625,19360.35805743285,19526.541015625,1564598
2020-06-22,19526.541015625,19526.541015625,19464.22261918553,19526.541015625,1652139
2020-06-23,19505.76769386921,20108.182799576072,19422.675367888747,19755.04296875,3554813
2020-06-24,19900.450294534156,19921.22252095718,19547.310523920623,19609.62890625,1273976
2020-06-25,19381.132772923313,19568.087969778375,19360.35883789892,19443.451171875,1533829
2020-06-26,19443.450425084182,19588.86115242696,19401.90425969186,19464.22265625,1265329
2020-06-29,19360.35680864273,19360.35680864273,19048.76314348324,19131.85546875,2689034
2020-06-30,19173.4029525451,19277.26751475515,18861.80926591495,18965.673828125,3345939
2020-07-01,19111.081503001293,19235.71999068685,19027.990880938156,19194.173828125,1818952
2020-07-02,19235.722697958303,19235.722697958303,19090.311960056722,19173.404296875,1131593
2020-07-03,19318.811827027723,19318.811827027723,19152.6288693955,19214.947265625,1111864
2020-07-06,19318.812670910876,19505.769570826687,19235.722039995544,19443.451171875,2287511
2020-07-07,19526.541153178896,19900.454940571104,19526.541153178896,19713.498046875,5748948
2020-07-08,19651.178379506262,19900.45365396466,19651.178379506262,19817.361328125,3090724
2020-07-09,19900.453030434404,20108.182135464307,19858.906868816317,20087.408203125,4824948
2020-07-10,20087.408203125,20087.408203125,20087.408203125,20087.408203125,0
2020-07-13,19942.00152757331,20336.687588284723,19838.136954024085,20212.05078125,5588053
2020-07-14,20066.637393263172,20295.138743734937,20066.637393263172,20170.501953125,3252186
2020-07-15,20170.501953125,20170.501953125,20170.501953125,20170.501953125,0
2020-07-16,20170.499256404062,20253.591574408652,20108.180869430835,20191.271484375,2225848
2020-07-17,20149.727875858644,20149.727875858644,19983.544921875,19983.544921875,2755944
2020-07-20,19983.542362712833,20025.088521653357,19671.948725249527,19692.72265625,4301883
2020-07-21,19734.26970989635,19921.226598209003,19630.4051504028,19858.908203125,1973361
2020-07-22,19941.99620377231,19941.99620377231,19651.176497309476,19692.72265625,1716593
2020-07-23,19692.72574114525,19838.134765625,19568.087244798866,19838.134765625,1928027
2020-07-24,19692.72242382127,19755.04080996632,18861.806067059577,19069.53515625,6654353
2020-07-27,18695.620308811966,19069.53400931403,18113.979234673625,18155.525390625,6872230
2020-07-28,18446.348588416342,19027.991476361916,18342.484030291864,18986.4453125,4100041
2020-07-29,18446.345927292296,18654.07671663402,18197.07238620298,18508.666015625,3261966
2020-07-30,18529.440317052657,18757.943359375,18529.440317052657,18757.943359375,1284973
2020-07-31,18280.165417484506,18778.71597174593,18280.165417484506,18487.89453125,2321805
2020-08-03,18487.892344068496,19069.53515625,18487.892344068496,19069.53515625,2921959
2020-08-04,19318.812003193616,19443.450499849852,19194.17520959807,19339.5859375,2206497
2020-08-05,19318.811892119644,19588.861115125153,19214.947330366966,19526.541015625,2788307
2020-08-06,19526.541802790332,19630.406368730062,19401.905004886958,19443.451171875,2421310
2020-08-07,19443.449152541,19858.90737315176,19443.449152541,19568.0859375,2694218
2020-08-10,19671.947288579377,19858.904138627804,19568.082750343652,19609.62890625,2435393
2020-08-11,19713.497908004094,19713.497908004094,19526.541015625,19526.541015625,2538906
2020-08-12,19568.08657817683,19734.26953125,19484.99595317056,19734.26953125,2588312
2020-08-13,19817.360060250758,19921.224609375,19734.267739727173,19921.224609375,3587071
2020-08-14,19983.544993293006,20025.091157702558,19713.497479221896,19858.908203125,3428968
2020-08-17,19901.3412759572,19943.7734375,19731.605671982994,19943.7734375,2201271
2020-08-18,19943.77694608751,20007.42867850107,19858.91086862118,19880.126953125,1312174
2020-08-19,19901.344777079874,19964.99477004238,19795.260875658674,19880.126953125,1841052
2020-08-20,19901.342202770844,20134.72605992803,19880.12438156057,19964.9921875,3829127
2020-08-21,20049.858042117634,20155.941928695498,20028.641960582387,20113.509765625,2644938
2020-08-24,20346.894715424998,20622.71248748232,20304.460810619817,20559.0625,7430219
2020-08-25,20622.712980178054,20771.230780818965,20601.496896994046,20728.796875,6935866
2020-08-26,20707.57957699237,20728.79565893173,20452.97789646589,20537.845703125,2789294
2020-08-27,20474.199307125913,21259.220634958412,20474.199307125913,21153.13671875,7818036
2020-08-28,21301.647618500498,21683.549244702717,21174.34765625,21174.34765625,8414916
2020-08-31,21174.347139928734,21344.080998607467,20940.961562226123,21004.61328125,4073029
2020-09-01,21004.613793432425,21428.949320201726,20940.962072856448,21174.34765625,3688465
2020-09-02,21174.34765625,21174.34765625,21174.34765625,21174.34765625,0
2020-09-03,21386.517578125,21428.95148297483,21174.34979332676,21386.517578125,4788450
2020-09-04,21004.61348968352,21216.78125,21004.61348968352,21216.78125,3229036
2020-09-07,21195.562566240293,21216.7803850774,20580.275390625,20580.275390625,4766328
2020-09-08,20686.361643933364,21004.61328125,20580.27602537713,21004.61328125,3418684
2020-09-09,20643.930582784567,21004.616169225086,20622.712760375758,20877.314453125,3128944
2020-09-10,21004.616169225086,21131.916145874246,20834.880547758305,20877.314453125,2111295
2020-09-11,20877.314453125,20877.314453125,20877.314453125,20877.314453125,0
2020-09-14,20898.530013088937,21004.613895295723,20834.878292204274,20919.74609375,2366195
2020-09-15,21004.61348968352,21216.78125,20919.74568977665,21216.78125,4001859
2020-09-16,21216.78532394409,21556.25310985313,21216.78532394409,21428.953125,4025785
2020-09-17,21344.081210409608,21428.94901031648,21174.347350046566,21216.78125,3280457
2020-09-18,21259.214921243627,21810.852180937825,21216.782757725545,21725.984375,6940168
2020-09-21,21768.41827796891,21938.15215039373,21725.984375,21725.984375,3211700
2020-09-22,21556.2501963701,21768.41796875,21471.382391637817,21768.41796875,3422252
2020-09-23,21768.418588398083,21853.286395546165,21556.250809978726,21683.55078125,3772984
2020-09-24,21513.81920175174,21641.120926055908,21301.65140069583,21428.953125,3627536
2020-09-25,21513.814148740184,21556.248046875,21216.78034069772,21556.248046875,2530217
2020-09-28,21598.68471355277,21768.418588398083,21471.383002830644,21683.55078125,2754265
2020-09-29,21810.853784794454,21810.853784794454,21301.650390625,21301.650390625,3988762
2020-09-30,21301.64731045617,21386.51511036304,21110.69736984176,21216.78125,5247669
2020-10-01,21301.646397516724,21556.248046875,21301.646397516724,21556.248046875,1900491
2020-10-02,21556.24782718617,21683.547780842622,20792.444626346212,21344.080078125,4088351
2020-10-05,21386.51921689861,21556.25310985313,21174.3514158427,21428.953125,3144769
2020-10-06,21556.25310985313,21598.68701795452,21344.08530879722,21428.953125,3190796
2020-10-07,21301.649768425345,21513.81755322358,21301.649768425345,21386.517578125,3135009
2020-10-08,21428.950838707457,21853.286395546165,21344.083031559374,21683.55078125,6427996
2020-10-09,21641.115843144635,21725.98189996364,21556.248046875,21556.248046875,2462950
2020-10-12,21598.68359375,21810.85136116933,21471.381889627944,21598.68359375,3254578
2020-10-13,21598.684211425072,21641.118114012606,21428.950340525742,21513.81640625,2565162
2020-10-14,21556.247440492716,21810.84908268899,21386.51359217873,21641.115234375,5057622
2020-10-15,21725.984375,21810.852180937825,21513.81659960627,21725.984375,4040980
2020-10-16,21725.98323964969,22871.68986268415,21598.683276846186,22574.654296875,12109153
2020-10-19,22744.391555269547,22829.257623498383,22489.789871681314,22617.08984375,4897924
2020-10-20,22532.222135574324,22617.08819762641,22277.620470516584,22574.654296875,3958686
2020-10-21,22574.65181363397,23126.288983820057,22404.91796875,22404.91796875,6936579
2020-10-22,22404.919732683105,22914.123046875,22320.053673284914,22914.123046875,4924935
2020-10-23,22998.989413648964,23126.291113623633,22701.955592609476,22871.689453125,5554095
2020-10-26,22871.68734676883,23126.288983820057,22404.91796875,22404.91796875,8085676
2020-10-27,22447.354230621095,22574.654192837923,22107.884765625,22107.884765625,6692698
2020-10-28,22065.453660986335,22235.187531885666,21513.81640625,21513.81640625,7547794
2020-10-29,21386.51582633067,21768.417459795313,21301.64802358263,21598.68359375,5708105
2020-10-30,21810.85125508238,21853.28515625,21428.949623475288,21853.28515625,3085184
2020-11-02,21853.288222084506,21938.154296875,21725.98650072227,21938.154296875,1817798
2020-11-03,22023.01638289843,22447.35186483363,21938.14859073117,22404.91796875,5379012
2020-11-04,22489.791015625,22617.0909941688,22277.623225084695,22489.791015625,2874715
2020-11-05,22362.48695699595,22659.522528442667,22065.453125,22065.453125,2740748
2020-11-06,22235.1875,22404.921370655928,22107.885792419947,22235.1875,2072068
2020-11-09,22404.921757395925,22659.5234375,22362.487854136773,22659.5234375,4222066
2020-11-10,22914.126596705606,22914.126596705606,22489.791015625,22489.791015625,3650539
2020-11-11,22659.52490016705,22659.52490016705,22362.489297630244,22489.791015625,3501293
2020-11-12,22489.787322426186,22701.955078125,22447.35342339629,22701.955078125,2591061
2020-11-13,22829.2578125,22829.2578125,22701.957839377406,22829.2578125,2766585
2020-11-16,22914.125431178083,23083.85930708662,22489.789871681314,22617.08984375,7794320
2020-11-17,22744.38918862793,22956.55694629944,22489.787531531983,22914.123046875,5279613
2020-11-18,23041.423005697634,23041.423005697634,22786.821348601687,22914.123046875,3687940
2020-11-19,23041.425045256343,23762.796180973382,22914.125075165495,23380.89453125,10452963
2020-11-20,23380.8940090929,23720.361748054507,23338.46010686,23423.326171875,3856264
2020-11-23,23423.323828536802,23847.659329512444,23168.72391951192,23720.359375,5928375
2020-11-24,23720.364434791805,23974.96613757641,23338.462750340394,23593.064453125,6304691
2020-11-25,23890.095617535313,23890.095617535313,23423.326171875,23423.326171875,3852634
2020-11-26,23550.630021014586,23762.79781202956,23253.594417813245,23635.49609375,3431823
2020-11-27,23720.360197324393,23847.66015625,23593.060238398786,23847.66015625,4169113
2020-11-30,24059.83059502355,24059.83059502355,23508.193359375,23508.193359375,5796276
2020-12-01,23338.46010686,23508.1939763408,23253.592302394194,23423.326171875,7193389
2020-12-02,23338.462750340394,23635.49662071327,23338.462750340394,23593.064453125,4424705
2020-12-03,23550.630546085733,23635.49662071327,23380.89665737966,23593.064453125,3416816
2020-12-04,23508.1961149214,23720.36390593637,23508.1961149214,23635.49609375,2898285
2020-12-07,23720.36390593637,23762.79781202956,23550.630021014586,23635.49609375,3054142
2020-12-08,23635.492398406866,24017.395754085057,23550.626338940023,23847.66015625,4821191
2020-12-09,23890.09357073317,24526.596831341383,23847.65967213583,24399.296875,6300242
2020-12-10,24187.130657636262,24484.166227232334,23974.962890625,23974.962890625,4433709
2020-12-11,24017.398931659325,24187.1328125,23890.09721644063,24187.1328125,3673479
2020-12-14,24187.13024573547,24611.46577253167,24144.696345165703,24271.998046875,3030174
2020-12-15,24399.299781566548,24441.73368521883,24017.398127597717,24059.83203125,5597309
2020-12-16,24271.998354232106,24399.29831810268,24187.13055201789,24229.564453125,4188233
2020-12-17,24144.69675634386,24229.56455892867,23762.795123613738,23974.962890625,7544163
2020-12-18,23974.965335720768,24229.567029990085,23974.965335720768,24144.69921875,3217094
2020-12-21,24314.42907780531,24526.596831341383,24229.563020061272,24399.296875,4842767
2020-12-22,24356.866747035812,24823.636224964856,24229.5667709874,24653.90234375,5407346
2020-12-23,24738.764584877452,24866.06628066948,24271.996918658617,24399.296875,2920322
2020-12-24,24399.30059841357,24526.60057418135,23932.53112151353,24187.1328125,5008195
2020-12-25,24187.132685351935,24441.734375,24017.39880540352,24441.734375,3410793
2020-12-28,24569.033203125,24866.068783756175,24399.299331100396,24569.033203125,4611268
2020-12-29,24569.032783813236,24950.934424213505,24441.732816830077,24866.068359375,4560603
2020-12-30,24993.370106179715,24993.370106179715,24653.90234375,24653.90234375,2527342
2020-12-31,24653.90270231587,25120.6721870336,24611.46879653227,25078.23828125,4273948
2021-01-01,25078.23828125,25078.23828125,25078.23828125,25078.23828125,0
2021-01-04,25290.406116785558,25545.0078125,25163.10439920286,25545.0078125,451516
2021-01-05,25460.13898772298,26945.31345760292,25375.27117937806,26605.845703125,489483
2021-01-06,26775.578547043166,26987.746320266626,26436.110805665958,26478.54296875,376945
2021-01-07,26563.410464540793,26690.710431212385,26266.374889706025,26520.9765625,451285
2021-01-08,26733.14555369096,27030.181142086178,26563.41167722978,26860.447265625,570959
2021-01-11,27115.04807493059,27454.517578125,26860.44812184844,27454.517578125,414052
2021-01-12,27581.81567617554,28006.151221680513,27157.48013067057,27921.28515625,511101
2021-01-13,27963.718429362478,28600.22173329532,27963.718429362478,28218.318359375,548208
2021-01-14,28218.320837636493,28430.48862424765,27878.85307483901,28175.888671875,373063
2021-01-15,28430.489747479587,28430.489747479587,28175.8897850482,28260.755859375,323300
2021-01-18,28430.48499150619,28430.48499150619,28091.017272084628,28133.451171875,253745
2021-01-19,28006.1528261345,28048.58673100617,26181.5105717109,26308.810546875,735757
2021-01-20,26605.845581207792,27030.181142086178,25545.006679011825,26860.447265625,768961
2021-01-21,27369.648510451934,27921.285775513592,26860.44688822292,27836.41796875,485475
2021-01-22,27878.85133561946,28642.654623989456,27751.551367374734,28388.0546875,438713
2021-01-25,28345.6202640051,28939.68967064751,28091.018592743847,28430.486328125,653127
2021-01-26,28642.653689994833,28642.653689994833,27793.982624168388,28006.150390625,545165
2021-01-27,27878.851197583073,28048.58506755258,26690.71062889492,26733.14453125,467362
2021-01-28,25460.13777104773,26436.110562571528,24866.068359375,24866.068359375,1068796
2021-01-29,25035.803424900143,26605.845703125,25035.803424900143,26605.845703125,674115
2021-02-01,27327.211922914525,27751.54740914127,26436.107053948246,26945.30859375,423413
2021-02-02,26775.577693066803,28006.150390625,26733.14379188533,28006.150390625,685176
2021-02-03,28642.65357321632,29958.094067774306,28048.584177450033,29703.494140625,875937
2021-02-04,29788.36481737276,31061.37153377399,29788.36481737276,30764.3359375,923202
2021-02-05,30976.505960118393,31146.238113885713,30467.302541012265,30934.0703125,437580
2021-02-08,30934.062351266693,30934.062351266693,29533.75591828621,30255.126953125,846994
2021-02-09,30255.126953125,30255.126953125,30255.126953125,30255.126953125,0
2021-02-10,30255.126953125,30255.126953125,30255.126953125,30255.126953125,0
2021-02-11,30255.126953125,30255.126953125,30255.126953125,30255.126953125,0
2021-02-12,30255.126953125,30255.126953125,30255.126953125,30255.126953125,0
2021-02-15,30255.126953125,30255.126953125,30255.126953125,30255.126953125,0
2021-02-16,30255.126953125,30255.126953125,30255.126953125,30255.126953125,0
2021-02-17,32376.80715928436,33522.513784587674,32207.07503484406,33055.74609375,658836
2021-02-18,33098.17517497701,33225.47512618591,32504.104097467258,33183.04296875,470783
2021-02-19,32801.14102003621,33098.176571322416,32249.50555559114,32504.10546875,781323
2021-02-22,32504.11265263957,32886.01608568547,32291.94485181453,32588.98046875,486776
2021-02-23,32376.809549720576,32673.845138048608,31655.438400610143,32037.341796875,707193
2021-02-24,32037.341796875,32037.341796875,32037.341796875,32037.341796875,0
2021-02-25,32291.937409149337,32376.805205699387,31613.00199455148,32334.373046875,404545
2021-02-26,31825.16974647597,32419.24084342505,31782.73758765158,32334.373046875,406329
2021-03-01,32588.974924010843,33098.178255134706,32588.974924010843,33055.74609375,436153
2021-03-02,33480.081623202976,33480.081623202976,32631.41056429703,33055.74609375,382339
2021-03-03,33098.17495034494,33140.60710749287,32843.57504965506,32970.875,335683
2021-03-04,32970.87745663107,33013.30961694058,31867.603020668288,32207.07421875,608968
2021-03-05,32037.338619709146,32249.506379059516,31613.0031010084,32207.07421875,526275
2021-03-08,32249.51038819587,32461.678173922133,31994.910436885082,32164.642578125,347688
2021-03-09,31825.17578125,32122.211386049217,31613.00798909369,31825.17578125,458043
2021-03-10,32207.0784046756,32886.01393127689,31825.174996648722,32376.810546875,546193
2021-03-11,32461.682958669884,32716.28294750789,32291.947313509652,32546.55078125,310161
2021-03-12,32673.85141489997,32716.283587569,32376.815769509532,32461.68359375,432942
2021-03-15,32504.115766419032,32886.01923604994,32291.947945269065,32461.68359375,369579
2021-03-16,32673.841537653836,34583.351350762015,32504.105940483678,34371.18359375,1072700
2021-03-17,34583.355907232515,34583.355907232515,33946.85255233505,34286.3203125,336480
2021-03-18,34371.18359375,34371.18359375,33946.848079725954,34371.18359375,379359
2021-03-19,33946.84826780528,34159.0160259928,33692.248349540816,33861.98046875,471769
2021-03-22,33734.68258192309,33777.11474460663,33225.47923521266,33395.21484375,437559
2021-03-23,33310.34457372102,33946.84784026723,33225.4767757346,33437.64453125,462094
2021-03-24,33055.745154087046,33480.0806714776,32461.674038179724,32673.841796875,520525
2021-03-25,32886.00881738959,32886.00881738959,32461.673309523958,32504.10546875,483859
2021-03-26,32334.38096061165,32588.98093367306,31613.009731734823,32291.9453125,560927
2021-03-29,32461.68528570238,33140.62095720848,32291.949628374565,32928.453125,419278
2021-03-30,33055.746602533596,33098.1787645714,32673.843228587193,32716.275390625,317444
2021-03-31,32716.271620408992,33140.60710749287,32504.10387686705,32970.875,288250
2021-04-01,33055.74749171289,33819.55078125,33055.74749171289,33819.55078125,524890
2021-04-02,34116.58386591585,34159.0160259928,33861.98046875,33861.98046875,409309
2021-04-05,34116.58842912657,34159.020594878966,33480.085069429515,33777.1171875,312092
2021-04-06,33564.950447220814,33946.853866504476,33564.950447220814,33692.25390625,316038
2021-04-07,33607.385045588555,33819.552832154244,33564.94940093432,33777.1171875,315618
2021-04-08,34031.720618719926,34201.45276063137,33734.6850217476,33777.1171875,337866
2021-04-09,33904.414341817996,35219.852982505465,33904.414341817996,34837.953125,833310
2021-04-12,34965.253077501824,34965.253077501824,34583.34974109517,34837.953125,424483
2021-04-13,34795.52621004784,34880.39402595568,34159.02280909217,34243.890625,427757
2021-04-14,33946.848079725954,34371.18359375,33734.68032271394,34371.18359375,531124
2021-04-15,34371.18316498059,34540.91876003335,33861.979858723615,33946.84765625,439952
2021-04-16,33861.982944429205,34456.054102347865,33437.64739703063,33819.55078125,460604
2021-04-19,33946.85595627861,34583.359375,33734.68815003814,34583.359375,499684
2021-04-20,34710.65458443885,36026.09688937753,34625.78677784576,35177.42578125,995422
2021-04-21,35177.42578125,35177.42578125,35177.42578125,35177.42578125,0
2021-04-22,34795.51867371119,35601.75753185983,33946.84765625,33946.84765625,476681
2021-04-23,33946.84889606517,35219.85546875,33819.54893457697,35219.85546875,664566
2021-04-26,35007.68686478606,35134.986823213,34159.01583673798,34371.18359375,535468
2021-04-27,34116.590640589275,34540.92624122639,33989.28717727649,34243.890625,270137
2021-04-28,33989.284717767485,34498.48809746582,33989.284717767485,34286.3203125,286844
2021-04-29,34286.31436302931,34710.64985932891,34286.31436302931,34328.75,439805
2021-04-30,34328.75,34328.75,34328.75,34328.75,0
2021-05-03,34328.75,34328.75,34328.75,34328.75,0
2021-05-04,33946.85128290441,35432.02572212758,33946.85128290441,35177.42578125,495759
2021-05-05,35856.36127619135,35856.36127619135,35092.55797465691,35177.42578125,487196
2021-05-06,35219.85464601447,35432.02240317237,34880.3869303421,35092.5546875,413255
2021-05-07,35092.5555072618,35644.19099297828,34922.819906009914,35219.85546875,567916
2021-05-10,35262.296686471986,36492.86781405074,35219.86103999562,36408.0,945365
2021-05-11,36492.85831392793,36747.46168979969,36153.390625,36153.390625,436279
2021-05-12,36068.5300073239,36238.265625,35771.49441584161,36238.265625,387125
2021-05-13,36068.52693539818,36238.262538618044,35644.19140625,35644.19140625,536937
2021-05-14,35771.488502429376,36577.72733475822,35686.62418652209,35983.65625,390105
2021-05-17,36407.99857216028,36747.46981504994,36153.39861889489,36365.56640625,366136
2021-05-18,36662.59540506257,37086.93090339244,36577.72760961636,36917.1953125,447780
2021-05-19,37129.36951645236,38656.97966334929,36832.3339202028,38529.6796875,603680
2021-05-20,38529.676538505264,40524.05078125,38359.94093197733,40524.05078125,739598
2021-05-21,40014.84351067605,40990.81437025571,39463.20463104759,39802.67578125,676382
2021-05-24,39802.686266813,39845.118432316114,39081.31510094724,39675.3828125,560276
2021-05-25,39675.372360473644,40396.7433363024,39378.3403223979,39802.67578125,452565
2021-05-26,39972.41630945878,40524.05182655146,39760.24853527685,40439.1875,418250
2021-05-27,40439.178969528155,40481.61112385301,39675.372360473644,39802.67578125,366409
2021-05-28,39887.54831107955,40311.883857390996,39760.248342966435,40227.01953125,393379
2021-05-31,40524.05417094922,41584.89658213235,40184.58640839957,41542.4609375,679530
2021-06-01,43336.63601830911,43632.448969540936,42892.91659146136,42942.21875,637854
2021-06-02,42942.21732290291,43139.42595050363,41906.872027999096,42153.3828125,557352
2021-06-03,41906.864454020746,42104.073045979254,41561.74941809336,42005.46875,582336
2021-06-04,41906.863471752054,41956.16561858607,41315.237709743844,41758.95703125,697278
2021-06-07,41709.65884760402,41758.96099912265,39934.77787812954,40772.91796875,6773125
2021-06-08,40772.91796875,40772.91796875,40772.91796875,40772.91796875,0
2021-06-09,39737.57122927969,40477.1070532878,38948.7367661285,40279.8984375,6526561
2021-06-10,40279.89180209942,40674.30896870175,39934.77326651908,40378.49609375,4042303
2021-06-11,40181.292889005184,41364.54454719896,40082.6885841557,41167.3359375,4306387
2021-06-14,41167.33573096781,41709.65940491918,40920.82497008082,41315.2421875,4649497
2021-06-15,41315.242603543214,41660.35767226029,41019.4296875,41019.4296875,3246216
2021-06-16,41019.43106057419,41709.66122111294,40772.92028895321,40970.12890625,4493273
2021-06-17,40477.1025390078,40970.1240234922,40477.1025390078,40723.61328125,4081541
2021-06-18,40970.12712225822,41512.45079620959,40772.91851354863,41315.2421875,3069186
2021-06-21,41216.63285792258,42547.790804414595,41019.4242732571,42202.67578125,7078091
2021-06-22,42449.193202558665,42695.70397224343,42104.078125,42104.078125,3212635
2021-06-23,42054.771092872375,42202.67753752666,41463.14531425525,41857.5625,2919897
2021-06-24,41561.74844391393,41857.56132491803,41364.53985657786,41758.95703125,3025567
2021-06-25,41758.958010051865,42104.073045979254,41512.44727010373,42005.46875,2743780
2021-06-28,42449.189065277,42449.189065277,42104.07402135474,42251.98046875,3392402
2021-06-29,42695.703036618885,43878.95821998002,42547.79657804922,43681.74609375,8938729
2021-06-30,43878.96259249908,43928.26475026857,43385.9375,43385.9375,3013340
2021-07-01,43435.23551069806,43829.65625,43385.9333576358,43829.65625,3102767
2021-07-02,44026.86282956337,45604.53165471614,43829.654226419276,45308.71875,7069331
2021-07-05,45308.71875,45308.71875,45308.71875,45308.71875,0
2021-07-06,45308.71875,45308.71875,45308.71875,45308.71875,0
2021-07-07,45308.71875,45308.71875,45308.71875,45308.71875,0
2021-07-08,45308.71875,45308.71875,45308.71875,45308.71875,0
2021-07-09,44174.77206485802,45358.02375826547,43780.3548337222,44224.07421875,5378422
2021-07-12,44224.07421875,44224.07421875,44224.07421875,44224.07421875,0
2021-07-13,42843.61190686821,43040.820529395365,41906.87094986423,42892.9140625,4028615
2021-07-14,42892.9140625,42892.9140625,42892.9140625,42892.9140625,0
2021-07-15,41758.963047441335,42695.70397224343,41758.963047441335,42104.078125,4954280
2021-07-16,42104.078125,42104.078125,42104.078125,42104.078125,0
2021-07-19,42005.467765420086,42597.0935274283,41660.35273758196,41758.95703125,6002224
2021-07-20,41808.257875295756,42794.30078125,41364.53856761634,42794.30078125,4660630
2021-07-21,42794.299600374514,43336.62318368435,42449.18459281371,42695.6953125,6148958
2021-07-22,42498.491755397285,44174.768362018694,42498.491755397285,44076.1640625,8113442
2021-07-23,44076.16462695202,45801.73989062741,43731.046059413326,44618.48828125,12329490
2021-07-26,44519.883167331755,46294.760548980485,44470.58101784151,46196.15625,10536196
2021-07-27,46541.27426917195,46787.78503236859,45604.53336902469,45949.6484375,9138025
2021-07-28,45752.436725629195,46196.15606930579,45210.1130833578,45358.01953125,6107894
2021-07-29,45358.0237518598,46294.76467567508,45210.117290204755,46048.25390625,6776228
2021-07-30,46097.55175360448,46738.47969423283,45752.436708650755,46344.0625,8259993
2021-08-02,46344.06018223561,47625.91951418736,46344.06018223561,47132.89453125,7803731
2021-08-03,47231.49609375,47330.10038167508,46689.172510162076,47231.49609375,6583320
2021-08-04,47231.49609375,47231.49609375,47231.49609375,47231.49609375,0
2021-08-05,46935.68442095678,47823.126549604276,46787.777985316076,47625.91796875,4536344
2021-08-06,47724.52225917714,47921.730840031414,47231.49729223819,47625.91796875,6230538
2021-08-09,47823.13765419207,48168.25275082317,47280.810416110544,48069.6484375,5355609
2021-08-10,48069.6484375,48069.6484375,48069.6484375,48069.6484375,0
2021-08-11,48168.24810149877,48217.55025340159,47379.41015625,47379.41015625,8912084
2021-08-12,47231.49600234248,47330.10029007673,46048.244549531504,46245.453125,15329324
2021-08-13,45900.345062302884,46837.0859375,45851.04291097672,46837.0859375,6604308
2021-08-16,47335.34952410903,47435.00280178854,47036.389691070486,47136.04296875,3480005
2021-08-17,47136.04296875,47136.04296875,47136.04296875,47136.04296875,0
2021-08-18,46737.43265385924,47285.52571388343,46737.43265385924,46837.0859375,3560672
2021-08-19,47335.35195700348,47335.35195700348,46737.43226019512,47086.21875,4967056
2021-08-20,47086.21693363655,47185.87021259379,45392.11119136345,46239.1640625,7937689
2021-08-23,46089.68872903004,46089.68872903004,45342.2890625,45342.2890625,6271966
2021-08-24,45591.41610552133,45840.54929393217,44794.18990260667,45790.72265625,5623891
2021-08-25,46039.85584466084,46039.85584466084,45342.282917110504,45790.72265625,2452867
2021-08-26,45840.553604203444,46288.993385508606,45441.94046526552,45541.59375,3209715
2021-08-27,45342.28825205265,45840.5546875,45142.98167787371,45840.5546875,3460659
2021-08-30,46338.82017142273,46338.82017142273,45890.38038872841,45940.20703125,2728084
2021-08-31,45990.03273349712,46438.47250702301,45840.55280898849,46039.859375,3563410
2021-09-01,45890.37945049137,46338.81922401726,45890.37945049137,46039.859375,2469840
2021-09-02,46039.859375,46039.859375,46039.859375,46039.859375,0
2021-09-03,46039.859375,46039.859375,46039.859375,46039.859375,0
2021-09-06,46039.85745195838,47285.5234375,45990.030812536716,47285.5234375,5702551
2021-09-07,47484.83268540196,47484.83268540196,46587.953125,46587.953125,4180459
2021-09-08,46587.953125,46587.953125,46587.953125,46587.953125,0
2021-09-09,46388.64601458701,46787.25914789094,46239.16608959804,46438.47265625,2543572
2021-09-10,46538.12648275545,47036.39290520098,46538.12648275545,46587.953125,2628254
2021-09-13,46637.78016853972,46837.08673923287,46288.99366982671,46338.8203125,2920080
2021-09-14,46488.29649421023,47185.869435421584,46338.81657823637,46737.4296875,4604966
2021-09-15,46737.42634471733,47036.38615528267,46488.293169246215,46886.90625,3084517
2021-09-16,47036.38727864732,47335.34709635268,46936.73400607887,47185.8671875,3512673
2021-09-17,47584.479541473534,48331.88262636675,47534.652905960305,47684.1328125,6069568
2021-09-20,47833.612889807846,47933.26616119008,46886.90681167665,47036.38671875,4610258
2021-09-21,47036.38671875,47036.38671875,47036.38671875,47036.38671875,0
2021-09-22,47036.38671875,47036.38671875,47036.38671875,47036.38671875,0
2021-09-23,46438.471171319725,46737.431011738045,46338.81789118028,46388.64453125,2544484
2021-09-24,46438.46912688059,46438.46912688059,46189.3359375,46189.3359375,264449745
2021-09-27,46288.992033545626,46587.95187901734,45890.37890625,45890.37890625,2821709
2021-09-28,45691.07395774727,46338.8203125,45591.420672400694,46338.8203125,2543207
2021-09-29,46338.819372924016,46538.125939575984,45990.03288128308,46438.47265625,2148813
2021-09-30,46587.95352586644,46787.260096559585,46338.8203125,46338.8203125,1819392
2021-10-01,46288.99609375,46388.64938431492,46089.68951262016,46288.99609375,1926157
2021-10-04,46338.81674731388,47435.00280178854,46039.85691427534,47136.04296875,415709889
2021-10-05,47335.34653289669,47833.612889807846,47036.38671875,47036.38671875,2541929
2021-10-06,47036.38671875,47036.38671875,47036.38671875,47036.38671875,0
2021-10-07,47285.52232952489,47335.348967779035,46886.90922349171,46986.5625,2732099
2021-10-08,46986.5625,46986.5625,46986.5625,46986.5625,0
2021-10-11,46986.5625,46986.5625,46986.5625,46986.5625,0
2021-10-12,49428.07124509387,49428.07124509387,49079.28477789032,49328.41796875,2053728
2021-10-13,49328.42000159874,50574.086007231635,49079.28680047216,49527.7265625,5899474
2021-10-14,49527.7265625,49527.7265625,49527.7265625,49527.7265625,0
2021-10-15,49527.726953091325,49876.51343741918,49029.460546908675,49278.59375,3107147
2021-10-18,49278.59375,49278.59375,49278.59375,49278.59375,0
2021-10-19,49328.41591940758,49577.54909991705,49129.109375,49129.109375,2800174
2021-10-20,49178.93280514081,49577.54586797049,48132.5735152129,48630.83984375,4103807
2021-10-21,49029.46309070821,49079.28973391164,48182.41015625,48182.41015625,4167684
2021-10-22,48331.88225826467,48531.18879879965,47883.43898986625,47933.265625,3692806
2021-10-25,47933.265625,47933.265625,47933.265625,47933.265625,0
2021-10-26,47933.265625,47933.265625,47933.265625,47933.265625,0
2021-10-27,47933.265625,47933.265625,47933.265625,47933.265625,0
2021-10-28,48929.805621638196,49029.458899526384,48431.53923219722,48830.15234375,3001659
2021-10-29,48830.151613943366,48830.151613943366,48282.05859375,48282.05859375,4348546
2021-11-01,48282.05859375,48282.05859375,48282.05859375,48282.05859375,0
2021-11-02,47584.483570572265,47883.443408965344,47584.483570572265,48331.88671875,3849212
2021-11-03,47933.275864527735,48182.41264561188,47435.009406750374,47883.44921875,4891316
2021-11-04,47883.44382766788,48232.23386103806,47684.137266996375,47833.6171875,3214460
2021-11-05,47933.26343160352,48730.49310945742,47833.6101658961,48630.83984375,3960175
2021-11-08,48630.848596142634,49079.28837253449,48481.36867067868,48531.1953125,3080501
2021-11-09,48581.02239849084,48630.84904076771,47833.6192121425,48032.92578125,3368859
2021-11-10,48032.92332816189,48331.88671875,47783.79012950099,48331.88671875,2906209
2021-11-11,48331.88714137381,48830.15354305255,47733.96390716425,47833.6171875,3873121
2021-11-12,47933.26929056127,48929.805621638196,47783.78937372898,48830.15234375,4088659
2021-11-15,49079.28687106379,49079.28687106379,48481.3671875,48481.3671875,3483837
2021-11-16,48481.366417444406,49577.55248656671,48232.23321991661,48979.6328125,6398990
2021-11-17,48979.6328125,49029.459452005554,48830.15289398332,48979.6328125,2164874
2021-11-18,48979.62944951961,49178.9359938573,48082.75,48082.75,3659225
2021-11-19,48581.02169772425,48730.501622398675,47385.178748133716,47484.83203125,4528496
2021-11-22,47584.484767427144,47833.617972354295,47335.3515625,47335.3515625,3048016
2021-11-23,47335.34837079325,48132.578125,47285.52173316751,48132.578125,2100267
2021-11-24,48182.404569636004,49029.457405880836,48032.92110516264,48780.32421875,4463342
2021-11-25,49079.28788017805,50723.56704378634,48979.63459753513,49826.6875,10014779
2021-11-26,49876.51343741918,50225.29992174703,49228.76710938173,49278.59375,3643164
2021-11-29,48581.0206259964,49278.59359242147,48581.0206259964,48879.98046875,3637324
2021-11-30,48879.98125636806,49079.28782141528,48331.8882024882,48381.71484375,4677785
2021-12-01,48581.01822155013,49129.11123947135,48182.405117607435,48929.8046875,2290255
2021-12-02,48630.845617578045,48979.63208896463,48431.5390625,48431.5390625,1739090
2021-12-03,48730.49666008144,48730.49666008144,47584.48046875,47584.48046875,3667802
2021-12-06,47584.48516400696,48082.75513020908,46936.73882579791,47086.21875,4368804
2021-12-07,47335.35078582126,47833.6171875,47086.21758498189,47833.6171875,2648147
2021-12-08,48082.75583134051,48082.75583134051,47335.352647236454,47634.3125,1943313
2021-12-09,47385.177011643544,48331.88671875,47385.177011643544,48331.88671875,1812457
2021-12-10,48032.92075990811,48331.88413451107,47534.65438922793,47733.9609375,2117058
2021-12-13,48082.753940534436,48082.753940534436,47634.310626828505,47833.6171875,1642910
2021-12-14,47833.612719039695,48032.919261092626,47534.652905960305,47684.1328125,2088769
2021-12-15,47684.139683364374,47983.09953952125,47634.313040671565,47783.79296875,1475370
2021-12-16,48581.016750628834,48581.016750628834,47584.48046875,47584.48046875,2272187
2021-12-17,47634.312643035,48331.88918710646,47584.48600075812,48032.92578125,2102640
2021-12-20,48082.75094917098,48082.75094917098,47584.48102629594,47733.9609375,1861185
2021-12-21,47684.13317948353,47783.78645127694,47385.1733641033,47435.0,2030003
2021-12-22,47335.3515625,47534.65812644172,47136.044998558275,47335.3515625,3048746
2021-12-23,47335.352206183845,47335.352206183845,46338.819372924016,46438.47265625,3522894
2021-12-24,46587.94977152614,47086.21615810567,46239.16330092046,46737.4296875,2165786
2021-12-27,46936.73882579791,47335.35195700348,46488.29905319164,47086.21875,1448542
2021-12-28,47086.21875,47285.52531560278,46886.91218439721,47086.21875,1035350
2021-12-29,47235.70493227439,47235.70493227439,46637.78515625,46637.78515625,1664810
2021-12-30,46687.61180425203,46986.571692264224,46587.95850824797,46637.78515625,1479750
2021-12-31,46737.4334538863,47036.393309926025,46338.8203125,46338.8203125,2933585
2022-01-03,46338.8203125,46338.8203125,46338.8203125,46338.8203125,0
2022-01-04,46538.12648275545,46936.73962071187,46488.29984051089,46587.953125,3531471
2022-01-05,46687.61180425203,46936.74504426219,46587.95850824797,46637.78515625,2178744
2022-01-06,46637.77976724455,46837.08633622277,46587.953125,46587.953125,2176189
2022-01-07,46388.6489717321,46687.6088407679,46388.6489717321,46538.12890625,1855710
2022-01-10,46438.47441003682,46587.95434067103,45790.72804395526,45840.5546875,3435474
2022-01-11,45840.55275485079,45940.20603773885,44395.580152973875,44594.88671875,4579597
2022-01-12,44395.57774379933,45142.977324901345,44096.614359163555,44644.7109375,3176864
2022-01-13,45292.45921530657,46189.33875172172,44744.36616527509,45890.37890625,3306625
2022-01-14,45691.07218797331,45890.37875094663,45292.45906202669,45491.765625,1253261
2022-01-17,45093.14956247744,45491.76266246541,44345.75,44345.75,2862408
2022-01-18,43996.96187302265,44644.71174048994,43847.48195411367,43897.30859375,2208127
2022-01-19,43897.307660346305,44445.40423688657,43847.48102176946,43996.9609375,1359479
2022-01-20,44046.791438520246,45342.287707314696,43996.964795574124,44246.1015625,2435711
2022-01-21,44345.75340150844,44744.366532071734,43947.13671875,43947.13671875,1535232
2022-01-24,43947.13665882152,44096.616582578914,42352.6841387426,42502.1640625,3694266
2022-01-25,42452.33572091201,43598.34842381769,41854.41604983078,43100.08203125,2176554
2022-01-26,43349.21956745176,43349.21956745176,42601.81990377412,42850.953125,1667365
2022-01-27,42850.951642521366,43199.73814017092,42551.99178739318,42801.125,1313305
2022-01-28,42850.950716013744,44594.88671875,42801.124074569714,44594.88671875,2833025
2022-01-31,44594.88671875,44594.88671875,44594.88671875,44594.88671875,0
2022-02-01,44594.88671875,44594.88671875,44594.88671875,44594.88671875,0
2022-02-02,44594.88671875,44594.88671875,44594.88671875,44594.88671875,0
2022-02-03,44594.88671875,44594.88671875,44594.88671875,44594.88671875,0
2022-02-04,44594.88671875,44594.88671875,44594.88671875,44594.88671875,0
2022-02-07,44844.01992597016,44893.84656741419,44345.753511529845,44594.88671875,946105
2022-02-08,44594.88354561504,45740.89621728359,44594.88354561504,45142.9765625,1542349
2022-02-09,45691.0750321999,45691.0750321999,45142.981949905006,45192.80859375,2085484
2022-02-10,45541.59482623159,45840.5546875,44943.67510369477,45840.5546875,1779241
2022-02-11,45740.89937642993,46039.85922446972,45541.59281107007,45641.24609375,1170952
2022-02-14,45342.2890625,45641.248929112015,45043.329195887985,45342.2890625,1412771
2022-02-15,45342.2890625,45342.2890625,45342.2890625,45342.2890625,0
2022-02-16,45691.07218797331,46089.68531391994,45491.765625,45491.765625,1120945
2022-02-17,45790.72430719242,46239.1640625,45342.28455188483,46239.1640625,1558045
2022-02-18,45990.03367377159,46089.686958814775,45691.07381864204,45940.20703125,1129340
2022-02-21,45940.20677582081,46837.08633622277,45840.553491331695,46587.953125,2529519
2022-02-22,46338.82273903246,46488.30267487984,45840.556286207866,46288.99609375,2113772
2022-02-23,46139.513741806855,46787.260096559585,46139.513741806855,46338.8203125,1777233
2022-02-24,46338.82112294735,46587.95434067103,44844.021816605295,45840.5546875,2463087
2022-02-25,46039.85788989562,46538.124288851846,45890.377970208756,45990.03125,1934370
2022-02-28,45990.03048433912,46587.95015313218,45990.03048433912,46488.296875,2745970
2022-03-01,46837.08877528579,46837.08877528579,46089.689102696306,46538.12890625,2011022
2022-03-02,46338.81789118028,46538.12445145916,46189.33797097112,46388.64453125,1987296
2022-03-03,46438.4756165714,46837.08877528579,46438.4756165714,46538.12890625,1747667
2022-03-04,46488.29984051089,46737.43305173366,46338.81991377723,46587.953125,2452502
2022-03-07,46388.64321689432,46787.256326157956,45940.203468972744,46737.4296875,3098934
2022-03-08,46737.428933954,47534.655139627605,46139.509279698796,47235.6953125,4065298
2022-03-09,47136.040740392185,48082.750385786814,47136.040740392185,47584.48046875,4022410
2022-03-10,47983.09582902587,47983.09582902587,47136.04296875,47136.04296875,1421166
2022-03-11,47086.21899786889,47136.04563953188,46189.339447935046,46438.47265625,2078731
2022-03-14,46338.822078618046,46338.822078618046,45093.15596430962,45740.90234375,3546072
2022-03-15,45740.902217982686,45740.902217982686,44744.36932927597,45342.2890625,3416493
2022-03-16,45392.11288705017,45990.03258312976,45093.15303901038,45641.24609375,2079826
2022-03-17,45740.90140041053,46189.34119231314,45591.421469776324,45840.5546875,2154654
2022-03-18,46338.80873405939,48132.570974294795,46338.80873405939,47385.16796875,5137698
2022-03-21,47435.005389691854,47833.61852215698,47335.35210657558,47484.83203125,2848355
2022-03-22,47833.6192121425,48331.88918710646,47534.65935848125,48032.92578125,3794643
2022-03-23,48082.75,48581.01636084423,47833.613267383116,48082.75,3605933
2022-03-24,47833.6171875,48431.54042170956,47484.83070632488,47833.6171875,3328343
2022-03-25,47883.43935455293,48082.74944880059,47634.30617698677,47684.1328125,2241343
2022-03-28,47584.48426462264,49178.940311503604,47435.00434324584,48879.98046875,6390595
2022-03-29,49129.11709863764,52268.19921875,49129.11709863764,52268.19921875,15009758
2022-03-30,52716.63967962167,53464.039348084145,52068.89330028753,52816.29296875,5166169
2022-03-31,52567.15893679184,55108.31777044959,52118.719142616945,53314.55859375,6337121
2022-04-01,53264.72129424861,55307.61328125,52866.108223614196,55307.61328125,7879288
2022-04-04,56553.284749641665,56553.284749641665,54460.5625,54460.5625,4905369
2022-04-05,54360.916486055525,55606.58254369353,54311.08984375,54311.08984375,3401710
2022-04-06,54012.12726728689,56802.422647938714,54012.12726728689,56304.15625,7626883
2022-04-07,56652.943279865,58247.395768785005,55855.717035405,56453.63671875,7145435
2022-04-08,56453.63535270187,56752.595187140236,54061.953125,54061.953125,7427405
2022-04-11,54061.953125,54061.953125,54061.953125,54061.953125,0
2022-04-12,54311.08610772617,55556.752079675636,53115.24677465469,54709.69921875,5770990
2022-04-13,54809.35717917256,57350.51953125,54709.703892902675,57350.51953125,6064276
2022-04-14,57400.34112003511,59243.926753692314,57400.34112003511,58097.9140625,6441331
2022-04-15,57350.521957743105,58745.66802454999,56802.42886006897,57300.6953125,5696711
2022-04-18,57300.69101123561,59094.45010533918,56802.424596206845,57549.82421875,6125050
2022-04-19,58048.09350997714,58297.22672983571,55805.89453125,55805.89453125,8634311
2022-04-20,55805.89453125,56304.16097096714,54610.05152373352,55805.89453125,6013539
2022-04-21,55407.277827280945,57749.13364614685,55407.277827280945,55805.89453125,7425215
2022-04-22,56055.021806319426,56752.5947479439,52816.28673943942,55357.4453125,10419027
2022-04-25,54859.18146769976,55257.794595670464,51520.79296875,51520.79296875,8405997
2022-04-26,49926.334864533244,52318.016916656205,48331.88253124776,51969.23046875,9912576
2022-04-27,51072.347292583894,51819.74682108222,50075.81458791945,51321.48046875,4616828
2022-04-28,51271.65621531004,53214.898631872544,51072.34966511849,52567.15234375,4618106
2022-04-29,52318.01953125,53364.378927260426,51919.40642800793,52318.01953125,7284687
2022-05-02,52318.01953125,52318.01953125,52318.01953125,52318.01953125,0
2022-05-03,52318.01953125,52318.01953125,52318.01953125,52318.01953125,0
2022-05-04,52268.197193016334,52766.46361305717,51869.58050478847,52068.890625,2917159
2022-05-05,52118.71632764396,52567.15609759827,50773.3934655859,52168.54296875,4005802
2022-05-06,50972.70327994079,51819.75623274999,49926.34375,49926.34375,4436514
2022-05-09,48979.635087971554,49328.42158071422,46837.0859375,46837.0859375,8211082
2022-05-10,46837.08518063578,49228.767501560826,45840.55236033165,49029.4609375,5140618
2022-05-11,48830.151730581776,50773.390625,48232.23207076079,50773.390625,3043635
2022-05-12,49477.901810903706,50773.39450621238,47335.352647236454,47634.3125,4729617
2022-05-13,47883.451356300815,49328.42770055538,46388.65191623983,46637.78515625,7489457
2022-05-16,48581.0217999538,48581.0217999538,46438.47265625,46438.47265625,3177229
2022-05-17,46338.822190871,49677.2109375,46089.6889674058,49677.2109375,3733687
2022-05-18,49677.212615011944,49876.519200514325,48581.026394748806,48680.6796875,3530376
2022-05-19,47385.177011643544,48680.67319687526,47385.177011643544,48331.88671875,2242256
2022-05-20,48680.67280992224,49278.59248195565,48331.88633456941,48581.01953125,2574050
2022-05-23,48929.80281343519,48929.80281343519,47883.43990346754,48082.75,2074899
2022-05-24,48082.751841621764,48929.8046875,47833.615099462666,48929.8046875,2527146
2022-05-25,49577.550894265885,52318.01953125,49178.93779102382,52318.01953125,6881898
2022-05-26,52417.67391292416,53364.38005309688,52118.71407918541,52616.98046875,2603251
2022-05-27,52616.97894302786,55805.88729596817,52567.15230551621,55706.23046875,7078273
2022-05-30,55357.44438055275,56005.19422477979,54410.73826142884,55457.09765625,4556967
2022-05-31,55457.09635096207,55457.09635096207,53563.684157279306,54759.5234375,3936632
2022-06-01,54759.5243560287,56254.32703357299,54709.69771851705,55706.23046875,3716714
2022-06-02,55706.23046875,55706.23046875,55706.23046875,55706.23046875,0
2022-06-03,55556.756165495084,56802.42578125,55257.79631024077,56802.42578125,3204605
2022-06-06,56802.422647938714,57798.955443816136,55805.88985206129,56304.15625,4668842
2022-06-07,56154.67589469493,57599.6484375,54111.78012680997,57599.6484375,7132295
2022-06-08,57948.44170066034,58596.18808882068,57051.56208628448,57300.6953125,4855363
2022-06-09,57549.8212466092,57749.12780232759,56453.635190158064,57450.16796875,3114082
2022-06-10,56503.46080767694,57151.20710205241,54809.3515625,54809.3515625,5424961
2022-06-13,53197.31228051135,54889.95171682296,51988.28000729058,52109.18359375,5160785
2022-06-14,51988.28070684602,54345.89169609521,51686.023532317,53862.27734375,3510635
2022-06-15,54769.04765326642,54769.04765326642,53197.311817105736,54708.59765625,2680694
2022-06-16,55010.852873279626,56703.495826195285,54527.24214017799,55615.3671875,3828802
2022-06-17,54587.69213505071,55978.07793085618,53801.824244838885,55615.3671875,3530559
2022-06-20,56522.142250203826,57126.6565644242,55192.206449271085,55615.3671875,3777701
2022-06-21,55857.17756874029,56522.145507528214,53801.82734539359,53862.27734375,3741656
2022-06-22,54285.440800887154,54648.151583149636,51021.06171739308,51081.51171875,4519127
2022-06-23,50779.255753295765,52471.898928575996,50597.90215347967,51686.02734375,3075969
2022-06-24,52048.73813475594,53076.41332221215,51686.02734375,51686.02734375,1372437
2022-06-27,52230.09296451237,53136.86457631972,51927.83576057659,52290.54296875,1908393
2022-06-28,54104.08079523706,54527.24152872074,52713.69501502309,54224.984375,3492841
2022-06-29,53741.375786088654,54406.34375,53318.218598859334,54406.34375,1798586
2022-06-30,54104.08379189687,54345.890964815706,52109.18359375,52109.18359375,2291198
2022-07-01,52592.80201844298,53680.92719822088,51262.86605561908,53197.31640625,2580164
2022-07-04,53499.56611899214,53499.56611899214,51988.27676943341,52411.4375,1529239
2022-07-05,53076.41011228334,53076.41011228334,51625.57421875,51625.57421875,2122533
2022-07-06,50839.70721000476,51927.836022766736,50477.0,50477.0,3395201
2022-07-07,50718.80579467935,51141.96658886816,50235.19140625,50235.19140625,1956301
2022-07-08,50718.810332574205,50779.26034084956,50235.19590087508,50537.453125,1384604
2022-07-11,51141.96467946666,51141.96467946666,50053.8359375,50053.8359375,1517985
2022-07-12,50053.8359375,50053.8359375,50053.8359375,50053.8359375,0
2022-07-13,50779.25596931166,50779.25596931166,49872.484375,49872.484375,1734862
2022-07-14,50053.8359375,50476.99671588997,49691.128751093514,50053.8359375,1355555
2022-07-15,50779.258052028825,50779.258052028825,49691.1328125,49691.1328125,2102305
2022-07-18,50053.834691665914,51081.50981607038,49751.577513392454,50174.73828125,1923754
2022-07-19,50114.284690771194,50174.73828125,49691.12751428717,50174.73828125,1802845
2022-07-20,51383.77031551245,51927.83470811946,50779.25591989299,51323.3203125,4332820
2022-07-21,51927.82996794268,51927.82996794268,51081.5084547815,51383.765625,2743962
2022-07-22,52230.09063312966,52290.54063466899,51444.22265625,51444.22265625,1988087
2022-07-25,52592.79934489673,52592.79934489673,51444.22062990171,51625.57421875,3415733
2022-07-26,51988.285187160356,51988.285187160356,51262.8671875,51262.8671875,1716763
2022-07-27,51141.968567270575,51504.67578125,51021.06496548614,51504.67578125,1172746
2022-07-28,51504.67391291109,51867.38470510701,50235.191527285984,51323.3203125,2531952
2022-07-29,51444.22521230244,51504.67521684528,50477.0,50477.0,2953235
2022-08-01,50779.25390625,50900.15749885423,50235.18953521777,50779.25390625,2760540
2022-08-02,50779.251284563,51444.21921386776,50476.994114344496,51383.765625,2858788
2022-08-03,51383.77078600569,51504.67438451138,50900.159983356716,51262.8671875,3421208
2022-08-04,51444.223885912405,52350.9954789188,51323.32028857013,52048.73828125,4633801
2022-08-05,52048.73640629361,52713.70078066139,51746.47921951305,51867.3828125,2696663
2022-08-08,51927.83125101203,52230.08842869892,51565.120482963655,51988.28125,2413324
2022-08-09,51988.28000729058,52895.05511004952,51806.92642328816,52109.18359375,3529646
2022-08-10,52169.63842971094,52411.442017036345,51988.28125,51988.28125,1705509
2022-08-11,52109.18483934946,52471.895607397826,51806.92766166257,51988.28125,2817877
2022-08-12,51806.93216072751,52290.54296875,51806.93216072751,52290.54296875,1890599
2022-08-15,52350.99648843664,53862.28250592373,52350.99648843664,53741.37890625,4691899
2022-08-16,53741.36873541896,54043.6294730858,53257.75801962368,53620.46875,2103065
2022-08-17,53801.82874235264,53862.278742278635,53197.31437759846,53378.66796875,2290741
2022-08-18,53136.860786298894,54224.98951595529,53136.860786298894,53378.66796875,3882641
2022-08-19,53197.31958362929,53499.57679558607,52109.190747485714,52532.3515625,2977264
2022-08-22,52350.99094438016,52774.15170273788,51927.83018602243,52471.89453125,2485109
2022-08-23,52048.72867679187,52592.79296875,52048.72867679187,52592.79296875,1651213
2022-08-24,52898.575658998605,53082.041669881415,52653.96036637853,52715.11328125,1533042
2022-08-25,52715.105180142695,53020.8769737783,52592.79573606172,52776.26171875,1739728
2022-08-26,52837.41816774941,53693.580700600854,52776.26525817455,53326.65234375,2945326
2022-08-29,53204.349684184715,53204.349684184715,51797.7963490946,52898.57421875,3388509
2022-08-30,52898.57478886556,53204.350257595775,52592.80295326948,52837.421875,1753873
2022-08-31,52470.49626643338,53204.34938647535,52470.49626643338,52959.73046875,1785050
2022-09-01,52959.73046875,52959.73046875,52959.73046875,52959.73046875,0
2022-09-02,52959.73046875,52959.73046875,52959.73046875,52959.73046875,0
2022-09-05,52898.575658998605,53020.88512187574,52531.65090350139,52715.11328125,1552661
2022-09-06,52592.798003720825,52837.41690243007,52470.4921875,52470.4921875,1781857
2022-09-07,52287.03033683941,52531.64925491688,51369.71484375,51369.71484375,3401284
2022-09-08,51430.86242863213,51981.25312072072,51247.400075647165,51553.171875,1727105
2022-09-09,51736.637861118674,51981.25312072072,51553.171875,51553.171875,1742010
2022-09-12,52042.41244068782,52103.565350571815,51553.17462908018,51736.640625,1088946
2022-09-13,51981.25589766991,52164.71826045582,51553.17462908018,51736.640625,1591443
2022-09-14,51063.9430127202,51675.4866747798,51063.9430127202,51369.71484375,1991129
2022-09-15,51675.484179395986,51675.484179395986,51186.25,51186.25,1187042
2022-09-16,51186.255508384194,51308.56497467894,50452.40234375,50452.40234375,2068542
2022-09-19,50452.39171777946,51125.08819101996,50085.463396175386,50819.31640625,2712784
2022-09-20,50819.319168907554,51247.4004174837,50330.0850133064,51002.78515625,874503
2022-09-21,50941.62559780092,50941.62559780092,50330.08203125,50330.08203125,1179286
2022-09-22,50146.624634443346,50758.16826131777,50085.46809187558,50697.01171875,1783073
2022-09-23,50819.31953289221,50819.31953289221,50207.77592572727,50391.23828125,1278447
2022-09-26,49840.8515625,50146.62336821632,49106.99850215406,49840.8515625,2834302
2022-09-27,50146.631980948805,50146.631980948805,49229.31640625,49229.31640625,1418824
2022-09-28,48984.6930884304,49168.15546034643,47700.44921875,47700.44921875,3115360
2022-09-29,48801.22738648049,48984.68974587766,47088.90234375,47088.90234375,1983068
2022-09-30,47088.90976548504,49412.77879456288,47027.75684709222,49229.31640625,3208894
2022-10-03,48678.91793583776,49106.99919652038,46721.973991821826,47088.90234375,1894401
2022-10-04,47700.44760178962,48311.991242868884,47211.213415553015,47394.67578125,3102585
2022-10-05,48311.98720069406,48617.75899565032,47945.0625,47945.0625,1478138
2022-10-06,48250.83499663746,48250.83499663746,46783.12890625,46783.12890625,1926492
2022-10-07,46599.66616401215,46599.66616401215,45254.26953125,45254.26953125,3134523
2022-10-10,44948.49410126736,46171.58492179687,44092.335249970485,45254.26953125,2472334
2022-10-11,45254.27120065613,45254.27120065613,43419.63671875,43419.63671875,2423666
2022-10-12,43419.638235331615,44826.19150835953,43419.638235331615,44275.80078125,2225192
2022-10-13,44153.49236750461,44642.7265625,43725.41108445838,44642.7265625,1261109
2022-10-14,45498.884788848954,45560.04132809896,45009.65064051736,45254.26953125,1283922
2022-10-17,44948.498839792475,45193.117756313135,44398.11172732208,45131.96484375,1075866
2022-10-18,45254.26919958582,46049.27513893985,45254.26919958582,45804.65625,1336849
2022-10-19,45804.65759332919,46599.6671891324,45682.348145272255,46171.5859375,1556919
2022-10-20,46355.049473306026,48006.21798128216,46049.27766194503,47578.13671875,2631570
2022-10-21,47516.98596579523,47516.98596579523,45193.1171875,45193.1171875,2380017
2022-10-24,45193.11407229238,45560.04241716237,43419.636154921885,43480.7890625,2168919
2022-10-25,43664.261140649905,45560.04877068522,43480.79512606299,44765.0390625,2379561
2022-10-26,45560.046131094125,45560.046131094125,44459.264639885216,45131.96484375,950698
2022-10-27,45315.42586666202,46599.66969049445,45070.806957417575,46355.05078125,1423386
2022-10-28,46660.82240830635,46660.82240830635,45682.350408508275,45865.81640625,1331982
2022-10-31,45865.81357468683,46477.35717438126,45070.8039885771,46232.73828125,1649693
2022-11-01,46660.82009659399,46966.59190016945,45865.81413392454,46171.5859375,853971
2022-11-02,45988.11893718055,46477.35671864583,45254.26953125,45254.26953125,1487719
2022-11-03,45560.044690033385,46293.89778324958,45070.806872466615,45315.42578125,946592
2022-11-04,45254.27442443461,45254.27442443461,43725.41164174561,44581.57421875,2504576
2022-11-07,44398.109375,45254.27190432663,44398.109375,44398.109375,2391423
2022-11-08,43725.409954538416,45193.11613473124,43664.25704416952,44826.19140625,1437226
2022-11-09,44826.18828903472,45437.73188273264,44826.18828903472,45254.26953125,1061114
2022-11-10,44948.49838851388,45070.80784554623,42257.704866338165,44642.7265625,2426099
2022-11-11,44703.876403970244,45009.64818413182,44031.1763077347,44520.4140625,1525285
2022-11-14,44031.18120564634,44275.80011023975,42808.09394894707,43297.328125,2492714
2022-11-15,42808.09270181769,42808.09270181769,40300.76171875,40300.76171875,4737373
2022-11-16,37487.66262538375,42808.09692119402,37487.66262538375,42380.015625,4639277
2022-11-17,42380.01184448559,44031.18033500743,39444.59957994284,43419.63671875,2351729
2022-11-18,42869.243778568336,44031.178042206506,42318.85673247681,43725.40625,1918887
2022-11-21,42502.321376539636,43908.87097002446,42502.321376539636,42869.24609375,1278295
2022-11-22,42808.09924176935,44031.18664969197,42257.708454950436,43113.87109375,1789005
2022-11-23,42808.09924176935,43419.64294573066,42624.63685720782,43113.87109375,708575
2022-11-24,42685.78977435022,43419.64294573066,42441.17083951196,43113.87109375,1199057
2022-11-25,43175.021014371574,44031.18359375,43113.86810147343,44031.18359375,1927556
2022-11-28,44275.80002998819,45560.04382707501,44214.64348738374,45437.734375,1744139
2022-11-29,45804.65909809116,45804.65909809116,44642.724753079354,45437.734375,1739576
2022-11-30,45560.05020696603,45804.665512236286,44948.50286095442,45621.203125,1386277
2022-12-01,45926.96654974527,46355.04779679513,45315.42294914082,45682.34765625,2701834
2022-12-02,45682.351227042505,47516.98580539505,45254.27357966539,47333.5234375,4412666
2022-12-05,47700.44389854619,48311.98749214801,47333.51919563857,47883.90625,1849992
2022-12-06,47883.90496980273,48250.83329603404,46477.35546875,46477.35546875,2338649
2022-12-07,46416.20056708628,46844.281812877096,45743.50406165336,46783.12890625,1565588
2022-12-08,47027.74943499556,48189.68013326686,46232.739822384756,47088.90234375,1927404
2022-12-09,46660.824267047035,47700.44921875,46599.67135411972,47700.44921875,1501864
2022-12-12,47455.82706254434,47822.75541447252,46721.973991821826,47088.90234375,1845581
2022-12-13,46599.66732851985,47272.36384514451,45988.12008640592,47211.2109375,1368331
2022-12-14,47211.21101473607,47394.6733711035,46538.51086387712,46660.8203125,1761173
2022-12-15,46721.97474949679,47761.603280252355,46721.97474949679,47516.984375,1780184
2022-12-16,47088.90225842199,47700.445877393635,46721.97390715872,47639.29296875,1385365
2022-12-19,47883.914067989026,47883.914067989026,46844.2890625,46844.2890625,1560721
2022-12-20,47211.217458449566,47211.217458449566,46110.435903735146,46844.2890625,1195103
2022-12-21,47211.2109375,47333.52038592279,46293.89552402977,47211.2109375,827508
2022-12-22,47211.2109375,47394.67329356729,46477.357880097064,47211.2109375,1000431
2022-12-23,46721.97717997435,47700.44921875,46599.67135411972,47700.44921875,1856988
2022-12-26,47516.98621885283,47761.6051335974,46721.9765625,46721.9765625,1266128
2022-12-27,46721.972366489186,47394.67250505582,46477.357106847085,46783.12890625,1224608
2022-12-28,47088.89984968006,47088.89984968006,46477.35626199076,46905.4375,896099
2022-12-29,46783.130327337865,47088.902136028926,46599.66796875,46599.66796875,996629
2022-12-30,46599.668734174295,47027.75,46477.359282062105,47027.75,956022
2023-01-02,47027.75,47027.75,47027.75,47027.75,0
2023-01-03,47027.75131160621,48923.53515625,46966.594767277515,48923.53515625,2334847
2023-01-04,49412.77297834361,49535.08243386701,48495.45751161907,48923.53515625,1208031
2023-01-05,49045.84592614768,49840.85559178818,49045.84592614768,49290.46484375,1540038
2023-01-06,49168.152909755016,49596.234177441824,49045.843457111085,49107.0,1094117
2023-01-09,49229.30945264393,49473.92472479789,48862.38109471214,49107.0,789182
2023-01-10,49351.614704037,49718.54305774485,49045.84289251405,49168.15234375,1144762
2023-01-11,49168.15007757019,49902.003118028464,49168.15007757019,49473.921875,1637830
2023-01-12,49535.079269381604,49840.851072089274,49045.84147854233,49351.61328125,825074
2023-01-13,49229.3106116255,49657.38825625643,48923.53515625,48923.53515625,955565
2023-01-16,48984.684410939844,49535.075062321965,48740.065536295915,49412.765625,873742
2023-01-17,49657.38718842693,50146.625,49535.08136866757,50146.625,1487719
2023-01-18,50207.775566122684,51002.78515625,50024.31321191397,51002.78515625,1451827
2023-01-19,50758.17560913421,51492.02879424379,50697.01905771334,51308.56640625,2018505
2023-01-20,51308.56640625,51308.56640625,51308.56640625,51308.56640625,0
2023-01-23,51308.56640625,51308.56640625,51308.56640625,51308.56640625,0
2023-01-24,51308.56640625,51308.56640625,51308.56640625,51308.56640625,0
2023-01-25,51308.56640625,51308.56640625,51308.56640625,51308.56640625,0
2023-01-26,51308.56640625,51308.56640625,51308.56640625,51308.56640625,0
2023-01-27,51430.867756702326,52287.03033683941,51369.71484375,51369.71484375,1734862
2023-01-30,51492.021816264234,51614.33126939671,51186.25,51186.25,1355099
2023-01-31,51063.9375,51186.24694583455,49963.159753756416,51063.9375,2325569
2023-02-01,51369.71226266486,51369.71226266486,50024.31554710674,50146.625,1594333
2023-02-02,50207.770372030565,50391.23270725975,49718.53626704165,50085.4609375,2015463
2023-02-03,50146.625777039764,50146.625777039764,48984.69140625,48984.69140625,2629592
2023-02-06,48923.54091488265,49902.013041108694,48740.07852656978,49229.31640625,1436314
2023-02-07,49229.307466673934,50085.46633437516,49229.307466673934,49351.61328125,1141872
2023-02-08,49412.775335418606,49963.16609496152,49290.46587406083,49657.390625,1018529
2023-02-09,49535.079269381604,49902.00397937731,49351.61328125,49351.61328125,1130010
2023-02-10,49596.23217666964,49657.38508395767,49229.307466673934,49351.61328125,1102634
2023-02-13,49351.61328125,49657.38508395767,48923.53203083251,49351.61328125,932600
2023-02-14,49351.6090897723,49535.075062321965,49045.837313034106,49412.765625,942486
2023-02-15,49229.31124812478,50085.47018159015,49107.00179102001,49902.0078125,981268
2023-02-16,49902.0078125,50146.626726709546,49351.61707209553,49902.0078125,645155
2023-02-17,49657.388898290454,49902.0078125,49535.08307431971,49902.0078125,711161
2023-02-20,49902.01013756327,50758.17274405349,49779.700674759784,50635.86328125,1939267
2023-02-21,50635.86328125,51186.2540472986,50513.55381844651,50635.86328125,1277535
2023-02-22,50330.09215729451,50452.40162183916,50024.3203125,50024.3203125,1136397
2023-02-23,49963.16522415612,49963.16522415612,49290.46501497989,49779.69921875,1764975
2023-02-24,49596.227964416226,49718.53740173819,49168.14675035607,49412.765625,850473
2023-02-27,48923.534004467154,49229.30945264393,48862.38109471214,49107.0,1544296
2023-02-28,48923.54091488265,49351.62224303564,48617.76905664972,49229.31640625,797394
2023-03-01,48617.76905664972,49229.31640625,48128.534810103905,49229.31640625,2093332
2023-03-02,48923.53515625,49229.3106116255,48801.22933386058,48923.53515625,655192
2023-03-03,48495.45656251878,48923.53419877184,48006.21875,48006.21875,1126664
2023-03-06,47761.6049006791,48801.22983357253,47761.6049006791,47822.7578125,1242859
2023-03-07,48373.14959945563,48862.38380402442,48189.68359375,48189.68359375,1204533
2023-03-08,48006.21809458467,48617.76171875,48006.21809458467,48617.76171875,776558
2023-03-09,48617.76463691066,49351.61775658354,48434.30226527596,49290.46484375,973816
2023-03-10,49045.8429822925,49168.15243375234,48311.98990666733,48617.76171875,974728
2023-03-13,47761.605642185306,48556.611673869695,47761.605642185306,48250.83984375,1348255
2023-03-14,48311.98970360169,48373.14624564149,48006.217892804256,48128.52734375,650021
2023-03-15,48373.15374994402,49229.31640625,48373.15374994402,49229.31640625,1052141
2023-03-16,48923.53102262346,48923.53102262346,47945.06272737654,48434.296875,1292743
2023-03-17,48678.92449512025,48923.53979623276,48067.380792637494,48311.99609375,653063
2023-03-20,48373.147208790746,48495.456662171775,47455.828125,47455.828125,1170769
2023-03-21,48067.377297759354,48128.530210307596,47150.05817759723,47761.60546875,815493
2023-03-22,47822.75638687242,48067.37529313181,47455.82802748333,48006.21875,928342
2023-03-23,47945.06813672744,48006.22104965475,47455.83030077256,47700.44921875,542344
2023-03-24,47883.90900485734,48189.680819249916,47700.446642848576,48067.375,557704
2023-03-27,48250.83898101223,48434.30134917688,48006.2200680367,48373.1484375,1166815
2023-03-28,48434.296875,48434.296875,47394.672040591606,48434.296875,1521483
2023-03-29,48434.305560873414,48495.462111002285,48067.380792637494,48311.99609375,615193
2023-03-30,48311.99189268911,48495.45789398777,48189.68243620134,48373.1484375,621125
2023-03-31,48373.1484375,48617.76371734152,48311.99189268911,48373.1484375,1021419
2023-04-03,48556.60648271059,49473.921875,48373.144130879446,49473.921875,1779727
2023-04-04,49473.9317129557,49535.08826448293,48923.54091488265,49229.31640625,889103
2023-04-05,49229.31193091646,49290.46484375,48740.074095711825,49290.46484375,641809
2023-04-06,49351.61527215396,49840.853082729685,49107.0,49107.0,932144
2023-04-07,49045.85038480271,49351.62224303564,48923.54091488265,49229.31640625,547210
2023-04-10,49535.08126768681,49535.08126768681,48984.69054735607,49107.0,1170769
2023-04-11,49045.843457111085,49229.30945264393,48984.69054735607,49107.0,812147
2023-04-12,49107.0,49229.30945264393,48862.38109471214,49107.0,874046
2023-04-13,49106.99922972205,49168.15213851784,48495.45560922879,48678.91796875,822032
2023-04-14,48862.38032827121,48984.68977899663,48495.45560922879,48678.91796875,606524
2023-04-17,48678.91796875,48740.07087754579,48311.98961657374,48678.91796875,684241
2023-04-18,48678.91882788406,48923.53410051828,48434.29992211594,48556.609375,458695
2023-04-19,48801.22885046271,48801.22885046271,48495.45703125,48495.45703125,638463
2023-04-20,48801.22828076812,48801.22828076812,48434.29992211594,48556.609375,554206
2023-04-21,48923.534671640635,48923.534671640635,48495.45703125,48495.45703125,492763
2023-04-24,48617.76371734152,49290.463911457235,48311.99189268911,48373.1484375,1208335
2023-04-25,48373.1437395655,48495.453184174745,47883.90596112855,47945.0625,821272
2023-04-26,47761.60043778658,47945.06278924039,47455.82500785199,47883.90625,1174115
2023-04-27,47761.60043778658,48189.67804680091,47761.60043778658,47883.90625,336113
2023-04-28,48189.68178802624,48189.68178802624,47394.67578125,47394.67578125,1438139
2023-05-01,47394.67578125,47394.67578125,47394.67578125,47394.67578125,0
2023-05-02,47394.67578125,47394.67578125,47394.67578125,47394.67578125,0
2023-05-03,47394.67578125,47394.67578125,47394.67578125,47394.67578125,0
2023-05-04,47578.137480613026,48128.528203129696,47455.82802748333,48006.21875,756179
2023-05-05,48067.37194460924,48067.37194460924,47822.75305539076,47945.0625,485463
2023-05-08,48006.21875,48250.83765625939,47945.06584000211,48006.21875,551925
2023-05-09,48067.377472305,48801.23059121908,48067.377472305,48250.83984375,921498
2023-05-10,48311.99609375,48678.92449512025,48311.99609375,48311.99609375,961953
2023-05-11,48373.1484375,48678.92026215241,48311.99189268911,48373.1484375,723784
2023-05-12,48495.463219864076,49290.46932464282,48189.68772849673,49229.31640625,1647259
2023-05-15,49779.69730717461,50024.31621623317,49412.772576720716,49535.08203125,1421561
2023-05-16,49535.07975678368,49963.161011413285,49412.77030787039,49840.8515625,1165750
2023-05-17,50085.46682719279,50574.70462284594,49596.23266467343,49840.8515625,1484678
2023-05-18,50024.315182441685,50758.16826131777,49779.69627843836,50697.01171875,2357052
2023-05-19,50758.17274405349,50941.63512169162,50024.31960036676,50635.86328125,1632811
2023-05-22,50635.864726624975,50635.864726624975,50146.63049458028,50452.40234375,853210
2023-05-23,50452.396815666216,50452.396815666216,49779.6966413202,50146.625,998454
2023-05-24,50146.625,50146.625,50146.625,50146.625,0
2023-05-25,49657.38951563083,51002.78992737533,49535.083690139574,50880.48046875,2039949
2023-05-26,50819.31640625,51002.7823836188,50330.08227724477,50819.31640625,1314644
2023-05-29,51063.93528731938,51186.24472785407,50697.00696571531,50819.31640625,1337761
2023-05-30,50758.17118169039,51920.10559285728,50697.014635603984,51369.71484375,2523283
2023-05-31,51492.023732909576,51492.023732909576,50819.32353220855,51430.8671875,1276622
2023-06-01,51369.70929801953,51369.70929801953,50819.31860833089,51063.9375,817166
2023-06-02,51063.93998264538,51553.174156635665,50819.3210790833,51247.40234375,1119211
2023-06-05,51308.56124646028,52103.56726990741,51247.40470118956,51981.2578125,2168007
2023-06-06,52164.72265625,52164.72265625,51797.79789975833,52164.72265625,781729
2023-06-07,51981.2578125,52225.876727314826,51553.17652814107,51981.2578125,1073433
2023-06-08,51797.78997187054,51920.099416359146,51063.93693807252,51125.08984375,1892728
2023-06-09,51553.17462908018,51797.793534884,51186.24990350836,51736.640625,1034499
2023-06-12,51675.48266341135,51920.1015625,51125.09195702877,51920.1015625,790398
2023-06-13,51614.328125,51920.099922636306,51553.17158559252,51614.328125,709944
2023-06-14,51553.18026031383,51858.95210940158,51430.87079405187,51492.02734375,1001648
2023-06-15,51492.023732909576,51614.333190594676,51125.09535985428,51430.8671875,1214570
2023-06-16,51430.861580050325,52715.10529602314,51002.78397452638,51675.48046875,3393832
2023-06-19,51797.79296875,52287.02714187655,51675.4835171849,51797.79296875,1008644
2023-06-20,51981.25553022363,52470.49333837292,51797.79316873458,52287.02734375,1436466
2023-06-21,52287.02619690116,52837.41690243007,52225.87328879075,52470.4921875,1073433
2023-06-22,52470.4921875,52470.4921875,52470.4921875,52470.4921875,0
2023-06-23,52348.17802931483,52348.17802931483,51858.94027590432,52042.40625,1250159
2023-06-26,52042.410931325714,52470.4921875,51736.63912450606,52470.4921875,1307039
2023-06-27,52592.798974832214,53387.80859375,52592.798974832214,53387.80859375,2342755
2023-06-28,53448.96293288629,53693.58184265654,53204.34765625,53204.34765625,1467492
2023-06-29,53204.349684184715,53265.5025973912,52898.57421875,52898.57421875,855340
2023-06-30,52898.5647462966,52959.72128168599,52592.79296875,52592.79296875,1115561
2023-07-03,52898.57478886556,53082.040796730515,52592.80295326948,52837.421875,1581101
2023-07-04,52837.419291594626,53204.34765625,52715.109836709504,53204.34765625,2019874
2023-07-05,53523.50878318799,54521.28429603104,53309.69921875,53309.69921875,2363704
2023-07-06,53309.70109816766,53594.779300201546,52739.54469409987,53167.16015625,2006232
2023-07-07,52882.080914371916,53808.58781411481,52882.080914371916,53666.046875,1185356
2023-07-10,53666.046875,54093.66601054308,53380.96867857173,53666.046875,1526561
2023-07-11,53666.055696667725,53737.3280188416,53452.24609375,53452.24609375,1443244
2023-07-12,53452.23730722846,53951.12507142827,53380.96867857173,53666.046875,1196730
2023-07-13,54022.39453125,54022.39453125,53737.31634986464,54022.39453125,1656299
2023-07-14,54806.3650652374,55804.140625,54236.204972657724,55804.140625,3733153
2023-07-17,56303.02734375,56445.564602857456,55946.67683237859,56303.02734375,1525239
2023-07-18,56303.028324185754,56303.028324185754,55661.599601628484,56089.21875,949951
2023-07-19,55946.67578125,56231.75397591024,55804.13852482055,55946.67578125,937123
2023-07-20,56017.94230070241,57942.22464447218,55946.67367517055,57229.52734375,3034211
2023-07-21,56801.91875047983,57728.42578125,56730.65011174424,57728.42578125,1684336
2023-07-24,57728.42578125,57942.235379258644,57443.34754450576,57728.42578125,1550895
2023-07-25,57728.42478069712,58583.65947610684,57728.42478069712,57942.234375,1397750
2023-07-26,57870.95972755841,58940.00390625,57799.68741565793,58940.00390625,1680633
2023-07-27,59011.274388571284,60151.59091495515,59011.274388571284,59652.703125,1874908
2023-07-28,59510.16498333967,60151.59375,59225.086758757876,60151.59375,1188134
2023-07-31,60365.3993614807,61149.365395692046,60151.59345544263,61006.828125,1946058
2023-08-01,61006.81745965674,61505.705183465674,60222.8515625,60222.8515625,1702454
2023-08-02,60222.86145382731,60436.67103940567,59510.1640625,59510.1640625,1317606
2023-08-03,59723.97175733601,60009.049968481595,59082.543020907295,59652.703125,1200697
2023-08-04,59866.50888254295,60222.85940699593,59367.62109375,59367.62109375,2140995
2023-08-07,59581.422911116635,60222.8515625,59367.613360655516,60222.8515625,995181
2023-08-08,59866.502038903076,60294.121146642756,59723.96479085725,60009.04296875,841110
2023-08-09,59866.50706490831,60365.394838554304,59153.81340124384,59225.08203125,1299620
2023-08-10,59225.08499758621,59367.62226473763,58583.65625,58583.65625,1776514
2023-08-11,58441.11328125,59153.810592880145,58084.7627845343,58441.11328125,1511485
2023-08-14,58512.383866356795,59296.34983084993,58441.1152373487,58868.734375,1341147
2023-08-15,58868.73593454963,60080.31738698989,58084.766267486215,59866.5078125,2215981
2023-08-16,59296.346466665644,60721.741056765815,59296.346466665644,60650.46875,3432416
2023-08-17,60579.2011306195,62147.13299667587,60579.2011306195,61291.8984375,4885050
2023-08-18,61006.8272280482,62646.03158951824,60080.32025496506,60935.55859375,5612293
2023-08-21,61220.6328125,61790.78921323402,60935.55461213298,61220.6328125,3243828
2023-08-22,61505.70883950389,61648.24609375,59153.81100823154,61648.24609375,3081821
2023-08-23,61576.977466626944,61862.059338721716,60365.39239652861,61648.24609375,1875966
2023-08-24,61648.25166711921,64965.00043757498,61359.83549154616,64892.89453125,6945241
2023-08-25,64532.38430641434,65613.9282767935,64243.96811114347,65325.51953125,3691626
2023-08-28,66334.96517027078,67993.34153444576,65613.92840554247,67777.03125,3902300
2023-08-29,67777.0255465666,67777.0255465666,66911.78448159357,67488.609375,2046436
2023-08-30,67200.1993297357,70805.36082948529,67128.10086756626,69651.7109375,3122025
2023-08-31,69651.70659260113,70300.6374100101,69291.19195506068,69723.8125,1856393
2023-09-01,69723.8125,69723.8125,69723.8125,69723.8125,0
2023-09-04,69723.8125,69723.8125,69723.8125,69723.8125,0
2023-09-05,70012.22434459209,71165.88166565898,69795.9140625,69795.9140625,1903871
2023-09-06,70012.2199822023,71382.1875,69435.39508247387,71382.1875,3294347
2023-09-07,71382.18988231257,72680.04408758447,70372.74441166683,70589.0546875,4297596
2023-09-08,70300.63628125886,71021.66554476284,69940.12164950687,70372.7421875,2797881
2023-09-11,71165.87824390589,71742.70315184114,68714.36679788581,70228.53125,6810610
2023-09-12,70228.51914053335,71310.0703125,70228.51914053335,71310.0703125,3545225
2023-09-13,71310.07922175535,71382.18512547037,70228.5279146631,70661.1484375,3821099
2023-09-14,70661.14876215953,70661.14876215953,68858.56820854137,69146.984375,3067803
2023-09-15,69219.0892131902,70516.95090736197,68714.37018749716,70300.640625,2823273
2023-09-18,69868.015625,69868.015625,69002.77455047834,69868.015625,2680575
2023-09-19,69795.90532338206,70949.5625,69146.98200808455,70949.5625,4739311
2023-09-20,71237.97432698205,71886.90512042819,71021.6640625,71021.6640625,3233248
2023-09-21,71021.66984444605,71310.0860371446,69435.3994089223,69795.9140625,4521627
2023-09-22,68570.16267997981,69940.12277246965,66767.58204255065,69723.8125,9073672
2023-09-25,69940.1128513452,70372.73333491656,67993.328125,67993.328125,2773414
2023-09-26,67921.23428282322,68858.57386377417,67128.0990720815,67416.5078125,2848797
2023-09-27,67704.9119860438,67993.328125,65181.302431512086,67993.328125,5965004
2023-09-28,67849.12971166366,67993.34153444576,65902.34460137926,67777.03125,2333419
2023-09-29,67777.03018670905,68425.95358013856,66911.7890625,66911.7890625,2162684
2023-10-02,67344.41495693839,67632.82372135944,66334.96938200897,67200.203125,1504343
2023-10-03,66479.1640625,67416.50358466842,65974.44507355602,66479.1640625,2654125
2023-10-04,65830.23546707738,67344.40738406696,65830.23546707738,66695.4765625,2105023
2023-10-05,66911.78007043198,67272.2946738282,66046.5390625,66046.5390625,1810634
2023-10-06,65974.44605786898,66911.78559402212,65613.92397498524,66839.6796875,1517833
2023-10-09,66623.37251840264,68930.6796875,66479.16814837382,68930.6796875,4836382
2023-10-10,69579.60242796942,70084.32138918329,68786.46731054308,69435.390625,4305398
2023-10-11,69146.98206835493,70661.1464050041,69146.98206835493,69940.1171875,3118719
2023-10-12,69940.12053107498,70516.94542259937,69219.08382937445,69507.5,2487887
2023-10-13,69219.08159723715,69435.39185579919,68714.36262707673,69291.1875,3123877
2023-10-16,69795.9140625,71310.0860371446,69435.3994089223,69795.9140625,6578908
2023-10-17,70516.94460446785,70516.94460446785,67128.09375,67128.09375,3200582
2023-10-18,68425.9523088945,68425.9523088945,65613.92615718527,67055.9921875,8123853
2023-10-19,67777.02692521237,67993.33719585558,66334.9609375,66334.9609375,4006381
2023-10-20,66695.47445240828,67055.98908085284,64964.99976603831,66983.890625,3786582
2023-10-23,67632.81269573559,67632.81269573559,65469.717516297926,65613.921875,2607573
2023-10-24,66623.36966520632,66623.36966520632,65469.71985492719,66334.9609375,2132399
2023-10-25,66190.7589603285,66839.68234592983,65541.828125,65541.828125,2428771
2023-10-26,63667.137626198375,64820.78740736734,62008.76513455216,62585.59375,7815313
2023-10-27,63090.311493300556,63450.826111601105,62225.07417446125,62729.796875,2691023
2023-10-30,62729.796380306514,62801.902283288626,61287.73046875,61287.73046875,2472413
2023-10-31,61359.832325635085,61504.040405981075,59845.66796875,59845.66796875,4082822
2023-11-01,60783.013232355224,61576.1484375,59557.26119477195,61576.1484375,2876702
2023-11-02,62297.1768223504,64171.86328125,61936.66220133456,64171.86328125,2914790
2023-11-03,64171.86279792879,64316.0671553037,62729.796875,62729.796875,6403941
2023-11-06,63595.04482157253,64099.76385203228,63306.62862579025,63811.34765625,1600357
2023-11-07,63811.34107690909,64027.65133901104,63378.72800243182,63667.13671875,1772414
2023-11-08,63595.03758122806,66767.578125,63450.825774891855,66767.578125,3892382
2023-11-09,66334.96192264959,67272.30147620608,66190.75755665482,66695.4765625,2790739
2023-11-10,65974.4453125,66839.67893235576,65830.23350108504,65974.4453125,3182596
2023-11-13,66046.54029159682,66334.95644951686,65253.4051694747,65902.3359375,2026202
2023-11-14,66334.95760544446,67344.4030011652,65830.2311827208,66767.578125,2642090
2023-11-15,67560.71414200314,67632.81259638495,66334.95847051952,66623.3671875,3197276
2023-11-16,66479.16726531953,67055.9921875,66046.5467112524,67055.9921875,2521081
2023-11-17,67344.40397833145,67416.50243281915,65325.51315759586,65613.921875,4718547
2023-11-20,64964.99667406614,66767.57718022294,64243.96000176756,65397.6171875,2190721
2023-11-21,66334.96528651741,66334.96528651741,65397.625685428124,66262.859375,1931775
2023-11-22,66262.85698828597,67128.09809642023,66262.85698828597,67055.9921875,4326823
2023-11-23,67272.29532798578,67560.7114833431,65469.71484375,65469.71484375,2864138
2023-11-24,65469.708870954855,66334.94980836462,65037.088402249974,65758.125,2973641
2023-11-27,65902.33615335521,65902.33615335521,64964.99667406614,65397.6171875,2194688
2023-11-28,65469.71318888124,66262.84828390797,64820.78244302497,65686.0234375,1442450
2023-11-29,66046.5425331412,66334.95870084976,65686.02791080049,66118.6484375,1059983
2023-11-30,65902.34471686777,67560.72108394893,65830.23880535037,66262.859375,2621724
2023-12-01,66479.16282900976,66983.88925831555,65830.23204121372,66623.3671875,1574833
2023-12-04,66767.58012067365,67777.0255465666,66767.58012067365,67488.609375,4578891
2023-12-05,67632.80711651668,69074.87293375729,67560.70866797656,68353.84375,4748039
2023-12-06,68498.0546875,68786.47085858915,67849.12388984449,68498.0546875,1614375
2023-12-07,68570.15295318651,68714.35729780166,66911.7769160716,67993.328125,4974187
2023-12-08,67993.33246427227,68570.15732927121,67416.50014954693,67921.2265625,2308820
2023-12-11,68858.56931406636,69002.77367474757,68209.63851641085,68498.0546875,2069051
2023-12-12,68786.47601237334,69795.9140625,68714.37010176688,69795.9140625,5402280
2023-12-13,70228.52810061778,70228.52810061778,68642.2578125,68642.2578125,2840862
2023-12-14,69074.8884792526,69507.50906675984,68642.26789174533,69363.3046875,2264516
2023-12-15,69363.3046875,69435.40315226607,68498.06351248549,69363.3046875,1949761
2023-12-18,69146.99141833819,69363.30170278394,67560.72096555425,67777.03125,2997446
2023-12-19,67704.90611276746,68209.625,67488.5958897463,68209.625,1653654
2023-12-20,67993.3412550756,68498.06028355699,67849.12943288604,68281.75,1784713
2023-12-21,68209.6419679637,68570.1640625,67777.02886402897,68570.1640625,2323368
2023-12-22,68498.04111393665,68570.14700485212,68065.42066789432,68209.625,1686716
2023-12-25,68425.94303330073,69363.2899232916,68353.84458388106,69219.078125,2667482
2023-12-26,69579.61687151503,71093.78151919784,69507.51095506236,70084.3359375,4443467
2023-12-27,70228.53025614175,70516.94643089126,69868.015625,69868.015625,1793177
2023-12-28,69940.12713536005,69940.12713536005,69435.40065153682,69651.7109375,1582503
2023-12-29,69651.70211436124,69940.11827568611,69291.1875,69291.1875,2468578
2024-01-01,69291.1875,69291.1875,69291.1875,69291.1875,0
2024-01-02,69868.01361655661,69868.01361655661,69002.77256690737,69146.984375,2267426
2024-01-03,68930.67166378614,69579.60242796942,68786.46731054308,69435.390625,1900300
2024-01-04,69435.4050386097,70949.57713602041,69363.30657188492,70084.3359375,3932982
2024-01-05,70156.43279258744,70300.63715713951,69579.60788465217,70228.53125,1505798
2024-01-08,70228.52814172153,70877.45892807496,70012.21787960372,70156.4296875,1908367
2024-01-09,70156.43742132321,70156.43742132321,69651.7109375,69651.7109375,1602473
2024-01-10,69723.81607380409,69868.0204462663,68137.5456275378,68281.75,4367556
2024-01-11,68281.74442161483,68786.47085858915,68281.74442161483,68498.0546875,1813015
2024-01-12,68353.85591109478,68930.68085067095,67849.12943288604,68281.75,3434532
2024-01-15,68498.052587752,69146.98336551512,68425.94668475837,68786.46875,1735384
2024-01-16,68281.74418684634,69002.7734375,68281.74418684634,69002.7734375,1071225
2024-01-17,68930.67498227068,69219.08370264145,68498.05445198777,69002.7734375,1870015
2024-01-18,69002.7781476508,69219.08842755765,68642.26349771512,68930.6796875,1503550
2024-01-19,69219.08037027223,69868.01113445553,69002.77011554448,69435.390625,1974757
2024-01-22,69795.90872089883,69795.90872089883,69074.87946892502,69507.5,1465330
2024-01-23,69291.19433743568,69507.50461734254,68786.47531747118,68930.6796875,1957829
2024-01-24,69074.87957995155,69074.87957995155,68425.94878229602,68498.0546875,2277477
2024-01-25,68498.0546875,68498.0546875,68498.0546875,68498.0546875,0
2024-01-26,68858.56820854137,69363.2946374123,68714.36385017537,69146.984375,1223841
2024-01-29,69146.984375,69291.188733366,68714.36385017537,69146.984375,1402775
2024-01-30,69146.98996740686,69146.98996740686,68786.47531747118,68930.6796875,1255052
2024-01-31,68930.67498227068,69219.08370264145,68858.56907731462,69002.7734375,1827033
2024-02-01,69146.99243534934,72031.1171875,69002.78061044618,72031.1171875,10307168
2024-02-02,72031.1171875,72031.1171875,72031.1171875,72031.1171875,0
2024-02-05,73545.27651071084,75059.44081310615,73473.17061070108,74626.8203125,3563344
2024-02-06,74698.93069029278,75708.37610230899,74194.20425942134,75059.4453125,2491986
2024-02-07,75492.06907238613,75708.37934492042,74915.24416220367,75636.2734375,2810841
2024-02-08,75636.2734375,75636.2734375,75636.2734375,75636.2734375,0
2024-02-09,75636.2734375,75636.2734375,75636.2734375,75636.2734375,0
2024-02-12,75636.2734375,75636.2734375,75636.2734375,75636.2734375,0
2024-02-13,75636.2734375,75636.2734375,75636.2734375,75636.2734375,0
2024-02-14,75636.2734375,75636.2734375,75636.2734375,75636.2734375,0
2024-02-15,75852.57695053237,76068.88720379045,74843.13158523671,74987.3359375,2973509
2024-02-16,74987.3417517388,75780.484375,74843.13738829445,75780.484375,2732285
2024-02-19,76068.88961695816,77150.44091755916,75708.375,75708.375,2687055
2024-02-20,75852.58709657527,75852.58709657527,74987.34596780824,75203.65625,2439086
2024-02-21,74987.33724310415,77078.3339110966,74626.82263130585,76357.3046875,4149343
2024-02-22,76357.30790737383,76429.40636293791,75419.9609375,75419.9609375,2272980
2024-02-23,76068.89197745566,76934.13304478579,74482.62165383493,74915.2421875,5426878
2024-02-26,74915.23851453014,77871.46875,74626.8223563184,77871.46875,5907210
2024-02-27,78231.97986814193,78953.01650662052,77438.84478062375,77799.359375,3704058
2024-02-28,77871.4697598549,78231.984375,76645.71410858036,78231.984375,4578098
2024-02-29,78015.6828735714,78880.92400682798,77655.16821795695,78592.5078125,3735798
2024-03-01,78736.71734321509,80322.98774153861,78664.61143429962,79890.3671875,5315656
2024-03-04,80034.56820115345,80611.39309911973,79890.3638390936,80322.984375,4082689
2024-03-05,80322.9842535365,80322.9842535365,79241.432915406,79818.2578125,4474017
2024-03-06,79313.53231212213,79601.94101213673,78159.88261261136,78664.6015625,4896688
2024-03-07,78664.60473673278,82125.56142464603,78015.67396092534,80250.875,5339726
2024-03-08,80250.88649674306,81188.2261184861,78953.03220892402,79313.546875,4120381
2024-03-11,79313.546875,81837.1569872594,79313.546875,79313.546875,4472033
2024-03-12,79313.53991921995,81837.14981015932,79313.53991921995,80683.5,3845565
2024-03-13,81332.42180875869,84360.7578125,80755.59696753073,84360.7578125,6763529
2024-03-14,85442.30159615513,85442.30159615513,83423.41092699426,84360.7578125,4579817
2024-03-15,84216.55930727147,84216.55930727147,82558.19042063871,83639.734375,5076284
2024-03-18,83495.5316526692,83495.5316526692,80106.68045259464,81476.640625,7782383
2024-03-19,81476.63867488394,81476.63867488394,80106.6785352681,80755.609375,4384616
2024-03-20,80971.92479232956,82918.70998531552,80106.68361779016,82558.1953125,4596613
2024-03-21,83062.90820781219,83783.9375,82630.28765260863,83783.9375,4969690
2024-03-22,83856.0470856569,83856.0470856569,82558.19281287087,82846.6015625,3193573
2024-03-25,82269.76996894734,82990.79923451328,82053.45969933219,82197.6640625,3695594
2024-03-26,82197.66638929656,83279.21776798817,81909.25765479685,82918.703125,2239389
2024-03-27,82702.3838338118,83135.00433812816,82269.76332949544,83062.8984375,1745964
2024-03-28,83567.625806116,84649.16962965259,83135.00529681082,84432.859375,3707232
2024-03-29,83928.14373291556,84504.96861822433,83639.72756539786,84000.2421875,1776778
2024-04-01,83639.72978687075,84793.37958812925,83062.90488624151,84216.5546875,2611408
2024-04-02,83207.100680318,84360.7578125,83207.100680318,84360.7578125,3022970
2024-04-03,83711.8414501692,84360.77230165327,82990.8046875,82990.8046875,3371052
2024-04-04,82918.70077779282,83495.52568019094,82197.6640625,82197.6640625,3120438
2024-04-05,81548.73848476623,82702.38825817629,81188.21641206475,81981.3515625,3648777
2024-04-08,81981.35392327476,81981.35392327476,81188.21875,81188.21875,2581520
2024-04-09,81188.22442830694,81620.84499848282,81116.12596642923,81476.640625,1894481
2024-04-10,81837.14287271617,83351.31463870297,81692.93852110238,82053.453125,2368729
2024-04-11,81837.1560393431,83207.11622440015,81692.95166452853,82846.6015625,2049081
2024-04-12,83567.62709807116,83567.62709807116,82413.96990551302,83279.2109375,1808254
2024-04-15,83279.20540491668,83351.3113027008,80395.07378971588,80467.1796875,4895762
2024-04-16,80755.61130785846,81620.84499848282,80395.08919956029,81476.640625,4817470
2024-04-17,81548.73757393715,81548.73757393715,80467.18626736605,80611.390625,2570014
2024-04-18,80611.390625,80611.390625,80611.390625,80611.390625,0
2024-04-19,79674.05922907071,80178.78570671284,78592.5078125,78592.5078125,7090054
2024-04-22,79313.54128814582,80322.98675188965,78520.40609875617,79529.8515625,3170429
2024-04-23,79962.46864254455,81692.9433125853,79241.43194273254,80971.9140625,5339726
2024-04-24,81909.25578612184,86595.9609375,81620.83960847495,86595.9609375,13434880
2024-04-25,88326.44505264118,92292.12102198576,87893.82450148958,88831.1640625,7548433
2024-04-26,88686.95969535848,90417.43445023784,88110.13477706538,88831.1640625,4491871
2024-04-29,88831.1640625,88831.1640625,88831.1640625,88831.1640625,0
2024-04-30,88831.1640625,88831.1640625,88831.1640625,88831.1640625,0
2024-05-01,88831.1640625,88831.1640625,88831.1640625,88831.1640625,0
2024-05-02,89263.78838220943,93013.15423426975,89047.47809750139,91787.3984375,4588149
2024-05-03,92364.21563417748,92580.52590074502,90561.64249565924,90777.9453125,4220362
2024-05-06,91210.5679458981,92003.703125,89768.50195215097,92003.703125,3576833
2024-05-07,92292.1255516138,94887.84153619215,91715.30060501056,94671.53125,4129903
2024-05-08,93806.28014780678,94455.2109375,93229.4552624328,94455.2109375,3991040
2024-05-09,94166.80283202315,95753.08071476879,93734.18971824957,93950.5,2913864
2024-05-10,94671.52120073108,95320.45199042429,93157.35680784023,94455.2109375,5011878
2024-05-13,94671.52481478818,94815.72917920498,92868.94418553404,93517.875,2449534
2024-05-14,93734.18069419944,94959.92890647601,93445.76452972306,94094.6953125,3047833
2024-05-15,94815.72755822385,96978.8227864029,94671.52319627239,96690.4140625,4831224
2024-05-16,97771.96218068877,98997.71793461117,96762.51670391309,97627.7578125,4124877
2024-05-17,97627.75896409483,98060.37952349137,96402.00319571368,96978.828125,3050214
2024-05-20,97483.5516195653,98132.48243885847,95897.28125,95897.28125,2662853
2024-05-21,96618.31671605277,98060.3828125,96257.80205437282,98060.3828125,4591587
2024-05-22,99430.33940287924,100728.20107768968,98132.485177796,99502.4453125,5966855
2024-05-23,99141.9296875,99358.23251477772,97339.34901227769,99141.9296875,4789433
2024-05-24,99502.42866970816,99502.42866970816,94166.78594311973,95104.1328125,17689231
2024-05-27,95897.28249235767,96257.79713561537,94166.80028515734,95753.078125,6821190
2024-05-28,96618.3033176568,98781.3984375,95969.3725467859,98781.3984375,6116959
2024-05-29,98853.50791910796,99646.64307342659,97195.13170563201,97844.0625,7720226
2024-05-30,96474.1104318119,97339.3515625,95104.1502747073,97339.3515625,9603069
2024-05-31,97339.34586408743,98637.20003441363,96474.10478405203,97050.9296875,3482803
2024-06-03,97050.9296875,97050.9296875,97050.9296875,97050.9296875,0
2024-06-04,100223.46441021733,100439.77466733886,99358.22338173124,100295.5703125,9270460
2024-06-05,100944.50310849771,104477.558296134,100728.19284703767,101016.6015625,8360316
2024-06-06,101160.8127610531,102170.25823288638,100079.268830342,100656.09375,6892605
2024-06-07,101665.53325517582,102386.5625,101305.01863276373,102386.5625,4968500
2024-06-10,103468.1181749035,104549.66208769298,103107.60353730702,103828.6328125,4992966
2024-06-11,104044.94061002738,105631.2109375,103179.6995405962,105631.2109375,8367854
2024-06-12,106892.09821134729,110903.68695108691,106808.52673097851,110318.6640625,12897825
2024-06-13,111739.42889473257,111823.00788160464,108647.1640625,108647.1640625,9356630
2024-06-14,108730.748498795,110820.11815395682,107811.42464913681,109482.921875,7367130
2024-06-17,109482.92112420764,109817.21456015288,107393.55148337391,107644.2734375,5597740
2024-06-18,107644.26621067221,108396.43953122103,106975.671875,106975.671875,7682000
2024-06-19,106975.67468825639,110987.25582512288,105805.62142989063,109900.7890625,11119580
2024-06-20,111154.41116145748,113410.9312813282,110151.51583329338,111405.140625,12035555
2024-06-21,111906.57127565812,113745.21875,111405.12742532326,113745.21875,8801295
2024-06-24,112825.9048927466,113243.77730750709,110318.66289551527,110402.234375,15164935
2024-06-25,109482.91638787928,109566.48786608306,107477.11831563733,108647.1640625,15762820
2024-06-26,109482.91347863118,110151.5078125,108145.71730222546,110151.5078125,8219510
2024-06-27,109733.64056194859,112073.73210324597,109315.76814509812,110987.2578125,7364255
2024-06-28,110987.25819354638,110987.25819354638,108981.46758231038,109065.0390625,7627950
2024-07-01,108981.47177057476,108981.47177057476,107393.55351659864,107477.125,7332400
2024-07-02,107477.11574958713,110402.2300469058,106557.79196795322,106975.671875,7728690
2024-07-03,109065.04193703269,110987.26111874133,108730.748498795,109482.921875,8779215
2024-07-04,110402.22750042094,113494.4921875,110402.22750042094,113494.4921875,9335585
2024-07-05,113745.23077362975,116753.91671968043,113745.23077362975,115918.171875,8957810
2024-07-08,115751.0199273807,116670.34375,114915.27509336412,116670.34375,6745555
2024-07-09,116252.46965785934,116419.62012398781,113661.64869587071,114915.2734375,11127515
2024-07-10,113661.65378123242,114497.4061492673,111990.1640625,111990.1640625,7238905
2024-07-11,112073.73793258933,113160.2122798466,110736.54162391453,111154.4140625,7868415
2024-07-12,110485.81160138782,113661.64790986155,110485.81160138782,111823.0078125,4086410
2024-07-15,111572.28187226488,112658.7561744474,110569.3865595333,110903.6875,3527280
2024-07-16,111655.86311528605,112408.0364921831,110569.38879117504,111990.1640625,4602645
2024-07-17,111990.16212568576,112073.73360670957,108563.59624767517,110235.0859375,8015615
2024-07-18,109817.2080708493,109817.2080708493,106808.52227311925,106892.09375,12420230
2024-07-19,107477.11279197369,108062.13563533845,105304.171875,105304.171875,7534455
2024-07-22,105304.18387963092,105304.18387963092,102964.09223940245,103716.265625,7149435
2024-07-23,104384.85329318623,106557.79431787602,104301.28181513475,104886.3046875,6108340
2024-07-24,104886.2994881206,105805.61573578813,103632.67481881444,105304.171875,4774455
2024-07-25,103799.83530561934,104886.30962342763,103716.26382363499,104468.4296875,2947910
2024-07-26,105220.59578794066,106975.671875,103966.97859280472,106975.671875,4543765
2024-07-29,108647.16671209238,109148.61811954892,107811.421875,107811.421875,5588770
2024-07-30,107811.4166717573,108229.28907013594,106139.91956957457,106975.671875,2729870
2024-07-31,106390.65066376961,107477.125,105805.62775395374,107477.125,3299580
2024-08-01,108312.86234810116,108396.44133436808,103716.25838080456,104301.28125,7900845
2024-08-02,102044.7543898837,104301.27423735069,101125.43065476739,102964.078125,11436405
2024-08-05,101209.01002794308,102713.34909008775,98116.73790534653,99119.640625,11977480
2024-08-06,100289.69470198096,101877.61287829853,100122.5442346841,100958.2890625,7737315
2024-08-07,101125.4348979636,101961.1796875,100456.84056806807,101961.1796875,3246220
2024-08-08,101626.89265763562,102295.48702950952,101041.86976649525,101459.7421875,3053135
2024-08-09,102295.48483673687,106056.3515625,101961.18390363161,106056.3515625,6320860
2024-08-12,106056.350625495,108814.31452757586,105471.32775206366,108647.1640625,7111025
2024-08-13,108396.4453125,108814.3177331657,106975.67758050292,108396.4453125,4712585
2024-08-14,109232.18432027163,109900.7861645648,108229.2890625,108229.2890625,3291530
2024-08-15,107894.99656457943,108229.29751282756,107142.82318535548,107560.703125,2596240
2024-08-16,107894.99243389796,109482.91812294966,107894.99243389796,109148.6171875,5857640
2024-08-19,109566.49046964325,109817.21241888063,108647.16664421487,109065.0390625,2873160
2024-08-20,109232.1872005767,110736.5338812358,109232.1872005767,109900.7890625,4302610
2024-08-21,109148.61821680509,111823.01070828592,109148.61821680509,111572.28125,7037655
2024-08-22,111990.15827747255,112408.0306855698,111572.278360707,111823.0078125,3473575
2024-08-23,111739.43610642257,111739.43610642257,110652.96927631114,111237.9921875,3513250
2024-08-26,111405.13574315909,111572.27869997159,109900.7890625,109900.7890625,2978845
2024-08-27,109900.79420466044,110820.11805348516,108981.47035583573,110736.5390625,2689275
2024-08-28,111154.41116145748,112408.0359531641,111070.83967938909,111405.140625,3118225
2024-08-29,110987.2485837461,111823.00085662145,110485.80472868872,111739.421875,2406605
2024-08-30,111572.2834945202,112742.33680316618,111154.41106719525,112658.7578125,3813170
2024-09-02,112658.7578125,112658.7578125,112658.7578125,112658.7578125,0
2024-09-03,112658.7578125,112658.7578125,112658.7578125,112658.7578125,0
2024-09-04,111154.4140625,111154.4140625,109900.79674674361,111154.4140625,5215480
2024-09-05,111154.40778286115,111154.40778286115,108396.44383707247,109148.6171875,9263940
2024-09-06,109065.0381425654,111070.83624555152,108897.89518359595,110402.234375,4394610
2024-09-09,109315.76820790942,110235.0845220413,108730.74532224894,109733.640625,3317980
2024-09-10,109482.91638787928,109482.91638787928,108312.8631323483,108647.1640625,4824365
2024-09-11,108647.16578432551,109733.6400702027,108480.01531660066,109148.6171875,3668960
2024-09-12,109482.91605580477,110736.53327706887,109482.91605580477,110569.3828125,4735700
2024-09-13,110485.81966249703,111488.71501683591,110318.66918532907,111154.4140625,3664820
2024-09-16,110151.51508400525,111154.41040534733,109566.4921875,109566.4921875,2203055
2024-09-17,109650.0530082872,111070.828125,109650.0530082872,111070.828125,3049110
2024-09-18,111488.706286693,112993.05295473762,111070.83388082912,112491.6015625,6186540
2024-09-19,112825.90422085753,113494.49857875907,112240.88134194302,112993.0546875,5927445
2024-09-20,113912.37732459087,114497.40019747033,112825.90305695689,113076.625,4277655
2024-09-23,113578.08229876327,113578.08229876327,111488.71264167907,111990.1640625,2807380
2024-09-24,111990.15883980451,112575.18171581186,111739.42938675254,112408.03125,2313110
2024-09-25,112240.88538517505,112658.7578125,111655.86248518639,112658.7578125,5151885
2024-09-26,112825.90569907933,112825.90569907933,111906.58187483509,112240.8828125,3237940
2024-09-27,112240.87585857228,112324.44733347658,111572.27402466597,112157.296875,3855720
2024-09-30,112157.30179694804,112408.03125,111154.40651074518,112408.03125,3485075
2024-10-01,112575.19057239674,113828.80790160858,112575.19057239674,113578.0859375,5434785
2024-10-02,112491.60903675937,113578.08337112851,112491.60903675937,113160.2109375,1977770
2024-10-03,113160.20986908016,113745.23277237025,111990.1640625,111990.1640625,2645920
2024-10-04,112240.87702271024,112658.74941890176,111572.27518186932,112073.7265625,1688660
2024-10-07,112157.29803827108,112742.32840334091,111655.85416630848,112073.7265625,1530075
2024-10-08,112073.72975562468,112909.47457181918,111655.85734752743,111823.0078125,2424890
2024-10-09,112240.88707831602,113494.50437920155,112240.88707831602,113160.2109375,3012885
2024-10-10,113494.49396484355,118676.12818543689,113494.49396484355,118425.40625,11445030
2024-10-11,118676.13435510715,119344.73622925517,116670.34375,116670.34375,4385640
2024-10-14,117923.96611713195,118091.11659292075,114580.97912736241,114998.8515625,6446095
2024-10-15,114998.85016259342,115834.60253136359,114163.10530249194,114497.40625,3289920
2024-10-16,113995.95429465112,114580.977195715,113661.65334870931,113912.3828125,3169400
2024-10-17,114079.52631128057,114580.97773254268,113243.7814511791,114497.40625,2966080
2024-10-18,114831.69968883938,115166.00063634745,114163.10530249194,114497.40625,2494810
2024-10-21,114497.40604659382,115082.4289493593,113243.78125,113243.78125,3083495
2024-10-22,113410.93335639164,113410.93335639164,111154.4131952337,111237.9921875,6910580
2024-10-23,111070.83015790425,112658.74825042974,110820.10822452337,112157.296875,3467365
2024-10-24,112157.30382374953,112240.8828125,111823.0103947531,112240.8828125,2618780
2024-10-25,112240.88601857613,112491.60797465226,111655.86311528605,111990.1640625,2114850
2024-10-28,112073.73405197887,112825.90741885584,111655.86162786245,112742.3359375,1731900
2024-10-29,113160.2109375,113243.7824207582,112658.75951194453,113160.2109375,2828080
2024-10-30,113160.21349442938,113578.0859375,112993.06301546736,113578.0859375,1966270
2024-10-31,113578.0859375,113661.65742264655,113076.6345006139,113578.0859375,1427955
2024-11-01,112825.90249065841,112825.90249065841,111655.85675077222,112491.6015625,3067625
2024-11-04,112491.60452009644,112491.60452009644,110903.68633259728,110987.2578125,3660335
2024-11-05,111154.40278675561,111990.15508781484,110569.37993034818,110820.109375,1905665
2024-11-06,111237.98434490833,112491.6015625,111154.4053585346,112491.6015625,2071725
2024-11-07,113076.62703041955,114998.84614849174,112157.30321119624,112909.4765625,4106075
2024-11-08,113745.22162767847,114330.24447364836,112909.46934153012,113494.4921875,2422245
2024-11-11,114079.52821971619,116586.77785930177,113661.65578267486,115583.875,6085800
2024-11-12,115834.60459441046,116085.32655517259,113578.08442154477,114330.2578125,3351905
2024-11-13,114246.67615376686,115416.72195491135,113745.23224394418,115166.0,3973710
2024-11-14,115249.57410777661,116921.06374792497,113661.6484375,113661.6484375,5446745
2024-11-15,113076.63175313613,113410.93270293751,110820.1191136486,111906.5859375,7548140
2024-11-18,111990.1640625,112491.60797465226,110736.53926478201,111990.1640625,4488910
2024-11-19,111572.27842965671,111655.85741652879,108563.59258429623,108647.1640625,8789220
2024-11-20,108647.17055784375,110652.96875,105889.20649088125,110652.96875,9729345
2024-11-21,110652.97013966498,111154.4140625,109482.92430815815,111154.4140625,3653205
2024-11-22,111070.84107166527,112324.45837041737,110736.54012186389,111906.5859375,3353285
2024-11-25,111990.16492928473,111990.16492928473,111321.56302968194,111906.5859375,2127155
2024-11-26,111488.70799638605,113578.07756641449,111405.13651739899,112993.0546875,4802515
2024-11-27,112993.05543093945,116753.91467480059,112993.05543093945,116085.3203125,11286445
2024-11-28,116503.1953125,117004.64672685297,115583.87147385384,116503.1953125,5454105
2024-11-29,116503.19142880506,121517.67537050003,116168.89049704718,120598.3515625,13324705
2024-12-02,121439.92543398951,122870.6152634569,119167.66625018371,119672.609375,7609320
2024-12-03,119251.82900447254,122786.46136215598,119251.82900447254,122029.0390625,5869255
2024-12-04,122029.03731564461,123123.09341305659,120177.56649048584,120766.671875,6450465
2024-12-05,121187.45133772954,124974.5625,120850.81755417971,124974.5625,5576580
2024-12-06,127835.93616178542,127835.93616178542,124553.77543902164,125816.1484375,5222380
2024-12-09,125563.67364656778,125816.14521537106,122954.77304502376,123712.1953125,5219850
2024-12-10,123796.36071321457,125816.1484375,123712.19848074716,125816.1484375,4136780
2024-12-11,126236.93807948662,127667.62799501218,125984.4665018919,126657.7265625,5539090
2024-12-12,127835.94019896221,127835.94019896221,125563.68082764772,126405.2578125,4770085
2024-12-13,125816.1484375,126994.35920351092,125731.99376609919,125816.1484375,3886770
2024-12-16,125900.30211565622,126741.88662835794,125816.14744491932,126152.78125,3784765
2024-12-17,126321.09711918293,126657.72336044333,124301.30186628808,124553.7734375,6839625
2024-12-18,124553.7776703741,126068.62227125956,124553.7776703741,125142.890625,3361910
2024-12-19,123964.66988545348,125395.35978583155,123880.51521416845,124637.9375,5525980
2024-12-20,124974.5714792255,126741.8876282419,124806.25457535728,125816.1484375,4069735
2024-12-23,125816.14561788901,126152.7794180813,125142.88557857089,126068.6171875,2892020
2024-12-24,126236.92871413702,126910.19628586298,125731.98559640867,126573.5625,2646035
2024-12-25,126741.88622299799,127246.83692900403,126573.56932099597,126910.203125,2890065
2024-12-26,127078.51102701042,127415.1448272027,125479.51181769672,126068.6171875,2568295
2024-12-27,125816.15001504403,126152.78382700135,125142.88995219608,125900.3046875,2945955
2024-12-30,125731.9949242972,126910.2057011614,124974.57263044642,126657.7265625,2279760
2024-12-31,126826.04625543671,129519.10924026016,126489.41243720043,128340.8984375,4143680
2025-01-01,128340.8984375,128340.8984375,128340.8984375,128340.8984375,0
2025-01-02,128340.8895226657,128509.19885902587,126321.09431461415,127920.0859375,3648720
2025-01-03,127330.99241887969,127330.99241887969,125395.359375,125395.359375,4986515
2025-01-06,125479.51122569795,126405.25039132599,124890.40585867401,125647.828125,3987165
2025-01-07,125816.1430599775,127330.98756897873,125816.1430599775,126321.09375,3971295
2025-01-08,126236.94019088805,126236.94019088805,124637.9409042661,124806.2578125,4461885
2025-01-09,124806.25838302508,125563.68069300668,124553.77923898665,125227.046875,1971560
2025-01-10,125227.04489200165,125479.5164709753,123880.51720236435,123964.671875,2903405
2025-01-13,122954.77544669293,124974.57071977093,121776.56468784183,124217.1484375,4012120
2025-01-14,124217.14520165978,124553.77143751491,122113.1953125,122113.1953125,3331780
2025-01-15,122870.62442658278,123291.41291566558,121860.73054057072,122449.8359375,3267035
2025-01-16,122870.62442658278,123291.41291566558,121860.73054057072,122449.8359375,3267035
2025-01-17,123375.56409904442,126321.09856143518,122870.62095085547,125395.359375,4067550
2025-01-20,125395.36053783643,126573.57130929208,124722.09291925226,126236.9375,2550355
2025-01-21,126657.72439655449,127415.14667745277,125395.35896910173,126152.78125,2852345
2025-01-22,125900.30651525549,126741.89105736648,125563.68025947791,125984.46875,3203440
2025-01-23,126321.10935252906,131286.4243929087,126236.94711326355,129855.734375,8116470
2025-01-24,129687.4176456649,130024.05146145432,129098.3046875,129098.3046875,4204055
2025-01-27,129098.3046875,129098.3046875,129098.3046875,129098.3046875,0
2025-01-28,129098.3046875,129098.3046875,129098.3046875,129098.3046875,0
2025-01-29,129098.3046875,129098.3046875,129098.3046875,129098.3046875,0
2025-01-30,129098.3046875,129098.3046875,129098.3046875,129098.3046875,0
2025-01-31,129098.3046875,129098.3046875,129098.3046875,129098.3046875,0
2025-02-03,124553.77838291398,125563.67982999283,122281.51902965351,122449.8359375,14659855
2025-02-04,122870.620597399,123712.19754933739,122281.51521882882,123038.9375,6287855
2025-02-05,123628.0444642797,124132.98761749273,122702.30526863359,123123.09375,5984715
2025-02-06,123712.19471633316,123964.66628391978,122533.98398617377,123291.40625,3940590
2025-02-07,123291.41507157944,123459.73198236917,122702.30966434887,122954.78125,4445785
2025-02-10,122449.83130938368,122449.83130938368,119504.296875,119504.296875,8912040
2025-02-11,119672.61651182201,122365.671875,117905.30034743645,122365.671875,6165610
2025-02-12,122533.98978262623,122618.14445544724,121439.93366955276,122029.0390625,2170510
2025-02-13,122029.03832496879,122029.03832496879,120093.40525111709,120430.0390625,3278420
2025-02-14,121187.46052264016,122029.03748423258,120850.82671357653,121944.8828125,3739455
2025-02-17,122029.03890941643,122029.03890941643,120682.5112185024,120850.828125,2836245
2025-02-18,121019.1424555093,121524.0931642538,120430.03707584066,121103.3046875,1914060
2025-02-19,121103.30626547933,121944.88322995271,120430.03864504729,121187.4609375,3484270
2025-02-20,121355.77667234272,121692.41047931249,120345.8828125,120345.8828125,3893210
2025-02-21,120177.56448093907,120261.7191511482,119083.50840182132,119504.296875,6109490
2025-02-24,119504.30298406821,119504.30298406821,117400.36051062119,118241.9375,8622585
2025-02-25,118157.7653986808,118157.7653986808,116306.29466442509,116979.5546875,7831960
2025-02-26,117063.72527045956,119335.9921875,116895.4083624121,119335.9921875,3821910
2025-02-27,119504.30070604889,119672.61761292952,118410.25215292482,118915.1953125,3934955
2025-02-28,117905.29248089799,118746.86939034183,116979.55334387007,118073.609375,5398560
2025-03-03,118241.9375,118999.35981486768,118073.62058991086,118241.9375,2913985
2025-03-04,117400.35994483848,118326.09160426707,117232.0430355605,117821.1484375,3991995
2025-03-05,117821.14887653987,117905.30355095901,117063.7265625,117063.7265625,3278765
2025-03-06,117400.35573259165,120766.67111416945,117400.35573259165,119167.671875,7379665
2025-03-07,119251.82312959185,120093.40006060898,118746.87243434176,118999.3515625,3397675
2025-03-10,119083.50987967664,119083.50987967664,117147.87683017988,117232.0390625,6121450
2025-03-11,116137.98379388655,116558.77227527309,115296.40683111345,115717.1953125,6652060
2025-03-12,115885.51651299828,116727.09350696758,114370.671875,114370.671875,7112750
2025-03-13,114538.98313067328,116137.98236469152,114538.98313067328,114875.609375,4151730
2025-03-14,114118.19451776217,114707.29989596143,110078.61154108151,110583.5546875,18508100
2025-03-17,110751.87140666462,111172.65988167233,109068.70994556721,109405.34375,7713050
2025-03-18,109489.50598164147,111256.8221133138,109405.34375,109405.34375,6334775
2025-03-19,109489.5087779316,109910.29726368598,103935.08110720033,104860.8203125,20847660
2025-03-20,104860.81906454275,106712.28989204085,104776.65683175345,105197.4453125,9433910
2025-03-21,105197.44158289819,108563.76443165635,105197.44158289819,107722.1875,7388520
2025-03-24,108142.97715454648,108816.23719505883,107133.07575217827,108563.765625,5853730
2025-03-25,109237.03038636807,109321.19262073586,106459.8203125,106459.8203125,6473580
2025-03-26,106459.82395738339,106459.82395738339,103261.81772431925,103514.296875,11194790
2025-03-27,102672.71152937271,106459.82315019945,101915.29676627436,106207.3515625,7434060
2025-03-28,106123.1833235709,106375.66245805715,104355.8671875,104355.8671875,3386520
2025-03-31,103850.92019577808,103850.92019577808,101831.125,101831.125,6217245
2025-04-01,102672.70131143426,102841.01820683874,99979.65366816128,101410.3359375,8997945
2025-04-02,101999.44309255613,102925.18225309951,101662.80929580102,102672.703125,4508230
2025-04-03,96529.18269017062,98969.7589345828,95519.28125,95519.28125,13207635
2025-04-04,88870.80448285452,95855.91448250464,88870.80448285452,95098.4921875,24810675
2025-04-07,95098.4921875,95098.4921875,95098.4921875,95098.4921875,0
2025-04-08,89207.43003739962,90890.59137729502,88450.0078125,88450.0078125,18717860
2025-04-09,82306.4857834846,90890.60290027357,82306.4857834846,88618.3359375,19427295
2025-04-10,94761.8671875,94761.8671875,94761.8671875,94761.8671875,1156210
2025-04-11,98464.81424846496,99727.1796875,96192.54738492193,99727.1796875,22107600
2025-04-14,100989.55268760167,100989.55268760167,95940.07580932825,99727.1796875,10600010
2025-04-15,97707.3887923466,98464.81105563401,95687.59356989135,97623.2265625,8926760
2025-04-16,96360.86513955465,97539.07591748038,90806.4375,90806.4375,20737030
2025-04-17,88365.85568237977,93667.80384767475,88281.69345438486,92068.8046875,9867115
2025-04-18,92994.5420508859,96781.65351950418,92994.5420508859,93920.28125,8608325
2025-04-21,94256.90906148292,94677.69751764319,92573.74767577562,94004.4375,4982145
2025-04-22,93415.33350385475,93583.6428399067,87524.27234898122,92910.3828125,10496395
2025-04-23,94004.43886323547,94004.43886323547,90638.11604300309,92910.3828125,6567420
2025-04-24,93836.12558401383,95687.5964015663,93078.70329831209,94256.9140625,8901115
2025-04-25,94256.91307132435,94593.546875,92742.06851585048,94593.546875,6191715
2025-04-28,94256.91880945636,94593.55263362546,91900.49716240667,92152.96875,4431755
2025-04-29,92237.12158242358,92994.5362679804,91816.32556458152,92068.8046875,3387325
2025-04-30,92068.8046875,92068.8046875,92068.8046875,92068.8046875,0
2025-05-01,92068.8046875,92068.8046875,92068.8046875,92068.8046875,0
2025-05-02,92068.8046875,92068.8046875,92068.8046875,92068.8046875,0
2025-05-05,92152.96132532216,92321.27822384557,89964.85676665056,91395.5390625,8242740
2025-05-06,92152.96132532216,92321.27822384557,89964.85676665056,91395.5390625,8242740
2025-05-07,91395.54205831006,93415.33734573053,91395.54205831006,92321.28125,6539130
2025-05-08,92237.12657851301,93583.6466887045,91648.01363383765,92321.28125,4515820
2025-05-09,92910.38616541451,96445.01844925531,91732.17540413426,96192.546875,14541635
2025-05-12,98464.81087750457,99895.49317164462,98212.33174948793,99558.859375,10022480
2025-05-13,98464.81087750457,99895.49317164462,98212.33174948793,99558.859375,10022480
2025-05-14,100989.55411060751,101242.02568975868,99811.34332647976,100568.765625,9850785
2025-05-15,100989.55160307074,106291.5,100989.55160307074,106291.5,13892345
2025-05-16,106459.81831580625,106796.45212483013,104019.23454198304,105197.4453125,8977245
2025-05-19,99979.66166409719,101410.34404785564,98128.183227641,99474.7109375,11404205
2025-05-20,99979.66166409719,101410.34404785564,98128.183227641,99474.7109375,11404205
2025-05-21,98296.50125525692,100400.45129842416,98296.50125525692,100316.2890625,9097995
2025-05-22,100989.54923020641,100989.54923020641,98464.81087750457,99558.859375,6928060
2025-05-23,98548.97158241457,98969.76007346112,97286.60610927493,98296.5,7303305
2025-05-26,98212.338333681,99138.07755598241,96781.65594362745,98717.2890625,4626910
2025-05-27,98212.338333681,99138.07755598241,96781.65594362745,98717.2890625,4626910
2025-05-28,98801.44107055305,100484.6025601284,98801.44107055305,100147.96875,6322930
2025-05-29,100316.2834821066,100484.60038352488,98885.601161651,99643.0234375,4523640
2025-05-30,100147.96799444647,100147.96799444647,98548.96875,98548.96875,3372950
2025-06-02,98044.02442856769,98548.9675728527,97286.60215107365,97707.390625,3353860
2025-06-03,98044.02442856769,98548.9675728527,97286.60215107365,97707.390625,3353860
2025-06-04,98212.33990001594,99306.39604937218,97875.71363650147,98801.4453125,3908390
2025-06-05,99306.3910365413,99474.70794033565,98044.02559968353,98548.96875,3304295
2025-06-06,98548.97158241457,98717.28849104655,98044.02841758545,98296.5,2648220
2025-06-09,97202.43372433711,98380.64440066287,96781.64527723021,97791.5390625,3512905
2025-06-10,97202.43372433711,98380.64440066287,96781.64527723021,97791.5390625,3512905
2025-06-11,98464.81390469735,98801.44015062481,97370.7578125,97370.7578125,3862850
2025-06-12,98559.24526016247,100341.96960181056,98559.24526016247,100087.296875,6605945
2025-06-13,99832.61105071068,99917.50703965359,98898.80856124553,99323.265625,4776065
2025-06-16,97710.31797919486,101700.23115272242,97625.42961734791,101021.09375,9279465
2025-06-17,97710.31797919486,101700.23115272242,97625.42961734791,101021.09375,9279465
2025-06-18,101021.09704172603,101275.77738953893,100341.96724386115,100851.3203125,5290345
2025-06-19,100851.31715610543,101445.55857075904,98813.91257230262,99323.265625,7540205
2025-06-20,99323.27338330634,99408.16175189332,98219.67882975175,98474.3515625,6215635
2025-06-23,98049.88443142801,98729.02181857199,97200.97032448457,98389.453125,5275395
2025-06-24,98049.88443142801,98729.02181857199,97200.97032448457,98389.453125,5275395
2025-06-25,98729.02814233901,99323.26958065893,98729.02814233901,98898.8125,4912685
2025-06-26,99323.26788611128,101360.6648893091,99323.26788611128,99408.15625,6900805
2025-06-27,100172.17975250894,100426.85246536427,98983.69692320174,99323.265625,4752145
2025-06-30,100087.29602535139,101445.56326845573,99832.61567371571,100341.96875,7887965
2025-07-01,100087.29602535139,101445.56326845573,99832.61567371571,100341.96875,7887965
2025-07-02,101021.09704172603,101445.56174575187,100341.96724386115,100851.3203125,5300810
2025-07-03,100596.63526236845,100766.41961064495,99832.60950861748,100681.53125,4210955
2025-07-04,100596.636750979,101700.23121761378,100002.39533671105,100172.1796875,7249945
2025-07-07,104671.44136156116,105859.9242249847,104416.76864139522,105095.8984375,7340220
2025-07-08,104671.44136156116,105859.9242249847,104416.76864139522,105095.8984375,7340220
2025-07-09,105350.57953801288,106708.8467669223,105265.68354602587,105690.140625,9273830
2025-07-10,105944.820307198,106029.70867166377,103822.52729869723,104246.984375,14028160
2025-07-11,105095.9008816457,106369.27976606331,104841.22815555702,105180.796875,5957230
2025-07-14,107982.21648880902,108576.45791643276,106114.59621514195,107897.328125,6875160
2025-07-15,107982.21648880902,108576.45791643276,106114.59621514195,107897.328125,6875160
2025-07-16,107472.86105057478,108491.56715569772,106963.515625,106963.515625,6440000
2025-07-17,107557.7561990543,107812.42890985172,106199.48902982372,107218.1875,5822450
2025-07-18,107557.76476891109,109595.16187159691,106963.52331171211,107812.4375,9584330
2025-07-21,109730.98563576609,109730.98563576609,107680.8515625,107680.8515625,7563700
2025-07-22,109730.98563576609,109730.98563576609,107680.8515625,107680.8515625,7563700
2025-07-23,107680.85159734612,109535.73480709188,106118.844683876,109438.109375,6889600
2025-07-24,109633.36154125672,110121.48870751342,108657.1072087433,109145.234375,4795100
2025-07-25,109340.48829882988,109438.11373481098,108168.9830670567,108461.859375,6420800
2025-07-28,108168.98219901168,108949.98568059299,107876.10589341869,108657.109375,7611000
2025-07-29,108168.98219901168,108949.98568059299,107876.10589341869,108657.109375,7611000
2025-07-30,108657.108984375,108949.9852889151,103482.9609375,103482.9609375,16059500
2025-07-31,104459.21484743166,105435.46919180018,102799.58246200517,103580.5859375,7488200
2025-08-01,103580.57930438702,104361.58272986779,101335.1944561298,101530.4453125,8944200
2025-08-04,103971.08550510084,104068.7109375,102311.4531543152,104068.7109375,4617800
2025-08-05,103971.08550510084,104068.7109375,102311.4531543152,104068.7109375,4617800
2025-08-06,104459.20826441399,106118.84054525047,102506.699698724,103287.703125,11395000
2025-08-07,103482.95787654909,103678.20874046712,102018.57639716397,102409.078125,11814200
2025-08-08,103092.45833333333,104849.71614583333,102409.08029513889,103678.2109375,9565800
2025-08-11,103385.3259956532,106899.84132695019,102799.57344043703,103873.453125,10278500
2025-08-12,103385.3259956532,106899.84132695019,102799.57344043703,103873.453125,10278500
2025-08-13,104849.71050872093,105630.71393895349,104068.70707848837,104947.3359375,11011800
2025-08-14,105044.9639034253,105240.21476569933,102409.07726272597,102604.328125,21845000
2025-08-15,103287.71185573218,103287.71185573218,101237.5776884634,101335.203125,17905400
2025-08-18,98992.19141791045,100554.19838308457,97625.43532338308,98113.5625,11392300
2025-08-19,98992.19141791045,100554.19838308457,97625.43532338308,98113.5625,11392300
2025-08-20,98211.18880857427,99089.8177342971,97625.43619142572,97918.3125,9153600
2025-08-21,97723.05723835721,97918.30810197032,95184.7960113869,95380.046875,19969500
2025-08-22,95380.04529252704,100456.56766224188,95380.04529252704,99285.0625,12624800
2025-08-25,99577.94360450405,99577.94360450405,96453.9296875,96453.9296875,6736000
2025-08-26,99577.94360450405,99577.94360450405,96453.9296875,96453.9296875,6736000
2025-08-27,96453.92453125,97625.4296875,95575.2956640625,97625.4296875,5812500
2025-08-28,98992.1875892857,102604.32855654761,98796.93672619047,102506.703125,19436400
2025-08-29,102604.33072667464,102604.33072667464,100358.94575358852,102018.578125,6280200
2025-09-01,102018.578125,102018.578125,102018.578125,102018.578125,0
2025-09-02,102018.578125,102018.578125,102018.578125,102018.578125,0
2025-09-03,99577.94013444766,100847.07074400436,97625.43150436046,100749.4453125,9744200
2025-09-04,99577.94013444766,100847.07074400436,97625.43150436046,100749.4453125,9744200
2025-09-05,100847.07078869047,102994.8302827381,100749.44535714286,102506.703125,11033600
2025-09-08,100554.19222276742,101432.82108684986,99480.3125,99480.3125,10600300
2025-09-09,100554.19222276742,101432.82108684986,99480.3125,99480.3125,10600300
2025-09-10,99577.94487634672,100554.19923787953,98601.6905148139,99675.5703125,6460700
2025-09-11,99675.56639081029,100456.5698493083,98699.31206768774,98796.9375,5498500
2025-09-12,98796.94181985295,100456.57424172794,98113.56376378676,99577.9453125,7414200
2025-09-15,99480.3125,101042.31936947988,99089.81078263003,99480.3125,14123100
2025-09-16,99480.3125,101042.31936947988,99089.81078263003,99480.3125,14123100
2025-09-17,100261.31687047101,102311.4509057971,99577.93885869565,101042.3203125,17531600
2025-09-18,101530.45438388626,105240.2209863744,101530.45438388626,102994.8359375,20018000
2025-09-19,103482.958282767,103775.83457979369,100554.1953125,100554.1953125,8198400
2025-09-22,100066.07478686058,100261.32566449349,97234.93706118355,97332.5625,16280200
2025-09-23,100066.07478686058,100261.32566449349,97234.93706118355,97332.5625,16280200
2025-09-24,97625.43048469388,97625.43048469388,95184.79472257652,95672.921875,18291200
2025-09-25,95770.54864164573,97137.3046875,95087.17061871859,97137.3046875,7421100
2025-09-26,97137.3033322704,97137.3033322704,95575.2964445153,95672.921875,8627700
2025-09-29,95477.67403468586,95477.67403468586,93232.2890625,93232.2890625,10430900
2025-09-30,95477.67403468586,95477.67403468586,93232.2890625,93232.2890625,10430900
2025-10-01,93232.29217069893,93525.1684811828,90596.40537634409,90791.65625,12018800
2025-10-02,90986.89758431478,92256.02813001873,89229.63990564775,91182.1484375,7405100
2025-10-03,90694.02689841205,91182.15406148208,89815.398004886,89913.0234375,7933800
2025-10-06,92060.78385962041,93622.7907967932,91279.78039103403,93232.2890625,6580000
2025-10-07,92060.78385962041,93622.7907967932,91279.78039103403,93232.2890625,6580000
2025-10-08,93720.41623036649,94013.29253108638,92939.4127617801,93232.2890625,5997500
2025-10-09,93232.2855489418,94599.04156746031,92256.03125,92256.03125,5132100
2025-10-10,92744.15970010616,92744.15970010616,91279.7782311571,91963.15625,5716300
2025-10-13,92646.53513962767,92646.53513962767,91475.02995345744,91767.90625,7915000
2025-10-14,92646.53513962767,92646.53513962767,91475.02995345744,91767.90625,7915000
2025-10-15,91865.53872429654,92256.04048295454,90205.90625,90205.90625,12659600
2025-10-16,90401.15370396206,90889.28088378906,87374.7651890346,87472.390625,18738600
2025-10-17,87667.640625,89327.27301990535,87472.38975501113,87667.640625,7928500
2025-10-20,86203.25560344827,89620.14568965517,84934.125,84934.125,14580300
2025-10-21,86203.25560344827,89620.14568965517,84934.125,84934.125,14580300
2025-10-22,86886.63877688172,90791.65625,86398.51159274194,90791.65625,19520200
2025-10-23,92939.41404639174,96649.1805734536,92744.16317654638,94696.671875,18311100
2025-10-24,94891.91565789473,94989.54108552632,91767.9019736842,92744.15625,6647600
2025-10-27,96649.17617984694,97332.55419323979,94013.2895567602,95672.921875,12897800
2025-10-28,96649.17617984694,97332.55419323979,94013.2895567602,95672.921875,12897800
2025-10-29,96258.6796263454,99773.1953125,96258.6796263454,99773.1953125,20912700
2025-10-30,99968.44051130777,100749.44395280236,98699.30991887905,99285.0625,9302800
2025-10-31,99675.56771086903,101042.32378134129,99187.44054284324,100261.3203125,9730600
2025-11-03,101335.19794642857,103775.83373511904,101042.3216517857,102506.703125,20963600
2025-11-04,101628.07376119313,102213.82634771298,99285.06341511375,100847.0703125,10620700
2025-11-05,101628.07376119313,102213.82634771298,99285.06341511375,100847.0703125,10620700
2025-11-06,98504.05768930889,99577.93740643712,97039.67625686128,97820.6796875,6751800
2025-11-07,97137.30600247525,99382.69096534654,97137.30600247525,98601.6875,5863600
2025-11-10,98796.93558341997,98796.93558341997,93915.6640625,93915.6640625,10072600
2025-11-11,94501.417078564,95575.29681809313,93818.0390625,93818.0390625,6624200
2025-11-12,94208.5446694831,98211.1875,94208.5446694831,98211.1875,6635300
2025-11-13,98211.18707343277,98308.81250789939,96356.30381856674,96551.5546875,4757400
2025-11-14,96551.5499609375,98504.0585546875,95868.171953125,97625.4296875,4699900
2025-11-17,98211.18576732674,99382.69096534654,98211.18576732674,98601.6875,5585100
2025-11-18,98601.68398437499,98699.3094140625,96453.92453125,97625.4296875,6500100
2025-11-19,97137.3033322704,97137.3033322704,95672.921875,95672.921875,5169300
2025-11-20,96258.67017045454,97332.54985795454,95770.54303977273,96649.171875,4593100
2025-11-21,95672.91775173611,98796.93139260913,95477.66689918155,98406.4296875,7936900
2025-11-24,98308.8068316492,98699.30854696856,97234.92711452096,97820.6796875,5061800
2025-11-25,97332.5625,97918.3151328987,96649.18442828486,97332.5625,4494900
2025-11-26,97430.1752840909,97820.67698863636,96551.54644886364,96649.171875,5830900
2025-11-27,96844.4283919598,97430.1809830402,95770.54864164573,97137.3046875,4780500
2025-11-28,96746.80556449537,97039.68186791967,94794.296875,94794.296875,6210400
2025-12-01,95583.42391304347,96372.55434782608,94794.29347826086,95287.5,3125100
2025-12-02,95484.78260869565,95977.98913043478,94103.80434782608,95287.5,5560800
2025-12-03,95682.0652173913,95682.0652173913,94695.65217391304,95287.5,6475300
2025-12-04,95682.0652173913,95682.0652173913,94695.65217391304,95287.5,6475300
2025-12-05,96175.27449324324,96175.27449324324,94794.29619282745,94892.9375,5062500
2025-12-08,95287.49965641361,95977.98878435865,94202.4453125,94202.4453125,5278600
2025-12-09,94202.44364357585,95682.06317724458,93117.38931888544,95583.421875,9961500
2025-12-10,95780.70548672856,95780.70548672856,94301.0859375,94301.0859375,3894100
2025-12-11,94597.01494140625,95287.5041015625,94301.091015625,94695.65625,5201600
2025-12-12,94695.65635005337,94695.65635005337,92229.62363260405,92426.90625,5519800
2025-12-15,92624.18818296908,93117.3947228145,92229.62295109275,92525.546875,3524800
2025-12-16,92624.18847964963,94103.80810392518,90750.00362223393,93610.6015625,6295300
2025-12-17,93117.39598540147,94991.58086222628,93117.39598540147,94597.015625,4967800
2025-12-18,93117.39598540147,94991.58086222628,93117.39598540147,94597.015625,4967800
2025-12-19,92722.82880724175,93709.24187965921,92328.26357827475,92624.1875,4492600
2025-12-22,92821.4714847919,93018.75410218783,92229.62363260405,92426.90625,6142400
2025-12-23,92722.828125,94597.0129488032,92328.26289893617,92722.828125,6006900
2025-12-24,92821.4721721421,92920.11348157052,91835.0590778579,92328.265625,3901500
2025-12-25,92821.4721721421,92920.11348157052,91835.0590778579,92328.265625,3901500
2025-12-26,91440.49355574325,91736.4174831081,89763.59130067567,91243.2109375,6612400
2025-12-29,91243.20652173914,93610.59782608696,91243.20652173914,93018.75,6300900
2025-12-30,93216.03327396372,95287.5006800518,93018.7506638601,95188.859375,7271200
2025-12-31,95484.78810020877,95682.07072025053,93906.52713987474,94498.375,3082600
2026-01-01,94498.375,94498.375,94498.375,94498.375,0
2026-01-02,94498.375,94498.375,94498.375,94498.375,0
2026-01-05,94399.73134046052,94399.73134046052,91933.69865131579,93709.2421875,7029300
2026-01-06,93413.3172706117,93511.95857712766,92328.26289893617,92722.828125,5397500
2026-01-07,92821.46903044872,96273.91474358975,92722.82772435897,96175.2734375,11427400
2026-01-08,96767.12025582901,96767.12025582901,95188.859375,95188.859375,5576200
2026-01-09,94794.29582424281,98542.66548222536,94695.65451745379,96076.6328125,10048700
2026-01-12,96668.48194095478,98148.1015625,96668.48194095478,98148.1015625,9076600
2026-01-13,98345.38043478261,100318.20652173914,96569.83695652174,97556.25,9411100
2026-01-14,97654.8929891032,99726.36041614479,96471.19731650801,98444.0234375,11900400
2026-01-15,98444.02449238578,100318.20932741117,97063.0461928934,97161.6875,7401400
2026-01-16,98148.10103573123,103869.296875,98148.10103573123,103869.296875,23871100
2026-01-19,107223.09782608696,107223.09782608696,104066.57608695653,104362.5,14710500
2026-01-20,104658.4277212416,105546.19949267533,102586.96025456293,102685.6015625,12213100
2026-01-21,101797.83142857143,105052.99464285714,99726.36392857143,103573.375,14517300
2026-01-22,104066.57608695653,104362.5,102093.75,102093.75,8095100
2026-01-23,102192.3926980198,103178.80575495049,99627.71875,99627.71875,9418000
2026-01-26,98838.58972081219,100219.56802030456,96668.480964467,97161.6875,11183100
2026-01-27,98246.74078721841,101107.33866154504,97753.53425716209,100712.7734375,10585500
2026-01-28,101008.69665071771,104362.50103169857,100910.05534539474,103080.1640625,11949800
2026-01-29,103573.37527980679,105743.48409519321,102291.03825253299,104658.4296875,14247700
2026-01-30,104954.34886363636,104954.34886363636,102488.31623056221,103080.1640625,10833200
2026-02-02,101896.46974622483,102882.8828125,100219.56753355704,102882.8828125,9331400
2026-02-03,103474.73340501684,103967.93995127527,101501.90721998316,102488.3203125,9097000
2026-02-04,101699.18787567467,102093.75310506624,100120.92695810844,100515.4921875,11639700
2026-02-05,99824.99930555555,100515.48843118687,97654.890625,97654.890625,18088600
2026-02-06,96668.47928406762,98641.30539190574,95386.14231397286,96273.9140625,9766800
2026-02-09,97457.60801767677,98049.45583964647,96569.83628472223,97654.890625,5108600
2026-02-10,98542.66269651073,98542.66269651073,95977.98879249745,96471.1953125,6113500
2026-02-11,96865.76289934077,98148.09988273327,96076.63244802231,97260.328125,5507500
2026-02-12,97654.89198507085,97852.1745951417,97063.04415485829,97457.609375,4125200
2026-02-13,96767.12164135513,97161.68686721183,94991.578125,94991.578125,18508400
2026-02-16,94991.578125,94991.578125,94991.578125,94991.578125,0
2026-02-17,94991.578125,94991.578125,94991.578125,94991.578125,0
2026-02-18,94991.578125,94991.578125,94991.578125,94991.578125,0
2026-02-19,94991.578125,94991.578125,94991.578125,94991.578125,0
2026-02-20,94991.578125,94991.578125,94991.578125,94991.578125,0
2026-02-23,95484.78121693121,95484.78121693121,91835.05300925925,93216.03125,22660400
2026-02-24,92722.83057432433,92722.83057432433,91243.2109375,91243.2109375,28539000
2026-02-25,90947.28682659933,91243.210753367,87790.76494107745,87889.40625,47733100
2026-02-26,88777.17627762431,90947.28503107735,88678.53497064917,89270.3828125,17525500
2026-02-27,89763.58862015608,92229.62127455598,89073.09947692411,91637.7734375,18705600
2026-03-02,88875.81590053014,90256.79417201452,88086.68545968192,88382.609375,17245400
2026-03-03,88875.81590053014,90256.79417201452,88086.68545968192,88382.609375,17245400
2026-03-04,85719.29347826086,85817.93478260869,83055.97826086957,83943.75,23755700
2026-03-05,85324.73313462677,85620.65706457346,83253.265625,83253.265625,15906800
2026-03-06,83253.26122089461,83450.5438304228,80392.6633827359,80491.3046875,23713900
2026-03-09,74967.39130434782,75657.88043478261,74868.75,74868.75,17633000
2026-03-10,75361.95554245282,78518.47724056603,75361.95554245282,78419.8359375,21099200
2026-03-11,78913.04551122195,79899.45858011223,77236.14329410848,79110.328125,10652800
2026-03-12,77729.35127091377,78123.91650579151,76447.01425756112,76644.296875,12722400
2026-03-13,76052.44599228897,77433.42425933441,75263.31555397727,75953.8046875,9026000
2026-03-16,76052.44565217392,78222.55434782608,76052.44565217392,77137.5,8662000
2026-03-17,78321.1953125,80195.38008698048,78025.27140073993,78321.1953125,9218800
2026-03-18,78913.04866412214,79110.33128578245,77038.86375834924,77532.0703125,6352700
2026-03-19,76644.2951965332,76742.93650309245,75559.24082438152,75756.5234375,11602900
2026-03-20,75460.59887106234,75460.59887106234,72600.00100536193,73586.4140625,21423700
2026-03-23,72698.64472896716,75066.03614483585,70627.17724008208,72106.796875,13156200
2026-03-24,74474.18818385279,74868.75341926393,73093.2098599138,74375.546875,5189700
2026-03-25,75164.6742491883,75953.8046875,74572.82642045454,75953.8046875,7429300
2026-03-26,75953.80822523584,75953.80822523584,73191.8515625,73191.8515625,9743400
2026-03-27,73487.77040900131,75263.31385512484,72994.56389618923,75066.03125,9080300
2026-03-30,73389.13555743243,74178.2660472973,72501.36375633445,72994.5703125,7814800
2026-03-31,73882.33729710508,74474.18512592035,73389.13077309237,73685.0546875,5639200
2026-04-01,74868.75410856574,75263.31934760956,73980.98232071713,74276.90625,8534000
2026-04-02,74178.26121151271,74178.26121151271,73191.84816348729,73685.0546875,5224400
2026-04-03,73685.05949113176,74474.18998099663,72895.9290012669,72994.5703125,6333100
2026-04-06,72994.56317658999,73487.76968453992,72501.35666864004,72895.921875,4593000
2026-04-07,73487.77686866555,73487.77686866555,72797.28769003379,72994.5703125,4713000
2026-04-08,74967.39293615677,78025.2734375,74079.62117770228,78025.2734375,14610000
2026-04-09,78025.27105284164,78123.91235632185,77038.8580180396,77236.140625,6272100
2026-04-10,77532.0686534749,77926.63388835263,76249.73164012226,76644.296875,6099800
2026-04-13,75855.16235608552,75953.80365953948,74868.74932154606,74967.390625,9559100
2026-04-14,75953.80228838582,76151.08489173229,74967.38927165353,75164.671875,7092500
2026-04-15,75855.16060877164,75953.8019099534,73980.97588631824,74079.6171875,10047800
2026-04-16,74572.83059210527,74572.83059210527,72994.56962719299,73093.2109375,11316400
2026-04-17,73980.97759046053,76940.21669407895,73882.33628700658,74967.390625,12349600
2026-04-20,75263.31622846228,75953.80536817295,75066.03361711638,75855.1640625,6876800
2026-04-21,75953.8019099534,76348.36711468043,74079.6171875,74079.6171875,7119000
2026-04-22,74474.18581392427,74474.18581392427,73093.20753393097,73586.4140625,8145000
2026-04-23,73980.9813467362,74967.39443135935,73093.20957057537,73290.4921875,7968500
2026-04-24,72994.56658719346,73093.20789339238,72205.43613760218,72402.71875,10459800
2026-04-27,72402.71875,72402.71875,72402.71875,72402.71875,0
2026-04-28,72402.71973706318,73389.1328125,71909.51319934476,73389.1328125,9503800
2026-04-29,72402.72003311258,74474.1875,72402.72003311258,74474.1875,9163000
2026-04-30,74474.1875,74474.1875,74474.1875,74474.1875,0
2026-05-01,74474.1875,74474.1875,74474.1875,74474.1875,0
2026-05-04,73882.33626611262,74079.61887296473,72599.99932157395,72698.640625,8285900
2026-05-05,72698.64433672611,73487.77480442463,71810.87256056527,73290.4921875,6841400
2026-05-06,73191.84988915415,73191.84988915415,72008.15420361528,72304.078125,9455600
2026-05-07,72895.92803938357,73290.49327910959,72008.15625,72008.15625,10186100
2026-05-08,72205.43858657859,72304.07989612309,70923.1015625,70923.1015625,13444300
2026-05-11,70725.81626116071,70725.81626116071,69048.9140625,69048.9140625,16909100
2026-05-12,69147.55906958216,70528.53742475212,69048.91775849859,69640.765625,8533300
2026-05-13,69640.76493988684,70528.53673090522,69048.91707920792,69739.40625,11517600
2026-05-14,70133.96543048037,74276.9000972598,70035.3241288904,72895.921875,21565500
2026-05-15,73191.85266632373,73191.85266632373,71712.23300325789,71909.515625,6386100
2026-05-18,71909.50987775368,74276.90114944927,71021.73815086782,73882.3359375,18323700
2026-05-19,73980.97997063758,74770.11042365772,73290.49082424496,73487.7734375,11279900
2026-05-20,73783.69892213642,77433.42734475547,71810.87274774775,76644.296875,25976600
2026-05-21,76644.29727328432,76841.57989174836,74671.47108864378,75460.6015625,11809100
2026-05-22,75756.51930758989,76545.64971704394,74079.6171875,74079.6171875,11668800
2026-05-25,73586.4137329932,74572.8267857143,72501.359375,72501.359375,10441000
2026-05-26,72600.00167785234,73586.41474412751,72600.00167785234,73487.7734375,5104800
2026-05-27,73487.77173913043,74276.90217391304,72106.79347826086,72600.0,9176300
2026-05-28,72800.0,73100.0,71200.0,71200.0,10646900
2026-05-29,71200.0,72500.0,70800.0,71600.0,5446700
2026-06-01,72200.0,73400.0,72100.0,72900.0,5972700
2026-06-02,73000.0,75600.0,73000.0,74800.0,17368000
