Date,Open,High,Low,Close,Volume
2021-06-03,41906.86055694034,42104.06913055966,41561.74555310653,42005.46484375,582336
2021-06-04,41906.863471752054,41956.16561858607,41315.237709743844,41758.95703125,697278
2021-06-07,41709.65884760402,41758.96099912265,39934.77787812954,40772.91796875,6773125
2021-06-08,40772.91796875,40772.91796875,40772.91796875,40772.91796875,0
2021-06-09,39737.57122927969,40477.1070532878,38948.7367661285,40279.8984375,6526561
2021-06-10,40279.899595521296,40674.31683843613,39934.78099316684,40378.50390625,4042303
2021-06-11,40181.28907631797,41364.5406222364,40082.68478082476,41167.33203125,4306387
2021-06-14,41167.33183870198,41709.65546137804,40920.821101121954,41315.23828125,4649497
2021-06-15,41315.238669123166,41660.35370497519,41019.42578125,41019.42578125,3246216
2021-06-16,41019.43106057419,41709.66122111294,40772.92028895321,40970.12890625,4493273
2021-06-17,40477.1025390078,40970.1240234922,40477.1025390078,40723.61328125,4081541
2021-06-18,40970.12324863796,41512.44687131402,40772.91465857394,41315.23828125,3069186
2021-06-21,41216.6404878877,42547.7986808018,41019.43186671524,42202.68359375,7078091
2021-06-22,42449.193202558665,42695.70397224343,42104.078125,42104.078125,3212635
2021-06-23,42054.775017526365,42202.68147598364,41463.14918369727,41857.56640625,2919897
2021-06-24,41561.74844391393,41857.56132491803,41364.53985657786,41758.95703125,3025567
2021-06-25,41758.95412672585,42104.06913055966,41512.44340970169,42005.46484375,2743780
2021-06-28,42449.1929897592,42449.1929897592,42104.0779139306,42251.984375,3392402
2021-06-29,42695.69921854601,43878.954296094285,42547.79277320291,43681.7421875,8938729
2021-06-30,43878.95469122012,43928.25684011178,43385.9296875,43385.9296875,3013340
2021-07-01,43435.2316396002,43829.65234375,43385.92949093191,43829.65234375,3102767
2021-07-02,44026.859033827415,45604.5277229629,43829.650447685475,45308.71484375,7069331
2021-07-05,45308.71484375,45308.71484375,45308.71484375,45308.71484375,0
2021-07-06,45308.71484375,45308.71484375,45308.71484375,45308.71484375,0
2021-07-07,45308.71484375,45308.71484375,45308.71484375,45308.71484375,0
2021-07-08,45308.71484375,45308.71484375,45308.71484375,45308.71484375,0
2021-07-09,44174.76816296281,45358.01975185531,43780.35096666531,44224.0703125,5378422
2021-07-12,44224.0703125,44224.0703125,44224.0703125,44224.0703125,0
2021-07-13,42843.60800510815,43040.81660967555,41906.867133413,42892.91015625,4028615
2021-07-14,42892.91015625,42892.91015625,42892.91015625,42892.91015625,0
2021-07-15,41758.963047441335,42695.70397224343,41758.963047441335,42104.078125,4954280
2021-07-16,42104.078125,42104.078125,42104.078125,42104.078125,0
2021-07-19,42005.467765420086,42597.0935274283,41660.35273758196,41758.95703125,6002224
2021-07-20,41808.26169154008,42794.3046875,41364.542343358116,42794.3046875,4660630
2021-07-21,42794.30351564587,43336.627148573156,42449.188476510324,42695.69921875,6148958
2021-07-22,42498.491755397285,44174.768362018694,42498.491755397285,44076.1640625,8113442
2021-07-23,44076.15690941049,45801.73187094529,43731.03840230053,44618.48046875,12329490
2021-07-26,44519.883167331755,46294.760548980485,44470.58101784151,46196.15625,10536196
2021-07-27,46541.27822571697,46787.78900986987,45604.537245935935,45949.65234375,9138025
2021-07-28,45752.436725629195,46196.15606930579,45210.1130833578,45358.01953125,6107894
2021-07-29,45358.012208765416,46294.752894190926,45210.105784750864,46048.2421875,6776228
2021-07-30,46097.55175360448,46738.47969423283,45752.436708650755,46344.0625,8259993
2021-08-02,46344.06018223561,47625.91951418736,46344.06018223561,47132.89453125,7803731
2021-08-03,47231.5,47330.104296080084,46689.17637155956,47231.5,6583320
2021-08-04,47231.5,47231.5,47231.5,47231.5,0
2021-08-05,46935.69596986913,47823.13831687908,46787.78949783482,47625.9296875,4536344
2021-08-06,47724.53400218954,47921.74263156862,47231.50891393774,47625.9296875,6230538
2021-08-09,47823.129881756126,48168.24492229755,47280.80273181612,48069.640625,5355609
2021-08-10,48069.640625,48069.640625,48069.640625,48069.640625,0
2021-08-11,48168.24810149877,48217.55025340159,47379.41015625,47379.41015625,8912084
2021-08-12,47231.50398142015,47330.108285812166,46048.25232871597,46245.4609375,15329324
2021-08-13,45900.345062302884,46837.0859375,45851.04291097672,46837.0859375,6604308
2021-08-16,47335.353446875924,47435.00673281389,47036.393589062034,47136.046875,3480005
2021-08-17,47136.046875,47136.046875,47136.046875,47136.046875,0
2021-08-18,46737.43265385924,47285.52571388343,46737.43265385924,46837.0859375,3560672
2021-08-19,47335.348030085515,47335.348030085515,46737.42838288029,47086.21484375,4967056
2021-08-20,47086.22091144494,47185.87419882082,45392.11502605506,46239.16796875,7937689
2021-08-23,46089.68475839136,46089.68475839136,45342.28515625,45342.28515625,6271966
2021-08-24,45591.41999476917,45840.553204432705,44794.193723845856,45790.7265625,5623891
2021-08-25,46039.85977216353,46039.85977216353,45342.286785105636,45790.7265625,2452867
2021-08-26,45840.553604203444,46288.993385508606,45441.94046526552,45541.59375,3209715
2021-08-27,45342.28825205265,45840.5546875,45142.98167787371,45840.5546875,3460659
2021-08-30,46338.81623127905,46338.81623127905,45890.37648671512,45940.203125,2728084
2021-08-31,45990.02883147466,46438.468566952695,45840.54891964865,46039.85546875,3563410
2021-09-01,45890.37555692399,46338.815292402025,45890.37555692399,46039.85546875,2469840
2021-09-02,46039.85546875,46039.85546875,46039.85546875,46039.85546875,0
2021-09-03,46039.85546875,46039.85546875,46039.85546875,46039.85546875,0
2021-09-06,46039.85364861266,47285.51953125,45990.02701330717,47285.51953125,5702551
2021-09-07,47484.83268540196,47484.83268540196,46587.953125,46587.953125,4180459
2021-09-08,46587.953125,46587.953125,46587.953125,46587.953125,0
2021-09-09,46388.64601458701,46787.25914789094,46239.16608959804,46438.47265625,2543572
2021-09-10,46538.12648275545,47036.39290520098,46538.12648275545,46587.953125,2628254
2021-09-13,46637.77623708813,46837.08279098022,46288.98976777698,46338.81640625,2920080
2021-09-14,46488.29649421023,47185.869435421584,46338.81657823637,46737.4296875,4604966
2021-09-15,46737.430238513836,47036.390073986164,46488.2970422869,46886.91015625,3084517
2021-09-16,47036.39117252273,47335.35101497728,46936.73789170455,47185.87109375,3512673
2021-09-17,47584.48733764648,48331.89054499315,47534.66069396973,47684.140625,6069568
2021-09-20,47833.612889807846,47933.26616119008,46886.90681167665,47036.38671875,4610258
2021-09-21,47036.38671875,47036.38671875,47036.38671875,47036.38671875,0
2021-09-22,47036.38671875,47036.38671875,47036.38671875,47036.38671875,0
2021-09-23,46438.47508176547,46737.43494735831,46338.82179323453,46388.6484375,2544484
2021-09-24,46438.465199561295,46438.465199561295,46189.33203125,46189.33203125,264449745
2021-09-27,46288.992033545626,46587.95187901734,45890.37890625,45890.37890625,2821709
2021-09-28,45691.070106100706,46338.81640625,45591.41682915467,46338.81640625,2543207
2021-09-29,46338.819372924016,46538.125939575984,45990.03288128308,46438.47265625,2148813
2021-09-30,46587.94959861511,46787.2561525072,46338.81640625,46338.81640625,1819392
2021-10-01,46288.98828125,46388.641554995775,46089.68173375845,46288.98828125,1926157
2021-10-04,46338.82058749629,47435.00673281389,46039.8607296824,47136.046875,415709889
2021-10-05,47335.34653289669,47833.612889807846,47036.38671875,47036.38671875,2541929
2021-10-06,47036.38671875,47036.38671875,47036.38671875,47036.38671875,0
2021-10-07,47285.52626062905,47335.35290302556,46886.913121456986,46986.56640625,2732099
2021-10-08,46986.56640625,46986.56640625,46986.56640625,46986.56640625,0
2021-10-11,46986.56640625,46986.56640625,46986.56640625,46986.56640625,0
2021-10-12,49428.07515923528,49428.07515923528,49079.28866441181,49328.421875,2053728
2021-10-13,49328.412220537335,50574.078029678974,49079.27905870901,49527.71875,5899474
2021-10-14,49527.71875,49527.71875,49527.71875,49527.71875,0
2021-10-15,49527.72302709286,49876.50948377286,49029.456660407144,49278.58984375,3107147
2021-10-18,49278.58984375,49278.58984375,49278.58984375,49278.58984375,0
2021-10-19,49328.41984150442,49577.553041822444,49129.11328125,49129.11328125,2800174
2021-10-20,49178.94070569144,49577.55383255795,48132.58124766687,48630.84765625,4103807
2021-10-21,49029.46309070821,49079.28973391164,48182.41015625,48182.41015625,4167684
2021-10-22,48331.89013573401,48531.19670875337,47883.44679424516,47933.2734375,3692806
2021-10-25,47933.2734375,47933.2734375,47933.2734375,47933.2734375,0
2021-10-26,47933.2734375,47933.2734375,47933.2734375,47933.2734375,0
2021-10-27,47933.2734375,47933.2734375,47933.2734375,47933.2734375,0
2021-10-28,48929.80953586012,49029.46282172025,48431.5431065595,48830.15625,3001659
2021-10-29,48830.151613943366,48830.151613943366,48282.05859375,48282.05859375,4348546
2021-11-01,48282.05859375,48282.05859375,48282.05859375,48282.05859375,0
2021-11-02,47584.47972472842,47883.43953895916,47584.47972472842,48331.8828125,3849212
2021-11-03,47933.275864527735,48182.41264561188,47435.009406750374,47883.44921875,4891316
2021-11-04,47883.44382766788,48232.23386103806,47684.137266996375,47833.6171875,3214460
2021-11-05,47933.271132038506,48730.50093796662,47833.617850321876,48630.84765625,3960175
2021-11-08,48630.84076760056,49079.28047180305,48481.36086619973,48531.1875,3080501
2021-11-09,48581.0184476672,48630.84508589195,47833.615322100995,48032.921875,3368859
2021-11-10,48032.91944607452,48331.8828125,47783.786267548916,48331.8828125,2906209
2021-11-11,48331.88714137381,48830.15354305255,47733.96390716425,47833.6171875,3873121
2021-11-12,47933.273125063606,48929.80953586012,47783.793196273415,48830.15625,4088659
2021-11-15,49079.28291663809,49079.28291663809,48481.36328125,48481.36328125,3483837
2021-11-16,48481.36255093242,49577.5485326311,48232.22937327363,48979.62890625,6398990
2021-11-17,48979.62890625,49029.45554178176,48830.148999654724,48979.62890625,2164874
2021-11-18,48979.63342863224,49178.93998916162,48082.75390625,48082.75390625,3659225
2021-11-19,48581.01770129828,48730.49761367602,47385.17485008151,47484.828125,4528496
2021-11-22,47584.484767427144,47833.617972354295,47335.3515625,47335.3515625,3048016
2021-11-23,47335.35221234323,48132.58203125,47285.52557067375,48132.58203125,2100267
2021-11-24,48182.404569636004,49029.457405880836,48032.92110516264,48780.32421875,4463342
2021-11-25,49079.28403252175,50723.5630672239,48979.63075769132,49826.68359375,10014779
2021-11-26,49876.50948377286,50225.29594045287,49228.76320708143,49278.58984375,3643164
2021-11-29,48581.02839071357,49278.6014686319,48581.02839071357,48879.98828125,3637324
2021-11-30,48879.98125636806,49079.28782141528,48331.8882024882,48381.71484375,4677785
2021-12-01,48581.02209995521,49129.11516163274,48182.40896418973,48929.80859375,2290255
2021-12-02,48630.84953990314,48979.63603942112,48431.54296875,48431.54296875,1739090
2021-12-03,48730.50066040886,48730.50066040886,47584.484375,47584.484375,3667802
2021-12-06,47584.48121642102,48082.751141286906,46936.7349319487,47086.21484375,4368804
2021-12-07,47335.35078582126,47833.6171875,47086.21758498189,47833.6171875,2648147
2021-12-08,48082.75583134051,48082.75583134051,47335.352647236454,47634.3125,1943313
2021-12-09,47385.173181907936,48331.8828125,47385.173181907936,48331.8828125,1812457
2021-12-10,48032.928621338135,48331.89204487169,47534.66216910791,47733.96875,2117058
2021-12-13,48082.753940534436,48082.753940534436,47634.310626828505,47833.6171875,1642910
2021-12-14,47833.62055603027,48032.9271307373,47534.66069396973,47684.140625,2088769
2021-12-15,47684.139683364374,47983.09953952125,47634.313040671565,47783.79296875,1475370
2021-12-16,48581.02073868533,48581.02073868533,47584.484375,47584.484375,2272187
2021-12-17,47634.30876920198,48331.885256543435,47584.48213097723,48032.921875,2102640
2021-12-20,48082.75881875658,48082.75881875658,47584.488814330936,47733.96875,1861185
2021-12-21,47684.137106249524,47783.79038624933,47385.177266250095,47435.00390625,2030003
2021-12-22,47335.3515625,47534.65812644172,47136.044998558275,47335.3515625,3048746
2021-12-23,47335.352206183845,47335.352206183845,46338.819372924016,46438.47265625,3522894
2021-12-24,46587.94977152614,47086.21615810567,46239.16330092046,46737.4296875,2165786
2021-12-27,46936.7349319487,47335.348030085515,46488.29519654477,47086.21484375,1448542
2021-12-28,47086.21484375,47285.52139281841,46886.90829468159,47086.21484375,1035350
2021-12-29,47235.70097594431,47235.70097594431,46637.78125,46637.78125,1664810
2021-12-30,46687.60789382869,46986.56775680085,46587.954606171304,46637.78125,1479750
2021-12-31,46737.42951403418,47036.38934487231,46338.81640625,46338.81640625,2933585
2022-01-03,46338.81640625,46338.81640625,46338.81640625,46338.81640625,0
2022-01-04,46538.12648275545,46936.73962071187,46488.29984051089,46587.953125,3531471
2022-01-05,46687.60789382869,46936.74111297215,46587.954606171304,46637.78125,2178744
2022-01-06,46637.77976724455,46837.08633622277,46587.953125,46587.953125,2176189
2022-01-07,46388.64507802893,46687.60492197106,46388.64507802893,46538.125,1855710
2022-01-10,46438.47441003682,46587.95434067103,45790.72804395526,45840.5546875,3435474
2022-01-11,45840.55275485079,45940.20603773885,44395.580152973875,44594.88671875,4579597
2022-01-12,44395.573859347576,45142.97337505484,44096.61050087002,44644.70703125,3176864
2022-01-13,45292.45921530657,46189.33875172172,44744.36616527509,45890.37890625,3306625
2022-01-14,45691.07611133721,45890.38269142441,45292.46295116279,45491.76953125,1253261
2022-01-17,45093.153534563055,45491.766669663346,44345.75390625,44345.75390625,2862408
2022-01-18,43996.9579579049,44644.70776773146,43847.47805229755,43897.3046875,2208127
2022-01-19,43897.31155774864,44445.4081829514,43847.484914747954,43996.96484375,1359479
2022-01-20,44046.791438520246,45342.287707314696,43996.964795574124,44246.1015625,2435711
2022-01-21,44345.74945982732,44744.36255495981,43947.1328125,43947.1328125,1535232
2022-01-24,43947.13665882152,44096.616582578914,42352.6841387426,42502.1640625,3694266
2022-01-25,42452.33572091201,43598.34842381769,41854.41604983078,43100.08203125,2176554
2022-01-26,43349.22351912323,43349.22351912323,42601.82378731339,42850.95703125,1667365
2022-01-27,42850.94773172393,43199.734197541446,42551.98790388035,42801.12109375,1313305
2022-01-28,42850.950716013744,44594.88671875,42801.124074569714,44594.88671875,2833025
2022-01-31,44594.88671875,44594.88671875,44594.88671875,44594.88671875,0
2022-02-01,44594.88671875,44594.88671875,44594.88671875,44594.88671875,0
2022-02-02,44594.88671875,44594.88671875,44594.88671875,44594.88671875,0
2022-02-03,44594.88671875,44594.88671875,44594.88671875,44594.88671875,0
2022-02-04,44594.88671875,44594.88671875,44594.88671875,44594.88671875,0
2022-02-07,44844.01992597016,44893.84656741419,44345.753511529845,44594.88671875,946105
2022-02-08,44594.88354561504,45740.89621728359,44594.88354561504,45142.9765625,1542349
2022-02-09,45691.06713356437,45691.06713356437,45142.97414601856,45192.80078125,2085484
2022-02-10,45541.59482623159,45840.5546875,44943.67510369477,45840.5546875,1779241
2022-02-11,45740.90329120885,46039.86316483541,45541.59670879115,45641.25,1170952
2022-02-14,45342.28515625,45641.24499710654,45043.32531539346,45342.28515625,1412771
2022-02-15,45342.28515625,45342.28515625,45342.28515625,45342.28515625,0
2022-02-16,45691.07611133721,46089.68927151162,45491.76953125,45491.76953125,1120945
2022-02-17,45790.72817555856,46239.16796875,45342.28838236712,46239.16796875,1558045
2022-02-18,45990.02976328488,46089.683039854644,45691.06993357559,45940.203125,1129340
2022-02-21,45940.20677582081,46837.08633622277,45840.553491331695,46587.953125,2529519
2022-02-22,46338.81491812289,46488.29482874155,45840.548549394014,46288.98828125,2113772
2022-02-23,46139.50985235791,46787.2561525072,46139.50985235791,46338.81640625,1777233
2022-02-24,46338.82112294735,46587.95434067103,44844.021816605295,45840.5546875,2463087
2022-02-25,46039.85397941351,46538.12033604853,45890.374072422994,45990.02734375,1934370
2022-02-28,45990.03821310394,46587.957982379216,45990.03821310394,46488.3046875,2745970
2022-03-01,46837.08484394213,46837.08484394213,46089.6852340868,46538.125,2011022
2022-03-02,46338.82179323453,46538.12837029642,46189.34186043811,46388.6484375,1987296
2022-03-03,46438.471718685956,46837.08484394213,46438.471718685956,46538.125,1747667
2022-03-04,46488.29984051089,46737.43305173366,46338.81991377723,46587.953125,2452502
2022-03-07,46388.64321689432,46787.256326157956,45940.203468972744,46737.4296875,3098934
2022-03-08,46737.428933954,47534.655139627605,46139.509279698796,47235.6953125,4065298
2022-03-09,47136.04460982939,48082.75433294021,47136.04460982939,47584.484375,4022410
2022-03-10,47983.09980547269,47983.09980547269,47136.046875,47136.046875,1421166
2022-03-11,47086.21899786889,47136.04563953188,46189.339447935046,46438.47265625,2078731
2022-03-14,46338.818121306,46338.818121306,45093.15211337683,45740.8984375,3546072
2022-03-15,45740.89827739206,45740.89827739206,44744.36547453691,45342.28515625,3416493
2022-03-16,45392.11677197787,45990.036519230984,45093.156898351306,45641.25,2079826
2022-03-17,45740.90140041053,46189.34119231314,45591.421469776324,45840.5546875,2154654
2022-03-18,46338.816374043774,48132.57891002082,46338.816374043774,47385.17578125,5137698
2022-03-21,47435.00148754075,47833.61458721472,47335.34821262226,47484.828125,2848355
2022-03-22,47833.615322100995,48331.885256543435,47534.655492752485,48032.921875,3794643
2022-03-23,48082.75390625,48581.02030757347,47833.61715339321,48082.75390625,3605933
2022-03-24,47833.6171875,48431.54042170956,47484.83070632488,47833.6171875,3328343
2022-03-25,47883.44719970703,48082.75732660937,47634.31398132324,47684.140625,2241343
2022-03-28,47584.491870063146,49178.948171786426,47435.011924794926,48879.98828125,6390595
2022-03-29,49129.11709863764,52268.19921875,49129.11709863764,52268.19921875,15009758
2022-03-30,52716.63578074195,53464.03539392735,52068.8894493146,52816.2890625,5166169
2022-03-31,52567.151233812765,55108.309695099364,52118.711505350424,53314.55078125,6337121
2022-04-01,53264.72881817905,55307.62109375,52866.11569123838,55307.62109375,7879288
2022-04-04,56553.29286234776,56553.29286234776,54460.5703125,54460.5703125,4905369
2022-04-05,54360.91257622181,55606.578544267,54311.0859375,54311.0859375,3401710
2022-04-06,54012.12726728689,56802.422647938714,54012.12726728689,56304.15625,7626883
2022-04-07,56652.939359824195,58247.39173841773,55855.71317052742,56453.6328125,7145435
2022-04-08,56453.639431763026,56752.599287802754,54061.95703125,54061.95703125,7427405
2022-04-11,54061.95703125,54061.95703125,54061.95703125,54061.95703125,0
2022-04-12,54311.08998551536,55556.756046404866,53115.25056706144,54709.703125,5770990
2022-04-13,54809.35717917256,57350.51953125,54709.703892902675,57350.51953125,6064276
2022-04-14,57400.34112003511,59243.926753692314,57400.34112003511,58097.9140625,6441331
2022-04-15,57350.51804809636,58745.66401979465,56802.424987786326,57300.69140625,5696711
2022-04-18,57300.687121895775,59094.4460942462,56802.42074068732,57549.8203125,6125050
2022-04-19,58048.08944677974,58297.22264919971,55805.890625,55805.890625,8634311
2022-04-20,55805.890625,56304.15702983994,54610.04770118905,55805.890625,6013539
2022-04-21,55407.273948932954,57749.12960387578,55407.273948932954,55805.890625,7425215
2022-04-22,56055.02576179331,56752.59875264141,52816.290466374776,55357.44921875,10419027
2022-04-25,54859.18146769976,55257.794595670464,51520.79296875,51520.79296875,8405997
2022-04-26,49926.342369926104,52318.02478158904,48331.88979694765,51969.23828125,9912576
2022-04-27,51072.355067159166,51819.75470943166,50075.82221079583,51321.48828125,4616828
2022-04-28,51271.66383527415,53214.90654064022,51072.35725546177,52567.16015625,4618106
2022-04-29,52318.01953125,53364.378927260426,51919.40642800793,52318.01953125,7284687
2022-05-02,52318.01953125,52318.01953125,52318.01953125,52318.01953125,0
2022-05-03,52318.01953125,52318.01953125,52318.01953125,52318.01953125,0
2022-05-04,52268.1932718142,52766.45965447468,51869.57661349088,52068.88671875,2917159
2022-05-05,52118.71242512486,52567.15216150112,50773.38966380121,52168.5390625,4005802
2022-05-06,50972.70327994079,51819.75623274999,49926.34375,49926.34375,4436514
2022-05-09,48979.635087971554,49328.42158071422,46837.0859375,46837.0859375,8211082
2022-05-10,46837.08891221595,49228.771423689876,45840.556012516565,49029.46484375,5140618
2022-05-11,48830.151730581776,50773.390625,48232.23207076079,50773.390625,3043635
2022-05-12,49477.901810903706,50773.39450621238,47335.352647236454,47634.3125,4729617
2022-05-13,47883.44734571731,49328.423568944716,46388.64803085654,46637.78125,7489457
2022-05-16,48581.0217999538,48581.0217999538,46438.47265625,46438.47265625,3177229
2022-05-17,46338.8149033836,49677.203125,46089.68171909841,49677.203125,3733687
2022-05-18,49677.20862879784,49876.51519830741,48581.022496495214,48680.67578125,3530376
2022-05-19,47385.173181907936,48680.669262435855,47385.173181907936,48331.8828125,2242256
2022-05-20,48680.66889565942,49278.58851961596,48331.88244835144,48581.015625,2574050
2022-05-23,48929.80678849989,48929.80678849989,47883.443793525556,48082.75390625,2074899
2022-05-24,48082.75568024836,48929.80859375,47833.61891819975,48929.80859375,2527146
2022-05-25,49577.550894265885,52318.01953125,49178.93779102382,52318.01953125,6881898
2022-05-26,52417.67391292416,53364.38005309688,52118.71407918541,52616.98046875,2603251
2022-05-27,52616.98263265238,55805.89120920633,52567.155991646774,55706.234375,7078273
2022-05-30,55357.44438055275,56005.19422477979,54410.73826142884,55457.09765625,4556967
2022-05-31,55457.09635096207,55457.09635096207,53563.684157279306,54759.5234375,3936632
2022-06-01,54759.52819589347,56254.330978256796,54709.70155488786,55706.234375,3716714
2022-06-02,55706.234375,55706.234375,55706.234375,55706.234375,0
2022-06-03,55556.75234490863,56802.421875,55257.7925102135,56802.421875,3204605
2022-06-06,56802.422647938714,57798.955443816136,55805.88985206129,56304.15625,4668842
2022-06-07,56154.68731946271,57599.66015625,54111.791135947016,57599.66015625,7132295
2022-06-08,57948.43775025277,58596.18409425554,57051.55819701816,57300.69140625,4855363
2022-06-09,57549.825159634995,57749.13172890498,56453.639028650105,57450.171875,3114082
2022-06-10,56503.46483466571,57151.21117520592,54809.35546875,54809.35546875,5424961
2022-06-13,53197.324243968855,54889.9640609354,51988.291698850764,52109.1953125,5160785
2022-06-14,51988.28070684602,54345.89169609521,51686.023532317,53862.27734375,3510635
2022-06-15,54769.055474398796,54769.055474398796,53197.31941379101,54708.60546875,2680694
2022-06-16,55010.860600861226,56703.503791548814,54527.24979982496,55615.375,3828802
2022-06-17,54587.69980318933,55978.085794307524,53801.83180258368,55615.375,3530559
2022-06-20,56522.150190081935,57126.66458922071,55192.214202328105,55615.375,3777701
2022-06-21,55857.17756874029,56522.145507528214,53801.82734539359,53862.27734375,3741656
2022-06-22,54285.440800887154,54648.151583149636,51021.06171739308,51081.51171875,4519127
2022-06-23,50779.255753295765,52471.898928575996,50597.90215347967,51686.02734375,3075969
2022-06-24,52048.73813475594,53076.41332221215,51686.02734375,51686.02734375,1372437
2022-06-27,52230.09296451237,53136.86457631972,51927.83576057659,52290.54296875,1908393
2022-06-28,54104.0885903178,54527.249384768635,52713.70260978309,54224.9921875,3492841
2022-06-29,53741.375786088654,54406.34375,53318.218598859334,54406.34375,1798586
2022-06-30,54104.09595927675,54345.90318657521,52109.1953125,52109.1953125,2291198
2022-07-01,52592.80201844298,53680.92719822088,51262.86605561908,53197.31640625,2580164
2022-07-04,53499.56611899214,53499.56611899214,51988.27676943341,52411.4375,1529239
2022-07-05,53076.41011228334,53076.41011228334,51625.57421875,51625.57421875,2122533
2022-07-06,50839.70721000476,51927.836022766736,50477.0,50477.0,3395201
2022-07-07,50718.80185082387,51141.962612108015,50235.1875,50235.1875,1956301
2022-07-08,50718.810332574205,50779.26034084956,50235.19590087508,50537.453125,1384604
2022-07-11,51141.96467946666,51141.96467946666,50053.8359375,50053.8359375,1517985
2022-07-12,50053.8359375,50053.8359375,50053.8359375,50053.8359375,0
2022-07-13,50779.25596931166,50779.25596931166,49872.484375,49872.484375,1734862
2022-07-14,50053.8359375,50476.99671588997,49691.128751093514,50053.8359375,1355555
2022-07-15,50779.25006845246,50779.25006845246,49691.125,49691.125,2102305
2022-07-18,50053.834691665914,51081.50981607038,49751.577513392454,50174.73828125,1923754
2022-07-19,50114.284690771194,50174.73828125,49691.12751428717,50174.73828125,1802845
2022-07-20,51383.77031551245,51927.83470811946,50779.25591989299,51323.3203125,4332820
2022-07-21,51927.82996794268,51927.82996794268,51081.5084547815,51383.765625,2743962
2022-07-22,52230.09063312966,52290.54063466899,51444.22265625,51444.22265625,1988087
2022-07-25,52592.79934489673,52592.79934489673,51444.22062990171,51625.57421875,3415733
2022-07-26,51988.285187160356,51988.285187160356,51262.8671875,51262.8671875,1716763
2022-07-27,51141.964688529246,51504.671875,51021.061095914454,51504.671875,1172746
2022-07-28,51504.67391291109,51867.38470510701,50235.191527285984,51323.3203125,2531952
2022-07-29,51444.22521230244,51504.67521684528,50477.0,50477.0,2953235
2022-08-01,50779.25390625,50900.15749885423,50235.18953521777,50779.25390625,2760540
2022-08-02,50779.251284563,51444.21921386776,50476.994114344496,51383.765625,2858788
2022-08-03,51383.77078600569,51504.67438451138,50900.159983356716,51262.8671875,3421208
2022-08-04,51444.22002503112,52350.99154998444,51323.316436762645,52048.734375,4633801
2022-08-05,52048.74032620176,52713.704750649515,51746.483116657524,51867.38671875,2696663
2022-08-08,51927.835152719985,52230.09235311761,51565.12435741857,51988.28515625,2413324
2022-08-09,51988.291698850764,52895.067005532896,51806.93807406403,52109.1953125,3529646
2022-08-10,52169.6423495876,52411.44595508143,51988.28515625,51988.28515625,1705509
2022-08-11,52109.188754683804,52471.89954998522,51806.93155428618,51988.28515625,2817877
2022-08-12,51806.93216072751,52290.54296875,51806.93216072751,52290.54296875,1890599
2022-08-15,52350.99268324809,53862.278590885726,52350.99268324809,53741.375,4691899
2022-08-16,53741.37265047652,54043.63341016305,53257.76189945021,53620.47265625,2103065
2022-08-17,53801.83267956955,53862.282683919264,53197.31827057701,53378.671875,2290741
2022-08-18,53136.86467485345,54224.993484139086,53136.86467485345,53378.671875,3882641
2022-08-19,53197.31562793296,53499.57281741423,52109.1868727015,52532.34765625,2977264
2022-08-22,52350.99094438016,52774.15170273788,51927.83018602243,52471.89453125,2485109
2022-08-23,52048.73640847277,52592.80078125,52048.73640847277,52592.80078125,1651213
2022-08-24,52898.575658998605,53082.041669881415,52653.96036637853,52715.11328125,1533042
2022-08-25,52715.109081866176,53020.88089813357,52592.799628732435,52776.265625,1739728
2022-08-26,52837.41816774941,53693.580700600854,52776.26525817455,53326.65234375,2945326
2022-08-29,53204.34575535499,53204.34575535499,51797.7925241306,52898.5703125,3388509
2022-08-30,52898.57087809455,53204.34632421891,52592.79906510406,52837.41796875,1753873
2022-08-31,52470.49626643338,53204.34938647535,52470.49626643338,52959.73046875,1785050
2022-09-01,52959.73046875,52959.73046875,52959.73046875,52959.73046875,0
2022-09-02,52959.73046875,52959.73046875,52959.73046875,52959.73046875,0
2022-09-05,52898.575658998605,53020.88512187574,52531.65090350139,52715.11328125,1552661
2022-09-06,52592.801919076075,52837.420835996374,52470.49609375,52470.49609375,1781857
2022-09-07,52287.03033683941,52531.64925491688,51369.71484375,51369.71484375,3401284
2022-09-08,51430.86632561458,51981.257059406984,51247.40395872844,51553.17578125,1727105
2022-09-09,51736.641781270126,51981.257059406984,51553.17578125,51553.17578125,1742010
2022-09-12,52042.40851135126,52103.56141661806,51553.17073668235,51736.63671875,1088946
2022-09-13,51981.25197295083,52164.71432188486,51553.17073668235,51736.63671875,1591443
2022-09-14,51063.9430127202,51675.4866747798,51063.9430127202,51369.71484375,1991129
2022-09-15,51675.48812298162,51675.48812298162,51186.25390625,51186.25390625,1187042
2022-09-16,51186.25154531601,51308.56100214102,50452.3984375,50452.3984375,2068542
2022-09-19,50452.39559582563,51125.092120773246,50085.46724601744,50819.3203125,2712784
2022-09-20,50819.319168907554,51247.4004174837,50330.0850133064,51002.78515625,874503
2022-09-21,50941.62955151442,50941.62955151442,50330.0859375,50330.0859375,1179286
2022-09-22,50146.62849828553,50758.172172279934,50085.471951005595,50697.015625,1783073
2022-09-23,50819.31953289221,50819.31953289221,50207.77592572727,50391.23828125,1278447
2022-09-26,49840.8515625,50146.62336821632,49106.99850215406,49840.8515625,2834302
2022-09-27,50146.624022874414,50146.624022874414,49229.30859375,49229.30859375,1418824
2022-09-28,48984.6930884304,49168.15546034643,47700.44921875,47700.44921875,3115360
2022-09-29,48801.22738648049,48984.68974587766,47088.90234375,47088.90234375,1983068
2022-09-30,47088.9022926592,49412.770952948114,47027.74938397111,49229.30859375,3208894
2022-10-03,48678.91793583776,49106.99919652038,46721.973991821826,47088.90234375,1894401
2022-10-04,47700.44760178962,48311.991242868884,47211.213415553015,47394.67578125,3102585
2022-10-05,48311.99113683868,48617.762956707236,47945.06640625,47945.06640625,1478138
2022-10-06,48250.839025436486,48250.839025436486,46783.1328125,46783.1328125,1926492
2022-10-07,46599.66616401215,46599.66616401215,45254.26953125,45254.26953125,3134523
2022-10-10,44948.49410126736,46171.58492179687,44092.335249970485,45254.26953125,2472334
2022-10-11,45254.26712935313,45254.26712935313,43419.6328125,43419.6328125,2423666
2022-10-12,43419.638235331615,44826.19150835953,43419.638235331615,44275.80078125,2225192
2022-10-13,44153.48850406273,44642.72265625,43725.407258473715,44642.72265625,1261109
2022-10-14,45498.884788848954,45560.04132809896,45009.65064051736,45254.26953125,1283922
2022-10-17,44948.498839792475,45193.117756313135,44398.11172732208,45131.96484375,1075866
2022-10-18,45254.26919958582,46049.27513893985,45254.26919958582,45804.65625,1336849
2022-10-19,45804.66146853599,46599.671131599316,45682.35201013132,46171.58984375,1556919
2022-10-20,46355.05327913838,48006.22192267839,46049.281442672975,47578.140625,2631570
2022-10-21,47516.981858682506,47516.981858682506,45193.11328125,45193.11328125,2380017
2022-10-24,45193.11407229238,45560.04241716237,43419.636154921885,43480.7890625,2168919
2022-10-25,43664.261140649905,45560.04877068522,43480.79512606299,44765.0390625,2379561
2022-10-26,45560.046131094125,45560.046131094125,44459.264639885216,45131.96484375,950698
2022-10-27,45315.42586666202,46599.66969049445,45070.806957417575,46355.05078125,1423386
2022-10-28,46660.81446038994,46660.81446038994,45682.342627258746,45865.80859375,1331982
2022-10-31,45865.817449935,46477.36110129935,45070.80779665412,46232.7421875,1649693
2022-11-01,46660.82404423462,46966.59587367926,45865.81801430536,46171.58984375,853971
2022-11-02,45988.11893718055,46477.35671864583,45254.26953125,45254.26953125,1487719
2022-11-03,45560.044690033385,46293.89778324958,45070.806872466615,45315.42578125,946592
2022-11-04,45254.26649405025,45254.26649405025,43725.40397928002,44581.56640625,2504576
2022-11-07,44398.109375,45254.27190432663,44398.109375,44398.109375,2391423
2022-11-08,43725.409954538416,45193.11613473124,43664.25704416952,44826.19140625,1437226
2022-11-09,44826.18828903472,45437.73188273264,44826.18828903472,45254.26953125,1061114
2022-11-10,44948.494455508764,45070.80390183901,42257.70116877818,44642.72265625,2426099
2022-11-11,44703.88032631735,45009.652133307536,44031.18017105866,44520.41796875,1525285
2022-11-14,44031.185178103966,44275.8041047667,42808.09781105875,43297.33203125,2492714
2022-11-15,42808.096851096874,42808.096851096874,40300.765625,40300.765625,4737373
2022-11-16,37487.659170071616,42808.092975486914,37487.659170071616,42380.01171875,4639277
2022-11-17,42380.0080317655,44031.17637373988,39444.59603130728,43419.6328125,2351729
2022-11-18,42869.24760833227,44031.18197577292,42318.86051307139,43725.41015625,1918887
2022-11-21,42502.32524935542,43908.874971005185,42502.32524935542,42869.25,1278295
2022-11-22,42808.09536322322,44031.18266033034,42257.704626271414,43113.8671875,1789005
2022-11-23,42808.09536322322,43419.63901177678,42624.63299528395,43113.8671875,708575
2022-11-24,42685.78590688571,43419.63901177678,42441.16699421068,43113.8671875,1199057
2022-11-25,43175.021014371574,44031.18359375,43113.86810147343,44031.18359375,1927556
2022-11-28,44275.80002998819,45560.04382707501,44214.64348738374,45437.734375,1744139
2022-11-29,45804.65909809116,45804.65909809116,44642.724753079354,45437.734375,1739576
2022-11-30,45560.04240493829,45804.65766831888,44948.495163652406,45621.1953125,1386277
2022-12-01,45926.96262257816,46355.043833023235,45315.41907426617,45682.34375,2701834
2022-12-02,45682.351227042505,47516.98580539505,45254.27357966539,47333.5234375,4412666
2022-12-05,47700.44389854619,48311.98749214801,47333.51919563857,47883.90625,1849992
2022-12-06,47883.90899426802,48250.8373513383,46477.359375,46477.359375,2338649
2022-12-07,46416.20444269887,46844.28572423318,45743.50788109782,46783.1328125,1565588
2022-12-08,47027.74943499556,48189.68013326686,46232.739822384756,47088.90234375,1927404
2022-12-09,46660.824267047035,47700.44921875,46599.67135411972,47700.44921875,1501864
2022-12-12,47455.82706254434,47822.75541447252,46721.973991821826,47088.90234375,1845581
2022-12-13,46599.6711841708,47272.367756454296,45988.12389145753,47211.21484375,1368331
2022-12-14,47211.21101473607,47394.6733711035,46538.51086387712,46660.8203125,1761173
2022-12-15,46721.978590391074,47761.60720661185,46721.978590391074,47516.98828125,1780184
2022-12-16,47088.90225842199,47700.445877393635,46721.97390715872,47639.29296875,1385365
2022-12-19,47883.91007504681,47883.91007504681,46844.28515625,46844.28515625,1560721
2022-12-20,47211.213521602156,47211.213521602156,46110.43205867967,46844.28515625,1195103
2022-12-21,47211.21484375,47333.52430229266,46293.8993543812,47211.21484375,827508
2022-12-22,47211.21484375,47394.67721499695,46477.36172562814,47211.21484375,1000431
2022-12-23,46721.97717997435,47700.44921875,46599.67135411972,47700.44921875,1856988
2022-12-26,47516.98621885283,47761.6051335974,46721.9765625,46721.9765625,1266128
2022-12-27,46721.97626763281,47394.67646236787,46477.36098756607,46783.1328125,1224608
2022-12-28,47088.89984968006,47088.89984968006,46477.35626199076,46905.4375,896099
2022-12-29,46783.130327337865,47088.902136028926,46599.66796875,46599.66796875,996629
2022-12-30,46599.664863481856,47027.74609375,46477.35542152902,47027.74609375,956022
2023-01-02,47027.74609375,47027.74609375,47027.74609375,47027.74609375,0
2023-01-03,47027.75131160621,48923.53515625,46966.594767277515,48923.53515625,2334847
2023-01-04,49412.77297834361,49535.08243386701,48495.45751161907,48923.53515625,1208031
2023-01-05,49045.83815241959,49840.84769205168,49045.83815241959,49290.45703125,1540038
2023-01-06,49168.152909755016,49596.234177441824,49045.843457111085,49107.0,1094117
2023-01-09,49229.30945264393,49473.92472479789,48862.38109471214,49107.0,789182
2023-01-10,49351.614704037,49718.54305774485,49045.84289251405,49168.15234375,1144762
2023-01-11,49168.15395967776,49902.007058077936,49168.15395967776,49473.92578125,1637830
2023-01-12,49535.079269381604,49840.851072089274,49045.84147854233,49351.61328125,825074
2023-01-13,49229.3106116255,49657.38825625643,48923.53515625,48923.53515625,955565
2023-01-16,48984.692155757235,49535.08289415993,48740.07324243737,49412.7734375,873742
2023-01-17,49657.39105656699,50146.62890625,49535.08522728042,50146.62890625,1487719
2023-01-18,50207.775566122684,51002.78515625,50024.31321191397,51002.78515625,1451827
2023-01-19,50758.167880439476,51492.02095380889,50697.011338330616,51308.55859375,2018505
2023-01-20,51308.55859375,51308.55859375,51308.55859375,51308.55859375,0
2023-01-23,51308.55859375,51308.55859375,51308.55859375,51308.55859375,0
2023-01-24,51308.55859375,51308.55859375,51308.55859375,51308.55859375,0
2023-01-25,51308.55859375,51308.55859375,51308.55859375,51308.55859375,0
2023-01-26,51308.55859375,51308.55859375,51308.55859375,51308.55859375,0
2023-01-27,51430.867756702326,52287.03033683941,51369.71484375,51369.71484375,1734862
2023-01-30,51492.02574584904,51614.33520831549,51186.25390625,51186.25390625,1355099
2023-01-31,51063.9375,51186.24694583455,49963.159753756416,51063.9375,2325569
2023-02-01,51369.71626418916,51369.71626418916,50024.31944382925,50146.62890625,1594333
2023-02-02,50207.78211939793,50391.244497552725,49718.54789994042,50085.47265625,2015463
2023-02-03,50146.62977594741,50146.62977594741,48984.6953125,48984.6953125,2629592
2023-02-06,48923.53315090803,49902.00512185437,48740.07079170991,49229.30859375,1436314
2023-02-07,49229.307466673934,50085.46633437516,49229.307466673934,49351.61328125,1141872
2023-02-08,49412.771448411026,49963.16216465799,49290.46199667461,49657.38671875,1018529
2023-02-09,49535.079269381604,49902.00397937731,49351.61328125,49351.61328125,1130010
2023-02-10,49596.23217666964,49657.38508395767,49229.307466673934,49351.61328125,1102634
2023-02-13,49351.61328125,49657.38508395767,48923.53203083251,49351.61328125,932600
2023-02-14,49351.61689260302,49535.08289415993,49045.8450675202,49412.7734375,942486
2023-02-15,49229.31124812478,50085.47018159015,49107.00179102001,49902.0078125,981268
2023-02-16,49902.0078125,50146.626726709546,49351.61707209553,49902.0078125,645155
2023-02-17,49657.388898290454,49902.0078125,49535.08307431971,49902.0078125,711161
2023-02-20,49902.00628792559,50758.168828368056,49779.696834557544,50635.859375,1939267
2023-02-21,50635.859375,51186.250098589284,50513.549921631944,50635.859375,1277535
2023-02-22,50330.09215729451,50452.40162183916,50024.3203125,50024.3203125,1136397
2023-02-23,49963.16130350941,49963.16130350941,49290.46114712046,49779.6953125,1764975
2023-02-24,49596.235805922886,49718.545262582826,49168.15452418013,49412.7734375,850473
2023-02-27,48923.534004467154,49229.30945264393,48862.38109471214,49107.0,1544296
2023-02-28,48923.53315090803,49351.61441112619,48617.76134119989,49229.30859375,797394
2023-03-01,48617.76134119989,49229.30859375,48128.52717229364,49229.30859375,2093332
2023-03-02,48923.53515625,49229.3106116255,48801.22933386058,48923.53515625,655192
2023-03-03,48495.4605085779,48923.5381796635,48006.22265625,48006.22265625,1126664
2023-03-06,47761.60099942418,48801.22584739915,47761.60099942418,47822.75390625,1242859
2023-03-07,48373.1456783339,48862.37984324542,48189.6796875,48189.6796875,1204533
2023-03-08,48006.21809458467,48617.76171875,48006.21809458467,48617.76171875,776558
2023-03-09,48617.75693103312,49351.60993439085,48434.29458847705,49290.45703125,973816
2023-03-10,49045.8429822925,49168.15243375234,48311.98990666733,48617.76171875,974728
2023-03-13,47761.60177554231,48556.60774286528,47761.60177554231,48250.8359375,1348255
2023-03-14,48311.98578246136,48373.14231953752,48006.213996481245,48128.5234375,650021
2023-03-15,48373.14607331368,49229.30859375,48373.14607331368,49229.30859375,1052141
2023-03-16,48923.53496833044,48923.53496833044,47945.06659416956,48434.30078125,1292743
2023-03-17,48678.920559202386,48923.535840536606,48067.37690616578,48311.9921875,653063
2023-03-20,48373.147208790746,48495.456662171775,47455.828125,47455.828125,1170769
2023-03-21,48067.377297759354,48128.530210307596,47150.05817759723,47761.60546875,815493
2023-03-22,47822.760278194146,48067.37920435809,47455.831888948225,48006.22265625,928342
2023-03-23,47945.06813672744,48006.22104965475,47455.83030077256,47700.44921875,542344
2023-03-24,47883.90900485734,48189.680819249916,47700.446642848576,48067.375,557704
2023-03-27,48250.83898101223,48434.30134917688,48006.2200680367,48373.1484375,1166815
2023-03-28,48434.30078125,48434.30078125,47394.67586299535,48434.30078125,1521483
2023-03-29,48434.30164473413,48495.45818991821,48067.37690616578,48311.9921875,615193
2023-03-30,48311.99189268911,48495.45789398777,48189.68243620134,48373.1484375,621125
2023-03-31,48373.1484375,48617.76371734152,48311.99189268911,48373.1484375,1021419
2023-04-03,48556.610316533275,49473.92578125,48373.14795021672,49473.92578125,1779727
2023-04-04,49473.923861636205,49535.08040345814,48923.53315090803,49229.30859375,889103
2023-04-05,49229.30412810914,49290.45703125,48740.066370448316,49290.45703125,641809
2023-04-06,49351.61527215396,49840.853082729685,49107.0,49107.0,932144
2023-04-07,49045.84260141805,49351.61441112619,48923.53315090803,49229.30859375,547210
2023-04-10,49535.08126768681,49535.08126768681,48984.69054735607,49107.0,1170769
2023-04-11,49045.843457111085,49229.30945264393,48984.69054735607,49107.0,812147
2023-04-12,49107.0,49229.30945264393,48862.38109471214,49107.0,874046
2023-04-13,49107.00317032352,49168.156084026545,48495.45950075681,48678.921875,822032
2023-04-14,48862.38424924319,48984.69370978336,48495.45950075681,48678.921875,606524
2023-04-17,48678.921875,48740.07478870302,48311.9934933795,48678.921875,684241
2023-04-18,48678.914911794585,48923.530164750155,48434.29602570541,48556.60546875,458695
2023-04-19,48801.22491958316,48801.22491958316,48495.453125,48495.453125,638463
2023-04-20,48801.22435483918,48801.22435483918,48434.29602570541,48556.60546875,554206
2023-04-21,48923.5307309095,48923.5307309095,48495.453125,48495.453125,492763
2023-04-24,48617.76371734152,49290.463911457235,48311.99189268911,48373.1484375,1208335
2023-04-25,48373.14768069277,48495.45713526698,47883.90986239592,47945.06640625,821272
2023-04-26,47761.60043778658,47945.06278924039,47455.82500785199,47883.90625,1174115
2023-04-27,47761.60043778658,48189.67804680091,47761.60043778658,47883.90625,336113
2023-04-28,48189.68178802624,48189.68178802624,47394.67578125,47394.67578125,1438139
2023-05-01,47394.67578125,47394.67578125,47394.67578125,47394.67578125,0
2023-05-02,47394.67578125,47394.67578125,47394.67578125,47394.67578125,0
2023-05-03,47394.67578125,47394.67578125,47394.67578125,47394.67578125,0
2023-05-04,47578.141352030194,48128.532119331976,47455.831888948225,48006.22265625,756179
2023-05-05,48067.37586082421,48067.37586082421,47822.756951675794,47945.06640625,485463
2023-05-08,48006.22265625,48250.84158241395,47945.06974127612,48006.22265625,551925
2023-05-09,48067.37358090759,48801.22664041101,48067.37358090759,48250.8359375,921498
2023-05-10,48311.9921875,48678.920559202386,48311.9921875,48311.9921875,961953
2023-05-11,48373.1484375,48678.92026215241,48311.99189268911,48373.1484375,723784
2023-05-12,48495.4555238237,49290.46150243809,48189.68008098173,49229.30859375,1647259
2023-05-15,49779.69730717461,50024.31621623317,49412.772576720716,49535.08203125,1421561
2023-05-16,49535.07975678368,49963.161011413285,49412.77030787039,49840.8515625,1165750
2023-05-17,50085.46682719279,50574.70462284594,49596.23266467343,49840.8515625,1484678
2023-05-18,50024.319036859815,50758.172172279934,49779.70011400839,50697.015625,2357052
2023-05-19,50758.168828368056,50941.63119185318,50024.31574129365,50635.859375,1632811
2023-05-22,50635.8608061705,50635.8608061705,50146.626612004504,50452.3984375,853210
2023-05-23,50452.40074573479,50452.40074573479,49779.70051898774,50146.62890625,998454
2023-05-24,50146.62890625,50146.62890625,50146.62890625,50146.62890625,0
2023-05-25,49657.38951563083,51002.78992737533,49535.083690139574,50880.48046875,2039949
2023-05-26,50819.3203125,51002.786303971,50330.08614588957,50819.3203125,1314644
2023-05-29,51063.939212372126,51186.248662308186,50697.01086256394,50819.3203125,1337761
2023-05-30,50758.17118169039,51920.10559285728,50697.014635603984,51369.71484375,2523283
2023-05-31,51492.01982201464,51492.01982201464,50819.31967240619,51430.86328125,1276622
2023-06-01,51369.70929801953,51369.70929801953,50819.31860833089,51063.9375,817166
2023-06-02,51063.94387491126,51553.17808619262,50819.32495270351,51247.40625,1119211
2023-06-05,51308.5573907616,52103.56335446619,51247.400850086626,51981.25390625,2168007
2023-06-06,52164.71484375,52164.71484375,51797.79014221117,52164.71484375,781729
2023-06-07,51981.25390625,52225.87280268238,51553.17265406022,51981.25390625,1073433
2023-06-08,51797.79788716683,51920.10735034573,51063.94474122766,51125.09765625,1892728
2023-06-09,51553.17073668235,51797.789624016805,51186.246038814286,51736.63671875,1034499
2023-06-12,51675.48655125725,51920.10546875,51125.09580346559,51920.10546875,790398
2023-06-13,51614.33203125,51920.103852027576,51553.17548721411,51614.33203125,709944
2023-06-14,51553.17634942469,51858.9481753162,51430.86689244128,51492.0234375,1001648
2023-06-15,51492.01982201464,51614.32927041016,51125.09147682809,51430.86328125,1214570
2023-06-16,51430.86546780911,52715.1092808604,51002.78782992594,51675.484375,3393832
2023-06-19,51797.7890625,52287.02319873172,51675.47962015867,51797.7890625,1008644
2023-06-20,51981.25553022363,52470.49333837292,51797.79316873458,52287.02734375,1436466
2023-06-21,52287.03008949274,52837.420835996374,52225.87717682971,52470.49609375,1073433
2023-06-22,52470.49609375,52470.49609375,52470.49609375,52470.49609375,0
2023-06-23,52348.18195851575,52348.18195851575,51858.944168383554,52042.41015625,1250159
2023-06-26,52042.414805706525,52470.49609375,51736.64297612319,52470.49609375,1307039
2023-06-27,52592.798974832214,53387.80859375,52592.798974832214,53387.80859375,2342755
2023-06-28,53448.95900867669,53693.577900487086,53204.34375,53204.34375,1467492
2023-06-29,53204.34575535499,53265.49866404569,52898.5703125,52898.5703125,855340
2023-06-30,52898.57260421807,52959.72914869208,52592.80078125,52592.80078125,1115561
2023-07-03,52898.57087809455,53082.03687239594,52592.79906510406,52837.41796875,1581101
2023-07-04,52837.41541228441,53204.34375,52715.10596637922,53204.34375,2019874
2023-07-05,53523.50878318799,54521.28429603104,53309.69921875,53309.69921875,2363704
2023-07-06,53309.697181445015,53594.775362533896,52739.540819267255,53167.15625,2006232
2023-07-07,52882.080914371916,53808.58781411481,52882.080914371916,53666.046875,1185356
2023-07-10,53666.046875,54093.66601054308,53380.96867857173,53666.046875,1526561
2023-07-11,53666.04785291764,53737.320164674464,53452.23828125,53452.23828125,1443244
2023-07-12,53452.23730722846,53951.12507142827,53380.96867857173,53666.046875,1196730
2023-07-13,54022.3984375,54022.3984375,53737.32023550121,54022.3984375,1656299
2023-07-14,54806.3650652374,55804.140625,54236.204972657724,55804.140625,3733153
2023-07-17,56303.02734375,56445.564602857456,55946.67683237859,56303.02734375,1525239
2023-07-18,56303.02440304531,56303.02440304531,55661.59572515939,56089.21484375,949951
2023-07-19,55946.6796875,56231.757902064666,55804.14242111846,55946.6796875,937123
2023-07-20,56017.949947806876,57942.232554263705,55946.68131254602,57229.53515625,3034211
2023-07-21,56801.91106336583,57728.41796875,56730.642434275156,57728.41796875,1684336
2023-07-24,57728.41796875,57942.227537823375,57443.33977058595,57728.41796875,1550895
2023-07-25,57728.420888861365,58583.65552661435,57728.420888861365,57942.23046875,1397750
2023-07-26,57870.96356295748,58940.0078125,57799.69124633342,58940.0078125,1680633
2023-07-27,59011.274388571284,60151.59091495515,59011.274388571284,59652.703125,1874908
2023-07-28,59510.161118744116,60151.58984375,59225.08291267532,60151.58984375,1188134
2023-07-31,60365.39163112171,61149.35756493881,60151.5857524635,61006.8203125,1946058
2023-08-01,61006.82537385789,61505.713162385786,60222.859375,60222.859375,1702454
2023-08-02,60222.85750079582,60436.66707233971,59510.16015625,59510.16015625,1317606
2023-08-03,59723.97175733601,60009.049968481595,59082.543020907295,59652.703125,1200697
2023-08-04,59866.50888254295,60222.85940699593,59367.62109375,59367.62109375,2140995
2023-08-07,59581.43064040634,60222.859375,59367.621062208455,60222.859375,995181
2023-08-08,59866.50983284585,60294.12899625671,59723.97256624328,60009.05078125,841110
2023-08-09,59866.51101346415,60365.39882001478,59153.81730279324,59225.0859375,1299620
2023-08-10,59225.08104856693,59367.61830621423,58583.65234375,58583.65234375,1776514
2023-08-11,58441.1171875,59153.8145467674,58084.76666696556,58441.1171875,1511485
2023-08-14,58512.37998375253,59296.3458962254,58441.111359473485,58868.73046875,1341147
2023-08-15,58868.73593454963,60080.31738698989,58084.766267486215,59866.5078125,2215981
2023-08-16,59296.354104738624,60721.74887844653,59296.354104738624,60650.4765625,3432416
2023-08-17,60579.204991447936,62147.136957431605,60579.204991447936,61291.90234375,4885050
2023-08-18,61006.8272280482,62646.03158951824,60080.32025496506,60935.55859375,5612293
2023-08-21,61220.6328125,61790.78921323402,60935.55461213298,61220.6328125,3243828
2023-08-22,61505.71663394055,61648.25390625,59153.81850461915,61648.25390625,3081821
2023-08-23,61576.985270095276,61862.06717831763,60365.40004645634,61648.25390625,1875966
2023-08-24,61648.24053430638,64964.98870580366,61359.82441081726,64892.8828125,6945241
2023-08-25,64532.380447591204,65613.92435329761,64243.96426956667,65325.515625,3691626
2023-08-28,66334.96517027078,67993.34153444576,65613.92840554247,67777.03125,3902300
2023-08-29,67777.0255465666,67777.0255465666,66911.78448159357,67488.609375,2046436
2023-08-30,67200.19179221005,70805.35288758588,67128.09333812757,69651.703125,3122025
2023-08-31,69651.71439702171,70300.64528714288,69291.19971908588,69723.8203125,1856393
2023-09-01,69723.8203125,69723.8203125,69723.8203125,69723.8203125,0
2023-09-04,69723.8203125,69723.8203125,69723.8203125,69723.8203125,0
2023-09-05,70012.21650787973,71165.87369981373,69795.90625,69795.90625,1903871
2023-09-06,70012.2199822023,71382.1875,69435.39508247387,71382.1875,3294347
2023-09-07,71382.18988231257,72680.04408758447,70372.74441166683,70589.0546875,4297596
2023-09-08,70300.62847676377,71021.65766022197,69940.11388503466,70372.734375,2797881
2023-09-11,71165.87824390589,71742.70315184114,68714.36679788581,70228.53125,6810610
2023-09-12,70228.5268345421,71310.078125,70228.5268345421,71310.078125,3545225
2023-09-13,71310.07922175535,71382.18512547037,70228.5279146631,70661.1484375,3821099
2023-09-14,70661.14876215953,70661.14876215953,68858.56820854137,69146.984375,3067803
2023-09-15,69219.0892131902,70516.95090736197,68714.37018749716,70300.640625,2823273
2023-09-18,69868.0234375,69868.0234375,69002.78226622882,69868.0234375,2680575
2023-09-19,69795.91300884892,70949.5703125,69146.98962209623,70949.5703125,4739311
2023-09-20,71237.97432698205,71886.90512042819,71021.6640625,71021.6640625,3233248
2023-09-21,71021.66189474294,71310.07805515805,69435.39163677595,69795.90625,4521627
2023-09-22,68570.17036321423,69940.13060920706,66767.58952380728,69723.8203125,9073672
2023-09-25,69940.12088753267,70372.74142081254,67993.3359375,67993.3359375,2773414
2023-09-26,67921.23428282322,68858.57386377417,67128.0990720815,67416.5078125,2848797
2023-09-27,67704.91976540448,67993.3359375,65181.30992090757,67993.3359375,5965004
2023-09-28,67849.12971166366,67993.34153444576,65902.34460137926,67777.03125,2333419
2023-09-29,67777.03018670905,68425.95358013856,66911.7890625,66911.7890625,2162684
2023-10-02,67344.3992984071,67632.80799576902,66334.95395818808,67200.1875,1504343
2023-10-03,66479.15625,67416.49566201412,65974.43732036959,66479.15625,2654125
2023-10-04,65830.23546707738,67344.40738406696,65830.23546707738,66695.4765625,2105023
2023-10-05,66911.78798527944,67272.30263132016,66046.546875,66046.546875,1810634
2023-10-06,65974.43834650108,66911.77777309409,65613.91630575668,66839.671875,1517833
2023-10-09,66623.37251840264,68930.6796875,66479.16814837382,68930.6796875,4836382
2023-10-10,69579.61025669536,70084.32927469752,68786.47505002968,69435.3984375,4305398
2023-10-11,69146.98206835493,70661.1464050041,69146.98206835493,69940.1171875,3118719
2023-10-12,69940.11266994932,70516.93749663977,69219.07604929182,69507.4921875,2487887
2023-10-13,69219.0894016073,69435.39968455807,68714.3703745404,69291.1953125,3123877
2023-10-16,69795.90625,71310.07805515805,69435.39163677595,69795.90625,6578908
2023-10-17,70516.94460446785,70516.94460446785,67128.09375,67128.09375,3200582
2023-10-18,68425.9523088945,68425.9523088945,65613.92615718527,67055.9921875,8123853
2023-10-19,67777.01894287522,67993.32918804282,66334.953125,66334.953125,4006381
2023-10-20,66695.47445240828,67055.98908085284,64964.99976603831,66983.890625,3786582
2023-10-23,67632.81269573559,67632.81269573559,65469.717516297926,65613.921875,2607573
2023-10-24,66623.36181873943,66623.36181873943,65469.71214432966,66334.953125,2132399
2023-10-25,66190.7589603285,66839.68234592983,65541.828125,65541.828125,2428771
2023-10-26,63667.141599952425,64820.79145312588,62008.76900479968,62585.59765625,7815313
2023-10-27,63090.315422000174,63450.830062750356,62225.07804928164,62729.80078125,2691023
2023-10-30,62729.796380306514,62801.902283288626,61287.73046875,61287.73046875,2472413
2023-10-31,61359.832325635085,61504.040405981075,59845.66796875,59845.66796875,4082822
2023-11-01,60783.013232355224,61576.1484375,59557.26119477195,61576.1484375,2876702
2023-11-02,62297.1768223504,64171.86328125,61936.66220133456,64171.86328125,2914790
2023-11-03,64171.866793977744,64316.07116033241,62729.80078125,62729.80078125,6403941
2023-11-06,63595.03703555474,64099.75600422114,63306.6208750836,63811.33984375,1600357
2023-11-07,63811.34107690909,64027.65133901104,63378.72800243182,63667.13671875,1772414
2023-11-08,63595.03758122806,66767.578125,63450.825774891855,66767.578125,3892382
2023-11-09,66334.96192264959,67272.30147620608,66190.75755665482,66695.4765625,2790739
2023-11-10,65974.453125,66839.68684731418,65830.2412965079,65974.453125,3182596
2023-11-13,66046.54812119176,66334.96431330257,65253.41290504615,65902.34375,2026202
2023-11-14,66334.95760544446,67344.4030011652,65830.2311827208,66767.578125,2642090
2023-11-15,67560.71414200314,67632.81259638495,66334.95847051952,66623.3671875,3197276
2023-11-16,66479.16726531953,67055.9921875,66046.5467112524,67055.9921875,2521081
2023-11-17,67344.40397833145,67416.50243281915,65325.51315759586,65613.921875,4718547
2023-11-20,64965.00443488463,66767.58515638046,64243.967676449894,65397.625,2190721
2023-11-21,66334.96528651741,66334.96528651741,65397.625685428124,66262.859375,1931775
2023-11-22,66262.85698828597,67128.09809642023,66262.85698828597,67055.9921875,4326823
2023-11-23,67272.29934178673,67560.7155143524,65469.71875,65469.71875,2864138
2023-11-24,65469.71664918912,66334.95768939522,65037.096129086065,65758.1328125,2973641
2023-11-27,65902.34402614972,65902.34402614972,64965.00443488463,65397.625,2194688
2023-11-28,65469.728762426654,66262.86404611963,64820.7978622066,65686.0390625,1442450
2023-11-29,66046.5425331412,66334.95870084976,65686.02791080049,66118.6484375,1059983
2023-11-30,65902.34471686777,67560.72108394893,65830.23880535037,66262.859375,2621724
2023-12-01,66479.16282900976,66983.88925831555,65830.23204121372,66623.3671875,1574833
2023-12-04,66767.58012067365,67777.0255465666,66767.58012067365,67488.609375,4578891
2023-12-05,67632.81484660582,69074.8808286673,67560.71638982522,68353.8515625,4748039
2023-12-06,68498.0546875,68786.47085858915,67849.12388984449,68498.0546875,1614375
2023-12-07,68570.16083196424,68714.36519314861,66911.78460430031,67993.3359375,4974187
2023-12-08,67993.3402850661,68570.16521641314,67416.5079039918,67921.234375,2308820
2023-12-11,68858.56931406636,69002.77367474757,68209.63851641085,68498.0546875,2069051
2023-12-12,68786.46831286326,69795.90625,68714.36241032787,69795.90625,5402280
2023-12-13,70228.5360936587,70228.5360936587,68642.265625,68642.265625,2840862
2023-12-14,69074.88069923737,69507.50123801788,68642.26016045686,69363.296875,2264516
2023-12-15,69363.296875,69435.3953316455,68498.055797439,69363.296875,1949761
2023-12-18,69146.99141833819,69363.30170278394,67560.72096555425,67777.03125,2997446
2023-12-19,67704.92162214988,68209.640625,67488.61134957783,68209.640625,1653654
2023-12-20,67993.3412550756,68498.06028355699,67849.12943288604,68281.75,1784713
2023-12-21,68209.6419679637,68570.1640625,67777.02886402897,68570.1640625,2323368
2023-12-22,68498.05680500506,68570.16271243808,68065.43625986096,68209.640625,1686716
2023-12-25,68425.95075628252,69363.29775206825,68353.85229872537,69219.0859375,2667482
2023-12-26,69579.60135903997,71093.7656691463,69507.49545866299,70084.3203125,4443467
2023-12-27,70228.53810895377,70516.95431595338,69868.0234375,69868.0234375,1793177
2023-12-28,69940.11929050977,69940.11929050977,69435.39286329932,69651.703125,1582503
2023-12-29,69651.70996750884,69940.12616135231,69291.1953125,69291.1953125,2468578
2024-01-01,69291.1953125,69291.1953125,69291.1953125,69291.1953125,0
2024-01-02,69868.01361655661,69868.01361655661,69002.77256690737,69146.984375,2267426
2024-01-03,68930.67941949784,69579.61025669536,68786.47505002968,69435.3984375,1900300
2024-01-04,69435.38955828603,70949.56131811862,69363.2911076353,70084.3203125,3932982
2024-01-05,70156.43279258744,70300.63715713951,69579.60788465217,70228.53125,1505798
2024-01-08,70228.52814172153,70877.45892807496,70012.21787960372,70156.4296875,1908367
2024-01-09,70156.42955221045,70156.42955221045,69651.703125,69651.703125,1602473
2024-01-10,69723.81607380409,69868.0204462663,68137.5456275378,68281.75,4367556
2024-01-11,68281.74442161483,68786.47085858915,68281.74442161483,68498.0546875,1813015
2024-01-12,68353.85591109478,68930.68085067095,67849.12943288604,68281.75,3434532
2024-01-15,68498.052587752,69146.98336551512,68425.94668475837,68786.46875,1735384
2024-01-16,68281.75191771133,69002.78125,68281.75191771133,69002.78125,1071225
2024-01-17,68930.68278660766,69219.0915396321,68498.06220734344,69002.78125,1870015
2024-01-18,69002.7781476508,69219.08842755765,68642.26349771512,68930.6796875,1503550
2024-01-19,69219.08815843416,69868.01899563168,69002.77787936832,69435.3984375,1974757
2024-01-22,69795.90087598228,69795.90087598228,69074.87170505068,69507.4921875,1465330
2024-01-23,69291.19433743568,69507.50461734254,68786.47531747118,68930.6796875,1957829
2024-01-24,69074.87957995155,69074.87957995155,68425.94878229602,68498.0546875,2277477
2024-01-25,68498.0546875,68498.0546875,68498.0546875,68498.0546875,0
2024-01-26,68858.56820854137,69363.2946374123,68714.36385017537,69146.984375,1223841
2024-01-29,69146.984375,69291.188733366,68714.36385017537,69146.984375,1402775
2024-01-30,69146.98996740686,69146.98996740686,68786.47531747118,68930.6796875,1255052
2024-01-31,68930.68278660766,69219.0915396321,68858.57687348778,69002.78125,1827033
2024-02-01,69146.97743597408,72031.1015625,69002.76564235338,72031.1015625,10307168
2024-02-02,72031.1015625,72031.1015625,72031.1015625,72031.1015625,0
2024-02-05,73545.28420998665,75059.44867089613,73473.1783024283,74626.828125,3563344
2024-02-06,74698.93069029278,75708.37610230899,74194.20425942134,75059.4453125,2491986
2024-02-07,75492.06907238613,75708.37934492042,74915.24416220367,75636.2734375,2810841
2024-02-08,75636.2734375,75636.2734375,75636.2734375,75636.2734375,0
2024-02-09,75636.2734375,75636.2734375,75636.2734375,75636.2734375,0
2024-02-12,75636.2734375,75636.2734375,75636.2734375,75636.2734375,0
2024-02-13,75636.2734375,75636.2734375,75636.2734375,75636.2734375,0
2024-02-14,75636.2734375,75636.2734375,75636.2734375,75636.2734375,0
2024-02-15,75852.58485317686,76068.89512897108,74843.13938271289,74987.34375,2973509
2024-02-16,74987.33402100691,75780.4765625,74843.12967242913,75780.4765625,2732285
2024-02-19,76068.88961695816,77150.44091755916,75708.375,75708.375,2687055
2024-02-20,75852.58709657527,75852.58709657527,74987.34596780824,75203.65625,2439086
2024-02-21,74987.32957077242,77078.32602482448,74626.81499586019,76357.296875,4149343
2024-02-22,76357.30790737383,76429.40636293791,75419.9609375,75419.9609375,2272980
2024-02-23,76068.89197745566,76934.13304478579,74482.62165383493,74915.2421875,5426878
2024-02-26,74915.24603044463,77871.4765625,74626.82984329737,77871.4765625,5907210
2024-02-27,78231.98772408506,78953.0244349691,77438.85255692138,77799.3671875,3704058
2024-02-28,77871.4697598549,78231.984375,76645.71410858036,78231.984375,4578098
2024-02-29,78015.67511841077,78880.91616565792,77655.16049863333,78592.5,3735798
2024-03-01,78736.71734321509,80322.98774153861,78664.61143429962,79890.3671875,5315656
2024-03-04,80034.56820115345,80611.39309911973,79890.3638390936,80322.984375,4082689
2024-03-05,80322.9842535365,80322.9842535365,79241.432915406,79818.2578125,4474017
2024-03-06,79313.54018907007,79601.9489177277,78159.89037498567,78664.609375,4896688
2024-03-07,78664.60473673278,82125.56142464603,78015.67396092534,80250.875,5339726
2024-03-08,80250.87859191373,81188.21812132746,78953.02443193525,79313.5390625,4120381
2024-03-11,79313.5390625,81837.14892618012,79313.5390625,79313.5390625,4472033
2024-03-12,79313.53223937177,81837.14188595259,79313.53223937177,80683.4921875,3845565
2024-03-13,81332.42934080986,84360.765625,80755.60444616318,84360.765625,6763529
2024-03-14,85442.30950881497,85442.30950881497,83423.41865268823,84360.765625,4579817
2024-03-15,84216.54357451301,84216.54357451301,82558.17499768532,83639.71875,5076284
2024-03-18,83495.5316526692,83495.5316526692,80106.68045259464,81476.640625,7782383
2024-03-19,81476.63867488394,81476.63867488394,80106.6785352681,80755.609375,4384616
2024-03-20,80971.91712993868,82918.70213869993,80106.67603727724,82558.1875,4596613
2024-03-21,83062.90046254515,83783.9296875,82630.27994768164,83783.9296875,4969690
2024-03-22,83856.0391779654,83856.0391779654,82558.18502756805,82846.59375,3193573
2024-03-25,82269.77778830068,82990.80712239705,82053.46749812625,82197.671875,3695594
2024-03-26,82197.65864473177,83279.20992152093,81909.24993740558,82918.6953125,2239389
2024-03-27,82702.3916124035,83135.01215741008,82269.77106739693,83062.90625,1745964
2024-03-28,83567.63353855668,84649.1774621676,83135.0129892215,84432.8671875,3707232
2024-03-29,83928.15153871,84504.97647766676,83639.73534436795,84000.25,1776778
2024-04-01,83639.72202788095,84793.37172211905,83062.8971807619,84216.546875,2611408
2024-04-02,83207.10838597987,84360.765625,83207.10838597987,84360.765625,3022970
2024-04-03,83711.8414501692,84360.77230165327,82990.8046875,82990.8046875,3371052
2024-04-04,82918.70865882396,83495.53361604657,82197.671875,82197.671875,3120438
2024-04-05,81548.73071349255,82702.38037696434,81188.20867514741,81981.34375,3648777
2024-04-08,81981.36181209578,81981.36181209578,81188.2265625,81188.2265625,2581520
2024-04-09,81188.22442830694,81620.84499848282,81116.12596642923,81476.640625,1894481
2024-04-10,81837.15845652537,83351.3305108478,81692.95407745152,82053.46875,2368729
2024-04-11,81837.14832203461,83207.10837790334,81692.94396081864,82846.59375,2049081
2024-04-12,83567.63493762775,83567.63493762775,82413.97763684396,83279.21875,1808254
2024-04-15,83279.22157595174,83351.32748773728,80395.08940071447,80467.1953125,4895762
2024-04-16,80755.61130785846,81620.84499848282,80395.08919956029,81476.640625,4817470
2024-04-17,81548.74547728068,81548.74547728068,80467.1940658904,80611.3984375,2570014
2024-04-18,80611.3984375,80611.3984375,80611.3984375,80611.3984375,0
2024-04-19,79674.05130905894,80178.77773652865,78592.5,78592.5,7090054
2024-04-22,79313.53349689474,80322.97886147717,78520.39838541759,79529.84375,3170429
2024-04-23,79962.46864254455,81692.9433125853,79241.43194273254,80971.9140625,5339726
2024-04-24,81909.25578612184,86595.9609375,81620.83960847495,86595.9609375,13434880
2024-04-25,88326.43728453007,92292.11290510243,87893.81677142647,88831.15625,7548433
2024-04-26,88686.95189554093,90417.42649822893,88110.12702797826,88831.15625,4491871
2024-04-29,88831.15625,88831.15625,88831.15625,88831.15625,0
2024-04-30,88831.15625,88831.15625,88831.15625,88831.15625,0
2024-05-01,88831.15625,88831.15625,88831.15625,88831.15625,0
2024-05-02,89263.78078450692,93013.14631743933,89047.47051821018,91787.390625,4588149
2024-05-03,92364.22358319453,92580.53386837809,90561.65028954386,90777.953125,4220362
2024-05-06,91210.56020074723,92003.6953125,89768.4943294532,92003.6953125,3576833
2024-05-07,92292.11793546753,94887.83370584175,91715.29303646513,94671.5234375,4129903
2024-05-08,93806.28014780678,94455.2109375,93229.4552624328,94455.2109375,3991040
2024-05-09,94166.79500153637,95753.0727523743,93734.18192373695,93950.4921875,2913864
2024-05-10,94671.52120073108,95320.45199042429,93157.35680784023,94455.2109375,5011878
2024-05-13,94671.52481478818,94815.72917920498,92868.94418553404,93517.875,2449534
2024-05-14,93734.17291163228,94959.92102213735,93445.75677110252,94094.6875,3047833
2024-05-15,94815.72755822385,96978.8227864029,94671.52319627239,96690.4140625,4831224
2024-05-16,97771.95435664905,98997.71001248238,96762.50896065259,97627.75,4124877
2024-05-17,97627.75109931771,98060.37162386285,96401.99542968202,96978.8203125,3050214
2024-05-20,97483.5516195653,98132.48243885847,95897.28125,95897.28125,2662853
2024-05-21,96618.3090184426,98060.375,96257.79438548497,98060.375,4591587
2024-05-22,99430.33940287924,100728.20107768968,98132.485177796,99502.4453125,5966855
2024-05-23,99141.921875,99358.22468523281,97339.34134182315,99141.921875,4789433
2024-05-24,99502.42866970816,99502.42866970816,94166.78594311973,95104.1328125,17689231
2024-05-27,95897.27466809202,96257.78928193531,94166.79260208186,95753.0703125,6821190
2024-05-28,96618.31095908026,98781.40625,95969.38013688622,98781.40625,6116959
2024-05-29,98853.51581220858,99646.65102985624,97195.1394663172,97844.0703125,7720226
2024-05-30,96474.10268875654,97339.34375,95104.14264160555,97339.34375,9603069
2024-05-31,97339.33802837023,98637.1920942205,96474.09701798584,97050.921875,3482803
2024-06-03,97050.921875,97050.921875,97050.921875,97050.921875,0
2024-06-04,100223.47221710067,100439.78249107163,99358.23112121683,100295.578125,9270460
2024-06-05,100944.50310849771,104477.558296134,100728.19284703767,101016.6015625,8360316
2024-06-06,101160.80490937895,102170.25030286334,100079.26106261271,100656.0859375,6892605
2024-06-07,101665.54877014105,102386.578125,101305.03409271158,102386.578125,4968500
2024-06-10,103468.12596027688,104549.66995444623,103107.61129555377,103828.640625,4992966
2024-06-11,104044.94061002738,105631.2109375,103179.6995405962,105631.2109375,8367854
2024-06-12,106892.09064150836,110903.67909715702,106808.51916705792,110318.65625,12897825
2024-06-13,111739.42889473257,111823.00788160464,108647.1640625,108647.1640625,9356630
2024-06-14,108730.748498795,110820.11815395682,107811.42464913681,109482.921875,7367130
2024-06-17,109482.92112420764,109817.21456015288,107393.55148337391,107644.2734375,5597740
2024-06-18,107644.26621067221,108396.43953122103,106975.671875,106975.671875,7682000
2024-06-19,106975.67468825639,110987.25582512288,105805.62142989063,109900.7890625,11119580
2024-06-20,111154.40336654037,113410.92332816827,110151.50810870624,111405.1328125,12035555
2024-06-21,111906.57896187207,113745.2265625,111405.13507709593,113745.2265625,8801295
2024-06-24,112825.9048927466,113243.77730750709,110318.66289551527,110402.234375,15164935
2024-06-25,109482.91638787928,109566.48786608306,107477.11831563733,108647.1640625,15762820
2024-06-26,109482.92124371111,110151.515625,108145.7249724647,110151.515625,8219510
2024-06-27,109733.64056194859,112073.73210324597,109315.76814509812,110987.2578125,7364255
2024-06-28,110987.25819354638,110987.25819354638,108981.46758231038,109065.0390625,7627950
2024-07-01,108981.46384872397,108981.46384872397,107393.54571017344,107477.1171875,7332400
2024-07-02,107477.11574958713,110402.2300469058,106557.79196795322,106975.671875,7728690
2024-07-03,109065.04193703269,110987.26111874133,108730.748498795,109482.921875,8779215
2024-07-04,110402.22750042094,113494.4921875,110402.22750042094,113494.4921875,9335585
2024-07-05,113745.23077362975,116753.91671968043,113745.23077362975,115918.171875,8957810
2024-07-08,115751.0199273807,116670.34375,114915.27509336412,116670.34375,6745555
2024-07-09,116252.46965785934,116419.62012398781,113661.64869587071,114915.2734375,11127515
2024-07-10,113661.65378123242,114497.4061492673,111990.1640625,111990.1640625,7238905
2024-07-11,112073.72217835976,113160.19637289112,110736.52605765496,111154.3984375,7868415
2024-07-12,110485.81160138782,113661.64790986155,110485.81160138782,111823.0078125,4086410
2024-07-15,111572.28187226488,112658.7561744474,110569.3865595333,110903.6875,3527280
2024-07-16,111655.86311528605,112408.0364921831,110569.38879117504,111990.1640625,4602645
2024-07-17,111990.16212568576,112073.73360670957,108563.59624767517,110235.0859375,8015615
2024-07-18,109817.2080708493,109817.2080708493,106808.52227311925,106892.09375,12420230
2024-07-19,107477.11279197369,108062.13563533845,105304.171875,105304.171875,7534455
2024-07-22,105304.17594751986,105304.17594751986,102964.08448356044,103716.2578125,7149435
2024-07-23,104384.8610683354,106557.80225487762,104301.28958405906,104886.3125,6108340
2024-07-24,104886.2994881206,105805.61573578813,103632.67481881444,105304.171875,4774455
2024-07-25,103799.83530561934,104886.30962342763,103716.26382363499,104468.4296875,2947910
2024-07-26,105220.59578794066,106975.671875,103966.97859280472,106975.671875,4543765
2024-07-29,108647.16671209238,109148.61811954892,107811.421875,107811.421875,5588770
2024-07-30,107811.4166717573,108229.28907013594,106139.91956957457,106975.671875,2729870
2024-07-31,106390.6429302453,107477.1171875,105805.62006295468,107477.1171875,3299580
2024-08-01,108312.87046108143,108396.44945360869,103716.26614948447,104301.2890625,7900845
2024-08-02,102044.7543898837,104301.27423735069,101125.43065476739,102964.078125,11436405
2024-08-05,101209.01800512486,102713.35718583986,98116.74563879885,99119.6484375,11977480
2024-08-06,100289.70246274283,101877.62076193898,100122.55198251129,100958.296875,7737315
2024-08-07,101125.4426464269,101961.1875,100456.84826530216,101961.1875,3246220
2024-08-08,101626.89265763562,102295.48702950952,101041.86976649525,101459.7421875,3053135
2024-08-09,102295.49237219762,106056.359375,101961.19141446655,106056.359375,6320860
2024-08-12,106056.350625495,108814.31452757586,105471.32775206366,108647.1640625,7111025
2024-08-13,108396.453125,108814.3255757832,106975.68529060336,108396.453125,4712585
2024-08-14,109232.18432027163,109900.7861645648,108229.2890625,108229.2890625,3291530
2024-08-15,107894.99656457943,108229.29751282756,107142.82318535548,107560.703125,2596240
2024-08-16,107895.00015666761,109482.92595937783,107895.00015666761,109148.625,5857640
2024-08-19,109566.49046964325,109817.21241888063,108647.16664421487,109065.0390625,2873160
2024-08-20,109232.1872005767,110736.5338812358,109232.1872005767,109900.7890625,4302610
2024-08-21,109148.61821680509,111823.01070828592,109148.61821680509,111572.28125,7037655
2024-08-22,111990.15827747255,112408.0306855698,111572.278360707,111823.0078125,3473575
2024-08-23,111739.43610642257,111739.43610642257,110652.96927631114,111237.9921875,3513250
2024-08-26,111405.13574315909,111572.27869997159,109900.7890625,109900.7890625,2978845
2024-08-27,109900.79420466044,110820.11805348516,108981.47035583573,110736.5390625,2689275
2024-08-28,111154.40336654037,112408.02807033414,111070.83189033259,111405.1328125,3118225
2024-08-29,110987.2485837461,111823.00085662145,110485.80472868872,111739.421875,2406605
2024-08-30,111572.2834945202,112742.33680316618,111154.41106719525,112658.7578125,3813170
2024-09-02,112658.7578125,112658.7578125,112658.7578125,112658.7578125,0
2024-09-03,112658.7578125,112658.7578125,112658.7578125,112658.7578125,0
2024-09-04,111154.3984375,111154.3984375,109900.78129796487,111154.3984375,5215480
2024-09-05,111154.41573892906,111154.41573892906,108396.45159573435,109148.625,9263940
2024-09-06,109065.0381425654,111070.83624555152,108897.89518359595,110402.234375,4394610
2024-09-09,109315.77599065895,110235.09237024166,108730.75306334769,109733.6484375,3317980
2024-09-10,109482.91638787928,109482.91638787928,108312.8631323483,108647.1640625,4824365
2024-09-11,108647.17356093325,109733.64792457673,108480.02308124433,109148.625,3668960
2024-09-12,109482.91605580477,110736.53327706887,109482.91605580477,110569.3828125,4735700
2024-09-13,110485.80413148149,111488.69934484315,110318.65367780991,111154.3984375,3664820
2024-09-16,110151.50722979094,111154.40247962282,109566.484375,109566.484375,2203055
2024-09-17,109650.06072085272,111070.8359375,109650.06072085272,111070.8359375,3049110
2024-09-18,111488.706286693,112993.05295473762,111070.83388082912,112491.6015625,6186540
2024-09-19,112825.90422085753,113494.49857875907,112240.88134194302,112993.0546875,5927445
2024-09-20,113912.38519483326,114497.40810813213,112825.91085213443,113076.6328125,4277655
2024-09-23,113578.08229876327,113578.08229876327,111488.71264167907,111990.1640625,2807380
2024-09-24,111990.15883980451,112575.18171581186,111739.42938675254,112408.03125,2313110
2024-09-25,112240.88538517505,112658.7578125,111655.86248518639,112658.7578125,5151885
2024-09-26,112825.90569907933,112825.90569907933,111906.58187483509,112240.8828125,3237940
2024-09-27,112240.87585857228,112324.44733347658,111572.27402466597,112157.296875,3855720
2024-09-30,112157.30179694804,112408.03125,111154.40651074518,112408.03125,3485075
2024-10-01,112575.18282888117,113828.8000718626,112575.18282888117,113578.078125,5434785
2024-10-02,112491.60903675937,113578.08337112851,112491.60903675937,113160.2109375,1977770
2024-10-03,113160.20986908016,113745.23277237025,111990.1640625,111990.1640625,2645920
2024-10-04,112240.89267101386,112658.76512546396,111572.29073695838,112073.7421875,1688660
2024-10-07,112157.31367492236,112742.34412155546,111655.86973304988,112073.7421875,1530075
2024-10-08,112073.72975562468,112909.47457181918,111655.85734752743,111823.0078125,2424890
2024-10-09,112240.88707831602,113494.50437920155,112240.88707831602,113160.2109375,3012885
2024-10-10,113494.50145205227,118676.13601447696,113494.50145205227,118425.4140625,11445030
2024-10-11,118676.13435510715,119344.73622925517,116670.34375,116670.34375,4385640
2024-10-14,117923.96611713195,118091.11659292075,114580.97912736241,114998.8515625,6446095
2024-10-15,114998.85016259342,115834.60253136359,114163.10530249194,114497.40625,3289920
2024-10-16,113995.95429465112,114580.977195715,113661.65334870931,113912.3828125,3169400
2024-10-17,114079.52631128057,114580.97773254268,113243.7814511791,114497.40625,2966080
2024-10-18,114831.69968883938,115166.00063634745,114163.10530249194,114497.40625,2494810
2024-10-21,114497.39814760834,115082.42101001406,113243.7734375,113243.7734375,3083495
2024-10-22,113410.93335639164,113410.93335639164,111154.4131952337,111237.9921875,6910580
2024-10-23,111070.83015790425,112658.74825042974,110820.10822452337,112157.296875,3467365
2024-10-24,112157.30382374953,112240.8828125,111823.0103947531,112240.8828125,2618780
2024-10-25,112240.88601857613,112491.60797465226,111655.86311528605,111990.1640625,2114850
2024-10-28,112073.72628580975,112825.89960056475,111655.85389064989,112742.328125,1731900
2024-10-29,113160.2109375,113243.7824207582,112658.75951194453,113160.2109375,2828080
2024-10-30,113160.20571067286,113578.078125,112993.05524320832,113578.078125,1966270
2024-10-31,113578.078125,113661.64960439806,113076.62672260638,113578.078125,1427955
2024-11-01,112825.90249065841,112825.90249065841,111655.85675077222,112491.6015625,3067625
2024-11-04,112491.60452009644,112491.60452009644,110903.68633259728,110987.2578125,3660335
2024-11-05,111154.40278675561,111990.15508781484,110569.37993034818,110820.109375,1905665
2024-11-06,111237.98434490833,112491.6015625,111154.4053585346,112491.6015625,2071725
2024-11-07,113076.62703041955,114998.84614849174,112157.30321119624,112909.4765625,4106075
2024-11-08,113745.22162767847,114330.24447364836,112909.46934153012,113494.4921875,2422245
2024-11-11,114079.52050889739,116586.76997901394,113661.64810010073,115583.8671875,6085800
2024-11-12,115834.59667911431,116085.31862274393,113578.07666044285,114330.25,3351905
2024-11-13,114246.67615376686,115416.72195491135,113745.23224394418,115166.0,3973710
2024-11-14,115249.58202942222,116921.07178445993,113661.65625,113661.65625,5446745
2024-11-15,113076.62385895207,113410.92478541502,110820.11137699777,111906.578125,7548140
2024-11-18,111990.1640625,112491.60797465226,110736.53926478201,111990.1640625,4488910
2024-11-19,111572.27842965671,111655.85741652879,108563.59258429623,108647.1640625,8789220
2024-11-20,108647.16288696036,110652.9609375,105889.19901472011,110652.9609375,9729345
2024-11-21,110652.95458515306,111154.3984375,109482.90891811982,111154.3984375,3653205
2024-11-22,111070.83331751087,112324.45052874456,110736.53239104793,111906.578125,3353285
2024-11-25,111990.15711094985,111990.15711094985,111321.55525802396,111906.578125,2127155
2024-11-26,111488.70799638605,113578.07756641449,111405.13651739899,112993.0546875,4802515
2024-11-27,112993.06303533114,116753.92253229674,112993.06303533114,116085.328125,11286445
2024-11-28,116503.1875,117004.63888072652,115583.86372300208,116503.1875,5454105
2024-11-29,116503.19142880506,121517.67537050003,116168.89049704718,120598.3515625,13324705
2024-12-02,121439.92543398951,122870.6152634569,119167.66625018371,119672.609375,7609320
2024-12-03,119251.82900447254,122786.46136215598,119251.82900447254,122029.0390625,5869255
2024-12-04,122029.03731564461,123123.09341305659,120177.56649048584,120766.671875,6450465
2024-12-05,121187.45891348693,124974.5703125,120850.8251088932,124974.5703125,5576580
2024-12-06,127835.93616178542,127835.93616178542,124553.77543902164,125816.1484375,5222380
2024-12-09,125563.67364656778,125816.14521537106,122954.77304502376,123712.1953125,5219850
2024-12-10,123796.36071321457,125816.1484375,123712.19848074716,125816.1484375,4136780
2024-12-11,126236.93807948662,127667.62799501218,125984.4665018919,126657.7265625,5539090
2024-12-12,127835.94019896221,127835.94019896221,125563.68082764772,126405.2578125,4770085
2024-12-13,125816.1484375,126994.35920351092,125731.99376609919,125816.1484375,3886770
2024-12-16,125900.29431879194,126741.8787793753,125816.13965326665,126152.7734375,3784765
2024-12-17,126321.09711918293,126657.72336044333,124301.30186628808,124553.7734375,6839625
2024-12-18,124553.76989465162,126068.6144009674,124553.76989465162,125142.8828125,3361910
2024-12-19,123964.67765575199,125395.36764580796,123880.52297919204,124637.9453125,5525980
2024-12-20,124974.5714792255,126741.8876282419,124806.25457535728,125816.1484375,4069735
2024-12-23,125816.14561788901,126152.7794180813,125142.88557857089,126068.6171875,2892020
2024-12-24,126236.93650585898,126910.20411914102,125731.99335696403,126573.5703125,2646035
2024-12-25,126741.87842085944,127246.8290957811,126573.5615292189,126910.1953125,2890065
2024-12-26,127078.51102701042,127415.1448272027,125479.51181769672,126068.6171875,2568295
2024-12-27,125816.14220776607,126152.77599883423,125142.88218669599,125900.296875,2945955
2024-12-30,125731.9949242972,126910.2057011614,124974.57263044642,126657.7265625,2279760
2024-12-31,126826.03853515035,129519.10135603888,126489.40473740599,128340.890625,4143680
2025-01-01,128340.890625,128340.890625,128340.890625,128340.890625,0
2025-01-02,128340.89736086558,128509.20670750494,126321.10202945849,127920.09375,3648720
2025-01-03,127330.99241887969,127330.99241887969,125395.359375,125395.359375,4986515
2025-01-06,125479.51902773239,126405.2582509208,124890.4136240792,125647.8359375,3987165
2025-01-07,125816.15084124813,127330.99544393699,125816.15084124813,126321.1015625,3971295
2025-01-08,126236.94019088805,126236.94019088805,124637.9409042661,124806.2578125,4461885
2025-01-09,124806.25059677666,125563.67285950521,124553.77146848958,125227.0390625,1971560
2025-01-10,125227.04489200165,125479.5164709753,123880.51720236435,123964.671875,2903405
2025-01-13,122954.77544669293,124974.57071977093,121776.56468784183,124217.1484375,4012120
2025-01-14,124217.14520165978,124553.77143751491,122113.1953125,122113.1953125,3331780
2025-01-15,122870.6165872358,123291.4050494716,121860.72276565661,122449.828125,3267035
2025-01-16,122870.6165872358,123291.4050494716,121860.72276565661,122449.828125,3267035
2025-01-17,123375.56409904442,126321.09856143518,122870.62095085547,125395.359375,4067550
2025-01-20,125395.36053783643,126573.57130929208,124722.09291925226,126236.9375,2550355
2025-01-21,126657.71655278391,127415.13878677589,125395.35120350803,126152.7734375,2852345
2025-01-22,125900.29870797452,126741.88319789749,125563.67247307168,125984.4609375,3203440
2025-01-23,126321.10175268241,131286.4164943342,126236.93951848034,129855.7265625,8116470
2025-01-24,129687.4176456649,130024.05146145432,129098.3046875,129098.3046875,4204055
2025-01-27,129098.3046875,129098.3046875,129098.3046875,129098.3046875,0
2025-01-28,129098.3046875,129098.3046875,129098.3046875,129098.3046875,0
2025-01-29,129098.3046875,129098.3046875,129098.3046875,129098.3046875,0
2025-01-30,129098.3046875,129098.3046875,129098.3046875,129098.3046875,0
2025-01-31,129098.3046875,129098.3046875,129098.3046875,129098.3046875,0
2025-02-03,124553.77043617901,125563.6718188245,122281.51122789242,122449.828125,14659855
2025-02-04,122870.62839921153,123712.20540458683,122281.52298323542,123038.9453125,6287855
2025-02-05,123628.05230882022,124132.99549407329,122702.3130544334,123123.1015625,5984715
2025-02-06,123712.19471633316,123964.66628391978,122533.98398617377,123291.40625,3940590
2025-02-07,123291.40723768985,123459.72413778478,122702.30186789083,122954.7734375,4445785
2025-02-10,122449.83130938368,122449.83130938368,119504.296875,119504.296875,8912040
2025-02-11,119672.61651182201,122365.671875,117905.30034743645,122365.671875,6165610
2025-02-12,122533.98978262623,122618.14445544724,121439.93366955276,122029.0390625,2170510
2025-02-13,122029.03832496879,122029.03832496879,120093.40525111709,120430.0390625,3278420
2025-02-14,121187.46052264016,122029.03748423258,120850.82671357653,121944.8828125,3739455
2025-02-17,122029.03890941643,122029.03890941643,120682.5112185024,120850.828125,2836245
2025-02-18,121019.1424555093,121524.0931642538,120430.03707584066,121103.3046875,1914060
2025-02-19,121103.30626547933,121944.88322995271,120430.03864504729,121187.4609375,3484270
2025-02-20,121355.77667234272,121692.41047931249,120345.8828125,120345.8828125,3893210
2025-02-21,120177.56448093907,120261.7191511482,119083.50840182132,119504.296875,6109490
2025-02-24,119504.29508816099,119504.29508816099,117400.352753726,118241.9296875,8622585
2025-02-25,118157.7653986808,118157.7653986808,116306.29466442509,116979.5546875,7831960
2025-02-26,117063.72527045956,119335.9921875,116895.4083624121,119335.9921875,3821910
2025-02-27,119504.29285484579,119672.60975066833,118410.24437359862,118915.1875,3934955
2025-02-28,117905.29248089799,118746.86939034183,116979.55334387007,118073.609375,5398560
2025-03-03,118241.9296875,118999.35195232315,118073.61278853191,118241.9296875,2913985
2025-03-04,117400.35216024017,118326.08375828524,117232.03526212298,117821.140625,3991995
2025-03-05,117821.14101349165,117905.29568229456,117063.71875,117063.71875,3278765
2025-03-06,117400.35573259165,120766.67111416945,117400.35573259165,119167.671875,7379665
2025-03-07,119251.82312959185,120093.40006060898,118746.87243434176,118999.3515625,3397675
2025-03-10,119083.50987967664,119083.50987967664,117147.87683017988,117232.0390625,6121450
2025-03-11,116137.98379388655,116558.77227527309,115296.40683111345,115717.1953125,6652060
2025-03-12,115885.50859702137,116727.08553350372,114370.6640625,114370.6640625,7112750
2025-03-13,114538.98313067328,116137.98236469152,114538.98313067328,114875.609375,4151730
2025-03-14,114118.20257997718,114707.30799979552,110078.61931790832,110583.5625,18508100
2025-03-17,110751.87140666462,111172.65988167233,109068.70994556721,109405.34375,7713050
2025-03-18,109489.50598164147,111256.8221133138,109405.34375,109405.34375,6334775
2025-03-19,109489.5087779316,109910.29726368598,103935.08110720033,104860.8203125,20847660
2025-03-20,104860.81906454275,106712.28989204085,104776.65683175345,105197.4453125,9433910
2025-03-21,105197.44158289819,108563.76443165635,105197.44158289819,107722.1875,7388520
2025-03-24,108142.97715454648,108816.23719505883,107133.07575217827,108563.765625,5853730
2025-03-25,109237.03038636807,109321.19262073586,106459.8203125,106459.8203125,6473580
2025-03-26,106459.8159225766,106459.8159225766,103261.80993087453,103514.2890625,11194790
2025-03-27,102672.70397687709,106459.81531912791,101915.28926949335,106207.34375,7434060
2025-03-28,106123.19126837929,106375.67042176714,104355.875,104355.875,3386520
2025-03-31,103850.92019577808,103850.92019577808,101831.125,101831.125,6217245
2025-04-01,102672.70922118498,102841.02612955634,99979.66137044365,101410.34375,8997945
2025-04-02,101999.44309255613,102925.18225309951,101662.80929580102,102672.703125,4508230
2025-04-03,96529.18269017062,98969.7589345828,95519.28125,95519.28125,13207635
2025-04-04,88870.80448285452,95855.91448250464,88870.80448285452,95098.4921875,24810675
2025-04-07,95098.4921875,95098.4921875,95098.4921875,95098.4921875,0
2025-04-08,89207.43791680025,90890.59940536378,88450.015625,88450.015625,18717860
2025-04-09,82306.47852743072,90890.5948874529,82306.47852743072,88618.328125,19427295
2025-04-10,94761.8671875,94761.8671875,94761.8671875,94761.8671875,1156210
2025-04-11,98464.81424846496,99727.1796875,96192.54738492193,99727.1796875,22107600
2025-04-14,100989.55268760167,100989.55268760167,95940.07580932825,99727.1796875,10600010
2025-04-15,97707.3887923466,98464.81105563401,95687.59356989135,97623.2265625,8926760
2025-04-16,96360.86513955465,97539.07591748038,90806.4375,90806.4375,20737030
2025-04-17,88365.85568237977,93667.80384767475,88281.69345438486,92068.8046875,9867115
2025-04-18,92994.5420508859,96781.65351950418,92994.5420508859,93920.28125,8608325
2025-04-21,94256.91689496527,94677.70538609634,92573.75536937418,94004.4453125,4982145
2025-04-22,93415.33350385475,93583.6428399067,87524.27234898122,92910.3828125,10496395
2025-04-23,94004.43886323547,94004.43886323547,90638.11604300309,92910.3828125,6567420
2025-04-24,93836.12558401383,95687.5964015663,93078.70329831209,94256.9140625,8901115
2025-04-25,94256.91307132435,94593.546875,92742.06851585048,94593.546875,6191715
2025-04-28,94256.9108185887,94593.54461421882,91900.48937131058,92152.9609375,4431755
2025-04-29,92237.12158242358,92994.5362679804,91816.32556458152,92068.8046875,3387325
2025-04-30,92068.8046875,92068.8046875,92068.8046875,92068.8046875,0
2025-05-01,92068.8046875,92068.8046875,92068.8046875,92068.8046875,0
2025-05-02,92068.8046875,92068.8046875,92068.8046875,92068.8046875,0
2025-05-05,92152.9692025667,92321.28611547787,89964.86445685569,91395.546875,8242740
2025-05-06,92152.9692025667,92321.28611547787,89964.86445685569,91395.546875,8242740
2025-05-07,91395.54205831006,93415.33734573053,91395.54205831006,92321.28125,6539130
2025-05-08,92237.12657851301,93583.6466887045,91648.01363383765,92321.28125,4515820
2025-05-09,92910.39371134626,96445.02628226038,91732.18285437489,96192.5546875,14541635
2025-05-12,98464.8186041533,99895.50101056066,98212.33945632433,99558.8671875,10022480
2025-05-13,98464.8186041533,99895.50101056066,98212.33945632433,99558.8671875,10022480
2025-05-14,100989.55411060751,101242.02568975868,99811.34332647976,100568.765625,9850785
2025-05-15,100989.54418026768,106291.4921875,100989.54418026768,106291.4921875,13892345
2025-05-16,106459.81831580625,106796.45212483013,104019.23454198304,105197.4453125,8977245
2025-05-19,99979.66166409719,101410.34404785564,98128.183227641,99474.7109375,11404205
2025-05-20,99979.66166409719,101410.34404785564,98128.183227641,99474.7109375,11404205
2025-05-21,98296.50125525692,100400.45129842416,98296.50125525692,100316.2890625,9097995
2025-05-22,100989.55715497432,100989.55715497432,98464.8186041533,99558.8671875,6928060
2025-05-23,98548.9637498484,98969.75220745112,97286.5983770402,98296.4921875,7303305
2025-05-26,98212.338333681,99138.07755598241,96781.65594362745,98717.2890625,4626910
2025-05-27,98212.338333681,99138.07755598241,96781.65594362745,98717.2890625,4626910
2025-05-28,98801.44107055305,100484.6025601284,98801.44107055305,100147.96875,6322930
2025-05-29,100316.2834821066,100484.60038352488,98885.601161651,99643.0234375,4523640
2025-05-30,100147.96799444647,100147.96799444647,98548.96875,98548.96875,3372950
2025-06-02,98044.0322679843,98548.97545264363,97286.60992992819,97707.3984375,3353860
2025-06-03,98044.0322679843,98548.97545264363,97286.60992992819,97707.3984375,3353860
2025-06-04,98212.33990001594,99306.39604937218,97875.71363650147,98801.4453125,3908390
2025-06-05,99306.3910365413,99474.70794033565,98044.02559968353,98548.96875,3304295
2025-06-06,98548.9637498484,98717.28064510273,98044.0206251516,98296.4921875,2648220
2025-06-09,97202.44148977389,98380.65226022611,96781.65300905048,97791.546875,3512905
2025-06-10,97202.44148977389,98380.65226022611,96781.65300905048,97791.546875,3512905
2025-06-11,98464.81390469735,98801.44015062481,97370.7578125,97370.7578125,3862850
2025-06-12,98559.24526016247,100341.96960181056,98559.24526016247,100087.296875,6605945
2025-06-13,99832.61890327442,99917.51489889502,98898.81634035888,99323.2734375,4776065
2025-06-16,97710.31797919486,101700.23115272242,97625.42961734791,101021.09375,9279465
2025-06-17,97710.31797919486,101700.23115272242,97625.42961734791,101021.09375,9279465
2025-06-18,101021.08921607416,101275.76954415812,100341.95947081843,100851.3125,5290345
2025-06-19,100851.32508879785,101445.56655019287,98813.92034473829,99323.2734375,7540205
2025-06-20,99323.2655034568,99408.15386530913,98219.6710374563,98474.34375,6215635
2025-06-23,98049.88443142801,98729.02181857199,97200.97032448457,98389.453125,5275395
2025-06-24,98049.88443142801,98729.02181857199,97200.97032448457,98389.453125,5275395
2025-06-25,98729.02814233901,99323.26958065893,98729.02814233901,98898.8125,4912685
2025-06-26,99323.26788611128,101360.6648893091,99323.26788611128,99408.15625,6900805
2025-06-27,100172.18763178223,100426.86036466944,98983.7047089922,99323.2734375,4752145
2025-06-30,100087.29602535139,101445.56326845573,99832.61567371571,100341.96875,7887965
2025-07-01,100087.29602535139,101445.56326845573,99832.61567371571,100341.96875,7887965
2025-07-02,101021.08921607416,101445.55388721864,100341.95947081843,100851.3125,5300810
2025-07-03,100596.64306828086,100766.42742973198,99832.61725524442,100681.5390625,4210955
2025-07-04,100596.636750979,101700.23121761378,100002.39533671105,100172.1796875,7249945
2025-07-07,104671.44136156116,105859.9242249847,104416.76864139522,105095.8984375,7340220
2025-07-08,104671.44136156116,105859.9242249847,104416.76864139522,105095.8984375,7340220
2025-07-09,105350.57175061286,106708.83887912065,105265.67576490127,105690.1328125,9273830
2025-07-10,105944.820307198,106029.70867166377,103822.52729869723,104246.984375,14028160
2025-07-11,105095.9008816457,106369.27976606331,104841.22815555702,105180.796875,5957230
2025-07-14,107982.21648880902,108576.45791643276,106114.59621514195,107897.328125,6875160
2025-07-15,107982.21648880902,108576.45791643276,106114.59621514195,107897.328125,6875160
2025-07-16,107472.86105057478,108491.56715569772,106963.515625,106963.515625,6440000
2025-07-17,107557.7561990543,107812.42890985172,106199.48902982372,107218.1875,5822450
2025-07-18,107557.76476891109,109595.16187159691,106963.52331171211,107812.4375,9584330
2025-07-21,109730.98563576609,109730.98563576609,107680.8515625,107680.8515625,7563700
2025-07-22,109730.98563576609,109730.98563576609,107680.8515625,107680.8515625,7563700
2025-07-23,107680.85159734612,109535.73480709188,106118.844683876,109438.109375,6889600
2025-07-24,109633.35369381709,110121.48082513416,108657.09943118291,109145.2265625,4795100
2025-07-25,109340.48829882988,109438.11373481098,108168.9830670567,108461.859375,6420800
2025-07-28,108168.97442160826,108949.97784703504,107876.09813707322,108657.1015625,7611000
2025-07-29,108168.97442160826,108949.97784703504,107876.09813707322,108657.1015625,7611000
2025-07-30,108657.10078125,108949.97706367924,103482.953125,103482.953125,16059500
2025-07-31,104459.21484743166,105435.46919180018,102799.58246200517,103580.5859375,7488200
2025-08-01,103580.58727463942,104361.59076021635,101335.20225360576,101530.453125,8944200
2025-08-04,103971.08550510084,104068.7109375,102311.4531543152,104068.7109375,4617800
2025-08-05,103971.08550510084,104068.7109375,102311.4531543152,104068.7109375,4617800
2025-08-06,104459.20826441399,106118.84054525047,102506.699698724,103287.703125,11395000
2025-08-07,103482.95787654909,103678.20874046712,102018.57639716397,102409.078125,11814200
2025-08-08,103092.45833333333,104849.71614583333,102409.08029513889,103678.2109375,9565800
2025-08-11,103385.33377144032,106899.84936707001,102799.58117216869,103873.4609375,10278500
2025-08-12,103385.33377144032,106899.84936707001,102799.58117216869,103873.4609375,10278500
2025-08-13,104849.71831395349,105630.72180232558,104068.7148255814,104947.34375,11011800
2025-08-14,105044.9639034253,105240.21476569933,102409.07726272597,102604.328125,21845000
2025-08-15,103287.71185573218,103287.71185573218,101237.5776884634,101335.203125,17905400
2025-08-18,98992.19141791045,100554.19838308457,97625.43532338308,98113.5625,11392300
2025-08-19,98992.19141791045,100554.19838308457,97625.43532338308,98113.5625,11392300
2025-08-20,98211.18097270688,99089.80982832752,97625.42840229312,97918.3046875,9153600
2025-08-21,97723.05723835721,97918.30810197032,95184.7960113869,95380.046875,19969500
2025-08-22,95380.05279775074,100456.57556692479,95380.05279775074,99285.0703125,12624800
2025-08-25,99577.9355389676,99577.9355389676,96453.921875,96453.921875,6736000
2025-08-26,99577.9355389676,99577.9355389676,96453.921875,96453.921875,6736000
2025-08-27,96453.92453125,97625.4296875,95575.2956640625,97625.4296875,5812500
2025-08-28,98992.19513392857,102604.33637648809,98796.94425595237,102506.7109375,19436400
2025-08-29,102604.33072667464,102604.33072667464,100358.94575358852,102018.578125,6280200
2025-09-01,102018.578125,102018.578125,102018.578125,102018.578125,0
2025-09-02,102018.578125,102018.578125,102018.578125,102018.578125,0
2025-09-03,99577.94013444766,100847.07074400436,97625.43150436046,100749.4453125,9744200
2025-09-04,99577.94013444766,100847.07074400436,97625.43150436046,100749.4453125,9744200
2025-09-05,100847.07847470239,102994.83813244048,100749.45303571428,102506.7109375,11033600
2025-09-08,100554.19222276742,101432.82108684986,99480.3125,99480.3125,10600300
2025-09-09,100554.19222276742,101432.82108684986,99480.3125,99480.3125,10600300
2025-09-10,99577.93707149853,100554.19135651323,98601.68278648384,99675.5625,6460700
2025-09-11,99675.56639081029,100456.5698493083,98699.31206768774,98796.9375,5498500
2025-09-12,98796.93406862745,100456.56636029412,98113.55606617646,99577.9375,7414200
2025-09-15,99480.3125,101042.31936947988,99089.81078263003,99480.3125,14123100
2025-09-16,99480.3125,101042.31936947988,99089.81078263003,99480.3125,14123100
2025-09-17,100261.31687047101,102311.4509057971,99577.93885869565,101042.3203125,17531600
2025-09-18,101530.44668246445,105240.2130035545,101530.44668246445,102994.828125,20018000
2025-09-19,103482.958282767,103775.83457979369,100554.1953125,100554.1953125,8198400
2025-09-22,100066.06675495235,100261.31761691323,97234.92925651955,97332.5546875,16280200
2025-09-23,100066.06675495235,100261.31761691323,97234.92925651955,97332.5546875,16280200
2025-09-24,97625.43048469388,97625.43048469388,95184.79472257652,95672.921875,18291200
2025-09-25,95770.54864164573,97137.3046875,95087.17061871859,97137.3046875,7421100
2025-09-26,97137.3033322704,97137.3033322704,95575.2964445153,95672.921875,8627700
2025-09-29,95477.67403468586,95477.67403468586,93232.2890625,93232.2890625,10430900
2025-09-30,95477.67403468586,95477.67403468586,93232.2890625,93232.2890625,10430900
2025-10-01,93232.28414818548,93525.16043346774,90596.39758064516,90791.6484375,12018800
2025-10-02,90986.89758431478,92256.02813001873,89229.63990564775,91182.1484375,7405100
2025-10-03,90694.02689841205,91182.15406148208,89815.398004886,89913.0234375,7933800
2025-10-06,92060.78385962041,93622.7907967932,91279.78039103403,93232.2890625,6580000
2025-10-07,92060.78385962041,93622.7907967932,91279.78039103403,93232.2890625,6580000
2025-10-08,93720.41623036649,94013.29253108638,92939.4127617801,93232.2890625,5997500
2025-10-09,93232.2855489418,94599.04156746031,92256.03125,92256.03125,5132100
2025-10-10,92744.15970010616,92744.15970010616,91279.7782311571,91963.15625,5716300
2025-10-13,92646.53513962767,92646.53513962767,91475.02995345744,91767.90625,7915000
2025-10-14,92646.53513962767,92646.53513962767,91475.02995345744,91767.90625,7915000
2025-10-15,91865.53872429654,92256.04048295454,90205.90625,90205.90625,12659600
2025-10-16,90401.14562988281,90889.27276611328,87374.7573852539,87472.3828125,18738600
2025-10-17,87667.6328125,89327.26505950723,87472.38195991091,87667.6328125,7928500
2025-10-20,86203.25560344827,89620.14568965517,84934.125,84934.125,14580300
2025-10-21,86203.25560344827,89620.14568965517,84934.125,84934.125,14580300
2025-10-22,86886.63130040323,90791.6484375,86398.50415826614,90791.6484375,19520200
2025-10-23,92939.41404639174,96649.1805734536,92744.16317654638,94696.671875,18311100
2025-10-24,94891.92365131578,94989.54908717105,91767.90970394737,92744.1640625,6647600
2025-10-27,96649.17617984694,97332.55419323979,94013.2895567602,95672.921875,12897800
2025-10-28,96649.17617984694,97332.55419323979,94013.2895567602,95672.921875,12897800
2025-10-29,96258.6720890411,99773.1875,96258.6720890411,99773.1875,20912700
2025-10-30,99968.44837758112,100749.45188053098,98699.31768528762,99285.0703125,9302800
2025-10-31,99675.56771086903,101042.32378134129,99187.44054284324,100261.3203125,9730600
2025-11-03,101335.20566964286,103775.84164434523,101042.32935267857,102506.7109375,20963600
2025-11-04,101628.07376119313,102213.82634771298,99285.06341511375,100847.0703125,10620700
2025-11-05,101628.07376119313,102213.82634771298,99285.06341511375,100847.0703125,10620700
2025-11-06,98504.05768930889,99577.93740643712,97039.67625686128,97820.6796875,6751800
2025-11-07,97137.30600247525,99382.69096534654,97137.30600247525,98601.6875,5863600
2025-11-10,98796.93558341997,98796.93558341997,93915.6640625,93915.6640625,10072600
2025-11-11,94501.417078564,95575.29681809313,93818.0390625,93818.0390625,6624200
2025-11-12,94208.5446694831,98211.1875,94208.5446694831,98211.1875,6635300
2025-11-13,98211.17912664308,98308.80455321031,96356.29602186552,96551.546875,4757400
2025-11-14,96551.5499609375,98504.0585546875,95868.171953125,97625.4296875,4699900
2025-11-17,98211.18576732674,99382.69096534654,98211.18576732674,98601.6875,5585100
2025-11-18,98601.68398437499,98699.3094140625,96453.92453125,97625.4296875,6500100
2025-11-19,97137.3033322704,97137.3033322704,95672.921875,95672.921875,5169300
2025-11-20,96258.67017045454,97332.54985795454,95770.54303977273,96649.171875,4593100
2025-11-21,95672.92534722222,98796.93923611111,95477.67447916667,98406.4375,7936900
2025-11-24,98308.8068316492,98699.30854696856,97234.92711452096,97820.6796875,5061800
2025-11-25,97332.5546875,97918.30727338264,96649.17667063691,97332.5546875,4494900
2025-11-26,97430.1752840909,97820.67698863636,96551.54644886364,96649.171875,5830900
2025-11-27,96844.4283919598,97430.1809830402,95770.54864164573,97137.3046875,4780500
2025-11-28,96746.80556449537,97039.68186791967,94794.296875,94794.296875,6210400
2025-12-01,95583.42391304347,96372.55434782608,94794.29347826086,95287.5,3125100
2025-12-02,95484.78260869565,95977.98913043478,94103.80434782608,95287.5,5560800
2025-12-03,95682.0652173913,95682.0652173913,94695.65217391304,95287.5,6475300
2025-12-04,95682.0652173913,95682.0652173913,94695.65217391304,95287.5,6475300
2025-12-05,96175.27449324324,96175.27449324324,94794.29619282745,94892.9375,5062500
2025-12-08,95287.49965641361,95977.98878435865,94202.4453125,94202.4453125,5278600
2025-12-09,94202.44364357585,95682.06317724458,93117.38931888544,95583.421875,9961500
2025-12-10,95780.70548672856,95780.70548672856,94301.0859375,94301.0859375,3894100
2025-12-11,94597.01494140625,95287.5041015625,94301.091015625,94695.65625,5201600
2025-12-12,94695.65635005337,94695.65635005337,92229.62363260405,92426.90625,5519800
2025-12-15,92624.18818296908,93117.3947228145,92229.62295109275,92525.546875,3524800
2025-12-16,92624.18847964963,94103.80810392518,90750.00362223393,93610.6015625,6295300
2025-12-17,93117.39598540147,94991.58086222628,93117.39598540147,94597.015625,4967800
2025-12-18,93117.39598540147,94991.58086222628,93117.39598540147,94597.015625,4967800
2025-12-19,92722.82880724175,93709.24187965921,92328.26357827475,92624.1875,4492600
2025-12-22,92821.4714847919,93018.75410218783,92229.62363260405,92426.90625,6142400
2025-12-23,92722.828125,94597.0129488032,92328.26289893617,92722.828125,6006900
2025-12-24,92821.4721721421,92920.11348157052,91835.0590778579,92328.265625,3901500
2025-12-25,92821.4721721421,92920.11348157052,91835.0590778579,92328.265625,3901500
2025-12-26,91440.49355574325,91736.4174831081,89763.59130067567,91243.2109375,6612400
2025-12-29,91243.20652173914,93610.59782608696,91243.20652173914,93018.75,6300900
2025-12-30,93216.03327396372,95287.5006800518,93018.7506638601,95188.859375,7271200
2025-12-31,95484.78810020877,95682.07072025053,93906.52713987474,94498.375,3082600
2026-01-01,94498.375,94498.375,94498.375,94498.375,0
2026-01-02,94498.375,94498.375,94498.375,94498.375,0
2026-01-05,94399.73134046052,94399.73134046052,91933.69865131579,93709.2421875,7029300
2026-01-06,93413.3172706117,93511.95857712766,92328.26289893617,92722.828125,5397500
2026-01-07,92821.46903044872,96273.91474358975,92722.82772435897,96175.2734375,11427400
2026-01-08,96767.12025582901,96767.12025582901,95188.859375,95188.859375,5576200
2026-01-09,94794.29582424281,98542.66548222536,94695.65451745379,96076.6328125,10048700
2026-01-12,96668.48194095478,98148.1015625,96668.48194095478,98148.1015625,9076600
2026-01-13,98345.38043478261,100318.20652173914,96569.83695652174,97556.25,9411100
2026-01-14,97654.8929891032,99726.36041614479,96471.19731650801,98444.0234375,11900400
2026-01-15,98444.02449238578,100318.20932741117,97063.0461928934,97161.6875,7401400
2026-01-16,98148.10103573123,103869.296875,98148.10103573123,103869.296875,23871100
2026-01-19,107223.09782608696,107223.09782608696,104066.57608695653,104362.5,14710500
2026-01-20,104658.4277212416,105546.19949267533,102586.96025456293,102685.6015625,12213100
2026-01-21,101797.83142857143,105052.99464285714,99726.36392857143,103573.375,14517300
2026-01-22,104066.57608695653,104362.5,102093.75,102093.75,8095100
2026-01-23,102192.3926980198,103178.80575495049,99627.71875,99627.71875,9418000
2026-01-26,98838.58972081219,100219.56802030456,96668.480964467,97161.6875,11183100
2026-01-27,98246.74078721841,101107.33866154504,97753.53425716209,100712.7734375,10585500
2026-01-28,101008.69665071771,104362.50103169857,100910.05534539474,103080.1640625,11949800
2026-01-29,103573.37527980679,105743.48409519321,102291.03825253299,104658.4296875,14247700
2026-01-30,104954.34886363636,104954.34886363636,102488.31623056221,103080.1640625,10833200
2026-02-02,101896.46974622483,102882.8828125,100219.56753355704,102882.8828125,9331400
2026-02-03,103474.73340501684,103967.93995127527,101501.90721998316,102488.3203125,9097000
2026-02-04,101699.18787567467,102093.75310506624,100120.92695810844,100515.4921875,11639700
2026-02-05,99824.99930555555,100515.48843118687,97654.890625,97654.890625,18088600
2026-02-06,96668.47928406762,98641.30539190574,95386.14231397286,96273.9140625,9766800
2026-02-09,97457.60801767677,98049.45583964647,96569.83628472223,97654.890625,5108600
2026-02-10,98542.66269651073,98542.66269651073,95977.98879249745,96471.1953125,6113500
2026-02-11,96865.76289934077,98148.09988273327,96076.63244802231,97260.328125,5507500
2026-02-12,97654.89198507085,97852.1745951417,97063.04415485829,97457.609375,4125200
2026-02-13,96767.12164135513,97161.68686721183,94991.578125,94991.578125,18508400
2026-02-16,94991.578125,94991.578125,94991.578125,94991.578125,0
2026-02-17,94991.578125,94991.578125,94991.578125,94991.578125,0
2026-02-18,94991.578125,94991.578125,94991.578125,94991.578125,0
2026-02-19,94991.578125,94991.578125,94991.578125,94991.578125,0
2026-02-20,94991.578125,94991.578125,94991.578125,94991.578125,0
2026-02-23,95484.78121693121,95484.78121693121,91835.05300925925,93216.03125,22660400
2026-02-24,92722.83057432433,92722.83057432433,91243.2109375,91243.2109375,28539000
2026-02-25,90947.28682659933,91243.210753367,87790.76494107745,87889.40625,47733100
2026-02-26,88777.17627762431,90947.28503107735,88678.53497064917,89270.3828125,17525500
2026-02-27,89763.58862015608,92229.62127455598,89073.09947692411,91637.7734375,18705600
2026-03-02,88875.81590053014,90256.79417201452,88086.68545968192,88382.609375,17245400
2026-03-03,88875.81590053014,90256.79417201452,88086.68545968192,88382.609375,17245400
2026-03-04,85719.29347826086,85817.93478260869,83055.97826086957,83943.75,23755700
2026-03-05,85324.73313462677,85620.65706457346,83253.265625,83253.265625,15906800
2026-03-06,83253.26122089461,83450.5438304228,80392.6633827359,80491.3046875,23713900
2026-03-09,74967.39130434782,75657.88043478261,74868.75,74868.75,17633000
2026-03-10,75361.95554245282,78518.47724056603,75361.95554245282,78419.8359375,21099200
2026-03-11,78913.04551122195,79899.45858011223,77236.14329410848,79110.328125,10652800
2026-03-12,77729.35127091377,78123.91650579151,76447.01425756112,76644.296875,12722400
2026-03-13,76052.44599228897,77433.42425933441,75263.31555397727,75953.8046875,9026000
2026-03-16,76052.44565217392,78222.55434782608,76052.44565217392,77137.5,8662000
2026-03-17,78321.1953125,80195.38008698048,78025.27140073993,78321.1953125,9218800
2026-03-18,78913.04866412214,79110.33128578245,77038.86375834924,77532.0703125,6352700
2026-03-19,76644.2951965332,76742.93650309245,75559.24082438152,75756.5234375,11602900
2026-03-20,75460.59887106234,75460.59887106234,72600.00100536193,73586.4140625,21423700
2026-03-23,72698.64472896716,75066.03614483585,70627.17724008208,72106.796875,13156200
2026-03-24,74474.18818385279,74868.75341926393,73093.2098599138,74375.546875,5189700
2026-03-25,75164.6742491883,75953.8046875,74572.82642045454,75953.8046875,7429300
2026-03-26,75953.80822523584,75953.80822523584,73191.8515625,73191.8515625,9743400
2026-03-27,73487.77040900131,75263.31385512484,72994.56389618923,75066.03125,9080300
2026-03-30,73389.13555743243,74178.2660472973,72501.36375633445,72994.5703125,7814800
2026-03-31,73882.33729710508,74474.18512592035,73389.13077309237,73685.0546875,5639200
2026-04-01,74868.75410856574,75263.31934760956,73980.98232071713,74276.90625,8534000
2026-04-02,74178.26121151271,74178.26121151271,73191.84816348729,73685.0546875,5224400
2026-04-03,73685.05949113176,74474.18998099663,72895.9290012669,72994.5703125,6333100
2026-04-06,72994.56317658999,73487.76968453992,72501.35666864004,72895.921875,4593000
2026-04-07,73487.77686866555,73487.77686866555,72797.28769003379,72994.5703125,4713000
2026-04-08,74967.39293615677,78025.2734375,74079.62117770228,78025.2734375,14610000
2026-04-09,78025.27105284164,78123.91235632185,77038.8580180396,77236.140625,6272100
2026-04-10,77532.0686534749,77926.63388835263,76249.73164012226,76644.296875,6099800
2026-04-13,75855.16235608552,75953.80365953948,74868.74932154606,74967.390625,9559100
2026-04-14,75953.80228838582,76151.08489173229,74967.38927165353,75164.671875,7092500
2026-04-15,75855.16060877164,75953.8019099534,73980.97588631824,74079.6171875,10047800
2026-04-16,74572.83059210527,74572.83059210527,72994.56962719299,73093.2109375,11316400
2026-04-17,73980.97759046053,76940.21669407895,73882.33628700658,74967.390625,12349600
2026-04-20,75263.31622846228,75953.80536817295,75066.03361711638,75855.1640625,6876800
2026-04-21,75953.8019099534,76348.36711468043,74079.6171875,74079.6171875,7119000
2026-04-22,74474.18581392427,74474.18581392427,73093.20753393097,73586.4140625,8145000
2026-04-23,73980.9813467362,74967.39443135935,73093.20957057537,73290.4921875,7968500
2026-04-24,72994.56658719346,73093.20789339238,72205.43613760218,72402.71875,10459800
2026-04-27,72402.71875,72402.71875,72402.71875,72402.71875,0
2026-04-28,72402.71973706318,73389.1328125,71909.51319934476,73389.1328125,9503800
2026-04-29,72402.72003311258,74474.1875,72402.72003311258,74474.1875,9163000
2026-04-30,74474.1875,74474.1875,74474.1875,74474.1875,0
2026-05-01,74474.1875,74474.1875,74474.1875,74474.1875,0
2026-05-04,73882.33626611262,74079.61887296473,72599.99932157395,72698.640625,8285900
2026-05-05,72698.64433672611,73487.77480442463,71810.87256056527,73290.4921875,6841400
2026-05-06,73191.84988915415,73191.84988915415,72008.15420361528,72304.078125,9455600
2026-05-07,72895.92803938357,73290.49327910959,72008.15625,72008.15625,10186100
2026-05-08,72205.43858657859,72304.07989612309,70923.1015625,70923.1015625,13444300
2026-05-11,70725.81626116071,70725.81626116071,69048.9140625,69048.9140625,16909100
2026-05-12,69147.55906958216,70528.53742475212,69048.91775849859,69640.765625,8533300
2026-05-13,69640.76493988684,70528.53673090522,69048.91707920792,69739.40625,11517600
2026-05-14,70133.96543048037,74276.9000972598,70035.3241288904,72895.921875,21565500
2026-05-15,73191.85266632373,73191.85266632373,71712.23300325789,71909.515625,6386100
2026-05-18,71909.50987775368,74276.90114944927,71021.73815086782,73882.3359375,18323700
2026-05-19,73980.97997063758,74770.11042365772,73290.49082424496,73487.7734375,11279900
2026-05-20,73783.69892213642,77433.42734475547,71810.87274774775,76644.296875,25976600
2026-05-21,76644.29727328432,76841.57989174836,74671.47108864378,75460.6015625,11809100
2026-05-22,75756.51930758989,76545.64971704394,74079.6171875,74079.6171875,11668800
2026-05-25,73586.4137329932,74572.8267857143,72501.359375,72501.359375,10441000
2026-05-26,72600.00167785234,73586.41474412751,72600.00167785234,73487.7734375,5104800
2026-05-27,73487.77173913043,74276.90217391304,72106.79347826086,72600.0,9176300
2026-05-28,72800.0,73100.0,71200.0,71200.0,10646900
2026-05-29,71200.0,72500.0,70800.0,71600.0,5446700
2026-06-01,72200.0,73400.0,72100.0,72900.0,5972700
