Date,Open,High,Low,Close,Volume
2021-06-04,56953.38704603469,59548.07355343103,55137.105851956025,59288.609375,271584
2021-06-07,59612.94441789735,59742.67970863235,55785.77889726547,58834.5390625,2039088
2021-06-08,58834.5390625,58834.5390625,58834.5390625,58834.5390625,0
2021-06-09,57342.5944044083,57731.79387679081,55850.644991406676,56693.91796875,1092539
2021-06-10,56110.11902777316,56564.19256075118,55461.448941103125,55850.6484375,1306231
2021-06-11,56434.453125,56629.056053426786,55915.511982528566,56434.453125,492563
2021-06-14,57731.7907062331,58639.931277268304,57083.12069521141,58056.12890625,2074136
2021-06-15,58056.13399525299,58250.73693232136,57407.463927371085,57537.19921875,691630
2021-06-16,58250.73370037657,60002.147258792305,58056.13077410542,59612.94140625,2710674
2021-06-17,58964.272539364065,61299.48853371972,58704.80196587596,60910.2890625,2098720
2021-06-18,60780.55679568754,60845.424442282565,60002.15142555995,60131.88671875,949448
2021-06-21,60391.340291432825,62272.48893371155,60067.00850453033,60326.47265625,1219620
2021-06-22,61299.48646651203,61753.55995480347,60650.81644367936,61558.95703125,1605022
2021-06-23,61494.0914638358,61753.562037323914,60196.75137442014,60910.2890625,1143725
2021-06-24,60975.15307927362,62726.56656812526,60910.28543975971,62142.7578125,1711553
2021-06-25,62272.50491491267,63569.8515625,61688.702437455686,63569.8515625,1940500
2021-06-28,64774.326900917076,64841.24299767752,59487.98821069657,63569.84375,1095187
2021-06-29,62900.68040343103,63235.25424875161,61629.281337057015,62231.51953125,996725
2021-06-30,62231.51953125,63168.33816153351,61227.791404518335,62231.51953125,1060769
2021-07-01,62566.10686905234,63034.51953125,61896.952513826356,63034.51953125,1239918
2021-07-02,63703.67346014493,65242.73044409589,63636.75736599309,64640.4921875,2329558
2021-07-05,64640.4921875,64640.4921875,64640.4921875,64640.4921875,0
2021-07-06,64640.4921875,64640.4921875,64640.4921875,64640.4921875,0
2021-07-07,64640.4921875,64640.4921875,64640.4921875,64640.4921875,0
2021-07-08,64640.4921875,64640.4921875,64640.4921875,64640.4921875,0
2021-07-09,61361.625,63502.92688902321,60424.8062473987,61361.625,1361577
2021-07-12,61361.625,61361.625,61361.625,61361.625,0
2021-07-13,60759.38034625639,62164.6116229671,59621.81342525631,61227.79296875,732856
2021-07-14,61227.79296875,61227.79296875,61227.79296875,61227.79296875,0
2021-07-15,60558.63671875,61227.79765928967,60224.06283925078,60558.63671875,622795
2021-07-16,60558.63671875,60558.63671875,60558.63671875,60558.63671875,0
2021-07-19,58551.165900892905,59554.90070074128,58015.84375,58015.84375,886538
2021-07-20,57614.34878322492,59956.39891107408,56878.27833390143,59554.90234375,838504
2021-07-21,60224.06182534172,60224.06182534172,58082.76003320614,58484.25,717601
2021-07-22,59220.32814921287,60357.88856908626,58484.251113003396,59822.56640625,614853
2021-07-23,59755.64870418381,60157.14525858578,58885.74609375,58885.74609375,449320
2021-07-26,58751.915621992914,59956.398729547764,58015.84517489798,59086.49609375,774712
2021-07-27,60224.06328929014,60625.55326584356,59220.32846175059,59554.90234375,1106786
2021-07-28,59554.90031397664,60558.63510730651,59554.90031397664,59621.81640625,406203
2021-07-29,60157.144836473155,60224.060928403946,59487.98391716527,59889.48046875,635781
2021-07-30,60224.06673729061,60692.47283521564,59889.486245364846,59956.40234375,668433
2021-08-02,60893.21632274091,63369.09199520354,60625.55195033289,62566.10546875,197630467
2021-08-03,62566.09996734052,62633.016054558626,61495.44916262081,62231.51953125,1228823
2021-08-04,62231.51953125,62231.51953125,62231.51953125,62231.51953125,0
2021-08-05,62633.02327887711,62833.771563686445,61896.952825346896,62766.85546875,800052
2021-08-06,62766.85783617424,63302.18002508626,61696.20686757926,61830.0390625,1650534
2021-08-09,61562.36524983891,62566.09996734052,60893.21096842782,62231.51953125,1330059
2021-08-10,62231.51953125,62231.51953125,62231.51953125,62231.51953125,0
2021-08-11,64908.15273098174,66179.54526324378,63703.6696981496,63904.41796875,1900913
2021-08-12,63235.265625,63904.42661756547,63235.265625,63235.265625,916669
2021-08-13,62967.59649064914,63034.512577867245,61294.7009009665,62231.51953125,1653812
2021-08-16,61896.952513826356,63569.84169727665,61562.37204082803,63034.51953125,1399651
2021-08-17,63034.51953125,63034.51953125,63034.51953125,63034.51953125,0
2021-08-18,61830.02720574342,62231.51712274349,61629.278951858534,61963.859375,658474
2021-08-19,61896.95566482783,61896.95566482783,60023.31810219687,60826.3046875,3010851
2021-08-20,60224.05973690194,60558.6335991661,58350.422381449614,58551.1640625,3487529
2021-08-23,58551.16586249778,59220.32678913821,57413.60546875,57413.60546875,1460796
2021-08-24,58216.59059814255,58417.33887133532,56878.275367627764,57547.4296875,1363846
2021-08-25,57614.35059016778,58417.34375,57547.434493515095,58417.34375,702599
2021-08-26,58685.00236926142,58685.00236926142,57614.3513985668,57748.18359375,867123
2021-08-27,57748.18108719026,58283.509844687105,57547.43280312895,58216.59375,1169317
2021-08-30,59153.408877962,59220.324968568886,58350.422381449614,58551.1640625,999877
2021-08-31,58885.747678208565,59822.56640624999,58618.08330140512,59822.56640625,1107920
2021-09-01,59688.732148012,59822.5643317728,59287.2421875,59287.2421875,675871
2021-09-02,59287.2421875,59287.2421875,59287.2421875,59287.2421875,0
2021-09-03,59287.2421875,59287.2421875,59287.2421875,59287.2421875,0
2021-09-06,59889.484380309346,60558.63875255128,59688.73609140552,60491.72265625,1094431
2021-09-07,60558.63666664381,60625.5527606402,59354.16015625,59354.16015625,907844
2021-09-08,59354.16015625,59354.16015625,59354.16015625,59354.16015625,0
2021-09-09,59153.4100037392,59621.8160561316,58952.66172809799,59287.2421875,560390
2021-09-10,59220.326095619595,59755.648239892405,59220.326095619595,59287.2421875,530889
2021-09-13,60090.22869929441,60090.22869929441,59287.2421875,59287.2421875,773325
2021-09-14,59956.39891107408,60290.979383844155,59421.07015464197,59554.90234375,843547
2021-09-15,59889.47778096695,61763.11508940115,59220.32348246047,61227.79296875,1738911
2021-09-16,61562.362867230244,62097.69154425659,61495.44678260195,61963.859375,1237648
2021-09-17,61696.20139958926,62097.69794876779,61361.62094194049,61495.453125,1051440
2021-09-20,61495.45606764392,61495.45606764392,59421.0703125,59421.0703125,1911629
2021-09-21,59421.0703125,59421.0703125,59421.0703125,59421.0703125,0
2021-09-22,59421.0703125,59421.0703125,59421.0703125,59421.0703125,0
2021-09-23,59688.73208665775,61562.36947584226,59421.06771941128,60625.55078125,1379731
2021-09-24,61227.79530113364,62097.69789956076,60893.21484374999,60893.21484375,116616600
2021-09-27,61830.0355667073,61896.951660384315,60224.0625,60224.0625,1417427
2021-09-28,60893.21770533658,63904.4221909854,60357.88894836577,63636.7578125,5693159
2021-09-29,63904.42158765595,65844.97513181281,63770.58939967677,64774.32421875,3474922
2021-09-30,64640.4957648296,65041.985761189215,63971.341377049575,64908.16015625,1569470
2021-10-01,64238.99761203956,69391.50406744839,64172.081515815364,69257.671875,5466481
2021-10-04,70930.56666037231,74075.6036571835,69592.2578125,69592.2578125,510175562
2021-10-05,71599.71590810797,73540.26952892744,70595.98764015254,72938.03125,2634904
2021-10-06,72938.03125,72938.03125,72938.03125,72938.03125,0
2021-10-07,74276.34375,75614.65244991604,73272.60892967766,74276.34375,2843427
2021-10-08,74276.34375,74276.34375,74276.34375,74276.34375,0
2021-10-11,74276.34375,74276.34375,74276.34375,74276.34375,0
2021-10-12,74811.6600099123,76618.38122580596,74008.67353515625,74945.4921875,2458025
2021-10-13,75280.07857032234,75280.07857032234,73607.18280927137,74276.34375,2255806
2021-10-14,74276.34375,74276.34375,74276.34375,74276.34375,0
2021-10-15,74945.4921875,75614.64648466837,74610.91174353077,74945.4921875,1386287
2021-10-18,74945.4921875,74945.4921875,74945.4921875,74945.4921875,0
2021-10-19,77622.1254892712,78625.8603535424,76283.81013998596,76618.390625,1343549
2021-10-20,77220.62890725436,77220.62890725436,73941.76651720042,76618.390625,2153940
2021-10-21,76952.96552351775,77220.62330132713,74945.4959407101,75079.328125,2068211
2021-10-22,75213.16234436659,76216.89716292892,74075.59533789319,75012.4140625,1614730
2021-10-25,75012.4140625,75012.4140625,75012.4140625,75012.4140625,0
2021-10-26,75012.4140625,75012.4140625,75012.4140625,75012.4140625,0
2021-10-27,75012.4140625,75012.4140625,75012.4140625,75012.4140625,0
2021-10-28,81302.48113234085,85919.65868262565,79830.340240099,83644.53125,2951723
2021-10-29,82975.36486313837,85317.41482712943,81302.47579787057,83309.9453125,1462183
2021-11-01,83309.9453125,83309.9453125,83309.9453125,83309.9453125,0
2021-11-02,82239.296875,81369.394271941,80499.491668882,82239.296875,1900409
2021-11-03,81369.39304997964,82239.29563997492,79295.00741584848,80298.7421875,2384273
2021-11-04,79027.35627695134,81637.064265999,78291.27921605486,78358.1953125,2093929
2021-11-05,78960.43698852048,82707.7118748805,77822.86998571035,81904.71875,1690373
2021-11-08,82841.54093150774,82908.45702804257,79763.42685398921,82306.21875,2077918
2021-11-09,80834.07276195423,82975.36794509224,79629.58969028443,79763.421875,2100233
2021-11-10,80365.65797826517,82105.46315175979,79629.58757267441,80566.40625,1272822
2021-11-11,80298.74811692264,81637.06344153869,78558.94280846132,79629.59375,2390072
2021-11-12,79763.42987398122,80900.9969673728,77889.7922816084,79027.359375,1727438
2021-11-15,79629.59578497942,80231.83407152325,76752.2233656772,79562.6796875,2720003
2021-11-16,78960.43384319813,80432.57466529639,77822.86688570201,78090.53125,1948568
2021-11-17,78291.28092089092,79428.8479944585,78157.44872508639,78558.9453125,884016
2021-11-18,77622.12532439295,78291.27970222876,76149.984375,76149.984375,1610569
2021-11-19,76149.99354210342,76283.81916116408,70863.65420758382,70930.5703125,3662895
2021-11-22,69592.24281314573,71131.29963371431,67986.26331475904,68320.84375,1811024
2021-11-23,68588.51735144934,70595.9870521824,68588.51735144934,69993.7421875,968737
2021-11-24,71398.97621339104,71532.80841041445,68923.09375,68923.09375,1163266
2021-11-25,69324.58764975831,70328.32249769598,68789.25888244713,69525.3359375,829175
2021-11-26,69525.3367463852,69592.25284307763,67986.2731132303,68253.9375,1583464
2021-11-29,65309.64965112782,67651.6998765309,65309.64965112782,66514.1328125,1628850
2021-11-30,66982.53907366806,68053.19004308376,65778.0625,65778.0625,1753787
2021-12-01,65309.63804346705,66581.03707621129,65242.72195801894,65911.8828125,1846828
2021-12-02,65844.9765625,66581.04702160829,65577.3121807258,65844.9765625,745211
2021-12-03,66313.38135975464,66313.38135975464,64640.4921875,64640.4921875,1302575
2021-12-06,64439.74743378276,64908.16011849602,60893.22061260919,61562.375,1553585
2021-12-07,63235.25896533577,64573.57421875,62566.10463401388,64573.57421875,1215334
2021-12-08,65242.72798360236,66447.2110421402,64774.32193297509,65711.140625,1384900
2021-12-09,65510.396573235026,66915.62140647485,64908.15830052807,66045.71875,706381
2021-12-10,65844.97529146241,65844.97529146241,64372.82781089265,64640.4921875,854011
2021-12-13,65577.3046875,66447.2072380955,65041.97598512122,65577.3046875,908726
2021-12-14,65510.3923501153,66179.54667562727,64573.57365809038,65711.140625,964450
2021-12-15,65309.64250373192,65711.1390438404,64506.65601428517,65376.55859375,596824
2021-12-16,65577.3146902452,66982.53956679352,64975.076398977486,65978.8046875,1206004
2021-12-17,66313.38484767145,66915.62313594356,65443.482168713526,66246.46875,670450
2021-12-20,65577.30885589046,65577.30885589046,64238.993605644144,64707.40625,1085101
2021-12-21,64707.41289563724,64841.24509348386,62900.69140625001,62900.69140625,1587876
2021-12-22,64172.07793163683,64640.49057904412,63302.17532007947,63703.671875,746346
2021-12-23,64238.99402412359,65376.56100562797,63235.259227592716,63703.671875,1919446
2021-12-24,64439.73994949546,64908.152579805406,63770.585639822886,64038.25,882504
2021-12-27,64038.25253039371,64774.32295919548,64038.25253039371,64172.078125,414650
2021-12-28,64908.15612260713,65911.8909372867,64908.15612260713,65644.2265625,1370024
2021-12-29,66112.63673609984,66112.63673609984,64774.3279605398,64908.16015625,577535
2021-12-30,65577.31454403003,65844.97893545043,64908.16015625,64908.16015625,731974
2021-12-31,65175.81466796958,65175.81466796958,64305.91203052165,64372.828125,850733
2022-01-03,64372.828125,64372.828125,64372.828125,64372.828125,0
2022-01-04,64841.24486614914,68187.0234375,64841.24486614914,68187.0234375,2181423
2022-01-05,68722.34922884671,70529.07063307737,68588.51703730802,70261.40625,2625701
2022-01-06,69592.24044180411,70194.47861394678,68856.16350935567,69391.4921875,1044254
2022-01-07,69926.82714404805,73138.78003172536,69123.84056982145,71934.296875,2241434
2022-01-10,71934.2964549999,71934.2964549999,68253.9375,68253.9375,1261476
2022-01-11,68923.08765970374,69926.8224579146,68253.93332448664,69123.8359375,819594
2022-01-12,70261.40533461518,72871.11326330717,70261.40533461518,72268.875,1860570
2022-01-13,73004.94640423065,74276.34563307736,70261.40625,70261.40625,974284
2022-01-14,69592.25726411944,71265.14660616328,69257.67675940215,70595.9921875,680032
2022-01-17,71398.97361432147,73406.44331505454,65711.14499250139,69993.7421875,1830061
2022-01-18,69592.24795018072,72268.87185737684,69592.24795018072,71599.7109375,1173982
2022-01-19,72335.78794936453,72871.11009449558,70595.98273922557,71599.7109375,837748
2022-01-20,71599.70852996797,72670.359375,70595.98036544379,72670.359375,904314
2022-01-21,72268.87155021966,72804.19369307549,70060.65370555228,71867.375,1341153
2022-01-24,71599.71671511265,72938.0320720889,71465.89111110887,71666.6328125,1297533
2022-01-25,70930.55924975693,73272.609375,69592.25054170718,73272.609375,1666797
2022-01-26,73807.92896501637,75614.65027138918,72938.02635790245,75079.328125,1816193
2022-01-27,75280.07670943109,76886.04974593961,73741.01317457082,74811.6640625,1149146
2022-01-28,74878.58487081947,75614.65534301319,71265.14201571312,72938.03125,2088256
2022-01-31,72938.03125,72938.03125,72938.03125,72938.03125,0
2022-02-01,72938.03125,72938.03125,72938.03125,72938.03125,0
2022-02-02,72938.03125,72938.03125,72938.03125,72938.03125,0
2022-02-03,72938.03125,72938.03125,72938.03125,72938.03125,0
2022-02-04,72938.03125,72938.03125,72938.03125,72938.03125,0
2022-02-07,76149.9804996732,77622.12137414786,75012.4135017043,76752.21875,1167804
2022-02-08,76618.38514859945,77287.53948002793,75346.98598719196,76283.8046875,804087
2022-02-09,75614.6492430054,76016.14579041464,73607.1796875,73607.1796875,2305730
2022-02-10,74945.4921875,75480.81430708067,73607.17700239317,74945.4921875,1083967
2022-02-11,75280.07857032234,75480.82026177032,74276.34375,74276.34375,608927
2022-02-14,76016.14421273502,78960.43239365095,75480.81549396655,77622.1171875,2291862
2022-02-15,77622.1171875,77622.1171875,77622.1171875,77622.1171875,0
2022-02-16,76618.390625,77555.2093922684,75614.6557607288,76618.390625,912004
2022-02-17,76551.47146627428,79428.84375,76083.06539675972,79428.84375,1422218
2022-02-18,77956.70734985323,79428.84832834952,77153.72076242152,78291.28125,923351
2022-02-21,77956.70171593281,78291.27559189998,77287.54078245736,77488.2890625,419315
2022-02-22,78960.43795258511,79295.0118345997,77622.12265221475,77956.703125,909231
2022-02-23,78692.77783910137,80633.33150488258,77822.87515348611,78291.28125,1628976
2022-02-24,78960.43938307736,81971.6373296146,78492.02671269198,79629.59375,2382760
2022-02-25,80365.65493422639,81770.88619237345,78023.611625008,78425.1015625,1664528
2022-02-28,79629.58397225695,80031.07390680314,78291.26881197307,78960.4296875,1185455
2022-03-01,79629.5901145153,79629.5901145153,77689.03660734183,78759.6875,1308249
2022-03-02,80298.74402309189,81101.73054061495,78960.43535747695,79763.421875,1964453
2022-03-03,81570.14276335144,81570.14276335144,79629.5892765978,80767.15625,1725295
2022-03-04,80298.73825701392,80298.73825701392,78960.4296875,78960.4296875,1961428
2022-03-07,83979.10544736723,83979.10544736723,81971.63579344894,83376.8671875,2854396
2022-03-08,82038.5488166521,84179.85057943618,80365.65969793907,80767.15625,1798795
2022-03-09,82172.38843511482,83778.36160711605,80767.16355730647,81770.8984375,1635910
2022-03-10,78960.43394745607,80164.91040684673,78157.44085350187,79295.0078125,1214703
2022-03-11,78960.44347633632,78960.44347633632,75146.25218284174,75547.7421875,2041736
2022-03-14,73607.19473683204,74945.51024438391,70930.5703125,70930.5703125,1751518
2022-03-15,69592.25097641048,72268.875,68253.93566923036,72268.875,1219116
2022-03-16,72603.4467246468,73607.1815274903,70930.55758349781,73071.859375,777864
2022-03-17,72335.80192496804,73473.36252699968,70930.5703125,70930.5703125,938101
2022-03-18,72268.87114382748,73473.34760617252,71934.29068719255,72871.109375,757692
2022-03-21,73205.69080846675,76952.9656096989,72871.1103473673,76283.8046875,1047406
2022-03-22,76952.96875,77956.7035834884,75949.2339165116,76952.96875,993951
2022-03-23,76484.55876434725,77086.80363999736,75012.41780541108,75146.25,782276
2022-03-24,76886.055348114,76952.97144540846,74878.58561082216,75146.25,751389
2022-03-25,76216.90356747032,76283.81307627767,72268.88005542228,74075.6015625,485629
2022-03-28,74142.51391358614,75614.65484834286,73807.93343260925,73941.765625,450329
2022-03-29,73607.18667412944,75614.6564201794,72871.11619145004,74878.5859375,877082
2022-03-30,74209.4303344048,74544.00422607444,73004.94718838987,73674.1015625,744455
2022-03-31,73607.18545864208,74878.58470101783,72402.70890351859,72469.625,471761
2022-04-01,72135.04604323443,74209.43189648894,71599.71726006114,73406.4453125,541857
2022-04-04,73674.10045713579,75547.73794914989,73540.26826616754,75213.1640625,769669
2022-04-05,75413.90377862842,76819.13515613819,74276.34336679977,76484.5546875,917552
2022-04-06,76551.47641227835,77956.70789315556,75748.4898192504,76083.0703125,1049675
2022-04-07,76083.05728472631,76952.95982744994,74878.57430604362,75480.8125,919064
2022-04-08,76149.98185058369,76618.38792230956,73741.015625,73741.015625,778242
2022-04-11,73741.015625,73741.015625,73741.015625,73741.015625,0
2022-04-12,74075.59242811539,75280.07548123077,71599.71023055763,72871.109375,797909
2022-04-13,73004.94718838987,73941.7659484524,72201.96062130353,73674.1015625,647505
2022-04-14,74543.9959468878,75280.07292650492,74477.07985783169,74677.828125,582074
2022-04-15,75280.07757123673,78960.4363333176,74945.49710531282,77019.8828125,2252780
2022-04-18,78157.44701503085,78893.52407585071,76417.64168918013,77153.71875,1069090
2022-04-19,78625.85808787214,78625.85808787214,76216.8984375,76216.8984375,852751
2022-04-20,76016.1482730697,76016.1482730697,71265.13859407968,71332.0546875,1776606
2022-04-21,69592.25188307736,72469.6242288467,68923.09092538395,70261.40625,1352122
2022-04-22,70328.3239486538,75146.25,66915.6227589493,75146.25,1691634
2022-04-25,72938.02461474629,75146.24242121428,69926.8203125,69926.8203125,862584
2022-04-26,68253.93743953422,72938.03125,65644.22944315418,72938.03125,844304
2022-04-27,70261.40446871065,74610.9176295937,69592.25011875262,74276.34375,995464
2022-04-28,73807.93024438522,73807.93024438522,72068.125,72068.125,271559
2022-04-29,71599.7247708901,72536.54364894489,70261.41585410992,70930.5703125,691252
2022-05-02,70930.5703125,70930.5703125,70930.5703125,70930.5703125,0
2022-05-03,70930.5703125,70930.5703125,70930.5703125,70930.5703125,0
2022-05-04,72001.21062040984,73607.18371640942,71733.54624081968,72268.875,656961
2022-05-05,74276.3383363607,74276.3383363607,72871.10705402162,73205.6875,442764
2022-05-06,71265.1326244162,73540.25983781497,71265.1326244162,73473.34375,726552
2022-05-09,72938.02430335038,72938.02430335038,68923.08525082974,70194.484375,721005
2022-05-10,67250.20083653796,72335.79109489755,66915.62036205025,72268.875,813416
2022-05-11,71800.45850453858,73272.60592296191,70930.55590805812,72871.109375,414146
2022-05-12,72268.87819527663,72268.87819527663,69324.58966191896,70662.8984375,1051314
2022-05-13,69792.99750771404,71265.14510672439,66915.625,66915.625,1133891
2022-05-16,68923.09194621007,69324.58852677273,63569.84375,63569.84375,1205122
2022-05-17,63569.83648068061,67517.859375,62900.682180366006,67517.859375,651414
2022-05-18,67584.78219153869,71198.225,67116.36952115329,70261.40625,1147129
2022-05-19,66581.04559381318,71265.13922055998,66581.04559381318,70796.7265625,1432934
2022-05-20,70595.98121795713,71398.96771373543,69324.58208835886,69926.8203125,369264
2022-05-23,70595.98720871306,70729.81281039062,68789.25920143064,69257.671875,682175
2022-05-24,69257.66958184412,71532.80359659427,68655.43132653761,70796.7265625,1059509
2022-05-25,71131.30646850406,72536.53125,70796.72600111428,72536.53125,964324
2022-05-26,73607.17605381591,74410.16251822386,70930.55230886606,72001.203125,712685
2022-05-27,72603.44490974728,74410.1661915481,72603.44490974728,73607.1796875,510213
2022-05-30,74744.74664772244,75146.24319513167,73473.34750503025,73607.1796875,859811
2022-05-31,74142.51005656633,78759.6875,73272.60744205104,78759.6875,2972903
2022-06-01,79428.8414932606,82908.45193629079,78291.27451280212,80967.8984375,2193904
2022-06-02,80967.8984375,80967.8984375,80967.8984375,80967.8984375,0
2022-06-03,78960.43820315081,83644.53188315518,78960.43820315081,83109.203125,2980972
2022-06-06,83979.10234732469,88663.19583663304,83979.10234732469,86923.390625,3336117
2022-06-07,86923.3964035064,87659.46687416523,83042.2891699606,86990.3125,2566699
2022-06-08,86990.3126595085,88261.71190444748,85852.74560780215,86254.2421875,2147384
2022-06-09,86254.23856621931,87124.14119493862,85116.67156227234,85384.3359375,1631119
2022-06-10,84648.26615361044,85384.33660043083,79428.84375,79428.84375,3096076
2022-06-13,76952.96024245916,81703.9695048505,76618.3798046957,78960.4296875,2190122
2022-06-14,80298.74811692264,84313.6875,79027.3554788467,84313.6875,1711679
2022-06-15,82975.3671875,85718.9071768087,80834.07202391273,82975.3671875,2803084
2022-06-16,83711.45290967477,88261.71466821303,82172.38923007742,85652.0,2938486
2022-06-17,83644.53488967947,89666.9375,83309.9544038063,89666.9375,1964201
2022-06-20,87659.46214795198,88328.62307680985,83443.78125,83443.78125,2165790
2022-06-21,82975.36973289882,85183.58764674384,77622.12177355582,79964.171875,2957018
2022-06-22,79295.01395439824,80298.74880881625,74410.171875,74410.171875,2379482
2022-06-23,73607.1764500159,79562.66876335526,73607.1764500159,78157.4375,1404063
2022-06-24,78157.44208811608,78759.68691809509,76149.97909383065,76283.8046875,1016140
2022-06-27,76952.96530171245,78759.68660287766,76283.80438219171,76551.46875,1139186
2022-06-28,77956.69763673029,78692.76803426672,77220.62064842365,77622.1171875,1006432
2022-06-29,77622.12685893541,78960.44223183561,76484.55978058591,78291.28125,1221259
2022-06-30,77956.69998108392,79964.1695552949,77287.5390625,77287.5390625,1271057
2022-07-01,76819.13941307334,77488.29379666032,73607.18650846808,75614.65625,1228571
2022-07-04,77058.20539521128,77333.16970221115,74583.54017325003,74652.28125,583461
2022-07-05,74927.25028307391,76164.58297209992,70115.40845966073,70802.8125,1895366
2022-07-06,68465.63175102946,68671.85498132423,65853.484375,65853.484375,2129356
2022-07-07,64684.90625,66334.67872064578,63653.79676321653,64684.90625,792236
2022-07-08,67022.08267432317,67503.27026024603,65303.56912278041,65716.015625,872796
2022-07-11,65647.27462776283,66609.64303035667,65234.82812499999,65234.828125,601489
2022-07-12,65234.82812499999,65234.82812499999,65234.82812499999,65234.828125,0
2022-07-13,66678.37502093504,66678.37502093504,65578.52460074489,66197.1875,1130109
2022-07-14,66678.3772844859,68190.66743201145,66678.3772844859,67915.703125,879604
2022-07-15,67915.70538196541,67984.44646100266,66678.37950033267,67022.078125,651666
2022-07-18,67090.81920403727,67709.4889153726,66334.67410514638,67022.078125,715962
2022-07-19,67915.71176558694,70115.41296049846,67572.01310861424,70046.671875,1177386
2022-07-20,71146.51790542921,71558.96439194428,70115.40845966073,70802.8125,1127840
2022-07-21,70734.06800429085,72177.62386688803,69771.69968606568,71558.9609375,1087875
2022-07-22,71490.21877116863,75545.90844509778,71490.21877116863,74102.359375,1371285
2022-07-25,73896.14303665054,75270.95792876637,71765.18300060472,71971.40625,685453
2022-07-26,74033.62520291406,74033.62520291406,71490.22543859704,71971.40625,609432
2022-07-27,71902.66516686823,72452.59383192232,71146.52002293825,71971.40625,472265
2022-07-28,73552.43863050721,75408.4411300192,72521.33591041755,73071.2578125,641580
2022-07-29,74239.84602944175,75270.95547224782,73414.95982930071,73896.140625,668307
2022-08-01,73896.14503503704,75270.95996433224,73414.96421062143,74171.109375,535679
2022-08-02,73896.14055920998,74514.80351613516,72658.80787484045,74377.328125,560768
2022-08-03,74446.0615209999,77676.86490429385,74239.83829980622,76989.4609375,735756
2022-08-04,76645.76347961523,76920.72780291979,74583.5445958693,74927.25,970502
2022-08-05,74102.36155685857,75614.6517482047,73208.73430369604,75270.953125,915408
2022-08-08,74995.98877497937,76989.46651660716,74239.8436796596,76302.0625,442008
2022-08-09,76508.27342138141,77333.16630615614,75614.64623339388,76989.4609375,464701
2022-08-10,76302.0613902128,77126.94755224748,75683.39169079765,76233.3203125,491176
2022-08-11,76989.47094386388,78295.5447439899,76508.28336520506,77676.875,1067703
2022-08-12,77676.86609848595,79670.34372630209,77676.86609848595,78639.234375,458649
2022-08-15,79051.68421486882,79189.16637034257,77470.64619743939,78364.2734375,509709
2022-08-16,77676.87272175308,78364.27675772778,76989.46868577838,78020.578125,411246
2022-08-17,78364.27338957987,78982.94308883348,76645.75998824638,77264.4296875,1108425
2022-08-18,77676.87492182547,81045.16765748929,76920.72978378479,78158.0625,1244834
2022-08-19,78982.94421976504,81113.90411778013,78639.2388263694,79464.125,676754
2022-08-22,79326.6439401318,80426.49444369542,78845.46315323967,78982.9453125,466718
2022-08-23,79395.39050483183,80632.72325313753,79395.39050483183,80426.5,562911
2022-08-24,81113.90631378112,82145.01575136436,80426.49550837954,80632.71875,451463
2022-08-25,81045.1652320287,81801.31034744001,80082.796875,80082.796875,535175
2022-08-26,80082.79127651728,80082.79127651728,79120.42298676647,79189.1640625,619643
2022-08-29,78501.76094603477,80770.203125,78501.76094603477,80770.203125,844430
2022-08-30,80838.94302457832,82488.71543758463,80426.49653606713,81732.5703125,914148
2022-08-31,80976.42192554665,81801.30809882199,80357.75221770095,80495.234375,541227
2022-09-01,80495.234375,80495.234375,80495.234375,80495.234375,0
2022-09-02,80495.234375,80495.234375,80495.234375,80495.234375,0
2022-09-05,79945.31360791187,80770.19979245037,79532.86713038312,80014.0546875,410364
2022-09-06,80770.20090987219,80976.42415148957,80014.05579446087,80082.796875,311776
2022-09-07,79739.0835751938,79739.0835751938,76989.4609375,76989.4609375,1066695
2022-09-08,77676.87054920215,78020.57594283595,76027.09820079785,76851.984375,397378
2022-09-09,77608.12835291315,78364.2734375,76714.50111285252,78364.2734375,419441
2022-09-12,78364.27897726977,79326.64736309955,78020.58033480728,78158.0625,459280
2022-09-13,78089.32587639037,78914.21214412933,77539.39718421793,78501.765625,310767
2022-09-14,77195.68971763732,78158.05804865723,76851.98432423058,77333.171875,399774
2022-09-15,78364.2745659508,78501.75672340431,76439.53790263947,76851.984375,714071
2022-09-16,76302.0625,77676.87053321431,75958.35710643696,76302.0625,628847
2022-09-19,76302.0625722943,77539.38844925573,74239.84375,74239.84375,631872
2022-09-20,75614.65515354538,75614.65515354538,73896.141648571,74995.9921875,508574
2022-09-21,74995.99108082613,75545.91295691612,74446.06920473615,74927.25,273198
2022-09-22,74927.24769626676,76577.02004433151,74789.76553884154,76302.0625,292991
2022-09-23,76577.0200095052,78707.97990758906,76302.06246529875,77333.171875,456002
2022-09-26,76302.0580976286,78501.75217796034,76302.0580976286,78089.3125,840522
2022-09-27,78364.279152718,78364.279152718,76302.066981768,76645.765625,271306
2022-09-28,75614.65776264922,77126.9548448035,71490.2265625,71490.2265625,835605
2022-09-29,73208.73441217993,74033.62058782009,72177.625,72177.625,387797
2022-09-30,70115.40300181383,76989.46318168085,69702.95654740398,75614.6484375,906583
2022-10-03,74927.24443132595,74927.24443132595,73071.24892799804,73552.4296875,463188
2022-10-04,73621.18426352929,74927.2581711398,71146.52539547347,72865.0390625,328291
2022-10-05,72933.76677656359,74858.50335560871,72933.76677656359,73552.4296875,507187
2022-10-06,73689.91176893716,74583.53898189367,73483.6953125,73483.6953125,564550
2022-10-07,73483.69880549834,73483.69880549834,70115.40625,70115.40625,421080
2022-10-10,70115.41584115356,74995.99925946245,70115.41584115356,72865.0390625,543370
2022-10-11,72865.02455036814,74995.98432291887,72177.62057456802,72933.765625,640697
2022-10-12,72246.36278990992,74102.35829323783,72246.36278990992,73552.4296875,214070
2022-10-13,72796.28786618642,74377.32590755548,72246.36600648344,74239.84375,686588
2022-10-14,74308.57935046879,75752.12835733955,74239.8382767589,75477.1640625,488907
2022-10-17,74171.10695754843,77814.35726123519,73689.91937829656,76645.765625,378468
2022-10-18,77814.35269063953,77814.35269063953,76302.0625,76302.0625,565432
2022-10-19,76370.80705379104,77676.87406772232,74239.84705777359,74995.9921875,533536
2022-10-20,74927.24660647576,76302.0613902128,74377.32475529224,76233.3203125,208270
2022-10-21,76233.32848189486,77401.91338720378,73689.921875,73689.921875,590395
2022-10-24,73689.921875,74858.51355082847,73208.74104996448,73689.921875,634898
2022-10-25,73689.921875,74927.25463590778,72590.07128425081,73689.921875,463062
2022-10-26,73689.91511977809,74377.32590755548,73483.69865396382,74239.84375,229198
2022-10-27,74858.5033749339,76439.53457580105,73621.170782223,75614.6484375,590773
2022-10-28,75683.3951185684,76302.06484600366,74927.25,74927.25,244705
2022-10-31,74927.24878409592,76370.8046875,74583.5433855428,76370.8046875,197050
2022-11-01,76577.01672727101,78020.57254718684,75064.72660213884,75614.6484375,568962
2022-11-02,76027.09489190984,78020.57254718684,74721.02122346396,75614.6484375,736386
2022-11-03,76851.97992398198,77126.94422296397,75614.64734908158,76577.015625,204614
2022-11-04,76577.02004433151,76989.46651660716,74308.58475837222,76302.0625,415533
2022-11-07,76645.76443940203,78020.57930262164,76645.76443940203,77608.1328125,510465
2022-11-08,78295.53577157833,79051.68082372825,77608.12502369791,78639.234375,481090
2022-11-09,78707.98094584463,80770.19979245037,78639.2398662565,80014.0546875,510339
2022-11-10,79120.43545104611,80289.02038157251,75614.66034790779,77951.84375,348210
2022-11-11,78089.31582946789,80082.79354107397,78089.31582946789,78295.5390625,214448
2022-11-14,78158.06360393271,79739.09498494149,76164.58572152021,78226.8046875,441756
2022-11-15,78226.80375773678,78707.98456646931,74927.25209728202,76645.765625,530763
2022-11-16,72521.33623107005,80426.5,72521.33623107005,80426.5,396748
2022-11-17,79464.12816109754,82488.71543174099,79464.12816109754,82282.4921875,557742
2022-11-18,81870.05155962659,82076.2748015756,76989.46868609593,78570.5,502522
2022-11-21,78570.50013191404,78707.98229344419,75958.35937439851,76508.28125,217095
2022-11-22,76370.8002302562,78982.94079524996,74995.98548680132,75064.7265625,395992
2022-11-23,75339.69648606093,76783.24564239275,74239.84596334571,74377.328125,287065
2022-11-24,74927.24785749904,74927.24785749904,72177.62501463472,72727.546875,598211
2022-11-25,73552.43874854324,73896.14416947101,71490.22653453503,72040.1484375,502775
2022-11-28,72040.14582642996,77058.2109375,71490.22394339672,77058.2109375,466718
2022-11-29,76989.4609375,78295.5345678749,74858.50119286882,76989.4609375,510843
2022-11-30,76989.46544152997,76989.46544152997,75614.65065699458,75752.1328125,356657
2022-12-01,76989.45841160427,76989.45841160427,72177.617260879,73208.7265625,648514
2022-12-02,73208.73539539533,77676.87172783745,73208.73539539533,76439.5390625,721131
2022-12-05,77676.86940706798,78089.31587336404,76095.83816063737,77814.3515625,631116
2022-12-06,77676.87056950867,78020.57596323232,74927.24773127637,75270.953125,623426
2022-12-07,75270.95660846337,76645.76470594478,73414.9609375,73414.9609375,424736
2022-12-08,74308.5951467558,76233.33207875029,72865.0390625,72865.0390625,587369
2022-12-09,74171.1129701105,74583.55272952653,72865.0390625,72865.0390625,472391
2022-12-12,74239.84382435985,74514.80136922728,72177.625,72177.625,441504
2022-12-13,73483.70440656792,73896.1441410029,72246.3716622241,72590.0703125,505422
2022-12-14,73277.47766752401,74239.84602944175,73208.73658663567,73896.140625,349849
2022-12-15,73552.43863050721,74239.8494712596,72590.07022397332,73071.2578125,636411
2022-12-16,73071.2589148877,74171.10950616492,72727.5534893262,73140.0,322870
2022-12-19,72865.03912402567,73414.96783107123,72315.1171875,72315.1171875,566693
2022-12-20,72177.6306058711,72521.33602679888,71215.26219779282,72040.1484375,275215
2022-12-21,72865.02905602496,72865.02905602496,71146.515625,71146.515625,250126
2022-12-22,72177.62506185209,72177.62506185209,69565.484375,69565.484375,320222
2022-12-23,70459.11393655566,71352.74122105885,69771.703125,69771.703125,329678
2022-12-26,70184.14617356056,71902.65957722013,70184.14617356056,70527.8515625,419063
2022-12-27,71421.48334477199,71490.22442693097,69977.92738995231,70871.5546875,195033
2022-12-28,71215.25898651505,71490.22331085843,70252.89062183241,70802.8125,279627
2022-12-29,71421.47880322374,71421.47880322374,70527.8515625,70527.8515625,123046
2022-12-30,70527.85501771122,70665.33040950318,69771.703125,69771.703125,178391
2023-01-02,69771.703125,69771.703125,69771.703125,69771.703125,0
2023-01-03,70115.40617564015,72177.625,70046.66509679356,72177.625,362835
2023-01-04,72521.33039423297,72521.33039423297,71490.22098205304,72177.625,283662
2023-01-05,72177.62605539132,73346.21764235174,71833.92065613266,73277.4765625,340520
2023-01-06,73208.7389758523,73483.70330837935,71902.66516686823,71971.40625,174987
2023-01-09,72383.84265083594,72590.05910094349,71490.21546530846,71833.9140625,193520
2023-01-10,71833.92298042405,71902.6640625,70871.55460188,71902.6640625,323122
2023-01-11,72108.88285732716,72452.58824648941,71558.9610051864,71627.6953125,136283
2023-01-12,71627.69636922727,72315.10715769319,71627.69636922727,72177.625,298538
2023-01-13,71902.655136042,72521.32479791992,71765.17298895802,71833.9140625,243445
2023-01-16,72040.145189026,72040.145189026,70802.8125,70802.8125,308750
2023-01-17,70802.80914902945,71971.40070166225,70459.11053038604,71627.6953125,365987
2023-01-18,72108.88397337827,72658.80583403033,71627.69642110362,71696.4375,191377
2023-01-19,71971.39620958398,72108.87835666796,71146.5100975985,71833.9140625,314927
2023-01-20,71833.9140625,71833.9140625,71833.9140625,71833.9140625,0
2023-01-23,71833.9140625,71833.9140625,71833.9140625,71833.9140625,0
2023-01-24,71833.9140625,71833.9140625,71833.9140625,71833.9140625,0
2023-01-25,71833.9140625,71833.9140625,71833.9140625,71833.9140625,0
2023-01-26,71833.9140625,71833.9140625,71833.9140625,71833.9140625,0
2023-01-27,72246.36816039671,75752.13620050468,72246.36816039671,74377.328125,674989
2023-01-30,74927.24893790351,74995.99001775523,73277.4765625,73277.4765625,337242
2023-01-31,73277.48106472571,73896.1440508834,72590.07022397332,73071.2578125,357666
2023-02-01,73483.6998020552,76027.09944501218,72865.0300833896,73277.4765625,923855
2023-02-02,73552.4296875,74239.8404446723,73139.99000371527,73552.4296875,370525
2023-02-03,73414.96783107123,73552.44323731273,72315.1171875,72315.1171875,326400
2023-02-06,72315.11712643866,73552.44317520663,71627.70624321215,72865.0390625,305094
2023-02-07,73346.22214880095,74102.36730310912,72177.63049004135,73071.2578125,362330
2023-02-08,73071.24449257179,74239.8359383125,73002.50342102714,73758.6484375,344806
2023-02-09,74171.10377789322,74789.7667256047,73758.65729907287,74308.5859375,396622
2023-02-10,74308.58034711875,74308.58034711875,72933.765625,72933.765625,255169
2023-02-13,72933.77122231481,74102.36281022175,72383.84935357458,72796.2890625,253909
2023-02-14,73071.2579016135,73552.43872020753,72590.0703125,72590.0703125,136409
2023-02-15,72865.03453347,73896.1440236998,72658.81128132013,73621.1796875,229072
2023-02-16,73139.99987065849,74858.51345438782,73139.99987065849,74171.109375,329173
2023-02-17,73896.14513023788,74171.10947055508,73346.22322012307,73689.921875,234872
2023-02-20,73758.65839647476,74927.25,73758.65839647476,74927.25,252270
2023-02-21,74583.54570567879,75270.95652416893,74446.0703125,74446.0703125,272567
2023-02-22,73896.13506608615,75614.6484179796,73483.6953823014,73552.4296875,303455
2023-02-23,73964.87952397058,73964.87952397058,72040.14285691366,72727.546875,220247
2023-02-24,72865.02120512025,73896.13050674126,72177.617260879,73208.7265625,160615
2023-02-27,73208.74012677213,73208.74012677213,70802.81572037557,71490.2265625,309128
2023-02-28,72177.62503771877,72452.58935324881,71077.77454611748,71146.515625,92662
2023-03-01,70940.29343989141,72796.28905619259,70940.29343989141,72246.3671875,142461
2023-03-02,72177.625,72727.54686025379,71902.66068461364,72177.625,145108
2023-03-03,72796.28232156947,72796.28232156947,70665.32258280455,71833.9140625,232476
2023-03-06,72177.61937231063,72521.32473974487,71215.25111401315,71283.9921875,115860
2023-03-07,72108.87835666796,72521.32479791992,71421.47439176647,71833.9140625,256808
2023-03-08,71352.73992548247,72796.2890625,71283.99884557506,72796.2890625,186334
2023-03-09,72383.85147912933,74171.1060681667,72383.85147912933,73414.9609375,240293
2023-03-10,73071.24892799804,73758.65291465168,72521.32709277884,73552.4296875,289209
2023-03-13,73552.4340596627,74583.54348619453,72796.28895234443,74308.5859375,437469
2023-03-14,73071.24889836767,74239.84041456807,72521.32706337147,74033.6171875,233233
2023-03-15,74033.6172175206,74239.8404446723,73277.47215514972,73552.4296875,247479
2023-03-16,73552.4364912843,73552.4364912843,71627.6997341962,71902.6640625,350101
2023-03-17,72383.84259277118,73002.5054836344,71283.9921875,71283.9921875,285679
2023-03-20,71490.22331085843,71902.66302685432,70734.07141891416,70802.8125,238906
2023-03-21,70940.2890625,71490.21766777812,70527.84937906003,70940.2890625,141200
2023-03-22,71490.21429660049,71490.21429660049,70596.58712568186,70734.0625,159228
2023-03-23,70459.109375,70802.80798800745,70115.40399147381,70459.109375,184947
2023-03-24,70527.84933874094,71215.253324427,70184.1439606386,70390.3671875,316945
2023-03-27,70459.11164459746,70871.55134759548,70115.40625,70115.40625,128719
2023-03-28,70390.36500268937,71558.9564814474,70390.36500268937,71283.9921875,341402
2023-03-29,71283.99783539944,71283.99783539944,70527.85273765241,70665.328125,125189
2023-03-30,70802.80687070418,71421.4765512884,70390.3671875,70390.3671875,175114
2023-03-31,70390.37056567798,70940.29242651498,69977.92409216102,70115.40625,311271
2023-04-03,71215.25444823886,71352.73660164935,70115.40399147381,70459.109375,406077
2023-04-04,71146.52247245576,71146.52247245576,69977.93078950154,70046.671875,712180
2023-04-05,70734.075959465,70734.075959465,69977.93078950154,70046.671875,274710
2023-04-06,70596.5960988668,70596.5960988668,69702.96204384443,69771.703125,387167
2023-04-07,69702.95976229204,70046.66515681954,69428.002217189,69565.484375,182804
2023-04-10,69496.74902005603,69909.18875693985,68396.8984375,68396.8984375,589890
2023-04-11,68396.8950503479,69015.55801029595,68396.8950503479,68671.859375,302572
2023-04-12,68740.59257708986,69496.74445768895,68465.63502739108,68603.1171875,353127
2023-04-13,69359.26348104642,69359.26348104642,68534.37727683704,68740.59375,228694
2023-04-14,69221.777920641,69221.777920641,67434.5234375,67434.5234375,354514
2023-04-17,67503.27021153663,67778.22777563185,66747.12506186577,66815.859375,300555
2023-04-18,67022.07922816194,67228.30246866807,66472.15735733129,66540.8984375,277610
2023-04-19,67022.08267432317,67228.30592543297,65372.31020648368,65716.015625,421584
2023-04-20,65990.96875,67022.07816566555,65716.0112042031,65990.96875,354136
2023-04-21,66540.89961892973,66540.89961892973,65441.04908722158,65578.53125,522946
2023-04-24,65647.26733859818,65784.74949092041,63997.48828125,63997.48828125,710793
2023-04-25,64616.16250552463,64616.16250552463,63241.34765625,63241.34765625,405573
2023-04-26,62966.37451717778,64753.63560217908,62966.37451717778,64203.70703125,424232
2023-04-27,64341.19646262585,64753.64293754506,63378.828125,63378.828125,376955
2023-04-28,64134.97598378042,64134.97598378042,63447.57193320032,63791.27734375,203354
2023-05-01,63791.27734375001,63791.27734375001,63791.27734375001,63791.27734375,0
2023-05-02,63791.27734375001,63791.27734375001,63791.27734375001,63791.27734375,0
2023-05-03,63791.27734375001,63791.27734375001,63791.27734375001,63791.27734375,0
2023-05-04,63310.08873723969,63791.27630416751,62966.38333229124,63241.34765625,257439
2023-05-05,63241.342638035065,63516.306940175346,62966.37833589479,63172.6015625,211296
2023-05-08,63378.82536631861,63997.48828125,63378.82536631861,63997.48828125,332073
2023-05-09,64272.45974707884,65097.345982401726,64272.45974707884,64684.90625,348715
2023-05-10,65028.602746108496,65028.602746108496,63791.276819339866,64066.234375,312028
2023-05-11,64272.45538347265,64478.67862093225,63378.828125,63378.828125,513491
2023-05-12,63241.35315889566,63791.28185466261,63241.35315889566,63585.05859375,331947
2023-05-15,63928.74998770664,64547.419700085455,63378.828125,63378.828125,499623
2023-05-16,63928.752218794216,64066.23438189869,63378.830336895524,63516.3125,319088
2023-05-17,63585.04801571042,63928.74662286714,63103.86048696493,63172.6015625,366869
2023-05-18,63241.33825035991,64272.44754132912,63103.856108828266,63928.7421875,634016
2023-05-19,64066.236471024735,65647.27462776283,63997.49538723093,65234.828125,1086236
2023-05-22,65647.2684624535,65716.00953979144,64616.15907290322,65097.33984375,452724
2023-05-23,65234.825990743004,65234.825990743004,63997.49329345516,64066.234375,548917
2023-05-24,64066.234375,64066.234375,64066.234375,64066.234375,0
2023-05-25,63928.74829952383,65166.08092108794,63585.04968335293,65097.33984375,770678
2023-05-26,65578.53305144869,65578.53305144869,64272.45923969494,64409.94140625,540596
2023-05-29,64616.16184808055,64891.11939872256,64272.45644662917,64478.6796875,524081
2023-05-30,64478.68645452192,64616.168629531196,63791.28234999536,63860.0234375,739412
2023-05-31,63791.27734375001,64066.23490167048,63791.27734375001,63791.27734375,511095
2023-06-01,64272.45710057618,64272.45710057618,63241.34765625,63241.34765625,691000
2023-06-02,63447.57089921907,63791.27630416751,63241.34765625,63241.34765625,724661
2023-06-05,63653.795675974514,64616.1640625,63653.795675974514,64616.1640625,657591
2023-06-06,64959.858220100745,65853.48546228028,64822.38283481985,65372.3046875,1056105
2023-06-07,65441.0508640394,65647.27411380627,64478.68246897999,64959.86328125,890950
2023-06-08,65303.56759759993,65441.04976179553,64134.9759724566,64341.19921875,796775
2023-06-09,64341.20032297247,64684.90573936014,64066.23598986234,64409.94140625,364095
2023-06-12,64891.116584778116,64891.116584778116,63860.013966174985,64547.41796875,618004
2023-06-13,64822.38731043818,64891.12162256492,64341.199731915774,64616.1640625,733865
2023-06-14,64684.90293155081,65784.75344573021,64684.90293155081,65028.6015625,958273
2023-06-15,65234.82250912536,67228.3002264942,65097.34035337318,66403.4140625,1637801
2023-06-16,66815.85034819796,66953.33249693149,65647.265625,65647.265625,743572
2023-06-19,65784.75227032715,66609.63844859335,65441.046875,65441.046875,804213
2023-06-20,65441.044648078,66334.671875,65166.08034117316,66334.671875,640697
2023-06-21,66334.67191235443,66334.67191235443,65509.78576169414,65853.484375,609558
2023-06-22,65853.484375,65853.484375,65853.484375,65853.484375,0
2023-06-23,66197.19197420077,66197.19197420077,65303.56471686914,65441.046875,792110
2023-06-26,65441.04688788723,66197.1919872369,65372.30580880826,65990.96875,1188102
2023-06-27,66472.15179767716,66678.37502093504,65990.96427674213,66197.1875,643723
2023-06-28,66609.64070031894,66609.64070031894,65578.53125,65578.53125,961299
2023-06-29,65647.2712851429,65853.48775550477,65028.6015625,65028.6015625,895237
2023-06-30,65028.59254923503,65303.55683229832,63928.7421875,63928.7421875,859054
2023-07-03,64478.68189720789,64959.86270521097,64341.199731915774,64616.1640625,480208
2023-07-04,64891.11714220087,65578.52792119962,64684.900679020095,65372.3046875,628342
2023-07-05,65509.78682074322,65509.78682074322,64822.3828125,64822.3828125,517399
2023-07-06,65303.56471686914,66334.67413233162,65097.34147967285,65441.046875,1732607
2023-07-07,65784.75228328207,66403.4152244738,65509.7879669662,65990.96875,847834
2023-07-10,66334.67410514638,67090.81920403727,66265.93302610912,67022.078125,1419444
2023-07-11,67228.30587692198,67365.7880442293,66678.38397821209,66815.859375,907214
2023-07-12,67090.81694846957,67090.81694846957,66128.44864482137,66334.671875,716719
2023-07-13,66678.37507803932,68465.62947343448,66403.41078012667,68259.40625,1725043
2023-07-14,68396.89289498406,69084.29691443325,67709.48887553488,68053.1875,876452
2023-07-17,68121.92857899681,68190.66965799363,67434.52455954763,68053.1875,648136
2023-07-18,68053.1885470643,69015.55689730772,67709.48991731105,68603.1171875,935832
2023-07-19,68946.81363224478,68946.81363224478,67984.4453125,67984.4453125,663138
2023-07-20,67846.96875,68190.67416771468,67022.08251800417,67846.96875,709281
2023-07-21,67846.96866579664,68328.15625,67434.5289355703,68328.15625,671459
2023-07-24,68534.37049761403,68671.85264646944,67640.74330057229,67709.484375,679654
2023-07-25,67915.703125,68465.63173902291,67709.48666526013,67915.703125,521055
2023-07-26,67915.70532837918,67915.70532837918,67503.265625,67503.265625,491932
2023-07-27,67709.48886194907,67915.70532837918,67434.52454601698,67503.265625,590269
2023-07-28,67365.78893951119,68465.63952206721,67365.78893951119,68396.8984375,677384
2023-07-31,68809.33584935185,70527.85613494496,68809.33584935185,69840.4453125,1500130
2023-08-01,70321.63177802907,70321.63177802907,69221.78125,69221.78125,767652
2023-08-02,69428.00115462067,69840.44085122248,68671.85606875163,69015.5546875,416667
2023-08-03,69015.55466462644,69084.2957424571,68465.6328125,68465.6328125,568584
2023-08-04,68465.63949126544,69359.26681971777,68328.15732219284,68946.8203125,686840
2023-08-07,69634.22211493742,69634.22211493742,68671.85382692506,69359.2578125,442764
2023-08-08,69359.2611382835,69702.95976229204,69153.037901567,69565.484375,667803
2023-08-09,69702.95753632225,69702.95753632225,69153.03569315902,69428.0,468357
2023-08-10,70046.6651710805,71283.99782111244,69771.70085540254,70115.40625,973149
2023-08-11,69977.9263684667,70115.40853077783,69221.78124627464,69771.703125,433939
2023-08-14,69840.4430925761,70046.66633275464,69084.29798244049,69153.0390625,692513
2023-08-15,69221.77792106033,69221.77792106033,68809.33145393968,69015.5546875,411499
2023-08-16,69015.55246377713,69702.95644964413,68740.58816122287,68878.0703125,508574
2023-08-17,68740.59375,69428.00456227381,68465.63619560965,68740.59375,524963
2023-08-18,68671.85838595963,68671.85838595963,67090.8203125,67090.8203125,1141203
2023-08-21,67778.22428692304,68328.15292784618,67434.52565686515,68121.9296875,569467
2023-08-22,68396.89840672913,69428.00790425406,68053.19298404767,68946.8203125,754288
2023-08-23,68946.82127754424,70184.15404599693,68946.82127754424,70046.671875,913139
2023-08-24,70459.10826312046,70459.10826312046,70046.66180939766,70390.3671875,697682
2023-08-25,70390.3717381449,70390.3717381449,69428.00338776111,69702.9609375,680284
2023-08-28,70321.62615208073,71352.73551645859,69977.92077378191,70940.2890625,866745
2023-08-29,71937.4522510544,71937.4522510544,70797.84806077667,71153.9765625,684697
2023-08-30,71225.19003821022,71225.19003821022,70370.48871182385,70726.6171875,537823
2023-08-31,70726.61894080637,70869.07033460819,70228.0390625,70228.0390625,723275
2023-09-01,70228.0390625,70228.0390625,70228.0390625,70228.0390625,0
2023-09-04,70228.0390625,70228.0390625,70228.0390625,70228.0390625,0
2023-09-05,71367.6440462501,71367.6440462501,70299.26559526986,70940.296875,530258
2023-09-06,71153.97319144968,72507.24740341066,71011.52179750925,72293.5703125,690748
2023-09-07,72222.34037343622,73504.39582836,71652.54184637908,73290.71875,1149650
2023-09-08,73290.72128904275,73575.62407005942,72792.1484375,72792.1484375,692009
2023-09-11,73718.07635321276,73718.07635321276,72008.6736768866,72222.34375,468735
2023-09-12,72792.15275261787,73789.305530051,72008.67707361403,73148.28125,742311
2023-09-13,73433.17625004043,75712.38457852126,73148.28047040789,75213.8046875,1634271
2023-09-14,75213.80812959239,76851.9922598241,74430.33242308353,75498.7109375,697052
2023-09-15,76210.95149343053,78134.03819314638,75569.92727034939,78062.8125,999750
2023-09-18,78276.48518201905,79700.99207735035,76923.21099745257,77635.4609375,591908
2023-09-19,77635.46099690754,79059.9678933289,76638.30827398352,78347.7109375,509456
2023-09-20,78347.71087754743,78347.71087754743,77208.10676432968,77635.4609375,540092
2023-09-21,77350.561579332,77635.46437405686,75854.8359375,75854.8359375,975923
2023-09-22,76837.73618196319,77777.91113942185,75897.56823974087,77692.4375,767778
2023-09-25,77692.44127844535,78632.61628162788,76068.51220281642,76495.859375,533389
2023-09-26,76495.8577438468,77094.15219043012,75897.5703125,75897.5703125,463944
2023-09-27,76068.51270664483,76495.85988165888,73504.4015956137,75983.0390625,599367
2023-09-28,76752.27675569266,78205.265625,75983.04198970165,78205.265625,970754
2023-09-29,78376.20836374312,78376.20836374312,76495.85838179216,77521.5,626682
2023-10-02,77350.56354377318,77350.56354377318,75983.04131874227,76324.921875,303728
2023-10-03,75897.56933350305,75897.56933350305,73504.3985932756,73760.8125,573627
2023-10-04,73504.40120965539,73931.75539766219,73333.4609375,73333.4609375,634142
2023-10-05,73247.99302633255,73333.45965329523,71965.9375,71965.9375,619748
2023-10-06,71880.46385780077,71965.9375,70940.29588502858,71965.9375,368130
2023-10-09,73931.75212532353,74615.51318368071,73077.05080237708,74017.21875,540848
2023-10-10,74530.04233395519,75384.7507041358,72991.57989505601,73846.28125,1035996
2023-10-11,74359.10766938551,74786.46188669685,73077.05904792582,73504.40625,692030
2023-10-12,73846.28681775421,73846.28681775421,72649.70483061449,73504.40625,672278
2023-10-13,72735.1734925745,73504.40120965539,72136.87903241231,73333.4609375,453649
2023-10-16,73931.75228259416,75128.33413726462,73931.75228259416,74273.6328125,918749
2023-10-17,74102.69618265638,74273.63645599478,72820.640625,72820.640625,477392
2023-10-18,72649.69959047374,72735.17323386575,69658.24133077636,70940.296875,832915
2023-10-19,70940.30004311608,71367.64723345103,70000.125,70000.125,671123
2023-10-20,70256.54076917483,71111.2421875,68376.1906336223,71111.2421875,853822
2023-10-23,71196.70502658511,71196.70502658511,68718.0675379469,68889.0078125,491050
2023-10-24,69230.88864700541,69487.30256751049,68376.18727071652,69401.8359375,366029
2023-10-25,69230.88328606269,69572.77082534075,68718.0625,68718.0625,346067
2023-10-26,66495.8399846982,68376.18289212258,64530.0234375,64530.0234375,1127188
2023-10-27,65384.723494354934,67094.13311964017,64615.49582745099,66324.8984375,396916
2023-10-30,66324.90055101043,66410.37419185469,65384.72557790573,65470.19921875,269583
2023-10-31,65470.19921875,65897.54637726198,64957.37841939374,65470.19921875,373173
2023-11-01,66239.43019982455,66239.43019982455,65213.78855017544,65726.609375,311607
2023-11-02,66068.48585546187,67692.421875,65726.60532663662,67692.421875,467201
2023-11-03,67863.36784806967,68119.7817738763,66923.1998223316,67606.9609375,478338
2023-11-06,67606.95801832389,67606.95801832389,66666.78301794434,67521.484375,436209
2023-11-07,67521.48715344515,68718.06910256129,67094.13996495072,67350.546875,325475
2023-11-08,67094.13893888601,68376.1875,66666.78474169013,68376.1875,529817
2023-11-09,68376.1875,68718.06805166198,67521.48612084506,68376.1875,659881
2023-11-10,67521.48502697419,68376.18639228267,67094.1378519383,67265.078125,552300
2023-11-13,67521.484375,67948.83856114614,67179.60383217773,67521.484375,321798
2023-11-14,67777.9012162921,68119.7817738763,67094.1401011237,67606.9609375,468042
2023-11-15,68034.3098470957,68974.48491184287,68034.3098470957,68461.6640625,865484
2023-11-16,68290.72086970293,68376.1875,67521.48612084506,68376.1875,684991
2023-11-17,68034.30584615927,68119.77949030849,66923.1975788766,67265.078125,818207
2023-11-20,66410.37451068177,67436.01611431825,66324.90086942715,66923.1953125,601573
2023-11-21,67350.54410358887,67606.95801832389,66923.19693267936,67521.484375,398492
2023-11-22,67521.484375,67777.89828973502,67008.6635607666,67521.484375,505968
2023-11-23,67606.96241157014,67692.42904521119,65812.0859375,65812.0859375,642441
2023-11-24,65897.54914026122,66324.90333192807,64957.38114297294,66239.4296875,656519
2023-11-27,66410.37534500967,66410.37534500967,65384.72671325126,65641.140625,424547
2023-11-28,65384.73172358345,65812.0859375,64786.4442423848,65812.0859375,552930
2023-11-29,65555.66873543258,66666.78402399074,65470.20210605559,66495.84375,626262
2023-11-30,66581.31546091985,66923.19599897222,65384.7265625,65384.7265625,489264
2023-12-01,65812.08055251885,66581.31526853226,65470.20001545435,66410.375,517630
2023-12-04,66495.8427465332,67606.95801832389,66410.37611844597,67521.484375,823145
2023-12-05,67521.484375,68290.71910396841,67265.07747550162,67521.484375,694971
2023-12-06,67521.4888688482,68205.25,67436.02223507279,68205.25,504393
2023-12-07,67863.36891599714,67948.84256435672,66239.43273429875,66581.3203125,900049
2023-12-08,66752.25259763037,67265.07338064507,66239.42479937944,66324.8984375,929255
2023-12-11,67179.60220579088,67179.60220579088,66495.84113669989,66923.1953125,729641
2023-12-12,66923.20021000966,67008.66684228233,66581.31965044499,66837.7265625,494937
2023-12-13,66837.72466973827,66837.72466973827,65641.14274514763,65726.609375,1176461
2023-12-14,65726.609375,66410.37749000287,65555.66910005848,65726.609375,423601
2023-12-15,65726.6105559395,65726.6105559395,64957.3828125,64957.3828125,847413
2023-12-18,64957.37760589644,65042.84423043392,64530.0234375,64530.0234375,646434
2023-12-19,64102.67968749999,64444.56023427277,63418.91859395444,64102.6796875,931356
2023-12-20,64530.024078897346,64530.024078897346,63931.73665547926,64273.6171875,602729
2023-12-21,64102.68346405435,64188.15009816438,63589.86261368279,63846.26953125,764626
2023-12-22,64017.20981470719,64273.62374751154,63504.38896433562,63846.26953125,647799
2023-12-25,63846.26414126433,65555.66683152619,63846.26414126433,65384.7265625,1109748
2023-12-26,65555.66470008432,65555.66470008432,64700.963382742695,65299.2578125,793203
2023-12-27,65299.25879689084,65555.66568834052,65042.84489020474,65213.78515625,742143
2023-12-28,65299.26336852576,65299.26336852576,64615.50225647425,64957.3828125,806020
2023-12-29,65128.31787020775,65213.784494745225,64530.0234375,64530.0234375,1087371
2024-01-01,64530.0234375,64530.0234375,64530.0234375,64530.0234375,0
2024-01-02,64786.4363554594,65213.78350211476,64530.02245527718,64615.49609375,728486
2024-01-03,64530.028609849345,64957.3828125,64444.56197846137,64957.3828125,598106
2024-01-04,64957.384394997855,66153.96637023924,64957.384394997855,65555.671875,1583989
2024-01-05,65812.08316218939,66153.96371281061,65812.08316218939,65983.0234375,1131601
2024-01-08,66068.48779093249,66495.84197210154,65384.72671325126,65641.140625,1074658
2024-01-09,65641.14492667004,65812.08520729259,64871.91015625,64871.91015625,936609
2024-01-10,65128.31787020775,65299.258134519056,64530.0234375,64530.0234375,1079386
2024-01-11,64700.968887862226,65042.84944388798,64530.028609849345,64957.3828125,518996
2024-01-12,65042.84587440934,65042.84587440934,64102.677904552336,64188.14453125,850880
2024-01-15,64530.02847235136,64871.90902764865,64530.02847235136,64700.96875,463419
2024-01-16,64530.02245527718,64700.96271698658,64102.675308621816,64615.49609375,480229
2024-01-17,64957.378251541486,64957.378251541486,64188.14354687661,64273.6171875,873784
2024-01-18,64273.619309291615,64615.49985259847,64273.619309291615,64359.0859375,434002
2024-01-19,64530.03018193595,65555.671875,64444.56354846583,65555.671875,1055012
2024-01-22,65726.60595438578,65726.60595438578,65128.31853084558,65213.78515625,507124
2024-01-23,65299.2615738405,65555.66847619427,64957.381027210984,65042.84765625,801607
2024-01-24,65042.848311185604,65299.26223135801,64700.9677611136,64786.44140625,503867
2024-01-25,64786.44140625,64786.44140625,64786.44140625,64786.44140625,0
2024-01-26,64957.378251541486,65384.7254089492,64273.6171875,64273.6171875,765887
2024-01-29,64359.083979193216,65555.66584435782,64359.083979193216,65470.19921875,971384
2024-01-30,65042.84390967935,65470.19807596833,65042.84390967935,65299.2578125,529817
2024-01-31,65384.72656582354,65384.72656582354,64444.55859375,64444.55859375,625842
2024-02-01,64530.0234375,64700.963701811306,64359.083173188694,64530.0234375,540743
2024-02-02,64530.0234375,64530.0234375,64530.0234375,64530.0234375,0
2024-02-05,64273.6171875,64786.43798553111,64188.14354687661,64273.6171875,671123
2024-02-06,64530.02847235136,64871.90902764865,64444.561841145485,64700.96875,837223
2024-02-07,64700.96875000001,64786.44239644278,64530.02847235136,64700.96875,498299
2024-02-08,64700.96875000001,64700.96875000001,64700.96875000001,64700.96875,0
2024-02-09,64700.96875000001,64700.96875000001,64700.96875000001,64700.96875,0
2024-02-12,64700.96875000001,64700.96875000001,64700.96875000001,64700.96875,0
2024-02-13,64700.96875000001,64700.96875000001,64700.96875000001,64700.96875,0
2024-02-14,64700.96875000001,64700.96875000001,64700.96875000001,64700.96875,0
2024-02-15,64786.44239644278,64957.38267409142,64700.96875000001,64700.96875,577514
2024-02-16,64700.96451209739,65812.07975165416,64700.96451209739,65470.19921875,1064783
2024-02-19,65897.54843264149,67948.83870928381,65812.08180436792,67777.8984375,2493073
2024-02-20,67948.83626547965,68119.77653111552,66837.72103122824,67179.6015625,1058269
2024-02-21,67179.60270077687,67179.60270077687,66239.42771623122,66410.375,1168162
2024-02-22,66666.78694562252,67265.08143842836,66239.43273429875,66581.3203125,1090102
2024-02-23,66752.25355959893,66923.19382306725,65299.2578125,65299.2578125,2054028
2024-02-26,65384.72721096396,65641.14112466454,64786.43977105697,65128.3203125,1150196
2024-02-27,65384.723494354934,66495.8386985049,65128.3166104657,66324.8984375,1212707
2024-02-28,66666.78125,67692.42285126768,66410.3743573013,66666.78125,1650072
2024-02-29,67094.13591988425,67094.13591988425,65983.02066936072,66153.9609375,1319343
2024-03-01,66495.8386985049,66495.8386985049,66068.48453837454,66324.8984375,1041144
2024-03-04,66495.84375,67094.13821658595,66410.37712062302,66495.84375,1195267
2024-03-05,66666.78301794434,67692.42464641112,66495.8427465332,67521.484375,2174321
2024-03-06,67863.36956398143,69743.71969347574,67863.36956398143,68461.6640625,2404823
2024-03-07,68547.1222379791,68974.47640064948,68034.3014519164,68718.0625,1310203
2024-03-08,69230.88441596259,69743.71222563129,67948.8359375,67948.8359375,2212353
2024-03-11,67948.83958653962,67948.83958653962,66495.84375,66495.84375,1552786
2024-03-12,66495.84666414042,67094.14115694627,66410.3800310179,66581.3203125,1234034
2024-03-13,67008.6635607666,67692.42464641112,66666.78301794434,67521.484375,1293183
2024-03-14,68119.78231169737,69572.77820052042,67863.36838386631,69230.890625,4031152
2024-03-15,69487.29867163085,70854.8207970215,68974.47787460937,70342.0,2520284
2024-03-18,70342.00133115986,70854.82213788603,68290.71810425518,68547.125,2620406
2024-03-19,69230.88160605474,69230.88160605474,68119.7734375,68119.7734375,998490
2024-03-20,68376.18922429145,69401.83792037872,68034.30866400801,69230.890625,1536292
2024-03-21,70000.1253932562,70000.1253932562,68803.54343226422,69230.890625,986198
2024-03-22,69230.88622809463,69658.24040892583,68718.06542023915,68803.5390625,1297491
2024-03-25,68803.53613862858,69572.77082534075,68461.65561458678,68718.0625,1022128
2024-03-26,68803.53630007799,69145.41682492202,68376.18213640481,68974.4765625,626682
2024-03-27,69401.8363129397,69829.18349577754,68461.6612863175,68632.6015625,890173
2024-03-28,68718.06819297283,68974.48211486501,68290.72101013498,68632.6015625,814004
2024-03-29,68889.00553781744,69401.83335978015,68547.125,68547.125,647589
2024-04-01,68547.12726339382,68974.48145739493,68205.24671428764,68889.0078125,785533
2024-04-02,68718.06888684181,70598.41895907273,68290.7216996889,70512.9453125,1830355
2024-04-03,70512.93582203689,71282.17047671112,69914.6484375,69914.6484375,1850842
2024-04-04,70085.59637924276,70427.4769265423,69316.36164020047,69658.2421875,789946
2024-04-05,69230.88850483498,71111.23854404592,68718.06768011475,69145.421875,1454345
2024-04-08,69230.89169672769,69230.89169672769,68205.25,68205.25,709890
2024-04-09,68376.18537764424,68803.53956157531,67948.83820894979,68290.71875,655154
2024-04-10,68290.71630806237,68803.53710130026,67692.421875,67692.421875,670177
2024-04-11,67436.02052184104,67777.90107873137,67179.60659655483,67350.546875,678162
2024-04-12,67521.47902732738,68205.24005881832,67350.53876945465,68119.7734375,378216
2024-04-15,68290.72174136959,68889.00920679621,63418.92031038409,64957.3828125,1151982
2024-04-16,65128.32309051288,65726.6105559395,64102.681422435606,64957.3828125,1172469
2024-04-17,65128.31951634354,65384.72641167307,64188.14453125,64188.14453125,682995
2024-04-18,64188.14453125,64188.14453125,64188.14453125,64188.14453125,0
2024-04-19,64188.14631657483,65128.32132781833,63846.26576980205,64102.6796875,928835
2024-04-22,64273.61996088638,64615.50050765916,64017.20604318844,64102.6796875,861492
2024-04-23,64530.0262271895,64530.0262271895,63247.97068181214,63418.91796875,498509
2024-04-24,64102.67740962412,64102.67740962412,63504.38296641367,63760.796875,895426
2024-04-25,63760.80050259943,64017.20741053727,63247.97265625,63247.97265625,828398
2024-04-26,63162.50555151028,63418.9194727614,62820.625,62820.625,813164
2024-04-29,62820.625,62820.625,62820.625,62820.625,0
2024-04-30,62820.625,62820.625,62820.625,62820.625,0
2024-05-01,62820.625,62820.625,62820.625,62820.625,0
2024-05-02,62393.26917777053,63504.38444885495,62393.26917777053,63162.50390625,727015
2024-05-03,63333.444325281074,63760.79851215241,63162.50405357987,63418.91796875,540743
2024-05-06,63675.32825867871,64273.622749103706,63675.32825867871,63931.7421875,935349
2024-05-07,64444.55746666453,65213.78515625,63846.2630278879,65213.78515625,1572222
2024-05-08,65299.25959680363,66324.90120563927,64273.617987968006,66153.9609375,1453084
2024-05-09,66239.42956945329,66239.42956945329,65042.84765625,65042.84765625,811483
2024-05-10,65213.784494745225,65641.13866314167,64017.20264456608,64530.0234375,683835
2024-05-13,64871.904610918085,65042.84487692846,64102.676921489634,64273.6171875,662613
2024-05-14,64530.024078897346,64871.904610918085,64017.20328086623,64273.6171875,825036
2024-05-15,64273.61654865122,64786.43734158514,64017.20264456608,64530.0234375,927994
2024-05-16,64957.38380417979,65384.73099811768,64871.91015625,64871.91015625,1173205
2024-05-17,65128.32295174007,65128.32295174007,64530.02847235136,64700.96875,1013934
2024-05-20,65042.84944388798,65641.14392455152,64957.3828125,64957.3828125,1166796
2024-05-21,65128.324677175195,66324.90665241658,64957.384394997855,65555.671875,1782658
2024-05-22,66068.48664371407,66068.48664371407,65384.72557790573,65470.19921875,874414
2024-05-23,65470.20077871748,68290.71875,65299.26050819238,68290.71875,4191368
2024-05-24,68803.5399182018,69658.24127525746,66495.8427465332,67521.484375,2702983
2024-05-27,67521.4878235829,69487.30455283106,66752.26007056369,69230.890625,2241875
2024-05-28,70085.59864720918,70427.47920557193,69230.89023606532,70000.125,2345674
2024-05-29,70940.30018055018,72222.34876927578,69316.3640175625,70256.5390625,3878710
2024-05-30,70000.1204472543,70342.00098338145,68461.65803468211,69316.359375,2474583
2024-05-31,69658.24604430003,69829.18632741431,68461.6640625,68461.6640625,1501832
2024-06-03,68461.6640625,68461.6640625,68461.6640625,68461.6640625,0
2024-06-04,68718.07255095351,70000.12821124647,68632.60591506053,69059.953125,1591974
2024-06-05,69145.42173194802,70256.5370241615,68889.0078125,68889.0078125,1871328
2024-06-06,69658.24321959504,69658.24321959504,68547.12791679033,68632.6015625,1109643
2024-06-07,68803.5418386825,69230.88902152034,68632.6015625,68632.6015625,918224
2024-06-10,69059.94874533784,69230.88902152034,68632.6015625,68632.6015625,1172259
2024-06-11,68974.48211486501,69743.71686530471,68632.6015625,68632.6015625,2513770
2024-06-12,68803.53613862858,69230.88328606269,68461.65561458678,68718.0625,1404337
2024-06-13,69230.88607563489,69230.88607563489,68547.125,68547.125,1474622
2024-06-14,68547.12600346678,68889.00654628905,67521.484375,67521.484375,2392426
2024-06-17,67521.48026453432,67777.89416365977,66324.8984375,66324.8984375,1314825
2024-06-18,66666.78125,67521.48258438973,66666.78125,66666.78125,985672
2024-06-19,66837.7265625,67350.547401847,66581.31965044499,66837.7265625,1044401
2024-06-20,67265.07569169105,67436.01595856898,66666.78125,66666.78125,873573
2024-06-21,66837.7272271046,67521.48835303295,66581.3203125,66581.3203125,1106596
2024-06-24,66581.31546091985,67008.66262586704,65299.25993560519,65384.7265625,1813965
2024-06-25,65470.19906293611,65983.0198610719,65213.78515625,65213.78515625,1069510
2024-06-26,65384.7265625,65726.60710055237,65042.84602444763,65384.7265625,1191170
2024-06-27,65470.20020463137,66495.84181878848,65384.7265625,65384.7265625,1061106
2024-06-28,65470.19921875,65983.02001810625,65384.72557790573,65470.19921875,693606
2024-07-01,65555.66664210221,66410.375,65470.20001545435,66410.375,832180
2024-07-02,66666.78628271766,66923.20021000966,66324.90572315299,66837.7265625,920745
2024-07-03,67094.140489792,67094.140489792,66666.78628271766,66837.7265625,673119
2024-07-04,67008.66684228233,68119.78216848601,66837.7265625,66837.7265625,1224684
2024-07-05,67094.13493730026,67777.89599984378,67008.66129686413,67179.6015625,790156
2024-07-08,67265.078125,67606.95867112339,67094.1378519383,67265.078125,833440
2024-07-09,67521.484375,67521.484375,67008.6635607666,67521.484375,1613091
2024-07-10,67692.42021566024,68119.77437383428,67094.1328125,67094.1328125,1178142
2024-07-11,67179.60712206467,67436.02104935667,66837.7265625,66837.7265625,764836
2024-07-12,67265.07569169105,68290.71729295871,66410.3743573013,66666.78125,1295074
2024-07-15,67521.48274033637,67863.36327488186,66923.1953125,66923.1953125,1269755
2024-07-16,67521.48274033637,67606.956381591,66923.1953125,66923.1953125,953734
2024-07-17,67350.54231751178,67350.54231751178,65897.54654143102,66666.78125,1652593
2024-07-18,66752.2578125,67179.60499077968,66495.84389334278,66752.2578125,1189174
2024-07-19,66752.25766860448,67008.6645719722,66410.37712062302,66495.84375,696862
2024-07-22,66495.8470675768,66495.8470675768,65470.2053724616,65812.0859375,1200625
2024-07-23,65897.54752151218,66068.48779093249,65641.140625,65641.140625,690034
2024-07-24,65555.67200610264,66153.9665025384,65213.79144106425,65812.0859375,1057113
2024-07-25,65726.60725209187,65812.08089442032,65299.26008615939,65641.140625,515424
2024-07-26,65470.20261156817,65983.0234375,65384.72896629446,65983.0234375,573417
2024-07-29,66239.43313617945,66239.43313617945,65812.0859375,65812.0859375,380527
2024-07-30,65812.08316218939,65983.0234375,65641.14288687878,65983.0234375,663558
2024-07-31,66153.9618608179,68803.53956157531,66153.9618608179,68290.71875,3349943
2024-08-01,68461.66515251553,69316.36658169515,67265.08315166408,67436.0234375,1494898
2024-08-02,66752.2622941563,67436.0234375,66495.8483577838,67436.0234375,1466217
2024-08-05,66666.78208781467,67094.13626799842,65299.25993560519,65384.7265625,2207625
2024-08-06,65641.1372311626,66666.7787946558,65384.7233326712,66068.484375,933668
2024-08-07,66324.90469334622,67948.84083368254,66324.90469334622,67863.3671875,1924909
2024-08-08,67863.36311099259,70427.47412912798,67436.015951461,69829.1796875,4129908
2024-08-09,70085.59146080718,70256.53172246077,69145.41651409431,69743.7109375,1306841
2024-08-12,69743.71756953,71196.70642413419,69401.83701371291,70512.9453125,1985108
2024-08-13,70342.00328209905,70342.00328209905,69316.36164020047,69658.2421875,1819534
2024-08-14,70000.12791173546,71196.70991577831,69914.66127620816,70085.6015625,2415119
2024-08-15,70085.59703853111,70683.88449431493,69401.8359375,69401.8359375,1311148
2024-08-16,69743.71273223773,71025.76122001292,69230.88491884395,70598.4140625,2430142
2024-08-19,70683.88134130645,72393.2910328691,70598.41471510839,72222.34375,3173967
2024-08-20,72820.63819433241,73589.87290629743,72222.34375,72222.34375,3057246
2024-08-21,72222.34891772176,73077.05733227824,72136.88228540831,72649.703125,2280642
2024-08-22,72906.11183576696,72991.57846196502,72051.40348236739,72222.34375,1365990
2024-08-23,72393.2890625,72991.57647531197,72307.81542339183,72393.2890625,936504
2024-08-26,72820.63884580952,72906.11248800874,71709.52358863887,71965.9375,1277004
2024-08-27,72222.34194176387,72222.34194176387,70940.29347423623,71367.640625,1886142
2024-08-28,71196.70052054613,71965.93521496856,71196.70052054613,71624.0546875,888282
2024-08-29,71624.06024147918,71880.46714934512,71282.1796875,71282.1796875,953629
2024-08-30,71538.58366497493,71794.99757757442,71196.703125,71196.703125,1006579
2024-09-02,71196.703125,71196.703125,71196.703125,71196.703125,0
2024-09-03,71196.703125,71196.703125,71196.703125,71196.703125,0
2024-09-04,70940.30346420633,72136.88547618105,70854.82981287519,71709.53125,1447306
2024-09-05,72136.87811754935,72478.75865752429,71196.703125,71196.703125,945855
2024-09-06,72222.34931159226,72222.34931159226,71624.06183642431,71880.46875,922321
2024-09-09,71624.05437147168,72991.57647531197,71538.58073236351,72393.2890625,2067790
2024-09-10,72307.82295960885,72820.64380199724,71367.6479076116,71880.46875,2001918
2024-09-11,71794.99772819215,71794.99772819215,70940.29637646176,71453.1171875,1565604
2024-09-12,71624.05745784608,71965.93799853823,71282.17691715392,71453.1171875,1848005
2024-09-13,71584.0646384589,71584.0646384589,69796.81841706173,69890.8828125,2155996
2024-09-16,69608.68987389219,69608.68987389219,68291.765625,68291.765625,1919096
2024-09-17,68291.76373183462,68856.15766018338,68009.562982982,68385.828125,787023
2024-09-18,68950.22253765217,69138.35889466088,68573.95739299129,68762.09375,800928
2024-09-19,68856.16026904133,69044.2890625,68573.95950949652,69044.2890625,1010018
2024-09-20,69232.42328848696,69420.55207613912,68668.02935617391,68762.09375,1028455
2024-09-23,68762.09564642032,68950.22443926097,68573.95928422292,68668.03125,568869
2024-09-24,68668.03381857091,69514.62098737773,68668.03381857091,69326.4921875,878693
2024-09-25,69608.69105158575,69608.69105158575,69138.36149540663,69420.5546875,684950
2024-09-26,69420.55114551337,70173.08142474698,69420.55114551337,69608.6875,1143094
2024-09-27,69796.81770571377,69890.88210019335,69138.359375,69138.359375,552080
2024-09-30,69138.36483759194,69232.42923950353,68668.03525867683,68856.1640625,666307
2024-10-01,68950.22443926097,69326.48959429904,68668.03125,68668.03125,1063269
2024-10-02,68950.22610160959,69608.6920311406,68573.9609375,68573.9609375,1085311
2024-10-03,69044.29027984734,69044.29027984734,68197.703125,68197.703125,817099
2024-10-04,68479.89699655838,69326.4917291247,68197.7037986076,68950.2265625,893937
2024-10-07,69138.36246834285,69326.49126571917,68291.76774143551,68573.9609375,598121
2024-10-08,69044.28836054074,69044.28836054074,68291.765625,68291.765625,657037
2024-10-09,68291.76373183462,68573.95691133075,68009.562982982,68385.828125,563616
2024-10-10,68856.16216318308,69232.42732980778,68197.7037986076,68950.2265625,1077586
2024-10-11,69138.36483759194,69326.4936414151,68856.1640625,68856.1640625,621605
2024-10-14,69232.42686703101,69232.42686703101,68385.83214012368,68573.9609375,541986
2024-10-15,68385.828125,68668.02887385263,68103.63494550387,68385.828125,614189
2024-10-16,68291.76897165299,68385.83337203563,67727.375,67727.375,781152
2024-10-17,67727.37645638413,68009.56966360025,66974.84609842663,67257.046875,761685
2024-10-18,67351.10747790111,68009.56582695013,67351.10747790111,67445.171875,332175
2024-10-21,67445.171875,67445.171875,67068.91428660446,67445.171875,483791
2024-10-22,67445.17331489234,67633.30968246346,66974.84375,66974.84375,561865
2024-10-23,66974.84162587137,66974.84162587137,66504.51207589569,66692.6484375,687010
2024-10-24,66692.64654404676,66974.83972440647,66692.64654404676,66786.7109375,425802
2024-10-25,66786.7128336238,67162.9779874757,66692.6484375,66692.6484375,332175
2024-10-28,66692.65199664448,66786.71639778813,66504.515625,66504.515625,320639
2024-10-29,66504.51396934116,66880.77913390567,66504.51396934116,66598.5859375,362560
2024-10-30,66692.64606016876,67068.91120060827,66410.4453125,66410.4453125,327952
2024-10-31,66786.71235913421,66786.71235913421,66316.3828125,66316.3828125,638806
2024-11-01,66316.38043309796,66504.509217259,65846.05090333897,66034.1796875,440119
2024-11-04,66222.32175786163,66222.32175786163,65751.9921875,65751.9921875,475551
2024-11-05,65751.98982230865,65846.05421912593,65281.66026886543,65469.7890625,558260
2024-11-06,65846.05279272041,66880.77627400919,65751.9883979408,65940.1171875,516545
2024-11-07,66786.7118792296,66786.7118792296,65940.1171875,65940.1171875,383984
2024-11-08,66034.18348247276,66598.58500610474,65846.0546875,65846.0546875,441664
2024-11-11,65940.1171875,66316.382335975,65846.05279272041,65940.1171875,560526
2024-11-12,65940.1150501921,66316.38018647126,65657.921875,65657.921875,438265
2024-11-13,65846.0561295894,65846.0561295894,63964.73786123179,65375.7265625,852428
2024-11-14,65093.5308925573,66128.25438699887,64905.39453125001,64905.39453125,560114
2024-11-15,64811.32990567617,65281.65945324314,64529.13671875,64529.13671875,797220
2024-11-18,64529.13694734887,64999.458927225285,64246.93619006629,64905.39453125,964801
2024-11-19,65375.72493842592,65563.86130220217,63870.671875,63870.671875,713893
2024-11-20,63870.67366830231,64341.0032369132,63494.412284220714,63588.48046875,733154
2024-11-21,63776.60594459973,64529.13624290026,63776.60594459973,64152.87109375,1202937
2024-11-22,64529.13730169236,66410.4479395989,64529.13730169236,65093.53125,1045553
2024-11-25,65281.66205564185,66128.25678888253,65187.59765625,65187.59765625,928236
2024-11-26,65281.66026886543,65751.98982230865,65281.66026886543,65469.7890625,461646
2024-11-27,65657.92722256626,65657.92722256626,64905.39688871744,65187.59765625,430025
2024-11-28,65187.59765625,65846.05602134997,65187.59765625,65187.59765625,456187
2024-11-29,65187.59587204814,65657.92542549135,65093.531475230855,65469.7890625,291490
2024-12-02,65563.86080181583,65657.92519830764,64905.39488765961,65093.53125,416326
2024-12-03,65187.597085768895,65469.790281474874,64623.203125,64623.203125,653329
2024-12-04,64623.20111439206,65093.53066195903,64435.064753751256,64529.13671875,317549
2024-12-05,64623.20323379595,65657.92675850708,64435.06686698497,64811.33203125,649827
2024-12-06,65751.98959479945,65751.98959479945,64905.39488765961,65093.53125,443724
2024-12-09,65375.726455033706,65375.726455033706,65093.53325685814,65187.59765625,407777
2024-12-10,65281.65968450786,65469.78847645843,64905.39453125001,64905.39453125,414575
2024-12-11,64905.39632070598,65093.53268720023,64529.13872643134,64623.203125,555170
2024-12-12,64717.267169770166,64905.39596587902,64435.06640625,64435.06640625,531480
2024-12-13,64435.06439511851,64529.13635959367,64152.871209762976,64341.0,358440
2024-12-16,64435.066184673844,64529.13815176167,64058.80859375,64058.80859375,360603
2024-12-17,64058.80633877633,64435.06391645531,63964.734375,63964.734375,425287
2024-12-18,64341.00200819557,64623.20277171574,64246.93761014115,64435.06640625,519223
2024-12-19,64152.87321208672,64529.13837366131,63964.736846620974,64435.06640625,743042
2024-12-20,64435.064753751256,64717.265510034114,64341.000358109195,64529.13671875,351951
2024-12-23,64717.267169770166,64999.460363933445,64435.06640625,64435.06640625,580611
2024-12-24,64529.13624290026,64623.20063784867,64152.87109375,64152.87109375,525094
2024-12-25,64246.93560488149,64811.32954494921,64246.93560488149,64341.0,469989
2024-12-26,64529.13837366131,65469.789923562465,64435.06640625,64435.06640625,1027013
2024-12-27,64623.20277171574,64905.39596587902,64435.06640625,64435.06640625,556097
2024-12-30,64529.13624290026,64717.26503279708,64152.87109375,64152.87109375,414472
2024-12-31,64341.001786942885,64623.202549492635,64058.80859375,64058.80859375,793924
2025-01-01,64058.80859375,64058.80859375,64058.80859375,64058.80859375,0
2025-01-02,64246.937389211926,64435.066184673844,63964.736626662176,64058.80859375,440634
2025-01-03,64058.80633877633,64340.99952203556,63964.734375,63964.734375,474315
2025-01-06,63964.73592441973,64152.87228717304,63306.277578175075,63494.41015625,693499
2025-01-07,63588.47977826154,63870.67297474961,62930.01763242065,63024.08203125,703696
2025-01-08,63024.08025664091,63212.21283368072,62647.81888723966,63118.1484375,537351
2025-01-09,63212.21461358718,63494.411594753714,62835.94944891282,63024.08203125,380482
2025-01-10,63024.07978360245,63494.40933033266,62741.8828125,62741.8828125,435278
2025-01-13,62741.884478596134,63118.14963984327,62271.55491937644,62459.6875,558672
2025-01-14,62553.75047232821,63400.34517350055,62553.75047232821,62930.015625,409219
2025-01-15,63212.214382046135,63400.3469636942,62835.94921875,62835.94921875,406850
2025-01-16,63212.214382046135,63400.3469636942,62835.94921875,62835.94921875,406850
2025-01-17,63212.214382046135,63212.214382046135,62647.820421780394,62835.94921875,331351
2025-01-20,63212.213414170525,64152.872523329475,62835.94825663559,63682.54296875,681860
2025-01-21,63964.73557248324,64058.8075380207,63118.1484375,63118.1484375,359779
2025-01-22,63494.411362179,63494.411362179,62741.88482026519,62835.94921875,322699
2025-01-23,62835.94944891282,63212.21461358718,62741.88505008347,63024.08203125,326613
2025-01-24,63024.080946077316,63870.671875,62835.94836697947,63870.671875,445269
2025-01-27,63870.671875,63870.671875,63870.671875,63870.671875,0
2025-01-28,63870.671875,63870.671875,63870.671875,63870.671875,0
2025-01-29,63870.671875,63870.671875,63870.671875,63870.671875,0
2025-01-30,63870.671875,63870.671875,63870.671875,63870.671875,0
2025-01-31,63870.671875,63870.671875,63870.671875,63870.671875,0
2025-02-03,63776.606780121794,63776.606780121794,62930.01586046019,63118.1484375,477096
2025-02-04,62930.01586046019,63306.27722986144,62930.01586046019,63118.1484375,410352
2025-02-05,63494.41239029772,64058.810144380805,63400.3479902898,63776.609375,671972
2025-02-06,64152.874437211656,64152.874437211656,63494.412284220714,63588.48046875,555479
2025-02-07,63588.47810215659,63964.735687556364,63306.27734375,63306.27734375,842746
2025-02-10,63212.212947400054,63588.47810215659,62930.01597367185,63306.27734375,754887
2025-02-11,63306.27901241653,63870.67297474961,62553.752467746286,63024.08203125,691439
2025-02-12,63024.08025664091,63494.40980690126,63024.08025664091,63118.1484375,354526
2025-02-13,63118.1479637555,63118.1479637555,62647.81841702529,62741.8828125,670221
2025-02-14,63306.277811215055,63870.67176283907,63024.08083540305,63682.54296875,1181616
2025-02-17,63682.54497499208,64341.00334440456,63494.41239029772,63776.609375,785787
2025-02-18,63964.734375,64246.93512761582,63682.54119174077,63964.734375,653432
2025-02-19,64152.87356279977,64905.39632070598,63870.67279773685,64623.203125,1431494
2025-02-20,65093.530777593325,65187.59517340248,64435.06486821583,64717.265625,619545
2025-02-21,64529.13635959367,64717.265149830695,64152.871209762976,64341.0,790525
2025-02-24,64152.87156682509,64717.265510034114,63776.606414900176,64529.13671875,1097980
2025-02-25,64623.203125,65187.597085768895,64246.93796136843,64623.203125,833888
2025-02-26,64623.20075471218,64811.32954494921,64341.0,64341.0,534879
2025-02-27,64340.99952203556,64529.135880231646,63870.66998058026,63964.734375,833888
2025-02-28,64058.80633877633,64623.20027465139,63964.734375,63964.734375,811228
2025-03-03,64058.807171183034,64623.20111439206,64058.807171183034,64529.13671875,667234
2025-03-04,64529.13894307767,65281.661703510355,64246.93817706731,64999.4609375,1488556
2025-03-05,65093.5302996614,65187.59469477991,64341.0,64341.0,762715
2025-03-06,64246.9375,64435.06629578634,64058.80870421367,64246.9375,854694
2025-03-07,64246.93894439664,64341.00334440456,63682.54497499208,63776.609375,1440043
2025-03-10,64058.810144380805,64152.874544388724,63212.21540559544,63776.609375,1463527
2025-03-11,63588.48023995314,63682.54463946546,63024.08248884372,63400.34765625,539308
2025-03-12,63776.60747779028,64246.93703319568,63400.346104273005,63870.671875,784139
2025-03-13,63870.67233907046,64717.26705882272,63776.60794117729,64246.9375,1120640
2025-03-14,64152.872523329475,64246.936920374006,63306.277811215055,63682.54296875,971084
2025-03-17,63776.60594459973,64340.99988364681,63682.54154965132,64152.87109375,1150716
2025-03-18,64529.13894307767,65751.99126728965,64058.80937929838,64999.4609375,2881116
2025-03-19,64999.45881242746,65657.92472180496,64529.136833381686,64717.265625,724811
2025-03-20,64623.20111439206,64999.458696960275,64058.807171183034,64529.13671875,772500
2025-03-21,64435.065714463075,64529.13768086441,63682.54296875,63682.54296875,1208602
2025-03-24,63964.737606481795,63964.737606481795,63024.0822607278,63212.21484375,1230953
2025-03-25,63494.411825944044,63588.48000979439,63118.15044457815,63212.21484375,790628
2025-03-26,63306.277578175075,64152.87228717304,63212.21318147681,63494.41015625,564749
2025-03-27,63588.48000979439,63964.737606481795,63118.15044457815,63212.21484375,439295
2025-03-28,63400.3469636942,63400.3469636942,62835.94921875,62835.94921875,794954
2025-03-31,62835.94921875,62835.94921875,62083.42267683619,62835.94921875,749737
2025-04-01,62930.016206703614,63776.60713102319,62741.88362862869,63494.41015625,897027
2025-04-02,63212.21283368072,63588.47798776035,63024.08025664091,63118.1484375,261929
2025-04-03,59731.77639711389,61519.0263935871,58791.12109375,58791.12109375,2074935
2025-04-04,54746.29154978898,57191.99987983665,54746.29154978898,55216.62109375,2827350
2025-04-07,55216.62109375,55216.62109375,55216.62109375,55216.62109375,0
2025-04-08,52676.84615113816,52959.04312897393,51359.921875,51359.921875,2711475
2025-04-09,47785.421875,52676.84626007834,47785.421875,47785.421875,2851658
2025-04-10,51077.7265625,51077.7265625,51077.7265625,51077.7265625,59225
2025-04-11,54652.2265625,54652.2265625,52488.715075519656,54652.2265625,2324607
2025-04-14,56251.34696628721,56251.34696628721,55122.55525589127,55686.94921875,1125378
2025-04-15,55498.819501656595,55781.016478411766,54652.224786712664,54746.29296875,865921
2025-04-16,54746.29474759385,55310.68871944276,53711.57120431132,54652.2265625,647664
2025-04-17,53899.70000514194,54840.35914800915,53617.50301921748,54652.2265625,498417
2025-04-18,54934.421875,55875.08098921265,54840.35747745011,54934.421875,676298
2025-04-21,54934.42354842446,55216.624319027454,54370.02957657554,54652.2265625,309000
2025-04-22,53711.5706488017,54652.22599726169,51077.72583294964,54087.83203125,1143712
2025-04-23,54652.22599726169,55122.55556383093,53993.76763180755,54087.83203125,719249
2025-04-24,54087.83203125,54558.16159781924,53899.6994476866,54087.83203125,422506
2025-04-25,54181.89737658837,55028.48828125,54087.82919739599,55028.48828125,941008
2025-04-28,54934.421875,55028.49005722832,54652.22489767189,54934.421875,279439
2025-04-29,54934.41986285449,54934.41986285449,54746.29107464551,54840.35546875,319506
2025-04-30,54840.35546875,54840.35546875,54840.35546875,54840.35546875,0
2025-05-01,54840.35546875,54840.35546875,54840.35546875,54840.35546875,0
2025-05-02,54840.35546875,54840.35546875,54840.35546875,54840.35546875,0
2025-05-05,54934.420102057615,55216.62085495646,54370.02616561653,55028.48828125,678255
2025-05-06,54934.420102057615,55216.62085495646,54370.02616561653,55028.48828125,678255
2025-05-07,55310.6882922047,56251.34742780595,55122.55570814875,56063.21484375,926897
2025-05-08,56063.21375274092,57850.463804795705,56063.21375274092,56909.8046875,910623
2025-05-09,57380.133283025934,58038.595411016366,57097.93630950956,57756.3984375,887654
2025-05-12,57380.132228696166,58791.120855030196,57380.132228696166,58602.98828125,859329
2025-05-13,57380.132228696166,58791.120855030196,57380.132228696166,58602.98828125,859329
2025-05-14,58791.122524214836,58885.18692143644,58132.66038962838,58320.79296875,686804
2025-05-15,58320.794747268665,58602.99173221761,57944.52957755106,58226.7265625,675268
2025-05-16,58226.72478684998,58414.8573659716,57756.39901606356,58320.79296875,688864
2025-05-19,57192.001898240575,57568.26706055976,57097.9375,57097.9375,601829
2025-05-20,57192.001898240575,57568.26706055976,57097.9375,57097.9375,601829
2025-05-21,57192.00166575302,57192.00166575302,56439.475128852144,56909.8046875,623253
2025-05-22,56909.80445462499,57286.06961387497,56627.60747752672,56721.671875,324553
2025-05-23,56815.73887009539,57850.46235939663,56815.73887009539,57380.1328125,783212
2025-05-26,59355.517402116326,59731.77878154619,57850.46431503991,59261.44921875,650754
2025-05-27,59355.517402116326,59731.77878154619,57850.46431503991,59261.44921875,650754
2025-05-28,59731.77757798659,60108.04273451341,59167.383627874755,59919.91015625,801752
2025-05-29,60202.10747766631,60860.56961303737,60202.10747766631,60296.171875,1186148
2025-05-30,60202.10546875,60390.238041817895,59919.9085014873,60202.10546875,693087
2025-06-02,60860.5711050963,61707.16205588978,60296.17335322214,61613.09765625,745411
2025-06-03,60860.5711050963,61707.16205588978,60296.17335322214,61613.09765625,745411
2025-06-04,61613.095992771145,61989.35736585015,61424.963413892445,61895.29296875,765496
2025-06-05,61895.29190606486,61895.29190606486,60860.56841701485,60954.6328125,762406
2025-06-06,60954.63570063489,60954.63570063489,59731.779577995236,60013.9765625,829665
2025-06-09,59355.51586033265,60013.97420340081,59073.31888692081,59543.6484375,570311
2025-06-10,59355.51586033265,60013.97420340081,59073.31888692081,59543.6484375,570311
2025-06-11,59543.64796384158,59825.844935008594,58979.25023682921,59167.3828125,440325
2025-06-12,59261.4488772617,59543.64964105603,58697.05491902993,58885.1875,504391
2025-06-13,59731.77867145832,59731.77867145832,58885.18773079257,59073.3203125,494091
2025-06-16,62083.42283670317,64811.33203125,61801.22585584363,64811.33203125,3273546
2025-06-17,62083.42283670317,64811.33203125,61801.22585584363,64811.33203125,3273546
2025-06-18,65469.790854425555,65751.99162195812,64152.874124225615,65187.59765625,2851349
2025-06-19,65846.05373367241,67068.9135913519,65093.53099532535,66692.6484375,2742375
2025-06-20,66692.64725553287,68009.56391664023,65940.11696116587,67539.234375,2765241
2025-06-23,69232.42472144346,69232.42472144346,67351.10652855654,68291.765625,3026758
2025-06-24,69232.42472144346,69232.42472144346,67351.10652855654,68291.765625,3026758
2025-06-25,64058.80937929838,66222.32083106894,64058.80937929838,64999.4609375,2709209
2025-06-26,64717.266236719435,64811.3306334177,63494.41015625,63494.41015625,1774896
2025-06-27,63682.543652457694,64435.06640625,63494.4110716704,64435.06640625,784345
2025-06-30,64152.874544388724,64246.93894439664,63306.279805603364,63776.609375,693705
2025-07-01,64152.874544388724,64246.93894439664,63306.279805603364,63776.609375,693705
2025-07-02,63494.41101641196,63776.60799500809,62459.6875,62459.6875,883122
2025-07-03,62459.6875,63024.08145719227,62271.55491937644,62459.6875,580508
2025-07-04,62930.01682489139,63494.410779982056,62271.5546875,62271.5546875,939978
2025-07-07,62741.88257491535,62741.88257491535,62459.68560488149,62553.75,516133
2025-07-08,62741.88257491535,62741.88257491535,62459.68560488149,62553.75,516133
2025-07-09,63118.149017125994,63682.54296875,62741.88385959105,63682.54296875,937506
2025-07-10,63870.66998058026,63964.734375,63588.476797321026,63964.734375,980251
2025-07-11,64058.806814644464,64811.32954494921,63588.47726969526,64341.0,1170698
2025-07-14,64435.064278595215,64529.13624290026,63870.67033954814,64152.87109375,793203
2025-07-15,64435.064278595215,64529.13624290026,63870.67033954814,64152.87109375,793203
2025-07-16,64152.872523329475,64435.065714463075,63682.54296875,63682.54296875,825236
2025-07-17,63682.54463946546,63870.67343849009,63212.21507254686,63400.34765625,540956
2025-07-18,63494.41038998253,63870.67176283907,63024.08083540305,63682.54296875,1434172
2025-07-21,64152.87228717304,64152.87228717304,63212.21318147681,63494.41015625,747368
2025-07-22,64152.87228717304,64152.87228717304,63212.21318147681,63494.41015625,747368
2025-07-23,63682.543080580566,63870.671875,63118.149127965444,63870.671875,673208
2025-07-24,64058.80739811572,65187.59528853258,63588.477848882576,64905.39453125,1752751
2025-07-25,64999.4609375,66034.18446394305,64905.39653861553,64999.4609375,1271844
2025-07-28,64999.46082870404,65281.661594242054,64246.93806953092,64811.33203125,1213031
2025-07-29,64999.46082870404,65281.661594242054,64246.93806953092,64811.33203125,1213031
2025-07-30,64811.32906349088,66316.38208227656,63964.734375,63964.734375,2171652
2025-07-31,64623.20219139137,64623.20219139137,63212.21352517516,63870.671875,930605
2025-08-01,65469.78922066656,65469.78922066656,63588.47857170546,63682.54296875,864891
2025-08-04,63682.54119174077,64717.26466907113,63494.40861822298,63964.734375,2107689
2025-08-05,63682.54119174077,64717.26466907113,63494.40861822298,63964.734375,2107689
2025-08-06,64341.00334440456,65281.66248319785,63400.3479902898,63776.609375,2081527
2025-08-07,63776.60895730121,65187.59765625,63776.60895730121,65187.59765625,1338588
2025-08-08,65751.99126728965,65751.99126728965,64529.13894307767,64999.4609375,1006516
2025-08-11,66128.25591435212,66974.8430670399,65940.11954869948,66222.3203125,1265767
2025-08-12,66128.25591435212,66974.8430670399,65940.11954869948,66222.3203125,1265767
2025-08-13,66222.3184170445,67068.91311485741,65846.05326586579,66316.3828125,1743378
2025-08-14,66410.44864177513,66692.64940359112,65187.59633573848,65846.0546875,1943919
2025-08-15,66034.18134722381,66128.25331102517,65093.5298334196,65563.859375,1261853
2025-08-18,66880.77819856389,66880.77819856389,65469.78952819763,65846.0546875,1210353
2025-08-19,66880.77819856389,66880.77819856389,65469.78952819763,65846.0546875,1210353
2025-08-20,66128.25735766071,66598.58692802234,65657.92778729908,65751.9921875,1365780
2025-08-21,65846.05497225448,65940.11937014766,63494.41096281935,64246.9375,1735962
2025-08-22,64905.39688871744,65375.726455033706,63964.73775608491,65187.59765625,1092212
2025-08-25,64811.33192213732,65469.790281474874,64435.066758505745,64623.203125,996010
2025-08-26,64811.33192213732,65469.790281474874,64435.066758505745,64623.203125,996010
2025-08-27,64717.26819631764,65375.7265625,64623.20379677116,65375.7265625,801031
2025-08-28,69700.0,69700.0,68700.0,68900.0,1390500
2025-08-29,65500.0,65500.0,64700.0,64900.0,768200
2025-09-01,64900.0,64900.0,64900.0,64900.0,0
2025-09-02,64900.0,64900.0,64900.0,64900.0,0
2025-09-03,64200.0,64400.0,63400.0,63800.0,894200
2025-09-04,64200.0,64400.0,63400.0,63800.0,894200
2025-09-05,63900.0,64200.0,63800.0,64200.0,719500
2025-09-08,63800.0,64200.0,62600.0,62600.0,1293800
2025-09-09,63800.0,64200.0,62600.0,62600.0,1293800
2025-09-10,63000.0,63100.0,61600.0,62100.0,1258200
2025-09-11,62100.0,62500.0,61700.0,61900.0,756900
2025-09-12,62400.0,62600.0,61300.0,62000.0,810900
2025-09-15,62600.0,63300.0,62600.0,63200.0,651000
2025-09-16,62600.0,63300.0,62600.0,63200.0,651000
2025-09-17,63600.0,63600.0,62700.0,62700.0,773700
2025-09-18,62800.0,64300.0,62800.0,64000.0,1489100
2025-09-19,64000.0,64100.0,62900.0,63000.0,731300
2025-09-22,62400.0,62500.0,61200.0,61800.0,883600
2025-09-23,62400.0,62500.0,61200.0,61800.0,883600
2025-09-24,61900.0,62000.0,61200.0,61600.0,544500
2025-09-25,61600.0,61700.0,61100.0,61600.0,558200
2025-09-26,62000.0,62300.0,61800.0,61900.0,550000
2025-09-29,61600.0,62000.0,61400.0,61500.0,381300
2025-09-30,61600.0,62000.0,61400.0,61500.0,381300
2025-10-01,61500.0,61700.0,60400.0,60400.0,647500
2025-10-02,60500.0,60900.0,60500.0,60600.0,211700
2025-10-03,60700.0,61000.0,60300.0,60300.0,454300
2025-10-06,61100.0,61100.0,60200.0,60800.0,420400
2025-10-07,61100.0,61100.0,60200.0,60800.0,420400
2025-10-08,61100.0,61100.0,60600.0,60900.0,302600
2025-10-09,61200.0,61600.0,60900.0,60900.0,379300
2025-10-10,60900.0,61400.0,60600.0,60900.0,363100
2025-10-13,60100.0,60900.0,60100.0,60600.0,516900
2025-10-14,60100.0,60900.0,60100.0,60600.0,516900
2025-10-15,60900.0,60900.0,60000.0,60000.0,568000
2025-10-16,60000.0,60200.0,58800.0,59000.0,1271300
2025-10-17,58800.0,59200.0,58500.0,58700.0,956300
2025-10-20,58600.0,59500.0,57000.0,57000.0,604700
2025-10-21,58600.0,59500.0,57000.0,57000.0,604700
2025-10-22,57300.0,58800.0,56000.0,56000.0,837900
2025-10-23,57200.0,59000.0,57200.0,59000.0,1023700
2025-10-24,60000.0,60700.0,59500.0,59800.0,554800
2025-10-27,60200.0,60200.0,59300.0,59300.0,512900
2025-10-28,60200.0,60200.0,59300.0,59300.0,512900
2025-10-29,59300.0,60200.0,59100.0,60000.0,660100
2025-10-30,60100.0,61200.0,60000.0,60200.0,639500
2025-10-31,60200.0,60800.0,59700.0,59700.0,460400
2025-11-03,62000.0,62900.0,61500.0,61500.0,1095100
2025-11-04,62100.0,62200.0,60100.0,60500.0,1008600
2025-11-05,62100.0,62200.0,60100.0,60500.0,1008600
2025-11-06,63300.0,63300.0,61700.0,62100.0,626000
2025-11-07,61800.0,62900.0,61000.0,62900.0,1225100
2025-11-10,62800.0,62800.0,61000.0,61200.0,738300
2025-11-11,61300.0,62000.0,60900.0,61100.0,553500
2025-11-12,61500.0,62000.0,60600.0,61900.0,648800
2025-11-13,61700.0,63500.0,61400.0,62900.0,1158200
2025-11-14,62900.0,63400.0,62500.0,62800.0,496800
2025-11-17,63200.0,63800.0,62000.0,63000.0,689000
2025-11-18,63400.0,63400.0,62100.0,62400.0,749600
2025-11-19,62500.0,62800.0,62000.0,62200.0,380800
2025-11-20,62200.0,62300.0,61700.0,62100.0,392000
2025-11-21,61600.0,61900.0,61000.0,61900.0,467300
2025-11-24,61900.0,62000.0,61000.0,61000.0,390000
2025-11-25,61000.0,61400.0,60800.0,60800.0,405700
2025-11-26,60800.0,62000.0,60700.0,62000.0,529300
2025-11-27,61900.0,63100.0,61500.0,63000.0,1562200
2025-11-28,63000.0,63800.0,62500.0,63400.0,1243100
2025-12-01,63400.0,65800.0,63400.0,65400.0,2743800
2025-12-02,65400.0,66100.0,64800.0,66100.0,1960300
2025-12-03,66200.0,66200.0,64300.0,64500.0,1151400
2025-12-04,66200.0,66200.0,64300.0,64500.0,1151400
2025-12-05,65200.0,65200.0,64000.0,64000.0,735600
2025-12-08,64100.0,65400.0,63600.0,65400.0,1050700
2025-12-09,65300.0,65300.0,63600.0,64000.0,731000
2025-12-10,63900.0,64100.0,63400.0,63500.0,443900
2025-12-11,63600.0,63900.0,62500.0,62600.0,470100
2025-12-12,62600.0,62900.0,61300.0,61300.0,598400
2025-12-15,61300.0,62400.0,61000.0,62100.0,620600
2025-12-16,62500.0,64300.0,62100.0,64300.0,870400
2025-12-17,64200.0,64800.0,62900.0,62900.0,532900
2025-12-18,64200.0,64800.0,62900.0,62900.0,532900
2025-12-19,63600.0,64000.0,63000.0,64000.0,658000
2025-12-22,64300.0,65300.0,64200.0,65300.0,1262800
2025-12-23,65300.0,66300.0,64600.0,65300.0,1512400
2025-12-24,65400.0,66100.0,64400.0,66100.0,1526800
2025-12-25,65400.0,66100.0,64400.0,66100.0,1526800
2025-12-26,69000.0,70900.0,68000.0,70500.0,2428400
2025-12-29,70600.0,75400.0,70200.0,75100.0,5613700
2025-12-30,75100.0,75700.0,73800.0,74900.0,1764400
2025-12-31,74500.0,75800.0,72400.0,72400.0,1872800
2026-01-01,72400.0,72400.0,72400.0,72400.0,0
2026-01-02,72400.0,72400.0,72400.0,72400.0,0
2026-01-05,73100.0,77400.0,72800.0,77400.0,5364200
2026-01-06,77800.0,82800.0,77800.0,82800.0,4730300
2026-01-07,85200.0,88500.0,85200.0,88500.0,4173200
2026-01-08,93500.0,94600.0,90000.0,91600.0,6171100
2026-01-09,90600.0,98000.0,89800.0,97100.0,4592600
2026-01-12,101000.0,102500.0,94500.0,97000.0,5514400
2026-01-13,97000.0,103700.0,96000.0,103700.0,4960100
2026-01-14,107000.0,110900.0,100000.0,107000.0,4910800
2026-01-15,106900.0,107100.0,102300.0,103000.0,3558000
2026-01-16,103200.0,107200.0,99800.0,99800.0,4537900
2026-01-19,100000.0,106200.0,98100.0,105800.0,4498200
2026-01-20,106000.0,110800.0,104000.0,104500.0,3888800
2026-01-21,101200.0,110000.0,101000.0,110000.0,4569400
2026-01-22,110500.0,110500.0,104700.0,104800.0,4035100
2026-01-23,104800.0,106300.0,99200.0,100800.0,3428600
2026-01-26,100500.0,107800.0,100500.0,107800.0,6102800
2026-01-27,109800.0,115300.0,109000.0,115300.0,5889900
2026-01-28,121000.0,122800.0,115000.0,118000.0,7140900
2026-01-29,118500.0,118500.0,111300.0,116800.0,3705700
2026-01-30,116800.0,122000.0,115800.0,117000.0,3644900
2026-02-02,113900.0,116800.0,110000.0,114500.0,5534800
2026-02-03,115800.0,121900.0,113100.0,117000.0,3319000
2026-02-04,117000.0,120000.0,114300.0,115800.0,2275800
2026-02-05,115800.0,116800.0,112000.0,112000.0,2555300
2026-02-06,110000.0,118800.0,109500.0,115000.0,3964600
2026-02-09,117000.0,117800.0,114500.0,115700.0,901300
2026-02-10,115900.0,119600.0,107700.0,107700.0,6158900
2026-02-11,105800.0,107400.0,102000.0,102000.0,3230600
2026-02-12,106200.0,106200.0,101000.0,101400.0,2700300
2026-02-13,101500.0,103700.0,99700.0,101600.0,2039200
2026-02-16,101600.0,101600.0,101600.0,101600.0,0
2026-02-17,101600.0,101600.0,101600.0,101600.0,0
2026-02-18,101600.0,101600.0,101600.0,101600.0,0
2026-02-19,101600.0,101600.0,101600.0,101600.0,0
2026-02-20,101600.0,101600.0,101600.0,101600.0,0
2026-02-23,104900.0,108700.0,104900.0,108700.0,956400
2026-02-24,112000.0,112400.0,107100.0,110500.0,4780400
2026-02-25,110500.0,117500.0,108000.0,110000.0,3689100
2026-02-26,111000.0,111000.0,105500.0,106000.0,3151900
2026-02-27,106000.0,111900.0,105500.0,107900.0,2827100
2026-03-02,115300.0,115400.0,112500.0,115400.0,3660300
2026-03-03,115300.0,115400.0,112500.0,115400.0,3660300
2026-03-04,124000.0,131500.0,121800.0,128700.0,4554900
2026-03-05,126000.0,126900.0,119700.0,119700.0,5317800
2026-03-06,118600.0,118600.0,112000.0,112100.0,4731500
2026-03-09,116000.0,116300.0,104300.0,104300.0,5387400
2026-03-10,104000.0,107500.0,97000.0,97000.0,3885500
2026-03-11,93300.0,103000.0,93200.0,103000.0,4146800
2026-03-12,103000.0,103000.0,98700.0,98700.0,1736400
2026-03-13,97900.0,101300.0,91800.0,91800.0,4442600
2026-03-16,91000.0,91100.0,85400.0,87900.0,5461400
2026-03-17,89000.0,90400.0,86000.0,86400.0,1712800
2026-03-18,86400.0,92400.0,86400.0,91700.0,2627100
2026-03-19,92300.0,92400.0,87400.0,88100.0,2140100
2026-03-20,88100.0,88800.0,82000.0,82000.0,3150400
2026-03-23,78500.0,83600.0,78500.0,80500.0,2980000
2026-03-24,82000.0,82700.0,78800.0,80700.0,1892400
2026-03-25,82000.0,84700.0,81200.0,82500.0,2006800
2026-03-26,83000.0,83000.0,79800.0,80300.0,1290400
2026-03-27,80400.0,82600.0,79900.0,82100.0,2023700
2026-03-30,82100.0,83200.0,80400.0,80800.0,2027000
2026-03-31,81600.0,81600.0,78100.0,78300.0,2432200
2026-04-01,80000.0,81300.0,79600.0,80000.0,1876800
2026-04-02,80000.0,81100.0,78700.0,78700.0,1167900
2026-04-03,80000.0,80900.0,79600.0,79700.0,1931200
2026-04-06,80200.0,80300.0,78100.0,78500.0,1170800
2026-04-07,78500.0,79400.0,75800.0,77300.0,1236400
2026-04-08,79000.0,80400.0,78300.0,79900.0,1438600
2026-04-09,79900.0,79900.0,78100.0,78400.0,1051600
2026-04-10,78600.0,82400.0,78200.0,80700.0,2856700
2026-04-13,81200.0,82200.0,80600.0,80700.0,948300
2026-04-14,81000.0,81600.0,79100.0,79300.0,1205900
2026-04-15,79800.0,80500.0,79100.0,79200.0,1038400
2026-04-16,79200.0,80200.0,78100.0,78400.0,1169300
2026-04-17,78600.0,80400.0,78100.0,80100.0,1249000
2026-04-20,80000.0,81300.0,79000.0,79200.0,1205300
2026-04-21,79300.0,80100.0,78500.0,78700.0,1356000
2026-04-22,79000.0,79800.0,78100.0,78100.0,760600
2026-04-23,78100.0,79500.0,75900.0,77400.0,1488800
2026-04-24,77600.0,80000.0,77500.0,78300.0,1193000
2026-04-27,78300.0,78300.0,78300.0,78300.0,0
2026-04-28,78000.0,78200.0,73100.0,73500.0,1966400
2026-04-29,73500.0,75400.0,73000.0,75200.0,1268600
2026-04-30,75200.0,75200.0,75200.0,75200.0,0
2026-05-01,75200.0,75200.0,75200.0,75200.0,0
2026-05-04,77000.0,79900.0,76200.0,76500.0,1660000
2026-05-05,76700.0,78300.0,76100.0,77700.0,1319800
2026-05-06,78000.0,80500.0,77600.0,79200.0,2983000
2026-05-07,78400.0,79000.0,76000.0,76000.0,2302900
2026-05-08,76900.0,77300.0,74500.0,74700.0,1415100
2026-05-11,75100.0,75500.0,73400.0,73600.0,1835100
2026-05-12,73900.0,77100.0,73800.0,76500.0,1557500
2026-05-13,76500.0,81800.0,75700.0,81800.0,6350300
2026-05-14,84500.0,85800.0,83200.0,83600.0,4068100
2026-05-15,82800.0,89400.0,82600.0,89400.0,4986200
2026-05-18,91700.0,95500.0,90200.0,93000.0,4078700
2026-05-19,94100.0,94200.0,86500.0,86500.0,5410100
2026-05-20,85600.0,89700.0,81100.0,89700.0,4912400
2026-05-21,89500.0,89500.0,86200.0,87300.0,1357100
2026-05-22,87100.0,87800.0,84300.0,84900.0,1642900
2026-05-25,82300.0,83500.0,81000.0,82000.0,2341800
2026-05-26,83500.0,84300.0,82300.0,82500.0,976400
2026-05-27,82500.0,83700.0,81500.0,81500.0,902800
2026-05-28,81500.0,83800.0,79500.0,81700.0,2476900
2026-05-29,81100.0,87400.0,80200.0,87400.0,3155800
2026-06-01,88000.0,88200.0,84200.0,84200.0,1357900
2026-06-02,85100.0,85500.0,81800.0,82200.0,1514300
