Date,Open,High,Low,Close,Volume
2016-06-06,30839.975530485717,31353.97621955169,30582.976451596434,31096.974609375,405497
2016-06-07,31867.971713658117,31867.971713658117,31096.97201014658,31610.97265625,214990
2016-06-08,32124.97598750694,32381.975066396222,31096.974609375,31096.974609375,751162
2016-06-09,31353.976447853784,31867.974609374996,31353.976447853784,31867.974609375,533473
2016-06-10,31353.97621955169,31867.974377330254,31096.974609375,31096.974609375,700027
2016-06-13,30325.97262580222,30839.970703124996,30068.97105585382,30839.970703125,947746
2016-06-14,30839.970703124996,31353.971311734786,30325.97262580222,30839.970703125,644454
2016-06-15,30582.973895330346,31867.971713658117,30325.97483792223,31610.97265625,712079
2016-06-16,31353.971311734786,31610.970350396175,30839.970703124996,30839.970703125,501930
2016-06-17,30325.977482678754,31096.974722142484,30325.977482678754,30582.9765625,415016
2016-06-20,31096.97201014658,31610.972656250004,30839.972952738462,31610.97265625,406746
2016-06-21,31610.97529844097,31867.974377330254,31096.974609375,31096.974609375,350076
2016-06-22,31096.974609375,31610.97529844097,31096.974609375,31096.974609375,163565
2016-06-23,31096.97494951224,31353.9765625,31096.97494951224,31353.9765625,171256
2016-06-24,31353.971311734786,31610.970350396175,29297.971408582645,30839.970703125,1250583
2016-06-27,30068.975762530463,31353.97621955169,29811.97668364118,31096.974609375,315041
2016-06-28,30325.97737270715,31096.974609375,30325.97737270715,31096.974609375,155471
2016-06-29,31096.974835805755,31867.974609374996,31096.974835805755,31867.974609375,570551
2016-06-30,32381.97761473917,33152.97744336929,32124.978515625,32124.978515625,424370
2016-07-01,32381.97098617941,34180.96937430049,32381.97098617941,33666.96875,892829
2016-07-04,33923.9658313075,34180.96484375,33666.96428757824,34180.96484375,257602
2016-07-05,34180.96937430049,34694.96746731389,33409.9697034933,33666.96875,543055
2016-07-06,33409.967781723906,33666.966813447805,32895.96718698916,33152.96875,581595
2016-07-07,33409.9662332139,34437.96484375,33152.967213401585,34437.96484375,590256
2016-07-08,33923.9765625,34437.97474997838,33409.975843734064,33923.9765625,963253
2016-07-11,33409.97730372741,33923.978044954834,32638.977457530127,32895.9765625,781759
2016-07-12,32895.96718698916,33409.967781723906,32895.96718698916,33152.96875,651678
2016-07-13,33666.97493747326,34437.97474997838,33409.975843734064,33923.9765625,865232
2016-07-14,33666.966813447805,34180.96740818254,33152.96875,33152.96875,533574
2016-07-15,33409.97730372741,33409.97730372741,32895.9765625,32895.9765625,389486
2016-07-18,33152.97358702985,33409.97265625,32895.97198652239,33409.97265625,275593
2016-07-19,33152.97819875754,33409.97730372741,32124.979247590374,32895.9765625,642740
2016-07-20,32638.976713853343,32895.97581296751,32124.978515625,32124.978515625,467538
2016-07-21,32381.974609375004,33152.97436644879,32124.975534112862,32381.974609375,459696
2016-07-22,31867.971713658117,31867.971713658117,30582.973895330346,31610.97265625,664752
2016-07-25,31610.97552861439,32381.975302183633,31096.974835805755,31867.974609375,325870
2016-07-26,31610.978525671962,31610.978525671962,30325.98046875,30325.98046875,600972
2016-07-27,30325.98046875,30325.98046875,30325.98046875,30325.98046875,0
2016-07-28,30839.97338469314,30839.97338469314,29297.973956072317,29811.974609375,547442
2016-07-29,29040.97580195457,30325.97620969559,28783.97673292129,30068.974609375,431607
2016-08-01,30839.970703124996,31096.969741786386,30068.97105585382,30839.970703125,198954
2016-08-02,29811.976791748853,30582.976562499996,29811.976791748853,30582.9765625,637520
2016-08-03,30068.978832335477,30582.97957387686,29811.979727208618,30325.98046875,429111
2016-08-04,30839.975642321242,31096.974722142484,30582.976562499996,30582.9765625,358309
2016-08-05,30582.976562499996,31096.974722142484,30582.976562499996,30582.9765625,305548
2016-08-08,30582.976451596434,31096.974609375,30325.97737270715,31096.974609375,294768
2016-08-09,31096.97201014658,31867.971713658117,31096.97201014658,31610.97265625,196130
2016-08-10,31610.97552861439,31867.974609374996,31353.976447853784,31867.974609375,356329
2016-08-11,31353.976447853784,31867.974609374996,31096.974835805755,31867.974609375,414058
2016-08-12,32895.97275989928,33666.972516973074,32381.974609375004,32381.974609375,612621
2016-08-15,32381.97835256025,33152.97819875754,32381.97835256025,32895.9765625,329426
2016-08-16,33152.97332186654,33409.97238903117,32381.973589085374,32638.97265625,502296
2016-08-17,32638.97265625,32895.97172341463,32381.973589085374,32638.97265625,525165
2016-08-18,32638.97438294424,32638.97438294424,31610.97552861439,31867.974609375,498728
2016-08-19,32638.968155265262,33666.966813447805,32124.97009181746,33152.96875,840610
2016-08-22,33152.970656986596,34180.96937430049,33152.970656986596,33666.96875,583511
2016-08-23,33152.97332186654,33152.97332186654,32381.973589085374,32638.97265625,353694
2016-08-24,32638.97265625,33152.97332186654,32638.97265625,32638.97265625,267373
2016-08-25,32381.975302183633,32638.97438294424,31610.97552861439,31867.974609375,421584
2016-08-26,31867.97292346883,32638.97265625,31867.97292346883,32638.97265625,190507
2016-08-29,32381.974609375004,32895.97275989928,32381.974609375004,32381.974609375,254224
2016-08-30,31867.968528806618,33152.96875,31867.968528806618,33152.96875,413843
2016-08-31,32895.9765625,33152.97819875754,32638.977457530127,32895.9765625,455435
2016-09-01,32895.97172341463,33152.97332186654,32381.973589085374,32638.97265625,305258
2016-09-05,32381.974609375004,32638.97368463714,32124.975534112862,32381.974609375,387343
2016-09-06,32381.97835256025,33152.97819875754,32381.97835256025,32895.9765625,378014
2016-09-07,32381.974609375004,32895.97275989928,31867.97392756335,32381.974609375,430977
2016-09-08,32381.96912354136,33409.967781723906,32381.96912354136,33152.96875,319037
2016-09-09,33409.967781723906,34180.96740818254,33152.96875,33152.96875,492336
2016-09-12,32381.97467858025,32638.973754391638,32124.975602768864,32433.375,251185
2016-09-13,32124.974521920747,32895.97172341463,32124.974521920747,32638.97265625,200580
2016-09-14,32638.97265625,32741.773295630766,32330.57326939499,32638.97265625,231783
2016-09-15,32124.975534112862,32638.97368463714,32124.975534112862,32381.974609375,379981
2016-09-16,32381.976694510668,32484.777343749996,32279.17604527134,32484.77734375,132312
2016-09-19,32536.176803027112,32895.9765625,32484.779007063265,32895.9765625,160149
2016-09-20,32844.57733125034,33923.9765625,32638.976031228947,33923.9765625,279199
2016-09-21,33923.96974651277,34797.76750217802,33718.36848780068,34746.3671875,504111
2016-09-22,35363.16462261908,35465.96270961348,34849.1640625,34849.1640625,303606
2016-09-23,34797.77845976507,35260.37890625,34643.57999846198,35260.37890625,205232
2016-09-26,34951.977454162195,35208.9765625,34489.37703412398,35208.9765625,329930
2016-09-27,35208.97569921901,35620.17578125,35003.37692384733,35620.17578125,401892
2016-09-28,35465.971962037525,35979.97265625,35465.971962037525,35979.97265625,579792
2016-09-29,37007.970736178446,38138.77021466788,37007.970736178446,37624.76953125,575922
2016-09-30,37883.53457070388,37935.288398823854,36486.19140625,36486.19140625,432691
2016-10-03,36589.70198941677,37003.730098799635,36486.19432489692,36744.9609375,157627
2016-10-04,36744.961011386,37262.49678632938,36227.427785139196,36796.71484375,199017
2016-10-05,36796.707452657145,37365.99694561538,36796.707452657145,37055.4765625,147252
2016-10-06,37262.4937306569,37366.001386896845,36486.19140625,36486.19140625,108837
2016-10-07,37158.98243506867,37158.98243506867,36486.18783279517,36693.203125,137884
2016-10-10,36693.209960502674,36693.209960502674,34933.58984375,34933.58984375,161851
2016-10-11,35865.14908091448,37262.4921875,35347.61336984388,37262.4921875,367789
2016-10-12,37262.4937306569,37262.4937306569,36227.42481434648,36486.19140625,185098
2016-10-13,35709.89193839111,36744.9609375,35709.89193839111,36744.9609375,122239
2016-10-14,36848.473746745956,37158.99423496335,36641.4609375,36641.4609375,96646
2016-10-17,36641.45883990537,36641.45883990537,35709.89487988504,35968.6640625,150832
2016-10-18,35968.66473242235,36123.92369618629,35295.86739378925,35451.12890625,161712
2016-10-19,35709.886800186796,35968.65592425281,35502.874049630176,35761.640625,113830
2016-10-20,36123.91871915513,36123.91871915513,35709.890625,35709.890625,182274
2016-10-21,35451.12402191422,35709.890625,35244.11124918488,35709.890625,234695
2016-10-24,35244.11328125,35658.138850580086,35244.11328125,35244.11328125,141251
2016-10-25,35192.35046331293,35451.11701525536,34726.56863085979,35347.609375,236170
2016-10-26,35140.601404279296,35347.61416414158,35037.09375,35037.09375,180976
2016-10-27,35037.086028016616,35192.347475216775,34778.319498045414,35088.83984375,161510
2016-10-28,34933.586331306666,35295.860575031016,34933.586331306666,35192.35546875,148714
2016-10-31,35192.358041864165,35192.358041864165,34157.2890625,34157.2890625,375127
2016-11-01,33898.511243228095,34571.305780444476,33795.00615583039,34416.046875,360124
2016-11-02,34416.05559450695,34571.314539287174,34002.02749393218,34105.53515625,176551
2016-11-03,34053.78223904295,34053.78223904295,32915.20556907878,33795.015625,283573
2016-11-04,34002.0234375,34002.0234375,33587.99538631866,34002.0234375,116364
2016-11-07,34002.02205627451,34830.078125,33639.74784479412,34830.078125,191730
2016-11-08,35088.84757713965,35088.84757713965,34778.327162998066,35037.09375,198386
2016-11-09,34157.28336091964,35037.09069960711,33122.212005634494,34726.5703125,302030
2016-11-10,34726.57357004833,35451.122057497014,34726.57357004833,35192.35546875,307817
2016-11-11,35192.359447909585,35709.892683920494,35192.359447909585,35244.11328125,39952
2016-11-14,35192.34811809221,35192.34811809221,34571.3048666424,34674.8125,113187
2016-11-15,34674.81267860923,34881.82794639076,34467.7999595235,34778.3203125,117007
2016-11-16,35140.59851359804,35347.611256431366,34726.57047923529,34830.078125,158258
2016-11-17,34933.57921464034,34933.57921464034,34778.3203125,34778.3203125,92284
2016-11-18,34674.81267860923,34830.07412944538,34674.81267860923,34778.3203125,99496
2016-11-21,34778.324302117646,34881.831947882354,34778.324302117646,34830.078125,88389
2016-11-22,35192.35853718879,35968.660919812326,35192.35853718879,35554.6328125,117637
2016-11-23,35554.63665008716,35813.40328932611,35451.12897491285,35502.8828125,75517
2016-11-24,35295.86328125,35502.87860707703,35192.358167033,35295.86328125,59392
2016-11-25,35192.35546875,35295.860575031016,34933.586331306666,35192.35546875,159758
2016-11-28,35192.35546875,35244.10929623867,34933.586331306666,35192.35546875,197037
2016-11-29,34519.55689843441,35192.35148218065,33380.98046875,33380.98046875,208182
2016-11-30,33380.98526946789,33380.98526946789,32604.682930824958,33070.46484375,249206
2016-12-01,35347.609375,35347.609375,35192.35046331293,35347.609375,447757
2016-12-02,35709.88856620673,35865.150048324744,34933.58625300932,35140.6015625,158081
2016-12-05,34778.32105263158,35037.08759416961,34157.280333461975,34416.046875,54715
2016-12-06,34674.82023447287,34674.82023447287,33122.215582572186,34623.06640625,178177
2016-12-07,33795.015625,34519.56418327751,33639.75412735629,33795.015625,63842
2016-12-08,33122.21428671546,33898.51658229414,33070.463009213636,33639.75,138326
2016-12-09,33898.51990613658,34157.2890625,33122.217534439325,34157.2890625,223739
2016-12-12,34623.06844656115,35347.61698698571,34157.2890625,34157.2890625,215999
2016-12-13,34674.81887787283,34674.81887787283,33380.98341770586,33639.75,156228
2016-12-14,33173.968112913535,33898.51658229414,33173.968112913535,33639.75,86472
2016-12-15,33639.75088541528,33639.75088541528,33070.46387964499,33329.23046875,144554
2016-12-16,33587.99689875957,33587.99689875957,32863.448413740436,33225.72265625,140608
2016-12-19,33898.52044386535,33898.52044386535,33380.98722032195,33588.0,112405
2016-12-20,33587.99780077205,33639.75162947703,32863.44929629501,32915.203125,162141
2016-12-21,33329.22959150778,33743.25765239616,33173.968112913535,33639.75,187330
2016-12-22,34068.96484375,34229.92171910256,33908.01061058654,34068.96484375,93948
2016-12-23,34122.61892929487,34122.61892929487,33264.1875,33264.1875,115948
2016-12-26,33800.70592681009,33800.70592681009,32781.3203125,32781.3203125,42322
2016-12-27,32727.666737396477,32942.27325329168,30527.938720167494,32191.146484375,154173
2016-12-28,32191.15229921251,32459.411153085603,31976.54574455193,32137.5,251122
2016-12-29,32137.499219253776,32244.803815071944,32030.197265625,32030.197265625,199496
2016-12-30,32030.193257372706,32620.363176140094,32030.193257372706,32513.05859375,79702
2017-01-03,32727.666792437514,32727.666792437514,32137.494248902443,32244.798828125,150517
2017-01-04,32191.15052797229,33156.886576281264,32137.49823171187,32995.9296875,181619
2017-01-05,33156.886576281264,33156.886576281264,32727.670848387203,32995.9296875,38905
2017-01-06,32995.925763678984,32995.925763678984,32405.755859375,32405.755859375,92562
2017-01-09,32405.758550977716,32834.97162129133,32191.149373631684,32459.408203125,265343
2017-01-10,32620.362158354386,32620.362158354386,32083.84190533291,32191.146484375,182993
2017-01-11,32191.146699854275,32459.405507066178,32191.146699854275,32405.755859375,66755
2017-01-12,32459.408203125004,32674.017380471036,32298.4539623047,32459.408203125,45335
2017-01-13,32459.408335367363,32620.36521903264,31976.54296875,31976.54296875,217108
2017-01-16,31976.54275077636,31976.54275077636,30957.154445556916,31118.111328125,368811
2017-01-17,30903.500754911103,31118.107261433335,30366.980525322222,30420.6328125,345828
2017-01-18,30420.633884336887,30903.501843761303,30420.633884336887,30796.197265625,315974
2017-01-19,30581.588109352386,30796.197265624996,30581.588109352386,30796.197265625,60854
2017-01-20,30796.19832454819,31225.414009662978,30581.58916089627,31171.76171875,111498
2017-01-23,31171.764552775872,31386.37109375,30581.59194126575,31386.37109375,181329
2017-01-24,31654.628873542508,32405.755642459186,31386.36742593728,32191.146484375,200151
2017-01-25,32191.146538513723,32244.798828125,31922.887732646323,32244.798828125,239612
2017-01-26,32244.798828125,32244.798828125,32244.798828125,32244.798828125,0
2017-02-03,32459.412257246728,32459.412257246728,31761.93762813725,31922.89453125,220159
2017-02-06,31922.887678958756,32727.666737396477,31547.324294500417,32191.146484375,524245
2017-02-07,32191.146484375,32459.405289791248,32083.84190533291,32191.146484375,290948
2017-02-08,32191.14925506078,32191.14925506078,31708.281249999996,31708.28125,149206
2017-02-09,30581.591028420597,31386.370156882596,30474.289082231087,31118.111328125,3115692
2017-02-10,31118.11441273751,31922.893620974006,31064.462113229813,31654.634765625,976238
2017-02-13,31654.63159805032,31869.238132416664,31547.327009772544,31708.28125,815584
2017-02-14,31654.63159805032,31922.89042655555,31386.37012735588,31708.28125,1486338
2017-02-15,31761.933544138887,31761.933544138887,31493.674715633657,31708.28125,1189325
2017-02-16,31654.62975352639,32191.147379273825,31547.325171501285,31815.583984375,1317250
2017-02-17,31869.237337438513,31976.54192303958,31547.326222824468,31600.978515625,639689
2017-02-20,31600.982466117304,31761.936722450915,31279.0713112606,31654.634765625,688012
2017-02-21,31654.633822450804,32405.7607087992,31600.98152454172,32030.197265625,1972774
2017-02-22,32352.106418289783,33264.1875,32352.106418289783,33264.1875,2549919
2017-02-23,33532.4482065481,34015.31356257368,33317.839033035234,33800.70703125,1741520
2017-02-24,33854.35724553788,33854.35724553788,33103.23046875,33103.23046875,944997
2017-02-27,32888.62016290155,33210.53125,32566.709075803097,33210.53125,1094519
2017-02-28,33264.186523690485,33425.14340278012,32352.10546875,32352.10546875,838530
2017-03-01,32405.757623254685,32405.757623254685,31493.673930023935,31600.978515625,1653282
2017-03-02,31869.238162397636,31922.890456586996,31118.111328125,31118.111328125,1167867
2017-03-03,31118.110371325954,31600.97836199409,30849.851550816606,31440.021484375,614777
2017-03-06,31386.374182899923,31654.63568825738,31225.419921875,31225.419921875,847531
2017-03-07,31118.11531973202,31279.072222946492,30849.856456564117,31225.419921875,1234900
2017-03-08,31332.723682741907,31332.723682741907,30903.510533879165,31010.8125,547883
2017-03-09,30796.194263968795,30796.194263968795,30474.283203124996,30474.283203125,1473327
2017-03-10,30366.983272183257,30366.983272183257,29723.161052190426,29937.767578125,1659990
2017-03-13,29508.547962513567,29830.45902972945,28918.378112982573,29347.59375,1095868
2017-03-14,29347.600438305035,30259.68156291479,29347.600438305035,29508.5546875,765370
2017-03-15,29508.554687499996,29884.118125207395,29401.25273543314,29508.5546875,863467
2017-03-16,30045.074025180875,30045.074025180875,29669.510599866117,29830.46484375,713617
2017-03-17,29776.816173140538,29830.465828079286,29508.554687499996,29508.5546875,708688
2017-03-20,29508.55390233677,29669.510789438355,29401.251953125004,29401.251953125,762193
2017-03-21,29508.553708019055,29669.510594060717,29186.642578125,29186.642578125,634457
2017-03-22,29079.33788246413,29186.642472771236,28435.515624999996,28435.515625,1582543
2017-03-23,28435.513776045125,29079.335991646174,28435.513776045125,28542.818359375,1224386
2017-03-24,28650.12687016138,29240.296875,28650.12687016138,29240.296875,650569
2017-03-27,29132.995287125465,29186.64759168886,28811.084101934815,28972.041015625,699712
2017-03-28,28972.03101920551,28972.03101920551,28703.769588948624,28757.421875,403241
2017-03-29,29025.68145728151,29293.94022827038,28757.420044103994,28864.724609375,696232
2017-03-30,28972.036038925387,29347.599464166662,28972.036038925387,29186.642578125,456670
2017-03-31,29508.554687499996,29669.51157888432,29293.948141176927,29508.5546875,670766
2017-04-03,29401.246034900774,29669.504817215886,29240.289180198455,29347.59375,539890
2017-04-04,29508.557615599115,29508.557615599115,28972.039875458737,29132.994140625,694997
2017-04-05,29454.901606636242,29562.206198037296,29240.295066023416,29401.251953125,675380
2017-04-07,29669.51079252672,30688.896484375,29562.20620111449,30688.896484375,1960949
2017-04-10,31232.067416542184,31232.067416542184,30797.533927844383,30906.16796875,612369
2017-04-11,30960.479010639432,31232.064083923986,30580.262582965443,30851.84765625,905839
2017-04-12,30960.478250911765,30960.478250911765,30091.4140625,30091.4140625,924549
2017-04-13,30634.578455596613,30634.578455596613,29493.929215096883,29711.197265625,855726
2017-04-14,29819.828843109117,29874.14585615489,29059.39601031691,29276.6640625,716252
2017-04-17,29439.61573838722,29928.46623586586,29168.03331753225,29330.984375,584053
2017-04-18,29330.98683894281,29982.785773718806,29330.98683894281,29928.46875,576855
2017-04-19,29982.782472978324,30091.416508456645,29711.200059207058,29874.1484375,311939
2017-04-20,29548.249776699053,29548.249776699053,29330.984375,29330.984375,511511
2017-04-21,29276.66392901938,29548.246318085716,29113.712890625,29113.712890625,323689
2017-04-24,29113.713756061214,29602.564210851655,29005.082402160075,29385.298828125,455447
2017-04-25,29330.980331880823,29439.61168029379,29168.029296875004,29168.029296875,139259
2017-04-26,29222.348024048304,29602.564453125,29113.713994333706,29602.564453125,422265
2017-04-27,29602.563858390233,30417.313715032073,29548.2468446242,30308.6796875,1271663
2017-04-28,30308.6796875,30308.6796875,30308.6796875,30308.6796875,0
2017-05-03,29874.153057098018,30200.052539004002,29819.83603095953,29982.787109375,820829
2017-05-04,29874.153057098018,29982.787109375,29765.521679745994,29982.787109375,786500
2017-05-05,29602.563845632372,29819.82922567853,29548.246831889748,29656.880859375,301148
2017-05-08,29656.883041467896,30037.099490717486,29656.883041467896,29874.1484375,507666
2017-05-09,29819.83236680023,30254.3658475892,29765.518022260654,30200.048828125,707957
2017-05-10,30362.99892222791,30417.315939967073,29874.1484375,29874.1484375,373803
2017-05-11,30145.736844875224,30145.736844875224,29819.834702562388,29928.46875,158661
2017-05-12,30037.097897058997,30037.097897058997,29548.247438267703,29602.564453125,328278
2017-05-15,29602.564210851655,29602.564210851655,29330.981813712246,29385.298828125,454867
2017-05-16,29765.514886860252,29765.514886860252,29602.563845632372,29656.880859375,250303
2017-05-17,29711.2010586992,29711.2010586992,29330.984596659036,29548.25,222643
2017-05-18,29548.246227728912,29928.462641228823,29439.612202464858,29711.197265625,581797
2017-05-19,29874.141811202586,30634.57454103237,29874.141811202586,30362.9921875,1400042
2017-05-22,30960.4784158027,31720.91125654065,30906.164077113706,31557.962890625,1993891
2017-05-23,31557.960532583842,31775.22589587855,31177.744140625,31177.744140625,592109
2017-05-24,31177.74596004838,31232.062972772845,30743.21253317699,31014.794921875,595538
2017-05-25,31503.645877011666,31829.54528376731,31177.74647025602,31557.962890625,1185480
2017-05-26,31014.796025296342,31395.01245297033,30851.847656249996,30851.84765625,750468
2017-05-29,30960.473254343153,31666.591638674225,30851.841920150895,31503.640625,806709
2017-05-30,31503.645727760333,31557.96274111633,30743.212890625,30743.212890625,515344
2017-05-31,30960.481750774547,30960.481750774547,30145.734483585427,30200.048828125,493748
2017-06-01,30145.72998034882,30362.995350825408,30037.095957648417,30254.361328125,519845
2017-06-02,30308.679674437823,30308.679674437823,29602.563845632372,29656.880859375,1191153
2017-06-05,29656.887627469016,30037.104135513488,29548.253575192033,29982.787109375,308901
2017-06-06,29982.780035851905,30091.4140625,29874.146009203814,30091.4140625,395866
2017-06-07,29982.779432059368,30525.94687943721,29982.779432059368,30145.73046875,795703
2017-06-08,29385.29764737558,30362.99584274658,29385.29764737558,30145.73046875,509431
2017-06-09,30145.7301954264,30145.7301954264,29711.19677644878,29819.828125,352144
2017-06-12,29819.83603095953,30308.686591280984,29765.521679745994,29982.787109375,456884
2017-06-13,29982.77405626003,30525.94140625,29874.14005127728,30525.94140625,560743
2017-06-14,30580.262944461367,31340.695808798588,30580.262944461367,31232.064453125,1375281
2017-06-15,30960.482314278135,31177.750396089374,30688.89988693876,30906.16796875,576628
2017-06-16,30906.165036255396,31503.646854695602,30906.165036255396,31232.064453125,773867
2017-06-19,31775.225696467387,31775.225696467387,31395.009306894663,31612.27734375,1362195
2017-06-20,31557.962890624996,31720.91125654065,31449.328863398336,31557.962890625,897607
2017-06-21,31340.69921875,31503.650282376522,30960.48274521283,31340.69921875,930562
2017-06-22,31232.063584567295,31340.694937219865,30797.53014918397,30960.478515625,865648
2017-06-23,30960.4776588065,31014.794671091757,30417.31288580247,30797.529296875,454098
2017-06-26,30960.478515625,31069.112543201918,30797.53014918397,30960.478515625,264436
2017-06-27,31069.110121515576,31666.594551693262,30960.476102406155,31177.744140625,728494
2017-06-28,31454.146066794314,31785.8238355914,31288.305821219717,31675.263671875,651540
2017-06-29,31564.703508158604,31785.8238355914,31564.703508158604,31675.263671875,692173
2017-06-30,31841.102710882853,32559.738303103695,31785.8226311194,32228.060546875,1616860
2017-07-03,32172.783474424836,33001.97930368069,32172.783474424836,32946.69921875,1095174
2017-07-04,32725.578932063298,32780.85901708358,32062.223356524464,32615.021484375,497593
2017-07-05,32725.57960321639,33278.377742403994,32559.74206710673,33223.09765625,2015147
2017-07-06,33223.09179519136,33610.049607651745,33001.97421193621,33554.76953125,907314
2017-07-07,33554.76953125,33665.32968405349,33167.81171878961,33554.76953125,919027
2017-07-10,33444.20585630843,33610.046068048396,33001.970736371615,33333.6484375,1350634
2017-07-11,33278.377742403994,33444.21527851366,32836.139775524374,33223.09765625,577838
2017-07-12,33388.935051134584,34826.2062784626,33278.37488830871,34549.80859375,1870731
2017-07-13,34549.80859375,34549.80859375,34549.80859375,34549.80859375,0
2017-07-14,35102.6015625,35544.83946120666,34826.203896690306,35102.6015625,945754
2017-07-17,35213.167345007045,35213.167345007045,34162.85386920327,34328.69140625,911815
2017-07-18,33831.16719090689,34328.685156170766,33499.489454848255,33554.76953125,642437
2017-07-19,33720.606338589154,34770.91951658418,33720.606338589154,34660.359375,866127
2017-07-20,34549.81057919838,34770.92819520485,33554.77450128869,34273.41015625,320084
2017-07-21,34826.20804326817,34826.20804326817,33167.81640625,33167.81640625,583272
2017-07-24,32283.340921933963,33444.2145384217,32062.223304563457,32946.69921875,973338
2017-07-25,32504.457761917787,33720.611332393564,32504.457761917787,33444.2109375,359153
2017-07-26,33997.01329691518,34162.85355478795,33665.33550352194,33886.453125,419227
2017-07-27,33554.7722684111,33886.45003152567,33223.09450529653,33499.4921875,441605
2017-07-28,33499.493690579126,33997.01171875,33499.493690579126,33997.01171875,427308
2017-07-31,34218.12809013273,34826.206263053915,33997.0104869309,34605.0859375,647833
2017-08-01,34605.09043381658,35489.56640625,34549.81306759787,35489.56640625,1023301
2017-08-02,35157.8890402145,35710.68721053953,34715.65104842497,35268.44921875,732453
2017-08-03,34992.048772411246,35489.56685346853,34936.771405495965,35268.44921875,586764
2017-08-04,35268.4410139074,35268.4410139074,34770.923048592595,34826.203125,727385
2017-08-07,34826.20964660317,35821.243041212256,34605.08929956626,35434.28515625,800859
2017-08-08,35655.3984375,35931.79609417041,35378.99805847778,35655.3984375,651212
2017-08-09,35434.282070009154,35655.402397787024,34549.808925954014,35047.32421875,578330
2017-08-10,34881.483201407405,35213.1609375,34549.80546531481,34826.203125,343407
2017-08-11,34660.36888370165,35102.60684901007,33775.895675437125,33886.453125,628910
2017-08-14,33886.451148830994,34273.40900561545,33720.61362298174,34162.8515625,188906
2017-08-15,34218.126198198355,34218.126198198355,33554.77070291798,33610.05078125,370916
2017-08-16,33665.334269662926,34439.25,33444.21393393678,34439.25,236990
2017-08-17,34052.28710726728,34439.24491530441,33720.609375,33720.609375,213502
2017-08-18,33223.09796649071,33831.17347515826,33223.09796649071,33665.3359375,195613
2017-08-21,33720.61444716507,33997.01214523751,33665.33436308014,33775.89453125,159859
2017-08-22,33775.889836856986,33886.447267308635,33499.489454848255,33554.76953125,319063
2017-08-23,33554.76914769046,33720.609375,33499.48907192061,33720.609375,13237560
2017-08-24,33720.61674593865,34218.13209191479,33720.61674593865,33941.734375,30254758
2017-08-25,33941.734375,34383.9723554751,33886.45428714656,33941.734375,239082
2017-08-28,33941.72734718519,34881.483201407405,33941.72734718519,34826.203125,734861
2017-08-29,34549.808578463606,34826.206263053915,34328.68825290969,34605.0859375,370096
2017-08-30,34660.366018888475,34826.206263053915,34273.40817152121,34605.0859375,360389
2017-08-31,34605.0859375,34770.92618166543,34273.40817152121,34605.0859375,279980
2017-09-01,34770.923819057985,35489.55938357434,34770.923819057985,35102.6015625,952247
2017-09-04,35102.6015625,35102.6015625,35102.6015625,35102.6015625,0
2017-09-05,35213.16169991088,36208.19492973243,35102.601544702295,35765.95703125,762571
2017-09-06,35876.51796738485,36318.7558754935,35765.957809769694,35987.078125,703153
2017-09-07,35987.075411884354,37369.06638847571,35931.795337244424,36705.7109375,1318271
2017-09-08,36705.70864417659,37645.464409637294,36705.70864417659,37203.2265625,1483022
2017-09-11,37203.229283272005,37203.229283272005,36208.19337385555,36484.59375,915320
2017-09-12,36263.47344908444,36595.151178105996,36152.91329862666,36484.59375,695161
2017-09-13,36595.15312482172,37037.39102782635,36484.59569083451,36816.2734375,506721
2017-09-14,37037.39098008938,39359.13792610726,37037.39098008938,38142.984375,1179479
2017-09-15,38703.915500123454,38872.194582629636,38142.99074987655,38423.453125,568483
2017-09-18,38647.81781003767,38647.81781003767,38086.89312746233,38367.35546875,542613
2017-09-19,38423.449170971435,38479.542192701156,37918.614737790565,38030.80078125,914854
2017-09-20,37582.059369798844,38030.80078125,37077.22493661797,38030.80078125,748426
2017-09-21,37694.24299236898,38142.984375,37413.78066411949,38142.984375,379325
2017-09-22,37862.52561236625,38647.82247262139,37862.52561236625,38423.453125,511650
2017-09-25,38423.453125,38591.73220750618,38142.99074987655,38423.453125,158371
2017-09-26,38591.730493560826,39264.84126891749,38591.730493560826,38984.37890625,798199
2017-09-27,38928.280672207955,39825.76066512858,38760.00161969301,39657.484375,663592
2017-09-28,39377.02204986145,40106.225752653496,39377.02204986145,39657.484375,627548
2017-09-29,39320.93135200408,39657.48671450192,38760.00390625,38760.00390625,438995
2017-10-02,38760.00680620663,39377.027318939174,38760.00680620663,38984.37890625,557452
2017-10-03,38984.378881186734,39040.46914377479,38367.35836885087,38591.73046875,337683
2017-10-04,38591.730493560826,38984.37890625,38255.17234349576,38984.37890625,555712
2017-10-05,38984.37412213486,39096.55739600282,38142.984375,38142.984375,1089489
2017-10-06,38142.98682470943,38142.98682470943,37918.614737790565,38030.80078125,664966
2017-10-09,37918.61646178002,38423.45091791345,37694.247127046656,37862.5234375,473450
2017-10-10,37862.52166799748,37862.52166799748,37525.96630043298,37638.15234375,872682
2017-10-11,38030.80254009112,38423.45094797169,37974.70951576722,38255.171875,731406
2017-10-12,38423.454860991485,38816.10330885912,38142.9924731966,38647.82421875,906117
2017-10-13,38423.45002390012,39433.116150288,38423.45002390012,39264.83984375,1584611
2017-10-16,39377.02658559279,39825.765252548896,38816.099108317634,38928.28515625,693156
2017-10-17,38984.37818021618,39152.654489728055,38647.82003641908,38928.28515625,391882
2017-10-18,38984.37890625,39769.675731628355,38703.913781195784,38984.37890625,778860
2017-10-19,38984.386240266824,39657.49714225384,38984.386240266824,39433.125,800405
2017-10-20,39264.836014851484,40274.502042782085,39264.836014851484,39657.484375,809583
2017-10-23,39713.57859390518,39825.761869922506,38199.078125,38199.078125,789626
2017-10-24,38030.80330360957,39096.5625,37862.52422725946,39096.5625,888568
2017-10-25,39040.46240690938,39377.02049868123,38816.0931081144,39152.6484375,574131
2017-10-26,39096.56466433418,39208.75072144473,38423.45384644473,38479.546875,655158
2017-10-27,38479.543008207074,38872.19140625,38086.89461016414,38872.19140625,344189
2017-10-30,39377.02297868688,41396.35508218009,39377.02297868688,40891.5234375,2733240
2017-10-31,40891.527281390176,41452.451997626486,40106.23046875,40106.23046875,1169267
2017-11-01,40779.34201820765,41115.897406905606,40386.69360432892,40947.62109375,1057012
2017-11-02,41115.89053576071,41396.35285240799,40274.50082343258,40723.2421875,927549
2017-11-03,40723.24758447116,41228.08203125,40611.06153798995,41228.08203125,720942
2017-11-06,41508.54132138178,42349.93108311589,41396.355283180856,42069.46875,629137
2017-11-07,42742.585187081575,42854.77124032893,41901.1953125,41901.1953125,819392
2017-11-08,42013.37999076569,43191.32522415164,42013.37999076569,42966.953125,873981
2017-11-09,42630.399173974845,43191.326678353,42518.21588300866,43079.140625,687659
2017-11-10,43079.140625,43247.4197050295,42630.399173974845,43079.140625,659028
2017-11-13,43079.13997706094,44593.640625,42798.677610283616,44593.640625,855776
2017-11-14,44818.0085419068,45210.6569236727,44032.71177837498,44874.1015625,619328
2017-11-15,44313.17582189475,44705.82421875,44032.71347053717,44705.82421875,567311
2017-11-16,44425.36330915192,44930.1950055018,44200.991210874905,44818.01171875,661588
2017-11-17,44818.01199960383,45042.38133690015,44144.898462941375,44537.546875,784066
2017-11-20,45048.822337536134,46298.59809069831,44764.77985034358,45900.94140625,655612
2017-11-21,45730.51502085227,47150.718949333,45446.475354204544,46014.5546875,941808
2017-11-22,46582.636320644044,47661.9892804685,46355.4023516572,46980.29296875,667916
2017-11-23,47605.17796861998,47661.98645750199,45560.08635697197,45787.3203125,844203
2017-11-24,46014.55893718119,46014.55893718119,45332.862555220054,45560.09375,800632
2017-11-27,45730.51512100206,46753.05960174588,45560.08964206757,46071.36328125,876074
2017-11-28,46128.17667214912,46298.599371558164,45332.86328125,45332.86328125,654754
2017-11-29,45730.51997669956,45730.51997669956,44707.97258975992,45332.86328125,915723
2017-11-30,45219.24618860874,46753.06446818735,44992.01499066505,45276.0546875,831167
2017-12-01,46014.554388989265,46582.63651622044,45787.32321666941,46469.01953125,660692
2017-12-04,46582.63722497631,47093.9108675013,46128.172075800874,46241.7890625,999486
2017-12-05,46128.17118029137,48116.45162320016,46128.17118029137,46980.29296875,1625597
2017-12-06,47150.72073522595,47661.99159503268,46469.021592781726,47321.140625,881508
2017-12-07,47207.52870367035,48798.15535559616,47207.52870367035,48286.87890625,1118435
2017-12-08,48570.91817499912,49138.99748601167,47889.22188273568,48684.53515625,907819
2017-12-11,48002.84246477792,48741.34730306356,47150.720636718754,47264.33203125,1045552
2017-12-12,47718.79933600107,49423.04296875,46412.212364385494,49423.04296875,1706334
2017-12-13,49707.07944133564,50218.355884163444,49082.19160645493,49195.80859375,1225482
2017-12-14,49195.810023394915,49195.810023394915,48570.92217035478,48741.34765625,1185896
2017-12-15,48741.34663469887,49479.851462857776,48741.34663469887,49423.04296875,421521
2017-12-18,49991.12280694893,52547.48828125,49991.12280694893,52547.48828125,1183261
2017-12-19,52036.20800947457,52831.52128119354,51354.51171875,51354.51171875,978066
2017-12-20,51354.52276775912,53967.69710713355,51354.52276775912,52320.26171875,1050999
2017-12-21,52547.48818206005,53854.072366456756,52320.254203819844,52490.6796875,838542
2017-12-22,52604.299047142355,53285.99541734021,51979.41117406453,52888.3359375,451791
2017-12-25,52888.33708230375,53740.458962306446,52831.52858395406,53570.0390625,395777
2017-12-26,54194.91960554215,55387.88671875,53910.87715228225,55387.88671875,765673
2017-12-27,56808.090860624565,56808.090860624565,55671.93217674769,56126.39453125,844304
2017-12-28,56126.398341324435,56353.63233162219,54933.43108274632,56069.58984375,685554
2017-12-29,56296.82481790031,56296.82481790031,55274.27743893276,55331.0859375,910189
2018-01-01,55331.0859375,55331.0859375,55331.0859375,55331.0859375,0
2018-01-02,55160.66453869173,55785.55241071459,53399.61232142889,54138.1171875,1788079
2018-01-03,53967.69316237169,55558.31993176893,53967.69316237169,55331.0859375,952373
2018-01-04,55671.93099162636,57944.25390625,55671.93099162636,57944.25390625,1231736
2018-01-05,58285.11744732678,58796.38839506673,56808.10191839636,57035.3359375,1046195
2018-01-08,56808.10191839636,57887.45791389541,56240.02246588051,57035.3359375,920539
2018-01-09,57944.25390625,58739.56720613038,57035.32362135214,57944.25390625,981054
2018-01-10,59080.42877716491,59648.50820908677,58398.72674456702,58512.34375,1140371
2018-01-11,58796.38644617874,59080.42896064331,57432.993567234946,58625.9609375,879226
2018-01-12,58569.14645262466,58853.18893807844,56808.094233296215,57092.13671875,1323012
2018-01-15,57092.132312975285,58057.87109375,56012.77654678682,58057.87109375,1220780
2018-01-16,58398.715557163916,59023.608967334905,57830.63623406864,58796.375,1435178
2018-01-17,58512.32353378436,59194.01973561074,56751.27734375001,56751.27734375,1282063
2018-01-18,56240.002885270165,56864.89062500001,54990.227405810496,56864.890625,1279945
2018-01-19,56751.29210579294,57376.17998707506,56240.01562500001,56240.015625,913429
2018-01-22,56240.01562500001,56240.01562500001,56240.01562500001,56240.015625,0
2018-01-23,56240.01562500001,56240.01562500001,56240.01562500001,56240.015625,0
2018-01-24,56240.01562500001,56240.01562500001,56240.01562500001,56240.015625,0
2018-01-25,63909.107956977015,64363.5703125,63056.98614453451,64363.5703125,1457884
2018-01-26,67488.0097411931,68169.70601803967,63625.06044223482,66124.6171875,2802227
2018-01-29,67544.82971705716,67544.82971705716,65329.31504172993,65840.5859375,1172305
2018-01-30,64761.23060800782,66351.85740322545,63909.11430615234,66181.4375,1477009
2018-01-31,65329.313976487305,70782.890625,64761.22899573617,70782.890625,2882434
2018-02-01,70782.90077125069,70782.90077125069,67601.64680400347,69419.5078125,1491734
2018-02-02,69419.49097174189,70442.03264512065,68169.7097333738,68737.7890625,707806
2018-02-05,67090.36869198068,68056.10200426425,63965.91796875,63965.91796875,1364300
2018-02-06,59534.8828125,62204.86527812481,59534.8828125,59534.8828125,1329832
2018-02-07,61295.93897343297,63511.45362651648,60614.24258750286,62488.90625,892753
2018-02-08,59648.505184365065,61295.94048911725,59080.42578125,59080.42578125,862723
2018-02-09,54990.23828124999,56808.09337495999,54990.23828124999,54990.23828125,1445680
2018-02-12,54081.30374925261,58796.375,54081.30374925261,58796.375,1691558
2018-02-13,59818.91643526811,61920.81364280108,59818.91643526811,61352.734375,682326
2018-02-14,61352.73437500001,61352.73437500001,61352.73437500001,61352.734375,0
2018-02-15,61352.73437500001,61352.73437500001,61352.73437500001,61352.734375,0
2018-02-16,61352.73437500001,61352.73437500001,61352.73437500001,61352.734375,0
2018-02-19,61352.73437500001,61352.73437500001,61352.73437500001,61352.734375,0
2018-02-20,61352.73437500001,61352.73437500001,61352.73437500001,61352.734375,0
2018-02-21,62488.905944672806,64647.6176840202,61864.01806022703,63625.0703125,697821
2018-02-22,62488.89703518033,62659.32250534201,60216.57421875,60216.57421875,763315
2018-02-23,61920.823961079805,63341.025164860774,60898.27663245087,63056.98828125,943220
2018-02-26,63341.02272278599,67033.55242454409,63341.02272278599,64193.14453125,1065623
2018-02-27,65897.38466776717,65897.38466776717,63965.90717852968,64477.18359375,767299
2018-02-28,64477.18359375,64477.18359375,64477.18359375,64477.18359375,0
2018-03-01,64193.1469440162,66692.70396977628,63625.06758210239,65897.390625,1103243
2018-03-02,64761.225100731965,67033.55369658419,64761.225100731965,66465.46875,1164161
2018-03-05,67601.63720703125,68340.14208778401,63625.0703125,63625.0703125,1036337
2018-03-06,65329.310047316154,66579.08573931684,64193.14574939004,66465.46875,1016278
2018-03-07,66465.46706659702,66919.93501235383,63341.022320487355,65215.69140625,905612
2018-03-08,64249.95241832977,66408.65836828138,64249.95241832977,65102.07421875,380270
2018-03-09,65215.6970703125,65613.35096214432,63625.0703125,63625.0703125,764765
2018-03-12,65897.39082073129,66351.85319256374,64761.22649828663,66011.0078125,636373
2018-03-13,66011.00491924112,66011.00491924112,64704.4207616533,65329.30859375,275202
2018-03-14,65329.30904699242,67317.5895438657,65102.07507183815,67147.1640625,1028911
2018-03-15,66465.46615075316,68737.7890625,65897.38682162695,68737.7890625,728670
2018-03-16,68737.77790132059,72714.34375,68056.08169800999,72714.34375,1553144
2018-03-19,72146.2689200016,73566.46989658511,71862.23208182979,72998.390625,917047
2018-03-20,71862.22992488777,73282.430858844,71578.1875,71578.1875,781331
2018-03-21,72714.35295297833,73623.28320417684,71862.23678742419,72259.890625,783474
2018-03-22,73736.90362608155,76634.1199860898,73168.82429078747,76009.2265625,1132441
2018-03-23,73566.48350951742,74986.69034414114,72998.40413281343,74361.796875,910441
2018-03-26,73850.52304219146,77145.39336674847,73623.2890625,73623.2890625,1210833
2018-03-27,74986.68094825267,75554.7602537759,71464.57694447678,72032.65625,1077398
2018-03-28,72089.46494726023,72430.31588869884,71294.15167914529,72146.2734375,530662
2018-03-29,72146.2712222356,72259.88819922652,71294.14949004546,71862.234375,320248
2018-03-30,72146.28651219398,74816.26925160462,71862.24960476244,74645.84375,764008
2018-04-02,74986.68876237744,77486.24020524662,74816.26327438843,77315.8203125,1023465
2018-04-03,77315.82574667796,77315.82574667796,75554.7734375,75554.7734375,931180
2018-04-04,76634.10670395072,76690.90959191723,73282.42857566479,73850.5078125,1073301
2018-04-05,73850.53506667253,74418.61451315464,71919.05711529288,73793.7265625,1297306
2018-04-06,73850.51541561245,75497.95040775953,72998.3936750108,73736.8984375,412545
2018-04-09,72771.1597187859,74418.59471093299,72714.35122972967,73736.8984375,529313
2018-04-10,73850.5190216506,74702.6408038604,73566.4765625,73566.4765625,749258
2018-04-11,74702.63641880607,75270.71570851894,71862.234375,71862.234375,1032567
2018-04-12,72714.34811712927,74134.5546875,71578.18957512245,74134.5546875,997910
2018-04-13,74986.67188802348,74986.67188802348,71578.18527622939,72714.34375,517096
2018-04-16,73566.48674018102,73566.48674018102,71691.82303615949,72316.7109375,478997
2018-04-17,72146.26451311469,73055.19464927586,70442.02120721764,72714.34375,815496
2018-04-18,73396.05869411271,73680.09556580706,72203.08592822158,73452.8671875,1013946
2018-04-19,74304.9833978252,75100.29671000525,72771.16526685243,73452.8671875,1452891
2018-04-20,72827.97352514153,76122.84375,72827.97352514153,76122.84375,1194217
2018-04-23,75952.42069754073,77259.01048774229,70839.6953125,70839.6953125,1166166
2018-04-24,70839.69657347616,73566.48200197119,67033.55531564378,73168.828125,809684
2018-04-25,73168.828125,73168.828125,73168.828125,73168.828125,0
2018-04-26,73225.62466043537,73566.46998570273,68056.0859375,68056.0859375,1355627
2018-04-27,65897.388891737,67999.2863922027,63341.02343749999,63341.0234375,1201995
2018-04-30,63341.02343749999,63341.02343749999,63341.02343749999,63341.0234375,0
2018-05-01,63341.02343749999,63341.02343749999,63341.02343749999,63341.0234375,0
2018-05-02,59648.496988651736,61352.74055907636,58909.9921875,58909.9921875,358271
2018-05-03,54819.80078125,56808.080928014744,54819.80078125,54819.80078125,1906889
2018-05-04,55671.92968750001,57830.635566538025,54876.61640625,55671.9296875,865080
2018-05-07,57376.17389464081,58796.375,56069.58417770709,58796.375,537533
2018-05-08,58796.386263582455,60216.58764100863,57944.264318078145,58512.34375,1006684
2018-05-09,59080.422526026516,62375.287358747075,58796.380042497825,61068.703125,1034798
2018-05-10,62545.71085884204,63909.109141157955,59648.5,59648.5,1109004
2018-05-11,59648.50839213218,63113.80468750001,58228.30701034779,63113.8046875,1022053
2018-05-14,63170.59937459288,67033.5546875,63170.59937459288,67033.5546875,778948
2018-05-15,67601.63241400283,69021.83357666107,67374.3984375,67374.3984375,855839
2018-05-16,65897.39147949386,68283.33154476128,65897.39147949386,67999.2890625,764929
2018-05-17,68737.79302981141,69305.87798696758,65897.390625,65897.390625,508889
2018-05-18,65897.38793245226,66465.46727115451,61977.62986444662,65329.30859375,984508
2018-05-21,66749.51650891016,66749.51650891016,61636.78515625,61636.78515625,556998
2018-05-22,61352.74230254489,62772.94345317611,58057.87205212548,60159.76953125,585264
2018-05-23,59932.541363992714,64363.5703125,59648.49889476449,64363.5703125,756507
2018-05-24,64477.19503322682,65386.12544852702,61409.558378615424,64306.76953125,360162
2018-05-25,62488.90675433835,63056.99174323389,59818.9296875,59818.9296875,605120
2018-05-28,55671.92968750001,56808.088320576055,55671.92968750001,55671.9296875,604981
2018-05-29,51808.98784300851,56751.29372707776,51808.98784300851,54535.7734375,1564717
2018-05-30,54535.77016757234,54535.77016757234,50729.62890625,50729.62890625,1483552
2018-05-31,51695.36266173321,52831.52128119354,51354.51171875,51354.51171875,1360228
2018-06-01,52263.44580791357,53001.95064334603,51979.40892981941,52547.48828125,797783
2018-06-04,52774.72599210844,53172.379887658964,51695.37011234103,52433.875,1195250
2018-06-05,52263.44848247535,56069.58984375,52206.63998490091,56069.58984375,1733653
2018-06-06,57376.17329443414,58682.757402457835,56240.00906488691,58455.5234375,769266
2018-06-07,58512.339348851136,58512.339348851136,55103.857418454245,56580.8671875,1538998
2018-06-08,56524.050936547734,57376.172701085576,54535.764954212165,55387.88671875,1117376
2018-06-11,54535.77236478603,56751.2926107847,54024.501474686214,55217.46875,542739
2018-06-12,54308.54011724175,54990.23645413818,51695.36616310357,52377.0625,1229542
2018-06-13,52831.526427136334,54876.62109375,52831.526427136334,54876.62109375,732995
2018-06-14,55103.85300120371,55671.932344857545,53399.609375,53399.609375,556229
2018-06-15,53399.61454581578,54478.96484375,53399.61454581578,54478.96484375,535541
2018-06-18,53967.68327711483,54138.10874159972,51127.28125,51127.28125,1013997
2018-06-19,50275.16478512446,50843.24413096003,47548.37385367774,49423.04296875,2191030
2018-06-20,49991.118596661974,52263.44140625,48570.91754007468,52263.44140625,743887
2018-06-21,52263.45094169244,52263.45094169244,50275.17021875769,50616.015625,534520
2018-06-22,49479.85611794375,52320.25870959011,49423.04761849141,51524.9453125,1202172
2018-06-25,53342.79027345815,53683.635573773696,51695.35546875,51695.35546875,705322
2018-06-26,49991.11708200909,51411.318095566516,49991.11708200909,51127.28125,457149
2018-06-27,52206.633270568556,52547.484212178104,51127.28314595531,51240.89453125,957516
2018-06-28,51647.57435519474,51996.154381544286,50543.749049325226,50718.0390625,533435
2018-06-29,50718.03710260964,51705.66902819771,49962.78040803758,51415.19140625,481418
2018-07-02,50543.742279984996,51879.95409112824,48858.95048917763,51357.08984375,985416
2018-07-03,51357.09156489298,51415.18823011734,48219.89453125,48219.89453125,693736
2018-07-04,48800.85212104552,49149.42636641429,45256.981534462604,46186.51953125,1092678
2018-07-05,46186.52427724449,46767.48808836129,42991.23046875,42991.23046875,788252
2018-07-06,42410.27326727172,45954.14453125,40667.384540929204,45954.14453125,938454
2018-07-09,46186.51953125,48684.65879855002,46186.51953125,46186.51953125,629250
2018-07-10,46767.49221943761,48219.90044499446,46477.01171875,46477.01171875,696030
2018-07-11,45315.07718493086,46477.00473521127,44211.24915932934,45198.88671875,776868
2018-07-12,44443.63775892222,46418.91010315401,44211.251094271945,45896.04296875,298803
2018-07-13,45896.043069368294,47638.93161382987,45896.043069368294,47522.73828125,525354
2018-07-16,47638.934560508475,47929.41504886653,46593.20022472459,47174.1640625,276589
2018-07-17,46244.620104666305,46360.81343699144,45315.07916818342,45896.04296875,653922
2018-07-18,46477.006018755426,48219.89453125,46186.52269263363,48219.89453125,878520
2018-07-19,48800.8613430472,49439.91901541879,48394.18463746241,48917.0546875,574673
2018-07-20,48800.86037687168,48800.86037687168,47697.03220960225,48045.609375,687546
2018-07-23,48917.05263670553,50020.87791849283,48510.375948170215,49149.43359375,843409
2018-07-24,49149.43359375,49149.43359375,49149.43359375,49149.43359375,0
2018-07-25,49672.30466865274,50195.16898566976,48568.47364148492,48626.5703125,502396
2018-07-26,48858.961036064116,49323.72872049158,47871.32326927171,48278.0,401009
2018-07-27,49091.33682715466,49672.29773408089,48452.27353520613,49265.62109375,414020
2018-07-30,49556.11132957209,50485.65234375,48800.8603284498,50485.65234375,625556
2018-07-31,50834.22561548359,51938.0566203023,50078.97462969771,51008.515625,745161
2018-08-01,51008.51667939257,52460.92201114807,50601.84570423325,51531.38671875,758499
2018-08-02,51879.95615707358,53158.07707795429,51182.80189210145,52867.59375,804717
2018-08-03,53158.08671441418,55423.83991683726,53158.08671441418,54378.10546875,991606
2018-08-06,54842.86242134336,56353.369982763084,54029.51483694108,55830.5,1002436
2018-08-07,56062.88962642631,56062.88962642631,54436.19437152043,54610.484375,833474
2018-08-08,55249.54774577339,56934.33984375,55191.45107190392,56934.33984375,1124839
2018-08-09,56643.84678994367,57224.813429309856,55830.499216949,57050.5234375,722695
2018-08-10,57050.53018060182,57399.10448330337,56469.56347256813,57341.0078125,721030
2018-08-13,56934.33402321818,59839.14453125,56585.75401563753,59839.14453125,697014
2018-08-14,59839.14260738434,60187.72260375792,58096.254069752846,58793.4140625,503102
2018-08-15,58793.41582805394,59258.18344839072,55191.44531250001,55191.4453125,832327
2018-08-16,54029.52050320487,55714.31251345088,52286.63754423327,54900.96484375,1168082
2018-08-17,56353.37492124163,56411.47159108434,55423.833925876934,55888.6015625,309658
2018-08-20,55888.59588088562,57108.620101436616,55656.209225139144,57050.5234375,431620
2018-08-21,56411.466719067495,56934.330980375715,55946.69340046635,56643.84765625,616290
2018-08-22,57224.81536200498,58386.7372357438,56992.428698409945,58096.25390625,718080
2018-08-23,58677.228479910744,59374.38284261328,57573.397401062335,58328.6484375,419769
2018-08-24,57980.07116601145,59490.57316200193,57980.07116601145,58967.703125,649938
2018-08-27,59797.39794290556,59975.19125772223,59264.01799845556,59382.546875,569063
2018-08-28,59797.396285945106,60745.6214348901,59086.228883520234,60567.828125,546169
2018-08-29,60567.83821743215,60804.89600345326,59145.50317557841,59797.40625,467500
2018-08-30,59856.658869590756,62227.21875,59264.014521636964,62227.21875,912143
2018-08-31,62227.23233630967,62938.39987199084,61041.94921875,61041.94921875,482603
2018-09-03,61041.94921875,61041.94921875,61041.94921875,61041.94921875,0
2018-09-04,61041.94921875,61634.59369609813,60271.51723533402,61041.94921875,545891
2018-09-05,60152.973571195,61041.9342318243,58375.05808707156,59323.27734375,640534
2018-09-06,59264.01799845556,60152.978735403245,58671.37945286898,59382.546875,324080
2018-09-07,58789.90681493921,59856.66083922314,58612.11350470264,59501.07421875,464197
2018-09-10,59501.07895290659,60627.09750352683,59501.07895290659,59738.13671875,248891
2018-09-11,59264.03314824994,61338.27734375,59264.03314824994,61338.27734375,584142
2018-09-12,62227.2175105576,65546.002444454,61634.5790115433,64597.77734375,1562624
2018-09-13,64716.31591033035,66672.03083846586,63234.71652217246,64005.1484375,595526
2018-09-14,63471.768455025194,65012.63812281635,63116.18763717805,64005.1484375,633524
2018-09-17,64005.1388447357,65664.53131168391,63531.023375816105,64597.77734375,866505
2018-09-18,64005.14588869101,65071.89413688851,63531.0303675936,64953.37109375,337910
2018-09-19,66375.70431135516,66909.07842202295,65783.06576204255,66434.96875,687281
2018-09-20,66968.35171729464,68983.33122343043,66731.29393136421,68746.2734375,710226
2018-09-21,68509.21447610272,69220.3819845555,67738.78252218418,68687.0078125,581960
2018-09-24,68687.00485920171,69931.5523233352,68687.00485920171,69813.0234375,428153
2018-09-25,71057.55952843504,71057.55952843504,69931.546875,69931.546875,519290
2018-09-26,69931.55185770697,70405.66156075487,69398.171875,69398.171875,412974
2018-09-27,69813.01630869565,69872.28074556158,67975.83044012249,69457.4296875,487129
2018-09-28,69931.54495637502,69931.54495637502,68568.46875,68568.46875,361322
2018-10-01,68627.73449969347,71057.55893842473,68627.73449969347,70879.765625,621900
2018-10-02,70998.29168435906,73191.06412201322,70939.02724890164,72005.78125,650165
2018-10-03,71650.21259311013,72894.75427394376,71590.94814762888,72716.9609375,302219
2018-10-04,74080.03506153323,74080.03506153323,72894.75202560295,73487.390625,287318
2018-10-05,72242.84668141001,73250.33635428887,71116.828125,71116.828125,508687
2018-10-08,69635.24024076964,70405.67227366124,68864.80820787803,69042.6015625,438352
2018-10-09,71116.83749739498,71116.83749739498,69872.29573057327,70701.9921875,214234
2018-10-10,71116.82240464966,71768.7253744986,70701.97718279508,71709.4609375,233598
2018-10-11,66849.81012044044,69220.37001784303,66731.28125,66731.28125,1190397
2018-10-12,66731.28750883281,71057.5625,64005.14658155521,71057.5625,766379
2018-10-15,69931.54646429712,71116.82354907146,68153.625,68153.625,596850
2018-10-16,68153.6267635273,70168.60019463689,68094.3623240415,69220.375,399282
2018-10-17,70524.19044580088,70820.51265841586,69220.378547431,69398.171875,620362
2018-10-18,68805.53780550374,69042.5955911638,67857.3125,67857.3125,305674
2018-10-19,65190.42021042404,67442.45716440481,65190.42021042404,66375.703125,825040
2018-10-22,66968.34166372019,67916.56682795385,66375.703125,66375.703125,431141
2018-10-23,66375.70755581192,66375.70755581192,62879.128853396265,64834.84375,484734
2018-10-24,63471.76949923145,64182.94282089773,60330.77734375001,60330.77734375,1006218
2018-10-25,57486.10740562951,60449.30623069438,56360.08881679406,60330.77734375,716807
2018-10-26,61634.58926300203,61812.37675628244,60330.77734375001,60330.77734375,597442
2018-10-29,60212.25051956879,60271.51496507127,56597.14852959911,57486.109375,607225
2018-10-30,57249.04407523932,58967.70109485039,57011.986324359,58671.37890625,663756
2018-10-31,59560.349751740716,61634.59375,59264.0275128075,61634.59375,651363
2018-11-01,61041.94915926938,61279.006949977644,60034.46522303245,60152.98828125,356090
2018-11-02,60034.45989331615,60982.67929769536,58967.705766969455,60864.15625,838555
2018-11-05,60152.985999071236,60745.6304533572,59204.766546486404,60627.1015625,580385
2018-11-06,61456.79315973267,61871.638408184546,60212.24574010524,60390.0390625,520715
2018-11-07,59738.134650706306,60449.30208648104,58730.645017885545,59145.49609375,763063
2018-11-08,60449.29573711648,60449.29573711648,59323.27734375,59323.27734375,289057
2018-11-09,59026.96700418288,59026.96700418288,56300.8203125,56300.8203125,859256
2018-11-12,56300.8255037916,57723.160501411054,55411.86467099538,57249.05078125,552321
2018-11-13,55352.59576929926,56182.292090625524,55174.80244962881,55648.91796875,552586
2018-11-14,54522.906563860975,55411.86744109736,52744.98480938821,53456.15234375,1018346
2018-11-15,54463.63656792633,55115.539588252715,53396.88829362352,53574.67578125,772354
2018-11-16,54819.221006831205,56300.8203125,54108.053573595615,56300.8203125,732112
2018-11-19,56300.823177399616,57486.1061845299,56300.823177399616,57130.51953125,650594
2018-11-20,56774.9332347428,57426.84210318586,56360.08797377875,56952.7265625,647329
2018-11-21,55708.182408640154,56004.498770955084,55234.06688951897,55648.91796875,925809
2018-11-22,55648.90961067332,56537.870238374075,55115.52973177191,55234.05859375,372920
2018-11-23,55115.53509665337,55471.12171720003,54582.16100296889,54819.21875,368974
2018-11-26,53693.20159235668,54345.10457538429,53456.143839570046,53811.73046875,842904
2018-11-27,54404.36660853581,54759.95322199641,53515.405912019705,53693.19921875,668156
2018-11-28,53693.205950437565,54819.22453043326,53633.94150743063,54226.5859375,710113
2018-11-29,54641.424283814646,54641.424283814646,52804.23845745933,53396.8828125,1145944
2018-11-30,53456.143839570046,54048.78822153664,53159.82748572239,53811.73046875,551640
2018-12-03,55708.187684198216,57486.109375,55234.072120178345,57486.109375,1711414
2018-12-04,57486.0995204655,57782.41586004562,56597.13882745438,57189.77734375,1072683
2018-12-05,56597.14574412168,57189.78433284293,56004.501318264345,56952.7265625,726414
2018-12-06,56597.14762195827,57426.84400855095,55826.71567991766,56360.08984375,1047998
2018-12-07,56300.822010579934,57367.57611117538,56300.822010579934,57071.25390625,1180197
2018-12-10,57189.78949318727,58671.38901724601,57011.99614938744,57900.95703125,1282391
2018-12-11,57486.10654577159,57663.89403639272,56893.462119914264,56952.7265625,773842
2018-12-12,56952.72656249999,56952.72656249999,56952.72656249999,56952.7265625,0
2018-12-13,57486.10665105572,58315.80301163947,57367.57776566718,57545.37109375,585654
2018-12-14,57663.89440102111,58078.74550174449,56597.14610200466,56774.93359375,736487
2018-12-17,56774.93173684857,56774.93173684857,55115.5390625,55115.5390625,1015976
2018-12-18,53930.26387612733,55411.86328125,53811.73498977573,55411.86328125,1032340
2018-12-19,55411.85918224131,55411.85918224131,53633.9376927587,54522.8984375,1012143
2018-12-20,54285.84469804598,55411.86328125,54285.84469804598,55411.86328125,382300
2018-12-21,54522.89094820361,54759.94867080842,53930.25247882648,54345.09765625,263427
2018-12-24,53989.52393089561,54108.052807612876,52744.97656250001,52744.9765625,905676
2018-12-25,50078.103247605,51263.38041299607,49485.45882777345,50848.53515625,956344
2018-12-26,50848.537302548684,51204.11813232054,48833.55786434188,49189.14453125,863303
2018-12-27,51559.70503628584,51974.550312449726,50848.537536336116,51263.3828125,700582
2018-12-28,51263.37618790138,51618.96281049309,50492.94434275488,51322.640625,442525
2018-12-31,51322.640625,51322.640625,51322.640625,51322.640625,0
2019-01-01,51322.640625,51322.640625,51322.640625,51322.640625,0
2019-01-02,51026.32854564537,51500.44413633638,51026.32854564537,51441.1796875,526375
2019-01-03,51263.38308031578,51559.7053056497,49781.783627918834,50196.62890625,509936
2019-01-04,49663.25435646777,50670.7440777312,48833.55796903958,50078.10546875,424295
2019-01-07,51263.38044654388,51737.49598271939,50670.74186346051,51144.8515625,322542
2019-01-08,51144.853666682764,52567.1944965907,51144.853666682764,52330.13671875,756772
2019-01-09,53159.826594344166,53574.67181762906,52744.97553392372,53278.35546875,649901
2019-01-10,53871.0008149653,54641.4327588793,53633.94303618059,54108.05859375,864324
2019-01-11,54167.3234053906,54345.11090354722,53396.89145625748,53930.265625,426627
2019-01-14,53811.74059819596,53811.74059819596,52744.98634698742,53041.30859375,466869
2019-01-15,53041.30821445693,53633.946866607446,53041.30821445693,53515.41796875,464424
2019-01-16,54167.31470336413,54167.31470336413,53515.405912019705,53693.19921875,250605
2019-01-17,53930.25949253698,53930.25949253698,52744.97656250001,52744.9765625,225265
2019-01-18,53041.298754293166,53219.09206936906,52567.189084559766,52744.9765625,286612
2019-01-21,53811.73865413439,53989.53199576878,53041.3066775219,53633.9453125,324774
2019-01-22,53811.7390241724,53871.003471791395,53159.8359375,53159.8359375,278581
2019-01-23,53100.559450770415,53633.933521276726,52804.23727985844,53337.6171875,286952
2019-01-24,53396.89098999044,54108.05848781593,53219.09765625,53219.09765625,418785
2019-01-25,52982.044144397485,53515.41835143338,52922.77969504497,53041.30859375,410087
2019-01-28,53396.89528986509,53456.15390208086,52863.51524569245,53041.30859375,238755
2019-01-29,52507.92922972361,52744.98116671522,51856.020350872226,52093.078125,390684
2019-01-30,52152.33984375,52744.978410969925,52152.33984375,52152.33984375,272555
2019-01-31,52982.041715279316,52982.041715279316,52033.81640625,52033.81640625,412280
2019-02-01,52330.13316505674,52626.44953009877,52152.33984375,52152.33984375,415230
2019-02-04,52152.33984375,52152.33984375,52152.33984375,52152.33984375,0
2019-02-05,52152.33984375,52152.33984375,52152.33984375,52152.33984375,0
2019-02-06,52152.33984375,52152.33984375,52152.33984375,52152.33984375,0
2019-02-07,52152.33984375,52152.33984375,52152.33984375,52152.33984375,0
2019-02-08,52152.33984375,52152.33984375,52152.33984375,52152.33984375,0
2019-02-11,52626.45554704165,53633.9453125,52033.81691206354,53633.9453125,647077
2019-02-12,53456.150064218804,54522.90423884017,53337.62701115983,53930.265625,786071
2019-02-13,54404.37160737003,55471.12570863294,54285.84272532571,55115.5390625,720728
2019-02-14,55174.799533411155,55530.386153957814,54700.689876484445,54819.21875,599409
2019-02-15,54997.01999345802,55885.98083591958,54819.22665753845,55708.1875,1155966
2019-02-18,55708.1875,55708.1875,55708.1875,55708.1875,0
2019-02-19,57604.628396612556,58019.47948609086,56597.14456786575,56893.4609375,988404
2019-02-20,56893.4609375,57071.25426156213,56360.08680244957,56893.4609375,672115
2019-02-21,56893.46529887038,57782.42615019151,56715.67779831528,57604.6328125,1529492
2019-02-22,57249.051340269296,59145.501913704335,56952.72911406496,58849.1796875,1105159
2019-02-25,59560.345998034376,59856.668218292296,58671.385174396826,58789.9140625,740799
2019-02-26,58375.06712289672,58612.11905519182,57486.10632466596,58019.48046875,1159811
2019-02-27,58197.26918700663,58789.907726515616,57900.94699868433,58375.0625,599585
2019-02-28,58671.38313630712,59738.137255043184,58078.74455351421,58197.2734375,1279265
2019-03-01,58967.71482951765,59264.03125,58315.81169989214,59264.03125,693143
2019-03-04,59975.20083379654,61041.94921875,59975.20083379654,61041.94921875,1341481
2019-03-05,60152.98839247054,62227.232390729834,59975.20088624721,61634.59375,1107681
2019-03-06,61101.213719920226,61634.59375,60152.98839247054,61634.59375,765862
2019-03-07,61930.910097635606,62523.55457498373,61041.94921875,61041.94921875,802927
2019-03-08,61041.94921875,61041.94921875,61041.94921875,61041.94921875,0
2019-03-11,59856.66238117778,59915.926819450004,58612.11501459676,59382.546875,627082
2019-03-12,60449.30350329825,60449.30350329825,59382.549406065584,60390.0390625,665697
2019-03-13,61041.946392738995,61279.00417270337,59856.66916718976,60212.25,570765
2019-03-14,60745.6304533572,61160.475734221014,60212.25044449983,60627.1015625,940875
2019-03-15,61654.675370010475,61715.1215562631,61050.2194610139,61412.890625,787256
2019-03-18,61594.22212519099,63165.81088059914,61594.22212519099,62863.5859375,1040043
2019-03-19,63407.59999065558,63468.04617416879,61956.90349339725,62561.359375,951326
2019-03-20,62259.129932281394,62259.129932281394,61110.66432538328,61775.56640625,747216
2019-03-21,62561.36534455226,62561.36534455226,59841.3046875,59841.3046875,869505
2019-03-22,60385.3125,60687.53745338061,59659.958323416584,60385.3125,902335
2019-03-25,58330.15522763841,59357.734375,57786.145539519566,59357.734375,1103823
2019-03-26,59841.30554957268,59841.30554957268,58148.82413238452,58692.83984375,440142
2019-03-27,59599.518012927714,59599.518012927714,58692.83710994349,58753.27734375,468445
2019-03-28,58027.9267242847,59599.51562499999,58027.9267242847,59599.515625,429476
2019-03-29,59780.851698308164,60143.528792740224,59297.28819259466,59357.734375,322378
2019-04-01,59539.07093844835,61050.21354117405,59539.07093844835,60868.875,546849
2019-04-02,61715.12083750551,62017.35176524871,61050.21875,61050.21875,709987
2019-04-03,61110.66651757584,61594.230060953865,60506.204646441176,61352.4453125,568773
2019-04-04,61594.22583174924,61775.564380638505,61171.10850453691,61231.5546875,478632
2019-04-05,61231.5565068318,62742.69921875,61050.21795255455,62742.69921875,1065749
2019-04-08,63468.04911821755,64676.9609375,63468.04911821755,64676.9609375,1117237
2019-04-09,65281.420493361344,65281.420493361344,63165.81595409663,63468.046875,889690
2019-04-10,63165.818102593345,63891.16638390371,62803.14693870298,63588.94140625,589840
2019-04-11,64193.39513163865,64193.39513163865,63468.04687499999,63468.046875,354754
2019-04-12,63165.816631942806,64858.29790010519,62682.25310683762,64374.734375,496156
2019-04-15,64374.73437500001,64374.73437500001,64374.73437500001,64374.734375,0
2019-04-16,63468.048162529296,63951.611692254955,62863.59226198984,63649.38671875,381998
2019-04-17,63709.83356776837,65220.97631162208,63709.83356776837,64556.07421875,837420
2019-04-18,64374.730474249685,64676.95542655373,63649.38225377923,63830.71484375,334544
2019-04-19,64676.95411096783,65039.63119059045,64012.05208518869,64193.390625,279274
2019-04-22,64253.84337632062,66490.33440213736,64193.39719020155,65644.09375,524030
2019-04-23,66490.33056073826,68243.25794985877,66188.1056011332,67820.140625,937610
2019-04-24,67699.24825974627,69452.17564886679,67699.24825974627,67820.140625,569164
2019-04-25,67820.13962464697,68787.27257888223,67517.90871597058,68303.703125,391428
2019-04-26,67820.14912481495,68605.94364391758,67699.25674440994,68182.8203125,195588
2019-04-29,68182.8203125,68182.8203125,68182.8203125,68182.8203125,0
2019-04-30,68182.8203125,68182.8203125,68182.8203125,68182.8203125,0
2019-05-01,68182.8203125,68182.8203125,68182.8203125,68182.8203125,0
2019-05-02,67699.25992128016,69210.4028401951,67638.81372824115,68908.171875,289146
2019-05-03,67880.58420188699,68847.7171332621,67397.01475943491,68001.4765625,262708
2019-05-06,66490.3385493654,67397.02544417499,64495.63214360833,65220.98046875,490054
2019-05-07,65764.98699827277,66369.44291398562,65281.423456408425,65583.6484375,297239
2019-05-08,65583.65186209706,66188.11376290294,64072.50901714239,65885.8828125,490268
2019-05-09,65885.87619670539,65885.87619670539,64314.28731947798,64435.1796875,402547
2019-05-10,64435.18595371903,65523.205464666535,64435.18595371903,65220.98046875,305585
2019-05-13,65281.42031012471,65281.42031012471,64374.73350348899,64435.1796875,336498
2019-05-14,64374.73996754532,65885.8828125,63951.61663698121,65885.8828125,393495
2019-05-15,65885.87227440363,66973.89756830032,65885.87227440363,66490.328125,389020
2019-05-16,67699.25284415246,67699.25284415246,66550.78125,66550.78125,235023
2019-05-17,67094.79604991442,67336.57484009206,66611.2265625,66611.2265625,367827
2019-05-20,66913.45285214698,68303.703125,66611.22194347059,68303.703125,499068
2019-05-21,68303.70238771298,68424.5947498786,67276.12326283439,67397.015625,499497
2019-05-22,67397.0104988244,68605.92807500188,66792.5546875,66792.5546875,322416
2019-05-23,66490.33787495588,66792.56882133687,64979.19505011073,65946.328125,591996
2019-05-24,64676.95934561719,65946.32327350372,64374.73437500001,64374.734375,763555
2019-05-27,64676.95486053651,65341.862847550554,64374.72991087739,65100.078125,247302
2019-05-28,65825.43641411305,65825.43641411305,64676.96475974627,65220.98046875,178807
2019-05-29,65220.97553350659,65825.43143313073,64979.19079224513,65704.5390625,320727
2019-05-30,65704.53834188507,65946.32308049477,65281.42100284758,65341.8671875,133371
2019-05-31,64374.73991465025,65160.53443152222,63044.9296875,63044.9296875,466995
2019-06-03,61836.015691784094,62259.13305408638,59841.303395635325,61292.0,737874
2019-06-04,61291.994778043314,62259.12774973187,60445.75417200698,61654.671875,236385
2019-06-05,62561.35866386245,62682.25102951468,61654.671875,61654.671875,126576
2019-06-06,61050.223327439504,61050.223327439504,60324.875,60324.875,432880
2019-06-07,61050.22096473035,62259.13281249999,60324.872665362614,62259.1328125,697354
2019-06-10,62863.59029256605,63226.26144011595,62259.12845743395,62561.359375,379842
2019-06-11,62561.35504087192,62924.03211682562,61715.11448384222,62863.5859375,301765
2019-06-12,62319.57835278576,62500.91691412616,61352.4453125,61352.4453125,280056
2019-06-13,60385.31822574395,61956.90718363466,60203.979664403545,61352.4453125,350379
2019-06-14,61352.440960869426,62017.34897195669,61352.440960869426,61654.671875,228820
2019-06-17,61654.67274618022,62077.79603194176,61110.663046587615,61594.2265625,148550
2019-06-18,61352.4453125,61594.230060953865,61110.66651757584,61352.4453125,198374
2019-06-19,62621.80772064977,62682.25390625,61896.45944697658,62682.25390625,223828
2019-06-20,62682.258024492774,63588.944914536245,62259.13469749184,63347.16015625,411019
2019-06-21,63770.28125,64132.952421198584,63468.050312726395,63770.28125,244932
2019-06-24,61050.21780537084,63588.93969854351,61050.21780537084,63165.81640625,178379
2019-06-25,62561.359375,63468.04617416879,62440.46700797358,62561.359375,284040
2019-06-26,63165.818564143316,63649.38805757005,62803.14739760292,63286.7109375,189108
2019-06-27,63649.37703309032,63770.26938550768,59236.8359375,59236.8359375,276702
2019-06-28,61654.66964312209,62621.80257980077,58934.609375,58934.609375,1254845
2019-07-01,62259.1306070484,62682.25390625,61412.889962174755,62682.25390625,450367
2019-07-02,62803.140625,62863.58680515991,62138.232643240975,62803.140625,251891
2019-07-03,62259.13281249999,62380.025187982916,61715.123076356635,62259.1328125,253190
2019-07-04,62259.12326805013,62863.5850527995,62259.12326805013,62380.015625,169982
2019-07-05,62742.70488042707,62742.70488042707,62380.027739145866,62621.8125,279602
2019-07-08,62803.14850217313,62803.14850217313,61775.56926409809,62259.1328125,202017
2019-07-09,62259.1265971301,63407.598096035385,62017.34782383097,63105.3671875,283548
2019-07-10,63468.05361622261,63951.6171875,63468.05361622261,63951.6171875,513087
2019-07-11,64556.06770462262,64918.73883071624,64193.390625,64193.390625,250101
2019-07-12,64797.857902382966,64858.3040929839,63709.83837862633,63951.6171875,210250
2019-07-15,63770.27893348474,64253.84246202686,63468.04800718996,64072.50390625,190936
2019-07-16,64072.50821146795,64374.73915807051,63770.28321839532,64314.29296875,292020
2019-07-17,64012.05608318709,65885.87587121238,63770.2773018669,65825.4296875,670854
2019-07-18,65825.42678045023,65825.42678045023,64676.955294164196,64797.84765625,248084
2019-07-19,64979.19073160482,64979.19073160482,63951.61153573208,64072.50390625,377371
2019-07-22,63528.496500181114,64737.40834221605,63528.496500181114,63770.28125,159481
2019-07-23,63770.275341146415,65281.41798043485,63770.275341146415,64737.40234375,208296
2019-07-24,64858.30007385156,65402.31575554843,64435.1827193948,64495.62890625,167675
2019-07-25,64495.62890625,64495.62890625,64495.62890625,64495.62890625,0
2019-07-26,64495.62890625,64495.62890625,64495.62890625,64495.62890625,0
2019-07-29,64495.62890625,64495.62890625,64495.62890625,64495.62890625,0
2019-07-30,64495.62890625,64495.62890625,64495.62890625,64495.62890625,0
2019-07-31,65885.8819357238,66792.56882133687,65644.097178619,65946.328125,159556
2019-08-01,66429.88879806976,66429.88879806976,65160.53078550654,65462.76171875,296382
2019-08-02,64072.50390625,64737.405990568994,63468.04800718996,64072.50390625,549976
2019-08-05,63830.71289965199,64072.49761695446,62803.13975817439,62863.5859375,432817
2019-08-06,62863.5859375,62863.5859375,62863.5859375,62863.5859375,0
2019-08-07,62198.68483831931,62259.13102432466,60385.31711874747,60747.98828125,273651
2019-08-08,60506.20308006223,62561.36148165693,60083.085734751294,61050.21875,500934
2019-08-09,61171.10850453691,61956.90292952777,61110.66232157382,61231.5546875,215192
2019-08-12,61775.56424065223,62259.12774973187,61654.671875,61654.671875,261397
2019-08-13,61110.66191441392,61533.779238807154,60385.313677218895,60445.75390625,629893
2019-08-14,61956.9064665929,61956.9064665929,60747.988691844366,60989.7734375,206720
2019-08-15,59841.30184916537,60989.7734375,59659.963289923646,60989.7734375,335944
2019-08-16,60929.32725108609,61533.783161695545,60808.434878258275,60989.7734375,470500
2019-08-19,61654.66970514759,61956.90060864156,61050.21385168873,61533.77734375,224282
2019-08-20,61956.907827322466,62440.47137572437,61836.01545183955,62259.1328125,397996
2019-08-21,62561.362193756315,63891.16638390371,62380.023635046324,63588.94140625,624510
2019-08-22,63709.82725286081,63709.82725286081,62863.586685758404,63226.2578125,359141
2019-08-23,63468.041777227234,63468.041777227234,62198.67796491821,62863.5859375,369718
2019-08-26,62017.35337074813,62259.132165672294,61050.220330462376,61352.4453125,653090
2019-08-27,62138.23626209261,62138.23626209261,61352.44182777912,61594.2265625,190053
2019-08-28,61654.67316647317,62380.02142205106,61654.67316647317,61836.01171875,134821
2019-08-29,62454.36971897087,62949.05517886392,62145.1875,62145.1875,258661
2019-08-30,62145.18309184208,62825.37783486925,62145.18309184208,62207.01953125,222466
2019-09-02,62207.01953124999,62207.01953124999,62207.01953124999,62207.01953125,0
2019-09-03,62268.8657011769,62268.8657011769,59980.93535693756,61712.34375,200467
2019-09-04,61712.34675298185,62268.86873123965,61712.34675298185,62083.359375,296458
2019-09-05,62763.5458474814,63072.72806645226,62083.35105620583,62145.1875,138477
2019-09-06,62763.548251427696,62763.548251427696,62083.353434099554,62330.69921875,88956
2019-09-09,61959.68410596972,62454.37570372745,61897.84765625,61897.84765625,126425
2019-09-10,62145.1914383447,62454.37367690946,61155.81436539819,61403.16015625,427232
2019-09-11,61403.163236137436,61526.83613776658,60908.47772008188,61032.14453125,215532
2019-09-12,61217.65081311114,61774.17884252771,61155.81436539819,61403.16015625,107262
2019-09-13,61217.652110001814,62887.224052699814,61217.652110001814,62454.375,328014
2019-09-16,64309.45226466581,64371.288709818444,63567.414922834185,63938.43359375,785214
2019-09-17,64309.45823014927,66164.53348542767,64000.275975705685,66102.703125,1054882
2019-09-18,65546.16588230662,65546.16588230662,64123.93989207845,64309.44921875,871989
2019-09-19,63691.08579817921,64185.77734375,63629.24935498285,64185.77734375,335729
2019-09-20,64185.782449906095,64742.304392485814,63443.75116297954,63567.41796875,348399
2019-09-23,63567.41441861498,64680.464332073185,63567.41441861498,64000.26953125,324421
2019-09-24,64247.61530989859,64680.464332073185,63691.08730793927,64000.26953125,289423
2019-09-25,63691.09465154031,63691.09465154031,62887.22686870665,63320.08203125,272845
2019-09-26,63320.07223362859,64494.95245496136,62949.053580285494,64309.44921875,432779
2019-09-27,64556.793818374004,65484.33443197834,64556.793818374004,64927.8125,617122
2019-09-30,64927.81197427991,66473.71095428312,64927.81197427991,65731.6796875,797241
2019-10-01,65669.8359375,65855.34525617925,64927.80475324293,65669.8359375,357855
2019-10-02,65546.16846688281,65546.16846688281,63814.76019726357,64000.26953125,568067
2019-10-03,63691.080950690346,63691.080950690346,62763.54046379992,63072.72265625,644921
2019-10-04,63072.72806645226,63629.24997013949,62145.1875,62145.1875,750935
2019-10-07,62763.556638696515,62763.556638696515,62145.19818489802,62268.87109375,282716
2019-10-08,62268.86124797829,62392.53413727546,61588.66644730423,61774.17578125,536600
2019-10-09,61774.175936245476,62454.37073862618,61650.503046638,62021.515625,253467
2019-10-10,62021.51547402428,62578.043475903214,62021.51547402428,62516.20703125,219201
2019-10-11,62578.04348047536,63691.08730339371,62578.04348047536,63258.23828125,268331
2019-10-14,63629.244512200334,63691.080950690346,62825.376902289936,63072.72265625,274282
2019-10-15,63072.728431506206,63072.728431506206,62454.37008044586,62578.04296875,244743
2019-10-16,62578.04296875,63010.89198735413,62516.20652459793,62578.04296875,185338
2019-10-17,62639.88434706885,63010.896950745715,62145.19275488524,62454.375,312469
2019-10-18,62949.060501722764,62949.060501722764,62392.53855097705,62454.375,211233
2019-10-21,62454.37008044586,63010.89198735413,62145.187859685495,62578.04296875,214549
2019-10-22,62578.04023880116,62887.216355613426,62578.04023880116,62701.70703125,154286
2019-10-23,62701.709766593776,62825.38265489792,62454.37008044586,62578.04296875,133182
2019-10-24,63072.73622408238,63381.91848304191,62949.063320498564,63320.08203125,190091
2019-10-25,63691.086284130426,63691.086284130426,63072.72793790925,63381.91015625,321193
2019-10-28,63505.57930415596,63814.755413831015,63381.90642410195,63629.24609375,274282
2019-10-29,63691.08781452134,63691.08781452134,63196.40234375,63196.40234375,160439
2019-10-30,63258.23204961438,63876.590344816155,62887.21341821743,63814.75390625,428165
2019-10-31,64000.26953125,64185.77886523644,63258.23828576467,64000.26953125,517815
2019-11-01,63320.07190104017,64804.13432569716,63320.07190104017,64618.625,505876
2019-11-04,64989.65419228593,65855.35842882404,64989.65419228593,65237.0,630196
2019-11-05,65298.82705726758,66288.20414759904,65236.996698928895,66164.53125,779200
2019-11-06,66164.5312956453,66164.5312956453,65236.9967439343,65422.5,441995
2019-11-07,65236.99521858268,65793.517154689,64989.649428997334,65608.0078125,221861
2019-11-08,66164.52390469087,66164.52390469087,65298.81980806531,65360.65625,282804
2019-11-11,65360.665152033296,65546.1745031035,64494.9609375,64494.9609375,352648
2019-11-12,64371.29056802166,65175.15828775066,64309.454121083996,64927.8125,223462
2019-11-13,64927.8125,64927.8125,64371.29056802166,64927.8125,226551
2019-11-14,64927.80326827748,66597.37491728606,64865.96683013199,65855.34375,813605
2019-11-15,65855.35005448193,67092.0667548658,65546.16783415577,66782.890625,716303
2019-11-18,67092.0703125,67401.2525492209,66968.40350827233,67092.0703125,637861
2019-11-19,66782.89316960682,66782.89316960682,66102.69834943241,66473.7109375,358019
2019-11-20,66164.52925783201,66226.36570476968,64927.8125,64927.8125,792841
2019-11-21,64309.45261700857,65546.16934591613,64309.45261700857,64371.2890625,491932
2019-11-22,65051.48507001543,65175.15796327505,62949.058065523066,63752.92578125,516416
2019-11-25,63505.586085191375,64309.4538009183,63320.076745301936,63752.92578125,267045
2019-11-26,64185.772458610474,64185.772458610474,63072.72265625,63072.72265625,318546
2019-11-27,63505.577725680116,63505.577725680116,63010.88621775999,63072.72265625,265431
2019-11-28,63072.730482240746,63443.74915921641,61959.68054177434,62330.69921875,772909
2019-11-29,62701.70940368722,62701.70940368722,62083.35105620583,62145.1875,230875
2019-12-02,62454.3661841601,62701.70585487745,59671.74464229495,60599.28515625,626855
2019-12-06,60599.28515625,61217.64346873337,59980.92684376663,60599.28515625,112506
2019-12-09,60599.29375718533,61712.34375,60599.29375718533,61712.34375,321521
2019-12-10,61774.17991655032,61774.17991655032,60166.43833852166,60537.45703125,304325
2019-12-11,60537.44431590027,60908.46293069946,60166.42570110107,60661.1171875,218356
2019-12-12,60784.80282640223,60784.80282640223,60228.27478730971,60537.45703125,318445
2019-12-13,61217.64346873337,61217.64346873337,60599.28515625,60599.28515625,266667
2019-12-16,60599.29584759211,61341.32717157839,60537.45939638816,60722.96875,213565
2019-12-17,60970.29629956998,61093.96917730267,60290.10156249999,60290.1015625,226160
2019-12-18,60166.430470458814,60475.61267396684,59053.38671875,59053.38671875,446004
2019-12-19,59362.56350781158,59857.2550390579,59115.22383264852,59238.890625,363503
2019-12-20,60042.7672949252,60042.7672949252,59362.56640625,59362.56640625,243344
2019-12-23,59671.74571484053,59919.09148046369,59053.38739124273,59238.890625,481670
2019-12-24,59115.22908714549,59609.91457190216,59115.22908714549,59548.078125,253593
2019-12-25,59795.4208625041,60228.26987827941,59548.0750875123,59919.09375,224004
2019-12-26,59980.93770568818,60166.440969703894,59486.24609375,59486.24609375,171092
2019-12-27,59795.41256948441,60104.58865488423,59424.39395845325,59980.921875,189435
2019-12-30,59980.92487961655,60166.42810396503,59609.90625,59609.90625,283334
2019-12-31,59857.265493717845,59857.265493717845,57816.67475183774,57940.34765625,489361
2020-01-01,57940.34765625001,57940.34765625001,57940.34765625001,57940.34765625,0
2020-01-02,57940.34523139688,58867.88588520936,57940.34523139688,58496.8671875,178089
2020-01-03,58496.86226741549,59609.91217646567,58496.86226741549,58620.53515625,276072
2020-01-06,59795.41851716201,60599.2861638951,59486.23631054925,60475.61328125,543483
2020-01-07,60413.78605154553,60413.78605154553,59548.08183149127,60042.7734375,180030
2020-01-08,60970.29265683079,61217.63839751823,59980.92187499999,59980.921875,553783
2020-01-09,59362.568293163946,59857.259864288484,58620.53702693773,58867.8828125,404665
2020-01-10,59053.39466935324,59362.5708240269,58744.212424218735,59300.734375,202748
2020-01-13,59300.735265522075,59300.735265522075,58558.70395651698,58929.72265625,447795
2020-01-14,58867.88042539927,59362.56588600366,58682.37109375,58682.37109375,210351
2020-01-15,58744.2099361177,58744.2099361177,57569.32354482954,58125.8515625,253909
2020-01-16,58125.847280467104,58311.356606024434,57507.48286194267,57692.9921875,640937
2020-01-17,57692.996602834886,58249.52462209883,57321.9840137862,57631.16015625,355220
2020-01-20,57631.16303814586,57878.50883685413,57445.65977957557,57754.8359375,169163
2020-01-21,57754.830525963975,58682.37109375,57754.830525963975,58682.37109375,228139
2020-01-22,58682.37109375,58991.55331316545,58311.358520911795,58682.37109375,205232
2020-01-23,58682.37109375,58682.37109375,58682.37109375,58682.37109375,0
2020-01-24,58682.37109375,58682.37109375,58682.37109375,58682.37109375,0
2020-01-27,58682.37109375,58682.37109375,58682.37109375,58682.37109375,0
2020-01-28,58682.37109375,58682.37109375,58682.37109375,58682.37109375,0
2020-01-29,58682.37109375,58682.37109375,58682.37109375,58682.37109375,0
2020-01-30,56270.77439445094,58002.182837357126,56270.77439445094,56889.1328125,478997
2020-01-31,56332.606695735114,56703.61928305064,53178.96620601991,53488.1484375,695514
2020-02-03,52560.60855182902,53117.13657609886,49839.82619423323,51447.55859375,713542
2020-02-04,52498.76897788541,52560.60542134355,50705.52734375,50705.52734375,474535
2020-02-05,51323.88681838737,51942.24513943973,49839.82136644765,50458.1796875,365898
2020-02-06,50458.184710693764,53117.13671875,50458.184710693764,53117.13671875,320058
2020-02-07,53117.13839120672,53797.33324254156,52560.61034791931,53178.96875,377497
2020-02-10,52560.6063387855,53735.49269453749,51942.24798387096,53673.65625,356102
2020-02-11,53240.80506125854,53673.660204915715,52807.95600806223,52931.62890625,297151
2020-02-12,53549.98744552494,53549.98744552494,52931.62904344425,53178.96875,221243
2020-02-13,53055.2965565543,54477.522564114544,53055.2965565543,54106.50390625,343218
2020-02-14,54106.51049492607,54972.21471156858,53797.33433285011,54724.875,205333
2020-02-17,54724.867146641634,55219.552589249346,53982.8359375,53982.8359375,226980
2020-02-18,53797.33324254156,54044.67294909731,53055.30194195256,53178.96875,271811
2020-02-19,53178.96228292964,53240.798724663895,52746.11328125,52746.11328125,210275
2020-02-20,54415.68502715458,54415.68502715458,52684.27683951575,52746.11328125,249874
2020-02-21,53178.96964254103,53302.64254312503,52807.95703125,52807.95703125,216137
2020-02-24,52560.60889503281,52560.60889503281,51633.06827232053,51880.4140625,438919
2020-02-25,51014.71227903043,51880.41649478423,51014.71227903043,51323.89453125,439852
2020-02-26,51014.70805370818,51014.70805370818,49221.463320283176,49406.97265625,603141
2020-02-27,49345.133805735735,49406.97024804397,48293.92037695604,48850.4453125,452711
2020-02-28,46438.83938282877,48170.24747651369,46438.83938282877,46871.69140625,566870
2020-03-02,46748.0215001707,49159.62447881105,46624.34861555424,48850.4453125,322378
2020-03-03,51262.05330876644,51262.05330876644,49468.80859375,49468.80859375,340974
2020-03-05,48293.921875,49468.808224840315,48293.921875,48293.921875,331077
2020-03-06,48232.085425870144,48293.921870090206,47675.563518349925,47922.90625,262809
2020-03-09,44583.765625,44583.765625,44583.765625,44583.765625,285338
2020-03-10,41491.96762340808,43841.73761139926,41491.96762340808,42357.671875,1736452
2020-03-11,43285.207202941965,43965.402011032376,39451.375,39451.375,1289502
2020-03-12,36730.58984375,37658.13043733802,36730.58984375,36730.58984375,1048982
2020-03-13,34195.31681295894,36174.068017832455,34195.31681295894,35246.52734375,1230311
2020-03-16,35122.85492566928,37225.27887916039,34628.166399218964,36668.75390625,837622
2020-03-17,34751.839762442854,37039.77004104692,34751.839762442854,36977.93359375,670110
2020-03-18,37101.6105713475,37101.6105713475,35741.21771679605,35864.890625,1401000
2020-03-19,34628.16455696202,34937.34372758344,33947.966727318766,34195.3125,1131849
2020-03-20,35246.52579225181,35926.72367774524,34628.16740023638,35803.05078125,710453
2020-03-23,34133.47706960533,34628.16558441558,33329.609375,33329.609375,983185
2020-03-24,34628.166948866805,34875.50969340285,33700.62632770354,34751.83984375,969934
2020-03-25,36668.756747716216,37163.4453125,35988.56187440759,37163.4453125,1354782
2020-03-26,37101.60200219956,37348.94776147941,36174.061495360074,36297.734375,711209
2020-03-27,36297.7338367854,36545.07654716773,35308.35690479621,35988.5546875,610377
2020-03-30,33947.96722449759,34257.14944487721,33700.624493424075,33762.4609375,701073
2020-03-31,35679.370297967944,35679.370297967944,33391.44047068894,33886.12890625,522618
2020-04-01,33824.295911034686,35617.54053035284,33824.295911034686,34690.0,728607
2020-04-02,34690.0,34690.0,34690.0,34690.0,0
2020-04-03,37101.60650207816,37101.60650207816,35555.70750000421,36606.91796875,1446499
2020-04-06,38338.32607585367,38956.6875,37719.96769693767,38956.6875,1907834
2020-04-07,39513.21299474552,39513.21299474552,38214.65672773726,38894.8515625,1191418
2020-04-08,37905.471667679216,38833.012224395075,37596.292497183975,38771.17578125,1096246
2020-04-09,39204.03194592249,41430.12890625,39018.52564227964,41430.12890625,1899627
2020-04-10,40811.76615452432,41739.30366442839,40193.40476935814,41491.9609375,1190447
2020-04-13,42172.158129162606,42976.028889361216,41739.306048392726,42048.48828125,1322243
2020-04-14,41430.12890625,41615.63825512331,40440.7518027199,41430.12890625,1605287
2020-04-15,40688.092757129685,41615.63330060776,40502.583430342034,41182.78125,813466
2020-04-16,41182.78026891451,42048.484349506616,40688.09178782901,41677.46875,904440
2020-04-17,41739.30367638531,42666.844231785224,41739.30367638531,41862.9765625,1023301
2020-04-20,42048.49112668295,42666.84954378138,41491.966115109964,42543.1796875,1547559
2020-04-21,40811.76714003212,41553.79838396574,39884.2265625,39884.2265625,1963029
2020-04-22,37719.96817537172,39946.065067211515,37719.96817537172,39265.8671875,958891
2020-04-23,40193.4057429625,40811.767143107245,40069.732853887515,40255.2421875,781974
2020-04-24,40688.09425403226,40811.767143107245,40007.89640935002,40255.2421875,735012
2020-04-27,40255.24372688916,40749.93225687615,39575.04585619567,39698.71875,600745
2020-04-28,38709.33883407019,39575.042936368634,38585.668994620486,38833.01171875,977827
2020-04-29,38956.68461951834,39698.71583744342,38956.68461951834,39204.02734375,786512
2020-04-30,39204.02734375,39204.02734375,39204.02734375,39204.02734375,0
2020-05-01,39204.02734375,39204.02734375,39204.02734375,39204.02734375,0
2020-05-04,40193.40625341322,40564.42188011983,39327.70210935438,39451.375,517197
2020-05-05,40193.4028758474,40502.58203125,39575.04151981222,40502.58203125,823035
2020-05-06,41244.61675927855,42543.17288172753,41244.61675927855,42419.5,1942303
2020-05-07,42419.503397932946,42976.02836505617,41862.97843080973,42481.33984375,889702
2020-05-08,42481.33748402041,43779.893638356276,42481.33748402041,43037.859375,2144081
2020-05-11,43285.20411003972,45140.28515625,43285.20411003972,45140.28515625,1367692
2020-05-12,45078.45074541288,45758.645535532596,43903.56440578042,45263.95703125,1444432
2020-05-13,45140.28820170741,45696.81011693306,44521.92679617529,44769.26953125,1249449
2020-05-14,44274.58253669717,44769.26798981423,44027.236764908506,44212.74609375,867375
2020-05-15,44212.74609375,44212.74609375,44212.74609375,44212.74609375,0
2020-05-18,44212.74609375,44212.74609375,44212.74609375,44212.74609375,0
2020-05-19,46624.3515625,46624.3515625,45820.483852143836,46624.3515625,1443095
2020-05-20,46624.3515625,46624.3515625,46624.3515625,46624.3515625,0
2020-05-21,46067.825588152446,46748.02343648685,45758.64640903511,46377.0078125,1201226
2020-05-22,46315.16997867067,46315.16997867067,45511.302309934894,45696.80859375,1238909
2020-05-25,45696.81047088013,45820.48336199052,45387.63128833442,45573.140625,699686
2020-05-26,46067.82609281236,46315.171875,45634.97401921422,46315.171875,776565
2020-05-27,46686.18699161734,47180.87550534321,46253.33492276098,46377.0078125,1439086
2020-05-28,46377.00642168574,46624.34914851593,45696.80859375,45696.80859375,694921
2020-05-29,46067.82558713793,46067.82558713793,45573.14011865317,46005.9921875,469756
2020-06-01,46315.17288266127,46995.367708015525,46129.663541984475,46562.515625,751464
2020-06-02,46562.51695375461,48108.419034485654,46377.010653014346,47242.71484375,1830905
2020-06-03,47922.9106395602,48417.599193402166,47428.22208571823,48232.08984375,799246
2020-06-04,48293.92629363406,49159.63050154988,48232.08984375,48232.08984375,1069128
2020-06-05,47613.7265625,48232.08490759576,47304.547389952124,47613.7265625,1111110
2020-06-08,47613.7265625,47613.7265625,47613.7265625,47613.7265625,0
2020-06-09,47613.7265625,47613.7265625,47613.7265625,47613.7265625,0
2020-06-10,48232.08984375,48479.43564328622,47922.9106395602,48232.08984375,537571
2020-06-11,47922.90999975307,48293.925648873585,44892.9453125,44892.9453125,1577803
2020-06-12,43347.04890818044,46315.17732722892,43347.04890818044,46129.66796875,1107668
2020-06-15,46129.66465363912,46624.35319546815,44583.765625,44583.765625,699535
2020-06-16,45449.470798901224,45449.470798901224,44831.10934687863,45202.125,572631
2020-06-17,45449.46876148946,45696.81150407232,44892.94378414011,45078.453125,416415
2020-06-18,44892.94430796896,45140.29009866827,44521.928667150336,44645.6015625,400480
2020-06-19,45263.96096162052,45325.79741067901,44892.9453125,44892.9453125,382905
2020-06-22,45263.961449725306,45573.14369835183,45140.29159550516,45202.125,287040
2020-06-23,45263.956537874576,45944.15436581032,45140.286697074545,45696.80859375,440962
2020-06-24,45511.30675785449,45882.32240697501,44521.92966337949,44892.9453125,302724
2020-06-25,44521.92679617529,45140.28820170741,44212.747616024346,44769.26953125,422605
2020-06-26,44831.10786029413,45263.959948787575,44521.928667150336,44645.6015625,407073
2020-06-29,44521.92837009059,44521.92837009059,43099.69921875,43099.69921875,720690
2020-06-30,43656.220737285425,44212.74567328723,42048.48541686919,42666.84375,578859
2020-07-01,42976.02884434075,43903.56640625,42666.84661180736,43903.56640625,488440
2020-07-02,44150.91168569429,44212.74813149146,43594.38671875,43594.38671875,265822
2020-07-03,44150.90875082342,44150.90875082342,43470.7109375,43470.7109375,390873
2020-07-06,44398.25390602282,45016.61531155494,44027.238280795646,44769.26953125,611449
2020-07-07,45140.28820170741,45944.155897238,44769.26953125,44769.26953125,1032542
2020-07-08,45140.2895719533,45820.484397978915,44831.10733718681,45078.453125,673274
2020-07-09,45696.81195955523,46871.69837291791,45573.14210964628,46500.6796875,1487536
2020-07-10,46500.6796875,46500.6796875,46500.6796875,46500.6796875,0
2020-07-13,46377.00832054691,46562.5146119574,45944.15624694878,46315.171875,746825
2020-07-14,46704.37798397737,47677.3863245091,46639.51033534106,46834.11328125,796762
2020-07-15,46834.11328125,46834.11328125,46834.11328125,46834.11328125,0
2020-07-16,47158.44832992508,47288.1836271977,46834.11328125,46834.11328125,673615
2020-07-17,46834.110747882405,47028.7104887585,46639.5078125,46639.5078125,482099
2020-07-20,46185.43959348431,46574.6422874594,45990.83984375,45990.83984375,620904
2020-07-21,45990.83867307729,46509.77345549722,45925.97102664821,46055.703125,333384
2020-07-22,46380.038589239826,46380.038589239826,45471.89798244214,45536.765625,433107
2020-07-23,45536.7640326562,46444.90460769775,45536.7640326562,46120.56640625,793938
2020-07-24,46120.566302236926,46380.03686280995,43785.34722961001,44304.28515625,1479379
2020-07-27,41644.73137496347,44758.35576254411,41385.26400704262,41514.99609375,1663746
2020-07-28,42812.34510695842,43979.953125,41514.99860534829,43979.953125,861752
2020-07-29,42228.53999821366,43201.54828863193,41060.92877190921,41190.6640625,980247
2020-07-30,44044.81768235879,44044.81768235879,41839.33389541754,42488.00390625,526602
2020-07-31,41839.33389541754,42488.00390625,41385.2636100324,42488.00390625,396156
2020-08-03,42358.278146021585,43785.353660756315,42293.41049635064,43590.75390625,676023
2020-08-04,44434.02206306489,44434.02206306489,43915.08411742893,44174.5546875,488276
2020-08-05,44174.5517224372,44693.48643873529,43979.94880794594,44498.88671875,713630
2020-08-06,44434.02208155853,45277.29504562811,44369.15443901376,45082.6953125,807629
2020-08-07,45082.69532160116,45861.10064328312,44888.092393927574,45536.765625,720841
2020-08-10,45601.631897194646,46120.56986390975,45536.76744654828,45731.3671875,591643
2020-08-11,45731.366274783926,45925.96920635803,45212.42831842589,45407.03125,694492
2020-08-12,45731.36717852666,46444.90808055979,45407.03214733323,46185.4375,1227096
2020-08-13,46380.0404177451,47288.18106034568,46380.0404177451,47093.578125,1199738
2020-08-14,46704.377524754505,47223.31551423604,46574.642228757504,46898.98046875,1097746
2020-08-17,46704.375,46963.842383461204,46185.43703857131,46704.375,581053
2020-08-18,47353.048714395845,47353.048714395845,46380.04042649643,46639.5078125,375417
2020-08-19,46704.37454364196,46898.97747521607,46574.63925592589,46769.2421875,283069
2020-08-20,46639.50874835539,46834.111687642646,46055.703125,46055.703125,560188
2020-08-21,46185.43703857131,46769.24264449187,46120.569394079444,46704.375,623678
2020-08-24,46834.105065202595,47677.3779605274,46834.105065202595,47353.04296875,805448
2020-08-25,47482.78169151714,48326.0547048144,47482.78169151714,47871.984375,910996
2020-08-26,48001.717837283926,48261.18841271607,47677.3828125,47677.3828125,543635
2020-08-27,47612.51032327074,47612.51032327074,47028.704782466666,47353.04296875,631986
2020-08-28,48001.71394156298,48650.387132992095,47417.908388727374,48131.44921875,1275470
2020-08-31,48261.188870921724,48650.39154325889,47677.38326516283,48066.5859375,693332
2020-09-01,48066.58637812156,48974.727020068545,47871.98344291593,48909.859375,1064186
2020-09-02,48909.859375,48909.859375,48909.859375,48909.859375,0
2020-09-03,49299.056299245094,49428.79157424613,48844.98603124742,49169.32421875,740357
2020-09-04,48066.59072110877,48780.12849232079,48066.59072110877,48390.92578125,1181710
2020-09-07,48261.18888428605,48261.18888428605,46704.375,46704.375,1684485
2020-09-08,46704.375,47547.64798938176,46704.375,46704.375,837042
2020-09-09,46055.69923906482,46704.37245411769,45990.83479261502,46509.76953125,934155
2020-09-10,47028.71002795307,47288.180605920556,46639.507355508125,46704.375,782617
2020-09-11,46704.375,46704.375,46704.375,46704.375,0
2020-09-14,46704.37454364196,47028.70956842589,46315.171875,46315.171875,702763
2020-09-15,46834.1128207515,46898.98046875,46315.174831269964,46898.98046875,917425
2020-09-16,46963.842383461204,47353.04825041242,46704.375,46704.375,445576
2020-09-17,47028.70746439108,47223.310387258774,46509.76953125,46509.76953125,501943
2020-09-18,46834.115084853416,47158.45014601879,46444.91237255365,47028.71484375,470525
2020-09-21,47288.1840554738,47742.2544055339,46769.246056189906,47223.31640625,1184723
2020-09-22,47028.7104887585,47288.18106926837,46639.5078125,46639.5078125,1035794
2020-09-23,47028.70612802476,47677.37932464496,46834.10640519291,47158.44140625,1037686
2020-09-24,47158.44485614196,47871.98254956786,46963.84192456786,47677.3828125,1034622
2020-09-25,47677.384647920895,47742.25229427612,47093.57902523025,47417.9140625,579527
2020-09-28,47417.91572996385,47677.3863245091,46834.11328125,46834.11328125,525808
2020-09-29,46834.109370532155,47353.047321784084,46380.0390625,46380.0390625,1353004
2020-09-30,46380.039976496184,46704.375004480375,46250.3046875,46250.3046875,775910
2020-10-01,46380.0374639066,46963.83984375,46380.0374639066,46963.83984375,318420
2020-10-02,46963.842843631035,47028.7104887585,46120.56984598656,46639.5078125,772644
2020-10-05,46639.51213145023,47223.317797153184,46444.91237255365,47028.71484375,888051
2020-10-06,47223.317797153184,47482.78520718416,46963.847192615605,47028.71484375,962219
2020-10-07,47028.71001493003,48844.991282174335,46834.11027601459,48066.5859375,2892432
2020-10-08,48585.52873403869,48780.12849232079,48066.59072110877,48390.92578125,976478
2020-10-09,48650.39456375234,48650.39456375234,48066.588921747476,48196.32421875,553405
2020-10-12,48196.32031675934,49688.263333474206,48001.71738701068,48650.390625,2416812
2020-10-13,48715.25826824955,49104.460933240654,48455.78769525134,48650.390625,752296
2020-10-14,48974.727938856464,49428.79826834852,48585.525255649896,48780.125,1592881
2020-10-15,49299.0606684831,49882.866263222866,48650.390625,48650.390625,1736225
2020-10-16,48650.391989232136,49299.06205090495,48261.18931332719,48909.859375,1375596
2020-10-19,48974.72703735904,49299.062068309955,47936.85110490855,48001.71875,1508602
2020-10-20,47677.38373653075,48001.718767600585,47028.71047988477,47093.578125,1411186
2020-10-21,47353.05081023304,47612.51820772058,46898.98046875,46898.98046875,1197709
2020-10-22,46898.976579837894,47807.1171875,46639.506009359466,47807.1171875,1003911
2020-10-23,47871.98254956786,48131.453125,47612.51516864196,47677.3828125,764979
2020-10-26,47742.25092285737,48001.71830631857,46704.375,46704.375,819367
2020-10-27,46963.842383461204,47093.57767244494,46639.507355508125,46704.375,823552
2020-10-28,46704.375457627466,47158.44577901344,46509.77252224506,46639.5078125,978495
2020-10-29,46509.77345549722,46834.111687642646,46055.703125,46055.703125,982920
2020-10-30,46704.37194880293,46704.37194880293,45407.028727239805,45666.49609375,991417
2020-11-02,45731.36765957196,45925.97059703882,45017.82994453948,45212.4296875,1168107
2020-11-03,45407.03033988428,46185.43566156624,45342.16269732642,45536.765625,1229681
2020-11-04,45990.83775023793,47028.7104887585,45925.970105110464,46639.5078125,727775
2020-11-05,46704.37408409262,46704.37408409262,46250.303776060464,46380.0390625,544845
2020-11-06,46315.17141477453,46574.63879312214,45861.10110678655,45925.96875,598022
2020-11-09,46055.70129956786,46574.63925592589,46055.70129956786,46315.171875,904541
2020-11-10,47742.25397314541,47871.986075911555,46834.11328125,46834.11328125,1602992
2020-11-11,47547.64498414192,47871.979991595465,47288.177617080306,47482.77734375,2009802
2020-11-12,47677.38326947978,48001.718297372405,47417.912691560654,47612.515625,690357
2020-11-13,47417.91223706786,47677.3828125,47158.44485614196,47677.3828125,1130613
2020-11-16,47936.85557061833,48001.72322175273,47028.71484375,47028.71484375,1582896
2020-11-17,47353.04822896292,48974.7265625,47288.180584500435,48974.7265625,2764254
2020-11-18,49039.592887483326,51893.75,48715.25786840386,51893.75,4350416
2020-11-19,52153.21739982503,54683.03949440035,52153.21739982503,53255.9609375,2878677
2020-11-20,52866.7564417522,53320.82675815746,52477.55376976287,53061.359375,1522672
2020-11-23,53255.960252992605,54164.09765625,52672.15467028571,54164.09765625,2264353
2020-11-24,54164.09974259946,54358.70267583306,52542.42141034454,53515.4296875,2299868
2020-11-25,54228.970412003844,54293.838060033486,53645.16796875,53645.16796875,1800976
2020-11-26,53515.43239496884,54099.234835193,52996.49440793124,54034.3671875,1386186
2020-11-27,54164.09765625,54164.09765625,53645.162909961815,54164.09765625,1195074
2020-11-30,54228.96529816256,55850.64356795197,54164.09765625,54164.09765625,1680123
2020-12-01,53191.09261108004,54942.50297018843,53061.357327254926,54164.09765625,1680413
2020-12-02,54164.09928070982,54812.77571929018,53645.16451885803,54488.4375,1240182
2020-12-03,54488.43911484756,55072.24153785926,54164.10088594513,54812.77734375,1234055
2020-12-04,55137.1070958786,56045.247713406075,54812.77526826965,55461.4453125,1894698
2020-12-07,55591.17944340822,56045.24654822568,55201.97359155413,55980.37890625,1752552
2020-12-08,56110.11902777316,56110.11902777316,55461.448941103125,55850.6484375,1437901
2020-12-09,55785.78078993171,56823.65676201148,55461.448941103125,55850.6484375,1431156
2020-12-10,55850.6433807936,56045.246305879155,54747.90625,54747.90625,1369003
2020-12-11,55526.31658867141,55850.6484375,54942.50776055681,55850.6484375,1152953
2020-12-14,55850.648205559875,56564.192325847805,55656.051652676,56434.45703125,1084320
2020-12-15,56110.1197749905,56369.590368719015,55266.84673438574,55396.58203125,1381030
2020-12-16,55785.771854093575,56045.2424028044,55201.96950850605,55656.04296875,975557
2020-12-17,55266.83841761455,55526.308972296916,54553.30078125,54553.30078125,2324805
2020-12-18,54553.30353470518,55201.973565139284,54553.30353470518,55072.23828125,744619
2020-12-21,55266.84123352981,56045.24654822568,54877.635381675726,55980.37890625,1634548
2020-12-22,55461.44231087717,55785.774120933,54877.63355255491,55331.70703125,1146952
2020-12-23,55201.974478320866,55656.0479794449,54877.63626323228,54942.50390625,694908
2020-12-24,55137.10801190912,55396.578589517005,53191.09465238139,54423.5703125,1579833
2020-12-25,54358.701303903836,54942.50369985782,53515.42833685368,54618.171875,778255
2020-12-28,55137.10710318775,57472.329485146496,54683.03998887004,56369.5859375,2996769
2020-12-29,56434.456571979004,57083.12665067624,55785.78010426898,56499.32421875,618786
2020-12-30,56499.32122416576,56758.78540848483,56304.71829416712,56369.5859375,848262
2020-12-31,56434.4510303551,56499.31867075637,55915.5099071449,56174.98046875,1206950
2021-01-01,56174.98046875,56174.98046875,56174.98046875,56174.98046875,0
2021-01-04,57018.256190628534,57991.26445517262,56499.32143107751,57602.05859375,171785
2021-01-05,57083.12230241703,58510.19764464723,56174.98170581264,58380.46875,159191
2021-01-06,59029.13944914527,59612.9418432258,58380.46941249885,58639.93359375,146483
2021-01-07,59029.139281033,60196.750454881134,57861.528107184866,60131.8828125,182375
2021-01-08,60131.8828125,60521.082277774476,59483.20638868862,60131.8828125,117839
2021-01-11,60326.475211209654,61429.21866700971,60131.87868643121,60521.078125,93747
2021-01-12,60521.08067177062,60910.28651572938,59677.807732205496,60715.68359375,119654
2021-01-13,61364.3484301636,61364.3484301636,60131.87613971315,60326.47265625,137620
2021-01-14,60067.01791422277,60326.482106588344,59353.48020444532,59742.6796875,97705
2021-01-15,60326.480464846725,60521.08339558441,58704.802153390956,59418.33984375,222769
2021-01-18,59677.80856159608,59677.80856159608,58315.60086683309,58769.66796875,122541
2021-01-19,58769.67199526377,58769.67199526377,54683.04224197339,55137.109375,146041
2021-01-20,55785.77896029605,56110.1171875,52023.48427528708,56110.1171875,128921
2021-01-21,56758.78515625,57018.255728428434,56110.11511481633,56758.78515625,121835
2021-01-22,56758.78284334931,57083.121045355685,56045.245187947454,56174.98046875,133913
2021-01-25,55980.37980552107,56239.850377591945,54877.63626323228,54942.50390625,154488
2021-01-26,55007.37551388219,55007.37551388219,52542.424068586646,54034.3671875,167562
2021-01-27,54034.36035532304,54034.36035532304,51245.07421875,51245.07421875,118621
2021-01-28,48001.717837283926,50596.40442456786,47677.3828125,47677.3828125,197920
2021-01-29,47677.379049598625,50596.40043128491,47028.70585672056,49493.66015625,113792
2021-02-01,49818.000951555085,50401.806573618116,48326.05467050794,48780.125,84506
2021-02-02,48780.12227736205,49947.73345631848,48520.654901208494,49623.3984375,117763
2021-02-03,50920.741748255394,51893.75,50596.403534669735,51893.75,110249
2021-02-04,52542.41796875,52996.488255379954,51764.01267581467,52542.41796875,99697
2021-02-05,53320.83025392425,53839.771443274025,52672.16015625,52672.16015625,100731
2021-02-08,53710.02854687984,53774.89618637089,50012.5986519381,51245.07421875,213704
2021-02-09,51245.07421875,51245.07421875,51245.07421875,51245.07421875,0
2021-02-10,51245.07421875,51245.07421875,51245.07421875,51245.07421875,0
2021-02-11,51245.07421875,51245.07421875,51245.07421875,51245.07421875,0
2021-02-12,51245.07421875,51245.07421875,51245.07421875,51245.07421875,0
2021-02-15,51245.07421875,51245.07421875,51245.07421875,51245.07421875,0
2021-02-16,51245.07421875,51245.07421875,51245.07421875,51245.07421875,0
2021-02-17,55137.10710318775,56369.5859375,54164.098842207015,56369.5859375,242449
2021-02-18,57666.931950042104,58704.80796097286,56629.06232812445,58445.34375,284884
2021-02-19,57083.12338274565,58056.1316395945,57083.12338274565,57666.92578125,143053
2021-02-22,57083.124087283926,57861.52942456785,56499.3216815741,57212.859375,145802
2021-02-23,58380.467561807236,58575.064094323694,57472.326983685845,57991.26171875,194932
2021-02-24,57991.26171875,57991.26171875,57991.26171875,57991.26171875,0
2021-02-25,57731.79985568253,57991.27045681747,57212.865042425794,57861.53515625,172214
2021-02-26,56564.18303353103,57926.390625,56564.18303353103,57926.390625,110048
2021-03-01,58575.06168357494,59612.9375,57991.259332028545,59612.9375,209418
2021-03-02,59677.814623743565,60650.82295699036,59029.14453125,59029.14453125,174824
2021-03-03,59029.14453125,59353.48277200324,58510.203346044815,59029.14453125,87859
2021-03-04,59158.868532296234,59677.803229407844,57731.78693446885,58964.265625,167058
2021-03-05,59807.54550740599,60780.55376886362,58704.80195921901,60002.1484375,185224
2021-03-08,61623.82812499999,62272.49818417537,60780.55513136824,61623.828125,207892
2021-03-09,61494.09633839105,61494.09633839105,59029.14486189791,60780.55859375,87758
2021-03-10,60391.35416820675,60391.35416820675,59029.146294381426,59677.81640625,125517
2021-03-11,60326.47935063107,60326.47935063107,59677.80931583203,60131.8828125,42511
2021-03-12,60326.48424597909,60326.48424597909,58964.27642346002,59094.01171875,50227
2021-03-15,59353.482309329964,59677.81415854205,59094.01171875,59094.01171875,50201
2021-03-16,59094.003609951535,59353.4741649273,58185.86305654834,58575.0625,112632
2021-03-17,58639.93298362924,61623.825343576544,58120.99823751385,60196.75,100693
2021-03-18,60261.61828719143,60326.479540764645,59353.47768000561,59548.07421875,34846
2021-03-19,58704.79508193835,58964.265625,58185.86038482674,58964.265625,121886
2021-03-22,59029.14684722849,59418.3463623895,58380.47672928469,58704.80859375,64410
2021-03-23,58380.469430234225,59677.80950392117,58315.60178764864,59548.07421875,71041
2021-03-24,57731.7996000386,58445.34374999999,57602.06430004561,58445.34375,91906
2021-03-25,58445.3336115241,59548.070692147136,57731.789585340746,58575.0625,80143
2021-03-26,57926.40280653373,58056.1381071012,55785.78312519679,57861.53515625,47289
2021-03-29,58380.47889048524,58704.810766957075,57731.80235951476,58056.140625,32513
2021-03-30,58056.12845425165,58380.46665174341,57731.7902567599,58120.99609375,74130
2021-03-31,57861.52508627776,58834.533282182456,57731.78980828887,58185.86328125,79463
2021-04-01,58250.73322527178,58769.66796875,58120.99794214916,58769.66796875,79690
2021-04-02,59223.73888743942,59483.203053403195,58575.0625,58575.0625,119907
2021-04-05,58704.79937534277,59158.87285890955,57991.26171875,57991.26171875,91213
2021-04-06,57926.39272527221,58250.730920244445,57731.78980828887,58185.86328125,85073
2021-04-07,58315.60523385188,59029.14295544797,57731.796416081015,57796.6640625,151437
2021-04-08,58380.46939420552,58380.46939420552,57666.925326204444,57731.79296875,86321
2021-04-09,57731.79388089087,58315.602673024805,57407.46205205115,57602.05859375,47806
2021-04-12,57731.787612791595,57796.65524931917,56304.71238720841,57018.25,241037
2021-04-13,56823.6572306392,57018.26017494896,55591.184694703144,55785.78125,171281
2021-04-14,55785.77896029605,56953.390189217636,55461.44712210474,56110.1171875,93507
2021-04-15,56953.39252684571,57277.73076736199,55461.44939849663,55785.78125,185502
2021-04-16,55785.78125000001,56434.45773103257,55461.44939849663,55785.78125,74420
2021-04-19,55785.775798824376,56564.1875,55526.31162077813,56564.1875,72781
2021-04-20,56758.7867755239,57731.795059939606,56499.32258495562,57083.125,177824
2021-04-21,57083.125,57083.125,57083.125,57083.125,0
2021-04-22,57083.11820863586,57083.11820863586,55656.04296875,55656.04296875,138880
2021-04-23,55591.184694703144,55785.78125000001,54488.4410659607,55785.78125,107110
2021-04-26,55526.315329979865,55526.315329979865,52866.7578125,52866.7578125,135161
2021-04-27,52866.7578125,53191.09604298923,52023.48480224073,52866.7578125,99735
2021-04-28,52866.75598706785,53515.42923114196,52607.28860614196,53126.2265625,79664
2021-04-29,53839.7658356995,54228.96529816256,53385.69234231157,54164.09765625,78719
2021-04-30,54164.09765625,54164.09765625,54164.09765625,54164.09765625,0
2021-05-03,54164.09765625,54164.09765625,54164.09765625,54164.09765625,0
2021-05-04,53839.77063343386,54034.3671875,53191.097351010256,54034.3671875,117322
2021-05-05,54812.77526826965,55785.777140108956,54488.43705164825,55461.4453125,115961
2021-05-06,55656.04705875178,55656.04705875178,54747.906460539096,55072.23828125,114889
2021-05-07,54488.4375,55072.23990570982,53191.09420635803,54488.4375,108031
2021-05-10,54164.10282544442,55785.78125000001,53839.77097394105,55785.78125,96306
2021-05-11,55591.17759050434,55850.641760746585,55137.10411180925,55331.70703125,93015
2021-05-12,55461.451440835386,56045.25390625,55201.980838867494,56045.25390625,77685
2021-05-13,56045.25119607859,56174.98649078895,55461.44875889482,55526.31640625,69238
2021-05-14,55201.97077894395,55526.308972296916,54164.09494922644,54553.30078125,104110
2021-05-17,55137.108019754916,55137.108019754916,53320.8267542664,53515.4296875,131026
2021-05-18,53710.03170190576,53839.76698850875,52737.023441395744,53191.09375,138187
2021-05-19,53191.09165674492,53839.76486972612,52866.75345300127,52931.62109375,37758
2021-05-20,53061.35681207135,53061.35681207135,52088.34858184239,52412.68359375,90065
2021-05-21,51893.74795613925,53061.35589554224,51764.01267581467,52542.41796875,75239
2021-05-24,52931.62317679401,53515.42877200127,52737.023441395744,53191.09375,63615
2021-05-25,53515.42398127195,53969.49105472167,53255.95662579984,53774.89453125,74975
2021-05-26,53320.82629956785,53645.16451885803,53126.2265625,53126.2265625,52244
2021-05-27,52996.48915240163,53191.09207618235,51893.74883449588,51958.61328125,86674
2021-05-28,52607.288154792746,53450.561128699774,52218.08548948998,53191.09375,82627
2021-05-31,53126.2265625,53645.16451885803,52412.68567456786,53580.296875,107627
2021-06-01,55072.23733215869,55072.23733215869,54228.96439042326,54293.83203125,127773
2021-06-02,54683.04395294581,56758.78952303526,54488.44100884004,56693.921875,249811
2021-06-03,57731.78973965934,57731.78973965934,57083.119739498,57277.72265625,159241
2021-06-04,56953.390798427776,59548.077476775914,55137.10948468281,59288.61328125,271584
2021-06-07,59612.94441789735,59742.67970863235,55785.77889726547,58834.5390625,2039088
2021-06-08,58834.5390625,58834.5390625,58834.5390625,58834.5390625,0
2021-06-09,57342.59835535255,57731.79785455118,55850.64883955459,56693.921875,1092539
2021-06-10,56110.11902777316,56564.19256075118,55461.448941103125,55850.6484375,1306231
2021-06-11,56434.45703125,56629.05997314671,55915.51585285878,56434.45703125,492563
2021-06-14,57731.80235951476,58639.94311386003,57083.132217557686,58056.140625,2074136
2021-06-15,58056.13005377205,58250.732977628664,57407.46002992893,57537.1953125,691630
2021-06-16,58250.72988338779,60002.14332703886,58056.12696986836,59612.9375,2710674
2021-06-17,58964.26497646482,61299.48067130006,58704.79443625703,60910.28125,2098720
2021-06-18,60780.55284729903,60845.42048968017,60002.147527737725,60131.8828125,949448
2021-06-21,60391.340291432825,62272.48893371155,60067.00850453033,60326.47265625,1219620
2021-06-22,61299.48646651203,61753.55995480347,60650.81644367936,61558.95703125,1605022
2021-06-23,61494.0835764559,61753.5541166637,60196.7436534402,60910.28125,1143725
2021-06-24,60975.15307927362,62726.56656812526,60910.28543975971,62142.7578125,1711553
2021-06-25,62272.49343532134,63569.83984374999,61688.6910654851,63569.83984375,1940500
2021-06-28,64774.3229206538,64841.23901330237,59487.98455526908,63569.83984375,1095187
2021-06-29,62900.68829993701,63235.26218725974,61629.28907395246,62231.52734375,996725
2021-06-30,62231.52734375,63168.34609164104,61227.79909101103,62231.52734375,1060769
2021-07-01,62566.10299182988,63034.51562499999,61896.9486780714,63034.515625,1239918
2021-07-02,63703.68115942029,65242.738329382875,63636.76505718093,64640.5,2329558
2021-07-05,64640.5,64640.5,64640.5,64640.5,0
2021-07-06,64640.5,64640.5,64640.5,64640.5,0
2021-07-07,64640.5,64640.5,64640.5,64640.5,0
2021-07-08,64640.5,64640.5,64640.5,64640.5,0
2021-07-09,61361.625,63502.92688902321,60424.8062473987,61361.625,1361577
2021-07-12,61361.625,61361.625,61361.625,61361.625,0
2021-07-13,60759.384222622306,62164.61558898487,59621.817229047,61227.796875,732856
2021-07-14,61227.796875,61227.796875,61227.796875,61227.796875,0
2021-07-15,60558.640625,61227.80160870296,60224.06672391956,60558.640625,622795
2021-07-16,60558.640625,60558.640625,60558.640625,60558.640625,0
2021-07-19,58551.165900892905,59554.90070074128,58015.84375,58015.84375,886538
2021-07-20,57614.34500425726,59956.394978489625,56878.27460321317,59554.8984375,838504
2021-07-21,60224.06182534172,60224.06182534172,58082.76003320614,58484.25,717601
2021-07-22,59220.32428228738,60357.88462788118,58484.24729414172,59822.5625,614853
2021-07-23,59755.64870418381,60157.14525858578,58885.74609375,58885.74609375,449320
2021-07-26,58751.915621992914,59956.398729547764,58015.84517489798,59086.49609375,774712
2021-07-27,60224.059339149375,60625.54928936877,59220.324577445535,59554.8984375,1106786
2021-07-28,59554.90031397664,60558.63510730651,59554.90031397664,59621.81640625,406203
2021-07-29,60157.14091276493,60224.057000331166,59487.9800371026,59889.4765625,635781
2021-07-30,60224.05888991313,60692.464926803426,59889.478441584215,59956.39453125,668433
2021-08-02,60893.21252093602,63369.088038819915,60625.54816523934,62566.1015625,197630467
2021-08-03,62566.1078218435,62633.023917462204,61495.45688271506,62231.52734375,1228823
2021-08-04,62231.52734375,62231.52734375,62231.52734375,62231.52734375,0
2021-08-05,62633.02327887711,62833.771563686445,61896.952825346896,62766.85546875,800052
2021-08-06,62766.85783617424,63302.18002508626,61696.20686757926,61830.0390625,1650534
2021-08-09,61562.37297833376,62566.1078218435,60893.218612917524,62231.52734375,1330059
2021-08-10,62231.52734375,62231.52734375,62231.52734375,62231.52734375,0
2021-08-11,64908.148763377,66179.54121792332,63703.66580417063,63904.4140625,1900913
2021-08-12,63235.26171875,63904.4226699792,63235.26171875,63235.26171875,916669
2021-08-13,62967.6043955557,63034.52049117441,61294.70859585896,62231.52734375,1653812
2021-08-16,61896.9486780714,63569.83775785273,61562.368225807026,63034.515625,1399651
2021-08-17,63034.51562499999,63034.51562499999,63034.51562499999,63034.515625,0
2021-08-18,61830.04279699588,62231.5328152369,61629.294492489695,61963.875,658474
2021-08-19,61896.95566482783,61896.95566482783,60023.31810219687,60826.3046875,3010851
2021-08-20,60224.06375475943,60558.63763934474,58350.426274307094,58551.16796875,3487529
2021-08-23,58551.16984614399,59220.330818312126,57413.609375,57413.609375,1460796
2021-08-24,58216.59454981439,58417.34283663371,56878.27922845638,57547.43359375,1363846
2021-08-25,57614.35059016778,58417.34375,57547.434493515095,58417.34375,702599
2021-08-26,58685.00236926142,58685.00236926142,57614.3513985668,57748.18359375,867123
2021-08-27,57748.18108719026,58283.509844687105,57547.43280312895,58216.59375,1169317
2021-08-30,59153.41282439085,59220.32891946206,58350.426274307094,58551.16796875,999877
2021-08-31,58885.74383313026,59822.5625,58618.07947380457,59822.5625,1107920
2021-09-01,59688.736080714916,59822.568273293495,59287.24609375,59287.24609375,675871
2021-09-02,59287.24609375,59287.24609375,59287.24609375,59287.24609375,0
2021-09-03,59287.24609375,59287.24609375,59287.24609375,59287.24609375,0
2021-09-06,59889.48824766983,60558.64266312237,59688.73994580269,60491.7265625,1094431
2021-09-07,60558.63268112411,60625.54877071658,59354.15625,59354.15625,907844
2021-09-08,59354.15625,59354.15625,59354.15625,59354.15625,0
2021-09-09,59153.413901171414,59621.81998442562,58952.665612303535,59287.24609375,560390
2021-09-10,59220.32999746071,59755.6521770042,59220.32999746071,59287.24609375,530889
2021-09-13,60090.232658450666,60090.232658450666,59287.24609375,59287.24609375,773325
2021-09-14,59956.394978489625,60290.97542931431,59421.06625717012,59554.8984375,843547
2021-09-15,59889.48160183426,61763.11902980398,59220.32726063665,61227.796875,1738911
2021-09-16,61562.37839098763,62097.70720300412,61495.46228948557,61963.875,1237648
2021-09-17,61696.20531859099,62097.70189327296,61361.62483968935,61495.45703125,1051440
2021-09-20,61495.452025026985,61495.452025026985,59421.06640625,59421.06640625,1911629
2021-09-21,59421.06640625,59421.06640625,59421.06640625,59421.06640625,0
2021-09-22,59421.06640625,59421.06640625,59421.06640625,59421.06640625,0
2021-09-23,59688.739778434785,61562.37740906522,59421.0753766958,60625.55859375,1379731
2021-09-24,61227.79530113364,62097.69789956076,60893.21484374999,60893.21484375,116616600
2021-09-27,61830.0355667073,61896.951660384315,60224.0625,60224.0625,1417427
2021-09-28,60893.21770533658,63904.4221909854,60357.88894836577,63636.7578125,5693159
2021-09-29,63904.425441446016,65844.97910262899,63770.59324539602,64774.328125,3474922
2021-09-30,64640.4957648296,65041.985761189215,63971.341377049575,64908.16015625,1569470
2021-10-01,64238.99761203956,69391.50406744839,64172.081515815364,69257.671875,5466481
2021-10-04,70930.55869763234,74075.59534137837,69592.25,69592.25,510175562
2021-10-05,71599.71590810797,73540.26952892744,70595.98764015254,72938.03125,2634904
2021-10-06,72938.03125,72938.03125,72938.03125,72938.03125,0
2021-10-07,74276.34375,75614.65244991604,73272.60892967766,74276.34375,2843427
2021-10-08,74276.34375,74276.34375,74276.34375,74276.34375,0
2021-10-11,74276.34375,74276.34375,74276.34375,74276.34375,0
2021-10-12,74811.6600099123,76618.38122580596,74008.67353515625,74945.4921875,2458025
2021-10-13,75280.07857032234,75280.07857032234,73607.18280927137,74276.34375,2255806
2021-10-14,74276.34375,74276.34375,74276.34375,74276.34375,0
2021-10-15,74945.4921875,75614.64648466837,74610.91174353077,74945.4921875,1386287
2021-10-18,74945.4921875,74945.4921875,74945.4921875,74945.4921875,0
2021-10-19,77622.1254892712,78625.8603535424,76283.81013998596,76618.390625,1343549
2021-10-20,77220.62890725436,77220.62890725436,73941.76651720042,76618.390625,2153940
2021-10-21,76952.9575160534,77220.61526601121,74945.48814213622,75079.3203125,2068211
2021-10-22,75213.15451095878,76216.8892249827,74075.58762296234,75012.40625,1614730
2021-10-25,75012.40625,75012.40625,75012.40625,75012.40625,0
2021-10-26,75012.40625,75012.40625,75012.40625,75012.40625,0
2021-10-27,75012.40625,75012.40625,75012.40625,75012.40625,0
2021-10-28,81302.48113234085,85919.65868262565,79830.340240099,83644.53125,2951723
2021-10-29,82975.37264426264,85317.42282788253,81302.48342211747,83309.953125,1462183
2021-11-01,83309.953125,83309.953125,83309.953125,83309.953125,0
2021-11-02,82239.296875,81369.394271941,80499.491668882,82239.296875,1900409
2021-11-03,81369.4009666464,82239.30364127706,79295.01513069218,80298.75,2384273
2021-11-04,79027.34839773439,81637.0561265879,78291.27141022656,78358.1875,2093929
2021-11-05,78960.43698852048,82707.7118748805,77822.86998571035,81904.71875,1690373
2021-11-08,82841.533068195,82908.44915837816,79763.41928285081,82306.2109375,2077918
2021-11-09,80834.08067932009,82975.37607218917,79629.5974896761,79763.4296875,2100233
2021-11-10,80365.65797826517,82105.46315175979,79629.58757267441,80566.40625,1272822
2021-11-11,80298.74811692264,81637.06344153869,78558.94280846132,79629.59375,2390072
2021-11-12,79763.42987398122,80900.9969673728,77889.7922816084,79027.359375,1727438
2021-11-15,79629.58796590874,80231.82619331697,76752.2158291444,79562.671875,2720003
2021-11-16,78960.44174272679,80432.58271210411,77822.87467142376,78090.5390625,1948568
2021-11-17,78291.28092089092,79428.8479944585,78157.44872508639,78558.9453125,884016
2021-11-18,77622.12532439295,78291.27970222876,76149.984375,76149.984375,1610569
2021-11-19,76149.9767673384,76283.80235691919,70863.63859732449,70930.5546875,3662895
2021-11-22,69592.25077103043,71131.3077675904,67986.27108899971,68320.8515625,1811024
2021-11-23,68588.51735144934,70595.9870521824,68588.51735144934,69993.7421875,968737
2021-11-24,71398.97621339104,71532.80841041445,68923.09375,68923.09375,1163266
2021-11-25,69324.58764975831,70328.32249769598,68789.25888244713,69525.3359375,829175
2021-11-26,69525.3367463852,69592.25284307763,67986.2731132303,68253.9375,1583464
2021-11-29,65309.64965112782,67651.6998765309,65309.64965112782,66514.1328125,1628850
2021-11-30,66982.53907366806,68053.19004308376,65778.0625,65778.0625,1753787
2021-12-01,65309.64578458331,66581.04496802579,65242.729691203676,65911.890625,1846828
2021-12-02,65844.9765625,66581.04702160829,65577.3121807258,65844.9765625,745211
2021-12-03,66313.38937444132,66313.38937444132,64640.5,64640.5,1302575
2021-12-06,64439.74743378276,64908.16011849602,60893.22061260919,61562.375,1553585
2021-12-07,63235.26661591833,64573.58203125,62566.11220363811,64573.58203125,1215334
2021-12-08,65242.72798360236,66447.2110421402,64774.32193297509,65711.140625,1384900
2021-12-09,65510.396573235026,66915.62140647485,64908.15830052807,66045.71875,706381
2021-12-10,65844.98324953718,65844.98324953718,64372.83559104254,64640.5,854011
2021-12-13,65577.3125,66447.21515423065,65041.98373384526,65577.3125,908726
2021-12-14,65510.3923501153,66179.54667562727,64573.57365809038,65711.140625,964450
2021-12-15,65309.64640598368,65711.1429700816,64506.659868558476,65376.5625,596824
2021-12-16,65577.3146902452,66982.53956679352,64975.076398977486,65978.8046875,1206004
2021-12-17,66313.38484767145,66915.62313594356,65443.482168713526,66246.46875,670450
2021-12-20,65577.31281465465,65577.31281465465,64238.99748361706,64707.41015625,1085101
2021-12-21,64707.40887718647,64841.24106672187,62900.68750000001,62900.6875,1587876
2021-12-22,64172.081866609056,64640.49454273897,63302.179201710074,63703.67578125,746346
2021-12-23,64238.99796319904,65376.56501445798,63235.26310512008,63703.67578125,1919446
2021-12-24,64439.73994949546,64908.152579805406,63770.585639822886,64038.25,882504
2021-12-27,64038.25642849754,64774.32690210502,64038.25642849754,64172.08203125,414650
2021-12-28,64908.15612260713,65911.8909372867,64908.15612260713,65644.2265625,1370024
2021-12-29,66112.63673609984,66112.63673609984,64774.3279605398,64908.16015625,577535
2021-12-30,65577.31454403003,65844.97893545043,64908.16015625,64908.16015625,731974
2021-12-31,65175.81466796958,65175.81466796958,64305.91203052165,64372.828125,850733
2022-01-03,64372.828125,64372.828125,64372.828125,64372.828125,0
2022-01-04,64841.24486614914,68187.0234375,64841.24486614914,68187.0234375,2181423
2022-01-05,68722.34922884671,70529.07063307737,68588.51703730802,70261.40625,2625701
2022-01-06,69592.24827690554,70194.4865168517,68856.17126158524,69391.5,1044254
2022-01-07,69926.82714404805,73138.78003172536,69123.84056982145,71934.296875,2241434
2022-01-10,71934.2964549999,71934.2964549999,68253.9375,68253.9375,1261476
2022-01-11,68923.0954495148,69926.83036116957,68253.9410386687,69123.84375,819594
2022-01-12,70261.40533461518,72871.11326330717,70261.40533461518,72268.875,1860570
2022-01-13,73004.94640423065,74276.34563307736,70261.40625,70261.40625,974284
2022-01-14,69592.24956269769,71265.13871961135,69257.66909500673,70595.984375,680032
2022-01-17,71398.97361432147,73406.44331505454,65711.14499250139,69993.7421875,1830061
2022-01-18,69592.24795018072,72268.87185737684,69592.24795018072,71599.7109375,1173982
2022-01-19,72335.78794936453,72871.11009449558,70595.98273922557,71599.7109375,837748
2022-01-20,71599.71622736659,72670.3671875,70595.9879549356,72670.3671875,904314
2022-01-21,72268.87940636522,72804.20160741442,70060.6613216487,71867.3828125,1341153
2022-01-24,71599.70890990728,72938.02412099153,71465.88332049205,71666.625,1297533
2022-01-25,70930.55924975693,73272.609375,69592.25054170718,73272.609375,1666797
2022-01-26,73807.92128481386,75614.64240318537,72938.01876821903,75079.3203125,1816193
2022-01-27,75280.07670943109,76886.04974593961,73741.01317457082,74811.6640625,1149146
2022-01-28,74878.58487081947,75614.65534301319,71265.14201571312,72938.03125,2088256
2022-01-31,72938.03125,72938.03125,72938.03125,72938.03125,0
2022-02-01,72938.03125,72938.03125,72938.03125,72938.03125,0
2022-02-02,72938.03125,72938.03125,72938.03125,72938.03125,0
2022-02-03,72938.03125,72938.03125,72938.03125,72938.03125,0
2022-02-04,72938.03125,72938.03125,72938.03125,72938.03125,0
2022-02-07,76149.98825087222,77622.12927519402,75012.42113711199,76752.2265625,1167804
2022-02-08,76618.39299536505,77287.54739532403,75346.99370374897,76283.8125,804087
2022-02-09,75614.6492430054,76016.14579041464,73607.1796875,73607.1796875,2305730
2022-02-10,74945.4921875,75480.81430708067,73607.17700239317,74945.4921875,1083967
2022-02-11,75280.07857032234,75480.82026177032,74276.34375,74276.34375,608927
2022-02-14,76016.15186359728,78960.44034084951,75480.82309094912,77622.125,2291862
2022-02-15,77622.125,77622.125,77622.125,77622.125,0
2022-02-16,76618.390625,77555.2093922684,75614.6557607288,76618.390625,912004
2022-02-17,76551.47146627428,79428.84375,76083.06539675972,79428.84375,1422218
2022-02-18,77956.69957073955,79428.8404023344,77153.71306343596,78291.2734375,923351
2022-02-21,77956.70957565896,78291.28348535844,77287.5485747176,77488.296875,419315
2022-02-22,78960.43795258511,79295.0118345997,77622.12265221475,77956.703125,909231
2022-02-23,78692.76998653698,80633.32345867497,77822.86738772722,78291.2734375,1628976
2022-02-24,78960.43938307736,81971.6373296146,78492.02671269198,79629.59375,2382760
2022-02-25,80365.66294003917,81770.89433817162,78023.61939751264,78425.109375,1664528
2022-02-28,79629.5918509644,80031.08182523478,78291.27655826497,78960.4375,1185455
2022-03-01,79629.5901145153,79629.5901145153,77689.03660734183,78759.6875,1308249
2022-03-02,80298.7518880245,81101.73848419679,78960.44309132772,79763.4296875,1964453
2022-03-03,81570.15065352325,81570.15065352325,79629.59697906245,80767.1640625,1725295
2022-03-04,80298.74620192879,80298.74620192879,78960.4375,78960.4375,1961428
2022-03-07,83979.09757843686,83979.09757843686,81971.62811262059,83376.859375,2854396
2022-03-08,82038.55675213221,84179.85872204158,80365.66747160285,80767.1640625,1798795
2022-03-09,82172.38058425592,83778.35360282037,80767.15584070464,81770.890625,1635910
2022-03-10,78960.43394745607,80164.91040684673,78157.44085350187,79295.0078125,1214703
2022-03-11,78960.43531092402,78960.43531092402,75146.2444118604,75547.734375,2041736
2022-03-14,73607.1785222096,74945.4937349495,70930.5546875,70930.5546875,1751518
2022-03-15,69592.25097641048,72268.875,68253.93566923036,72268.875,1219116
2022-03-16,72603.45448706632,73607.18939722443,70930.56516705987,73071.8671875,777864
2022-03-17,72335.78599041542,73473.34634185857,70930.5546875,70930.5546875,938101
2022-03-18,72268.87114382748,73473.34760617252,71934.29068719255,72871.109375,757692
2022-03-21,73205.698305726,76952.97349073009,72871.11781036094,76283.8125,1047406
2022-03-22,76952.96875,77956.7035834884,75949.2339165116,76952.96875,993951
2022-03-23,76484.55081271142,77086.79562574977,75012.41000682481,75146.2421875,782276
2022-03-24,76886.04735473699,76952.96344507458,74878.57782614962,75146.2421875,751389
2022-03-25,76216.89552913453,76283.80503088518,72268.87243347101,74075.59375,485629
2022-03-28,74142.51391358614,75614.65484834286,73807.93343260925,73941.765625,450329
2022-03-29,73607.18667412944,75614.6564201794,72871.11619145004,74878.5859375,877082
2022-03-30,74209.42246513782,74543.9963213288,73004.93944684789,73674.09375,744455
2022-03-31,73607.18545864208,74878.58470101783,72402.70890351859,72469.625,471761
2022-04-01,72135.04604323443,74209.43189648894,71599.71726006114,73406.4453125,541857
2022-04-04,73674.09280450056,75547.7301018972,73540.26062743364,75213.15625,769669
2022-04-05,75413.90377862842,76819.13515613819,74276.34336679977,76484.5546875,917552
2022-04-06,76551.47641227835,77956.70789315556,75748.4898192504,76083.0703125,1049675
2022-04-07,76083.05728472631,76952.95982744994,74878.57430604362,75480.8125,919064
2022-04-08,76149.9737828655,76618.37980496603,73741.0078125,73741.0078125,778242
2022-04-11,73741.0078125,73741.0078125,73741.0078125,73741.0078125,0
2022-04-12,74075.59242811539,75280.07548123077,71599.71023055763,72871.109375,797909
2022-04-13,73004.93944684789,73941.75810756891,72201.95296491131,73674.09375,647505
2022-04-14,74544.0037453868,75280.0808020094,74477.0876493302,74677.8359375,582074
2022-04-15,75280.07757123673,78960.4363333176,74945.49710531282,77019.8828125,2252780
2022-04-18,78157.44701503085,78893.52407585071,76417.64168918013,77153.71875,1069090
2022-04-19,78625.86614729898,78625.86614729898,76216.90625,76216.90625,852751
2022-04-20,76016.1482730697,76016.1482730697,71265.13859407968,71332.0546875,1776606
2022-04-21,69592.25188307736,72469.6242288467,68923.09092538395,70261.40625,1352122
2022-04-22,70328.31663704437,75146.2421875,66915.61580213773,75146.2421875,1691634
2022-04-25,72938.0327636699,75146.25081684868,69926.828125,69926.828125,862584
2022-04-26,68253.93743953422,72938.03125,65644.22944315418,72938.03125,844304
2022-04-27,70261.40446871065,74610.9176295937,69592.25011875262,74276.34375,995464
2022-04-28,73807.93824548772,73807.93824548772,72068.1328125,72068.1328125,271559
2022-04-29,71599.70899848484,72536.52767017171,70261.40037651516,70930.5546875,691252
2022-05-02,70930.5546875,70930.5546875,70930.5546875,70930.5546875,0
2022-05-03,70930.5546875,70930.5546875,70930.5546875,70930.5546875,0
2022-05-04,72001.21062040984,73607.18371640942,71733.54624081968,72268.875,656961
2022-05-05,74276.35418988009,74276.35418988009,72871.12260760886,73205.703125,442764
2022-05-06,71265.14020211472,73540.26765743023,71265.14020211472,73473.3515625,726552
2022-05-09,72938.02430335038,72938.02430335038,68923.08525082974,70194.484375,721005
2022-05-10,67250.20083653796,72335.79109489755,66915.62036205025,72268.875,813416
2022-05-11,71800.45850453858,73272.60592296191,70930.55590805812,72871.109375,414146
2022-05-12,72268.87819527663,72268.87819527663,69324.58966191896,70662.8984375,1051314
2022-05-13,69792.98935927646,71265.13678641137,66915.6171875,66915.6171875,1133891
2022-05-16,68923.08771101282,69324.58426690425,63569.83984375,63569.83984375,1205122
2022-05-17,63569.83648068061,67517.859375,62900.682180366006,67517.859375,651414
2022-05-18,67584.78219153869,71198.225,67116.36952115329,70261.40625,1147129
2022-05-19,66581.03824651841,71265.13135637011,66581.03824651841,70796.71875,1432934
2022-05-20,70595.98910521842,71398.97569070953,69324.58983357443,69926.828125,369264
2022-05-23,70595.98720871306,70729.81281039062,68789.25920143064,69257.671875,682175
2022-05-24,69257.66193918083,71532.79570286731,68655.423750332,70796.71875,1059509
2022-05-25,71131.30646850406,72536.53125,70796.72600111428,72536.53125,964324
2022-05-26,73607.18404057222,74410.17059210832,70930.56000519496,72001.2109375,712685
2022-05-27,72603.44490974728,74410.1661915481,72603.44490974728,73607.1796875,510213
2022-05-30,74744.74664772244,75146.24319513167,73473.34750503025,73607.1796875,859811
2022-05-31,74142.51005656633,78759.6875,73272.60744205104,78759.6875,2972903
2022-06-01,79428.8414932606,82908.45193629079,78291.27451280212,80967.8984375,2193904
2022-06-02,80967.8984375,80967.8984375,80967.8984375,80967.8984375,0
2022-06-03,78960.43078064645,83644.52402033276,78960.43078064645,83109.1953125,2980972
2022-06-06,83979.10234732469,88663.19583663304,83979.10234732469,86923.390625,3336117
2022-06-07,86923.3964035064,87659.46687416523,83042.2891699606,86990.3125,2566699
2022-06-08,86990.30478033875,88261.7039101204,85852.73783166781,86254.234375,2147384
2022-06-09,86254.23856621931,87124.14119493862,85116.67156227234,85384.3359375,1631119
2022-06-10,84648.26615361044,85384.33660043083,79428.84375,79428.84375,3096076
2022-06-13,76952.96785633618,81703.9775888017,76618.38738546867,78960.4375,2190122
2022-06-14,80298.75555739865,84313.6953125,79027.36280151557,84313.6953125,1711679
2022-06-15,82975.375,85718.91524762522,80834.07963480026,82975.375,2803084
2022-06-16,83711.45290967477,88261.71466821303,82172.38923007742,85652.0,2938486
2022-06-17,83644.53488967947,89666.9375,83309.9544038063,89666.9375,1964201
2022-06-20,87659.46214795198,88328.62307680985,83443.78125,83443.78125,2165790
2022-06-21,82975.36973289882,85183.58764674384,77622.12177355582,79964.171875,2957018
2022-06-22,79295.01395439824,80298.74880881625,74410.171875,74410.171875,2379482
2022-06-23,73607.1764500159,79562.66876335526,73607.1764500159,78157.4375,1404063
2022-06-24,78157.45009250205,78759.69498415914,76149.9868926251,76283.8125,1016140
2022-06-27,76952.96530171245,78759.68660287766,76283.80438219171,76551.46875,1139186
2022-06-28,77956.70548290509,78692.77595452544,77220.6284205139,77622.125,1006432
2022-06-29,77622.11911320873,78960.43435256163,76484.55214837432,78291.2734375,1221259
2022-06-30,77956.69998108392,79964.1695552949,77287.5390625,77287.5390625,1271057
2022-07-01,76819.13147612623,77488.28579057625,73607.1789033797,75614.6484375,1228571
2022-07-04,77058.21345949572,77333.17779527111,74583.54797855616,74652.2890625,583461
2022-07-05,74927.25028307391,76164.58297209992,70115.40845966073,70802.8125,1895366
2022-07-06,68465.63987342046,68671.86312818043,65853.4921875,65853.4921875,2129356
2022-07-07,64684.8984375,66334.6707088899,63653.789075251654,64684.8984375,792236
2022-07-08,67022.07470655435,67503.2622352723,65303.561359313186,65716.0078125,872796
2022-07-11,65647.26676586838,66609.63505320933,65234.8203125,65234.8203125,601489
2022-07-12,65234.8203125,65234.8203125,65234.8203125,65234.8203125,0
2022-07-13,66678.38289022412,66678.38289022412,65578.53234023116,66197.1953125,1130109
2022-07-14,66678.3772844859,68190.66743201145,66678.3772844859,67915.703125,879604
2022-07-15,67915.70538196541,67984.44646100266,66678.37950033267,67022.078125,651666
2022-07-18,67090.81920403727,67709.4889153726,66334.67410514638,67022.078125,715962
2022-07-19,67915.71176558694,70115.41296049846,67572.01310861424,70046.671875,1177386
2022-07-20,71146.51790542921,71558.96439194428,70115.40845966073,70802.8125,1127840
2022-07-21,70734.06800429085,72177.62386688803,69771.69968606568,71558.9609375,1087875
2022-07-22,71490.22630827458,75545.91640978897,71490.22630827458,74102.3671875,1371285
2022-07-25,73896.14303665054,75270.95792876637,71765.18300060472,71971.40625,685453
2022-07-26,74033.62520291406,74033.62520291406,71490.22543859704,71971.40625,609432
2022-07-27,71902.66516686823,72452.59383192232,71146.52002293825,71971.40625,472265
2022-07-28,73552.4307665612,75408.43306763648,72521.3281567131,73071.25,641580
2022-07-29,74239.84602944175,75270.95547224782,73414.95982930071,73896.140625,668307
2022-08-01,73896.14503503704,75270.95996433224,73414.96421062143,74171.109375,535679
2022-08-02,73896.14055920998,74514.80351613516,72658.80787484045,74377.328125,560768
2022-08-03,74446.06907540861,77676.8727865481,74239.84583328845,76989.46875,735756
2022-08-04,76645.76347961523,76920.72780291979,74583.5445958693,74927.25,970502
2022-08-05,74102.36155685857,75614.6517482047,73208.73430369604,75270.953125,915408
2022-08-08,74995.98877497937,76989.46651660716,74239.8436796596,76302.0625,442008
2022-08-09,76508.28118505293,77333.17415353362,75614.65390638466,76989.46875,464701
2022-08-10,76302.0613902128,77126.94755224748,75683.39169079765,76233.3203125,491176
2022-08-11,76989.46320050086,78295.53686926601,76508.2756702384,77676.8671875,1067703
2022-08-12,77676.87381537844,79670.35164123877,77676.87381537844,78639.2421875,458649
2022-08-15,79051.6920959,79189.17426508,77470.65392084952,78364.28125,509709
2022-08-16,77676.87272175308,78364.27675772778,76989.46868577838,78020.578125,411246
2022-08-17,78364.27338957987,78982.94308883348,76645.75998824638,77264.4296875,1108425
2022-08-18,77676.87492182547,81045.16765748929,76920.72978378479,78158.0625,1244834
2022-08-19,78982.94421976504,81113.90411778013,78639.2388263694,79464.125,676754
2022-08-22,79326.6439401318,80426.49444369542,78845.46315323967,78982.9453125,466718
2022-08-23,79395.38279249214,80632.71542060534,79395.38279249214,80426.4921875,562911
2022-08-24,81113.90631378112,82145.01575136436,80426.49550837954,80632.71875,451463
2022-08-25,81045.1652320287,81801.31034744001,80082.796875,80082.796875,535175
2022-08-26,80082.79917717911,80082.79917717911,79120.43079248474,79189.171875,619643
2022-08-29,78501.7533529499,80770.1953125,78501.7533529499,80770.1953125,844430
2022-08-30,80838.93529749669,82488.70755280764,80426.48884840967,81732.5625,914148
2022-08-31,80976.42192554665,81801.30809882199,80357.75221770095,80495.234375,541227
2022-09-01,80495.234375,80495.234375,80495.234375,80495.234375,0
2022-09-02,80495.234375,80495.234375,80495.234375,80495.234375,0
2022-09-05,79945.31360791187,80770.19979245037,79532.86713038312,80014.0546875,410364
2022-09-06,80770.20090987219,80976.42415148957,80014.05579446087,80082.796875,311776
2022-09-07,79739.09166671155,79739.09166671155,76989.46875,76989.46875,1066695
2022-09-08,77676.87054920215,78020.57594283595,76027.09820079785,76851.984375,397378
2022-09-09,77608.13609002951,78364.28125,76714.50876087903,78364.28125,419441
2022-09-12,78364.27897726977,79326.64736309955,78020.58033480728,78158.0625,459280
2022-09-13,78089.31810493639,78914.20429058262,77539.38946749289,78501.7578125,310767
2022-09-14,77195.68971763732,78158.05804865723,76851.98432423058,77333.171875,399774
2022-09-15,78364.2745659508,78501.75672340431,76439.53790263947,76851.984375,714071
2022-09-16,76302.0625,77676.87053321431,75958.35710643696,76302.0625,628847
2022-09-19,76302.07060180829,77539.39660897753,74239.8515625,74239.8515625,631872
2022-09-20,75614.65515354538,75614.65515354538,73896.141648571,74995.9921875,508574
2022-09-21,74995.99108082613,75545.91295691612,74446.06920473615,74927.25,273198
2022-09-22,74927.24769626676,76577.02004433151,74789.76553884154,76302.0625,292991
2022-09-23,76577.0200095052,78707.97990758906,76302.06246529875,77333.171875,456002
2022-09-26,76302.06573132146,78501.76003172316,76302.06573132146,78089.3203125,840522
2022-09-27,78364.27116504997,78364.27116504997,76302.0592043012,76645.7578125,271306
2022-09-28,75614.65776264922,77126.9548448035,71490.2265625,71490.2265625,835605
2022-09-29,73208.73441217993,74033.62058782009,72177.625,72177.625,387797
2022-09-30,70115.4102461322,76989.47113622662,69702.96374910841,75614.65625,906583
2022-10-03,74927.24443132595,74927.24443132595,73071.24892799804,73552.4296875,463188
2022-10-04,73621.17636995633,74927.2501375312,71146.5177672304,72865.03125,328291
2022-10-05,72933.76677656359,74858.50335560871,72933.76677656359,73552.4296875,507187
2022-10-06,73689.91176893716,74583.53898189367,73483.6953125,73483.6953125,564550
2022-10-07,73483.7069933051,73483.7069933051,70115.4140625,70115.4140625,421080
2022-10-10,70115.4083234648,74995.99121848351,70115.4083234648,72865.03125,543370
2022-10-11,72865.02455036814,74995.98432291887,72177.62057456802,72933.765625,640697
2022-10-12,72246.36278990992,74102.35829323783,72246.36278990992,73552.4296875,214070
2022-10-13,72796.29552677633,74377.33373452317,72246.37360920329,74239.8515625,686588
2022-10-14,74308.58704201077,75752.13619830059,74239.84596118562,75477.171875,488907
2022-10-17,74171.0993972903,77814.34932962069,73689.91186708586,76645.7578125,378468
2022-10-18,77814.35269063953,77814.35269063953,76302.0625,76302.0625,565432
2022-10-19,76370.80705379104,77676.87406772232,74239.84705777359,74995.9921875,533536
2022-10-20,74927.24660647576,76302.0613902128,74377.32475529224,76233.3203125,208270
2022-10-21,76233.32039974653,77401.90518116376,73689.9140625,73689.9140625,590395
2022-10-24,73689.9140625,74858.50561443607,73208.73328847859,73689.9140625,634898
2022-10-25,73689.9140625,74927.24669222753,72590.06358835539,73689.9140625,463062
2022-10-26,73689.9228744073,74377.33373452317,73483.7063868922,74239.8515625,229198
2022-10-27,74858.51110930907,76439.54247352824,73621.17838875703,75614.65625,590773
2022-10-28,75683.3951185684,76302.06484600366,74927.25,74927.25,244705
2022-10-31,74927.24878409592,76370.8046875,74583.5433855428,76370.8046875,197050
2022-11-01,76577.02463920283,78020.58060826676,75064.73435782095,75614.65625,568962
2022-11-02,76027.10274702379,78020.58060826676,74721.02894363446,75614.65625,736386
2022-11-03,76851.98776453425,77126.9520915685,75614.65506339936,76577.0234375,204614
2022-11-04,76577.02004433151,76989.46651660716,74308.58475837222,76302.0625,415533
2022-11-07,76645.7567237798,78020.5714486023,76645.7567237798,77608.125,510465
2022-11-08,78295.54354993322,79051.6886772032,77608.13273376123,78639.2421875,481090
2022-11-09,78707.98094584463,80770.19979245037,78639.2398662565,80014.0546875,510339
2022-11-10,79120.43545104611,80289.02038157251,75614.66034790779,77951.84375,348210
2022-11-11,78089.32362139049,80082.80153191014,78089.32362139049,78295.546875,214448
2022-11-14,78158.06360393271,79739.09498494149,76164.58572152021,78226.8046875,441756
2022-11-15,78226.79578408162,78707.97654376742,74927.24445995003,76645.7578125,530763
2022-11-16,72521.32918646486,80426.4921875,72521.32918646486,80426.4921875,396748
2022-11-17,79464.12816109754,82488.71543174099,79464.12816109754,82282.4921875,557742
2022-11-18,81870.05155962659,82076.2748015756,76989.46868609593,78570.5,502522
2022-11-21,78570.50013191404,78707.98229344419,75958.35937439851,76508.28125,217095
2022-11-22,76370.80817868822,78982.94901554534,74995.99329214697,75064.734375,395992
2022-11-23,75339.69648606093,76783.24564239275,74239.84596334571,74377.328125,287065
2022-11-24,74927.24785749904,74927.24785749904,72177.62501463472,72727.546875,598211
2022-11-25,73552.4307720407,73896.13615569482,71490.21878167214,72040.140625,502775
2022-11-28,72040.13852268344,77058.203125,71490.21669540371,77058.203125,466718
2022-11-29,76989.46875,78295.5425129086,74858.50878912983,76989.46875,510843
2022-11-30,76989.46544152997,76989.46544152997,75614.65065699458,75752.1328125,356657
2022-12-01,76989.46662756665,76989.46662756665,72177.62496334374,73208.734375,648514
2022-12-02,73208.73539539533,77676.87172783745,73208.73539539533,76439.5390625,721131
2022-12-05,77676.87720576487,78089.32371347025,76095.84580059997,77814.359375,631116
2022-12-06,77676.87056950867,78020.57596323232,74927.24773127637,75270.953125,623426
2022-12-07,75270.94859845641,76645.75654963673,73414.953125,73414.953125,424736
2022-12-08,74308.5871794795,76233.32390510607,72865.03125,72865.03125,587369
2022-12-09,74171.10501757487,74583.54473276962,72865.03125,72865.03125,472391
2022-12-12,74239.84382435985,74514.80136922728,72177.625,72177.625,441504
2022-12-13,73483.69649789063,73896.1361879368,72246.36388671464,72590.0625,505422
2022-12-14,73277.47766752401,74239.84602944175,73208.73658663567,73896.140625,349849
2022-12-15,73552.4307665612,74239.84153381824,72590.06246292008,73071.25,636411
2022-12-16,73071.25110973032,74171.10158352625,72727.54572088196,73139.9921875,322870
2022-12-19,72865.03125211534,73414.95989974984,72315.109375,72315.109375,566693
2022-12-20,72177.62277846165,72521.32816211578,71215.25447474883,72040.140625,275215
2022-12-21,72865.02905602496,72865.02905602496,71146.515625,71146.515625,250126
2022-12-22,72177.62506185209,72177.62506185209,69565.484375,69565.484375,320222
2022-12-23,70459.11393655566,71352.74122105885,69771.703125,69771.703125,329678
2022-12-26,70184.15394798767,71902.66754201014,70184.15394798767,70527.859375,419063
2022-12-27,71421.48334477199,71490.22442693097,69977.92738995231,70871.5546875,195033
2022-12-28,71215.25898651505,71490.22331085843,70252.89062183241,70802.8125,279627
2022-12-29,71421.48671471246,71421.48671471246,70527.859375,70527.859375,123046
2022-12-30,70527.85501771122,70665.33040950318,69771.703125,69771.703125,178391
2023-01-02,69771.703125,69771.703125,69771.703125,69771.703125,0
2023-01-03,70115.40617564015,72177.625,70046.66509679356,72177.625,362835
2023-01-04,72521.33039423297,72521.33039423297,71490.22098205304,72177.625,283662
2023-01-05,72177.62605539132,73346.21764235174,71833.92065613266,73277.4765625,340520
2023-01-06,73208.7389758523,73483.70330837935,71902.66516686823,71971.40625,174987
2023-01-09,72383.85052314497,72590.06699568017,71490.22324042855,71833.921875,193520
2023-01-10,71833.92298042405,71902.6640625,70871.55460188,71902.6640625,323122
2023-01-11,72108.88285732716,72452.58824648941,71558.9610051864,71627.6953125,136283
2023-01-12,71627.69636922727,72315.10715769319,71627.69636922727,72177.625,298538
2023-01-13,71902.66295601812,72521.33268518122,71765.18079398188,71833.921875,243445
2023-01-16,72040.145189026,72040.145189026,70802.8125,70802.8125,308750
2023-01-17,70802.80914902945,71971.40070166225,70459.11053038604,71627.6953125,365987
2023-01-18,72108.88397337827,72658.80583403033,71627.69642110362,71696.4375,191377
2023-01-19,71971.40403703623,72108.88619907248,71146.51783533795,71833.921875,314927
2023-01-20,71833.921875,71833.921875,71833.921875,71833.921875,0
2023-01-23,71833.921875,71833.921875,71833.921875,71833.921875,0
2023-01-24,71833.921875,71833.921875,71833.921875,71833.921875,0
2023-01-25,71833.921875,71833.921875,71833.921875,71833.921875,0
2023-01-26,71833.921875,71833.921875,71833.921875,71833.921875,0
2023-01-27,72246.36816039671,75752.13620050468,72246.36816039671,74377.328125,674989
2023-01-30,74927.24893790351,74995.99001775523,73277.4765625,73277.4765625,337242
2023-01-31,73277.47323017711,73896.13615018972,72590.06246292008,73071.25,357666
2023-02-01,73483.6998020552,76027.09944501218,72865.0300833896,73277.4765625,923855
2023-02-02,73552.4296875,74239.8404446723,73139.99000371527,73552.4296875,370525
2023-02-03,73414.95989974984,73552.43529113932,72315.109375,72315.109375,326400
2023-02-06,72315.10937290062,73552.43528900402,71627.69856337746,72865.03125,305094
2023-02-07,73346.21430690282,74102.35938036683,72177.62277308457,73071.25,362330
2023-02-08,73071.25997195243,74239.85166524706,73002.51888584571,73758.6640625,344806
2023-02-09,74171.10377789322,74789.7667256047,73758.65729907287,74308.5859375,396622
2023-02-10,74308.58034711875,74308.58034711875,72933.765625,72933.765625,255169
2023-02-13,72933.77122231481,74102.36281022175,72383.84935357458,72796.2890625,253909
2023-02-14,73071.25003732572,73552.43080413272,72590.0625,72590.0625,136409
2023-02-15,72865.02680121028,73896.13618202126,72658.80357094432,73621.171875,229072
2023-02-16,73139.99987065849,74858.51345438782,73139.99987065849,74171.109375,329173
2023-02-17,73896.1372958744,74171.10160704025,73346.21544406151,73689.9140625,234872
2023-02-20,73758.65839647476,74927.25,73758.65839647476,74927.25,252270
2023-02-21,74583.54570567879,75270.95652416893,74446.0703125,74446.0703125,272567
2023-02-22,73896.13506608615,75614.6484179796,73483.6953823014,73552.4296875,303455
2023-02-23,73964.87952397058,73964.87952397058,72040.14285691366,72727.546875,220247
2023-02-24,72865.0289809416,73896.13839259786,72177.62496334374,73208.734375,160615
2023-02-27,73208.74012677213,73208.74012677213,70802.81572037557,71490.2265625,309128
2023-02-28,72177.62503771877,72452.58935324881,71077.77454611748,71146.515625,92662
2023-03-01,70940.29343989141,72796.28905619259,70940.29343989141,72246.3671875,142461
2023-03-02,72177.625,72727.54686025379,71902.66068461364,72177.625,145108
2023-03-03,72796.29023873454,72796.29023873454,70665.3302682111,71833.921875,232476
2023-03-06,72177.62728274934,72521.3326878526,71215.25891897935,71284.0,115860
2023-03-07,72108.88619907248,72521.33268518122,71421.48215941043,71833.921875,256808
2023-03-08,71352.73992548247,72796.2890625,71283.99884557506,72796.2890625,186334
2023-03-09,72383.8437763555,74171.09817520104,72383.8437763555,73414.953125,240293
2023-03-10,73071.24892799804,73758.65291465168,72521.32709277884,73552.4296875,289209
2023-03-13,73552.4340596627,74583.54348619453,72796.28895234443,74308.5859375,437469
2023-03-14,73071.25660931242,74239.84824883005,72521.33471628495,74033.625,233233
2023-03-15,74033.6172175206,74239.8404446723,73277.47215514972,73552.4296875,247479
2023-03-16,73552.4364912843,73552.4364912843,71627.6997341962,71902.6640625,350101
2023-03-17,72383.8505258113,73002.51348447803,71284.0,71284.0,285679
2023-03-20,71490.22331085843,71902.66302685432,70734.07141891416,70802.8125,238906
2023-03-21,70940.296875,71490.22554084058,70527.85714613895,70940.296875,141200
2023-03-22,71490.22219261664,71490.22219261664,70596.59492299786,70734.0703125,159228
2023-03-23,70459.1171875,70802.81583861672,70115.4117658638,70459.1171875,184947
2023-03-24,70527.85716649983,71215.26122847962,70184.15175025025,70390.375,316945
2023-03-27,70459.1194953943,70871.55924434777,70115.4140625,70115.4140625,128719
2023-03-28,70390.37271725066,71558.96432408261,70390.37271725066,71284.0,341402
2023-03-29,71283.99783539944,71283.99783539944,70527.85273765241,70665.328125,125189
2023-03-30,70802.81472898013,71421.48447822938,70390.375,70390.375,175114
2023-03-31,70390.37840881545,70940.30033092664,69977.93188934228,70115.4140625,311271
2023-04-03,71215.26234458017,71352.74451323466,70115.4117658638,70459.1171875,406077
2023-04-04,71146.52247245576,71146.52247245576,69977.93078950154,70046.671875,712180
2023-04-05,70734.075959465,70734.075959465,69977.93078950154,70046.671875,274710
2023-04-06,70596.5960988668,70596.5960988668,69702.96204384443,69771.703125,387167
2023-04-07,69702.95976229204,70046.66515681954,69428.002217189,69565.484375,182804
2023-04-10,69496.74108192777,69909.18077170149,68396.890625,68396.890625,589890
2023-04-11,68396.8950503479,69015.55801029595,68396.8950503479,68671.859375,302572
2023-04-12,68740.59257708986,69496.74445768895,68465.63502739108,68603.1171875,353127
2023-04-13,69359.26348104642,69359.26348104642,68534.37727683704,68740.59375,228694
2023-04-14,69221.777920641,69221.777920641,67434.5234375,67434.5234375,354514
2023-04-17,67503.27021153663,67778.22777563185,66747.12506186577,66815.859375,300555
2023-04-18,67022.07922816194,67228.30246866807,66472.15735733129,66540.8984375,277610
2023-04-19,67022.07470655435,67228.29793314775,65372.30243484432,65716.0078125,421584
2023-04-20,65990.9765625,67022.08610023592,65716.01898415158,65990.9765625,354136
2023-04-21,66540.89169178088,66540.89169178088,65441.041291100104,65578.5234375,522946
2023-04-24,65647.27134554664,65784.75350626046,63997.4921875,63997.4921875,710793
2023-04-25,64616.166496693295,64616.166496693295,63241.3515625,63241.3515625,405573
2023-04-26,62966.378348146616,64753.63954188756,62966.378348146616,64203.7109375,424232
2023-04-27,64341.19646262585,64753.64293754506,63378.828125,63378.828125,376955
2023-04-28,64134.97205648408,64134.97205648408,63447.56804799707,63791.2734375,203354
2023-05-01,63791.2734375,63791.2734375,63791.2734375,63791.2734375,0
2023-05-02,63791.2734375,63791.2734375,63791.2734375,63791.2734375,0
2023-05-03,63791.2734375,63791.2734375,63791.2734375,63791.2734375,0
2023-05-04,63310.09264773565,63791.28024438515,62966.38722155743,63241.3515625,257439
2023-05-05,63241.35045903621,63516.31479518109,62966.386122891345,63172.609375,211296
2023-05-08,63378.829234806944,63997.4921875,63378.829234806944,63997.4921875,332073
2023-05-09,64272.451984393214,65097.33812008817,64272.451984393214,64684.8984375,348715
2023-05-10,65028.602746108496,65028.602746108496,63791.276819339866,64066.234375,312028
2023-05-11,64272.45538347265,64478.67862093225,63378.828125,63378.828125,513491
2023-05-12,63241.34927376067,63791.2779357436,63241.34927376067,63585.0546875,331947
2023-05-15,63928.74998770664,64547.419700085455,63378.828125,63378.828125,499623
2023-05-16,63928.752218794216,64066.23438189869,63378.830336895524,63516.3125,319088
2023-05-17,63585.0558792173,63928.75452887894,63103.86829096378,63172.609375,366869
2023-05-18,63241.34597885476,64272.4553958321,63103.863820521925,63928.75,634016
2023-05-19,64066.22879847486,65647.26676586838,63997.487722913465,65234.8203125,1086236
2023-05-22,65647.27240170269,65716.01348316553,64616.16295027935,65097.34375,452724
2023-05-23,65234.825990743004,65234.825990743004,63997.49329345516,64066.234375,548917
2023-05-24,64066.234375,64066.234375,64066.234375,64066.234375,0
2023-05-25,63928.75213565099,65166.08483146284,63585.05349885601,65097.34375,770678
2023-05-26,65578.52907432747,65578.52907432747,64272.45534178278,64409.9375,540596
2023-05-29,64616.16184808055,64891.11939872256,64272.45644662917,64478.6796875,524081
2023-05-30,64478.678566336,64616.160724525995,63791.274545905006,63860.015625,739412
2023-05-31,63791.2734375,64066.230978583495,63791.2734375,63791.2734375,511095
2023-06-01,64272.46107051508,64272.46107051508,63241.3515625,63241.3515625,691000
2023-06-02,63447.57481820693,63791.28024438515,63241.3515625,63241.3515625,724661
2023-06-05,63653.795675974514,64616.1640625,63653.795675974514,64616.1640625,657591
2023-06-06,64959.858220100745,65853.48546228028,64822.38283481985,65372.3046875,1056105
2023-06-07,65441.046928854004,65647.27016622,64478.678591664975,64959.859375,890950
2023-06-08,65303.56363292312,65441.045788771975,64134.97207872672,64341.1953125,796775
2023-06-09,64341.196420891385,64684.90181643446,64066.23210445693,64409.9375,364095
2023-06-12,64891.1205118279,64891.1205118279,63860.01783082499,64547.421875,618004
2023-06-13,64822.38731043818,64891.12162256492,64341.199731915774,64616.1640625,733865
2023-06-14,64684.90293155081,65784.75344573021,64684.90293155081,65028.6015625,958273
2023-06-15,65234.830184138125,67228.30813604378,65097.34801221089,66403.421875,1637801
2023-06-16,66815.85034819796,66953.33249693149,65647.265625,65647.265625,743572
2023-06-19,65784.75227032715,66609.63844859335,65441.046875,65441.046875,804213
2023-06-20,65441.05235533194,66334.6796875,65166.08801604345,66334.6796875,640697
2023-06-21,66334.67978193992,66334.67978193992,65509.7935334196,65853.4921875,609558
2023-06-22,65853.4921875,65853.4921875,65853.4921875,65853.4921875,0
2023-06-23,66197.19197420077,66197.19197420077,65303.56471686914,65441.046875,792110
2023-06-26,65441.054635283406,66197.19982415115,65372.31354806636,65990.9765625,1188102
2023-06-27,66472.15964262807,66678.38289022412,65990.97206490395,66197.1953125,643723
2023-06-28,66609.63276498084,66609.63276498084,65578.5234375,65578.5234375,961299
2023-06-29,65647.2712851429,65853.48775550477,65028.6015625,65028.6015625,895237
2023-06-30,65028.60049614376,65303.56481280944,63928.75,63928.75,859054
2023-07-03,64478.68189720789,64959.86270521097,64341.199731915774,64616.1640625,480208
2023-07-04,64891.11714220087,65578.52792119962,64684.900679020095,65372.3046875,628342
2023-07-05,65509.78682074322,65509.78682074322,64822.3828125,64822.3828125,517399
2023-07-06,65303.56471686914,66334.67413233162,65097.34147967285,65441.046875,1732607
2023-07-07,65784.76007136864,66403.42308580228,65509.79572250045,65990.9765625,847834
2023-07-10,66334.67410514638,67090.81920403727,66265.93302610912,67022.078125,1419444
2023-07-11,67228.30587692198,67365.7880442293,66678.38397821209,66815.859375,907214
2023-07-12,67090.82485002381,67090.82485002381,66128.45643303363,66334.6796875,716719
2023-07-13,66678.3827095854,68465.63730953737,66403.41838020225,68259.4140625,1725043
2023-07-14,68396.89289498406,69084.29691443325,67709.48887553488,68053.1875,876452
2023-07-17,68121.92857899681,68190.66965799363,67434.52455954763,68053.1875,648136
2023-07-18,68053.1885470643,69015.55689730772,67709.48991731105,68603.1171875,935832
2023-07-19,68946.81363224478,68946.81363224478,67984.4453125,67984.4453125,663138
2023-07-20,67846.96875,68190.67416771468,67022.08251800417,67846.96875,709281
2023-07-21,67846.96090831464,68328.1484375,67434.5212252458,68328.1484375,671459
2023-07-24,68534.37840529157,68671.86057001006,67640.75110514076,67709.4921875,679654
2023-07-25,67915.703125,68465.63173902291,67709.48666526013,67915.703125,521055
2023-07-26,67915.70532837918,67915.70532837918,67503.265625,67503.265625,491932
2023-07-27,67709.48886194907,67915.70532837918,67434.52454601698,67503.265625,590269
2023-07-28,67365.78124478762,68465.6317017154,67365.78124478762,68396.890625,677384
2023-07-31,68809.33584935185,70527.85613494496,68809.33584935185,69840.4453125,1500130
2023-08-01,70321.63177802907,70321.63177802907,69221.78125,69221.78125,767652
2023-08-02,69428.00115462067,69840.44085122248,68671.85606875163,69015.5546875,416667
2023-08-03,69015.55466462644,69084.2957424571,68465.6328125,68465.6328125,568584
2023-08-04,68465.63173328897,69359.25896048265,68328.14957979477,68946.8125,686840
2023-08-07,69634.22211493742,69634.22211493742,68671.85382692506,69359.2578125,442764
2023-08-08,69359.2611382835,69702.95976229204,69153.037901567,69565.484375,667803
2023-08-09,69702.95753632225,69702.95753632225,69153.03569315902,69428.0,468357
2023-08-10,70046.67297592114,71284.00576382094,69771.7086296057,70115.4140625,973149
2023-08-11,69977.9263684667,70115.40853077783,69221.78124627464,69771.703125,433939
2023-08-14,69840.4430925761,70046.66633275464,69084.29798244049,69153.0390625,692513
2023-08-15,69221.77792106033,69221.77792106033,68809.33145393968,69015.5546875,411499
2023-08-16,69015.55246377713,69702.95644964413,68740.58816122287,68878.0703125,508574
2023-08-17,68740.59375,69428.00456227381,68465.63619560965,68740.59375,524963
2023-08-18,68671.85838595963,68671.85838595963,67090.8203125,67090.8203125,1141203
2023-08-21,67778.22428692304,68328.15292784618,67434.52565686515,68121.9296875,569467
2023-08-22,68396.89065654187,69428.00003722975,68053.18527280634,68946.8125,754288
2023-08-23,68946.82127754424,70184.15404599693,68946.82127754424,70046.671875,913139
2023-08-24,70459.11608324992,70459.11608324992,70046.66958375042,70390.375,697682
2023-08-25,70390.3717381449,70390.3717381449,69428.00338776111,69702.9609375,680284
2023-08-28,70321.63389644874,71352.74337438043,69977.92848029837,70940.296875,866745
2023-08-29,71937.4522510544,71937.4522510544,70797.84806077667,71153.9765625,684697
2023-08-30,71225.19003821022,71225.19003821022,70370.48871182385,70726.6171875,537823
2023-08-31,70726.61894080637,70869.07033460819,70228.0390625,70228.0390625,723275
2023-09-01,70228.0390625,70228.0390625,70228.0390625,70228.0390625,0
2023-09-04,70228.0390625,70228.0390625,70228.0390625,70228.0390625,0
2023-09-05,71367.6440462501,71367.6440462501,70299.26559526986,70940.296875,530258
2023-09-06,71153.98088079762,72507.25523900194,71011.52947146299,72293.578125,690748
2023-09-07,72222.34807205132,73504.40366363712,71652.54948425591,73290.7265625,1149650
2023-09-08,73290.72915505266,73575.63196664683,72792.15625,72792.15625,692009
2023-09-11,73718.07635321276,73718.07635321276,72008.6736768866,72222.34375,468735
2023-09-12,72792.15275261787,73789.305530051,72008.67707361403,73148.28125,742311
2023-09-13,73433.17625004043,75712.38457852126,73148.28047040789,75213.8046875,1634271
2023-09-14,75213.80034657373,76851.98430728845,74430.32472113782,75498.703125,697052
2023-09-15,76210.9591205969,78134.0460127746,75569.93483336226,78062.8203125,999750
2023-09-18,78276.49305902568,79701.00009770592,76923.21873827846,77635.46875,591908
2023-09-19,77635.46099690754,79059.9678933289,76638.30827398352,78347.7109375,509456
2023-09-20,78347.71876172155,78347.71876172155,77208.11453382479,77635.46875,540092
2023-09-21,77350.561579332,77635.46437405686,75854.8359375,75854.8359375,975923
2023-09-22,76837.73618196319,77777.91113942185,75897.56823974087,77692.4375,767778
2023-09-25,77692.44127844535,78632.61628162788,76068.51220281642,76495.859375,533389
2023-09-26,76495.8577438468,77094.15219043012,75897.5703125,75897.5703125,463944
2023-09-27,76068.51270664483,76495.85988165888,73504.4015956137,75983.0390625,599367
2023-09-28,76752.27675569266,78205.265625,75983.04198970165,78205.265625,970754
2023-09-29,78376.20836374312,78376.20836374312,76495.85838179216,77521.5,626682
2023-10-02,77350.56354377318,77350.56354377318,75983.04131874227,76324.921875,303728
2023-10-03,75897.56933350305,75897.56933350305,73504.3985932756,73760.8125,573627
2023-10-04,73504.40120965539,73931.75539766219,73333.4609375,73333.4609375,634142
2023-10-05,73247.99302633255,73333.45965329523,71965.9375,71965.9375,619748
2023-10-06,71880.46385780077,71965.9375,70940.29588502858,71965.9375,368130
2023-10-09,73931.75992880255,74615.52105933054,73077.05851564257,74017.2265625,540848
2023-10-10,74530.04233395519,75384.7507041358,72991.57989505601,73846.28125,1035996
2023-10-11,74359.10766938551,74786.46188669685,73077.05904792582,73504.40625,692030
2023-10-12,73846.28681775421,73846.28681775421,72649.70483061449,73504.40625,672278
2023-10-13,72735.1734925745,73504.40120965539,72136.87903241231,73333.4609375,453649
2023-10-16,73931.75228259416,75128.33413726462,73931.75228259416,74273.6328125,918749
2023-10-17,74102.69618265638,74273.63645599478,72820.640625,72820.640625,477392
2023-10-18,72649.69959047374,72735.17323386575,69658.24133077636,70940.296875,832915
2023-10-19,70940.30004311608,71367.64723345103,70000.125,70000.125,671123
2023-10-20,70256.54076917483,71111.2421875,68376.1906336223,71111.2421875,853822
2023-10-23,71196.69695237595,71196.69695237595,68718.05974483275,68889.0,491050
2023-10-24,69230.8808537488,69487.29474538959,68376.17957367282,69401.828125,366029
2023-10-25,69230.89115686486,69572.77873501185,68718.0703125,68718.0703125,346067
2023-10-26,66495.84400994662,68376.18703119537,64530.02734375,64530.02734375,1127188
2023-10-27,65384.73119611045,67094.14102274936,64615.503438598134,66324.90625,396916
2023-10-30,66324.9045082558,66410.37815419982,65384.72947905599,65470.203125,269583
2023-10-31,65470.203125,65897.55030900947,64957.38229504652,65470.203125,373173
2023-11-01,66239.43019982455,66239.43019982455,65213.78855017544,65726.609375,311607
2023-11-02,66068.48585546187,67692.421875,65726.60532663662,67692.421875,467201
2023-11-03,67863.36784806967,68119.7817738763,66923.1998223316,67606.9609375,478338
2023-11-06,67606.95801832389,67606.95801832389,66666.78301794434,67521.484375,436209
2023-11-07,67521.48715344515,68718.06910256129,67094.13996495072,67350.546875,325475
2023-11-08,67094.13893888601,68376.1875,66666.78474169013,68376.1875,529817
2023-11-09,68376.1875,68718.06805166198,67521.48612084506,68376.1875,659881
2023-11-10,67521.48502697419,68376.18639228267,67094.1378519383,67265.078125,552300
2023-11-13,67521.484375,67948.83856114614,67179.60383217773,67521.484375,321798
2023-11-14,67777.9012162921,68119.7817738763,67094.1401011237,67606.9609375,468042
2023-11-15,68034.30208336322,68974.47704082234,68034.30208336322,68461.65625,865484
2023-11-16,68290.72086970293,68376.1875,67521.48612084506,68376.1875,684991
2023-11-17,68034.30584615927,68119.77949030849,66923.1975788766,67265.078125,818207
2023-11-20,66410.38226331593,67436.02398668407,66324.90861208327,66923.203125,601573
2023-11-21,67350.54410358887,67606.95801832389,66923.19693267936,67521.484375,398492
2023-11-22,67521.484375,67777.89828973502,67008.6635607666,67521.484375,505968
2023-11-23,67606.96241157014,67692.42904521119,65812.0859375,65812.0859375,642441
2023-11-24,65897.54914026122,66324.90333192807,64957.38114297294,66239.4296875,656519
2023-11-27,66410.37534500967,66410.37534500967,65384.72671325126,65641.140625,424547
2023-11-28,65384.73172358345,65812.0859375,64786.4442423848,65812.0859375,552930
2023-11-29,65555.66103339237,66666.7761914072,65470.194414056736,66495.8359375,626262
2023-11-30,66581.31943865713,66923.1999971343,65384.73046875,65384.73046875,489264
2023-12-01,65812.08829463564,66581.32310114162,65470.207717352394,66410.3828125,517630
2023-12-04,66495.8427465332,67606.95801832389,66410.37611844597,67521.484375,823145
2023-12-05,67521.484375,68290.71910396841,67265.07747550162,67521.484375,694971
2023-12-06,67521.4888688482,68205.25,67436.02223507279,68205.25,504393
2023-12-07,67863.36095306449,67948.83459139479,66239.42496191507,66581.3125,900049
2023-12-08,66752.260460469,67265.08130388956,66239.43260181138,66324.90625,929255
2023-12-11,67179.61004822339,67179.61004822339,66495.84889931128,66923.203125,729641
2023-12-12,66923.20021000966,67008.66684228233,66581.31965044499,66837.7265625,494937
2023-12-13,66837.72466973827,66837.72466973827,65641.14274514763,65726.609375,1176461
2023-12-14,65726.609375,66410.37749000287,65555.66910005848,65726.609375,423601
2023-12-15,65726.6105559395,65726.6105559395,64957.3828125,64957.3828125,847413
2023-12-18,64957.381538015834,65042.84816772693,64530.02734375,64530.02734375,646434
2023-12-19,64102.68359375,64444.56416135609,63418.922458537825,64102.68359375,931356
2023-12-20,64530.024078897346,64530.024078897346,63931.73665547926,64273.6171875,602729
2023-12-21,64102.679542116406,64188.146170997396,63589.858723120306,63846.265625,764626
2023-12-22,64017.2058979987,64273.619815115104,63504.3850790026,63846.265625,647799
2023-12-25,63846.26795560266,65555.6707479886,63846.26795560266,65384.73046875,1109748
2023-12-26,65555.66862167278,65555.66862167278,64700.96725320229,65299.26171875,793203
2023-12-27,65299.25879689084,65555.66568834052,65042.84489020474,65213.78515625,742143
2023-12-28,65299.26336852576,65299.26336852576,64615.50225647425,64957.3828125,806020
2023-12-29,65128.32181267481,65213.78844238591,64530.02734375,64530.02734375,1087371
2024-01-01,64530.02734375,64530.02734375,64530.02734375,64530.02734375,0
2024-01-02,64786.4363554594,65213.78350211476,64530.02245527718,64615.49609375,728486
2024-01-03,64530.028609849345,64957.3828125,64444.56197846137,64957.3828125,598106
2024-01-04,64957.37665379787,66153.95848643838,64957.37665379787,65555.6640625,1583989
2024-01-05,65812.08316218939,66153.96371281061,65812.08316218939,65983.0234375,1131601
2024-01-08,66068.48779093249,66495.84197210154,65384.72671325126,65641.140625,1074658
2024-01-09,65641.1409741007,65812.08124443013,64871.90625,64871.90625,936609
2024-01-10,65128.32181267481,65299.26208733379,64530.02734375,64530.02734375,1079386
2024-01-11,64700.968887862226,65042.84944388798,64530.028609849345,64957.3828125,518996
2024-01-12,65042.84587440934,65042.84587440934,64102.677904552336,64188.14453125,850880
2024-01-15,64530.02457642169,64871.90511107832,64530.02457642169,64700.96484375,463419
2024-01-16,64530.02245527718,64700.96271698658,64102.675308621816,64615.49609375,480229
2024-01-17,64957.378251541486,64957.378251541486,64188.14354687661,64273.6171875,873784
2024-01-18,64273.619309291615,64615.49985259847,64273.619309291615,64359.0859375,434002
2024-01-19,64530.02249166528,65555.6640625,64444.555868380514,65555.6640625,1055012
2024-01-22,65726.60595438578,65726.60595438578,65128.31853084558,65213.78515625,507124
2024-01-23,65299.26549548983,65555.67241324252,64957.38492832815,65042.8515625,801607
2024-01-24,65042.848311185604,65299.26223135801,64700.9677611136,64786.44140625,503867
2024-01-25,64786.44140625,64786.44140625,64786.44140625,64786.44140625,0
2024-01-26,64957.378251541486,65384.7254089492,64273.6171875,64273.6171875,765887
2024-01-29,64359.08781914903,65555.66975570715,64359.08781914903,65470.203125,971384
2024-01-30,65042.84780059048,65470.201992444105,65042.84780059048,65299.26171875,529817
2024-01-31,65384.73052906099,65384.73052906099,64444.5625,64444.5625,625842
2024-02-01,64530.02734375,64700.96761840898,64359.08706909102,64530.02734375,540743
2024-02-02,64530.02734375,64530.02734375,64530.02734375,64530.02734375,0
2024-02-05,64273.6171875,64786.43798553111,64188.14354687661,64273.6171875,671123
2024-02-06,64530.02457642169,64871.90511107832,64444.55795037577,64700.96484375,837223
2024-02-07,64700.96484375,64786.4384850324,64530.02457642169,64700.96484375,498299
2024-02-08,64700.96484375,64700.96484375,64700.96484375,64700.96484375,0
2024-02-09,64700.96484375,64700.96484375,64700.96484375,64700.96484375,0
2024-02-12,64700.96484375,64700.96484375,64700.96484375,64700.96484375,0
2024-02-13,64700.96484375,64700.96484375,64700.96484375,64700.96484375,0
2024-02-14,64700.96484375,64700.96484375,64700.96484375,64700.96484375,0
2024-02-15,64786.4384850324,64957.37875236072,64700.96484375,64700.96484375,577514
2024-02-16,64700.968372451345,65812.08367830233,64700.968372451345,65470.203125,1064783
2024-02-19,65897.54843264149,67948.83870928381,65812.08180436792,67777.8984375,2493073
2024-02-20,67948.83626547965,68119.77653111552,66837.72103122824,67179.6015625,1058269
2024-02-21,67179.61060376863,67179.61060376863,66239.43550862101,66410.3828125,1168162
2024-02-22,66666.77912309406,67265.07354569739,66239.42496191507,66581.3125,1090102
2024-02-23,66752.25755276822,66923.19782646232,65299.26171875,65299.26171875,2054028
2024-02-26,65384.723289335256,65641.13718765671,64786.435885312196,65128.31640625,1150196
2024-02-27,65384.73119611045,66495.8465311402,65128.32428201869,66324.90625,1212707
2024-02-28,66666.78125,67692.42285126768,66410.3743573013,66666.78125,1650072
2024-02-29,67094.13591988425,67094.13591988425,65983.02066936072,66153.9609375,1319343
2024-03-01,66495.8465311402,66495.8465311402,66068.4923206712,66324.90625,1041144
2024-03-04,66495.8359375,67094.13033379319,66410.36931816436,66495.8359375,1195267
2024-03-05,66666.78301794434,67692.42464641112,66495.8427465332,67521.484375,2174321
2024-03-06,67863.36181975577,69743.71173467401,67863.36181975577,68461.65625,2404823
2024-03-07,68547.13003104505,68974.48424230097,68034.30918668017,68718.0703125,1310203
2024-03-08,69230.88441596259,69743.71222563129,67948.8359375,67948.8359375,2212353
2024-03-11,67948.83160332925,67948.83160332925,66495.8359375,66495.8359375,1552786
2024-03-12,66495.8388616697,67094.13328427305,66410.37223857566,66581.3125,1234034
2024-03-13,67008.6635607666,67692.42464641112,66666.78301794434,67521.484375,1293183
2024-03-14,68119.78231169737,69572.77820052042,67863.36838386631,69230.890625,4031152
2024-03-15,69487.29867163085,70854.8207970215,68974.47787460937,70342.0,2520284
2024-03-18,70342.00133115986,70854.82213788603,68290.71810425518,68547.125,2620406
2024-03-19,69230.88954598516,69230.88954598516,68119.78125,68119.78125,998490
2024-03-20,68376.18922429145,69401.83792037872,68034.30866400801,69230.890625,1536292
2024-03-21,70000.1253932562,70000.1253932562,68803.54343226422,69230.890625,986198
2024-03-22,69230.88622809463,69658.24040892583,68718.06542023915,68803.5390625,1297491
2024-03-25,68803.543960846,69572.77873501185,68461.66339793609,68718.0703125,1022128
2024-03-26,68803.53630007799,69145.41682492202,68376.18213640481,68974.4765625,626682
2024-03-27,69401.8363129397,69829.18349577754,68461.6612863175,68632.6015625,890173
2024-03-28,68718.06819297283,68974.48211486501,68290.72101013498,68632.6015625,814004
2024-03-29,68889.00553781744,69401.83335978015,68547.125,68547.125,647589
2024-04-01,68547.11948966549,68974.47363520162,68205.23897933097,68889.0,785533
2024-04-02,68718.06888684181,70598.41895907273,68290.7216996889,70512.9453125,1830355
2024-04-03,70512.94370139154,71282.17844202268,69914.65625,69914.65625,1850842
2024-04-04,70085.59637924276,70427.4769265423,69316.36164020047,69658.2421875,789946
2024-04-05,69230.88850483498,71111.23854404592,68718.06768011475,69145.421875,1454345
2024-04-08,69230.89169672769,69230.89169672769,68205.25,68205.25,709890
2024-04-09,68376.18537764424,68803.53956157531,67948.83820894979,68290.71875,655154
2024-04-10,68290.71630806237,68803.53710130026,67692.421875,67692.421875,670177
2024-04-11,67436.02052184104,67777.90107873137,67179.60659655483,67350.546875,678162
2024-04-12,67521.48677121037,68205.24788112029,67350.5464937329,68119.78125,378216
2024-04-15,68290.72174136959,68889.00920679621,63418.92031038409,64957.3828125,1151982
2024-04-16,65128.32309051288,65726.6105559395,64102.681422435606,64957.3828125,1172469
2024-04-17,65128.31951634354,65384.72641167307,64188.14453125,64188.14453125,682995
2024-04-18,64188.14453125,64188.14453125,64188.14453125,64188.14453125,0
2024-04-19,64188.150228032944,65128.32529656826,63846.26966042686,64102.68359375,928835
2024-04-22,64273.623877553044,64615.50444515913,64017.2099442299,64102.68359375,861492
2024-04-23,64530.0262271895,64530.0262271895,63247.97068181214,63418.91796875,498509
2024-04-24,64102.67740962412,64102.67740962412,63504.38296641367,63760.796875,895426
2024-04-25,63760.79656467673,64017.203456778654,63247.96875,63247.96875,828398
2024-04-26,63162.5016240018,63418.91552930884,62820.62109375,62820.62109375,813164
2024-04-29,62820.62109375,62820.62109375,62820.62109375,62820.62109375,0
2024-04-30,62820.62109375,62820.62109375,62820.62109375,62820.62109375,0
2024-05-01,62820.62109375,62820.62109375,62820.62109375,62820.62109375,0
2024-05-02,62393.26531909343,63504.38052146154,62393.26531909343,63162.5,727015
2024-05-03,63333.444325281074,63760.79851215241,63162.50405357987,63418.91796875,540743
2024-05-06,63675.32436809568,64273.618821964694,63675.32436809568,63931.73828125,935349
2024-05-07,64444.55746666453,65213.78515625,63846.2630278879,65213.78515625,1572222
2024-05-08,65299.25959680363,66324.90120563927,64273.617987968006,66153.9609375,1453084
2024-05-09,66239.43354756589,66239.43354756589,65042.8515625,65042.8515625,811483
2024-05-10,65213.78844238591,65641.14263665174,64017.20651977307,64530.02734375,683835
2024-05-13,64871.904610918085,65042.84487692846,64102.676921489634,64273.6171875,662613
2024-05-14,64530.024078897346,64871.904610918085,64017.20328086623,64273.6171875,825036
2024-05-15,64273.62043937993,64786.44126335686,64017.20651977307,64530.02734375,927994
2024-05-16,64957.379892783014,65384.72706098826,64871.90625,64871.90625,1173205
2024-05-17,65128.31901968903,65128.31901968903,64530.02457642169,64700.96484375,1013934
2024-05-20,65042.84944388798,65641.14392455152,64957.3828125,64957.3828125,1166796
2024-05-21,65128.31691560366,66324.89874824417,64957.37665379787,65555.6640625,1782658
2024-05-22,66068.49058566063,66068.49058566063,65384.72947905599,65470.203125,874414
2024-05-23,65470.20077871748,68290.71875,65299.26050819238,68290.71875,4191368
2024-05-24,68803.5399182018,69658.24127525746,66495.8427465332,67521.484375,2702983
2024-05-27,67521.4878235829,69487.30455283106,66752.26007056369,69230.890625,2241875
2024-05-28,70085.59864720918,70427.47920557193,69230.89023606532,70000.125,2345674
2024-05-29,70940.30018055018,72222.34876927578,69316.3640175625,70256.5390625,3878710
2024-05-30,70000.12833681957,70342.00891147935,68461.66575085055,69316.3671875,2474583
2024-05-31,69658.23809525212,69829.17835885957,68461.65625,68461.65625,1501832
2024-06-03,68461.65625,68461.65625,68461.65625,68461.65625,0
2024-06-04,68718.06477712921,70000.1202923879,68632.59815090477,69059.9453125,1591974
2024-06-05,69145.41389036887,70256.52905657403,68889.0,68889.0,1871328
2024-06-06,69658.24321959504,69658.24321959504,68547.12791679033,68632.6015625,1109643
2024-06-07,68803.5418386825,69230.88902152034,68632.6015625,68632.6015625,918224
2024-06-10,69059.94874533784,69230.88902152034,68632.6015625,68632.6015625,1172259
2024-06-11,68974.48211486501,69743.71686530471,68632.6015625,68632.6015625,2513770
2024-06-12,68803.543960846,69230.89115686486,68461.66339793609,68718.0703125,1404337
2024-06-13,69230.88607563489,69230.88607563489,68547.125,68547.125,1474622
2024-06-14,68547.12600346678,68889.00654628905,67521.484375,67521.484375,2392426
2024-06-17,67521.48821798131,67777.90214731012,66324.90625,66324.90625,1314825
2024-06-18,66666.78125,67521.48258438973,66666.78125,66666.78125,985672
2024-06-19,66837.7265625,67350.547401847,66581.31965044499,66837.7265625,1044401
2024-06-20,67265.07569169105,67436.01595856898,66666.78125,66666.78125,873573
2024-06-21,66837.71938451841,67521.48043021579,66581.3125,66581.3125,1106596
2024-06-24,66581.31943865713,67008.66662913511,65299.26383674919,65384.73046875,1813965
2024-06-25,65470.19906293611,65983.0198610719,65213.78515625,65213.78515625,1069510
2024-06-26,65384.73046875,65726.61102722719,65042.84991027282,65384.73046875,1191170
2024-06-27,65470.204115987784,66495.84579141934,65384.73046875,65384.73046875,1061106
2024-06-28,65470.203125,65983.02395495349,65384.72947905599,65470.203125,693606
2024-07-01,65555.67435405453,66410.3828125,65470.207717352394,66410.3828125,832180
2024-07-02,66666.78628271766,66923.20021000966,66324.90572315299,66837.7265625,920745
2024-07-03,67094.140489792,67094.140489792,66666.78628271766,66837.7265625,673119
2024-07-04,67008.66684228233,68119.78216848601,66837.7265625,66837.7265625,1224684
2024-07-05,67094.13493730026,67777.89599984378,67008.66129686413,67179.6015625,790156
2024-07-08,67265.078125,67606.95867112339,67094.1378519383,67265.078125,833440
2024-07-09,67521.484375,67521.484375,67008.6635607666,67521.484375,1613091
2024-07-10,67692.42021566024,68119.77437383428,67094.1328125,67094.1328125,1178142
2024-07-11,67179.60712206467,67436.02104935667,66837.7265625,66837.7265625,764836
2024-07-12,67265.07569169105,68290.71729295871,66410.3743573013,66666.78125,1295074
2024-07-15,67521.49062267943,67863.37119713548,66923.203125,66923.203125,1269755
2024-07-16,67521.49062267943,67606.96427391209,66923.203125,66923.203125,953734
2024-07-17,67350.54231751178,67350.54231751178,65897.54654143102,66666.78125,1652593
2024-07-18,66752.2578125,67179.60499077968,66495.84389334278,66752.2578125,1189174
2024-07-19,66752.24982597878,67008.65669922162,66410.36931816436,66495.8359375,696862
2024-07-22,66495.8470675768,66495.8470675768,65470.2053724616,65812.0859375,1200625
2024-07-23,65897.54752151218,66068.48779093249,65641.140625,65641.140625,690034
2024-07-24,65555.67200610264,66153.9665025384,65213.79144106425,65812.0859375,1057113
2024-07-25,65726.60725209187,65812.08089442032,65299.26008615939,65641.140625,515424
2024-07-26,65470.20261156817,65983.0234375,65384.72896629446,65983.0234375,573417
2024-07-29,66239.43313617945,66239.43313617945,65812.0859375,65812.0859375,380527
2024-07-30,65812.08316218939,65983.0234375,65641.14288687878,65983.0234375,663558
2024-07-31,66153.9618608179,68803.53956157531,66153.9618608179,68290.71875,3349943
2024-08-01,68461.66515251553,69316.36658169515,67265.08315166408,67436.0234375,1494898
2024-08-02,66752.2622941563,67436.0234375,66495.8483577838,67436.0234375,1466217
2024-08-05,66666.78607065794,67094.1402763729,65299.26383674919,65384.73046875,2207625
2024-08-06,65641.1372311626,66666.7787946558,65384.7233326712,66068.484375,933668
2024-08-07,66324.90469334622,67948.84083368254,66324.90469334622,67863.3671875,1924909
2024-08-08,67863.37070355672,70427.48200856526,67436.02349621346,69829.1875,4129908
2024-08-09,70085.59931160371,70256.53959240556,69145.42425957501,69743.71875,1306841
2024-08-12,69743.71756953,71196.70642413419,69401.83701371291,70512.9453125,1985108
2024-08-13,70342.00328209905,70342.00328209905,69316.36164020047,69658.2421875,1819534
2024-08-14,70000.12010876327,71196.70197942214,69914.65348276302,70085.59375,2415119
2024-08-15,70085.58914906076,70683.87653749592,69401.828125,69401.828125,1311148
2024-08-16,69743.71273223773,71025.76122001292,69230.88491884395,70598.4140625,2430142
2024-08-19,70683.88134130645,72393.2910328691,70598.41471510839,72222.34375,3173967
2024-08-20,72820.63819433241,73589.87290629743,72222.34375,72222.34375,3057246
2024-08-21,72222.34891772176,73077.05733227824,72136.88228540831,72649.703125,2280642
2024-08-22,72906.11183576696,72991.57846196502,72051.40348236739,72222.34375,1365990
2024-08-23,72393.2890625,72991.57647531197,72307.81542339183,72393.2890625,936504
2024-08-26,72820.63884580952,72906.11248800874,71709.52358863887,71965.9375,1277004
2024-08-27,72222.34194176387,72222.34194176387,70940.29347423623,71367.640625,1886142
2024-08-28,71196.70828643184,71965.94306475969,71196.70828643184,71624.0625,888282
2024-08-29,71624.05239150919,71880.45927127304,71282.171875,71282.171875,953629
2024-08-30,71538.58366497493,71794.99757757442,71196.703125,71196.703125,1006579
2024-09-02,71196.703125,71196.703125,71196.703125,71196.703125,0
2024-09-03,71196.703125,71196.703125,71196.703125,71196.703125,0
2024-09-04,70940.30346420633,72136.88547618105,70854.82981287519,71709.53125,1447306
2024-09-05,72136.87811754935,72478.75865752429,71196.703125,71196.703125,945855
2024-09-06,72222.34146193416,72222.34146193416,71624.05405179251,71880.4609375,922321
2024-09-09,71624.05437147168,72991.57647531197,71538.58073236351,72393.2890625,2067790
2024-09-10,72307.81510066084,72820.63588731208,71367.64015084875,71880.4609375,2001918
2024-09-11,71794.99772819215,71794.99772819215,70940.29637646176,71453.1171875,1565604
2024-09-12,71624.05745784608,71965.93799853823,71282.17691715392,71453.1171875,1848005
2024-09-13,71584.0646384589,71584.0646384589,69796.81841706173,69890.8828125,2155996
2024-09-16,69608.68987389219,69608.68987389219,68291.765625,68291.765625,1919096
2024-09-17,68291.76373183462,68856.15766018338,68009.562982982,68385.828125,787023
2024-09-18,68950.22253765217,69138.35889466088,68573.95739299129,68762.09375,800928
2024-09-19,68856.16026904133,69044.2890625,68573.95950949652,69044.2890625,1010018
2024-09-20,69232.42328848696,69420.55207613912,68668.02935617391,68762.09375,1028455
2024-09-23,68762.09564642032,68950.22443926097,68573.95928422292,68668.03125,568869
2024-09-24,68668.03381857091,69514.62098737773,68668.03381857091,69326.4921875,878693
2024-09-25,69608.69105158575,69608.69105158575,69138.36149540663,69420.5546875,684950
2024-09-26,69420.55114551337,70173.08142474698,69420.55114551337,69608.6875,1143094
2024-09-27,69796.81770571377,69890.88210019335,69138.359375,69138.359375,552080
2024-09-30,69138.36483759194,69232.42923950353,68668.03525867683,68856.1640625,666307
2024-10-01,68950.22443926097,69326.48959429904,68668.03125,68668.03125,1063269
2024-10-02,68950.22610160959,69608.6920311406,68573.9609375,68573.9609375,1085311
2024-10-03,69044.29027984734,69044.29027984734,68197.703125,68197.703125,817099
2024-10-04,68479.89699655838,69326.4917291247,68197.7037986076,68950.2265625,893937
2024-10-07,69138.36246834285,69326.49126571917,68291.76774143551,68573.9609375,598121
2024-10-08,69044.28836054074,69044.28836054074,68291.765625,68291.765625,657037
2024-10-09,68291.76373183462,68573.95691133075,68009.562982982,68385.828125,563616
2024-10-10,68856.16216318308,69232.42732980778,68197.7037986076,68950.2265625,1077586
2024-10-11,69138.36483759194,69326.4936414151,68856.1640625,68856.1640625,621605
2024-10-14,69232.42686703101,69232.42686703101,68385.83214012368,68573.9609375,541986
2024-10-15,68385.828125,68668.02887385263,68103.63494550387,68385.828125,614189
2024-10-16,68291.76897165299,68385.83337203563,67727.375,67727.375,781152
2024-10-17,67727.37645638413,68009.56966360025,66974.84609842663,67257.046875,761685
2024-10-18,67351.10747790111,68009.56582695013,67351.10747790111,67445.171875,332175
2024-10-21,67445.171875,67445.171875,67068.91428660446,67445.171875,483791
2024-10-22,67445.17331489234,67633.30968246346,66974.84375,66974.84375,561865
2024-10-23,66974.84162587137,66974.84162587137,66504.51207589569,66692.6484375,687010
2024-10-24,66692.64654404676,66974.83972440647,66692.64654404676,66786.7109375,425802
2024-10-25,66786.7128336238,67162.9779874757,66692.6484375,66692.6484375,332175
2024-10-28,66692.65199664448,66786.71639778813,66504.515625,66504.515625,320639
2024-10-29,66504.51396934116,66880.77913390567,66504.51396934116,66598.5859375,362560
2024-10-30,66692.64606016876,67068.91120060827,66410.4453125,66410.4453125,327952
2024-10-31,66786.71235913421,66786.71235913421,66316.3828125,66316.3828125,638806
2024-11-01,66316.38043309796,66504.509217259,65846.05090333897,66034.1796875,440119
2024-11-04,66222.32175786163,66222.32175786163,65751.9921875,65751.9921875,475551
2024-11-05,65751.98982230865,65846.05421912593,65281.66026886543,65469.7890625,558260
2024-11-06,65846.05279272041,66880.77627400919,65751.9883979408,65940.1171875,516545
2024-11-07,66786.7118792296,66786.7118792296,65940.1171875,65940.1171875,383984
2024-11-08,66034.18348247276,66598.58500610474,65846.0546875,65846.0546875,441664
2024-11-11,65940.1171875,66316.382335975,65846.05279272041,65940.1171875,560526
2024-11-12,65940.1150501921,66316.38018647126,65657.921875,65657.921875,438265
2024-11-13,65846.0561295894,65846.0561295894,63964.73786123179,65375.7265625,852428
2024-11-14,65093.5308925573,66128.25438699887,64905.39453125001,64905.39453125,560114
2024-11-15,64811.32990567617,65281.65945324314,64529.13671875,64529.13671875,797220
2024-11-18,64529.13694734887,64999.458927225285,64246.93619006629,64905.39453125,964801
2024-11-19,65375.72493842592,65563.86130220217,63870.671875,63870.671875,713893
2024-11-20,63870.67366830231,64341.0032369132,63494.412284220714,63588.48046875,733154
2024-11-21,63776.60594459973,64529.13624290026,63776.60594459973,64152.87109375,1202937
2024-11-22,64529.13730169236,66410.4479395989,64529.13730169236,65093.53125,1045553
2024-11-25,65281.66205564185,66128.25678888253,65187.59765625,65187.59765625,928236
2024-11-26,65281.66026886543,65751.98982230865,65281.66026886543,65469.7890625,461646
2024-11-27,65657.92722256626,65657.92722256626,64905.39688871744,65187.59765625,430025
2024-11-28,65187.59765625,65846.05602134997,65187.59765625,65187.59765625,456187
2024-11-29,65187.59587204814,65657.92542549135,65093.531475230855,65469.7890625,291490
2024-12-02,65563.86080181583,65657.92519830764,64905.39488765961,65093.53125,416326
2024-12-03,65187.597085768895,65469.790281474874,64623.203125,64623.203125,653329
2024-12-04,64623.20111439206,65093.53066195903,64435.064753751256,64529.13671875,317549
2024-12-05,64623.20323379595,65657.92675850708,64435.06686698497,64811.33203125,649827
2024-12-06,65751.98959479945,65751.98959479945,64905.39488765961,65093.53125,443724
2024-12-09,65375.726455033706,65375.726455033706,65093.53325685814,65187.59765625,407777
2024-12-10,65281.65968450786,65469.78847645843,64905.39453125001,64905.39453125,414575
2024-12-11,64905.39632070598,65093.53268720023,64529.13872643134,64623.203125,555170
2024-12-12,64717.267169770166,64905.39596587902,64435.06640625,64435.06640625,531480
2024-12-13,64435.06439511851,64529.13635959367,64152.871209762976,64341.0,358440
2024-12-16,64435.066184673844,64529.13815176167,64058.80859375,64058.80859375,360603
2024-12-17,64058.80633877633,64435.06391645531,63964.734375,63964.734375,425287
2024-12-18,64341.00200819557,64623.20277171574,64246.93761014115,64435.06640625,519223
2024-12-19,64152.87321208672,64529.13837366131,63964.736846620974,64435.06640625,743042
2024-12-20,64435.064753751256,64717.265510034114,64341.000358109195,64529.13671875,351951
2024-12-23,64717.267169770166,64999.460363933445,64435.06640625,64435.06640625,580611
2024-12-24,64529.13624290026,64623.20063784867,64152.87109375,64152.87109375,525094
2024-12-25,64246.93560488149,64811.32954494921,64246.93560488149,64341.0,469989
2024-12-26,64529.13837366131,65469.789923562465,64435.06640625,64435.06640625,1027013
2024-12-27,64623.20277171574,64905.39596587902,64435.06640625,64435.06640625,556097
2024-12-30,64529.13624290026,64717.26503279708,64152.87109375,64152.87109375,414472
2024-12-31,64341.001786942885,64623.202549492635,64058.80859375,64058.80859375,793924
2025-01-01,64058.80859375,64058.80859375,64058.80859375,64058.80859375,0
2025-01-02,64246.937389211926,64435.066184673844,63964.736626662176,64058.80859375,440634
2025-01-03,64058.80633877633,64340.99952203556,63964.734375,63964.734375,474315
2025-01-06,63964.73592441973,64152.87228717304,63306.277578175075,63494.41015625,693499
2025-01-07,63588.47977826154,63870.67297474961,62930.01763242065,63024.08203125,703696
2025-01-08,63024.08025664091,63212.21283368072,62647.81888723966,63118.1484375,537351
2025-01-09,63212.21461358718,63494.411594753714,62835.94944891282,63024.08203125,380482
2025-01-10,63024.07978360245,63494.40933033266,62741.8828125,62741.8828125,435278
2025-01-13,62741.884478596134,63118.14963984327,62271.55491937644,62459.6875,558672
2025-01-14,62553.75047232821,63400.34517350055,62553.75047232821,62930.015625,409219
2025-01-15,63212.214382046135,63400.3469636942,62835.94921875,62835.94921875,406850
2025-01-16,63212.214382046135,63400.3469636942,62835.94921875,62835.94921875,406850
2025-01-17,63212.214382046135,63212.214382046135,62647.820421780394,62835.94921875,331351
2025-01-20,63212.213414170525,64152.872523329475,62835.94825663559,63682.54296875,681860
2025-01-21,63964.73557248324,64058.8075380207,63118.1484375,63118.1484375,359779
2025-01-22,63494.411362179,63494.411362179,62741.88482026519,62835.94921875,322699
2025-01-23,62835.94944891282,63212.21461358718,62741.88505008347,63024.08203125,326613
2025-01-24,63024.080946077316,63870.671875,62835.94836697947,63870.671875,445269
2025-01-27,63870.671875,63870.671875,63870.671875,63870.671875,0
2025-01-28,63870.671875,63870.671875,63870.671875,63870.671875,0
2025-01-29,63870.671875,63870.671875,63870.671875,63870.671875,0
2025-01-30,63870.671875,63870.671875,63870.671875,63870.671875,0
2025-01-31,63870.671875,63870.671875,63870.671875,63870.671875,0
2025-02-03,63776.606780121794,63776.606780121794,62930.01586046019,63118.1484375,477096
2025-02-04,62930.01586046019,63306.27722986144,62930.01586046019,63118.1484375,410352
2025-02-05,63494.41239029772,64058.810144380805,63400.3479902898,63776.609375,671972
2025-02-06,64152.874437211656,64152.874437211656,63494.412284220714,63588.48046875,555479
2025-02-07,63588.47810215659,63964.735687556364,63306.27734375,63306.27734375,842746
2025-02-10,63212.212947400054,63588.47810215659,62930.01597367185,63306.27734375,754887
2025-02-11,63306.27901241653,63870.67297474961,62553.752467746286,63024.08203125,691439
2025-02-12,63024.08025664091,63494.40980690126,63024.08025664091,63118.1484375,354526
2025-02-13,63118.1479637555,63118.1479637555,62647.81841702529,62741.8828125,670221
2025-02-14,63306.277811215055,63870.67176283907,63024.08083540305,63682.54296875,1181616
2025-02-17,63682.54497499208,64341.00334440456,63494.41239029772,63776.609375,785787
2025-02-18,63964.734375,64246.93512761582,63682.54119174077,63964.734375,653432
2025-02-19,64152.87356279977,64905.39632070598,63870.67279773685,64623.203125,1431494
2025-02-20,65093.530777593325,65187.59517340248,64435.06486821583,64717.265625,619545
2025-02-21,64529.13635959367,64717.265149830695,64152.871209762976,64341.0,790525
2025-02-24,64152.87156682509,64717.265510034114,63776.606414900176,64529.13671875,1097980
2025-02-25,64623.203125,65187.597085768895,64246.93796136843,64623.203125,833888
2025-02-26,64623.20075471218,64811.32954494921,64341.0,64341.0,534879
2025-02-27,64340.99952203556,64529.135880231646,63870.66998058026,63964.734375,833888
2025-02-28,64058.80633877633,64623.20027465139,63964.734375,63964.734375,811228
2025-03-03,64058.807171183034,64623.20111439206,64058.807171183034,64529.13671875,667234
2025-03-04,64529.13894307767,65281.661703510355,64246.93817706731,64999.4609375,1488556
2025-03-05,65093.5302996614,65187.59469477991,64341.0,64341.0,762715
2025-03-06,64246.9375,64435.06629578634,64058.80870421367,64246.9375,854694
2025-03-07,64246.93894439664,64341.00334440456,63682.54497499208,63776.609375,1440043
2025-03-10,64058.810144380805,64152.874544388724,63212.21540559544,63776.609375,1463527
2025-03-11,63588.48023995314,63682.54463946546,63024.08248884372,63400.34765625,539308
2025-03-12,63776.60747779028,64246.93703319568,63400.346104273005,63870.671875,784139
2025-03-13,63870.67233907046,64717.26705882272,63776.60794117729,64246.9375,1120640
2025-03-14,64152.872523329475,64246.936920374006,63306.277811215055,63682.54296875,971084
2025-03-17,63776.60594459973,64340.99988364681,63682.54154965132,64152.87109375,1150716
2025-03-18,64529.13894307767,65751.99126728965,64058.80937929838,64999.4609375,2881116
2025-03-19,64999.45881242746,65657.92472180496,64529.136833381686,64717.265625,724811
2025-03-20,64623.20111439206,64999.458696960275,64058.807171183034,64529.13671875,772500
2025-03-21,64435.065714463075,64529.13768086441,63682.54296875,63682.54296875,1208602
2025-03-24,63964.737606481795,63964.737606481795,63024.0822607278,63212.21484375,1230953
2025-03-25,63494.411825944044,63588.48000979439,63118.15044457815,63212.21484375,790628
2025-03-26,63306.277578175075,64152.87228717304,63212.21318147681,63494.41015625,564749
2025-03-27,63588.48000979439,63964.737606481795,63118.15044457815,63212.21484375,439295
2025-03-28,63400.3469636942,63400.3469636942,62835.94921875,62835.94921875,794954
2025-03-31,62835.94921875,62835.94921875,62083.42267683619,62835.94921875,749737
2025-04-01,62930.016206703614,63776.60713102319,62741.88362862869,63494.41015625,897027
2025-04-02,63212.21283368072,63588.47798776035,63024.08025664091,63118.1484375,261929
2025-04-03,59731.77639711389,61519.0263935871,58791.12109375,58791.12109375,2074935
2025-04-04,54746.29154978898,57191.99987983665,54746.29154978898,55216.62109375,2827350
2025-04-07,55216.62109375,55216.62109375,55216.62109375,55216.62109375,0
2025-04-08,52676.84615113816,52959.04312897393,51359.921875,51359.921875,2711475
2025-04-09,47785.421875,52676.84626007834,47785.421875,47785.421875,2851658
2025-04-10,51077.7265625,51077.7265625,51077.7265625,51077.7265625,59225
2025-04-11,54652.2265625,54652.2265625,52488.715075519656,54652.2265625,2324607
2025-04-14,56251.34696628721,56251.34696628721,55122.55525589127,55686.94921875,1125378
2025-04-15,55498.819501656595,55781.016478411766,54652.224786712664,54746.29296875,865921
2025-04-16,54746.29474759385,55310.68871944276,53711.57120431132,54652.2265625,647664
2025-04-17,53899.70000514194,54840.35914800915,53617.50301921748,54652.2265625,498417
2025-04-18,54934.421875,55875.08098921265,54840.35747745011,54934.421875,676298
2025-04-21,54934.42354842446,55216.624319027454,54370.02957657554,54652.2265625,309000
2025-04-22,53711.5706488017,54652.22599726169,51077.72583294964,54087.83203125,1143712
2025-04-23,54652.22599726169,55122.55556383093,53993.76763180755,54087.83203125,719249
2025-04-24,54087.83203125,54558.16159781924,53899.6994476866,54087.83203125,422506
2025-04-25,54181.89737658837,55028.48828125,54087.82919739599,55028.48828125,941008
2025-04-28,54934.421875,55028.49005722832,54652.22489767189,54934.421875,279439
2025-04-29,54934.41986285449,54934.41986285449,54746.29107464551,54840.35546875,319506
2025-04-30,54840.35546875,54840.35546875,54840.35546875,54840.35546875,0
2025-05-01,54840.35546875,54840.35546875,54840.35546875,54840.35546875,0
2025-05-02,54840.35546875,54840.35546875,54840.35546875,54840.35546875,0
2025-05-05,54934.420102057615,55216.62085495646,54370.02616561653,55028.48828125,678255
2025-05-06,54934.420102057615,55216.62085495646,54370.02616561653,55028.48828125,678255
2025-05-07,55310.6882922047,56251.34742780595,55122.55570814875,56063.21484375,926897
2025-05-08,56063.21375274092,57850.463804795705,56063.21375274092,56909.8046875,910623
2025-05-09,57380.133283025934,58038.595411016366,57097.93630950956,57756.3984375,887654
2025-05-12,57380.132228696166,58791.120855030196,57380.132228696166,58602.98828125,859329
2025-05-13,57380.132228696166,58791.120855030196,57380.132228696166,58602.98828125,859329
2025-05-14,58791.122524214836,58885.18692143644,58132.66038962838,58320.79296875,686804
2025-05-15,58320.794747268665,58602.99173221761,57944.52957755106,58226.7265625,675268
2025-05-16,58226.72478684998,58414.8573659716,57756.39901606356,58320.79296875,688864
2025-05-19,57192.001898240575,57568.26706055976,57097.9375,57097.9375,601829
2025-05-20,57192.001898240575,57568.26706055976,57097.9375,57097.9375,601829
2025-05-21,57192.00166575302,57192.00166575302,56439.475128852144,56909.8046875,623253
2025-05-22,56909.80445462499,57286.06961387497,56627.60747752672,56721.671875,324553
2025-05-23,56815.73887009539,57850.46235939663,56815.73887009539,57380.1328125,783212
2025-05-26,59355.517402116326,59731.77878154619,57850.46431503991,59261.44921875,650754
2025-05-27,59355.517402116326,59731.77878154619,57850.46431503991,59261.44921875,650754
2025-05-28,59731.77757798659,60108.04273451341,59167.383627874755,59919.91015625,801752
2025-05-29,60202.10747766631,60860.56961303737,60202.10747766631,60296.171875,1186148
2025-05-30,60202.10546875,60390.238041817895,59919.9085014873,60202.10546875,693087
2025-06-02,60860.5711050963,61707.16205588978,60296.17335322214,61613.09765625,745411
2025-06-03,60860.5711050963,61707.16205588978,60296.17335322214,61613.09765625,745411
2025-06-04,61613.095992771145,61989.35736585015,61424.963413892445,61895.29296875,765496
2025-06-05,61895.29190606486,61895.29190606486,60860.56841701485,60954.6328125,762406
2025-06-06,60954.63570063489,60954.63570063489,59731.779577995236,60013.9765625,829665
2025-06-09,59355.51586033265,60013.97420340081,59073.31888692081,59543.6484375,570311
2025-06-10,59355.51586033265,60013.97420340081,59073.31888692081,59543.6484375,570311
2025-06-11,59543.64796384158,59825.844935008594,58979.25023682921,59167.3828125,440325
2025-06-12,59261.4488772617,59543.64964105603,58697.05491902993,58885.1875,504391
2025-06-13,59731.77867145832,59731.77867145832,58885.18773079257,59073.3203125,494091
2025-06-16,62083.42283670317,64811.33203125,61801.22585584363,64811.33203125,3273546
2025-06-17,62083.42283670317,64811.33203125,61801.22585584363,64811.33203125,3273546
2025-06-18,65469.790854425555,65751.99162195812,64152.874124225615,65187.59765625,2851349
2025-06-19,65846.05373367241,67068.9135913519,65093.53099532535,66692.6484375,2742375
2025-06-20,66692.64725553287,68009.56391664023,65940.11696116587,67539.234375,2765241
2025-06-23,69232.42472144346,69232.42472144346,67351.10652855654,68291.765625,3026758
2025-06-24,69232.42472144346,69232.42472144346,67351.10652855654,68291.765625,3026758
2025-06-25,64058.80937929838,66222.32083106894,64058.80937929838,64999.4609375,2709209
2025-06-26,64717.266236719435,64811.3306334177,63494.41015625,63494.41015625,1774896
2025-06-27,63682.543652457694,64435.06640625,63494.4110716704,64435.06640625,784345
2025-06-30,64152.874544388724,64246.93894439664,63306.279805603364,63776.609375,693705
2025-07-01,64152.874544388724,64246.93894439664,63306.279805603364,63776.609375,693705
2025-07-02,63494.41101641196,63776.60799500809,62459.6875,62459.6875,883122
2025-07-03,62459.6875,63024.08145719227,62271.55491937644,62459.6875,580508
2025-07-04,62930.01682489139,63494.410779982056,62271.5546875,62271.5546875,939978
2025-07-07,62741.88257491535,62741.88257491535,62459.68560488149,62553.75,516133
2025-07-08,62741.88257491535,62741.88257491535,62459.68560488149,62553.75,516133
2025-07-09,63118.149017125994,63682.54296875,62741.88385959105,63682.54296875,937506
2025-07-10,63870.66998058026,63964.734375,63588.476797321026,63964.734375,980251
2025-07-11,64058.806814644464,64811.32954494921,63588.47726969526,64341.0,1170698
2025-07-14,64435.064278595215,64529.13624290026,63870.67033954814,64152.87109375,793203
2025-07-15,64435.064278595215,64529.13624290026,63870.67033954814,64152.87109375,793203
2025-07-16,64152.872523329475,64435.065714463075,63682.54296875,63682.54296875,825236
2025-07-17,63682.54463946546,63870.67343849009,63212.21507254686,63400.34765625,540956
2025-07-18,63494.41038998253,63870.67176283907,63024.08083540305,63682.54296875,1434172
2025-07-21,64152.87228717304,64152.87228717304,63212.21318147681,63494.41015625,747368
2025-07-22,64152.87228717304,64152.87228717304,63212.21318147681,63494.41015625,747368
2025-07-23,63682.543080580566,63870.671875,63118.149127965444,63870.671875,673208
2025-07-24,64058.80739811572,65187.59528853258,63588.477848882576,64905.39453125,1752751
2025-07-25,64999.4609375,66034.18446394305,64905.39653861553,64999.4609375,1271844
2025-07-28,64999.46082870404,65281.661594242054,64246.93806953092,64811.33203125,1213031
2025-07-29,64999.46082870404,65281.661594242054,64246.93806953092,64811.33203125,1213031
2025-07-30,64811.32906349088,66316.38208227656,63964.734375,63964.734375,2171652
2025-07-31,64623.20219139137,64623.20219139137,63212.21352517516,63870.671875,930605
2025-08-01,65469.78922066656,65469.78922066656,63588.47857170546,63682.54296875,864891
2025-08-04,63682.54119174077,64717.26466907113,63494.40861822298,63964.734375,2107689
2025-08-05,63682.54119174077,64717.26466907113,63494.40861822298,63964.734375,2107689
2025-08-06,64341.00334440456,65281.66248319785,63400.3479902898,63776.609375,2081527
2025-08-07,63776.60895730121,65187.59765625,63776.60895730121,65187.59765625,1338588
2025-08-08,65751.99126728965,65751.99126728965,64529.13894307767,64999.4609375,1006516
2025-08-11,66128.25591435212,66974.8430670399,65940.11954869948,66222.3203125,1265767
2025-08-12,66128.25591435212,66974.8430670399,65940.11954869948,66222.3203125,1265767
2025-08-13,66222.3184170445,67068.91311485741,65846.05326586579,66316.3828125,1743378
2025-08-14,66410.44864177513,66692.64940359112,65187.59633573848,65846.0546875,1943919
2025-08-15,66034.18134722381,66128.25331102517,65093.5298334196,65563.859375,1261853
2025-08-18,66880.77819856389,66880.77819856389,65469.78952819763,65846.0546875,1210353
2025-08-19,66880.77819856389,66880.77819856389,65469.78952819763,65846.0546875,1210353
2025-08-20,66128.25735766071,66598.58692802234,65657.92778729908,65751.9921875,1365780
2025-08-21,65846.05497225448,65940.11937014766,63494.41096281935,64246.9375,1735962
2025-08-22,64905.39688871744,65375.726455033706,63964.73775608491,65187.59765625,1092212
2025-08-25,64811.33192213732,65469.790281474874,64435.066758505745,64623.203125,996010
2025-08-26,64811.33192213732,65469.790281474874,64435.066758505745,64623.203125,996010
2025-08-27,64717.26819631764,65375.7265625,64623.20379677116,65375.7265625,801031
2025-08-28,69700.0,69700.0,68700.0,68900.0,1390500
2025-08-29,65500.0,65500.0,64700.0,64900.0,768200
2025-09-01,64900.0,64900.0,64900.0,64900.0,0
2025-09-02,64900.0,64900.0,64900.0,64900.0,0
2025-09-03,64200.0,64400.0,63400.0,63800.0,894200
2025-09-04,64200.0,64400.0,63400.0,63800.0,894200
2025-09-05,63900.0,64200.0,63800.0,64200.0,719500
2025-09-08,63800.0,64200.0,62600.0,62600.0,1293800
2025-09-09,63800.0,64200.0,62600.0,62600.0,1293800
2025-09-10,63000.0,63100.0,61600.0,62100.0,1258200
2025-09-11,62100.0,62500.0,61700.0,61900.0,756900
2025-09-12,62400.0,62600.0,61300.0,62000.0,810900
2025-09-15,62600.0,63300.0,62600.0,63200.0,651000
2025-09-16,62600.0,63300.0,62600.0,63200.0,651000
2025-09-17,63600.0,63600.0,62700.0,62700.0,773700
2025-09-18,62800.0,64300.0,62800.0,64000.0,1489100
2025-09-19,64000.0,64100.0,62900.0,63000.0,731300
2025-09-22,62400.0,62500.0,61200.0,61800.0,883600
2025-09-23,62400.0,62500.0,61200.0,61800.0,883600
2025-09-24,61900.0,62000.0,61200.0,61600.0,544500
2025-09-25,61600.0,61700.0,61100.0,61600.0,558200
2025-09-26,62000.0,62300.0,61800.0,61900.0,550000
2025-09-29,61600.0,62000.0,61400.0,61500.0,381300
2025-09-30,61600.0,62000.0,61400.0,61500.0,381300
2025-10-01,61500.0,61700.0,60400.0,60400.0,647500
2025-10-02,60500.0,60900.0,60500.0,60600.0,211700
2025-10-03,60700.0,61000.0,60300.0,60300.0,454300
2025-10-06,61100.0,61100.0,60200.0,60800.0,420400
2025-10-07,61100.0,61100.0,60200.0,60800.0,420400
2025-10-08,61100.0,61100.0,60600.0,60900.0,302600
2025-10-09,61200.0,61600.0,60900.0,60900.0,379300
2025-10-10,60900.0,61400.0,60600.0,60900.0,363100
2025-10-13,60100.0,60900.0,60100.0,60600.0,516900
2025-10-14,60100.0,60900.0,60100.0,60600.0,516900
2025-10-15,60900.0,60900.0,60000.0,60000.0,568000
2025-10-16,60000.0,60200.0,58800.0,59000.0,1271300
2025-10-17,58800.0,59200.0,58500.0,58700.0,956300
2025-10-20,58600.0,59500.0,57000.0,57000.0,604700
2025-10-21,58600.0,59500.0,57000.0,57000.0,604700
2025-10-22,57300.0,58800.0,56000.0,56000.0,837900
2025-10-23,57200.0,59000.0,57200.0,59000.0,1023700
2025-10-24,60000.0,60700.0,59500.0,59800.0,554800
2025-10-27,60200.0,60200.0,59300.0,59300.0,512900
2025-10-28,60200.0,60200.0,59300.0,59300.0,512900
2025-10-29,59300.0,60200.0,59100.0,60000.0,660100
2025-10-30,60100.0,61200.0,60000.0,60200.0,639500
2025-10-31,60200.0,60800.0,59700.0,59700.0,460400
2025-11-03,62000.0,62900.0,61500.0,61500.0,1095100
2025-11-04,62100.0,62200.0,60100.0,60500.0,1008600
2025-11-05,62100.0,62200.0,60100.0,60500.0,1008600
2025-11-06,63300.0,63300.0,61700.0,62100.0,626000
2025-11-07,61800.0,62900.0,61000.0,62900.0,1225100
2025-11-10,62800.0,62800.0,61000.0,61200.0,738300
2025-11-11,61300.0,62000.0,60900.0,61100.0,553500
2025-11-12,61500.0,62000.0,60600.0,61900.0,648800
2025-11-13,61700.0,63500.0,61400.0,62900.0,1158200
2025-11-14,62900.0,63400.0,62500.0,62800.0,496800
2025-11-17,63200.0,63800.0,62000.0,63000.0,689000
2025-11-18,63400.0,63400.0,62100.0,62400.0,749600
2025-11-19,62500.0,62800.0,62000.0,62200.0,380800
2025-11-20,62200.0,62300.0,61700.0,62100.0,392000
2025-11-21,61600.0,61900.0,61000.0,61900.0,467300
2025-11-24,61900.0,62000.0,61000.0,61000.0,390000
2025-11-25,61000.0,61400.0,60800.0,60800.0,405700
2025-11-26,60800.0,62000.0,60700.0,62000.0,529300
2025-11-27,61900.0,63100.0,61500.0,63000.0,1562200
2025-11-28,63000.0,63800.0,62500.0,63400.0,1243100
2025-12-01,63400.0,65800.0,63400.0,65400.0,2743800
2025-12-02,65400.0,66100.0,64800.0,66100.0,1960300
2025-12-03,66200.0,66200.0,64300.0,64500.0,1151400
2025-12-04,66200.0,66200.0,64300.0,64500.0,1151400
2025-12-05,65200.0,65200.0,64000.0,64000.0,735600
2025-12-08,64100.0,65400.0,63600.0,65400.0,1050700
2025-12-09,65300.0,65300.0,63600.0,64000.0,731000
2025-12-10,63900.0,64100.0,63400.0,63500.0,443900
2025-12-11,63600.0,63900.0,62500.0,62600.0,470100
2025-12-12,62600.0,62900.0,61300.0,61300.0,598400
2025-12-15,61300.0,62400.0,61000.0,62100.0,620600
2025-12-16,62500.0,64300.0,62100.0,64300.0,870400
2025-12-17,64200.0,64800.0,62900.0,62900.0,532900
2025-12-18,64200.0,64800.0,62900.0,62900.0,532900
2025-12-19,63600.0,64000.0,63000.0,64000.0,658000
2025-12-22,64300.0,65300.0,64200.0,65300.0,1262800
2025-12-23,65300.0,66300.0,64600.0,65300.0,1512400
2025-12-24,65400.0,66100.0,64400.0,66100.0,1526800
2025-12-25,65400.0,66100.0,64400.0,66100.0,1526800
2025-12-26,69000.0,70900.0,68000.0,70500.0,2428400
2025-12-29,70600.0,75400.0,70200.0,75100.0,5613700
2025-12-30,75100.0,75700.0,73800.0,74900.0,1764400
2025-12-31,74500.0,75800.0,72400.0,72400.0,1872800
2026-01-01,72400.0,72400.0,72400.0,72400.0,0
2026-01-02,72400.0,72400.0,72400.0,72400.0,0
2026-01-05,73100.0,77400.0,72800.0,77400.0,5364200
2026-01-06,77800.0,82800.0,77800.0,82800.0,4730300
2026-01-07,85200.0,88500.0,85200.0,88500.0,4173200
2026-01-08,93500.0,94600.0,90000.0,91600.0,6171100
2026-01-09,90600.0,98000.0,89800.0,97100.0,4592600
2026-01-12,101000.0,102500.0,94500.0,97000.0,5514400
2026-01-13,97000.0,103700.0,96000.0,103700.0,4960100
2026-01-14,107000.0,110900.0,100000.0,107000.0,4910800
2026-01-15,106900.0,107100.0,102300.0,103000.0,3558000
2026-01-16,103200.0,107200.0,99800.0,99800.0,4537900
2026-01-19,100000.0,106200.0,98100.0,105800.0,4498200
2026-01-20,106000.0,110800.0,104000.0,104500.0,3888800
2026-01-21,101200.0,110000.0,101000.0,110000.0,4569400
2026-01-22,110500.0,110500.0,104700.0,104800.0,4035100
2026-01-23,104800.0,106300.0,99200.0,100800.0,3428600
2026-01-26,100500.0,107800.0,100500.0,107800.0,6102800
2026-01-27,109800.0,115300.0,109000.0,115300.0,5889900
2026-01-28,121000.0,122800.0,115000.0,118000.0,7140900
2026-01-29,118500.0,118500.0,111300.0,116800.0,3705700
2026-01-30,116800.0,122000.0,115800.0,117000.0,3644900
2026-02-02,113900.0,116800.0,110000.0,114500.0,5534800
2026-02-03,115800.0,121900.0,113100.0,117000.0,3319000
2026-02-04,117000.0,120000.0,114300.0,115800.0,2275800
2026-02-05,115800.0,116800.0,112000.0,112000.0,2555300
2026-02-06,110000.0,118800.0,109500.0,115000.0,3964600
2026-02-09,117000.0,117800.0,114500.0,115700.0,901300
2026-02-10,115900.0,119600.0,107700.0,107700.0,6158900
2026-02-11,105800.0,107400.0,102000.0,102000.0,3230600
2026-02-12,106200.0,106200.0,101000.0,101400.0,2700300
2026-02-13,101500.0,103700.0,99700.0,101600.0,2039200
2026-02-16,101600.0,101600.0,101600.0,101600.0,0
2026-02-17,101600.0,101600.0,101600.0,101600.0,0
2026-02-18,101600.0,101600.0,101600.0,101600.0,0
2026-02-19,101600.0,101600.0,101600.0,101600.0,0
2026-02-20,101600.0,101600.0,101600.0,101600.0,0
2026-02-23,104900.0,108700.0,104900.0,108700.0,956400
2026-02-24,112000.0,112400.0,107100.0,110500.0,4780400
2026-02-25,110500.0,117500.0,108000.0,110000.0,3689100
2026-02-26,111000.0,111000.0,105500.0,106000.0,3151900
2026-02-27,106000.0,111900.0,105500.0,107900.0,2827100
2026-03-02,115300.0,115400.0,112500.0,115400.0,3660300
2026-03-03,115300.0,115400.0,112500.0,115400.0,3660300
2026-03-04,124000.0,131500.0,121800.0,128700.0,4554900
2026-03-05,126000.0,126900.0,119700.0,119700.0,5317800
2026-03-06,118600.0,118600.0,112000.0,112100.0,4731500
2026-03-09,116000.0,116300.0,104300.0,104300.0,5387400
2026-03-10,104000.0,107500.0,97000.0,97000.0,3885500
2026-03-11,93300.0,103000.0,93200.0,103000.0,4146800
2026-03-12,103000.0,103000.0,98700.0,98700.0,1736400
2026-03-13,97900.0,101300.0,91800.0,91800.0,4442600
2026-03-16,91000.0,91100.0,85400.0,87900.0,5461400
2026-03-17,89000.0,90400.0,86000.0,86400.0,1712800
2026-03-18,86400.0,92400.0,86400.0,91700.0,2627100
2026-03-19,92300.0,92400.0,87400.0,88100.0,2140100
2026-03-20,88100.0,88800.0,82000.0,82000.0,3150400
2026-03-23,78500.0,83600.0,78500.0,80500.0,2980000
2026-03-24,82000.0,82700.0,78800.0,80700.0,1892400
2026-03-25,82000.0,84700.0,81200.0,82500.0,2006800
2026-03-26,83000.0,83000.0,79800.0,80300.0,1290400
2026-03-27,80400.0,82600.0,79900.0,82100.0,2023700
2026-03-30,82100.0,83200.0,80400.0,80800.0,2027000
2026-03-31,81600.0,81600.0,78100.0,78300.0,2432200
2026-04-01,80000.0,81300.0,79600.0,80000.0,1876800
2026-04-02,80000.0,81100.0,78700.0,78700.0,1167900
2026-04-03,80000.0,80900.0,79600.0,79700.0,1931200
2026-04-06,80200.0,80300.0,78100.0,78500.0,1170800
2026-04-07,78500.0,79400.0,75800.0,77300.0,1236400
2026-04-08,79000.0,80400.0,78300.0,79900.0,1438600
2026-04-09,79900.0,79900.0,78100.0,78400.0,1051600
2026-04-10,78600.0,82400.0,78200.0,80700.0,2856700
2026-04-13,81200.0,82200.0,80600.0,80700.0,948300
2026-04-14,81000.0,81600.0,79100.0,79300.0,1205900
2026-04-15,79800.0,80500.0,79100.0,79200.0,1038400
2026-04-16,79200.0,80200.0,78100.0,78400.0,1169300
2026-04-17,78600.0,80400.0,78100.0,80100.0,1249000
2026-04-20,80000.0,81300.0,79000.0,79200.0,1205300
2026-04-21,79300.0,80100.0,78500.0,78700.0,1356000
2026-04-22,79000.0,79800.0,78100.0,78100.0,760600
2026-04-23,78100.0,79500.0,75900.0,77400.0,1488800
2026-04-24,77600.0,80000.0,77500.0,78300.0,1193000
2026-04-27,78300.0,78300.0,78300.0,78300.0,0
2026-04-28,78000.0,78200.0,73100.0,73500.0,1966400
2026-04-29,73500.0,75400.0,73000.0,75200.0,1268600
2026-04-30,75200.0,75200.0,75200.0,75200.0,0
2026-05-01,75200.0,75200.0,75200.0,75200.0,0
2026-05-04,77000.0,79900.0,76200.0,76500.0,1660000
2026-05-05,76700.0,78300.0,76100.0,77700.0,1319800
2026-05-06,78000.0,80500.0,77600.0,79200.0,2983000
2026-05-07,78400.0,79000.0,76000.0,76000.0,2302900
2026-05-08,76900.0,77300.0,74500.0,74700.0,1415100
2026-05-11,75100.0,75500.0,73400.0,73600.0,1835100
2026-05-12,73900.0,77100.0,73800.0,76500.0,1557500
2026-05-13,76500.0,81800.0,75700.0,81800.0,6350300
2026-05-14,84500.0,85800.0,83200.0,83600.0,4068100
2026-05-15,82800.0,89400.0,82600.0,89400.0,4986200
2026-05-18,91700.0,95500.0,90200.0,93000.0,4078700
2026-05-19,94100.0,94200.0,86500.0,86500.0,5410100
2026-05-20,85600.0,89700.0,81100.0,89700.0,4912400
2026-05-21,89500.0,89500.0,86200.0,87300.0,1357100
2026-05-22,87100.0,87800.0,84300.0,84900.0,1642900
2026-05-25,82300.0,83500.0,81000.0,82000.0,2341800
2026-05-26,83500.0,84300.0,82300.0,82500.0,976400
2026-05-27,82500.0,83700.0,81500.0,81500.0,902800
2026-05-28,81500.0,83800.0,79500.0,81700.0,2476900
2026-05-29,81100.0,87400.0,80200.0,87400.0,3155800
2026-06-01,88000.0,88200.0,84200.0,84200.0,1357900
2026-06-02,85100.0,85500.0,81800.0,82200.0,1514300
