Date,Open,High,Low,Close,Volume
2016-06-06,14587.02734375,14722.0927734375,14316.8974609375,14451.962890625,1095064
2016-06-07,14451.962890625,14722.0927734375,14451.962890625,14722.0927734375,1485839
2016-06-08,14722.0927734375,15127.2880859375,14587.02734375,14722.0927734375,3939989
2016-06-09,14722.0927734375,14857.1572265625,14587.02734375,14722.0927734375,418650
2016-06-10,14722.0927734375,14857.1572265625,14587.02734375,14587.02734375,631658
2016-06-13,14451.962890625,14451.962890625,14181.83203125,14181.83203125,2339576
2016-06-14,14181.83203125,14451.962890625,14181.83203125,14451.962890625,1029910
2016-06-15,14587.02734375,14722.0927734375,14316.8974609375,14451.962890625,1154665
2016-06-16,14451.962890625,14587.02734375,14316.8974609375,14451.962890625,1685706
2016-06-17,14316.8974609375,14451.962890625,14046.767578125,14046.767578125,11973673
2016-06-20,14181.83203125,14587.02734375,14046.767578125,14451.962890625,857586
2016-06-21,14587.02734375,14722.0927734375,14451.962890625,14587.02734375,1234182
2016-06-22,14587.02734375,14587.02734375,14181.83203125,14181.83203125,1719911
2016-06-23,14316.8974609375,14451.962890625,14181.83203125,14316.8974609375,1079590
2016-06-24,14316.8974609375,14316.8974609375,13344.4287109375,14046.767578125,4232367
2016-06-27,14392.5341796875,14662.3935546875,14362.5498046875,14512.4716796875,1758645
2016-06-28,14512.4716796875,14512.4716796875,14302.580078125,14302.580078125,1382483
2016-06-29,14302.580078125,14542.4560546875,14302.580078125,14392.5341796875,2086781
2016-06-30,14542.4560546875,15292.0673828125,14452.5029296875,14812.31640625,2716074
2016-07-01,15142.14453125,15441.9892578125,14962.23828125,15292.0673828125,2962202
2016-07-04,15441.9892578125,15591.912109375,15292.0673828125,15292.0673828125,1533428
2016-07-05,15441.9892578125,15741.833984375,15292.0673828125,15292.0673828125,1931634
2016-07-06,15292.0673828125,15441.9892578125,15142.14453125,15292.0673828125,1763114
2016-07-07,15441.9892578125,15591.912109375,15142.14453125,15441.9892578125,2136140
2016-07-08,15591.912109375,15591.912109375,15292.0673828125,15441.9892578125,2396642
2016-07-11,15441.9892578125,15591.912109375,15142.14453125,15292.0673828125,2108926
2016-07-12,15292.0673828125,15591.912109375,15292.0673828125,15591.912109375,3341098
2016-07-13,15741.833984375,16491.4453125,15741.833984375,16491.4453125,5263495
2016-07-14,16491.4453125,16641.3671875,16041.6787109375,16041.6787109375,3246783
2016-07-15,16191.6005859375,16341.5224609375,15891.755859375,16341.5224609375,1244812
2016-07-18,16341.5224609375,16341.5224609375,16041.6787109375,16191.6005859375,1733598
2016-07-19,16191.6005859375,16341.5224609375,15142.14453125,15591.912109375,5170847
2016-07-20,15591.912109375,15741.833984375,14992.22265625,14992.22265625,3981964
2016-07-21,15142.14453125,15441.9892578125,14962.23828125,15142.14453125,2075809
2016-07-22,15142.14453125,15292.0673828125,14872.28515625,14992.22265625,2096987
2016-07-25,15142.14453125,15292.0673828125,14992.22265625,15142.14453125,496557
2016-07-26,15142.14453125,15292.0673828125,14932.25390625,15142.14453125,887593
2016-07-27,15142.14453125,15142.14453125,15142.14453125,15142.14453125,0
2016-07-28,15441.9892578125,15891.755859375,15292.0673828125,15741.833984375,1763114
2016-07-29,15741.833984375,15741.833984375,15292.0673828125,15292.0673828125,1198154
2016-08-01,15441.9892578125,15591.912109375,15142.14453125,15441.9892578125,1536296
2016-08-02,15142.14453125,15591.912109375,15142.14453125,15292.0673828125,4499066
2016-08-03,14992.22265625,15142.14453125,14692.3779296875,14782.33203125,4049099
2016-08-04,14842.30078125,14872.28515625,14242.611328125,14242.611328125,2443233
2016-08-05,13942.767578125,14182.642578125,13343.078125,13403.046875,6149921
2016-08-08,13403.046875,13642.9228515625,12473.529296875,13403.046875,10069854
2016-08-09,13343.078125,13732.8759765625,13343.078125,13642.9228515625,2759297
2016-08-10,13702.8916015625,14572.4404296875,13702.8916015625,14572.4404296875,9511865
2016-08-11,14572.4404296875,14752.34765625,14452.5029296875,14692.3779296875,6552964
2016-08-12,14842.30078125,14842.30078125,14572.4404296875,14692.3779296875,4090654
2016-08-15,14692.3779296875,14692.3779296875,14542.4560546875,14692.3779296875,1812606
2016-08-16,14692.3779296875,14692.3779296875,14242.611328125,14362.5498046875,5642525
2016-08-17,14362.5498046875,14602.4248046875,14092.689453125,14362.5498046875,5882616
2016-08-18,14662.3935546875,14662.3935546875,14302.580078125,14362.5498046875,1443248
2016-08-19,14392.5341796875,14512.4716796875,14152.658203125,14302.580078125,3862002
2016-08-22,14392.5341796875,14392.5341796875,14002.736328125,14062.705078125,5318791
2016-08-23,14002.736328125,14542.4560546875,13912.783203125,14542.4560546875,5628985
2016-08-24,14542.4560546875,14632.4091796875,14482.4873046875,14542.4560546875,1596461
2016-08-25,14542.4560546875,14542.4560546875,14332.5654296875,14482.4873046875,2150548
2016-08-26,14392.5341796875,14482.4873046875,14362.5498046875,14392.5341796875,802749
2016-08-29,14392.5341796875,14602.4248046875,14392.5341796875,14392.5341796875,2862517
2016-08-30,14392.5341796875,14512.4716796875,14242.611328125,14422.5185546875,780004
2016-08-31,14392.5341796875,14542.4560546875,14362.5498046875,14422.5185546875,1608133
2016-09-01,14452.5029296875,14482.4873046875,14272.595703125,14392.5341796875,1166504
2016-09-05,14422.5185546875,14422.5185546875,14272.595703125,14362.5498046875,1314281
2016-09-06,14482.4873046875,14512.4716796875,14362.5498046875,14362.5498046875,1994600
2016-09-07,14422.5185546875,14422.5185546875,14212.626953125,14242.611328125,1717890
2016-09-08,14392.5341796875,14392.5341796875,14272.595703125,14332.5654296875,1114411
2016-09-09,14542.4560546875,14662.3935546875,14452.5029296875,14632.4091796875,3062654
2016-09-12,14992.22265625,14992.22265625,14662.3935546875,14932.25390625,2428058
2016-09-13,14842.30078125,14962.23828125,14692.3779296875,14722.3623046875,1311646
2016-09-14,14842.30078125,14842.30078125,14482.4873046875,14482.4873046875,2673819
2016-09-15,14876.033203125,15206.611328125,14692.3779296875,15133.1494140625,2244102
2016-09-16,14949.4951171875,15794.306640625,14949.4951171875,15794.306640625,7803202
2016-09-19,15794.306640625,15794.306640625,15426.9970703125,15537.1904296875,1219298
2016-09-20,15316.8046875,15794.306640625,15224.9765625,15647.3828125,2121045
2016-09-21,15794.306640625,16124.884765625,15647.3828125,16051.4228515625,2014078
2016-09-22,16051.4228515625,16308.5400390625,16051.4228515625,16161.6162109375,2807414
2016-09-23,16198.3466796875,16290.1748046875,16161.6162109375,16290.1748046875,1265499
2016-09-26,16290.1748046875,16528.92578125,16051.4228515625,16418.732421875,1146009
2016-09-27,16492.1953125,16877.869140625,16418.732421875,16877.869140625,987668
2016-09-28,16712.580078125,16712.580078125,16161.6162109375,16400.3671875,2916260
2016-09-29,16400.3671875,16510.560546875,16382.001953125,16510.560546875,593858
2016-09-30,16345.2705078125,16455.462890625,15610.65234375,16345.2705078125,463560
2016-10-03,16345.2705078125,16345.2705078125,15794.306640625,15794.306640625,2860666
2016-10-04,15794.306640625,16161.6162109375,15720.8447265625,16161.6162109375,1216766
2016-10-05,16271.80859375,16345.2705078125,16051.4228515625,16088.154296875,692712
2016-10-06,16088.154296875,16088.154296875,15647.3828125,15684.1142578125,2171574
2016-10-07,15794.306640625,15941.23046875,15573.9208984375,15720.8447265625,681387
2016-10-10,15867.7685546875,15867.7685546875,15426.9970703125,15463.728515625,779152
2016-10-11,15500.458984375,15610.65234375,15316.8046875,15463.728515625,837168
2016-10-12,15463.728515625,15720.8447265625,15463.728515625,15500.458984375,447170
2016-10-13,15610.65234375,15831.0380859375,15390.2666015625,15794.306640625,2986990
2016-10-14,15739.2099609375,15941.23046875,15573.9208984375,15794.306640625,1712289
2016-10-17,15794.306640625,15831.0380859375,15684.1142578125,15794.306640625,1478126
2016-10-18,15794.306640625,15794.306640625,15610.65234375,15757.576171875,873051
2016-10-19,15739.2099609375,16088.154296875,15684.1142578125,16088.154296875,1782883
2016-10-20,16014.6923828125,16014.6923828125,15794.306640625,15904.5,901882
2016-10-21,15904.5,15904.5,15684.1142578125,15794.306640625,2045632
2016-10-24,15794.306640625,15794.306640625,15610.65234375,15794.306640625,1599849
2016-10-25,15573.9208984375,15739.2099609375,15537.1904296875,15684.1142578125,1512920
2016-10-26,15573.9208984375,15720.8447265625,15426.9970703125,15592.2861328125,1182899
2016-10-27,15573.9208984375,15757.576171875,15426.9970703125,15720.8447265625,2868317
2016-10-28,15720.8447265625,15867.7685546875,15647.3828125,15739.2099609375,1937821
2016-10-31,15610.65234375,15886.1337890625,15537.1904296875,15610.65234375,2669411
2016-11-01,15610.65234375,15739.2099609375,15610.65234375,15702.4794921875,565953
2016-11-02,15720.8447265625,15867.7685546875,15537.1904296875,15537.1904296875,1311891
2016-11-03,15463.728515625,15720.8447265625,15371.900390625,15573.9208984375,1329832
2016-11-04,15426.9970703125,15684.1142578125,15426.9970703125,15573.9208984375,453622
2016-11-07,15573.9208984375,15739.2099609375,15537.1904296875,15702.4794921875,531595
2016-11-08,15684.1142578125,15757.576171875,15647.3828125,15720.8447265625,956577
2016-11-09,15757.576171875,15757.576171875,15426.9970703125,15610.65234375,2303806
2016-11-10,15720.8447265625,15794.306640625,15647.3828125,15720.8447265625,691678
2016-11-11,15720.8447265625,16161.6162109375,15555.5556640625,16161.6162109375,2739025
2016-11-14,16051.4228515625,16455.462890625,15757.576171875,15757.576171875,3845367
2016-11-15,15794.306640625,15977.9619140625,15629.017578125,15702.4794921875,1100189
2016-11-16,15702.4794921875,15904.5,15647.3828125,15684.1142578125,1266289
2016-11-17,15647.3828125,15720.8447265625,15445.3623046875,15684.1142578125,2705919
2016-11-18,15794.306640625,15794.306640625,15537.1904296875,15647.3828125,1024177
2016-11-21,15610.65234375,15647.3828125,15500.458984375,15647.3828125,888025
2016-11-22,15573.9208984375,15684.1142578125,15573.9208984375,15647.3828125,711280
2016-11-23,15647.3828125,15720.8447265625,15629.017578125,15684.1142578125,781166
2016-11-24,15684.1142578125,15684.1142578125,15445.3623046875,15610.65234375,1686207
2016-11-25,15537.1904296875,15610.65234375,15243.3427734375,15610.65234375,4495936
2016-11-28,15353.53515625,15610.65234375,15096.4189453125,15610.65234375,3015250
2016-11-29,15610.65234375,15610.65234375,15243.3427734375,15243.3427734375,2686916
2016-11-30,15078.0537109375,15426.9970703125,14839.3017578125,15426.9970703125,3978688
2016-12-01,15463.728515625,15500.458984375,15243.3427734375,15426.9970703125,1908799
2016-12-02,15243.3427734375,15500.458984375,15243.3427734375,15426.9970703125,1708613
2016-12-05,15426.9970703125,15482.09375,15206.611328125,15408.6318359375,1832079
2016-12-06,15390.2666015625,15390.2666015625,15041.322265625,15316.8046875,1532821
2016-12-07,15316.8046875,15463.728515625,15004.591796875,15426.9970703125,2671017
2016-12-08,15243.3427734375,15426.9970703125,15243.3427734375,15426.9970703125,1943048
2016-12-09,15426.9970703125,15426.9970703125,15133.1494140625,15426.9970703125,1921867
2016-12-12,15280.0732421875,15426.9970703125,15169.880859375,15426.9970703125,2058836
2016-12-13,15426.9970703125,15426.9970703125,15096.4189453125,15426.9970703125,3352023
2016-12-14,15426.9970703125,15610.65234375,15280.0732421875,15592.2861328125,2262370
2016-12-15,15537.1904296875,15573.9208984375,15371.900390625,15426.9970703125,1057963
2016-12-16,15426.9970703125,15610.65234375,15188.24609375,15610.65234375,8965873
2016-12-19,15647.3828125,15904.5,15647.3828125,15720.8447265625,1688467
2016-12-20,15665.748046875,15794.306640625,15371.900390625,15371.900390625,2386162
2016-12-21,15371.900390625,15371.900390625,15169.880859375,15206.611328125,2087749
2016-12-22,15280.0732421875,15463.728515625,15188.24609375,15426.9970703125,1817731
2016-12-23,15280.0732421875,15463.728515625,15280.0732421875,15463.728515625,768725
2016-12-26,15500.458984375,15500.458984375,15390.2666015625,15426.9970703125,559364
2016-12-27,15463.728515625,15665.748046875,15426.9970703125,15537.1904296875,708067
2016-12-28,15592.2861328125,15592.2861328125,15261.7080078125,15280.0732421875,3029843
2016-12-29,15280.0732421875,15445.3623046875,15280.0732421875,15390.2666015625,1053335
2016-12-30,15280.0732421875,15426.9970703125,15280.0732421875,15426.9970703125,1917729
2017-01-03,15426.9970703125,15426.9970703125,15280.0732421875,15280.0732421875,875283
2017-01-04,15280.0732421875,15445.3623046875,15280.0732421875,15445.3623046875,855164
2017-01-05,15390.2666015625,15573.9208984375,15390.2666015625,15537.1904296875,978602
2017-01-06,15573.9208984375,15977.9619140625,15555.5556640625,15831.0380859375,2314261
2017-01-09,15904.5,15977.9619140625,15867.7685546875,15867.7685546875,1249654
2017-01-10,15867.7685546875,15904.5,15739.2099609375,15757.576171875,1177535
2017-01-11,15757.576171875,15959.595703125,15647.3828125,15794.306640625,1129946
2017-01-12,15867.7685546875,15904.5,15739.2099609375,15794.306640625,1412569
2017-01-13,15812.671875,15959.595703125,15775.94140625,15904.5,1377693
2017-01-16,15904.5,15904.5,15739.2099609375,15739.2099609375,680516
2017-01-17,15794.306640625,15794.306640625,15537.1904296875,15665.748046875,1803465
2017-01-18,15537.1904296875,15665.748046875,15463.728515625,15463.728515625,2024097
2017-01-19,15463.728515625,15537.1904296875,15353.53515625,15426.9970703125,3159787
2017-01-20,15482.09375,15500.458984375,15371.900390625,15426.9970703125,1944654
2017-01-23,15500.458984375,15500.458984375,15316.8046875,15426.9970703125,1986744
2017-01-24,15500.458984375,15500.458984375,15243.3427734375,15243.3427734375,1468952
2017-01-25,15390.2666015625,15426.9970703125,15243.3427734375,15426.9970703125,2145411
2017-01-26,15426.9970703125,15426.9970703125,15426.9970703125,15426.9970703125,0
2017-02-03,15610.65234375,15610.65234375,15408.6318359375,15426.9970703125,1081567
2017-02-06,15610.65234375,15647.3828125,15426.9970703125,15573.9208984375,1288232
2017-02-07,15573.9208984375,15720.8447265625,15500.458984375,15720.8447265625,2163979
2017-02-08,15757.576171875,15757.576171875,15684.1142578125,15702.4794921875,911493
2017-02-09,15720.8447265625,15739.2099609375,15629.017578125,15665.748046875,768207
2017-02-10,15647.3828125,15702.4794921875,15445.3623046875,15610.65234375,2272089
2017-02-13,15610.65234375,15647.3828125,15537.1904296875,15610.65234375,860745
2017-02-14,15647.3828125,15739.2099609375,15592.2861328125,15629.017578125,1350741
2017-02-15,15647.3828125,16418.732421875,15647.3828125,16345.2705078125,6182416
2017-02-16,16345.2705078125,16418.732421875,16161.6162109375,16161.6162109375,2372549
2017-02-17,16198.3466796875,16198.3466796875,16014.6923828125,16161.6162109375,1885794
2017-02-20,16088.154296875,16675.849609375,15904.5,16639.119140625,2189026
2017-02-21,16639.119140625,17263.544921875,16639.119140625,17061.5234375,3516762
2017-02-22,17006.427734375,17190.08203125,16712.580078125,16786.04296875,2410746
2017-02-23,16786.04296875,16896.234375,16528.92578125,16620.75390625,1591764
2017-02-24,16620.75390625,16896.234375,16492.1953125,16620.75390625,1383819
2017-02-27,16639.119140625,17079.890625,16639.119140625,16877.869140625,2146963
2017-02-28,16969.697265625,16969.697265625,16528.92578125,16528.92578125,2748636
2017-03-01,16418.732421875,16657.484375,16271.80859375,16418.732421875,1772565
2017-03-02,16382.001953125,16510.560546875,16161.6162109375,16198.3466796875,2163516
2017-03-03,16326.9052734375,16492.1953125,16271.80859375,16345.2705078125,791049
2017-03-06,16492.1953125,16675.849609375,16382.001953125,16437.09765625,998912
2017-03-07,16437.09765625,16639.119140625,16382.001953125,16473.830078125,649642
2017-03-08,16473.830078125,16473.830078125,16161.6162109375,16345.2705078125,1509707
2017-03-09,16345.2705078125,16345.2705078125,16235.078125,16235.078125,738260
2017-03-10,16179.9814453125,16418.732421875,16161.6162109375,16235.078125,2290520
2017-03-13,16382.001953125,16418.732421875,16235.078125,16235.078125,987940
2017-03-14,16235.078125,16345.2705078125,16179.9814453125,16179.9814453125,1007542
2017-03-15,16198.3466796875,16235.078125,15904.5,15977.9619140625,1517902
2017-03-16,15867.7685546875,16161.6162109375,15867.7685546875,16161.6162109375,523672
2017-03-17,16235.078125,16455.462890625,16088.154296875,16088.154296875,2913673
2017-03-20,16271.80859375,16345.2705078125,15904.5,15904.5,3187149
2017-03-21,16088.154296875,16088.154296875,15059.6875,15224.9765625,18341046
2017-03-22,15224.9765625,15573.9208984375,15224.9765625,15298.4384765625,4072478
2017-03-23,15298.4384765625,15647.3828125,15298.4384765625,15610.65234375,2801289
2017-03-24,15537.1904296875,15592.2861328125,15482.09375,15555.5556640625,4253851
2017-03-27,15463.728515625,15573.9208984375,15426.9970703125,15555.5556640625,2876838
2017-03-28,15555.5556640625,15555.5556640625,15426.9970703125,15426.9970703125,1935561
2017-03-29,15537.1904296875,15573.9208984375,15426.9970703125,15500.458984375,1994285
2017-03-30,15537.1904296875,15555.5556640625,15426.9970703125,15500.458984375,1810952
2017-03-31,15463.728515625,15555.5556640625,15353.53515625,15353.53515625,1644988
2017-04-03,15390.2666015625,15426.9970703125,15243.3427734375,15243.3427734375,1697288
2017-04-04,15316.8046875,15426.9970703125,15261.7080078125,15426.9970703125,1441536
2017-04-05,15426.9970703125,15463.728515625,15280.0732421875,15280.0732421875,1433477
2017-04-07,15280.0732421875,15426.9970703125,15243.3427734375,15426.9970703125,1009829
2017-04-10,15426.9970703125,15610.65234375,15390.2666015625,15573.9208984375,2584550
2017-04-11,15463.728515625,15775.94140625,15463.728515625,15629.017578125,3297655
2017-04-12,15629.017578125,15757.576171875,15426.9970703125,15445.3623046875,1797176
2017-04-13,15445.3623046875,15702.4794921875,15445.3623046875,15573.9208984375,2343282
2017-04-14,15500.458984375,15555.5556640625,15316.8046875,15335.169921875,1905967
2017-04-17,15335.169921875,15426.9970703125,14967.8603515625,15335.169921875,3467893
2017-04-18,15243.3427734375,15426.9970703125,15169.880859375,15316.8046875,1145192
2017-04-19,15316.8046875,15316.8046875,15224.9765625,15243.3427734375,2616785
2017-04-20,15243.3427734375,15280.0732421875,14876.033203125,14912.763671875,3183990
2017-04-21,14765.83984375,15151.515625,14765.83984375,14876.033203125,1288205
2017-04-24,14802.5712890625,15022.95703125,14563.8203125,14692.3779296875,1151508
2017-04-25,14692.3779296875,14876.033203125,14692.3779296875,14820.9365234375,793962
2017-04-26,14839.3017578125,14876.033203125,14729.109375,14839.3017578125,1139393
2017-04-27,14839.3017578125,15059.6875,14839.3017578125,15022.95703125,1450983
2017-04-28,15022.95703125,15022.95703125,15022.95703125,15022.95703125,0
2017-05-03,15096.4189453125,15096.4189453125,14802.5712890625,14876.033203125,899786
2017-05-04,14894.3984375,14894.3984375,14729.109375,14802.5712890625,1892300
2017-05-05,14802.5712890625,14839.3017578125,14729.109375,14839.3017578125,1410336
2017-05-08,14839.3017578125,14894.3984375,14747.474609375,14839.3017578125,1245162
2017-05-09,14839.3017578125,15022.95703125,14802.5712890625,14967.8603515625,1578968
2017-05-10,14894.3984375,14986.2255859375,14839.3017578125,14857.66796875,1967087
2017-05-11,14876.033203125,15004.591796875,14857.66796875,14876.033203125,2345025
2017-05-12,14839.3017578125,14912.763671875,14802.5712890625,14876.033203125,1015002
2017-05-15,14876.033203125,15169.880859375,14802.5712890625,15022.95703125,1784816
2017-05-16,15059.6875,15243.3427734375,14986.2255859375,15243.3427734375,2741584
2017-05-17,15169.880859375,15316.8046875,15114.7841796875,15169.880859375,1465086
2017-05-18,15169.880859375,15316.8046875,15078.0537109375,15169.880859375,2220089
2017-05-19,15169.880859375,15169.880859375,14949.4951171875,15022.95703125,1756094
2017-05-22,14986.2255859375,15206.611328125,14986.2255859375,15133.1494140625,2248322
2017-05-23,15133.1494140625,15133.1494140625,14986.2255859375,15004.591796875,2175331
2017-05-24,15004.591796875,15041.322265625,14839.3017578125,14876.033203125,3831047
2017-05-25,14802.5712890625,14876.033203125,14674.0126953125,14710.744140625,4960993
2017-05-26,14729.109375,14876.033203125,14692.3779296875,14876.033203125,1972777
2017-05-29,14876.033203125,14967.8603515625,14692.3779296875,14931.1298828125,2136835
2017-05-30,14802.5712890625,14912.763671875,14784.2060546875,14784.2060546875,1812994
2017-05-31,14802.5712890625,14949.4951171875,14765.83984375,14784.2060546875,1725983
2017-06-01,14876.033203125,14931.1298828125,14784.2060546875,14894.3984375,1935398
2017-06-02,14894.3984375,14931.1298828125,14839.3017578125,14912.763671875,1716590
2017-06-05,14876.033203125,14931.1298828125,14784.2060546875,14912.763671875,1345187
2017-06-06,14967.8603515625,14967.8603515625,14894.3984375,14931.1298828125,1196647
2017-06-07,14931.1298828125,15059.6875,14931.1298828125,15059.6875,1346221
2017-06-08,15096.4189453125,15353.53515625,14949.4951171875,15169.880859375,1911821
2017-06-09,15206.611328125,15353.53515625,15206.611328125,15280.0732421875,1465358
2017-06-12,15353.53515625,15555.5556640625,15280.0732421875,15555.5556640625,3131120
2017-06-13,15629.017578125,15794.306640625,15518.82421875,15794.306640625,2594733
2017-06-14,15794.306640625,15831.0380859375,15133.1494140625,15243.3427734375,4997965
2017-06-15,15280.0732421875,15537.1904296875,15280.0732421875,15537.1904296875,2116199
2017-06-16,15739.2099609375,15794.306640625,15573.9208984375,15794.306640625,9966092
2017-06-19,15610.65234375,15831.0380859375,15555.5556640625,15831.0380859375,2058264
2017-06-20,15867.7685546875,15867.7685546875,15537.1904296875,15537.1904296875,1293650
2017-06-21,15537.1904296875,15720.8447265625,15408.6318359375,15720.8447265625,1514499
2017-06-22,15665.748046875,15684.1142578125,15463.728515625,15463.728515625,792819
2017-06-23,15353.53515625,15463.728515625,15353.53515625,15445.3623046875,1230815
2017-06-26,15445.3623046875,15775.94140625,15445.3623046875,15720.8447265625,1578668
2017-06-27,15720.8447265625,15720.8447265625,15610.65234375,15647.3828125,592089
2017-06-28,15647.3828125,15647.3828125,15518.82421875,15592.2861328125,655387
2017-06-29,15720.8447265625,15720.8447265625,15537.1904296875,15555.5556640625,467534
2017-06-30,15647.3828125,15684.1142578125,15518.82421875,15684.1142578125,1231223
2017-07-03,15684.1142578125,15684.1142578125,15500.458984375,15537.1904296875,1463670
2017-07-04,15500.458984375,15537.1904296875,15243.3427734375,15426.9970703125,2554902
2017-07-05,15537.1904296875,15573.9208984375,15298.4384765625,15426.9970703125,1343580
2017-07-06,15610.65234375,15610.65234375,15426.9970703125,15573.9208984375,882797
2017-07-07,15665.748046875,15684.1142578125,15426.9970703125,15426.9970703125,650405
2017-07-10,15537.1904296875,15537.1904296875,15059.6875,15096.4189453125,1513192
2017-07-11,15096.4189453125,15463.728515625,15096.4189453125,15463.728515625,1187037
2017-07-12,15592.2861328125,15647.3828125,15426.9970703125,15647.3828125,1251696
2017-07-13,15647.3828125,15647.3828125,15647.3828125,15647.3828125,0
2017-07-14,15647.3828125,15647.3828125,15500.458984375,15647.3828125,966895
2017-07-17,15610.65234375,15610.65234375,15353.53515625,15573.9208984375,1331955
2017-07-18,15243.3427734375,15537.1904296875,15243.3427734375,15537.1904296875,398083
2017-07-19,15610.65234375,15610.65234375,15408.6318359375,15426.9970703125,817103
2017-07-20,15426.9970703125,15573.9208984375,15353.53515625,15573.9208984375,705889
2017-07-21,15463.728515625,15592.2861328125,15298.4384765625,15592.2861328125,1533802
2017-07-24,15592.2861328125,15592.2861328125,15390.2666015625,15500.458984375,606491
2017-07-25,15353.53515625,15463.728515625,15353.53515625,15426.9970703125,527402
2017-07-26,15426.9970703125,15647.3828125,15353.53515625,15647.3828125,1383737
2017-07-27,15463.728515625,15647.3828125,15463.728515625,15537.1904296875,693447
2017-07-28,15537.1904296875,15537.1904296875,15537.1904296875,15537.1904296875,0
2017-07-31,16014.6923828125,16345.2705078125,15977.9619140625,16345.2705078125,3388314
2017-08-01,16345.2705078125,16345.2705078125,16161.6162109375,16308.5400390625,1101550
2017-08-02,16124.884765625,16345.2705078125,16124.884765625,16308.5400390625,1058644
2017-08-03,16235.078125,16455.462890625,16161.6162109375,16308.5400390625,1311945
2017-08-04,16382.001953125,16492.1953125,16308.5400390625,16363.63671875,1187772
2017-08-07,16363.63671875,16382.001953125,16271.80859375,16345.2705078125,932919
2017-08-08,16345.2705078125,16492.1953125,16345.2705078125,16492.1953125,1784598
2017-08-09,16271.80859375,16528.92578125,15977.9619140625,15977.9619140625,1719912
2017-08-10,15977.9619140625,16088.154296875,15794.306640625,15867.7685546875,486401
2017-08-11,15867.7685546875,16051.4228515625,15757.576171875,15977.9619140625,341210
2017-08-14,15977.9619140625,15996.3271484375,15867.7685546875,15977.9619140625,620430
2017-08-15,15941.23046875,15977.9619140625,15610.65234375,15647.3828125,1383710
2017-08-16,15610.65234375,15739.2099609375,15573.9208984375,15720.8447265625,706597
2017-08-17,15794.306640625,15794.306640625,15573.9208984375,15702.4794921875,909369
2017-08-18,15702.4794921875,15831.0380859375,15573.9208984375,15702.4794921875,1424820
2017-08-21,15537.1904296875,15757.576171875,15537.1904296875,15757.576171875,810651
2017-08-22,15647.3828125,15794.306640625,15647.3828125,15720.8447265625,596418
2017-08-23,15886.1337890625,15904.5,15720.8447265625,15904.5,38637720
2017-08-24,15977.9619140625,16143.2509765625,15904.5,15996.3271484375,106583152
2017-08-25,15996.3271484375,16437.09765625,15996.3271484375,16363.63671875,1702488
2017-08-28,16363.63671875,16712.580078125,16198.3466796875,16712.580078125,2219518
2017-08-29,16712.580078125,16712.580078125,16712.580078125,16712.580078125,0
2017-08-30,16914.599609375,18071.625,16914.599609375,18071.625,4325317
2017-08-31,17998.1640625,18585.859375,17814.5078125,17998.1640625,3988163
2017-09-01,17887.970703125,18328.7421875,17887.970703125,18145.087890625,1671369
2017-09-04,18145.087890625,18145.087890625,18145.087890625,18145.087890625,0
2017-09-05,18328.7421875,18475.666015625,18218.548828125,18438.935546875,2951026
2017-09-06,18438.935546875,18438.935546875,17998.1640625,18365.47265625,2660263
2017-09-07,18365.47265625,18365.47265625,18145.087890625,18347.107421875,1275382
2017-09-08,18365.47265625,18842.974609375,18126.72265625,18585.859375,4559234
2017-09-11,18512.396484375,18512.396484375,18108.35546875,18108.35546875,1847025
2017-09-12,17851.240234375,18108.35546875,17851.240234375,18108.35546875,4798814
2017-09-13,18108.35546875,18126.72265625,17630.853515625,17667.583984375,2676299
2017-09-14,17465.564453125,18365.47265625,17465.564453125,18053.259765625,2826118
2017-09-15,17704.31640625,18181.818359375,17704.31640625,17961.431640625,9625725
2017-09-18,17961.431640625,18145.087890625,17924.701171875,17998.1640625,842341
2017-09-19,17998.1640625,18108.35546875,17943.06640625,18034.89453125,1843595
2017-09-20,18034.89453125,18053.259765625,17887.970703125,17998.1640625,1598134
2017-09-21,17998.1640625,18034.89453125,17649.21875,18034.89453125,1749560
2017-09-22,18071.625,18255.279296875,17741.046875,18034.89453125,1730012
2017-09-25,17998.1640625,18108.35546875,17924.701171875,17998.1640625,2698133
2017-09-26,17998.1640625,18347.107421875,17924.701171875,18145.087890625,2987154
2017-09-27,18292.01171875,18916.4375,18292.01171875,18769.513671875,4388697
2017-09-28,18879.70703125,19026.630859375,18659.3203125,18659.3203125,2184207
2017-09-29,18549.126953125,18806.244140625,18549.126953125,18806.244140625,2100299
2017-10-02,18806.244140625,18842.974609375,18696.05078125,18732.783203125,1957749
2017-10-03,18769.513671875,19283.74609375,18769.513671875,18769.513671875,8004449
2017-10-04,18879.70703125,19100.091796875,18806.244140625,19100.091796875,5256603
2017-10-05,19136.822265625,19540.86328125,19100.091796875,19357.208984375,4464518
2017-10-06,19357.208984375,19430.669921875,19210.28515625,19320.4765625,3393460
2017-10-09,19247.015625,19247.015625,18842.974609375,19100.091796875,1785551
2017-10-10,18916.4375,19173.5546875,18622.58984375,19173.5546875,4933714
2017-10-11,19173.5546875,20165.2890625,19173.5546875,20165.2890625,4956910
2017-10-12,20018.365234375,20495.8671875,19797.98046875,20202.01953125,2601403
2017-10-13,20018.365234375,20569.330078125,19981.634765625,20569.330078125,3168146
2017-10-16,20569.330078125,20642.791015625,20055.095703125,20055.095703125,3170324
2017-10-17,20128.55859375,20495.8671875,20018.365234375,20312.212890625,1665462
2017-10-18,20312.212890625,20459.13671875,20165.2890625,20165.2890625,1756584
2017-10-19,20165.2890625,20275.482421875,20018.365234375,20202.01953125,1775805
2017-10-20,20202.01953125,20495.8671875,20055.095703125,20312.212890625,4628059
2017-10-23,20348.943359375,20422.40625,20202.01953125,20348.943359375,2837906
2017-10-24,20385.67578125,20495.8671875,20091.828125,20385.67578125,2765896
2017-10-25,20385.67578125,20422.40625,20202.01953125,20312.212890625,1740957
2017-10-26,20312.212890625,20348.943359375,19467.400390625,20312.212890625,3879018
2017-10-27,20495.8671875,21083.5625,20275.482421875,20936.638671875,5121131
2017-10-30,21083.5625,21487.603515625,20973.369140625,21303.94921875,4138499
2017-10-31,21414.140625,21597.796875,21193.755859375,21487.603515625,3336995
2017-11-01,21524.333984375,21597.796875,21377.41015625,21524.333984375,3930636
2017-11-02,21524.333984375,22038.568359375,21487.603515625,22038.568359375,3803250
2017-11-03,22001.8359375,22258.953125,21671.2578125,22112.029296875,3343121
2017-11-06,22185.4921875,22332.416015625,22038.568359375,22222.22265625,2785689
2017-11-07,22332.416015625,22956.841796875,22148.759765625,22773.185546875,4479601
2017-11-08,23507.8046875,24095.5,22956.841796875,24058.76953125,5531412
2017-11-09,24793.388671875,25711.662109375,24609.734375,25197.4296875,5180400
2017-11-10,24903.58203125,25711.662109375,23985.30859375,24242.423828125,5547529
2017-11-13,24242.423828125,25197.4296875,23985.30859375,25197.4296875,3302964
2017-11-14,25160.697265625,25528.0078125,24756.658203125,25197.4296875,4621334
2017-11-15,25197.4296875,25528.0078125,24719.92578125,25344.353515625,6577206
2017-11-16,24977.04296875,25674.931640625,24977.04296875,25674.931640625,3945855
2017-11-17,25785.123046875,26446.28125,25674.931640625,26225.89453125,4281457
2017-11-20,26372.818359375,28025.7109375,26262.626953125,28025.7109375,5333295
2017-11-21,28650.138671875,29972.451171875,28099.173828125,28282.828125,10247571
2017-11-22,28282.828125,28943.984375,26997.24609375,27915.51953125,4548399
2017-11-23,27915.51953125,28576.67578125,27621.671875,28099.173828125,3545021
2017-11-24,28099.173828125,28099.173828125,27364.5546875,27364.5546875,2336667
2017-11-27,27180.900390625,29201.1015625,26446.28125,27915.51953125,5860698
2017-11-28,28466.482421875,28980.716796875,27915.51953125,27988.98046875,4863065
2017-11-29,28282.828125,28282.828125,27952.25,27988.98046875,3606277
2017-11-30,27988.98046875,28172.634765625,27364.5546875,27364.5546875,4704534
2017-12-01,27364.5546875,27695.1328125,27107.4375,27401.28515625,2630561
2017-12-04,27584.939453125,28356.291015625,27364.5546875,27952.25,4672408
2017-12-05,28282.828125,28833.79296875,26005.509765625,26813.58984375,10025252
2017-12-06,27033.9765625,27033.9765625,25674.931640625,26813.58984375,7298396
2017-12-07,26629.935546875,27107.4375,26078.970703125,26446.28125,2749915
2017-12-08,26152.43359375,26997.24609375,25528.0078125,26813.58984375,4811447
2017-12-11,26446.28125,26887.052734375,26078.970703125,26446.28125,2880159
2017-12-12,26813.58984375,26850.322265625,25344.353515625,26152.43359375,3099484
2017-12-13,26262.626953125,26519.7421875,26042.240234375,26446.28125,1490841
2017-12-14,26409.55078125,26629.935546875,26078.970703125,26446.28125,1299204
2017-12-15,25968.779296875,26336.087890625,25748.392578125,25785.123046875,11395105
2017-12-18,26225.89453125,27180.900390625,26225.89453125,27180.900390625,3266156
2017-12-19,27401.28515625,27731.86328125,26923.783203125,26997.24609375,2739678
2017-12-20,26923.783203125,27144.169921875,26593.205078125,26997.24609375,4102181
2017-12-21,27144.169921875,27731.86328125,26813.58984375,26813.58984375,4686919
2017-12-22,27070.70703125,27768.595703125,26960.513671875,27768.595703125,6139074
2017-12-25,27915.51953125,28650.138671875,27842.056640625,28650.138671875,3810247
2017-12-26,28760.330078125,29017.447265625,28576.67578125,28650.138671875,6283747
2017-12-27,28650.138671875,29017.447265625,28172.634765625,28356.291015625,7964319
2017-12-28,28466.482421875,28833.79296875,28429.751953125,28429.751953125,3020042
2017-12-29,28503.21484375,29348.025390625,28282.828125,28393.021484375,5732359
2018-01-01,28393.021484375,28393.021484375,28393.021484375,28393.021484375,0
2018-01-02,28503.21484375,28833.79296875,28429.751953125,28723.599609375,3907141
2018-01-03,29201.1015625,30560.146484375,28870.5234375,29568.412109375,13651540
2018-01-04,29935.720703125,30523.416015625,29568.412109375,29752.06640625,7997316
2018-01-05,29752.06640625,29752.06640625,29017.447265625,29384.755859375,7691498
2018-01-08,29384.755859375,30082.64453125,29054.177734375,29494.94921875,10832800
2018-01-09,29715.3359375,30303.03125,29384.755859375,29605.142578125,8921251
2018-01-10,29752.06640625,30229.568359375,29605.142578125,29678.603515625,9597574
2018-01-11,29678.603515625,30192.837890625,29421.48828125,29752.06640625,8806007
2018-01-12,29935.720703125,31698.806640625,29862.259765625,31368.228515625,15359827
2018-01-15,31735.537109375,32617.080078125,31625.34375,32029.384765625,10868955
2018-01-16,32029.384765625,32139.578125,31221.3046875,31588.61328125,10982428
2018-01-17,31588.61328125,31588.61328125,31588.61328125,31588.61328125,0
2018-01-18,30486.685546875,31000.91796875,29568.412109375,31000.91796875,6851307
2018-01-19,31221.3046875,31662.076171875,30853.994140625,30853.994140625,12380487
2018-01-22,30853.994140625,30853.994140625,30853.994140625,30853.994140625,0
2018-01-23,30853.994140625,30853.994140625,30853.994140625,30853.994140625,0
2018-01-24,30853.994140625,30853.994140625,30853.994140625,30853.994140625,0
2018-01-25,31221.3046875,32874.1953125,31221.3046875,31258.03515625,17692683
2018-01-26,31588.61328125,31772.267578125,31184.572265625,31404.958984375,5118163
2018-01-29,31588.61328125,32066.115234375,31294.765625,31404.958984375,4487850
2018-01-30,31404.958984375,31515.15234375,30670.33984375,31221.3046875,6883732
2018-01-31,31404.958984375,32470.15625,31258.03515625,31588.61328125,14058744
2018-02-01,32139.578125,32249.76953125,31221.3046875,31809.0,6655559
2018-02-02,31772.267578125,32506.88671875,31772.267578125,32029.384765625,11274607
2018-02-05,31368.228515625,31588.61328125,29788.796875,29788.796875,7044359
2018-02-06,27731.86328125,29788.796875,27731.86328125,29788.796875,17469874
2018-02-07,30119.375,30449.953125,29752.06640625,29752.06640625,4272255
2018-02-08,29384.755859375,29752.06640625,29017.447265625,29017.447265625,2820455
2018-02-09,27915.51953125,28870.5234375,27364.5546875,28723.599609375,4116610
2018-02-12,29017.447265625,30707.0703125,29017.447265625,30707.0703125,3821273
2018-02-13,31221.3046875,31955.923828125,30853.994140625,31625.34375,3705703
2018-02-14,31625.34375,31625.34375,31625.34375,31625.34375,0
2018-02-15,31625.34375,31625.34375,31625.34375,31625.34375,0
2018-02-16,31625.34375,31625.34375,31625.34375,31625.34375,0
2018-02-19,31625.34375,31625.34375,31625.34375,31625.34375,0
2018-02-20,31625.34375,31625.34375,31625.34375,31625.34375,0
2018-02-21,32286.501953125,33792.46875,32066.115234375,33057.8515625,8256199
2018-02-22,33057.8515625,33792.46875,32727.2734375,33241.5078125,5607533
2018-02-23,33425.16015625,33792.46875,33425.16015625,33645.546875,3581966
2018-02-26,33792.46875,35445.36328125,33792.46875,34894.3984375,7251787
2018-02-27,35445.36328125,35592.28515625,33976.125,34343.43359375,6294610
2018-02-28,34343.43359375,34343.43359375,34343.43359375,34343.43359375,0
2018-03-01,34674.01171875,35188.24609375,34269.97265625,34527.08984375,3345789
2018-03-02,33792.46875,35078.0546875,33792.46875,34710.7421875,2385753
2018-03-05,34894.3984375,36584.0234375,34527.08984375,34527.08984375,5330627
2018-03-06,35261.70703125,36179.98046875,34527.08984375,36179.98046875,4256873
2018-03-07,36179.98046875,36730.9453125,35445.36328125,36216.7109375,4233160
2018-03-08,35996.328125,38347.109375,35959.59765625,37906.3359375,6799824
2018-03-09,37906.3359375,38934.80078125,36730.9453125,38016.52734375,8694004
2018-03-12,37832.875,38236.9140625,36620.75390625,36730.9453125,11315690
2018-03-13,36730.9453125,37796.14453125,36694.21484375,37685.94921875,3714905
2018-03-14,37649.21875,38530.76171875,37649.21875,37649.21875,5576769
2018-03-15,37796.14453125,37796.14453125,36547.29296875,36547.29296875,7581182
2018-03-16,36510.55859375,37098.25390625,36510.55859375,36620.75390625,8412715
2018-03-19,36804.40625,38567.4921875,36804.40625,38347.109375,3269749
2018-03-20,37832.875,38751.1484375,37832.875,38273.64453125,2846809
2018-03-21,38530.76171875,39889.80859375,38383.83984375,39669.421875,9583744
2018-03-22,40036.73046875,40661.15625,39669.421875,39669.421875,6158757
2018-03-23,38787.87890625,40844.8125,38751.1484375,40220.38671875,9406455
2018-03-26,40404.0390625,43011.9375,39853.078125,41799.81640625,12746636
2018-03-27,42975.20703125,43269.0546875,41469.23828125,41505.96875,8573724
2018-03-28,41505.96875,42607.8984375,41212.12109375,42056.93359375,3953805
2018-03-29,42056.93359375,42424.2421875,41689.625,42240.5859375,4302366
2018-03-30,42277.3203125,43048.66796875,41873.27734375,43048.66796875,4720678
2018-04-02,43599.6328125,45730.02734375,43342.515625,45179.0625,6692966
2018-04-03,44885.21484375,45179.0625,44370.984375,44921.9453125,6568412
2018-04-04,45179.0625,47346.1875,45179.0625,46831.95703125,5279090
2018-04-05,48484.84765625,48852.15625,47640.03515625,48117.5390625,8684911
2018-04-06,47750.23046875,48668.50390625,47640.03515625,48631.7734375,5320826
2018-04-09,49586.77734375,49770.4296875,48852.15625,49550.046875,8737836
2018-04-10,49586.77734375,50247.93359375,48117.5390625,48117.5390625,12232110
2018-04-11,48337.92578125,49035.8125,45546.37109375,46280.9921875,8755859
2018-04-12,45546.37109375,46942.1484375,44591.3671875,46648.30078125,9781207
2018-04-13,47015.609375,47970.6171875,46648.30078125,46868.6875,5698764
2018-04-16,47015.609375,47456.3828125,45730.02734375,47272.7265625,4591741
2018-04-17,47750.23046875,48484.84765625,46831.95703125,47750.23046875,6270162
2018-04-18,48117.5390625,48484.84765625,47713.5,47713.5,6279065
2018-04-19,47235.99609375,47382.921875,44407.71484375,44407.71484375,14999069
2018-04-20,44407.71484375,45730.02734375,41836.546875,45179.0625,11339212
2018-04-23,45546.37109375,46207.53125,45105.6015625,45252.5234375,13160782
2018-04-24,44077.13671875,46868.6875,43415.9765625,46648.30078125,23737477
2018-04-25,46648.30078125,46648.30078125,46648.30078125,46648.30078125,0
2018-04-26,46574.83984375,46648.30078125,45142.33203125,46648.30078125,17517762
2018-04-27,45068.87109375,46464.64453125,44811.75390625,46280.9921875,8210597
2018-04-30,46280.9921875,46280.9921875,46280.9921875,46280.9921875,0
2018-05-01,46280.9921875,46280.9921875,46280.9921875,46280.9921875,0
2018-05-02,46280.9921875,46280.9921875,44077.13671875,45913.68359375,14168434
2018-05-03,45179.0625,46317.72265625,44811.75390625,45179.0625,12872715
2018-05-04,44664.83203125,45950.4140625,44077.13671875,45730.02734375,8750577
2018-05-07,45362.71875,45913.68359375,45362.71875,45766.7578125,2885359
2018-05-08,45766.7578125,45876.953125,45252.5234375,45509.640625,3439987
2018-05-09,45032.140625,45252.5234375,44738.29296875,45142.33203125,4590026
2018-05-10,45105.6015625,45105.6015625,44077.13671875,44260.7890625,4855061
2018-05-11,44113.8671875,45546.37109375,43709.82421875,45546.37109375,3673523
2018-05-14,45913.68359375,48484.84765625,45913.68359375,48484.84765625,6440536
2018-05-15,49182.73828125,49513.31640625,48484.84765625,48484.84765625,4665058
2018-05-16,48484.84765625,48484.84765625,47015.609375,47750.23046875,2393649
2018-05-17,47750.23046875,47750.23046875,44995.41015625,45179.0625,4826039
2018-05-18,44811.75390625,45913.68359375,44260.7890625,45179.0625,4147102
2018-05-21,45179.0625,45179.0625,42020.203125,42020.203125,6141578
2018-05-22,40697.88671875,41873.27734375,39081.7265625,39081.7265625,7052445
2018-05-23,37134.984375,39044.99609375,36363.63671875,37832.875,6426243
2018-05-24,37832.875,38567.4921875,37171.71875,38236.9140625,8255572
2018-05-25,38236.9140625,40624.42578125,36730.9453125,39302.11328125,7231994
2018-05-28,37759.4140625,40771.3515625,37649.21875,40771.3515625,8588425
2018-05-29,39044.99609375,40955.00390625,38971.53515625,40404.0390625,4624710
2018-05-30,40440.76953125,41689.625,38898.0703125,40771.3515625,4975395
2018-05-31,41065.19921875,42975.20703125,40036.73046875,42607.8984375,15156266
2018-06-01,42387.51171875,44077.13671875,41873.27734375,43709.82421875,11509913
2018-06-04,43709.82421875,44113.8671875,43526.171875,44077.13671875,2454442
2018-06-05,44077.13671875,44995.41015625,43562.90234375,44481.17578125,2713733
2018-06-06,44077.13671875,45693.296875,43232.32421875,45583.10546875,5589728
2018-06-07,45876.953125,46060.60546875,45252.5234375,45619.8359375,4016694
2018-06-08,45252.5234375,45840.21875,44811.75390625,45619.8359375,2458036
2018-06-11,45546.37109375,45950.4140625,44995.41015625,45656.56640625,3905099
2018-06-12,44077.13671875,45766.7578125,44077.13671875,45693.296875,5679870
2018-06-13,44811.75390625,47015.609375,44811.75390625,47015.609375,4963743
2018-06-14,47309.45703125,47309.45703125,45913.68359375,46280.9921875,4296785
2018-06-15,46280.9921875,46574.83984375,45362.71875,45362.71875,12988557
2018-06-18,45362.71875,46244.26171875,44995.41015625,45325.98828125,3842781
2018-06-19,44628.09765625,45325.98828125,42975.20703125,45179.0625,5511183
2018-06-20,45179.0625,45913.68359375,44811.75390625,45913.68359375,2374373
2018-06-21,45913.68359375,46097.3359375,44885.21484375,45546.37109375,4629121
2018-06-22,45876.953125,45876.953125,45105.6015625,45105.6015625,1256760
2018-06-25,45913.68359375,45913.68359375,45179.0625,45436.1796875,1531814
2018-06-26,44444.4453125,45509.640625,44260.7890625,45399.44921875,2075416
2018-06-27,45399.44921875,46207.53125,45179.0625,45987.14453125,3206315
2018-06-28,46666.66796875,49200.0,46666.66796875,47777.77734375,2684947
2018-06-29,46711.109375,47911.109375,46711.109375,47777.77734375,6677662
2018-07-02,47111.109375,48222.22265625,47111.109375,47644.4453125,2144700
2018-07-03,47111.109375,47555.5546875,44311.109375,44311.109375,7218675
2018-07-04,44222.22265625,47200.0,43111.109375,46666.66796875,4434772
2018-07-05,46222.22265625,47688.890625,45777.77734375,47333.33203125,3195180
2018-07-06,46266.66796875,47511.109375,45244.4453125,47200.0,3221145
2018-07-09,47111.109375,47688.890625,46444.4453125,46666.66796875,1579477
2018-07-10,46666.66796875,47333.33203125,45555.5546875,45777.77734375,1788817
2018-07-11,44888.890625,46444.4453125,44444.4453125,46444.4453125,1890270
2018-07-12,46622.22265625,46622.22265625,44888.890625,45777.77734375,804847
2018-07-13,46311.109375,46311.109375,45333.33203125,45777.77734375,1269090
2018-07-16,46000.0,46000.0,44888.890625,45555.5546875,2415015
2018-07-17,44888.890625,46266.66796875,44444.4453125,46222.22265625,2717617
2018-07-18,45555.5546875,46666.66796875,45555.5546875,46666.66796875,4317277
2018-07-19,46666.66796875,46666.66796875,45777.77734375,46666.66796875,6428835
2018-07-20,46000.0,46666.66796875,46000.0,46044.4453125,4922077
2018-07-23,46044.4453125,47333.33203125,45911.109375,46222.22265625,2825572
2018-07-24,46222.22265625,46222.22265625,46222.22265625,46222.22265625,0
2018-07-25,46444.4453125,46844.4453125,46266.66796875,46400.0,1700032
2018-07-26,46800.0,47111.109375,46400.0,47111.109375,2919307
2018-07-27,47555.5546875,47822.22265625,46977.77734375,47288.890625,2672077
2018-07-30,47511.109375,47511.109375,46933.33203125,47288.890625,2605950
2018-07-31,47111.109375,47777.77734375,46711.109375,47288.890625,4281502
2018-08-01,47244.4453125,47777.77734375,47244.4453125,47333.33203125,2851582
2018-08-02,47333.33203125,47733.33203125,47200.0,47422.22265625,3665767
2018-08-03,47644.4453125,50088.890625,47466.66796875,49555.5546875,5694952
2018-08-06,49777.77734375,50177.77734375,48755.5546875,49555.5546875,8257140
2018-08-07,49333.33203125,49555.5546875,48844.4453125,49022.22265625,2483415
2018-08-08,48755.5546875,49288.890625,48266.66796875,48355.5546875,3639847
2018-08-09,47777.77734375,48311.109375,46222.22265625,46311.109375,6343290
2018-08-10,46222.22265625,47022.22265625,44888.890625,46311.109375,4241722
2018-08-13,46000.0,46222.22265625,45066.66796875,45688.890625,3892927
2018-08-14,45688.890625,46488.890625,45244.4453125,45911.109375,2627280
2018-08-15,45911.109375,46355.5546875,45288.890625,45288.890625,1450822
2018-08-16,44488.890625,45822.22265625,44488.890625,45377.77734375,2757397
2018-08-17,45377.77734375,45911.109375,45377.77734375,45466.66796875,1011442
2018-08-20,45333.33203125,45866.66796875,45333.33203125,45600.0,2250000
2018-08-21,45555.5546875,45822.22265625,45333.33203125,45822.22265625,2344297
2018-08-22,46000.0,46266.66796875,45822.22265625,46044.4453125,1789807
2018-08-23,46222.22265625,47066.66796875,46222.22265625,46488.890625,4068855
2018-08-24,46488.890625,46711.109375,46133.33203125,46222.22265625,2837902
2018-08-27,46266.66796875,46666.66796875,46133.33203125,46311.109375,1888560
2018-08-28,46044.4453125,46444.4453125,46000.0,46311.109375,1389645
2018-08-29,46311.109375,46311.109375,45777.77734375,45777.77734375,1200870
2018-08-30,45777.77734375,46000.0,45555.5546875,45955.5546875,2638282
2018-08-31,45911.109375,45955.5546875,45111.109375,45955.5546875,4075267
2018-09-03,45955.5546875,45955.5546875,45955.5546875,45955.5546875,0
2018-09-04,45955.5546875,45955.5546875,45333.33203125,45377.77734375,772177
2018-09-05,45377.77734375,45688.890625,45111.109375,45111.109375,1373625
2018-09-06,44933.33203125,45111.109375,43555.5546875,43555.5546875,2067615
2018-09-07,42711.109375,44000.0,42711.109375,43200.0,1572367
2018-09-10,43555.5546875,44400.0,43155.5546875,44133.33203125,2017012
2018-09-11,43777.77734375,45333.33203125,43777.77734375,44977.77734375,1634332
2018-09-12,44977.77734375,45777.77734375,44933.33203125,45066.66796875,1416960
2018-09-13,45066.66796875,45333.33203125,44444.4453125,44577.77734375,950715
2018-09-14,44577.77734375,45111.109375,44311.109375,44888.890625,1382332
2018-09-17,44800.0,45022.22265625,43955.5546875,44000.0,1047712
2018-09-18,43555.5546875,44266.66796875,43555.5546875,44266.66796875,1379610
2018-09-19,44266.66796875,44488.890625,43777.77734375,43822.22265625,937057
2018-09-20,43644.4453125,44222.22265625,43644.4453125,43777.77734375,1011195
2018-09-21,43777.77734375,44133.33203125,43733.33203125,43822.22265625,3566205
2018-09-24,43822.22265625,44577.77734375,43822.22265625,44266.66796875,728122
2018-09-25,44266.66796875,44266.66796875,44088.890625,44222.22265625,960120
2018-09-26,44088.890625,44133.33203125,44000.0,44000.0,1136655
2018-09-27,44000.0,44088.890625,43777.77734375,43822.22265625,1119285
2018-09-28,43822.22265625,43822.22265625,43600.0,43688.890625,1930297
2018-10-01,44400.0,45555.5546875,43777.77734375,43777.77734375,2856172
2018-10-02,44400.0,45333.33203125,44311.109375,45333.33203125,2715390
2018-10-03,45777.77734375,46177.77734375,45244.4453125,45422.22265625,1935855
2018-10-04,45377.77734375,45422.22265625,44711.109375,44711.109375,1429087
2018-10-05,44400.0,44622.22265625,43688.890625,43777.77734375,4203135
2018-10-08,43377.77734375,43688.890625,42844.4453125,42933.33203125,3973725
2018-10-09,42933.33203125,43244.4453125,42711.109375,42933.33203125,2125327
2018-10-10,42933.33203125,43422.22265625,42888.890625,42933.33203125,2730195
2018-10-11,40888.890625,41955.5546875,39955.5546875,41333.33203125,7371360
2018-10-12,41333.33203125,43333.33203125,41244.4453125,42666.66796875,3905190
2018-10-15,42666.66796875,42977.77734375,41777.77734375,42444.4453125,1621125
2018-10-16,42222.22265625,43822.22265625,41866.66796875,43822.22265625,2904120
2018-10-17,43822.22265625,44266.66796875,43644.4453125,44000.0,2948467
2018-10-18,43777.77734375,44088.890625,43555.5546875,44044.4453125,2016315
2018-10-19,42888.890625,44044.4453125,42888.890625,44044.4453125,2060707
2018-10-22,43600.0,44266.66796875,43155.5546875,44044.4453125,1208092
2018-10-23,43600.0,44000.0,42888.890625,44000.0,1369687
2018-10-24,43555.5546875,44222.22265625,43333.33203125,43911.109375,1532902
2018-10-25,42977.77734375,43644.4453125,42044.4453125,43022.22265625,909112
2018-10-26,42755.5546875,43555.5546875,42533.33203125,42844.4453125,1469497
2018-10-29,42444.4453125,43422.22265625,42222.22265625,43200.0,1448325
2018-10-30,42444.4453125,43244.4453125,42444.4453125,42933.33203125,1017180
2018-10-31,42488.890625,43200.0,42488.890625,43200.0,1310557
2018-11-01,42888.890625,43022.22265625,42222.22265625,42444.4453125,2756295
2018-11-02,42488.890625,42977.77734375,42444.4453125,42666.66796875,3339135
2018-11-05,42666.66796875,42888.890625,42266.66796875,42666.66796875,1494292
2018-11-06,42666.66796875,42888.890625,42400.0,42577.77734375,1343632
2018-11-07,42800.0,42800.0,41911.109375,42666.66796875,1368405
2018-11-08,42666.66796875,42933.33203125,42577.77734375,42666.66796875,861817
2018-11-09,42222.22265625,42666.66796875,42222.22265625,42622.22265625,1355782
2018-11-12,42577.77734375,42666.66796875,42444.4453125,42622.22265625,1622227
2018-11-13,42133.33203125,42222.22265625,41466.66796875,41466.66796875,1347300
2018-11-14,41600.0,42266.66796875,41511.109375,42088.890625,1014637
2018-11-15,42088.890625,42088.890625,40400.0,40755.5546875,1551465
2018-11-16,40755.5546875,41111.109375,39911.109375,40044.4453125,2015325
2018-11-19,40044.4453125,42844.4453125,40044.4453125,42844.4453125,3494542
2018-11-20,42088.890625,43200.0,42088.890625,43200.0,3307770
2018-11-21,43111.109375,43244.4453125,42222.22265625,43244.4453125,3620295
2018-11-22,43200.0,43555.5546875,42888.890625,43555.5546875,3027622
2018-11-23,43911.109375,44000.0,43111.109375,44000.0,2375707
2018-11-26,44000.0,44666.66796875,43555.5546875,44666.66796875,1445670
2018-11-27,44666.66796875,45866.66796875,44666.66796875,45111.109375,1051650
2018-11-28,45111.109375,45333.33203125,44800.0,45333.33203125,1299600
2018-11-29,45555.5546875,45777.77734375,45200.0,45333.33203125,826042
2018-11-30,44888.890625,45333.33203125,43333.33203125,45200.0,2304540
2018-12-03,45244.4453125,45777.77734375,45022.22265625,45288.890625,591097
2018-12-04,45511.109375,45511.109375,45155.5546875,45333.33203125,2174602
2018-12-05,45288.890625,45422.22265625,44888.890625,45377.77734375,1037790
2018-12-06,45377.77734375,45422.22265625,44933.33203125,45377.77734375,566122
2018-12-07,45377.77734375,45422.22265625,45111.109375,45422.22265625,1037160
2018-12-10,45333.33203125,45422.22265625,44933.33203125,45377.77734375,1815142
2018-12-11,45377.77734375,45422.22265625,45066.66796875,45422.22265625,1029307
2018-12-12,45422.22265625,45422.22265625,45422.22265625,45422.22265625,0
2018-12-13,45555.5546875,46177.77734375,45244.4453125,45688.890625,1099845
2018-12-14,45422.22265625,45777.77734375,45155.5546875,45644.4453125,527985
2018-12-17,45333.33203125,45644.4453125,45288.890625,45555.5546875,463387
2018-12-18,45244.4453125,45333.33203125,44444.4453125,45333.33203125,1195807
2018-12-19,45333.33203125,45466.66796875,44666.66796875,45333.33203125,1139850
2018-12-20,44888.890625,45333.33203125,44800.0,45288.890625,871582
2018-12-21,44666.66796875,45333.33203125,44444.4453125,45333.33203125,1779840
2018-12-24,45333.33203125,45422.22265625,45022.22265625,45333.33203125,488160
2018-12-25,44488.890625,45288.890625,44488.890625,45288.890625,660622
2018-12-26,44888.890625,45288.890625,44888.890625,45288.890625,827437
2018-12-27,44888.890625,45733.33203125,44888.890625,45511.109375,1554030
2018-12-28,45511.109375,45511.109375,45511.109375,45511.109375,0
2018-12-31,45511.109375,45511.109375,45511.109375,45511.109375,0
2019-01-01,45511.109375,45511.109375,45511.109375,45511.109375,0
2019-01-02,44977.77734375,45022.22265625,43333.33203125,44622.22265625,1355512
2019-01-03,44444.4453125,44577.77734375,43644.4453125,44577.77734375,1118137
2019-01-04,44444.4453125,44755.5546875,43555.5546875,44711.109375,1030500
2019-01-07,44844.4453125,45777.77734375,44400.0,44888.890625,1325587
2019-01-08,45333.33203125,45333.33203125,44311.109375,44888.890625,1112175
2019-01-09,44888.890625,45288.890625,44000.0,45111.109375,1483222
2019-01-10,44977.77734375,45111.109375,44444.4453125,45066.66796875,1241955
2019-01-11,44888.890625,45066.66796875,44488.890625,45066.66796875,1280317
2019-01-14,45022.22265625,45288.890625,44533.33203125,45066.66796875,1266592
2019-01-15,45066.66796875,45111.109375,44622.22265625,45111.109375,1600762
2019-01-16,45111.109375,45377.77734375,44800.0,45333.33203125,1165860
2019-01-17,45333.33203125,45422.22265625,44755.5546875,45333.33203125,731542
2019-01-18,45111.109375,45422.22265625,44844.4453125,45422.22265625,1121152
2019-01-21,45422.22265625,45511.109375,45022.22265625,45511.109375,909562
2019-01-22,45511.109375,45511.109375,45111.109375,45511.109375,580657
2019-01-23,45333.33203125,46088.890625,45333.33203125,45600.0,674032
2019-01-24,45555.5546875,45733.33203125,45422.22265625,45688.890625,415620
2019-01-25,45688.890625,46000.0,45422.22265625,45733.33203125,690007
2019-01-28,45733.33203125,46088.890625,45600.0,46088.890625,857835
2019-01-29,46622.22265625,46622.22265625,45777.77734375,46177.77734375,506947
2019-01-30,46177.77734375,46222.22265625,45733.33203125,46177.77734375,832590
2019-01-31,46222.22265625,46444.4453125,45555.5546875,46177.77734375,1464795
2019-02-01,46133.33203125,46133.33203125,43911.109375,43911.109375,4715640
2019-02-04,43911.109375,43911.109375,43911.109375,43911.109375,0
2019-02-05,43911.109375,43911.109375,43911.109375,43911.109375,0
2019-02-06,43911.109375,43911.109375,43911.109375,43911.109375,0
2019-02-07,43911.109375,43911.109375,43911.109375,43911.109375,0
2019-02-08,43911.109375,43911.109375,43911.109375,43911.109375,0
2019-02-11,45244.4453125,46222.22265625,44977.77734375,46222.22265625,1186447
2019-02-12,46622.22265625,48488.890625,46222.22265625,48488.890625,1730497
2019-02-13,48000.0,48577.77734375,47644.4453125,48444.4453125,1849590
2019-02-14,48444.4453125,50222.22265625,48444.4453125,50177.77734375,2239447
2019-02-15,50222.22265625,50222.22265625,49777.77734375,49777.77734375,1509525
2019-02-18,49777.77734375,49777.77734375,49777.77734375,49777.77734375,0
2019-02-19,50444.4453125,51822.22265625,50444.4453125,51555.5546875,2254545
2019-02-20,51200.0,51955.5546875,51200.0,51777.77734375,1527300
2019-02-21,51777.77734375,52622.22265625,51688.890625,52622.22265625,2616075
2019-02-22,52444.4453125,52622.22265625,51822.22265625,52000.0,1622182
2019-02-25,52000.0,52400.0,51511.109375,51688.890625,1406002
2019-02-26,51555.5546875,51822.22265625,50444.4453125,51333.33203125,1783597
2019-02-27,51333.33203125,52400.0,51333.33203125,52177.77734375,1855395
2019-02-28,52000.0,52177.77734375,50266.66796875,50666.66796875,2547922
2019-03-01,50666.66796875,52000.0,50666.66796875,51155.5546875,1663335
2019-03-04,51866.66796875,52266.66796875,51466.66796875,52177.77734375,1486237
2019-03-05,52177.77734375,52355.5546875,51955.5546875,52133.33203125,1588635
2019-03-06,52311.109375,52311.109375,52044.4453125,52311.109375,848880
2019-03-07,52400.0,54444.4453125,52355.5546875,52977.77734375,4045455
2019-03-08,52888.890625,53155.5546875,52488.890625,52488.890625,1901880
2019-03-11,52000.0,52577.77734375,52000.0,52577.77734375,966127
2019-03-12,52888.890625,53066.66796875,52533.33203125,52711.109375,2029950
2019-03-13,52666.66796875,53333.33203125,52000.0,52222.22265625,2840287
2019-03-14,51777.77734375,52800.0,51377.77734375,52800.0,2599515
2019-03-15,53022.22265625,53022.22265625,52400.0,52755.5546875,3835305
2019-03-18,53333.33203125,53911.109375,52933.33203125,53911.109375,2507782
2019-03-19,53911.109375,54400.0,53644.4453125,53777.77734375,2677680
2019-03-20,53777.77734375,53777.77734375,52933.33203125,53422.22265625,1755427
2019-03-21,53333.33203125,53466.66796875,52000.0,52000.0,2719080
2019-03-22,52000.0,52844.4453125,52000.0,52711.109375,2507985
2019-03-25,52000.0,52133.33203125,51111.109375,51200.0,1995300
2019-03-26,51333.33203125,51911.109375,50222.22265625,50533.33203125,1904782
2019-03-27,51111.109375,51511.109375,50622.22265625,50622.22265625,1737180
2019-03-28,50622.22265625,51511.109375,50622.22265625,51511.109375,1264230
2019-03-29,51511.109375,51911.109375,51511.109375,51511.109375,2474932
2019-04-01,51733.33203125,51777.77734375,51466.66796875,51777.77734375,1863967
2019-04-02,51955.5546875,52088.890625,51644.4453125,51688.890625,2331787
2019-04-03,51333.33203125,51555.5546875,50888.890625,51066.66796875,1044607
2019-04-04,51244.4453125,51466.66796875,50711.109375,51155.5546875,863392
2019-04-05,51244.4453125,51288.890625,50933.33203125,51155.5546875,530527
2019-04-08,51200.0,51466.66796875,51022.22265625,51333.33203125,979177
2019-04-09,51555.5546875,51555.5546875,50133.33203125,50222.22265625,2602597
2019-04-10,50222.22265625,50666.66796875,49288.890625,49688.890625,1566000
2019-04-11,49688.890625,51111.109375,49688.890625,51111.109375,789322
2019-04-12,51111.109375,51111.109375,50222.22265625,50311.109375,1241977
2019-04-15,50311.109375,50311.109375,50311.109375,50311.109375,0
2019-04-16,48666.66796875,50266.66796875,48000.0,50266.66796875,2770177
2019-04-17,49466.66796875,50222.22265625,48888.890625,48888.890625,2160495
2019-04-18,48666.66796875,48888.890625,46666.66796875,48444.4453125,2005290
2019-04-19,48888.890625,49155.5546875,48088.890625,48933.33203125,931612
2019-04-22,48444.4453125,49733.33203125,47555.5546875,49733.33203125,1786635
2019-04-23,49733.33203125,50222.22265625,49333.33203125,50222.22265625,1202985
2019-04-24,50222.22265625,50666.66796875,49822.22265625,50577.77734375,1007595
2019-04-25,50577.77734375,50577.77734375,49777.77734375,50488.890625,1132852
2019-04-26,49777.77734375,50533.33203125,49777.77734375,50533.33203125,1858612
2019-04-29,50533.33203125,50533.33203125,50533.33203125,50533.33203125,0
2019-04-30,50533.33203125,50533.33203125,50533.33203125,50533.33203125,0
2019-05-01,50533.33203125,50533.33203125,50533.33203125,50533.33203125,0
2019-05-02,50577.77734375,50622.22265625,50222.22265625,50488.890625,429682
2019-05-03,50533.33203125,50533.33203125,49822.22265625,50000.0,1587375
2019-05-06,49777.77734375,49911.109375,48977.77734375,49866.66796875,653805
2019-05-07,49866.66796875,50355.5546875,49333.33203125,50044.4453125,948037
2019-05-08,49555.5546875,50088.890625,49511.109375,50044.4453125,784125
2019-05-09,50088.890625,50088.890625,49600.0,50044.4453125,706815
2019-05-10,50044.4453125,50222.22265625,49866.66796875,50088.890625,650610
2019-05-13,49733.33203125,50177.77734375,49644.4453125,50177.77734375,988200
2019-05-14,49777.77734375,50444.4453125,49733.33203125,50444.4453125,1213380
2019-05-15,50444.4453125,51644.4453125,50400.0,51244.4453125,1027777
2019-05-16,51244.4453125,52844.4453125,51244.4453125,51955.5546875,1739272
2019-05-17,52000.0,52488.890625,51600.0,51955.5546875,1044585
2019-05-20,52000.0,52222.22265625,51600.0,52222.22265625,914265
2019-05-21,52755.5546875,52755.5546875,51688.890625,52222.22265625,1594395
2019-05-22,52088.890625,52488.890625,51555.5546875,52222.22265625,860242
2019-05-23,52000.0,52266.66796875,51644.4453125,52000.0,562117
2019-05-24,51333.33203125,51644.4453125,50800.0,51111.109375,1414260
2019-05-27,50666.66796875,51511.109375,50666.66796875,51111.109375,373680
2019-05-28,51555.5546875,51555.5546875,50666.66796875,50666.66796875,1132357
2019-05-29,51066.66796875,51288.890625,50666.66796875,51200.0,805387
2019-05-30,51200.0,51644.4453125,51111.109375,51111.109375,1288822
2019-05-31,51466.66796875,51466.66796875,50933.33203125,50933.33203125,667372
2019-06-03,50666.66796875,51333.33203125,50222.22265625,50888.890625,633397
2019-06-04,50488.890625,51288.890625,50488.890625,50933.33203125,591165
2019-06-05,51111.109375,51511.109375,51111.109375,51511.109375,549900
2019-06-06,51511.109375,51511.109375,50844.4453125,51511.109375,376875
2019-06-07,51822.22265625,52000.0,51600.0,52000.0,645615
2019-06-10,52088.890625,52755.5546875,52088.890625,52266.66796875,2150752
2019-06-11,52266.66796875,52355.5546875,52000.0,52000.0,695047
2019-06-12,52000.0,52222.22265625,51555.5546875,51555.5546875,581287
2019-06-13,51200.0,51511.109375,51200.0,51333.33203125,602865
2019-06-14,51555.5546875,51555.5546875,50800.0,51333.33203125,787905
2019-06-17,51511.109375,51777.77734375,50577.77734375,50888.890625,934627
2019-06-18,50977.77734375,51111.109375,50577.77734375,50666.66796875,976185
2019-06-19,50977.77734375,51511.109375,50888.890625,51511.109375,304245
2019-06-20,51644.4453125,52044.4453125,51377.77734375,51555.5546875,714330
2019-06-21,51777.77734375,51911.109375,50888.890625,50888.890625,1336972
2019-06-24,51111.109375,51822.22265625,51111.109375,51733.33203125,513877
2019-06-25,51777.77734375,52088.890625,51688.890625,51733.33203125,1149075
2019-06-26,51688.890625,52000.0,51555.5546875,51955.5546875,1158795
2019-06-27,52000.0,52000.0,51066.66796875,51066.66796875,896130
2019-06-28,51111.109375,51511.109375,50533.33203125,51422.22265625,1054327
2019-07-01,51866.66796875,52088.890625,51600.0,52088.890625,1264747
2019-07-02,52044.4453125,52133.33203125,51466.66796875,51466.66796875,603337
2019-07-03,51333.33203125,51555.5546875,50800.0,51288.890625,585382
2019-07-04,51288.890625,51288.890625,51288.890625,51288.890625,0
2019-07-05,51288.890625,51288.890625,51288.890625,51288.890625,0
2019-07-08,51288.890625,51288.890625,51288.890625,51288.890625,0
2019-07-09,51288.890625,51288.890625,51288.890625,51288.890625,0
2019-07-10,51288.890625,51288.890625,51288.890625,51288.890625,0
2019-07-11,51288.890625,51288.890625,51288.890625,51288.890625,0
2019-07-12,51288.890625,51288.890625,51288.890625,51288.890625,0
2019-07-15,51288.890625,51288.890625,51288.890625,51288.890625,0
2019-07-16,51288.890625,51288.890625,51288.890625,51288.890625,0
2019-07-17,51555.5546875,51688.890625,51111.109375,51333.33203125,480690
2019-07-18,51111.109375,51511.109375,51022.22265625,51022.22265625,1022760
2019-07-19,51022.22265625,51555.5546875,51022.22265625,51555.5546875,1071585
2019-07-22,51555.5546875,51777.77734375,51111.109375,51777.77734375,890775
2019-07-23,51777.77734375,53466.66796875,51777.77734375,53244.4453125,3379860
2019-07-24,53555.5546875,54311.109375,53422.22265625,54222.22265625,1489207
2019-07-25,54222.22265625,54222.22265625,54222.22265625,54222.22265625,0
2019-07-26,54222.22265625,54222.22265625,54222.22265625,54222.22265625,0
2019-07-29,54222.22265625,54222.22265625,54222.22265625,54222.22265625,0
2019-07-30,54222.22265625,54222.22265625,54222.22265625,54222.22265625,0
2019-07-31,54444.4453125,54755.5546875,53422.22265625,54222.22265625,914602
2019-08-01,54666.66796875,55333.33203125,54444.4453125,55288.890625,823162
2019-08-02,54222.22265625,54711.109375,54177.77734375,54444.4453125,1087020
2019-08-05,54266.66796875,54266.66796875,52444.4453125,52444.4453125,1710045
2019-08-06,52444.4453125,52444.4453125,52444.4453125,52444.4453125,0
2019-08-07,53244.4453125,53422.22265625,52266.66796875,52444.4453125,778387
2019-08-08,52444.4453125,54444.4453125,52444.4453125,54222.22265625,1226632
2019-08-09,54222.22265625,54222.22265625,54222.22265625,54222.22265625,0
2019-08-12,53422.22265625,53866.66796875,53333.33203125,53333.33203125,241785
2019-08-13,53288.890625,53333.33203125,52444.4453125,52488.890625,698242
2019-08-14,53111.109375,53333.33203125,52533.33203125,52711.109375,680445
2019-08-15,52000.0,53777.77734375,52000.0,53777.77734375,736020
2019-08-16,53777.77734375,53777.77734375,53777.77734375,53777.77734375,0
2019-08-19,53777.77734375,53777.77734375,53777.77734375,53777.77734375,0
2019-08-20,53777.77734375,53777.77734375,53777.77734375,53777.77734375,0
2019-08-21,53777.77734375,54444.4453125,53777.77734375,54400.0,568845
2019-08-22,54666.66796875,56222.22265625,54533.33203125,56044.4453125,1511932
2019-08-23,56044.4453125,56044.4453125,55377.77734375,55555.5546875,1154812
2019-08-26,55555.5546875,55555.5546875,54844.4453125,55466.66796875,800842
2019-08-27,55511.109375,55866.66796875,54444.4453125,54444.4453125,893835
2019-08-28,54311.109375,54888.890625,54177.77734375,54222.22265625,546142
2019-08-29,54888.890625,54888.890625,53822.22265625,54444.4453125,788535
2019-08-30,54444.4453125,54444.4453125,54444.4453125,54444.4453125,0
2019-09-02,54444.4453125,54444.4453125,54444.4453125,54444.4453125,0
2019-09-03,54888.890625,55288.890625,54311.109375,54666.66796875,392400
2019-09-04,54666.66796875,54888.890625,54088.890625,54400.0,867375
2019-09-05,54622.22265625,54844.4453125,54222.22265625,54222.22265625,681997
2019-09-06,54222.22265625,54666.66796875,53777.77734375,53822.22265625,630742
2019-09-09,54177.77734375,54577.77734375,53822.22265625,54488.890625,372892
2019-09-10,54666.66796875,54755.5546875,54222.22265625,54222.22265625,556155
2019-09-11,54222.22265625,54577.77734375,53777.77734375,54000.0,397395
2019-09-12,54000.0,54266.66796875,53911.109375,54000.0,423405
2019-09-13,54266.66796875,54622.22265625,53688.890625,54400.0,626625
2019-09-16,54222.22265625,55422.22265625,54222.22265625,54577.77734375,744007
2019-09-17,54266.66796875,55022.22265625,54222.22265625,54577.77734375,937867
2019-09-18,54444.4453125,54577.77734375,54266.66796875,54311.109375,409117
2019-09-19,54444.4453125,54577.77734375,53955.5546875,54000.0,776790
2019-09-20,53955.5546875,54177.77734375,53066.66796875,53066.66796875,4110862
2019-09-23,53111.109375,53511.109375,52844.4453125,52888.890625,1077367
2019-09-24,52888.890625,53511.109375,52888.890625,53377.77734375,580680
2019-09-25,53377.77734375,53466.66796875,52888.890625,53200.0,577327
2019-09-26,53333.33203125,53333.33203125,52800.0,52888.890625,751500
2019-09-27,52888.890625,53466.66796875,52800.0,53244.4453125,594675
2019-09-30,53333.33203125,53866.66796875,53155.5546875,53244.4453125,694530
2019-10-01,53555.5546875,53733.33203125,53200.0,53288.890625,341910
2019-10-02,53288.890625,53555.5546875,52444.4453125,52444.4453125,1226835
2019-10-03,52088.890625,52444.4453125,52044.4453125,52444.4453125,1463535
2019-10-04,52444.4453125,52755.5546875,52311.109375,52444.4453125,560362
2019-10-07,52444.4453125,52488.890625,51777.77734375,52000.0,1051020
2019-10-08,52088.890625,52133.33203125,51733.33203125,52044.4453125,795915
2019-10-09,51955.5546875,52577.77734375,51866.66796875,52000.0,498442
2019-10-10,52222.22265625,52311.109375,51911.109375,51955.5546875,615307
2019-10-11,52222.22265625,52444.4453125,51866.66796875,52444.4453125,740137
2019-10-14,52666.66796875,53244.4453125,52222.22265625,52444.4453125,805837
2019-10-15,52444.4453125,53022.22265625,52444.4453125,52622.22265625,499657
2019-10-16,52888.890625,52888.890625,52311.109375,52444.4453125,505507
2019-10-17,52400.0,52666.66796875,51955.5546875,52000.0,1077997
2019-10-18,52000.0,52000.0,51777.77734375,52000.0,588285
2019-10-21,52000.0,52577.77734375,51555.5546875,51955.5546875,462555
2019-10-22,52444.4453125,52444.4453125,51911.109375,51911.109375,395302
2019-10-23,51911.109375,52222.22265625,51911.109375,52044.4453125,292950
2019-10-24,52044.4453125,52088.890625,51777.77734375,52088.890625,893047
2019-10-25,52000.0,52177.77734375,51866.66796875,52088.890625,660847
2019-10-28,52000.0,52488.890625,51866.66796875,52311.109375,603810
2019-10-29,52311.109375,52400.0,52177.77734375,52355.5546875,420795
2019-10-30,52444.4453125,53288.890625,52355.5546875,53155.5546875,1352092
2019-10-31,53333.33203125,53511.109375,52888.890625,52888.890625,1891620
2019-11-01,53333.33203125,54444.4453125,53111.109375,54444.4453125,1685407
2019-11-04,54444.4453125,54444.4453125,53644.4453125,54088.890625,696780
2019-11-05,53777.77734375,54222.22265625,53733.33203125,54000.0,586170
2019-11-06,54000.0,54444.4453125,53777.77734375,54177.77734375,1165050
2019-11-07,54222.22265625,54355.5546875,53688.890625,53688.890625,555165
2019-11-08,54044.4453125,54044.4453125,53333.33203125,53555.5546875,1109137
2019-11-11,53555.5546875,53555.5546875,52844.4453125,52844.4453125,632925
2019-11-12,52844.4453125,53288.890625,52711.109375,53066.66796875,356670
2019-11-13,52844.4453125,53066.66796875,52622.22265625,52888.890625,727852
2019-11-14,52888.890625,53244.4453125,52800.0,53022.22265625,562725
2019-11-15,52977.77734375,53688.890625,52800.0,53155.5546875,536422
2019-11-18,53244.4453125,53244.4453125,52400.0,52488.890625,602595
2019-11-19,52444.4453125,52533.33203125,51911.109375,52044.4453125,1105897
2019-11-20,52088.890625,52088.890625,51555.5546875,51555.5546875,1587172
2019-11-21,52000.0,52000.0,50577.77734375,51244.4453125,3527955
2019-11-22,51511.109375,51955.5546875,51244.4453125,51644.4453125,695115
2019-11-25,51644.4453125,51644.4453125,51333.33203125,51555.5546875,526905
2019-11-26,51555.5546875,51555.5546875,51155.5546875,51200.0,2310997
2019-11-27,51200.0,51688.890625,51155.5546875,51377.77734375,685417
2019-11-28,51155.5546875,51555.5546875,50800.0,51422.22265625,524205
2019-11-29,51422.22265625,51600.0,50888.890625,51422.22265625,461340
2019-12-02,51333.33203125,51688.890625,50577.77734375,51111.109375,675090
2019-12-06,51555.5546875,51688.890625,51288.890625,51511.109375,325665
2019-12-09,51466.66796875,51511.109375,51111.109375,51511.109375,423742
2019-12-10,51333.33203125,51511.109375,50488.890625,51511.109375,1295572
2019-12-11,51511.109375,51511.109375,50888.890625,51511.109375,678082
2019-12-12,51555.5546875,51555.5546875,51200.0,51555.5546875,751612
2019-12-13,51466.66796875,51555.5546875,51066.66796875,51555.5546875,664582
2019-12-16,51555.5546875,51555.5546875,51022.22265625,51466.66796875,848272
2019-12-17,51466.66796875,51466.66796875,50888.890625,51466.66796875,614317
2019-12-18,51111.109375,51511.109375,50888.890625,51466.66796875,1905952
2019-12-19,51111.109375,51555.5546875,50666.66796875,51466.66796875,2192310
2019-12-20,51466.66796875,51466.66796875,50977.77734375,51466.66796875,1888200
2019-12-23,51466.66796875,51466.66796875,50800.0,51422.22265625,1330605
2019-12-24,51377.77734375,51377.77734375,50800.0,51333.33203125,1012410
2019-12-25,51244.4453125,51333.33203125,50800.0,51333.33203125,783787
2019-12-26,51244.4453125,51422.22265625,50844.4453125,51288.890625,1141627
2019-12-27,51288.890625,51288.890625,50666.66796875,51200.0,1269157
2019-12-30,50888.890625,51111.109375,50755.5546875,51111.109375,1134180
2019-12-31,51111.109375,51111.109375,50711.109375,51111.109375,1382917
2020-01-01,51111.109375,51111.109375,51111.109375,51111.109375,0
2020-01-02,51066.66796875,51111.109375,50666.66796875,51111.109375,990630
2020-01-03,51111.109375,51244.4453125,50800.0,51244.4453125,560115
2020-01-06,51111.109375,51111.109375,50844.4453125,50888.890625,679297
2020-01-07,50888.890625,51111.109375,50800.0,50977.77734375,413797
2020-01-08,50888.890625,50977.77734375,50488.890625,50800.0,1055047
2020-01-09,50800.0,51155.5546875,50755.5546875,50977.77734375,616207
2020-01-10,51111.109375,51111.109375,50977.77734375,51022.22265625,358020
2020-01-13,50977.77734375,51155.5546875,50888.890625,51066.66796875,330030
2020-01-14,51066.66796875,51155.5546875,50800.0,51111.109375,227587
2020-01-15,51111.109375,51111.109375,50800.0,51111.109375,462600
2020-01-16,51111.109375,51155.5546875,50800.0,51111.109375,420165
2020-01-17,51066.66796875,51155.5546875,50844.4453125,51066.66796875,380475
2020-01-20,51066.66796875,51066.66796875,50800.0,51066.66796875,834007
2020-01-21,50800.0,51111.109375,50800.0,51066.66796875,408397
2020-01-22,51066.66796875,51066.66796875,50755.5546875,51066.66796875,836505
2020-01-23,51066.66796875,51066.66796875,51066.66796875,51066.66796875,0
2020-01-24,51066.66796875,51066.66796875,51066.66796875,51066.66796875,0
2020-01-27,51066.66796875,51066.66796875,51066.66796875,51066.66796875,0
2020-01-28,51066.66796875,51066.66796875,51066.66796875,51066.66796875,0
2020-01-29,51066.66796875,51066.66796875,51066.66796875,51066.66796875,0
2020-01-30,50711.109375,51066.66796875,49822.22265625,51066.66796875,1536120
2020-01-31,51066.66796875,51066.66796875,50488.890625,51022.22265625,1871415
2020-02-03,50577.77734375,51022.22265625,49911.109375,51022.22265625,1710945
2020-02-04,50488.890625,51022.22265625,49688.890625,51022.22265625,3342375
2020-02-05,51022.22265625,51022.22265625,50222.22265625,50888.890625,1053945
2020-02-06,50888.890625,50977.77734375,50133.33203125,50844.4453125,1521652
2020-02-07,50666.66796875,50844.4453125,49777.77734375,50844.4453125,2914920
2020-02-10,50222.22265625,50711.109375,50222.22265625,50533.33203125,433575
2020-02-11,50444.4453125,50755.5546875,50222.22265625,50400.0,653917
2020-02-12,50400.0,50400.0,49777.77734375,49777.77734375,1018777
2020-02-13,49555.5546875,50088.890625,49511.109375,49955.5546875,642015
2020-02-14,49911.109375,50044.4453125,48888.890625,48888.890625,567877
2020-02-17,48888.890625,48888.890625,46666.66796875,48000.0,1669995
2020-02-18,47555.5546875,47555.5546875,46222.22265625,46444.4453125,1781707
2020-02-19,46000.0,47555.5546875,46000.0,46666.66796875,1969470
2020-02-20,47111.109375,48888.890625,46666.66796875,48888.890625,795532
2020-02-21,48266.66796875,48888.890625,47911.109375,48844.4453125,695385
2020-02-24,47600.0,48000.0,46888.890625,47688.890625,3214462
2020-02-25,47422.22265625,47688.890625,47066.66796875,47555.5546875,1223595
2020-02-26,46222.22265625,47377.77734375,46222.22265625,47066.66796875,1407172
2020-02-27,47022.22265625,47111.109375,46266.66796875,46933.33203125,1665945
2020-02-28,46666.66796875,46844.4453125,45777.77734375,46844.4453125,1959390
2020-03-02,46222.22265625,46844.4453125,45644.4453125,46844.4453125,1669792
2020-03-03,46711.109375,46933.33203125,46444.4453125,46888.890625,1255387
2020-03-05,46711.109375,47066.66796875,46133.33203125,46933.33203125,792675
2020-03-06,46666.66796875,46666.66796875,45822.22265625,46666.66796875,1689367
2020-03-09,45111.109375,45333.33203125,43422.22265625,43422.22265625,2175502
2020-03-10,41333.33203125,44088.890625,40533.33203125,43422.22265625,1857352
2020-03-11,43555.5546875,43555.5546875,40488.890625,43111.109375,2361555
2020-03-12,40444.4453125,41022.22265625,40133.33203125,40800.0,4266607
2020-03-13,38222.22265625,41111.109375,37955.5546875,41111.109375,2760480
2020-03-16,40888.890625,41111.109375,38488.890625,41111.109375,2185515
2020-03-17,39777.77734375,41022.22265625,38933.33203125,39333.33203125,1532992
2020-03-18,39066.66796875,40000.0,38444.4453125,39555.5546875,1767127
2020-03-19,38622.22265625,39422.22265625,36933.33203125,39422.22265625,2483280
2020-03-20,39422.22265625,39422.22265625,36666.66796875,36666.66796875,2437830
2020-03-23,34666.66796875,34800.0,34133.33203125,34133.33203125,1525860
2020-03-24,31911.111328125,33333.33203125,31777.77734375,31777.77734375,3316612
2020-03-25,31777.77734375,34000.0,30222.22265625,34000.0,3153532
2020-03-26,34488.890625,36355.5546875,33600.0,36355.5546875,2795062
2020-03-27,36444.4453125,38844.4453125,35333.33203125,38577.77734375,2585947
2020-03-30,35911.109375,36444.4453125,35911.109375,36177.77734375,1982790
2020-03-31,36177.77734375,38666.66796875,35733.33203125,37066.66796875,2917012
2020-04-01,36666.66796875,38666.66796875,36000.0,38222.22265625,985095
2020-04-02,38222.22265625,38222.22265625,38222.22265625,38222.22265625,0
2020-04-03,38222.22265625,40444.4453125,38222.22265625,40444.4453125,2665125
2020-04-06,40888.890625,43244.4453125,40577.77734375,43244.4453125,6071085
2020-04-07,43377.77734375,44844.4453125,41333.33203125,43244.4453125,6425325
2020-04-08,43111.109375,43111.109375,41777.77734375,41777.77734375,1710270
2020-04-09,41777.77734375,43244.4453125,41688.890625,42666.66796875,3511372
2020-04-10,42666.66796875,43022.22265625,41644.4453125,42222.22265625,2212020
2020-04-13,42577.77734375,42666.66796875,42177.77734375,42666.66796875,3175987
2020-04-14,42888.890625,42888.890625,42000.0,42488.890625,1421167
2020-04-15,42488.890625,42666.66796875,42177.77734375,42666.66796875,2647912
2020-04-16,42666.66796875,42666.66796875,42088.890625,42622.22265625,1902555
2020-04-17,42355.5546875,42711.109375,39644.4453125,42711.109375,2680897
2020-04-20,42711.109375,42844.4453125,42177.77734375,42755.5546875,2373795
2020-04-21,42444.4453125,42444.4453125,41111.109375,41333.33203125,2007607
2020-04-22,40888.890625,41244.4453125,40222.22265625,41111.109375,1989157
2020-04-23,41333.33203125,42177.77734375,41200.0,41333.33203125,781695
2020-04-24,41333.33203125,41733.33203125,41066.66796875,41333.33203125,675540
2020-04-27,42222.22265625,42222.22265625,40888.890625,40888.890625,1020870
2020-04-28,41111.109375,41288.890625,40666.66796875,40888.890625,501570
2020-04-29,40888.890625,40888.890625,40888.890625,40888.890625,0
2020-04-30,40888.890625,40888.890625,40888.890625,40888.890625,0
2020-05-01,40888.890625,40888.890625,40888.890625,40888.890625,0
2020-05-04,40844.4453125,41111.109375,40000.0,40800.0,583987
2020-05-05,40800.0,41333.33203125,40800.0,41200.0,618075
2020-05-06,41155.5546875,42222.22265625,41111.109375,42222.22265625,1740532
2020-05-07,42222.22265625,42666.66796875,41777.77734375,42666.66796875,1390050
2020-05-08,42844.4453125,44444.4453125,42711.109375,43333.33203125,3788910
2020-05-11,43555.5546875,43555.5546875,42622.22265625,43333.33203125,3057570
2020-05-12,43288.890625,43288.890625,42222.22265625,43111.109375,1732567
2020-05-13,42266.66796875,42666.66796875,40666.66796875,42222.22265625,5968192
2020-05-14,42222.22265625,42977.77734375,41733.33203125,42666.66796875,2256322
2020-05-15,42666.66796875,42666.66796875,42666.66796875,42666.66796875,0
2020-05-18,42666.66796875,42666.66796875,42666.66796875,42666.66796875,0
2020-05-19,43155.5546875,43288.890625,42666.66796875,43288.890625,1642162
2020-05-20,43288.890625,43288.890625,43288.890625,43288.890625,0
2020-05-21,43111.109375,43555.5546875,43066.66796875,43555.5546875,1517355
2020-05-22,43555.5546875,43555.5546875,42844.4453125,42844.4453125,659092
2020-05-25,42755.5546875,43155.5546875,42666.66796875,43155.5546875,486900
2020-05-26,43111.109375,43333.33203125,42844.4453125,43333.33203125,8100
2020-05-27,43066.66796875,43511.109375,42888.890625,43066.66796875,1330740
2020-05-28,43066.66796875,43333.33203125,42800.0,43111.109375,708277
2020-05-29,43111.109375,43333.33203125,42933.33203125,43111.109375,1110375
2020-06-01,43111.109375,43200.0,42888.890625,43200.0,1083352
2020-06-02,43200.0,43200.0,42888.890625,42977.77734375,1128825
2020-06-03,42888.890625,43022.22265625,42444.4453125,43022.22265625,1049467
2020-06-04,43022.22265625,43022.22265625,42666.66796875,42666.66796875,1239165
2020-06-05,42666.66796875,42666.66796875,42666.66796875,42666.66796875,0
2020-06-08,42666.66796875,42666.66796875,42666.66796875,42666.66796875,0
2020-06-09,42666.66796875,42666.66796875,42666.66796875,42666.66796875,0
2020-06-10,42755.5546875,42755.5546875,42400.0,42488.890625,1099102
2020-06-11,42488.890625,42755.5546875,41333.33203125,41333.33203125,1713465
2020-06-12,40000.0,41111.109375,39955.5546875,40800.0,1970865
2020-06-15,41333.33203125,41333.33203125,39555.5546875,39555.5546875,1781347
2020-06-16,40666.66796875,42133.33203125,39955.5546875,41511.109375,1481580
2020-06-17,41333.33203125,41511.109375,40222.22265625,40844.4453125,856980
2020-06-18,40844.4453125,41111.109375,40400.0,40444.4453125,703912
2020-06-19,40444.4453125,43244.4453125,40444.4453125,43244.4453125,4140225
2020-06-22,43111.109375,43111.109375,42311.109375,43066.66796875,1143045
2020-06-23,42755.5546875,42800.0,41866.66796875,41866.66796875,973417
2020-06-24,42000.0,42266.66796875,41777.77734375,42088.890625,482220
2020-06-25,41466.66796875,41955.5546875,41244.4453125,41511.109375,381307
2020-06-26,41555.5546875,41955.5546875,40666.66796875,40666.66796875,500040
2020-06-29,40666.66796875,40844.4453125,39555.5546875,39555.5546875,808582
2020-06-30,40444.4453125,40444.4453125,39555.5546875,39555.5546875,788737
2020-07-01,40222.22265625,40666.66796875,39555.5546875,40444.4453125,207135
2020-07-02,40266.66796875,40488.890625,39777.77734375,39955.5546875,946575
2020-07-03,40400.0,40444.4453125,39955.5546875,40088.890625,367470
2020-07-06,40088.890625,40844.4453125,40088.890625,40622.22265625,639045
2020-07-07,40666.66796875,40977.77734375,40444.4453125,40444.4453125,757935
2020-07-08,40355.5546875,40666.66796875,40044.4453125,40355.5546875,421762
2020-07-09,40355.5546875,40800.0,40311.109375,40444.4453125,899347
2020-07-10,40444.4453125,40444.4453125,40444.4453125,40444.4453125,0
2020-07-13,40666.66796875,40711.109375,40444.4453125,40577.77734375,787072
2020-07-14,40577.77734375,40800.0,40088.890625,40577.77734375,767227
2020-07-15,40577.77734375,40577.77734375,40577.77734375,40577.77734375,0
2020-07-16,40400.0,41333.33203125,40266.66796875,41333.33203125,738112
2020-07-17,40666.66796875,40888.890625,40444.4453125,40666.66796875,482692
2020-07-20,40444.4453125,40622.22265625,40088.890625,40088.890625,500400
2020-07-21,40533.33203125,40533.33203125,40088.890625,40088.890625,496485
2020-07-22,40000.0,40444.4453125,39911.109375,39911.109375,454747
2020-07-23,40000.0,40133.33203125,39777.77734375,40000.0,408780
2020-07-24,39955.5546875,40000.0,37333.33203125,39111.109375,1517467
2020-07-27,37288.890625,38222.22265625,36844.4453125,37777.77734375,1856430
2020-07-28,37777.77734375,38666.66796875,35511.109375,37866.66796875,1202175
2020-07-29,37333.33203125,37777.77734375,36888.890625,37111.109375,853582
2020-07-30,37111.109375,38000.0,37111.109375,37822.22265625,544567
2020-07-31,37333.33203125,40000.0,37244.4453125,38888.890625,2112840
2020-08-03,37777.77734375,39155.5546875,37777.77734375,38933.33203125,369697
2020-08-04,39422.22265625,39422.22265625,38844.4453125,39111.109375,515767
2020-08-05,39111.109375,39333.33203125,37688.890625,38666.66796875,977602
2020-08-06,39111.109375,39200.0,38711.109375,38888.890625,747765
2020-08-07,38933.33203125,39200.0,38800.0,38888.890625,410625
2020-08-10,39111.109375,39955.5546875,38844.4453125,39200.0,1220737
2020-08-11,39644.4453125,39644.4453125,38888.890625,38888.890625,484492
2020-08-12,38888.890625,39333.33203125,38844.4453125,38844.4453125,680242
2020-08-13,39333.33203125,39555.5546875,38888.890625,39111.109375,1032030
2020-08-14,39111.109375,39555.5546875,38844.4453125,38844.4453125,1471657
2020-08-17,38666.66796875,39333.33203125,38577.77734375,38977.77734375,846450
2020-08-18,38800.0,38977.77734375,38311.109375,38444.4453125,1738507
2020-08-19,38444.4453125,38933.33203125,38444.4453125,38444.4453125,781065
2020-08-20,38488.890625,38755.5546875,38222.22265625,38222.22265625,2227995
2020-08-21,38222.22265625,38622.22265625,38177.77734375,38266.66796875,847777
2020-08-24,38444.4453125,39555.5546875,38444.4453125,39555.5546875,2368890
2020-08-25,39555.5546875,40844.4453125,39555.5546875,40444.4453125,2417985
2020-08-26,40355.5546875,40533.33203125,40000.0,40444.4453125,1231380
2020-08-27,40044.4453125,40444.4453125,40044.4453125,40444.4453125,985387
2020-08-28,40577.77734375,41022.22265625,39955.5546875,39955.5546875,1431045
2020-08-31,40000.0,40666.66796875,40000.0,40000.0,622305
2020-09-01,40088.890625,41777.77734375,39955.5546875,41200.0,1519447
2020-09-02,41200.0,41200.0,41200.0,41200.0,0
2020-09-03,41555.5546875,42488.890625,41200.0,42000.0,2333430
2020-09-04,42000.0,42444.4453125,41466.66796875,41777.77734375,1858410
2020-09-07,41777.77734375,42355.5546875,40666.66796875,40666.66796875,1047150
2020-09-08,40711.109375,41111.109375,40222.22265625,40222.22265625,1400152
2020-09-09,40177.77734375,41066.66796875,39733.33203125,40222.22265625,1948230
2020-09-10,40444.4453125,41111.109375,40222.22265625,40222.22265625,947610
2020-09-11,40000.0,41022.22265625,39955.5546875,40488.890625,925537
2020-09-14,40577.77734375,41600.0,40533.33203125,41377.77734375,1370092
2020-09-15,41422.22265625,42222.22265625,41422.22265625,42222.22265625,2213010
2020-09-16,42222.22265625,42222.22265625,42222.22265625,42222.22265625,0
2020-09-17,41377.77734375,42444.4453125,41333.33203125,41777.77734375,1876207
2020-09-18,42222.22265625,42400.0,41555.5546875,41777.77734375,2450947
2020-09-21,41777.77734375,42666.66796875,41777.77734375,42666.66796875,1286685
2020-09-22,42666.66796875,42755.5546875,42044.4453125,42044.4453125,1136767
2020-09-23,42222.22265625,42533.33203125,42000.0,42000.0,251617
2020-09-24,41688.890625,42444.4453125,41333.33203125,41333.33203125,875115
2020-09-25,42000.0,42133.33203125,41244.4453125,41244.4453125,927472
2020-09-28,41333.33203125,41866.66796875,41244.4453125,41244.4453125,456390
2020-09-29,41777.77734375,41777.77734375,40666.66796875,40666.66796875,887602
2020-09-30,40666.66796875,41511.109375,40666.66796875,40666.66796875,939060
2020-10-01,40844.4453125,41511.109375,40844.4453125,41111.109375,478147
2020-10-02,41111.109375,41777.77734375,40888.890625,41777.77734375,901732
2020-10-05,41777.77734375,41777.77734375,40888.890625,41466.66796875,203512
2020-10-06,41466.66796875,41466.66796875,40800.0,40800.0,1172677
2020-10-07,40666.66796875,41555.5546875,40444.4453125,41111.109375,858420
2020-10-08,40888.890625,41288.890625,40666.66796875,41022.22265625,488227
2020-10-09,41022.22265625,41644.4453125,41022.22265625,41600.0,696555
2020-10-12,41600.0,41777.77734375,41111.109375,41733.33203125,734152
2020-10-13,41733.33203125,41822.22265625,41511.109375,41822.22265625,611977
2020-10-14,41822.22265625,42222.22265625,41777.77734375,42222.22265625,875835
2020-10-15,42266.66796875,43333.33203125,40444.4453125,43333.33203125,3056805
2020-10-16,43600.0,43600.0,43066.66796875,43377.77734375,1342327
2020-10-19,43466.66796875,43511.109375,43288.890625,43422.22265625,833827
2020-10-20,43288.890625,43511.109375,42577.77734375,43466.66796875,1150312
2020-10-21,43466.66796875,43511.109375,42977.77734375,43244.4453125,387022
2020-10-22,43111.109375,44488.890625,43022.22265625,44488.890625,1398622
2020-10-23,44533.33203125,46622.22265625,44444.4453125,46222.22265625,3962430
2020-10-26,48444.4453125,48666.66796875,46622.22265625,46711.109375,2193120
2020-10-27,47555.5546875,47600.0,46222.22265625,46977.77734375,1809045
2020-10-28,46977.77734375,47555.5546875,43911.109375,44533.33203125,2666002
2020-10-29,44533.33203125,45777.77734375,44444.4453125,44755.5546875,2987505
2020-10-30,45111.109375,47333.33203125,44755.5546875,47333.33203125,2187900
2020-11-02,47333.33203125,47555.5546875,46666.66796875,47333.33203125,1554997
2020-11-03,47555.5546875,47555.5546875,46400.0,46400.0,1689907
2020-11-04,46355.5546875,46400.0,45777.77734375,46000.0,1114515
2020-11-05,46311.109375,47511.109375,46222.22265625,46444.4453125,1777185
2020-11-06,47111.109375,47111.109375,46444.4453125,46711.109375,1333867
2020-11-09,46711.109375,47200.0,46533.33203125,47155.5546875,1808280
2020-11-10,47333.33203125,47644.4453125,46933.33203125,46933.33203125,1759455
2020-11-11,46933.33203125,47111.109375,45777.77734375,47022.22265625,2323755
2020-11-12,47022.22265625,47466.66796875,46666.66796875,47466.66796875,1535985
2020-11-13,47466.66796875,48000.0,47155.5546875,47733.33203125,1204537
2020-11-16,47733.33203125,48222.22265625,44444.4453125,45333.33203125,4009050
2020-11-17,45777.77734375,47111.109375,45422.22265625,47111.109375,1940220
2020-11-18,47111.109375,47111.109375,45777.77734375,46622.22265625,1690357
2020-11-19,46577.77734375,46577.77734375,45777.77734375,46222.22265625,2683575
2020-11-20,46444.4453125,46444.4453125,45955.5546875,46133.33203125,1201140
2020-11-23,46222.22265625,46711.109375,45822.22265625,46133.33203125,1655212
2020-11-24,46177.77734375,46666.66796875,45822.22265625,46222.22265625,1827495
2020-11-25,46266.66796875,47200.0,46266.66796875,46933.33203125,2750602
2020-11-26,46666.66796875,47200.0,46444.4453125,47155.5546875,1227262
2020-11-27,47111.109375,47155.5546875,46577.77734375,46755.5546875,1621867
2020-11-30,46755.5546875,46888.890625,46133.33203125,46177.77734375,3592890
2020-12-01,45777.77734375,46666.66796875,45688.890625,46666.66796875,2144767
2020-12-02,46622.22265625,46888.890625,46311.109375,46666.66796875,1120297
2020-12-03,46666.66796875,47022.22265625,46355.5546875,47022.22265625,1646437
2020-12-04,47022.22265625,47333.33203125,46444.4453125,47022.22265625,1793385
2020-12-07,47111.109375,47111.109375,46711.109375,47022.22265625,1526985
2020-12-08,47022.22265625,47022.22265625,46577.77734375,46666.66796875,1681380
2020-12-09,46666.66796875,47111.109375,46400.0,47111.109375,1777027
2020-12-10,47111.109375,47555.5546875,46622.22265625,46622.22265625,2203987
2020-12-11,46622.22265625,47466.66796875,46622.22265625,47466.66796875,1281060
2020-12-14,47422.22265625,48400.0,46888.890625,48400.0,2525355
2020-12-15,48400.0,48400.0,47422.22265625,47555.5546875,2712825
2020-12-16,47466.66796875,47600.0,47066.66796875,47555.5546875,1701450
2020-12-17,47555.5546875,47555.5546875,46488.890625,46533.33203125,3043305
2020-12-18,46533.33203125,47155.5546875,46444.4453125,46533.33203125,3039255
2020-12-21,46888.890625,47288.890625,46622.22265625,47288.890625,1320975
2020-12-22,47111.109375,47777.77734375,46800.0,46977.77734375,1166220
2020-12-23,46977.77734375,47555.5546875,46844.4453125,46977.77734375,1578217
2020-12-24,47555.5546875,47555.5546875,46222.22265625,46977.77734375,1870740
2020-12-25,46977.77734375,47288.890625,46666.66796875,47066.66796875,833175
2020-12-28,47066.66796875,47377.77734375,46844.4453125,47066.66796875,1601347
2020-12-29,47155.5546875,47377.77734375,47022.22265625,47333.33203125,1377810
2020-12-30,47422.22265625,48711.109375,47422.22265625,48222.22265625,3440137
2020-12-31,48222.22265625,48577.77734375,46888.890625,48088.890625,1476090
2021-01-01,48088.890625,48088.890625,48088.890625,48088.890625,0
2021-01-04,48222.22265625,48444.4453125,47333.33203125,48000.0,222997
2021-01-05,47644.4453125,48844.4453125,47644.4453125,48755.5546875,268245
2021-01-06,48888.890625,49111.109375,48400.0,48977.77734375,288675
2021-01-07,49066.66796875,49333.33203125,48444.4453125,48933.33203125,194017
2021-01-08,48933.33203125,50088.890625,48933.33203125,49688.890625,303457
2021-01-11,50133.33203125,50933.33203125,50133.33203125,50577.77734375,345757
2021-01-12,51555.5546875,51555.5546875,50533.33203125,50844.4453125,220747
2021-01-13,50844.4453125,50933.33203125,49377.77734375,49377.77734375,278527
2021-01-14,49555.5546875,49911.109375,48888.890625,49066.66796875,323797
2021-01-15,49511.109375,49866.66796875,48800.0,49422.22265625,278550
2021-01-18,49777.77734375,49822.22265625,48933.33203125,49022.22265625,186052
2021-01-19,49022.22265625,49022.22265625,45600.0,45644.4453125,307710
2021-01-20,45777.77734375,46666.66796875,45555.5546875,45911.109375,421987
2021-01-21,46666.66796875,46755.5546875,45777.77734375,46711.109375,352035
2021-01-22,46711.109375,47333.33203125,46666.66796875,46666.66796875,246195
2021-01-25,46666.66796875,47022.22265625,46266.66796875,46577.77734375,186142
2021-01-26,46577.77734375,46666.66796875,44266.66796875,45111.109375,231435
2021-01-27,45111.109375,45777.77734375,44222.22265625,44444.4453125,335002
2021-01-28,41911.109375,42666.66796875,41333.33203125,41333.33203125,392152
2021-01-29,41111.109375,44222.22265625,41111.109375,44177.77734375,380902
2021-02-01,44177.77734375,45777.77734375,43911.109375,44000.0,301500
2021-02-02,44000.0,47066.66796875,44000.0,47066.66796875,398520
2021-02-03,46666.66796875,48000.0,46666.66796875,47777.77734375,382252
2021-02-04,47733.33203125,47777.77734375,45333.33203125,46666.66796875,230040
2021-02-05,46666.66796875,47777.77734375,46666.66796875,47777.77734375,207652
2021-02-08,47911.109375,47911.109375,44888.890625,44888.890625,770062
2021-02-09,46222.22265625,47333.33203125,45111.109375,47200.0,395550
2021-02-10,47200.0,47200.0,47200.0,47200.0,0
2021-02-11,47200.0,47200.0,47200.0,47200.0,0
2021-02-12,47200.0,47200.0,47200.0,47200.0,0
2021-02-15,47200.0,47200.0,47200.0,47200.0,0
2021-02-16,47200.0,47200.0,47200.0,47200.0,0
2021-02-17,47244.4453125,48000.0,47200.0,48000.0,282060
2021-02-18,47777.77734375,48888.890625,47155.5546875,48888.890625,322740
2021-02-19,47822.22265625,48666.66796875,47555.5546875,48444.4453125,322470
2021-02-22,48533.33203125,49200.0,47111.109375,48755.5546875,333225
2021-02-23,48088.890625,49644.4453125,47777.77734375,48888.890625,313627
2021-02-24,48888.890625,48888.890625,48888.890625,48888.890625,0
2021-02-25,48888.890625,48888.890625,48888.890625,48888.890625,0
2021-02-26,47200.0,48844.4453125,47200.0,48444.4453125,208530
2021-03-01,48844.4453125,48844.4453125,47866.66796875,48222.22265625,174982
2021-03-02,48222.22265625,48488.890625,47200.0,48088.890625,208417
2021-03-03,47377.77734375,48088.890625,47333.33203125,47511.109375,241942
2021-03-04,47822.22265625,47955.5546875,47377.77734375,47511.109375,376065
2021-03-05,47511.109375,47777.77734375,47022.22265625,47244.4453125,291330
2021-03-08,47333.33203125,47555.5546875,46666.66796875,47111.109375,312772
2021-03-09,46666.66796875,47244.4453125,44444.4453125,46355.5546875,357210
2021-03-10,46444.4453125,47111.109375,45377.77734375,47111.109375,129667
2021-03-11,47111.109375,48000.0,46933.33203125,47066.66796875,249457
2021-03-12,47066.66796875,47333.33203125,46666.66796875,47066.66796875,252517
2021-03-15,47066.66796875,47200.0,46844.4453125,47111.109375,592290
2021-03-16,47111.109375,47111.109375,46622.22265625,46844.4453125,306135
2021-03-17,46311.109375,46800.0,46222.22265625,46533.33203125,283590
2021-03-18,46888.890625,47377.77734375,46755.5546875,47377.77734375,331627
2021-03-19,46933.33203125,48177.77734375,46933.33203125,48177.77734375,365782
2021-03-22,48177.77734375,48177.77734375,46444.4453125,47688.890625,219127
2021-03-23,47111.109375,47555.5546875,46711.109375,47333.33203125,232807
2021-03-24,46888.890625,48000.0,46133.33203125,47955.5546875,248422
2021-03-25,47688.890625,49955.5546875,47600.0,49066.66796875,972450
2021-03-26,48888.890625,50444.4453125,48888.890625,49955.5546875,658755
2021-03-29,50000.0,50444.4453125,49911.109375,50133.33203125,706702
2021-03-30,50133.33203125,52711.109375,49777.77734375,52000.0,1165410
2021-03-31,52222.22265625,53111.109375,52000.0,52400.0,635310
2021-04-01,52666.66796875,55288.890625,52000.0,54666.66796875,501952
2021-04-02,55066.66796875,55066.66796875,54000.0,54666.66796875,507487
2021-04-05,56000.0,56088.890625,54755.5546875,55244.4453125,506025
2021-04-06,55244.4453125,57555.5546875,55111.109375,56444.4453125,445365
2021-04-07,56444.4453125,56888.890625,55866.66796875,56755.5546875,382162
2021-04-08,57066.66796875,57066.66796875,55111.109375,55733.33203125,339570
2021-04-09,55466.66796875,55733.33203125,54711.109375,55511.109375,394987
2021-04-12,55511.109375,59022.22265625,54844.4453125,58666.66796875,783427
2021-04-13,61777.77734375,62755.5546875,60444.4453125,62533.33203125,1136970
2021-04-14,62222.22265625,63022.22265625,61377.77734375,62222.22265625,923085
2021-04-15,62177.77734375,64444.4453125,62177.77734375,62622.22265625,769275
2021-04-16,62622.22265625,64044.4453125,62222.22265625,63555.5546875,672300
2021-04-19,63155.5546875,64088.890625,62711.109375,64000.0,634567
2021-04-20,64000.0,64844.4453125,63555.5546875,63600.0,699345
2021-04-21,63600.0,63600.0,63600.0,63600.0,0
2021-04-22,63111.109375,63511.109375,61111.109375,61688.890625,746887
2021-04-23,61688.890625,62000.0,59111.109375,61466.66796875,992250
2021-04-26,61777.77734375,62000.0,58222.22265625,58444.4453125,547762
2021-04-27,58444.4453125,59111.109375,58444.4453125,58711.109375,367132
2021-04-28,58711.109375,59200.0,57688.890625,58444.4453125,362992
2021-04-29,58444.4453125,59111.109375,58088.890625,58222.22265625,490747
2021-04-30,58222.22265625,58222.22265625,58222.22265625,58222.22265625,0
2021-05-03,58222.22265625,58222.22265625,58222.22265625,58222.22265625,0
2021-05-04,58044.4453125,59955.5546875,56400.0,59377.77734375,389835
2021-05-05,59377.77734375,60355.5546875,59377.77734375,59422.22265625,285435
2021-05-06,59422.22265625,59555.5546875,58222.22265625,58888.890625,239445
2021-05-07,58666.66796875,58666.66796875,57111.109375,58666.66796875,398047
2021-05-10,58666.66796875,58888.890625,57377.77734375,58888.890625,247342
2021-05-11,58888.890625,59288.890625,58000.0,58222.22265625,261945
2021-05-12,57777.77734375,58666.66796875,56888.890625,57688.890625,312840
2021-05-13,56888.890625,57777.77734375,56222.22265625,56222.22265625,387787
2021-05-14,56222.22265625,56444.4453125,54755.5546875,55688.890625,587205
2021-05-17,56000.0,57777.77734375,55111.109375,55111.109375,544027
2021-05-18,55111.109375,56000.0,53777.77734375,53777.77734375,551857
2021-05-19,53333.33203125,53777.77734375,52488.890625,53377.77734375,490140
2021-05-20,53377.77734375,54755.5546875,53333.33203125,54622.22265625,469102
2021-05-21,54666.66796875,54666.66796875,53555.5546875,54444.4453125,365040
2021-05-24,54444.4453125,54444.4453125,54444.4453125,54444.4453125,0
2021-05-25,54400.0,54400.0,53866.66796875,54355.5546875,340852
2021-05-26,54222.22265625,54311.109375,53555.5546875,54088.890625,377437
2021-05-27,53733.33203125,53777.77734375,52888.890625,53466.66796875,468292
2021-05-28,53377.77734375,54666.66796875,52888.890625,53244.4453125,415665
2021-05-31,53244.4453125,53333.33203125,51555.5546875,52222.22265625,415530
2021-06-01,51644.4453125,53777.77734375,51555.5546875,53333.33203125,484965
2021-06-02,53422.22265625,54177.77734375,52000.0,52222.22265625,704385
2021-06-03,52444.4453125,52800.0,52000.0,52666.66796875,560002
2021-06-04,52666.66796875,53777.77734375,52666.66796875,53777.77734375,830070
2021-06-07,54577.77734375,56222.22265625,54222.22265625,54666.66796875,8284050
2021-06-08,54666.66796875,54666.66796875,54666.66796875,54666.66796875,0
2021-06-09,53333.33203125,53777.77734375,52000.0,52800.0,4079925
2021-06-10,52666.66796875,52977.77734375,51777.77734375,51777.77734375,6590250
2021-06-11,52000.0,52444.4453125,51688.890625,52444.4453125,3890250
2021-06-14,52533.33203125,53555.5546875,52488.890625,53333.33203125,4349475
2021-06-15,53333.33203125,54222.22265625,53111.109375,54088.890625,3033000
2021-06-16,54088.890625,54088.890625,52888.890625,52933.33203125,2656350
2021-06-17,52444.4453125,52844.4453125,52000.0,52000.0,6409125
2021-06-18,52444.4453125,52577.77734375,52000.0,52177.77734375,4023900
2021-06-21,52222.22265625,52844.4453125,52133.33203125,52177.77734375,3368700
2021-06-22,52444.4453125,52755.5546875,52044.4453125,52222.22265625,4863600
2021-06-23,52444.4453125,52488.890625,51777.77734375,51955.5546875,2882700
2021-06-24,52400.0,52533.33203125,51911.109375,52222.22265625,3092175
2021-06-25,52088.890625,52444.4453125,51866.66796875,52222.22265625,3967425
2021-06-28,52222.22265625,52266.66796875,51866.66796875,51866.66796875,3849750
2021-06-29,51955.5546875,53022.22265625,51955.5546875,52444.4453125,5264775
2021-06-30,52444.4453125,54000.0,52444.4453125,52888.890625,6043275
2021-07-01,53200.0,53288.890625,52666.66796875,52711.109375,4938075
2021-07-02,52488.890625,52844.4453125,52222.22265625,52222.22265625,4025475
2021-07-05,52222.22265625,52222.22265625,52222.22265625,52222.22265625,0
2021-07-06,52222.22265625,52222.22265625,52222.22265625,52222.22265625,0
2021-07-07,52222.22265625,52222.22265625,52222.22265625,52222.22265625,0
2021-07-08,52222.22265625,52222.22265625,52222.22265625,52222.22265625,0
2021-07-09,49244.4453125,49333.33203125,47777.77734375,48266.66796875,4022775
2021-07-12,48266.66796875,48266.66796875,48266.66796875,48266.66796875,0
2021-07-13,46266.66796875,46711.109375,44000.0,45777.77734375,5299200
2021-07-14,45777.77734375,45777.77734375,45777.77734375,45777.77734375,0
2021-07-15,45777.77734375,46088.890625,44977.77734375,45333.33203125,5814450
2021-07-16,45333.33203125,45333.33203125,45333.33203125,45333.33203125,0
2021-07-19,45822.22265625,46666.66796875,44666.66796875,45733.33203125,4165425
2021-07-20,45600.0,45911.109375,44444.4453125,45777.77734375,4793175
2021-07-21,45822.22265625,47333.33203125,45333.33203125,46222.22265625,6221475
2021-07-22,46222.22265625,47466.66796875,46088.890625,47200.0,5044950
2021-07-23,47200.0,48355.5546875,46222.22265625,46222.22265625,6949800
2021-07-26,46577.77734375,46844.4453125,45822.22265625,46311.109375,4365450
2021-07-27,46666.66796875,47022.22265625,46355.5546875,46355.5546875,3246300
2021-07-28,46355.5546875,46888.890625,46222.22265625,46755.5546875,2682900
2021-07-29,46888.890625,46933.33203125,46444.4453125,46711.109375,2422125
2021-07-30,47555.5546875,47688.890625,47111.109375,47644.4453125,5263200
2021-08-02,47777.77734375,48711.109375,47511.109375,47777.77734375,3785400
2021-08-03,48622.22265625,51111.109375,48444.4453125,50888.890625,16409475
2021-08-04,50888.890625,50888.890625,50888.890625,50888.890625,0
2021-08-05,50533.33203125,51111.109375,50177.77734375,50666.66796875,4610700
2021-08-06,51111.109375,51511.109375,50355.5546875,50355.5546875,6799275
2021-08-09,50311.109375,50533.33203125,49600.0,50266.66796875,7244550
2021-08-10,50266.66796875,50266.66796875,50266.66796875,50266.66796875,0
2021-08-11,50222.22265625,50666.66796875,49333.33203125,49333.33203125,5359500
2021-08-12,49333.33203125,50177.77734375,49111.109375,49377.77734375,4125150
2021-08-13,49555.5546875,49866.66796875,49111.109375,49288.890625,4768425
2021-08-16,49777.77734375,50088.890625,49155.5546875,49155.5546875,6943050
2021-08-17,49155.5546875,49155.5546875,49155.5546875,49155.5546875,0
2021-08-18,49500.0,50100.0,48950.0,48950.0,4595400
2021-08-19,48950.0,52000.0,48350.0,52000.0,7042200
2021-08-20,50000.0,51000.0,48600.0,48850.0,9907800
2021-08-23,48750.0,48850.0,47900.0,48100.0,4322000
2021-08-24,48200.0,48500.0,47550.0,47700.0,2834800
2021-08-25,47700.0,47700.0,46500.0,47300.0,4114000
2021-08-26,47300.0,47300.0,46500.0,46550.0,3532400
2021-08-27,46500.0,47500.0,45750.0,47400.0,4971800
2021-08-30,47500.0,47650.0,47050.0,47050.0,2829800
2021-08-31,47050.0,47550.0,46900.0,47050.0,3059200
2021-09-01,47050.0,47500.0,47050.0,47050.0,2606200
2021-09-02,47050.0,47050.0,47050.0,47050.0,0
2021-09-03,47050.0,47050.0,47050.0,47050.0,0
2021-09-06,47200.0,47900.0,47100.0,47500.0,3857600
2021-09-07,47750.0,47750.0,46950.0,46950.0,4560400
2021-09-08,46950.0,46950.0,46950.0,46950.0,0
2021-09-09,46100.0,46200.0,45650.0,45650.0,5393200
2021-09-10,45900.0,46000.0,45650.0,45650.0,3229200
2021-09-13,45900.0,46700.0,45800.0,46000.0,3656200
2021-09-14,46150.0,46450.0,45950.0,46000.0,2838600
2021-09-15,46000.0,46200.0,45650.0,45700.0,2074000
2021-09-16,45700.0,45700.0,43900.0,43900.0,30260400
2021-09-17,44000.0,44600.0,43400.0,43400.0,11135800
2021-09-20,43500.0,44450.0,43000.0,43350.0,8029600
2021-09-21,43350.0,43350.0,43350.0,43350.0,0
2021-09-22,43350.0,43350.0,43350.0,43350.0,0
2021-09-23,43250.0,43700.0,43200.0,43550.0,5328200
2021-09-24,43550.0,43750.0,43500.0,43500.0,641580000
2021-09-27,43500.0,43750.0,41600.0,43050.0,6001600
2021-09-28,42650.0,43500.0,42600.0,43250.0,4774600
2021-09-29,43350.0,43450.0,43000.0,43350.0,3822400
2021-09-30,43250.0,44700.0,43250.0,44000.0,6809400
2021-10-01,44000.0,44200.0,43600.0,43850.0,3468400
2021-10-04,43800.0,44000.0,43550.0,43900.0,512
2021-10-05,43900.0,44400.0,43550.0,44300.0,4741200
2021-10-06,44300.0,44300.0,44300.0,44300.0,0
2021-10-07,44150.0,44750.0,44150.0,44400.0,4581800
2021-10-08,44500.0,44750.0,44400.0,44650.0,2597000
2021-10-11,44650.0,44650.0,44650.0,44650.0,0
2021-10-12,46000.0,46500.0,46000.0,46450.0,4877400
2021-10-13,46500.0,46900.0,46400.0,46550.0,5162400
2021-10-14,46550.0,46550.0,46550.0,46550.0,0
2021-10-15,46250.0,46500.0,46000.0,46300.0,3107400
2021-10-18,46300.0,46300.0,46300.0,46300.0,0
2021-10-19,46300.0,46350.0,45750.0,46200.0,3373400
2021-10-20,46150.0,46250.0,44950.0,46150.0,6257200
2021-10-21,45850.0,46300.0,45500.0,45500.0,5694800
2021-10-22,45500.0,45900.0,45400.0,45900.0,2856000
2021-10-25,45900.0,45900.0,45900.0,45900.0,0
2021-10-26,45900.0,46100.0,45450.0,46100.0,2671800
2021-10-27,46000.0,47500.0,45800.0,47500.0,7817800
2021-10-28,47500.0,47700.0,46800.0,47500.0,4172200
2021-10-29,47100.0,48250.0,47100.0,47900.0,4536000
2021-11-01,47900.0,47900.0,47900.0,47900.0,0
2021-11-02,47850.0,47900.0,47450.0,48000.0,3295600
2021-11-03,47900.0,47900.0,46950.0,47650.0,7136400
2021-11-04,47600.0,47750.0,47000.0,47500.0,3758200
2021-11-05,47250.0,47500.0,47000.0,47500.0,3573200
2021-11-08,47500.0,47750.0,47250.0,47450.0,3584000
2021-11-09,47700.0,47700.0,46600.0,47450.0,4747600
2021-11-10,47550.0,47600.0,46800.0,47450.0,3361000
2021-11-11,47450.0,47500.0,46950.0,47400.0,4373200
2021-11-12,47400.0,47400.0,46950.0,47250.0,2266200
2021-11-15,47250.0,47550.0,47000.0,47500.0,3844800
2021-11-16,47500.0,47550.0,46950.0,47400.0,3287800
2021-11-17,47350.0,48500.0,47100.0,48150.0,5631600
2021-11-18,48500.0,49250.0,47250.0,47250.0,7742200
2021-11-19,47300.0,48000.0,47000.0,47400.0,4065000
2021-11-22,47250.0,47500.0,46500.0,47400.0,4304200
2021-11-23,47000.0,47500.0,46750.0,47400.0,2765400
2021-11-24,47400.0,47600.0,46750.0,47050.0,4090200
2021-11-25,47400.0,47400.0,46900.0,47000.0,2803600
2021-11-26,47950.0,50000.0,47600.0,49250.0,17363400
2021-11-29,49500.0,52650.0,49250.0,52650.0,17484600
2021-11-30,52750.0,53450.0,51750.0,52500.0,9348600
2021-12-01,52500.0,53650.0,52000.0,53000.0,8164000
2021-12-02,53000.0,54250.0,52550.0,53600.0,8857200
2021-12-03,54550.0,54800.0,52750.0,52750.0,10304800
2021-12-06,53950.0,54500.0,51800.0,52800.0,11650200
2021-12-07,53700.0,53750.0,52800.0,53350.0,6052600
2021-12-08,53250.0,53500.0,51750.0,52950.0,7079000
2021-12-09,52500.0,53750.0,52000.0,53500.0,6346800
2021-12-10,53500.0,53600.0,51550.0,51550.0,6161200
2021-12-13,51350.0,52250.0,50500.0,51600.0,8152400
2021-12-14,51500.0,51550.0,50800.0,51250.0,5258200
2021-12-15,51350.0,51350.0,49950.0,50000.0,5794600
2021-12-16,50000.0,50750.0,49150.0,50000.0,6190400
2021-12-17,50000.0,51350.0,49400.0,51000.0,13310000
2021-12-20,51000.0,51000.0,49500.0,49500.0,2745600
2021-12-21,49500.0,50400.0,49050.0,49050.0,2934600
2021-12-22,49100.0,50050.0,49100.0,49800.0,4821200
2021-12-23,49800.0,50000.0,48000.0,48000.0,5542200
2021-12-24,48250.0,48450.0,47550.0,48250.0,2831000
2021-12-27,48500.0,49500.0,48250.0,49500.0,3815000
2021-12-28,49550.0,49650.0,48250.0,49200.0,3474600
2021-12-29,49000.0,49000.0,47600.0,47750.0,4583800
2021-12-30,47900.0,48200.0,47500.0,47500.0,3324800
2021-12-31,47600.0,48150.0,47100.0,47550.0,2534000
2022-01-03,47550.0,47550.0,47550.0,47550.0,0
2022-01-04,48000.0,50750.0,47850.0,50500.0,6142200
2022-01-05,50400.0,51100.0,49750.0,50000.0,6793000
2022-01-06,50500.0,53200.0,50250.0,52250.0,10122800
2022-01-07,53200.0,53200.0,51100.0,51100.0,6217600
2022-01-10,51250.0,52750.0,51100.0,51150.0,5817000
2022-01-11,51000.0,51000.0,49900.0,50500.0,4481200
2022-01-12,50750.0,50750.0,49000.0,50400.0,4677000
2022-01-13,50500.0,50500.0,49250.0,49400.0,3911400
2022-01-14,49100.0,49800.0,49100.0,49450.0,2034800
2022-01-17,49500.0,49600.0,47250.0,48500.0,5257800
2022-01-18,48500.0,48500.0,47050.0,47950.0,4064000
2022-01-19,47500.0,47950.0,46750.0,47900.0,4959400
2022-01-20,47300.0,48150.0,47300.0,47500.0,3378600
2022-01-21,47950.0,48000.0,46650.0,47750.0,6385600
2022-01-24,47450.0,48000.0,46250.0,47500.0,7870600
2022-01-25,47500.0,48850.0,46700.0,48000.0,6396800
2022-01-26,48250.0,48250.0,47250.0,48200.0,3864000
2022-01-27,48250.0,48250.0,47100.0,48250.0,5118000
2022-01-28,47550.0,48500.0,47250.0,48500.0,5999200
2022-01-31,48500.0,48500.0,48500.0,48500.0,0
2022-02-01,48500.0,48500.0,48500.0,48500.0,0
2022-02-02,48500.0,48500.0,48500.0,48500.0,0
2022-02-03,48500.0,48500.0,48500.0,48500.0,0
2022-02-04,48500.0,48500.0,48500.0,48500.0,0
2022-02-07,48200.0,48750.0,45600.0,45600.0,14826800
2022-02-08,45650.0,46150.0,43350.0,43650.0,16021600
2022-02-09,43800.0,44350.0,42450.0,42850.0,17625000
2022-02-10,42850.0,43000.0,40850.0,42000.0,22177000
2022-02-11,41500.0,41800.0,40750.0,40850.0,15692800
2022-02-14,40850.0,42000.0,40350.0,40900.0,9947000
2022-02-15,40900.0,40900.0,40900.0,40900.0,0
2022-02-16,41950.0,41950.0,41350.0,41450.0,3972000
2022-02-17,41400.0,41750.0,41000.0,41550.0,5731200
2022-02-18,41250.0,41400.0,41000.0,41100.0,5828800
2022-02-21,41050.0,41900.0,41000.0,41800.0,5027400
2022-02-22,41500.0,41650.0,40900.0,41000.0,5950400
2022-02-23,41050.0,41250.0,41000.0,41250.0,2878000
2022-02-24,41150.0,41200.0,39650.0,40050.0,12735000
2022-02-25,40450.0,40450.0,39550.0,39550.0,6771000
2022-02-28,39750.0,39750.0,38500.0,38500.0,9357200
2022-03-01,38550.0,39950.0,38500.0,39600.0,6935200
2022-03-02,39600.0,39600.0,38600.0,39450.0,4802000
2022-03-03,39450.0,40200.0,39150.0,39500.0,5220800
2022-03-04,39500.0,39650.0,38900.0,39500.0,7634800
2022-03-07,39200.0,39500.0,38650.0,39250.0,4885200
2022-03-08,39000.0,39450.0,38550.0,38950.0,8580400
2022-03-09,39050.0,39350.0,38650.0,39000.0,6099800
2022-03-10,39250.0,40300.0,39000.0,39550.0,8733200
2022-03-11,39400.0,39500.0,38900.0,39500.0,4444800
2022-03-14,39400.0,39400.0,38700.0,39150.0,5245400
2022-03-15,39000.0,39300.0,38500.0,39150.0,5467800
2022-03-16,39150.0,39200.0,38600.0,39050.0,5900000
2022-03-17,39150.0,39250.0,38650.0,39200.0,5131800
2022-03-18,39150.0,39750.0,38700.0,39400.0,11041400
2022-03-21,39400.0,40500.0,39150.0,40500.0,7410600
2022-03-22,40500.0,41200.0,40500.0,41100.0,7263600
2022-03-23,41050.0,41200.0,40700.0,40700.0,3058400
2022-03-24,40700.0,40700.0,40200.0,40500.0,3990400
2022-03-25,40300.0,40500.0,39850.0,40500.0,4387000
2022-03-28,39950.0,40600.0,39850.0,40250.0,4679800
2022-03-29,40000.0,40900.0,39900.0,40400.0,5596600
2022-03-30,41250.0,41350.0,40200.0,40550.0,6176800
2022-03-31,40550.0,41150.0,40500.0,40600.0,2744000
2022-04-01,40700.0,41250.0,40450.0,41050.0,5219800
2022-04-04,41250.0,41400.0,40750.0,41350.0,5461000
2022-04-05,41250.0,41550.0,40850.0,41150.0,7182200
2022-04-06,40250.0,41150.0,39750.0,40250.0,11358200
2022-04-07,40100.0,40150.0,38800.0,39750.0,7409600
2022-04-08,40000.0,41200.0,40000.0,40850.0,10384000
2022-04-11,40850.0,40850.0,40850.0,40850.0,0
2022-04-12,40700.0,40700.0,40150.0,40650.0,4713000
2022-04-13,40500.0,41150.0,40350.0,41100.0,6292600
2022-04-14,40800.0,41100.0,40550.0,40850.0,3527400
2022-04-15,40750.0,40900.0,40300.0,40350.0,3356800
2022-04-18,40000.0,40050.0,39050.0,39750.0,5969400
2022-04-19,39300.0,39900.0,38900.0,39400.0,3632000
2022-04-20,39000.0,39900.0,39000.0,39650.0,3427800
2022-04-21,39500.0,39750.0,38750.0,38750.0,5368600
2022-04-22,38850.0,39500.0,38800.0,38850.0,3734600
2022-04-25,38900.0,39600.0,36350.0,38100.0,5476000
2022-04-26,36750.0,39250.0,36750.0,39000.0,7323400
2022-04-27,38750.0,39000.0,37500.0,39000.0,5587000
2022-04-28,39000.0,39100.0,38150.0,38950.0,2772200
2022-04-29,38750.0,40000.0,38300.0,40000.0,4297400
2022-05-02,40000.0,40000.0,40000.0,40000.0,0
2022-05-03,40000.0,40000.0,40000.0,40000.0,0
2022-05-04,39800.0,40000.0,38850.0,39850.0,2872000
2022-05-05,39800.0,40000.0,39250.0,40000.0,3717200
2022-05-06,39250.0,40000.0,39000.0,39900.0,3380000
2022-05-09,39350.0,39600.0,38950.0,39550.0,4857800
2022-05-10,39450.0,40200.0,39050.0,40200.0,5235800
2022-05-11,40100.0,40250.0,39350.0,40250.0,3967200
2022-05-12,40000.0,40000.0,38550.0,39500.0,4948200
2022-05-13,39500.0,39500.0,38600.0,39000.0,6269200
2022-05-16,39500.0,39500.0,38100.0,38500.0,3988200
2022-05-17,38000.0,39000.0,37600.0,39000.0,3714800
2022-05-18,39000.0,39000.0,38000.0,39000.0,5929800
2022-05-19,38200.0,39500.0,38100.0,38950.0,5300600
2022-05-20,38950.0,38950.0,38250.0,38900.0,4662200
2022-05-23,38800.0,38850.0,38100.0,38700.0,5289400
2022-05-24,38500.0,38800.0,38200.0,38800.0,3136600
2022-05-25,38800.0,39050.0,38350.0,38850.0,2720800
2022-05-26,38850.0,38850.0,38400.0,38850.0,4153400
2022-05-27,38700.0,39000.0,38500.0,39000.0,3151600
2022-05-30,39000.0,39250.0,38600.0,39250.0,2781800
2022-05-31,39000.0,39750.0,38850.0,39400.0,3553200
2022-06-01,39300.0,39700.0,39150.0,39650.0,3078400
2022-06-02,39650.0,39650.0,39650.0,39650.0,0
2022-06-03,39050.0,39600.0,39000.0,39400.0,2498200
2022-06-06,39350.0,39450.0,38950.0,39250.0,3007000
2022-06-07,39250.0,39250.0,38850.0,39000.0,3124400
2022-06-08,38900.0,39350.0,38800.0,39050.0,2883400
2022-06-09,39000.0,39100.0,38650.0,39050.0,3084200
2022-06-10,38900.0,39100.0,38750.0,39000.0,1959200
2022-06-13,38300.0,38700.0,38100.0,38200.0,3591000
2022-06-14,38100.0,38300.0,37600.0,38300.0,4117000
2022-06-15,38300.0,38450.0,37650.0,38350.0,4074400
2022-06-16,38000.0,38850.0,37900.0,38300.0,3195600
2022-06-17,37900.0,38300.0,37550.0,38300.0,7450600
2022-06-20,38300.0,38300.0,37650.0,37800.0,4265600
2022-06-21,37600.0,37600.0,36900.0,37500.0,3912400
2022-06-22,37350.0,37500.0,36800.0,37500.0,2837800
2022-06-23,37050.0,37100.0,36500.0,37100.0,3097800
2022-06-24,36750.0,37300.0,36000.0,37300.0,3029600
2022-06-27,36900.0,37400.0,36750.0,36900.0,3644800
2022-06-28,36500.0,36900.0,36200.0,36800.0,4456600
2022-06-29,36400.0,36700.0,36150.0,36700.0,2858600
2022-06-30,36350.0,36750.0,36200.0,36750.0,3757600
2022-07-01,36600.0,36700.0,36050.0,36300.0,3733200
2022-07-04,36200.0,36350.0,36100.0,36350.0,1516600
2022-07-05,36350.0,36400.0,36000.0,36150.0,2957400
2022-07-06,36000.0,36050.0,33750.0,33750.0,4343400
2022-07-07,34000.0,34900.0,33250.0,34900.0,4348200
2022-07-08,35000.0,35350.0,33750.0,35000.0,2827600
2022-07-11,33850.0,35000.0,33100.0,35000.0,4771800
2022-07-12,35000.0,35000.0,35000.0,35000.0,0
2022-07-13,34300.0,35000.0,34150.0,34750.0,4009200
2022-07-14,34750.0,34900.0,34250.0,34750.0,2828600
2022-07-15,34550.0,34900.0,34300.0,34800.0,3165000
2022-07-18,34800.0,34800.0,34000.0,34000.0,2176000
2022-07-19,34000.0,34500.0,34000.0,34400.0,1310800
2022-07-20,34400.0,34500.0,34100.0,34100.0,1252200
2022-07-21,34100.0,34400.0,34050.0,34250.0,1861200
2022-07-22,34050.0,34250.0,33250.0,33250.0,1349400
2022-07-25,33450.0,33700.0,33250.0,33650.0,1511600
2022-07-26,33050.0,33800.0,33050.0,33050.0,1185400
2022-07-27,33100.0,33400.0,33000.0,33250.0,1162800
2022-07-28,33300.0,33550.0,33000.0,33500.0,2304400
2022-07-29,33900.0,33900.0,32000.0,32000.0,3817000
2022-08-01,32450.0,32550.0,32050.0,32350.0,2523600
2022-08-02,32400.0,33300.0,32250.0,33300.0,2745200
2022-08-03,32900.0,33200.0,32550.0,33000.0,2501400
2022-08-04,33000.0,33200.0,32700.0,33200.0,2292000
2022-08-05,32950.0,33100.0,32600.0,32700.0,2269800
2022-08-08,32700.0,32850.0,32300.0,32300.0,2020600
2022-08-09,32400.0,32700.0,32350.0,32650.0,1584000
2022-08-10,32500.0,32800.0,32350.0,32400.0,1935800
2022-08-11,32800.0,33200.0,32500.0,32900.0,3348000
2022-08-12,32900.0,33100.0,32750.0,33100.0,1622400
2022-08-15,33150.0,33250.0,33050.0,33200.0,1604200
2022-08-16,33200.0,33200.0,32850.0,32950.0,1724400
2022-08-17,33100.0,33900.0,33000.0,33650.0,4402000
2022-08-18,33600.0,34650.0,33600.0,34050.0,5538200
2022-08-19,34000.0,34200.0,33400.0,33950.0,2443200
2022-08-22,33600.0,34000.0,33000.0,33000.0,2938200
2022-08-23,32750.0,32800.0,32400.0,32500.0,2875600
2022-08-24,32600.0,32900.0,32450.0,32450.0,1575000
2022-08-25,32500.0,32950.0,32500.0,32950.0,966000
2022-08-26,33000.0,33000.0,32500.0,32500.0,1722600
2022-08-29,32150.0,32200.0,31500.0,31800.0,2675000
2022-08-30,31800.0,32050.0,31600.0,31800.0,1736800
2022-08-31,32000.0,32850.0,31850.0,31850.0,2473600
2022-09-01,31850.0,31850.0,31850.0,31850.0,0
2022-09-02,31850.0,31850.0,31850.0,31850.0,0
2022-09-05,32400.0,32600.0,32000.0,32000.0,2620200
2022-09-06,32050.0,32400.0,31550.0,31650.0,2671200
2022-09-07,31650.0,31700.0,31250.0,31250.0,2694800
2022-09-08,31650.0,31800.0,31200.0,31450.0,1682400
2022-09-09,31600.0,32200.0,31450.0,32200.0,2387600
2022-09-12,32450.0,32450.0,31900.0,32000.0,1105800
2022-09-13,32000.0,32150.0,31800.0,32050.0,2118200
2022-09-14,31750.0,31850.0,31050.0,31700.0,1422000
2022-09-15,31750.0,32000.0,31400.0,31950.0,1702600
2022-09-16,31600.0,32250.0,31250.0,31250.0,3368800
2022-09-19,31250.0,31650.0,31050.0,31450.0,1572000
2022-09-20,31300.0,31950.0,31300.0,31950.0,1600200
2022-09-21,31750.0,31800.0,31350.0,31550.0,965400
2022-09-22,31250.0,31650.0,29350.0,31650.0,2477400
2022-09-23,31500.0,31650.0,31000.0,31300.0,648400
2022-09-26,30900.0,31300.0,30800.0,31000.0,2391800
2022-09-27,31050.0,31100.0,30400.0,30500.0,1278200
2022-09-28,30050.0,30400.0,28750.0,28750.0,2276200
2022-09-29,28850.0,29100.0,27150.0,27300.0,3402200
2022-09-30,26650.0,28200.0,26650.0,27500.0,3448600
2022-10-03,27450.0,27750.0,26500.0,27750.0,2905400
2022-10-04,28000.0,28500.0,27300.0,28500.0,2593400
2022-10-05,28750.0,30450.0,28500.0,30000.0,2656200
2022-10-06,29900.0,31000.0,29050.0,30050.0,2023800
2022-10-07,30250.0,30350.0,29150.0,30100.0,5975800
2022-10-10,30100.0,30450.0,28850.0,30100.0,2476800
2022-10-11,29150.0,30050.0,28350.0,30000.0,4373600
2022-10-12,30000.0,30100.0,29150.0,30000.0,3419400
2022-10-13,29350.0,30500.0,29100.0,30200.0,2492800
2022-10-14,30250.0,30250.0,29200.0,29850.0,1558800
2022-10-17,29300.0,29500.0,28000.0,28000.0,1477400
2022-10-18,28250.0,29300.0,28250.0,29200.0,1212200
2022-10-19,29250.0,29350.0,28250.0,29250.0,1652800
2022-10-20,29050.0,29350.0,28600.0,29300.0,2198400
2022-10-21,29250.0,29250.0,27250.0,28400.0,2829200
2022-10-24,28000.0,28300.0,26450.0,28250.0,3212200
2022-10-25,28150.0,28150.0,26500.0,28050.0,2893400
2022-10-26,28050.0,28050.0,26750.0,27400.0,2108200
2022-10-27,27300.0,27500.0,26250.0,27500.0,3949600
2022-10-28,27700.0,27900.0,26750.0,27850.0,2562000
2022-10-31,28000.0,28200.0,27150.0,27700.0,2105600
2022-11-01,27850.0,27900.0,27000.0,27700.0,2838200
2022-11-02,27650.0,27700.0,27000.0,27700.0,2705000
2022-11-03,27200.0,27550.0,27150.0,27550.0,1819400
2022-11-04,27450.0,27450.0,26050.0,27150.0,3235800
2022-11-07,27000.0,27000.0,25850.0,26700.0,3405000
2022-11-08,26100.0,26650.0,24850.0,26650.0,4952200
2022-11-09,26650.0,27150.0,26100.0,26850.0,3147800
2022-11-10,26800.0,27000.0,26000.0,26500.0,3116000
2022-11-11,26500.0,27400.0,26250.0,27150.0,1877000
2022-11-14,27100.0,27750.0,26550.0,27500.0,2789200
2022-11-15,27950.0,28750.0,27500.0,28500.0,3166800
2022-11-16,28450.0,30450.0,28050.0,30200.0,4499000
2022-11-17,31200.0,32300.0,30250.0,32300.0,9570800
2022-11-18,33450.0,33450.0,31550.0,32800.0,3386800
2022-11-21,33000.0,33350.0,31800.0,32000.0,2396400
2022-11-22,32000.0,32950.0,30500.0,30500.0,2932600
2022-11-23,30050.0,31300.0,29850.0,29850.0,1997600
2022-11-24,30000.0,31050.0,30000.0,30500.0,2283400
2022-11-25,31500.0,32500.0,31300.0,32500.0,4581800
2022-11-28,33250.0,33550.0,32500.0,32500.0,6499800
2022-11-29,32500.0,34700.0,32100.0,34700.0,7118000
2022-11-30,34750.0,35100.0,34000.0,34800.0,6450000
2022-12-01,34700.0,34800.0,33000.0,33000.0,6409200
2022-12-02,32550.0,34400.0,32550.0,34400.0,7182800
2022-12-05,34400.0,35000.0,34000.0,34050.0,4603800
2022-12-06,34050.0,34250.0,32500.0,33300.0,3606600
2022-12-07,34600.0,35600.0,34250.0,35600.0,18843000
2022-12-08,37200.0,37250.0,34950.0,34950.0,11205000
2022-12-09,35250.0,35850.0,33900.0,33900.0,5321400
2022-12-12,33900.0,34000.0,31550.0,31550.0,5702400
2022-12-13,31950.0,32000.0,30050.0,30800.0,5722200
2022-12-14,31250.0,31850.0,30150.0,30400.0,5795000
2022-12-15,30550.0,30800.0,30150.0,30300.0,4623800
2022-12-16,30300.0,30400.0,29200.0,29200.0,6569200
2022-12-19,29500.0,29700.0,28250.0,28250.0,5747200
2022-12-20,28250.0,28900.0,27550.0,27950.0,4176800
2022-12-21,28300.0,28500.0,27400.0,27450.0,4954800
2022-12-22,28000.0,28500.0,27500.0,27500.0,4866800
2022-12-23,27650.0,27950.0,26950.0,27550.0,3732600
2022-12-26,27500.0,27500.0,26250.0,26450.0,4735600
2022-12-27,26450.0,27400.0,26050.0,26700.0,3688000
2022-12-28,26750.0,26750.0,26050.0,26750.0,4178000
2022-12-29,26600.0,27000.0,26250.0,26800.0,4270800
2022-12-30,26900.0,26950.0,26500.0,26900.0,4923400
2023-01-02,26900.0,26900.0,26900.0,26900.0,0
2023-01-03,26900.0,28400.0,26700.0,28400.0,4018600
2023-01-04,28450.0,28550.0,27950.0,28000.0,3856800
2023-01-05,28050.0,28450.0,27900.0,28100.0,3283800
2023-01-06,28000.0,28050.0,27450.0,28050.0,3902000
2023-01-09,28100.0,28100.0,27500.0,27500.0,2408400
2023-01-10,27500.0,27500.0,26800.0,27250.0,3485800
2023-01-11,27250.0,27750.0,27050.0,27550.0,2171200
2023-01-12,27750.0,27750.0,27250.0,27500.0,2134000
2023-01-13,27500.0,27650.0,27200.0,27500.0,2447600
2023-01-16,27500.0,27500.0,26700.0,27400.0,3374200
2023-01-17,26750.0,27600.0,26750.0,27600.0,2742400
2023-01-18,27700.0,28350.0,27500.0,28350.0,3294600
2023-01-19,28150.0,28700.0,28000.0,28700.0,4686200
2023-01-20,28700.0,28700.0,28700.0,28700.0,0
2023-01-23,28700.0,28700.0,28700.0,28700.0,0
2023-01-24,28700.0,28700.0,28700.0,28700.0,0
2023-01-25,28700.0,28700.0,28700.0,28700.0,0
2023-01-26,28700.0,28700.0,28700.0,28700.0,0
2023-01-27,28900.0,29650.0,28800.0,29600.0,4395600
2023-01-30,29750.0,29750.0,28750.0,28850.0,2249000
2023-01-31,29050.0,29250.0,28250.0,28550.0,2755600
2023-02-01,28800.0,28800.0,27400.0,27600.0,3703200
2023-02-02,27600.0,28050.0,27550.0,27900.0,2657200
2023-02-03,28000.0,28000.0,27500.0,28000.0,2398800
2023-02-06,27650.0,28000.0,27150.0,28000.0,2832200
2023-02-07,28000.0,28000.0,26800.0,27500.0,3290000
2023-02-08,27300.0,27300.0,26500.0,27200.0,4291600
2023-02-09,26750.0,27250.0,26200.0,27100.0,6013600
2023-02-10,26750.0,27150.0,26300.0,27000.0,3392000
2023-02-13,26550.0,26800.0,26250.0,26700.0,2810400
2023-02-14,26550.0,26550.0,25400.0,26450.0,6232400
2023-02-15,26350.0,26450.0,25450.0,26450.0,6691400
2023-02-16,26500.0,26850.0,25700.0,26700.0,6481000
2023-02-17,26700.0,26750.0,26100.0,26750.0,3743000
2023-02-20,26650.0,27500.0,26500.0,27050.0,3030400
2023-02-21,27100.0,27350.0,26850.0,27150.0,3005200
2023-02-22,26750.0,26800.0,26200.0,26500.0,5115600
2023-02-23,26400.0,26550.0,25550.0,26500.0,4774200
2023-02-24,26050.0,26450.0,25850.0,26450.0,4413000
2023-02-27,26000.0,26250.0,25700.0,26250.0,2779800
2023-02-28,26250.0,26500.0,26000.0,26300.0,1825000
2023-03-01,26000.0,26650.0,25800.0,26350.0,1589400
2023-03-02,26250.0,26650.0,26150.0,26400.0,1538600
2023-03-03,26400.0,26500.0,26100.0,26350.0,1571800
2023-03-06,26350.0,26650.0,26050.0,26300.0,3139600
2023-03-07,26500.0,26600.0,26200.0,26350.0,2884600
2023-03-08,26100.0,26650.0,26100.0,26500.0,1663800
2023-03-09,26500.0,26800.0,26300.0,26500.0,2074600
2023-03-10,26500.0,26650.0,26250.0,26550.0,1799600
2023-03-13,26550.0,26700.0,26250.0,26650.0,1993600
2023-03-14,26600.0,26600.0,26300.0,26500.0,2038000
2023-03-15,26500.0,27000.0,26500.0,27000.0,2355400
2023-03-16,27000.0,27850.0,26500.0,26650.0,6311200
2023-03-17,26950.0,27000.0,26200.0,26600.0,6243000
2023-03-20,26500.0,26600.0,25700.0,26400.0,6724600
2023-03-21,26400.0,26700.0,25800.0,26400.0,3533400
2023-03-22,26300.0,26450.0,26050.0,26400.0,3595000
2023-03-23,26100.0,26400.0,26050.0,26400.0,4147600
2023-03-24,26400.0,26850.0,26250.0,26650.0,1661400
2023-03-27,26650.0,26900.0,26400.0,26650.0,1404000
2023-03-28,26650.0,26800.0,26600.0,26700.0,1565000
2023-03-29,26750.0,26800.0,26450.0,26750.0,1171400
2023-03-30,26750.0,27450.0,26700.0,26850.0,1987200
2023-03-31,26800.0,27600.0,26800.0,27500.0,5238800
2023-04-03,27950.0,29400.0,27800.0,29000.0,9703600
2023-04-04,29250.0,29350.0,28400.0,28400.0,3743400
2023-04-05,28350.0,28350.0,27500.0,27750.0,3948200
2023-04-06,28200.0,28200.0,27250.0,27250.0,4129800
2023-04-07,27500.0,27500.0,26700.0,27200.0,4759200
2023-04-10,27250.0,27300.0,26650.0,26900.0,4290200
2023-04-11,26850.0,26850.0,26400.0,26800.0,3694000
2023-04-12,26650.0,26750.0,26300.0,26550.0,7292600
2023-04-13,26550.0,26750.0,26350.0,26500.0,3839600
2023-04-14,26600.0,26750.0,26350.0,26450.0,3325200
2023-04-17,26450.0,26500.0,26200.0,26450.0,3516400
2023-04-18,26450.0,26450.0,26200.0,26400.0,3511600
2023-04-19,26300.0,26350.0,26150.0,26300.0,3492600
2023-04-20,26250.0,26350.0,26100.0,26300.0,2434800
2023-04-21,26300.0,26350.0,26050.0,26350.0,3397200
2023-04-24,26350.0,26350.0,26100.0,26300.0,2992400
2023-04-25,26400.0,26400.0,25900.0,26250.0,5432800
2023-04-26,26200.0,26200.0,25850.0,25950.0,3673200
2023-04-27,25900.0,25900.0,25250.0,25250.0,7192000
2023-04-28,25300.0,26050.0,25300.0,26050.0,4482200
2023-05-01,26050.0,26050.0,26050.0,26050.0,0
2023-05-02,26050.0,26050.0,26050.0,26050.0,0
2023-05-03,26050.0,26050.0,26050.0,26050.0,0
2023-05-04,26050.0,26050.0,25550.0,25650.0,2996800
2023-05-05,25450.0,25700.0,25300.0,25350.0,2597600
2023-05-08,25350.0,25450.0,25250.0,25450.0,2676400
2023-05-09,25450.0,25500.0,25200.0,25300.0,2226800
2023-05-10,25400.0,25400.0,25200.0,25300.0,2138600
2023-05-11,25350.0,25350.0,25150.0,25250.0,2380600
2023-05-12,25350.0,25950.0,25250.0,25850.0,4186000
2023-05-15,27450.0,27450.0,27000.0,27200.0,9040000
2023-05-16,27300.0,27400.0,26400.0,26450.0,5242800
2023-05-17,26450.0,26900.0,26250.0,26600.0,4336400
2023-05-18,26800.0,26900.0,26500.0,26600.0,4157400
2023-05-19,26700.0,26700.0,26050.0,26250.0,3864400
2023-05-22,26250.0,26350.0,25950.0,26050.0,3710400
2023-05-23,26100.0,26750.0,26100.0,26300.0,4038000
2023-05-24,26300.0,26300.0,26300.0,26300.0,0
2023-05-25,26300.0,26350.0,26100.0,26300.0,2907000
2023-05-26,26200.0,26250.0,26000.0,26000.0,3186600
2023-05-29,26000.0,26450.0,26000.0,26350.0,2762600
2023-05-30,26350.0,26450.0,26150.0,26200.0,2630000
2023-05-31,26200.0,26200.0,26000.0,26000.0,4864000
2023-06-01,26000.0,26100.0,25800.0,26000.0,3053800
2023-06-02,26000.0,26150.0,25950.0,26000.0,3462800
2023-06-05,26050.0,26250.0,26000.0,26050.0,3648600
2023-06-06,26100.0,26600.0,26100.0,26600.0,4240400
2023-06-07,26650.0,26800.0,26300.0,26400.0,3312200
2023-06-08,26400.0,26500.0,26200.0,26200.0,2872200
2023-06-09,26250.0,26300.0,26100.0,26150.0,1638000
2023-06-12,26250.0,26700.0,26250.0,26700.0,3423000
2023-06-13,26850.0,27150.0,26650.0,27050.0,4224200
2023-06-14,27050.0,27350.0,26900.0,26900.0,4485600
2023-06-15,26900.0,27250.0,26650.0,26750.0,4229400
2023-06-16,26900.0,27000.0,26300.0,26750.0,7757800
2023-06-19,26900.0,26900.0,26050.0,26050.0,4633200
2023-06-20,26000.0,26250.0,25950.0,26000.0,2929000
2023-06-21,26050.0,26200.0,25850.0,26200.0,4140800
2023-06-22,26200.0,26200.0,26200.0,26200.0,0
2023-06-23,26050.0,26150.0,25950.0,26000.0,4357800
2023-06-26,26050.0,26350.0,25950.0,26100.0,3049400
2023-06-27,26100.0,26500.0,26100.0,26200.0,4976600
2023-06-28,26300.0,26350.0,26000.0,26100.0,3787000
2023-06-29,26100.0,26200.0,25900.0,25900.0,3256600
2023-06-30,25900.0,25950.0,25500.0,25500.0,3487800
2023-07-03,25750.0,25850.0,25550.0,25550.0,3732200
2023-07-04,25750.0,25750.0,25550.0,25650.0,2719200
2023-07-05,25700.0,25800.0,25450.0,25500.0,4958400
2023-07-06,25500.0,25700.0,25200.0,25200.0,5199200
2023-07-07,25250.0,25300.0,25000.0,25050.0,5883200
2023-07-10,25250.0,25600.0,25100.0,25450.0,6690600
2023-07-11,25500.0,25650.0,25400.0,25400.0,3855800
2023-07-12,25550.0,25950.0,25400.0,25700.0,4591200
2023-07-13,25750.0,26000.0,25600.0,25750.0,3788000
2023-07-14,25900.0,25900.0,25500.0,25700.0,4027400
2023-07-17,25800.0,26550.0,25700.0,26450.0,9211000
2023-07-18,26500.0,26550.0,26300.0,26350.0,4183800
2023-07-19,26450.0,26450.0,26050.0,26050.0,3632000
2023-07-20,26050.0,26300.0,25800.0,26000.0,3787600
2023-07-21,26000.0,26150.0,25800.0,26050.0,4649600
2023-07-24,26100.0,26300.0,25900.0,26000.0,5243400
2023-07-25,26050.0,26100.0,25750.0,25750.0,7608000
2023-07-26,25700.0,25950.0,25500.0,25500.0,8239400
2023-07-27,25500.0,25750.0,25400.0,25550.0,7865000
2023-07-28,25550.0,25800.0,25450.0,25750.0,7100400
2023-07-31,27550.0,27550.0,27300.0,27550.0,21123800
2023-08-01,29400.0,29450.0,29000.0,29450.0,24518600
2023-08-02,29500.0,29950.0,29050.0,29150.0,24695600
2023-08-03,29150.0,29750.0,29000.0,29100.0,15045600
2023-08-04,29500.0,31100.0,29500.0,31100.0,42421600
2023-08-07,31750.0,32150.0,31200.0,31950.0,16180600
2023-08-08,32000.0,33750.0,31800.0,33500.0,22112800
2023-08-09,33500.0,33900.0,32850.0,32900.0,19536800
2023-08-10,33150.0,34200.0,33050.0,33950.0,15795400
2023-08-11,36300.0,36300.0,36050.0,36300.0,46186200
2023-08-14,37450.0,37700.0,35750.0,36650.0,25408000
2023-08-15,36500.0,36650.0,35350.0,35350.0,29530600
2023-08-16,37800.0,37800.0,37700.0,37800.0,38829800
2023-08-17,37800.0,38300.0,35950.0,35950.0,44465200
2023-08-18,34550.0,35000.0,33450.0,33450.0,53243800
2023-08-21,33000.0,33050.0,31650.0,32900.0,44807400
2023-08-22,33500.0,33550.0,31400.0,32250.0,26241600
2023-08-23,34500.0,34500.0,32500.0,32500.0,40683000
2023-08-24,32850.0,32900.0,31300.0,32100.0,33232400
2023-08-25,32600.0,33350.0,31650.0,31750.0,35800600
2023-08-28,32500.0,33350.0,32250.0,32350.0,33431200
2023-08-29,32850.0,32950.0,31600.0,31700.0,41300600
2023-08-30,31500.0,31500.0,30300.0,31000.0,49101600
2023-08-31,31250.0,32050.0,31000.0,31050.0,29969400
2023-09-01,31050.0,31050.0,31050.0,31050.0,0
2023-09-04,31050.0,31050.0,31050.0,31050.0,0
2023-09-05,31250.0,31950.0,30850.0,31150.0,26119000
2023-09-06,31200.0,31250.0,30400.0,30800.0,38822000
2023-09-07,31000.0,31250.0,30400.0,30400.0,32255600
2023-09-08,30250.0,30300.0,29550.0,29550.0,56441600
2023-09-11,30050.0,30700.0,29550.0,29550.0,32724000
2023-09-12,29900.0,30250.0,29550.0,30150.0,30134400
2023-09-13,30400.0,30700.0,29550.0,29600.0,32642000
2023-09-14,29550.0,29650.0,27750.0,27750.0,53722000
2023-09-15,28000.0,28150.0,26600.0,26800.0,37904800
2023-09-18,26800.0,26800.0,26200.0,26500.0,22924200
2023-09-19,26750.0,26950.0,25750.0,25850.0,25578600
2023-09-20,26000.0,26750.0,25850.0,26750.0,23603000
2023-09-21,26900.0,26900.0,26100.0,26100.0,17005200
2023-09-22,25750.0,25800.0,24900.0,25000.0,34903800
2023-09-25,25050.0,25200.0,23250.0,23250.0,33670800
2023-09-26,23000.0,23375.0,22275.0,22500.0,30226800
2023-09-27,22300.0,22625.0,22025.0,22600.0,17780800
2023-09-28,22600.0,22650.0,22050.0,22500.0,13774200
2023-09-29,22600.0,24075.0,22575.0,23425.0,27136000
2023-10-02,23500.0,23775.0,23250.0,23450.0,10169600
2023-10-03,22950.0,23000.0,21925.0,22250.0,25793600
2023-10-04,22250.0,23150.0,22025.0,23050.0,13436600
2023-10-05,23100.0,23200.0,22400.0,22800.0,10716400
2023-10-06,22950.0,23125.0,22500.0,22975.0,12385800
2023-10-09,23000.0,23025.0,22600.0,22600.0,9779400
2023-10-10,22800.0,23075.0,22450.0,22450.0,11723200
2023-10-11,22525.0,22725.0,22500.0,22725.0,7259400
2023-10-12,23000.0,23650.0,22900.0,23250.0,15421600
2023-10-13,23025.0,23225.0,22775.0,23050.0,10115800
2023-10-16,23025.0,23025.0,22500.0,22500.0,9678800
2023-10-17,22500.0,22575.0,22000.0,22000.0,9690000
2023-10-18,22025.0,22275.0,20750.0,21900.0,17738400
2023-10-19,21900.0,21950.0,21200.0,21600.0,10764800
2023-10-20,21500.0,21675.0,20925.0,21675.0,11906200
2023-10-23,21675.0,21700.0,21300.0,21700.0,9800800
2023-10-24,21600.0,21750.0,21450.0,21725.0,5643600
2023-10-25,22100.0,22650.0,21925.0,22350.0,12451200
2023-10-26,21450.0,21475.0,20800.0,20800.0,30213600
2023-10-27,20825.0,20900.0,19350.0,20800.0,27996200
2023-10-30,20650.0,20775.0,19875.0,20750.0,12125600
2023-10-31,20525.0,20775.0,20225.0,20250.0,11876800
2023-11-01,19850.0,20250.0,19725.0,20200.0,9237800
2023-11-02,20250.0,20750.0,19825.0,20725.0,12095000
2023-11-03,20850.0,21050.0,20625.0,20800.0,8189800
2023-11-06,20975.0,21150.0,20825.0,21050.0,8588000
2023-11-07,20900.0,21075.0,20625.0,21025.0,8444000
2023-11-08,20950.0,21525.0,20800.0,21500.0,9499000
2023-11-09,22000.0,22850.0,22000.0,22700.0,14616000
2023-11-10,22500.0,22600.0,22200.0,22475.0,10206400
2023-11-13,22525.0,22525.0,22225.0,22400.0,7907600
2023-11-14,22475.0,22750.0,22250.0,22475.0,7690200
2023-11-15,22700.0,22800.0,22450.0,22700.0,12413000
2023-11-16,22700.0,22700.0,22425.0,22550.0,4682600
2023-11-17,22600.0,22600.0,21075.0,21100.0,23146400
2023-11-20,20450.0,21400.0,20450.0,21350.0,8608600
2023-11-21,21525.0,21575.0,21025.0,21300.0,5704200
2023-11-22,21475.0,21500.0,20925.0,21000.0,7595600
2023-11-23,21000.0,21300.0,20650.0,20650.0,6603200
2023-11-24,20675.0,20750.0,20300.0,20675.0,7049200
2023-11-27,20650.0,21100.0,20650.0,20925.0,5589600
2023-11-28,20925.0,21250.0,20800.0,21200.0,4944600
2023-11-29,21200.0,21325.0,21150.0,21275.0,4103400
2023-11-30,21250.0,21425.0,20875.0,20875.0,6932800
2023-12-01,21025.0,21100.0,20925.0,21050.0,4603400
2023-12-04,21050.0,21500.0,21050.0,21475.0,7142600
2023-12-05,21475.0,21575.0,21300.0,21400.0,7253400
2023-12-06,21250.0,21500.0,21250.0,21400.0,4682400
2023-12-07,21400.0,21600.0,20950.0,21400.0,8906400
2023-12-08,21300.0,21525.0,21275.0,21475.0,5304600
2023-12-11,21625.0,22175.0,21625.0,22025.0,10584400
2023-12-12,22025.0,22200.0,22000.0,22125.0,5548400
2023-12-13,22050.0,22175.0,21600.0,21950.0,7947800
2023-12-14,21975.0,22025.0,21725.0,21900.0,6085600
2023-12-15,21850.0,21975.0,21525.0,21850.0,12133400
2023-12-18,21850.0,21975.0,21525.0,21600.0,4690400
2023-12-19,21650.0,21650.0,21150.0,21600.0,5627800
2023-12-20,21475.0,21725.0,21425.0,21625.0,3520200
2023-12-21,21500.0,21650.0,21400.0,21600.0,3781000
2023-12-22,21600.0,21675.0,21375.0,21575.0,4002200
2023-12-25,21550.0,21775.0,21500.0,21700.0,3955000
2023-12-26,21700.0,21875.0,21675.0,21775.0,3527400
2023-12-27,21825.0,21975.0,21800.0,21800.0,3697000
2023-12-28,21800.0,22300.0,21800.0,22225.0,8141400
2023-12-29,22325.0,22425.0,22225.0,22300.0,4337800
2024-01-01,22300.0,22300.0,22300.0,22300.0,0
2024-01-02,22475.0,22475.0,22000.0,22000.0,4562600
2024-01-03,21750.0,22075.0,21750.0,22075.0,4550200
2024-01-04,22075.0,22200.0,21900.0,22075.0,4675600
2024-01-05,22075.0,22100.0,21950.0,22050.0,2963200
2024-01-08,22225.0,22375.0,22050.0,22175.0,5068800
2024-01-09,22150.0,22200.0,21950.0,21950.0,3209600
2024-01-10,21950.0,22025.0,21600.0,21800.0,5351400
2024-01-11,21800.0,22000.0,21700.0,21825.0,3332200
2024-01-12,21750.0,21750.0,21350.0,21500.0,5933200
2024-01-15,21750.0,21750.0,21525.0,21525.0,2912600
2024-01-16,21500.0,21625.0,21425.0,21575.0,2873000
2024-01-17,21575.0,21725.0,21475.0,21600.0,3756600
2024-01-18,21500.0,21750.0,21500.0,21675.0,3450200
2024-01-19,21675.0,21725.0,21575.0,21650.0,5810800
2024-01-22,21750.0,21750.0,21575.0,21650.0,3383800
2024-01-23,21700.0,21700.0,21450.0,21550.0,4422000
2024-01-24,21600.0,21625.0,21450.0,21575.0,3387000
2024-01-25,21575.0,21575.0,21575.0,21575.0,0
2024-01-26,21350.0,21500.0,21325.0,21400.0,3615200
2024-01-29,21400.0,21425.0,21200.0,21325.0,3632800
2024-01-30,21325.0,21400.0,21250.0,21350.0,2665800
2024-01-31,21350.0,21400.0,21050.0,21250.0,5477800
2024-02-01,21225.0,21250.0,21025.0,21175.0,4392200
2024-02-02,21175.0,21175.0,21175.0,21175.0,0
2024-02-05,21100.0,21100.0,20900.0,21100.0,5384800
2024-02-06,21125.0,21175.0,20950.0,21150.0,3189400
2024-02-07,21150.0,21200.0,21000.0,21200.0,3192000
2024-02-08,21200.0,21200.0,21200.0,21200.0,0
2024-02-09,21200.0,21200.0,21200.0,21200.0,0
2024-02-12,21200.0,21200.0,21200.0,21200.0,0
2024-02-13,21200.0,21200.0,21200.0,21200.0,0
2024-02-14,21200.0,21200.0,21200.0,21200.0,0
2024-02-15,21250.0,21400.0,21100.0,21275.0,3869400
2024-02-16,21275.0,22075.0,21250.0,21975.0,9984400
2024-02-19,22150.0,23500.0,22150.0,23500.0,33273800
2024-02-20,24000.0,24675.0,23950.0,24250.0,17949800
2024-02-21,24275.0,24275.0,23550.0,23625.0,13298000
2024-02-22,23625.0,23850.0,23500.0,23800.0,8045000
2024-02-23,23975.0,23975.0,22600.0,22600.0,19754400
2024-02-26,22675.0,22875.0,22150.0,22300.0,10178800
2024-02-27,22400.0,22825.0,22175.0,22575.0,8735000
2024-02-28,22950.0,23200.0,22625.0,22800.0,6739400
2024-02-29,23000.0,23075.0,22500.0,22500.0,8034000
2024-03-01,22500.0,22800.0,22425.0,22625.0,5965400
2024-03-04,22650.0,22875.0,22575.0,22625.0,7477800
2024-03-05,22600.0,22750.0,22500.0,22650.0,6303600
2024-03-06,22650.0,23425.0,22600.0,22650.0,9305000
2024-03-07,22800.0,22925.0,22675.0,22800.0,4933000
2024-03-08,23000.0,23000.0,22400.0,22400.0,7793400
2024-03-11,22450.0,22625.0,22175.0,22175.0,6903200
2024-03-12,22175.0,22300.0,22025.0,22075.0,5673200
2024-03-13,22125.0,22500.0,22050.0,22500.0,4477200
2024-03-14,22600.0,23425.0,22500.0,22975.0,12042800
2024-03-15,22950.0,23000.0,22200.0,22200.0,9626800
2024-03-18,22425.0,23100.0,21950.0,23050.0,15465400
2024-03-19,23100.0,23650.0,22800.0,23500.0,15656800
2024-03-20,23400.0,23500.0,22900.0,23250.0,9390000
2024-03-21,23250.0,23425.0,22950.0,23250.0,7051600
2024-03-22,23250.0,23350.0,23025.0,23300.0,10396800
2024-03-25,23300.0,23700.0,23075.0,23425.0,9477000
2024-03-26,23500.0,23600.0,23300.0,23525.0,6958000
2024-03-27,23525.0,23650.0,23350.0,23525.0,8406200
2024-03-28,23525.0,23975.0,23450.0,23800.0,9278200
2024-03-29,23925.0,23950.0,23650.0,23825.0,7049200
2024-04-01,23825.0,24050.0,23675.0,23925.0,8903600
2024-04-02,23500.0,23950.0,23250.0,23900.0,9636000
2024-04-03,23750.0,23925.0,23600.0,23875.0,8520800
2024-04-04,23625.0,23975.0,23625.0,23925.0,8244200
2024-04-05,23725.0,23975.0,23650.0,23900.0,6765400
2024-04-08,24000.0,24000.0,23675.0,23850.0,5897000
2024-04-09,23800.0,23850.0,23500.0,23850.0,7004600
2024-04-10,23850.0,24325.0,23825.0,24250.0,10323200
2024-04-11,24125.0,24275.0,23875.0,24150.0,6795800
2024-04-12,24175.0,24350.0,24075.0,24225.0,6019200
2024-04-15,24000.0,24100.0,23000.0,23500.0,11194400
2024-04-16,23500.0,23500.0,22325.0,23200.0,9586400
2024-04-17,23250.0,23250.0,22250.0,22500.0,6019200
2024-04-18,22500.0,22500.0,22500.0,22500.0,0
2024-04-19,21800.0,22000.0,21300.0,21300.0,7348800
2024-04-22,21325.0,21500.0,20850.0,21000.0,6435200
2024-04-23,21225.0,21225.0,20500.0,20500.0,5392200
2024-04-24,20550.0,20975.0,20550.0,20800.0,3166600
2024-04-25,20850.0,21175.0,20650.0,21000.0,3035000
2024-04-26,20975.0,22225.0,20950.0,22225.0,5395400
2024-04-29,22225.0,22225.0,22225.0,22225.0,0
2024-04-30,22225.0,22225.0,22225.0,22225.0,0
2024-05-01,22225.0,22225.0,22225.0,22225.0,0
2024-05-02,22000.0,22200.0,21800.0,22200.0,3193000
2024-05-03,22300.0,22450.0,22000.0,22225.0,2630400
2024-05-06,22225.0,22375.0,21925.0,22375.0,3048800
2024-05-07,22675.0,22675.0,22250.0,22500.0,2107000
2024-05-08,22550.0,22700.0,22150.0,22700.0,3426800
2024-05-09,22700.0,23000.0,22525.0,22700.0,2830800
2024-05-10,22700.0,22850.0,22250.0,22500.0,2333800
2024-05-13,22650.0,22675.0,22175.0,22500.0,3423600
2024-05-14,24050.0,24050.0,23025.0,23025.0,10527800
2024-05-15,23100.0,23375.0,23000.0,23175.0,2715600
2024-05-16,23300.0,23575.0,23100.0,23375.0,5565000
2024-05-17,23375.0,23450.0,23125.0,23425.0,4336400
2024-05-20,23500.0,23775.0,23175.0,23350.0,6449800
2024-05-21,23500.0,23850.0,23225.0,23225.0,6671000
2024-05-22,23175.0,23450.0,22750.0,22750.0,6298600
2024-05-23,22625.0,22950.0,22375.0,22775.0,5299400
2024-05-24,22575.0,22800.0,22075.0,22475.0,7430800
2024-05-27,22475.0,22625.0,22225.0,22525.0,3426000
2024-05-28,22500.0,22650.0,22225.0,22525.0,4507200
2024-05-29,22525.0,22600.0,22125.0,22200.0,5166200
2024-05-30,22200.0,22250.0,21575.0,21575.0,4774000
2024-05-31,21750.0,22300.0,21650.0,21775.0,3326400
2024-06-03,21775.0,21775.0,21775.0,21775.0,0
2024-06-04,22150.0,22275.0,22000.0,22050.0,2927000
2024-06-05,22050.0,22375.0,22050.0,22100.0,3222800
2024-06-06,22150.0,22175.0,21850.0,21850.0,3647000
2024-06-07,21950.0,22000.0,21600.0,21750.0,3363400
2024-06-10,21750.0,21950.0,21700.0,21725.0,3164800
2024-06-11,21650.0,21725.0,21275.0,21600.0,9670000
2024-06-12,21400.0,21750.0,21250.0,21650.0,4585000
2024-06-13,21650.0,21750.0,21450.0,21600.0,4288000
2024-06-14,21600.0,21625.0,21000.0,21000.0,5436800
2024-06-17,21300.0,21475.0,21000.0,21000.0,4119400
2024-06-18,21150.0,21475.0,21050.0,21050.0,3664800
2024-06-19,21175.0,21225.0,20725.0,20750.0,6542400
2024-06-20,20775.0,20900.0,20675.0,20725.0,4714200
2024-06-21,20725.0,20825.0,20575.0,20825.0,5367800
2024-06-24,20825.0,21150.0,20550.0,20550.0,5609000
2024-06-25,20575.0,21000.0,20575.0,20600.0,3194400
2024-06-26,20650.0,20850.0,20575.0,20600.0,3837000
2024-06-27,20550.0,20700.0,20500.0,20500.0,2624200
2024-06-28,20550.0,20675.0,20450.0,20600.0,3570000
2024-07-01,20700.0,20700.0,20525.0,20675.0,1806600
2024-07-02,20700.0,20875.0,20650.0,20800.0,2986800
2024-07-03,20800.0,20825.0,20625.0,20675.0,2276000
2024-07-04,20750.0,20850.0,20650.0,20700.0,2428600
2024-07-05,20700.0,20725.0,20550.0,20700.0,2890800
2024-07-08,20700.0,20700.0,20175.0,20200.0,7007200
2024-07-09,20250.0,20475.0,20075.0,20400.0,4573400
2024-07-10,20475.0,20475.0,20300.0,20300.0,2470800
2024-07-11,20450.0,20875.0,20350.0,20550.0,5494000
2024-07-12,20850.0,21400.0,20825.0,20875.0,6624000
2024-07-15,20875.0,21125.0,20650.0,20675.0,1933800
2024-07-16,20675.0,20850.0,20350.0,20525.0,3726800
2024-07-17,20500.0,20500.0,20075.0,20300.0,5302000
2024-07-18,20300.0,20300.0,20075.0,20275.0,4284600
2024-07-19,20350.0,20550.0,20150.0,20375.0,3496000
2024-07-22,20375.0,20500.0,20100.0,20375.0,3552000
2024-07-23,20375.0,20425.0,20200.0,20425.0,2892600
2024-07-24,20400.0,20500.0,20225.0,20450.0,3314800
2024-07-25,20650.0,21300.0,20425.0,20800.0,8672400
2024-07-26,20950.0,21075.0,20625.0,20800.0,2753200
2024-07-29,20800.0,20800.0,20375.0,20800.0,5330200
2024-07-30,20975.0,21100.0,20500.0,21100.0,4852400
2024-07-31,21150.0,21150.0,20775.0,21150.0,5197000
2024-08-01,21050.0,21150.0,20750.0,21050.0,6558400
2024-08-02,21075.0,21100.0,20400.0,21000.0,4429200
2024-08-05,20500.0,20825.0,20200.0,20650.0,7885600
2024-08-06,20750.0,20775.0,20275.0,20650.0,3444600
2024-08-07,20875.0,21750.0,20875.0,21175.0,10631000
2024-08-08,21025.0,21100.0,20825.0,20900.0,3086000
2024-08-09,20900.0,21000.0,20600.0,20600.0,4533800
2024-08-12,20550.0,20600.0,20300.0,20300.0,3613400
2024-08-13,20325.0,20600.0,20325.0,20350.0,2799200
2024-08-14,20375.0,20600.0,20375.0,20400.0,2754800
2024-08-15,20500.0,20575.0,20400.0,20400.0,2427000
2024-08-16,20450.0,20800.0,20450.0,20575.0,4614000
2024-08-19,20650.0,20775.0,20525.0,20575.0,3289800
2024-08-20,20575.0,21100.0,20500.0,20850.0,6073000
2024-08-21,20800.0,21000.0,20750.0,20925.0,3329000
2024-08-22,20925.0,21175.0,20775.0,20775.0,4759000
2024-08-23,20800.0,21000.0,20750.0,20775.0,3497000
2024-08-26,20825.0,21175.0,20825.0,21075.0,4995000
2024-08-27,21050.0,22550.0,21050.0,22550.0,25497600
2024-08-28,22750.0,23050.0,22200.0,22200.0,9867000
2024-08-29,22125.0,22400.0,22025.0,22100.0,6419800
2024-08-30,22275.0,22600.0,22100.0,22100.0,6797000
2024-09-02,22100.0,22100.0,22100.0,22100.0,0
2024-09-03,22100.0,22100.0,22100.0,22100.0,0
2024-09-04,21800.0,22150.0,21650.0,22000.0,6397400
2024-09-05,22275.0,22975.0,22200.0,22525.0,9039000
2024-09-06,22675.0,22675.0,22300.0,22325.0,5003800
2024-09-09,22100.0,22250.0,21725.0,21850.0,9621400
2024-09-10,21850.0,21950.0,21300.0,21500.0,9203600
2024-09-11,21325.0,21500.0,21050.0,21500.0,6196400
2024-09-12,21525.0,21625.0,21275.0,21450.0,4333200
2024-09-13,21450.0,21475.0,21250.0,21450.0,3052600
2024-09-16,21350.0,21800.0,21025.0,21025.0,4010400
2024-09-17,21025.0,21600.0,21025.0,21450.0,4475400
2024-09-18,21450.0,21650.0,21325.0,21325.0,5493800
2024-09-19,21400.0,21600.0,21350.0,21450.0,4480000
2024-09-20,21500.0,21825.0,21150.0,21150.0,7853000
2024-09-23,21450.0,21450.0,21175.0,21175.0,3426800
2024-09-24,21200.0,21325.0,21175.0,21275.0,2877400
2024-09-25,21375.0,21450.0,21200.0,21300.0,7442200
2024-09-26,21300.0,21550.0,21300.0,21300.0,5537000
2024-09-27,21450.0,21450.0,21225.0,21250.0,5481400
2024-09-30,21200.0,21300.0,21000.0,21000.0,5848600
2024-10-01,21025.0,21375.0,21025.0,21150.0,3829200
2024-10-02,21175.0,21200.0,21025.0,21025.0,3054400
2024-10-03,21050.0,21225.0,20675.0,20675.0,6920800
2024-10-04,20675.0,20675.0,20450.0,20500.0,4289400
2024-10-07,20550.0,20775.0,20425.0,20425.0,3304800
2024-10-08,20525.0,20525.0,20300.0,20450.0,5297400
2024-10-09,20525.0,20800.0,20500.0,20800.0,2421600
2024-10-10,20800.0,20825.0,20650.0,20700.0,2942400
2024-10-11,20700.0,20975.0,20675.0,20900.0,3419600
2024-10-14,21250.0,21700.0,21075.0,21075.0,8529800
2024-10-15,21125.0,21250.0,20775.0,20825.0,3694000
2024-10-16,20750.0,20900.0,20725.0,20750.0,2422200
2024-10-17,20875.0,20900.0,20725.0,20775.0,2060200
2024-10-18,20850.0,21100.0,20850.0,20900.0,2349600
2024-10-21,20925.0,21450.0,20925.0,21125.0,4438400
2024-10-22,21300.0,21300.0,21100.0,21100.0,4091200
2024-10-23,21350.0,22150.0,21350.0,21600.0,10029600
2024-10-24,21500.0,21550.0,21025.0,21025.0,4110800
2024-10-25,21100.0,21150.0,20775.0,20775.0,4095800
2024-10-28,20800.0,20875.0,20725.0,20725.0,2946200
2024-10-29,20750.0,20850.0,20650.0,20675.0,2570000
2024-10-30,20725.0,20850.0,20400.0,20500.0,4048400
2024-10-31,20700.0,20850.0,20525.0,20775.0,3655800
2024-11-01,20775.0,20800.0,20550.0,20600.0,2677200
2024-11-04,20700.0,20750.0,20525.0,20600.0,2690400
2024-11-05,20600.0,20650.0,20525.0,20650.0,1926000
2024-11-06,20750.0,21000.0,20700.0,20900.0,3043200
2024-11-07,21000.0,21125.0,20850.0,20850.0,2345600
2024-11-08,20900.0,20900.0,20500.0,20525.0,4382400
2024-11-11,20525.0,20575.0,20325.0,20400.0,3888800
2024-11-12,20500.0,20750.0,20250.0,20275.0,4971800
2024-11-13,20425.0,20575.0,20250.0,20300.0,4086400
2024-11-14,20325.0,20650.0,20300.0,20350.0,3936600
2024-11-15,20325.0,20525.0,20275.0,20275.0,4620600
2024-11-18,20275.0,20425.0,20175.0,20200.0,3785400
2024-11-19,20200.0,20350.0,20175.0,20175.0,3716800
2024-11-20,20100.0,20325.0,20075.0,20175.0,3681600
2024-11-21,20175.0,20300.0,20150.0,20175.0,3983800
2024-11-22,20175.0,20425.0,20150.0,20225.0,2672600
2024-11-25,20225.0,20500.0,20225.0,20500.0,3830600
2024-11-26,20500.0,20650.0,20500.0,20525.0,2461600
2024-11-27,20525.0,20525.0,20375.0,20375.0,1984400
2024-11-28,20550.0,20600.0,20350.0,20350.0,2232600
2024-11-29,20325.0,20375.0,20250.0,20250.0,3930800
2024-12-02,20275.0,20475.0,20150.0,20175.0,4128000
2024-12-03,20200.0,20300.0,20125.0,20200.0,3746600
2024-12-04,20200.0,20200.0,19900.0,20000.0,4983200
2024-12-05,20400.0,20500.0,20150.0,20425.0,6740200
2024-12-06,20425.0,21150.0,20375.0,20925.0,10654200
2024-12-09,21050.0,21425.0,20925.0,20925.0,6683200
2024-12-10,20925.0,20950.0,20600.0,20600.0,4705800
2024-12-11,20600.0,20700.0,20450.0,20650.0,4336200
2024-12-12,20650.0,20675.0,20450.0,20450.0,4294800
2024-12-13,20375.0,20450.0,20300.0,20400.0,3904400
2024-12-16,20400.0,20450.0,20300.0,20350.0,2318400
2024-12-17,20350.0,20400.0,20275.0,20275.0,2659800
2024-12-18,20275.0,20425.0,20275.0,20300.0,1700200
2024-12-19,20150.0,20200.0,20050.0,20150.0,4973600
2024-12-20,20150.0,20250.0,20125.0,20250.0,3138400
2024-12-23,20250.0,20425.0,20250.0,20300.0,1999400
2024-12-24,20250.0,20300.0,20175.0,20300.0,2667400
2024-12-25,20300.0,20525.0,20275.0,20325.0,3816200
2024-12-26,20350.0,20500.0,20325.0,20325.0,1755000
2024-12-27,20350.0,20450.0,20275.0,20275.0,2995400
2024-12-30,20175.0,20300.0,20150.0,20275.0,2830600
2024-12-31,20275.0,20300.0,20150.0,20275.0,3568800
2025-01-01,20275.0,20275.0,20275.0,20275.0,0
2025-01-02,20250.0,20275.0,20150.0,20275.0,2681000
2025-01-03,20275.0,20275.0,20075.0,20250.0,3458200
2025-01-06,20200.0,20250.0,20150.0,20250.0,3251800
2025-01-07,20150.0,20275.0,20100.0,20250.0,3930000
2025-01-08,20200.0,20275.0,20150.0,20250.0,1851600
2025-01-09,20275.0,20500.0,20250.0,20375.0,2375800
2025-01-10,20375.0,20450.0,20200.0,20250.0,2209200
2025-01-13,19850.0,20175.0,19850.0,20150.0,3361400
2025-01-14,20100.0,20100.0,19900.0,20100.0,4652600
2025-01-15,20150.0,20175.0,20000.0,20125.0,1748400
2025-01-16,20150.0,20175.0,20000.0,20125.0,1748400
2025-01-17,20250.0,20275.0,20125.0,20225.0,2347600
2025-01-20,20150.0,20225.0,20125.0,20200.0,1292400
2025-01-21,20275.0,20275.0,20150.0,20225.0,2627000
2025-01-22,20250.0,20250.0,20050.0,20200.0,2270400
2025-01-23,20200.0,20325.0,20125.0,20200.0,2840200
2025-01-24,20125.0,20250.0,20100.0,20200.0,2775800
2025-01-27,20200.0,20200.0,20200.0,20200.0,0
2025-01-28,20200.0,20200.0,20200.0,20200.0,0
2025-01-29,20200.0,20200.0,20200.0,20200.0,0
2025-01-30,20200.0,20200.0,20200.0,20200.0,0
2025-01-31,20200.0,20200.0,20200.0,20200.0,0
2025-02-03,20100.0,20150.0,19950.0,20025.0,3150200
2025-02-04,20025.0,20100.0,19925.0,20050.0,2881800
2025-02-05,20100.0,20225.0,20025.0,20025.0,2118600
2025-02-06,20175.0,20275.0,20025.0,20225.0,2629200
2025-02-07,20250.0,20350.0,20125.0,20325.0,2789800
2025-02-10,20175.0,20175.0,20000.0,20000.0,3068600
2025-02-11,20000.0,20050.0,19925.0,19975.0,2872000
2025-02-12,19975.0,20050.0,19950.0,19950.0,1881800
2025-02-13,19950.0,20150.0,19925.0,20125.0,2105800
2025-02-14,20250.0,20250.0,20100.0,20125.0,1993000
2025-02-17,20125.0,20200.0,20025.0,20050.0,1703400
2025-02-18,20050.0,20225.0,19950.0,20100.0,2400000
2025-02-19,20100.0,20250.0,20025.0,20200.0,3148600
2025-02-20,20225.0,20625.0,20200.0,20475.0,5872600
2025-02-21,20475.0,20475.0,20325.0,20325.0,2664200
2025-02-24,20175.0,20325.0,20175.0,20300.0,3080200
2025-02-25,20350.0,20575.0,20325.0,20350.0,3586600
2025-02-26,20500.0,20550.0,20400.0,20500.0,2729800
2025-02-27,20600.0,20600.0,20375.0,20525.0,2883200
2025-02-28,20525.0,20800.0,20350.0,20600.0,5542000
2025-03-03,20650.0,21200.0,20600.0,21025.0,5715000
2025-03-04,21225.0,21250.0,20900.0,20975.0,6113000
2025-03-05,21025.0,21250.0,21000.0,21125.0,5815400
2025-03-06,21150.0,21275.0,21025.0,21175.0,5256400
2025-03-07,21150.0,22650.0,21125.0,22650.0,23005400
2025-03-10,22950.0,23950.0,22900.0,23650.0,19808800
2025-03-11,23450.0,23650.0,23250.0,23650.0,11384800
2025-03-12,23675.0,24125.0,23675.0,24050.0,14006800
2025-03-13,24150.0,25700.0,23750.0,25700.0,32830000
2025-03-14,25900.0,26400.0,25700.0,26100.0,16845200
2025-03-17,26250.0,26350.0,25400.0,26050.0,12994600
2025-03-18,26050.0,26350.0,25550.0,25650.0,12034000
2025-03-19,25400.0,26250.0,24600.0,25950.0,20684000
2025-03-20,26000.0,26600.0,25350.0,25750.0,13258200
2025-03-21,25800.0,26500.0,25500.0,26500.0,14972600
2025-03-24,26500.0,28350.0,26350.0,28350.0,23802000
2025-03-25,28850.0,29600.0,28300.0,28450.0,15864000
2025-03-26,28900.0,29000.0,27850.0,28500.0,12975400
2025-03-27,28750.0,29350.0,28300.0,28550.0,9138400
2025-03-28,28500.0,29150.0,28450.0,29000.0,11085200
2025-03-31,28900.0,29250.0,28650.0,29000.0,13308000
2025-04-01,29350.0,30400.0,29100.0,29850.0,15514800
2025-04-02,30250.0,30600.0,29750.0,30200.0,14632000
2025-04-03,29100.0,29900.0,28100.0,28100.0,38421800
2025-04-04,27100.0,29750.0,26700.0,29150.0,29102200
2025-04-07,29150.0,29150.0,29150.0,29150.0,0
2025-04-08,29000.0,29000.0,27150.0,27550.0,23149400
2025-04-09,26050.0,29200.0,26050.0,28500.0,26005000
2025-04-10,30450.0,30450.0,30450.0,30450.0,7606400
2025-04-11,29850.0,32550.0,29850.0,32550.0,26720600
2025-04-14,33250.0,34800.0,33000.0,34800.0,17650400
2025-04-15,35200.0,37200.0,35000.0,35250.0,24532400
2025-04-16,35300.0,36000.0,33700.0,33950.0,15095600
2025-04-17,33850.0,35500.0,33600.0,35500.0,16126400
2025-04-18,35900.0,35900.0,33050.0,33050.0,21131400
2025-04-21,32050.0,33700.0,30750.0,30750.0,30937800
2025-04-22,31000.0,31350.0,29000.0,29500.0,25637200
2025-04-23,30000.0,30150.0,29150.0,29300.0,37968400
2025-04-24,29450.0,31350.0,29300.0,31350.0,17460000
2025-04-25,32200.0,33500.0,32000.0,33500.0,29558000
2025-04-28,33900.0,34500.0,33350.0,34000.0,14046600
2025-04-29,33500.0,34000.0,31900.0,34000.0,26769600
2025-04-30,34000.0,34000.0,34000.0,34000.0,0
2025-05-01,34000.0,34000.0,34000.0,34000.0,0
2025-05-02,34000.0,34000.0,34000.0,34000.0,0
2025-05-05,34450.0,36200.0,34000.0,35000.0,8813600
2025-05-06,34450.0,36200.0,34000.0,35000.0,8813600
2025-05-07,35300.0,35900.0,34700.0,35250.0,11416200
2025-05-08,35300.0,37000.0,35200.0,36700.0,15223800
2025-05-09,37600.0,39250.0,37100.0,39250.0,14353400
2025-05-12,39200.0,40100.0,38500.0,39700.0,11761800
2025-05-13,39200.0,40100.0,38500.0,39700.0,11761800
2025-05-14,40250.0,40250.0,38350.0,39800.0,19298000
2025-05-15,39550.0,41250.0,39200.0,39900.0,13279200
2025-05-16,39500.0,39950.0,38600.0,39900.0,17857400
2025-05-19,40050.0,42800.0,40000.0,42800.0,18306400
2025-05-20,40050.0,42800.0,40000.0,42800.0,18306400
2025-05-21,44250.0,45750.0,44250.0,45750.0,7778600
2025-05-22,48950.0,48950.0,44950.0,46750.0,14548800
2025-05-23,46500.0,49250.0,45900.0,46250.0,13118800
2025-05-26,46600.0,47650.0,43500.0,47250.0,9626600
2025-05-27,46600.0,47650.0,43500.0,47250.0,9626600
2025-05-28,47350.0,47500.0,45750.0,47250.0,13616600
2025-05-29,46500.0,49150.0,46500.0,48500.0,12298000
2025-05-30,48600.0,49500.0,48050.0,48500.0,9464800
2025-06-02,49350.0,49900.0,47100.0,49000.0,12872200
2025-06-03,49350.0,49900.0,47100.0,49000.0,12872200
2025-06-04,48750.0,49750.0,47500.0,49050.0,8825800
2025-06-05,49000.0,49250.0,48200.0,49050.0,6666600
2025-06-06,48950.0,49050.0,48150.0,49000.0,6700000
2025-06-09,48450.0,48450.0,45150.0,45150.0,7550600
2025-06-10,48450.0,48450.0,45150.0,45150.0,7550600
2025-06-11,43000.0,46450.0,43000.0,45300.0,13680200
2025-06-12,46300.0,46300.0,45000.0,45100.0,2877800
2025-06-13,45700.0,45800.0,42350.0,43400.0,8312600
2025-06-16,42000.0,42800.0,41300.0,42700.0,5029200
2025-06-17,42000.0,42800.0,41300.0,42700.0,5029200
2025-06-18,42700.0,45400.0,42150.0,43850.0,6768000
2025-06-19,43850.0,44500.0,43450.0,44000.0,2858400
2025-06-20,44000.0,45300.0,43800.0,44700.0,6495800
2025-06-23,43050.0,46400.0,42550.0,46400.0,7742600
2025-06-24,43050.0,46400.0,42550.0,46400.0,7742600
2025-06-25,47450.0,49000.0,46850.0,47900.0,7949600
2025-06-26,48000.0,48300.0,47250.0,47900.0,5311000
2025-06-27,47500.0,48500.0,47500.0,47500.0,3222400
2025-06-30,47750.0,48150.0,47550.0,47800.0,2530400
2025-07-01,47750.0,48150.0,47550.0,47800.0,2530400
2025-07-02,47850.0,48250.0,46750.0,47800.0,4668000
2025-07-03,47150.0,47750.0,47150.0,47700.0,2180600
2025-07-04,47300.0,47600.0,46950.0,47250.0,3780800
2025-07-07,45950.0,47100.0,45500.0,46500.0,4019000
2025-07-08,45950.0,47100.0,45500.0,46500.0,4019000
2025-07-09,46500.0,47500.0,46450.0,46650.0,2841600
2025-07-10,46500.0,47500.0,46500.0,47500.0,6573200
2025-07-11,48000.0,50800.0,48000.0,50800.0,14139800
2025-07-14,57500.0,57750.0,55500.0,56500.0,11064800
2025-07-15,57500.0,57750.0,55500.0,56500.0,11064800
2025-07-16,57000.0,57000.0,55500.0,55800.0,6497600
2025-07-17,55500.0,59100.0,55050.0,58700.0,6605800
2025-07-18,59050.0,61650.0,59050.0,61000.0,13195000
2025-07-21,60250.0,61250.0,55350.0,56000.0,8613200
2025-07-22,60250.0,61250.0,55350.0,56000.0,8613200
2025-07-23,56100.0,58750.0,56100.0,58750.0,7877400
2025-07-24,59750.0,59750.0,57500.0,57500.0,5608400
2025-07-25,57600.0,58500.0,54850.0,58000.0,12061200
2025-07-28,57500.0,59000.0,57050.0,57800.0,6531800
2025-07-29,57500.0,59000.0,57050.0,57800.0,6531800
2025-07-30,57500.0,58600.0,56500.0,56600.0,9121600
2025-07-31,56600.0,57000.0,54050.0,54750.0,8706200
2025-08-01,54350.0,54750.0,52500.0,52750.0,11329400
2025-08-04,53100.0,55600.0,52500.0,55600.0,7755200
2025-08-05,53100.0,55600.0,52500.0,55600.0,7755200
2025-08-06,58800.0,59450.0,57300.0,58750.0,16755400
2025-08-07,58750.0,60000.0,57500.0,59250.0,8424400
2025-08-08,59250.0,61000.0,57500.0,57500.0,8280200
2025-08-11,58500.0,59450.0,57500.0,57750.0,6560600
2025-08-12,58500.0,59450.0,57500.0,57750.0,6560600
2025-08-13,57750.0,58400.0,57250.0,57750.0,5916200
2025-08-14,57500.0,58250.0,57000.0,58000.0,8219200
2025-08-15,58200.0,59400.0,57600.0,59100.0,8624400
2025-08-18,59100.0,59250.0,58000.0,59100.0,7184000
2025-08-19,59100.0,59250.0,58000.0,59100.0,7184000
2025-08-20,59100.0,60550.0,58250.0,59100.0,10581600
2025-08-21,59300.0,63000.0,58950.0,62100.0,14916400
2025-08-22,61100.0,63400.0,61000.0,62500.0,8138200
2025-08-25,62000.0,66300.0,61750.0,65500.0,7626200
2025-08-26,62000.0,66300.0,61750.0,65500.0,7626200
2025-08-27,65500.0,69950.0,64500.0,67750.0,5190000
2025-08-28,66600.0,67800.0,66000.0,66000.0,4703000
2025-08-29,66100.0,67000.0,65000.0,65050.0,4357600
2025-09-01,65050.0,65050.0,65050.0,65050.0,0
2025-09-02,65050.0,65050.0,65050.0,65050.0,0
2025-09-03,63550.0,64100.0,62250.0,62500.0,4574200
2025-09-04,63550.0,64100.0,62250.0,62500.0,4574200
2025-09-05,62500.0,63000.0,61500.0,62500.0,3977400
2025-09-08,62550.0,64000.0,62500.0,62500.0,4407000
2025-09-09,62550.0,64000.0,62500.0,62500.0,4407000
2025-09-10,62500.0,64800.0,62050.0,64600.0,5319400
2025-09-11,64600.0,65500.0,63500.0,65450.0,3970200
2025-09-12,65000.0,68750.0,64550.0,68000.0,6034000
2025-09-15,68850.0,68900.0,67400.0,68900.0,4284000
2025-09-16,68850.0,68900.0,67400.0,68900.0,4284000
2025-09-17,68900.0,68900.0,66950.0,67500.0,5840200
2025-09-18,66750.0,71950.0,66700.0,71550.0,7969800
2025-09-19,71750.0,74950.0,70750.0,72500.0,8778400
2025-09-22,74850.0,77100.0,71950.0,74400.0,10224400
2025-09-23,74850.0,77100.0,71950.0,74400.0,10224400
2025-09-24,74000.0,75050.0,72800.0,74600.0,2852400
2025-09-25,74500.0,76000.0,72800.0,74500.0,3507800
2025-09-26,74500.0,79000.0,73450.0,79000.0,5641400
2025-09-29,81150.0,87400.0,80500.0,86400.0,4891200
2025-09-30,81150.0,87400.0,80500.0,86400.0,4891200
2025-10-01,86750.0,91500.0,86750.0,87450.0,9349200
2025-10-02,87450.0,87500.0,83900.0,85000.0,5286200
2025-10-03,84400.0,87850.0,84400.0,85500.0,4762200
2025-10-06,93400.0,93400.0,88250.0,89850.0,4796400
2025-10-07,93400.0,93400.0,88250.0,89850.0,4796400
2025-10-08,90550.0,91000.0,89000.0,90000.0,4736200
2025-10-09,89500.0,90450.0,87600.0,89050.0,6513200
2025-10-10,88500.0,90800.0,88150.0,89750.0,8262600
2025-10-13,96950.0,102700.0,96950.0,102700.0,14356600
2025-10-14,96950.0,102700.0,96950.0,102700.0,14356600
2025-10-15,107950.0,109850.0,103450.0,105950.0,16131000
2025-10-16,107050.0,107450.0,103000.0,104750.0,7504800
2025-10-17,105000.0,108800.0,102950.0,106550.0,10434800
2025-10-20,100000.0,102250.0,95000.0,97450.0,11342000
2025-10-21,100000.0,102250.0,95000.0,97450.0,11342000
2025-10-22,101000.0,102450.0,96850.0,101700.0,7400800
2025-10-23,102000.0,102000.0,96500.0,101500.0,8392600
2025-10-24,101450.0,107750.0,100000.0,107500.0,9522400
2025-10-27,111450.0,113250.0,107000.0,107000.0,7778200
2025-10-28,111450.0,113250.0,107000.0,107000.0,7778200
2025-10-29,106750.0,110300.0,99550.0,110050.0,10411000
2025-10-30,109500.0,109500.0,105950.0,106000.0,5478400
2025-10-31,105250.0,105900.0,100750.0,102050.0,7545000
2025-11-03,95550.0,99750.0,93000.0,97700.0,7254000
2025-11-04,99000.0,102450.0,98050.0,100500.0,5028200
2025-11-05,99000.0,102450.0,98050.0,100500.0,5028200
2025-11-06,103000.0,105750.0,101900.0,103900.0,9210400
2025-11-07,102500.0,103950.0,99850.0,99850.0,7403400
2025-11-10,99400.0,102000.0,96650.0,99500.0,5571600
2025-11-11,99500.0,101950.0,99350.0,100500.0,8452600
2025-11-12,99800.0,105600.0,99800.0,105600.0,7770200
2025-11-13,105000.0,107900.0,104600.0,105600.0,6123000
2025-11-14,105400.0,105650.0,104050.0,105500.0,4166200
2025-11-17,106000.0,110550.0,106000.0,108500.0,7779600
2025-11-18,108500.0,110500.0,107750.0,110000.0,6054400
2025-11-19,110000.0,112500.0,109500.0,110250.0,4657800
2025-11-20,110450.0,115000.0,110000.0,114000.0,5657200
2025-11-21,113100.0,115550.0,111000.0,114850.0,5556800
2025-11-24,114650.0,121950.0,114650.0,119750.0,6406000
2025-11-25,121500.0,124400.0,120000.0,121500.0,6851000
2025-11-26,123500.0,123500.0,118750.0,122500.0,8393600
2025-11-27,123100.0,126550.0,122700.0,124000.0,4696000
2025-11-28,124100.0,131400.0,124100.0,130200.0,7689600
2025-12-01,133050.0,139300.0,133000.0,134950.0,9001200
2025-12-02,135000.0,138750.0,131500.0,137500.0,8187000
2025-12-03,139450.0,139450.0,134600.0,134700.0,6657400
2025-12-04,139450.0,139450.0,134600.0,134700.0,6657400
2025-12-05,142800.0,142800.0,139400.0,142800.0,7001500
2025-12-08,152000.0,152700.0,149100.0,152700.0,4606600
2025-12-09,163300.0,163300.0,153000.0,160000.0,12839300
2025-12-10,160000.0,160000.0,148800.0,148800.0,6592900
2025-12-11,143000.0,147600.0,138400.0,146000.0,7957600
2025-12-12,147800.0,147800.0,140000.0,144000.0,4622400
2025-12-15,143800.0,147000.0,140000.0,142900.0,5214800
2025-12-16,142900.0,149300.0,140400.0,142900.0,5330200
2025-12-17,143700.0,146800.0,142600.0,142900.0,2867800
2025-12-18,143700.0,146800.0,142600.0,142900.0,2867800
2025-12-19,142700.0,152100.0,142000.0,148500.0,12784300
2025-12-22,153800.0,158800.0,151800.0,158800.0,4500800
2025-12-23,165000.0,169900.0,163000.0,169900.0,6615800
2025-12-24,174000.0,176600.0,164000.0,169800.0,8749100
2025-12-25,174000.0,176600.0,164000.0,169800.0,8749100
2025-12-26,147000.0,155200.0,147000.0,155000.0,15336300
2025-12-29,155000.0,159900.0,155000.0,159700.0,6667000
2025-12-30,159700.0,163000.0,151600.0,163000.0,8091800
2025-12-31,163000.0,172000.0,158800.0,169600.0,9438700
2026-01-01,169600.0,169600.0,169600.0,169600.0,0
2026-01-02,169600.0,169600.0,169600.0,169600.0,0
2026-01-05,169600.0,174500.0,166800.0,173100.0,6644800
2026-01-06,173600.0,176000.0,171400.0,173100.0,7681000
2026-01-07,173100.0,179500.0,168600.0,179000.0,7674800
2026-01-08,183500.0,190000.0,176600.0,176600.0,6593700
2026-01-09,176000.0,180200.0,172600.0,176000.0,5389600
2026-01-12,174600.0,175400.0,163700.0,163700.0,9379500
2026-01-13,159000.0,173300.0,158000.0,167900.0,5382600
2026-01-14,171200.0,171200.0,159000.0,160200.0,4416000
2026-01-15,160100.0,160200.0,150900.0,153000.0,8278800
2026-01-16,153000.0,163000.0,153000.0,159900.0,3824600
2026-01-19,164900.0,164900.0,159000.0,162000.0,2282900
2026-01-20,162000.0,162000.0,154600.0,161000.0,5147800
2026-01-21,159000.0,164200.0,158900.0,160500.0,3238000
2026-01-22,157000.0,161400.0,157000.0,161100.0,3404000
2026-01-23,163800.0,167700.0,162500.0,165400.0,3317300
2026-01-26,167000.0,167500.0,159600.0,159900.0,2315400
2026-01-27,160000.0,160000.0,150100.0,151000.0,6581300
2026-01-28,151000.0,154500.0,140500.0,140500.0,10028300
2026-01-29,138900.0,142000.0,138500.0,140500.0,6992500
2026-01-30,140500.0,141900.0,135900.0,140500.0,6881400
2026-02-02,138500.0,140000.0,130700.0,130700.0,10401600
2026-02-03,125300.0,133100.0,125300.0,130700.0,8884500
2026-02-04,129600.0,129800.0,121600.0,121600.0,11704000
2026-02-05,119000.0,130100.0,118900.0,130100.0,7413900
2026-02-06,130100.0,137300.0,128000.0,131000.0,7311200
2026-02-09,132800.0,133300.0,129500.0,132300.0,2803700
2026-02-10,132500.0,141500.0,132300.0,141500.0,6103600
2026-02-11,148000.0,151300.0,147000.0,150800.0,5289000
2026-02-12,154800.0,160800.0,152000.0,159000.0,4346600
2026-02-13,161900.0,164100.0,152000.0,160000.0,5436200
2026-02-16,160000.0,160000.0,160000.0,160000.0,0
2026-02-17,160000.0,160000.0,160000.0,160000.0,0
2026-02-18,160000.0,160000.0,160000.0,160000.0,0
2026-02-19,160000.0,160000.0,160000.0,160000.0,0
2026-02-20,160000.0,160000.0,160000.0,160000.0,0
2026-02-23,160000.0,166800.0,159200.0,162300.0,3711300
2026-02-24,162300.0,163600.0,159000.0,162900.0,1947400
2026-02-25,160000.0,162000.0,155000.0,158000.0,5289800
2026-02-26,157000.0,169000.0,157000.0,168900.0,6775200
2026-02-27,169100.0,178500.0,168000.0,172000.0,3624400
2026-03-02,171000.0,177800.0,166000.0,167200.0,4989000
2026-03-03,171000.0,177800.0,166000.0,167200.0,4989000
2026-03-04,150600.0,161000.0,150600.0,155600.0,4387500
2026-03-05,159000.0,166400.0,157200.0,164800.0,5615500
2026-03-06,163500.0,165000.0,156000.0,156500.0,2975400
2026-03-09,151400.0,156000.0,145600.0,145600.0,6353700
2026-03-10,154800.0,154800.0,141000.0,141800.0,4203800
2026-03-11,143000.0,148500.0,143000.0,146000.0,2974500
2026-03-12,144800.0,149700.0,142900.0,145000.0,3036100
2026-03-13,143900.0,148000.0,141200.0,144600.0,2665200
2026-03-16,146200.0,147600.0,141400.0,144700.0,2480300
2026-03-17,145000.0,150900.0,145000.0,146200.0,2810700
2026-03-18,148300.0,156000.0,146000.0,146000.0,4966200
2026-03-19,146600.0,151000.0,145000.0,145000.0,5611400
2026-03-20,148000.0,148000.0,135000.0,135000.0,10346200
2026-03-23,135600.0,138000.0,125600.0,125600.0,4671100
2026-03-24,132000.0,132400.0,122800.0,124000.0,3901200
2026-03-25,128000.0,132300.0,126000.0,128700.0,3013400
2026-03-26,129900.0,130900.0,125900.0,130000.0,2435600
2026-03-27,130500.0,133900.0,128600.0,132600.0,2124700
2026-03-30,128900.0,132200.0,127500.0,129500.0,2042500
2026-03-31,130200.0,135000.0,130000.0,135000.0,3316700
2026-04-01,143000.0,144300.0,139300.0,141000.0,3637400
2026-04-02,142800.0,142800.0,137800.0,139900.0,4153300
2026-04-03,140000.0,144900.0,139300.0,141000.0,2869800
2026-04-06,141000.0,142500.0,139000.0,141600.0,2024600
2026-04-07,141600.0,146900.0,139900.0,143400.0,3077600
2026-04-08,150000.0,153400.0,147100.0,153400.0,4034100
2026-04-09,154000.0,154000.0,149200.0,149200.0,2623100
2026-04-10,151600.0,154000.0,151500.0,151700.0,2195500
2026-04-13,151700.0,162000.0,149300.0,160000.0,4051300
2026-04-14,162000.0,165900.0,161900.0,165500.0,3658000
2026-04-15,166200.0,177000.0,166200.0,177000.0,6640600
2026-04-16,180000.0,189300.0,178900.0,189300.0,7573800
2026-04-17,194900.0,200000.0,187500.0,187900.0,6747900
2026-04-20,186500.0,191000.0,178100.0,191000.0,5425000
2026-04-21,194000.0,201900.0,192400.0,193700.0,3340700
2026-04-22,193600.0,207200.0,191200.0,207200.0,4713700
2026-04-23,212000.0,218900.0,209100.0,214500.0,4258100
2026-04-24,215200.0,221900.0,208000.0,212100.0,4235200
2026-04-27,212100.0,212100.0,212100.0,212100.0,0
2026-04-28,210000.0,226900.0,209800.0,225500.0,5194900
2026-04-29,227800.0,227800.0,213800.0,214000.0,5786200
2026-04-30,214000.0,214000.0,214000.0,214000.0,0
2026-05-01,214000.0,214000.0,214000.0,214000.0,0
2026-05-04,217000.0,220000.0,204000.0,212000.0,3884000
2026-05-05,211900.0,224800.0,210300.0,219500.0,2877500
2026-05-06,220500.0,223000.0,214500.0,219500.0,3130600
2026-05-07,219500.0,231000.0,218000.0,224000.0,4299400
2026-05-08,223600.0,227300.0,218000.0,226000.0,3703600
2026-05-11,225900.0,230000.0,219500.0,223000.0,4626200
2026-05-12,222000.0,225600.0,215100.0,222000.0,4023400
2026-05-13,223000.0,224000.0,206500.0,221000.0,6456000
2026-05-14,218000.0,232000.0,211500.0,229800.0,3746700
2026-05-15,229800.0,231800.0,224000.0,228000.0,3910800
2026-05-18,226800.0,228800.0,221700.0,225000.0,2674600
2026-05-19,225000.0,227000.0,221000.0,225100.0,3376900
2026-05-20,225100.0,230200.0,222200.0,226700.0,3788300
2026-05-21,227200.0,228500.0,216400.0,218700.0,5372600
2026-05-22,218500.0,218500.0,209300.0,216500.0,4167600
2026-05-25,216600.0,221200.0,216500.0,218800.0,2333800
2026-05-26,218800.0,218800.0,212500.0,213000.0,2400500
2026-05-27,213000.0,214000.0,204900.0,210800.0,4515900
2026-05-28,209100.0,217500.0,206100.0,210800.0,3051200
2026-05-29,211000.0,214300.0,209500.0,211300.0,2017000
2026-06-01,211400.0,212500.0,204500.0,204900.0,2098200
2026-06-02,204900.0,210900.0,202000.0,204900.0,1679300
