Date,Open,High,Low,Close,Volume
2021-06-03,50088.04507156706,51779.57379818659,49618.17598083942,51497.65234375,2373570
2021-06-04,51497.65859661173,51873.55391483517,50745.86796016484,51309.7109375,1337160
2021-06-07,49806.12416507634,51121.75763358779,47926.64778148855,49242.28125,20392100
2021-06-08,49242.28125,49242.28125,49242.28125,49242.28125,0
2021-06-09,46704.987227792815,48020.62067082923,46047.170506274604,47738.69921875,22397000
2021-06-10,47738.7034992515,48114.59880239521,46986.91289296407,47080.88671875,10935100
2021-06-11,47456.780202887356,49994.07340185361,47080.88491415162,49430.23046875,29600800
2021-06-14,49524.203125,50088.04604482922,48866.386385199236,49524.203125,16827800
2021-06-15,49430.23005795889,49994.072986376676,48866.38712954111,49148.30859375,19611800
2021-06-16,48396.51711969921,49054.33385724852,47456.778923200196,47644.7265625,20575900
2021-06-17,46517.04261080677,47738.70231573705,46517.04261080677,47174.859375,18677800
2021-06-18,47926.6484375,48302.543719362744,47550.753155637256,47926.6484375,9956600
2021-06-21,47456.782420324904,47926.65155319941,46986.9132874504,47362.80859375,14920700
2021-06-22,47738.701958497055,48208.57107226179,47268.83284473232,47832.67578125,17224200
2021-06-23,47832.67734833659,48960.363258317026,47550.75587084149,48020.625,13102300
2021-06-24,48208.57107226179,48584.466363273576,47550.75431299116,47832.67578125,10692100
2021-06-25,47926.653115915695,48490.49609375,47362.8101380814,48490.49609375,10947700
2021-06-28,49336.260530841886,50745.86797458022,49054.339042094216,50369.97265625,25721100
2021-06-29,50369.9699182243,50557.917567172895,49618.1793224299,50275.99609375,16059200
2021-06-30,50182.01986480076,50557.91514468691,49430.229305028464,49524.203125,11461700
2021-07-01,49712.15158888367,50275.994518058156,48960.361016651026,50088.046875,19326700
2021-07-02,50933.81133459945,51591.628086153316,50369.968404696134,51027.78515625,29377200
2021-07-05,51027.78515625,51027.78515625,51027.78515625,51027.78515625,0
2021-07-06,51027.78515625,51027.78515625,51027.78515625,51027.78515625,0
2021-07-07,51027.78515625,51027.78515625,51027.78515625,51027.78515625,0
2021-07-08,51027.78515625,51027.78515625,51027.78515625,51027.78515625,0
2021-07-09,52719.3183524735,54974.690260600706,52249.449204947,53189.1875,38234300
2021-07-12,53189.1875,53189.1875,53189.1875,53189.1875,0
2021-07-13,50839.84219184833,51027.78985244666,49618.18239795918,50651.89453125,20072400
2021-07-14,50651.89453125,50651.89453125,50651.89453125,50651.89453125,0
2021-07-15,47926.655020393475,49994.079354606525,47738.70735364683,48960.3671875,20322400
2021-07-16,48960.3671875,48960.3671875,48960.3671875,48960.3671875,0
2021-07-19,46986.909993489586,47832.6743733724,45107.43359375,45107.43359375,39327900
2021-07-20,45389.357078598485,46611.016792929295,44167.697364267675,46517.04296875,23861200
2021-07-21,47550.75349465706,48302.54406374255,46611.0152833002,47268.83203125,18598700
2021-07-22,47080.886741682974,48396.520303326804,46798.965264187864,48020.625,13886900
2021-07-23,47550.75503472222,48020.62415561869,46517.04296875,46517.04296875,20067800
2021-07-26,46047.171875,46658.0017059949,45765.25041454082,46047.171875,14424400
2021-07-27,46986.91111809045,47268.832584799,46564.02891802764,46751.9765625,13266100
2021-07-28,46751.97910116952,47268.83515153421,46517.044532821936,46704.9921875,7468600
2021-07-29,47080.88479650445,47738.701550148224,46986.910974555336,47550.75390625,12542100
2021-07-30,47644.72969667319,48490.49412915851,47456.782045009786,48020.625,16932500
2021-08-02,47926.64685346949,48302.54212290847,47550.75158403051,47738.69921875,14030000
2021-08-03,47738.7031551641,48866.38905646718,47738.7031551641,48678.44140625,22927700
2021-08-04,48678.44140625,48678.44140625,48678.44140625,48678.44140625,0
2021-08-05,48772.41100446429,49524.201540178576,48584.46337053572,49336.25390625,12021200
2021-08-06,49336.25818201013,49994.07495777027,48678.44140625,48678.44140625,16084300
2021-08-09,48396.51573660714,49524.201540178576,48208.568102678575,49336.25390625,15208100
2021-08-10,49336.25390625,49336.25390625,49336.25390625,49336.25390625,0
2021-08-11,49148.30859375,50275.99445058557,48772.413308138144,49148.30859375,20471000
2021-08-12,49242.285937500004,49806.12890625,48866.390625,48866.390625,11779000
2021-08-13,48866.39218151341,49054.33984375,48020.62770144875,49054.33984375,15402000
2021-08-16,49148.30832609954,51121.758564814816,48960.36068431713,50745.86328125,30299500
2021-08-17,50745.86328125,50745.86328125,50745.86328125,50745.86328125,0
2021-08-18,49806.12341678504,50275.992505622635,49336.25432794744,49618.17578125,12905800
2021-08-19,49336.255896226416,50088.04646226415,48960.36061320755,49806.125,18765300
2021-08-20,49618.179207920795,49806.12685643564,46798.96448019802,47456.78125,31461200
2021-08-23,47268.83655448718,47738.7057051282,45812.2421875,45812.2421875,26003500
2021-08-24,45812.237324617345,46235.11951530613,45483.32895408163,46047.171875,16213400
2021-08-25,45953.19826106307,46235.119722787385,45577.30297876398,46188.1328125,9431100
2021-08-26,46329.09367721273,46376.08058763587,45295.38164790373,45389.35546875,10111900
2021-08-27,44919.48731789803,45248.39569784079,44167.696735171696,45154.421875,19689500
2021-08-30,45671.278153582316,46423.06874047256,45201.40903677591,46235.12109375,12298900
2021-08-31,46517.04292847938,46517.04292847938,44167.697326030924,45577.3046875,7773900
2021-09-01,45295.38164790373,46000.18530425078,45295.38164790373,45389.35546875,8530000
2021-09-02,45389.35546875,45389.35546875,45389.35546875,45389.35546875,0
2021-09-03,45389.35546875,45389.35546875,45389.35546875,45389.35546875,0
2021-09-06,45718.26214169434,46000.18359375,45013.45851155516,46000.18359375,12880500
2021-09-07,46094.157099697884,47362.803625377644,46094.157099697884,46658.0,11611100
2021-09-08,46658.0,46658.0,46658.0,46658.0,0
2021-09-09,45577.30318204868,46517.04139198783,45577.30318204868,46329.09375,7854400
2021-09-10,46798.96285496957,46798.96285496957,46047.17228701826,46329.09375,7222000
2021-09-13,46188.13122845378,46470.05268050945,45953.19668507406,46000.18359375,6802200
2021-09-14,46000.18689594072,46141.147632087625,45577.3046875,45577.3046875,6142500
2021-09-15,45295.3843782283,45859.227337293385,45201.410551717454,45483.33203125,5037600
2021-09-16,45953.20078602342,46188.13535036914,45671.27930880855,46141.1484375,5523500
2021-09-17,46235.120540201,46892.93729585427,46235.120540201,46751.9765625,8274500
2021-09-20,47456.778923200196,48490.49093934911,47080.88364460059,47644.7265625,13074700
2021-09-21,47644.7265625,47644.7265625,47644.7265625,47644.7265625,0
2021-09-22,47644.7265625,47644.7265625,47644.7265625,47644.7265625,0
2021-09-23,47550.7546688247,48208.571433017925,46986.91172808765,47174.859375,8627900
2021-09-24,47644.72772819911,48396.51830379199,47550.75390625,47550.75390625,736470000
2021-09-27,47644.728858901515,48020.62415561869,46517.04296875,46517.04296875,6850300
2021-09-28,46329.09571881275,46845.951756243725,45859.2265938755,46798.96484375,5568700
2021-09-29,46235.122659412955,46751.978705402325,45953.20117978239,46423.0703125,5676700
2021-09-30,46704.9933609501,47362.81016885081,46611.01953125,46611.01953125,5275100
2021-10-01,46611.01479591837,46798.962436224494,45953.198054846944,46047.171875,6502800
2021-10-04,45859.225956566705,46000.18669208894,45389.356838159256,45436.34375,616719488
2021-10-05,45671.27930880855,46235.12226323829,45671.27930880855,46141.1484375,5889900
2021-10-06,46141.1484375,46141.1484375,46141.1484375,46141.1484375,0
2021-10-07,47550.753078125,47738.70071875,46986.91015625,46986.91015625,5414900
2021-10-08,46986.91015625,46986.91015625,46986.91015625,46986.91015625,0
2021-10-11,46986.91015625,46986.91015625,46986.91015625,46986.91015625,0
2021-10-12,50182.02028301887,50182.02028301887,49430.229716981135,49806.125,14216500
2021-10-13,49806.12416507634,49994.071803435116,49148.30743082061,49242.28125,14188100
2021-10-14,49242.28125,49242.28125,49242.28125,49242.28125,0
2021-10-15,49712.15193530181,49712.15193530181,49148.30900219819,49430.23046875,11950400
2021-10-18,49430.23046875,49430.23046875,49430.23046875,49430.23046875,0
2021-10-19,49712.15076494307,49806.12458491461,48866.386385199236,49524.203125,14167300
2021-10-20,49618.17892387218,50651.89098478618,49336.25745271381,49994.07421875,22695300
2021-10-21,50745.86439626654,50745.86439626654,49712.15234375,49712.15234375,15317400
2021-10-22,49712.151522167784,49806.12534357075,49054.334772347036,49148.30859375,11640600
2021-10-25,49148.30859375,49148.30859375,49148.30859375,49148.30859375,0
2021-10-26,47362.805514705884,47926.6484375,46939.923322610295,47926.6484375,20157800
2021-10-27,48114.59805825243,48678.44100424757,47832.676585254856,48396.51953125,16750100
2021-10-28,48866.38905646718,48960.36288157578,48396.51993092423,48678.44140625,13859600
2021-10-29,48772.41758266715,48866.3914123062,48208.57460483285,48490.49609375,12744400
2021-11-01,48490.49609375,48490.49609375,48490.49609375,48490.49609375,0
2021-11-02,48678.44140625,48490.49375603282,48396.51993092423,48678.44140625,15468300
2021-11-03,49148.31172893389,50933.814449487894,48866.39024674115,50463.9453125,64
2021-11-04,50463.94216111632,50933.811268761725,49618.177767354595,50088.046875,18683600
2021-11-05,50275.994103773584,50275.994103773584,49524.20353773585,49806.125,13453700
2021-11-08,49618.17811311787,50088.047224037546,49148.30900219819,49430.23046875,21189500
2021-11-09,49806.12534357075,50088.04680777964,49148.30859375,49148.30859375,21533900
2021-11-10,49430.23319632495,49524.20702369439,48490.49492263056,48584.46875,19484600
2021-11-11,48584.467179915046,49242.283950242716,47644.7289365898,48396.51953125,21838500
2021-11-12,48302.541919642856,49524.201540178576,48020.62046875,49336.25390625,12719800
2021-11-15,49618.18125,49806.12890625,48772.416796875004,48866.390625,11079700
2021-11-16,48866.390625,49712.155078125004,48490.4953125,48866.390625,12519700
2021-11-17,48866.39218151341,49242.28750598659,48584.47068815852,49054.33984375,12113200
2021-11-18,48866.38865291262,49054.33630157767,48302.54570691747,48396.51953125,12833900
2021-11-19,48678.43948673518,50182.0206291826,48114.596558317404,49148.30859375,29907300
2021-11-22,49148.31095515537,51497.656603107345,49148.31095515537,49900.1015625,23613400
2021-11-23,50182.02104622148,50275.99486840542,49242.28282438213,49430.23046875,10596400
2021-11-24,49430.23174268018,52343.42030546172,49148.31026886262,52155.47265625,52375300
2021-11-25,52625.340960837886,52625.340960837886,51403.6812599613,51591.62890625,17981000
2021-11-26,51779.575311053246,52155.470594618055,50651.8894603588,50745.86328125,21915600
2021-11-29,49806.12534357075,50182.0206291826,48960.36095094407,49148.30859375,28236300
2021-11-30,49900.10113266168,49900.10113266168,48396.51993092423,48678.44140625,24494700
2021-12-01,48490.490696564884,49242.28125,48396.5168773855,49242.28125,11339500
2021-12-02,49242.28554158607,49430.23319632495,48584.46875,48584.46875,8970600
2021-12-03,48866.388197211156,49054.3358441235,47174.859375,47174.859375,15571600
2021-12-06,47268.8315369898,47926.64827806123,45718.26350446429,46047.171875,22907100
2021-12-07,46611.014875,47268.8316171875,46376.08032421875,46986.91015625,8982100
2021-12-08,47174.857796875,47738.70071875,46892.9363359375,46986.91015625,7649900
2021-12-09,46986.9132874504,47362.80859375,46845.95254758805,47362.80859375,5203500
2021-12-10,47456.78084536853,47832.67613919322,47080.885551543826,47174.859375,7507300
2021-12-13,47268.8316171875,47362.8054375,46939.92324609375,46986.91015625,7440600
2021-12-14,46986.91289296407,47738.7034992515,46845.95215428518,47080.88671875,7138200
2021-12-15,47268.833198456174,47738.70231573705,46939.92481635956,47174.859375,6818200
2021-12-16,47456.77904808175,47456.77904808175,46845.94921875,46845.94921875,6325600
2021-12-17,46986.90994859579,47080.88376849298,46798.962308801405,46845.94921875,7903900
2021-12-20,46845.951353377524,46986.91208964647,46376.08223248106,46517.04296875,7689900
2021-12-21,46517.04394035533,46704.99159263959,46235.122461928935,46282.109375,7255100
2021-12-22,46329.094508882925,46517.04215394939,45389.356283550616,45953.19921875,12625100
2021-12-23,45906.21282256468,45906.21282256468,44449.61855695618,44496.60546875,13503100
2021-12-24,44590.578792018154,46188.13377508308,44590.578792018154,45953.19921875,6139300
2021-12-27,46423.066946008184,46423.066946008184,45577.30256844933,45906.2109375,4727500
2021-12-28,46282.10663307477,46376.08045364954,45765.25061991353,46188.1328125,7473500
2021-12-29,46188.13535036914,46658.00447906059,46047.174611761715,46141.1484375,6141700
2021-12-30,46235.11992900608,46751.975944472615,46047.17228701826,46329.09375,5321600
2021-12-31,46517.0410546875,47456.7792578125,46470.05414453125,46986.91015625,9547100
2022-01-03,46986.91015625,46986.91015625,46986.91015625,46986.91015625,0
2022-01-04,47456.78049023821,48114.59724950884,47268.83284473232,47832.67578125,11334600
2022-01-05,47832.6765470297,48114.59801980198,47268.833601485145,47456.78125,9569600
2022-01-06,47174.86289767034,47362.81055861724,46611.01991482966,46892.94140625,10716700
2022-01-07,46892.93688384732,47080.88452666835,46423.06777679474,46470.0546875,7832200
2022-01-10,46517.04313335046,46611.01695786228,45718.265625,45718.265625,8771400
2022-01-11,45953.19860197369,46141.14624451754,45483.32949561404,45530.31640625,7296500
2022-01-12,45530.318975539434,47362.80859375,45483.33206225199,47362.80859375,12044200
2022-01-13,47832.6765470297,48678.44096534653,47174.85977722772,47456.78125,14417100
2022-01-14,46986.91111809045,47362.806407035176,46517.04200690955,46751.9765625,5187100
2022-01-17,46704.99337705761,47456.78401491769,45671.28125,45671.28125,10990600
2022-01-18,45671.28144230769,46470.058998397435,45577.30761217949,45812.2421875,7885200
2022-01-19,46047.17166709314,46423.066946008184,45859.22402763562,45906.2109375,4221900
2022-01-20,45718.263298042475,46423.066946008184,45671.27638817809,45906.2109375,6430300
2022-01-21,46047.1742438504,47738.7030936245,45953.20041886295,46798.96484375,10321600
2022-01-24,46939.9236572751,48302.54406374255,46798.96292557157,47268.83203125,16269200
2022-01-25,48114.601156069366,48960.365629515894,47926.653495303464,48772.41796875,14466300
2022-01-26,49242.28125,50088.0456226145,48866.38597328244,49242.28125,15042300
2022-01-27,48866.39179913295,49524.208611813585,48396.52264721821,48772.41796875,8044000
2022-01-28,48772.41142134233,49806.12341678504,48490.48996803977,49618.17578125,10292900
2022-01-31,49618.17578125,49618.17578125,49618.17578125,49618.17578125,0
2022-02-01,49618.17578125,49618.17578125,49618.17578125,49618.17578125,0
2022-02-02,49618.17578125,49618.17578125,49618.17578125,49618.17578125,0
2022-02-03,49618.17578125,49618.17578125,49618.17578125,49618.17578125,0
2022-02-04,49618.17578125,49618.17578125,49618.17578125,49618.17578125,0
2022-02-07,50463.94014115767,50557.91395892519,49618.17578125,49618.17578125,9809900
2022-02-08,49618.17971654275,51027.78709485362,49618.17971654275,50557.91796875,16481000
2022-02-09,50745.86797458022,51591.632440823225,50369.97265625,50369.97265625,17391000
2022-02-10,50369.97265625,50933.81563374533,49900.10350833722,50369.97265625,11224900
2022-02-11,50275.997657704844,50557.91913989758,49806.12852071695,50463.9453125,7847800
2022-02-14,49994.07454490291,49994.07454490291,48396.51953125,48396.51953125,18771500
2022-02-15,48396.51953125,48396.51953125,48396.51953125,48396.51953125,0
2022-02-16,49054.339071584305,49054.339071584305,48396.52226411095,48490.49609375,6174400
2022-02-17,48490.49685704023,49336.26133710488,48490.49685704023,49054.33984375,7301000
2022-02-18,48584.46992338905,48866.3914123062,48396.52226411095,48490.49609375,6543700
2022-02-21,48490.49335558253,48584.467179915046,47738.70276092233,48396.51953125,8654200
2022-02-22,47926.651568579764,48584.46835481517,47550.756262159535,48302.546875,10561000
2022-02-23,48584.46875,49054.33788684719,48302.54726789168,48584.46875,6188300
2022-02-24,48396.519492574254,48772.41478960396,46798.96448019802,47456.78125,15534300
2022-02-25,47926.648021449706,48208.569480399405,47456.778923200196,47644.7265625,6665900
2022-02-28,47456.782420324904,47832.677726624504,47174.8609406002,47362.80859375,7106100
2022-03-01,47644.72731579274,47644.72731579274,47080.88438897863,47268.83203125,6945900
2022-03-02,47080.885504001526,47080.885504001526,46235.12109375,46235.12109375,17893700
2022-03-03,46517.03927492447,46892.93454179254,46188.130916414906,46658.0,7391900
2022-03-04,46751.97423986486,47362.80405405405,46517.03969594595,46939.921875,7022700
2022-03-07,46517.04394035533,46611.01776649746,46141.1486357868,46282.109375,8122400
2022-03-08,46047.171875,46517.04097576531,45859.22423469388,46047.171875,8766400
2022-03-09,46047.174611761715,46376.08300184573,45953.20078602342,46141.1484375,6957800
2022-03-10,46798.96541878172,46798.96541878172,46282.109375,46282.109375,4387100
2022-03-11,46235.1206863497,46235.1206863497,45765.25157368354,45953.19921875,6422600
2022-03-14,45859.22615979381,45953.199983891755,45389.35703930412,45577.3046875,5161200
2022-03-15,45671.28125,46047.17656893004,45577.30742026749,45671.28125,3829700
2022-03-16,45859.22559887869,46470.055448044084,45859.22559887869,46094.16015625,4542000
2022-03-17,46470.054065688775,46517.04097576531,46047.171875,46047.171875,3249200
2022-03-18,46188.134182069356,46423.06874047256,46141.14727038872,46235.12109375,2909700
2022-03-21,46282.10704467897,46564.02850891052,46141.14631256319,46470.0546875,3921900
2022-03-22,46564.032999592935,47268.83672814379,46517.04608435621,46892.94140625,5953800
2022-03-23,46892.94102035031,47174.862509450606,46611.01953125,46611.01953125,3409900
2022-03-24,46611.01521298174,46798.96285496957,46329.09375,46329.09375,3214000
2022-03-25,46423.070114213195,46470.05702728426,46188.13554885787,46282.109375,3175400
2022-03-28,46188.13101546491,46188.13101546491,45436.340480116545,45859.22265625,6597500
2022-03-29,45953.19921875,46188.13377508308,45718.26466241692,45953.19921875,4272400
2022-03-30,45953.19826106307,46892.93646681078,45953.19826106307,46188.1328125,5598900
2022-03-31,46517.04433652876,46704.99199041372,46329.096682643794,46564.03125,5248700
2022-04-01,46564.028372732355,47362.80585238569,46423.06764102883,47268.83203125,9575500
2022-04-04,47362.803625377644,47550.75125881168,46658.0,46658.0,9775600
2022-04-05,46423.06853656982,46517.042359518346,46094.16015625,46094.16015625,5803000
2022-04-06,45953.20310151553,46892.94140625,45765.25544056864,46892.94140625,9012200
2022-04-07,46892.93667596349,47268.83195993915,46329.09375,46329.09375,5971000
2022-04-08,46423.066946008184,46423.066946008184,45859.22402763562,45906.2109375,7030100
2022-04-11,45906.2109375,45906.2109375,45906.2109375,45906.2109375,0
2022-04-12,45765.250333658856,45953.197973632814,45013.459773763025,45107.43359375,8278800
2022-04-13,45483.328873697916,45530.3157836914,45013.459773763025,45107.43359375,6722300
2022-04-14,45154.42084269292,45436.342304770085,44308.65645646142,44449.6171875,8324100
2022-04-15,44449.61746162281,44449.61746162281,42852.0625,42852.0625,18618800
2022-04-18,43227.956730769234,43462.89127821906,42100.27090301003,42147.2578125,11505300
2022-04-19,42288.218231550345,42711.100413865846,40878.610957165336,41066.55859375,7232900
2022-04-20,41066.5603132259,41536.42942436121,40455.73046875,40455.73046875,7909800
2022-04-21,40408.74686424885,41348.485163417434,40314.77303433199,40972.58984375,10019500
2022-04-22,41348.483205782315,42053.28689678997,40925.60099117772,41442.45703125,6684800
2022-04-25,41536.43350334957,41630.40733480512,38576.2578125,38576.2578125,12317000
2022-04-26,38153.372307981925,39469.005835843374,36508.83039815512,38999.13671875,11120700
2022-04-27,38999.139451247,39656.95626126803,38435.29647122897,39093.11328125,6154800
2022-04-28,39140.095952460106,40220.79488031915,39140.095952460106,39750.92578125,4729300
2022-04-29,39750.9255415483,41348.48046875,39656.951722301135,41348.48046875,9795500
2022-05-02,41348.48046875,41348.48046875,41348.48046875,41348.48046875,0
2022-05-03,41348.48046875,41348.48046875,41348.48046875,41348.48046875,0
2022-05-04,40878.61118861607,41019.57191685268,39469.00390625,39469.00390625,6384600
2022-05-05,40267.7861373973,40267.7861373973,38905.16560299296,40032.8515625,4804200
2022-05-06,39187.08436558735,39750.927306099395,38999.13671875,38999.13671875,4889500
2022-05-09,38717.21385200777,38905.161492066065,36273.89453125,36273.89453125,12361700
2022-05-10,35193.19447472545,36508.82791303295,35193.19447472545,36367.8671875,10236300
2022-05-11,36649.7890625,37072.671243990386,36132.93306290064,36649.7890625,4071500
2022-05-12,36649.78919163223,36649.78919163223,34112.49609375,34112.49609375,7306300
2022-05-13,34112.49793130547,34582.367048816566,31763.15234375,31763.15234375,15203300
2022-05-16,32984.81241013229,33642.62918184433,30635.466796875,30635.466796875,11689600
2022-05-17,30635.467786047346,32749.87890625,30588.480872265063,32749.87890625,9447600
2022-05-18,33548.654126213594,34676.33997919556,33219.74575242718,33877.5625,8689300
2022-05-19,33266.7336112081,34206.47184881285,33078.78596368715,33642.62890625,5692200
2022-05-20,33642.630077030815,34253.45995273109,33219.74785539216,33548.65625,5443200
2022-05-23,33642.63026811334,34018.52557837159,32749.87890625,32749.87890625,5290600
2022-05-24,32702.891223404255,33125.7734375,32326.995921985817,33125.7734375,4270100
2022-05-25,33689.61546446918,34441.40604666096,33360.70708476027,34300.4453125,6709700
2022-05-26,34488.39453125,35005.25058008345,34347.43379065906,34488.39453125,4687800
2022-05-27,34676.339306575435,35193.1953125,34629.35239694593,35193.1953125,5777300
2022-05-30,35710.0517384106,35710.0517384106,35193.195726407284,35475.1171875,4224300
2022-05-31,35193.19882970222,35334.159572678334,34911.27734375,34911.27734375,5119800
2022-06-01,34770.31621014247,35428.133003307325,34441.407813560036,34629.35546875,3829000
2022-06-02,34629.35546875,34629.35546875,34629.35546875,34629.35546875,0
2022-06-03,34159.48321223423,34629.3523073131,33877.5617551869,34253.45703125,3040200
2022-06-06,34253.45778432732,34582.36615811373,33830.575589459084,33877.5625,3845100
2022-06-07,33830.5757941989,34018.5234375,32890.837577693375,34018.5234375,4640800
2022-06-08,34112.49865771812,35193.19765100671,33971.53791946309,35005.25,6456800
2022-06-09,35005.25019844586,35287.17167655414,34817.30254637366,35146.2109375,5776000
2022-06-10,34770.311264822136,36555.813735177864,34723.32435770751,35663.0625,8194200
2022-06-13,34770.31640625,35005.2509765625,33783.5912109375,33830.578125,6673500
2022-06-14,33172.762292395106,34112.50060096154,33078.78846153846,33595.64453125,3740800
2022-06-15,33548.65625,33971.538471638654,32937.82637429972,33548.65625,5449100
2022-06-16,33736.60176837725,34300.44469486824,33454.68030513176,33877.5625,5916100
2022-06-17,32937.824773550725,33266.73315217392,31810.13890398551,32420.96875,4994900
2022-06-20,32420.968661221592,33078.785416666666,31011.361328125,31011.361328125,4004000
2022-06-21,31105.33515033144,31763.151905776514,30823.413683712122,31011.361328125,4900200
2022-06-22,31716.1673710264,33172.761724362426,31434.245883283944,32702.892578125,6208200
2022-06-23,32702.890864047287,34206.472053198886,32467.95630324235,33783.58984375,4708100
2022-06-24,33783.589233054576,33924.549966989434,33360.70703125,33360.70703125,2969100
2022-06-27,33407.6953125,33783.59061840717,33360.7083992616,33407.6953125,4282300
2022-06-28,33360.70860652248,34723.329098901566,33219.74786593154,34488.39453125,5342500
2022-06-29,34018.52674319728,34911.278135629254,34018.52674319728,34535.3828125,3048300
2022-06-30,34347.43357726793,34864.2896228903,33407.6953125,33407.6953125,3566500
2022-07-01,33454.6828125,34065.5126953125,32749.8791015625,33830.578125,3473300
2022-07-04,34065.51055278542,34488.39275275103,33877.56290835626,34159.484375,3148000
2022-07-05,34394.41825331126,35944.98628932119,34159.48370240066,35475.1171875,10888900
2022-07-06,35240.18632604721,36085.95079787234,34958.26483543883,35334.16015625,6055300
2022-07-07,35193.19708478009,35710.0531167328,34770.31487681878,35522.10546875,3567400
2022-07-08,35663.06718125832,35710.05409454061,35099.224221870834,35287.171875,4058400
2022-07-11,34817.30413338308,35052.23870918188,33360.709763430474,33454.68359375,8452700
2022-07-12,33454.68359375,33454.68359375,33454.68359375,33454.68359375,0
2022-07-13,33971.5376936894,34582.36755540166,33830.576956371195,33924.55078125,3156800
2022-07-14,33736.60293158901,34112.49822887691,33689.616019428024,33783.58984375,2902000
2022-07-15,33924.55078125,34347.43299320464,33924.55078125,33924.55078125,4094300
2022-07-18,34112.49609375,34629.352095170456,33924.54845686984,34112.49609375,2990600
2022-07-19,34065.511518568215,34112.49843100762,33595.64239417417,33924.55078125,2566900
2022-07-20,34300.44373063016,34394.41754907025,34018.522275309915,34112.49609375,4923800
2022-07-21,34394.42089976255,34676.34238254749,34112.49941697761,34629.35546875,5488700
2022-07-22,35052.23671243261,35616.079662230455,34817.30215001685,34864.2890625,4424700
2022-07-25,34629.35409943954,34864.28865913723,34535.38027556046,34582.3671875,2340300
2022-07-26,34582.36953551912,34817.304111168036,34347.43495987022,34394.421875,2794900
2022-07-27,34206.47421448088,34394.421875,34206.47421448088,34394.421875,1654100
2022-07-28,34676.339100201076,35240.18201239946,34582.36528150134,35052.234375,5604300
2022-07-29,35240.18670638192,35616.08203125,34911.27829712236,35616.08203125,5486300
2022-08-01,35569.090881031414,36461.84217130829,35334.156330958554,36273.89453125,6875400
2022-08-02,36085.95039164491,36273.89804993472,35757.04198963773,35991.9765625,4609900
2022-08-03,35991.97244634666,36085.94626474443,35569.09026355669,35851.01171875,4944700
2022-08-04,35944.98847961426,36508.83143615723,35898.00156656901,36085.94921875,4630800
2022-08-05,36085.94921875,36461.84452311198,35991.97539265951,36085.94921875,3914900
2022-08-08,36179.92152622768,37260.62048090721,36179.92152622768,36837.73828125,7998700
2022-08-09,37025.68847780971,37260.62304936942,36649.79316331418,36790.75390625,4306400
2022-08-10,36508.82675076514,36696.77437882571,36367.86602971972,36461.83984375,3001500
2022-08-11,36743.76481331169,36931.71245941558,36038.96114042208,36179.921875,4920200
2022-08-12,36179.91840165915,36461.83984375,35944.98386658344,36461.83984375,2817400
2022-08-15,36649.791799872124,36978.7001878197,36508.83106218031,36743.765625,4366600
2022-08-16,36696.77597155449,36837.73669871795,36602.80215344551,36649.7890625,3042300
2022-08-17,36696.77638955153,36978.697847089694,36649.78947996184,36931.7109375,4459300
2022-08-18,36743.765625,37119.66092551151,36602.804887308186,36743.765625,5337200
2022-08-19,36696.77597155449,36837.73669871795,36602.80215344551,36649.7890625,2566900
2022-08-22,36508.82791303295,36743.76245558786,36226.90646196705,36367.8671875,3086100
2022-08-23,36320.87912270457,36461.83984375,36038.95768061373,36461.83984375,3339900
2022-08-24,36461.84820859873,37354.59964669586,36461.84820859873,36884.73046875,3993200
2022-08-25,36931.709989333125,37307.60525640013,36931.709989333125,37166.64453125,3706900
2022-08-26,37213.63397943038,37542.54236056171,37119.66015625,37119.66015625,4353000
2022-08-29,36461.84629032258,36743.767782258066,36179.924798387096,36414.859375,4474600
2022-08-30,36461.84629032258,36790.75469758065,36414.859375,36414.859375,3807500
2022-08-31,36414.85703827022,36790.75233672978,36320.88321365533,36602.8046875,2265500
2022-09-01,36602.8046875,36602.8046875,36602.8046875,36602.8046875,0
2022-09-02,36602.8046875,36602.8046875,36602.8046875,36602.8046875,0
2022-09-05,36508.82908132287,36555.81599133744,36226.90762123543,36273.89453125,2788600
2022-09-06,36226.90898892303,36649.7911950194,36226.90898892303,36320.8828125,2340700
2022-09-07,36320.883967210386,36367.87088049267,35287.171875,35287.171875,4269000
2022-09-08,35475.11932862634,35616.08006768048,35099.22402448195,35146.2109375,2473200
2022-09-09,35428.13144297809,35428.13144297809,34770.31467878486,35381.14453125,2951100
2022-09-12,35381.144328125,35522.1050625,35193.196682291666,35240.18359375,1289900
2022-09-13,35146.208193699735,35334.1558310992,35052.234375,35052.234375,1687000
2022-09-14,34300.44571586277,34770.314835258156,34300.44571586277,34582.3671875,2794500
2022-09-15,34770.31719603825,34817.304111168036,34394.421875,34394.421875,1611900
2022-09-16,34206.473437500004,34441.408007812504,33830.578125,33830.578125,2188200
2022-09-19,33830.5755171184,33830.5755171184,32749.87657698823,32937.82421875,3777300
2022-09-20,33407.693323154424,33407.693323154424,32796.86348742867,32937.82421875,1989200
2022-09-21,32890.83786231884,32984.81168478261,32420.96875,32420.96875,2073000
2022-09-22,32233.02246517728,32561.93085767909,32045.074812319104,32467.95703125,2922800
2022-09-23,32373.983395582054,32514.94413605629,31998.08808765077,32139.048828125,2265200
2022-09-26,31810.13783775846,31810.13783775846,30964.373463933272,31246.294921875,5217000
2022-09-27,31528.215423857277,31857.12378148321,31199.307066231344,31481.228515625,2336300
2022-09-28,31340.268741188913,31669.177108787597,31199.308012218047,31246.294921875,2069900
2022-09-29,31669.178083570077,31669.178083570077,31011.361328125,31011.361328125,2640300
2022-09-30,31011.361298076925,31199.308942307693,30259.570721153847,30541.4921875,5240200
2022-10-03,30541.49309142562,30635.466916322315,28427.08203125,28427.08203125,6076000
2022-10-04,28943.93945957096,29131.88711839934,28192.148824257427,28474.0703125,5966900
2022-10-05,29131.88473360656,29178.871644467214,28662.015625,28662.015625,3986800
2022-10-06,28662.017984748294,28943.939473122868,27534.33203125,27534.33203125,5573700
2022-10-07,27158.435292431193,27158.435292431193,25607.8671875,25607.8671875,14349900
2022-10-10,24245.248046875,25325.94708772408,23822.365813499273,24245.248046875,18275400
2022-10-11,24245.245556640624,24245.245556640624,22553.716796875,22553.716796875,21188700
2022-10-12,22553.719128024193,23869.352743825606,22130.83689437374,23305.509765625,9605400
2022-10-13,23305.507843379448,23775.376953125,22647.691089735672,23775.376953125,9386700
2022-10-14,24903.064050340465,24903.064050340465,23963.325784289882,24151.2734375,6333400
2022-10-17,23963.324981324702,23963.324981324702,22882.626011578686,23587.4296875,7760900
2022-10-18,24057.298418972332,24339.219884819664,23634.416220201332,23775.376953125,5030200
2022-10-19,23775.378123449904,23963.325776599704,23117.561337425595,23681.404296875,4571000
2022-10-20,23587.4296636814,23587.4296636814,23070.57363519436,23117.560546875,5210100
2022-10-21,23352.49332184771,23352.49332184771,21520.00390625,21520.00390625,9633400
2022-10-24,21660.9678055311,21942.889295407862,20016.42578125,20016.42578125,11800600
2022-10-25,20016.42578125,21097.12482577758,18794.765991784036,20016.42578125,9593300
2022-10-26,20392.319910922895,20486.293735397194,19781.49005183995,20110.3984375,3153400
2022-10-27,20204.371025369255,21473.017578125,20204.371025369255,21473.017578125,5222800
2022-10-28,22177.820792776638,22929.611328125,22083.846975858094,22929.611328125,12484200
2022-10-31,23117.560546875,23305.50819359756,22083.848489900913,23117.560546875,7284700
2022-11-01,23493.455317982458,24433.193530701756,23493.455317982458,24104.28515625,8603400
2022-11-02,24151.273429749504,24245.247256324405,23540.44355701265,23681.404296875,5442300
2022-11-03,23164.54844656673,24292.234375,23164.54844656673,24292.234375,6663000
2022-11-04,23493.45511642157,23963.32421875,22600.703821997547,23963.32421875,12626400
2022-11-07,23916.338211348684,24245.246595394736,22318.783203125,22318.783203125,6326200
2022-11-08,22318.782450989907,23399.48139072205,21613.97879464286,22694.677734375,5353800
2022-11-09,23023.58769410934,23587.430658046713,22741.666212140655,22882.626953125,3645200
2022-11-10,22553.715659340658,22647.68947458791,21285.069153502747,21379.04296875,7580100
2022-11-11,22083.847998903508,22506.730194627195,21426.03125,21426.03125,5479500
2022-11-14,20862.189453125,21050.137105855854,20016.425015836146,20862.189453125,5828500
2022-11-15,20721.228685461956,20721.228685461956,19405.59511813104,19452.58203125,10943000
2022-11-16,18136.94780472285,20768.21484375,18136.94780472285,20768.21484375,18062800
2022-11-17,21332.05763208061,21660.966009667758,20862.18852124183,21566.9921875,5977300
2022-11-18,21473.017367325167,21942.886456325716,20486.29228042401,21332.056640625,6390000
2022-11-21,21285.07107619382,21707.953283005616,20909.17578125,20909.17578125,4508400
2022-11-22,20721.226933459668,21660.96511638301,20533.279296875,20533.279296875,7548800
2022-11-23,20674.240234375,21050.13551136364,20392.318776633525,20674.240234375,3771800
2022-11-24,20674.24044159142,20862.188081969525,20204.37134064616,20815.201171875,3471500
2022-11-25,21003.14868800951,21613.978515625,20862.187958559785,21613.978515625,5208100
2022-11-28,21895.90084317835,23117.560546875,21848.91393149771,23117.560546875,9058600
2022-11-29,23446.469730437748,24057.299603174604,22882.626770988343,23681.404296875,7876400
2022-11-30,23681.403927364867,24339.220703125,23446.469364593388,24339.220703125,8860700
2022-12-01,24668.127263201415,26030.74762631159,24668.127263201415,25748.826171875,16532500
2022-12-02,25372.93212890625,27252.408582899305,25231.97139485677,27064.4609375,9001200
2022-12-05,27722.27731007543,28004.19877424569,27064.46056034483,27252.408203125,8445100
2022-12-06,27064.461876155267,27252.409528073014,25372.933008895565,25419.919921875,14489700
2022-12-07,25372.930797230114,25513.891523881393,24386.205710671165,24809.087890625,7114400
2022-12-08,25184.985566267733,26500.619140625,24903.064086048314,26500.619140625,10144300
2022-12-09,26735.55311808628,26782.540030420354,26030.74943307522,26547.60546875,4407800
2022-12-12,26547.60603960823,26829.527519674863,25560.880859375,25560.880859375,6189600
2022-12-13,25560.879774305555,27064.4609375,25372.93212890625,27064.4609375,7316900
2022-12-14,27722.27769639757,27910.225341796875,27064.4609375,27064.4609375,7999600
2022-12-15,27064.4625,27769.2662109375,26876.51484375,27722.279296875,7681000
2022-12-16,27252.40840748285,27534.329873767154,26876.513119103776,27393.369140625,6469000
2022-12-19,27393.369925213676,28802.977297008547,27299.39610042735,27487.34375,9319200
2022-12-20,27252.40974729242,27487.344314079422,25607.867779783395,26030.75,11750600
2022-12-21,26359.658393501806,26500.619133574008,24715.11642599278,26030.75,6560300
2022-12-22,26077.7369133574,26688.56678700361,25607.867779783395,26030.75,3604900
2022-12-23,26030.749214504078,26218.69686226223,25325.945535411007,25936.775390625,2878800
2022-12-26,25607.867749878405,25748.828489785992,24151.2734375,24151.2734375,7542600
2022-12-27,24057.298479087454,24715.115234375,23869.350834719582,24715.115234375,4426300
2022-12-28,24527.167386173518,24856.075761083892,24198.259011263148,24574.154296875,3298700
2022-12-29,24527.169729949423,24715.117390715317,24198.261323609106,24386.208984375,2934700
2022-12-30,24386.20820236944,24527.168943423596,24292.234375,24292.234375,2181900
2023-01-02,24292.234375,24292.234375,24292.234375,24292.234375,0
2023-01-03,24198.259459670993,25795.814453125,24198.259459670993,25795.814453125,3786800
2023-01-04,25795.81621308379,26124.724616529304,25607.868553972072,25654.85546875,3185500
2023-01-05,25654.853342563292,26124.72245140145,25513.892609911843,25983.76171875,2716900
2023-01-06,25795.815433212996,26688.56678700361,25654.854693140795,26030.75,4803900
2023-01-09,26124.723240427928,26265.683977336714,25936.775591216217,26077.736328125,2387700
2023-01-10,26077.735922558062,26312.670480418943,25654.85371840847,25795.814453125,2613300
2023-01-11,25795.814075214737,26312.670094936708,25654.853342563292,25983.76171875,3136500
2023-01-12,25983.761343553637,26265.682804785683,25936.774433348295,26171.708984375,2124100
2023-01-13,26218.698438905125,26594.59375702563,26124.724609375,26124.724609375,2810200
2023-01-16,26171.709971363434,26406.64453125,25983.762323454182,26406.64453125,2492900
2023-01-17,26688.565274784483,27534.32966729526,26641.57836408944,27252.408203125,6179200
2023-01-18,27346.3828125,27393.369724548967,27158.435164304123,27346.3828125,3241200
2023-01-19,27111.448252255155,27534.330460695874,27111.448252255155,27346.3828125,4742400
2023-01-20,27346.3828125,27346.3828125,27346.3828125,27346.3828125,0
2023-01-23,27346.3828125,27346.3828125,27346.3828125,27346.3828125,0
2023-01-24,27346.3828125,27346.3828125,27346.3828125,27346.3828125,0
2023-01-25,27346.3828125,27346.3828125,27346.3828125,27346.3828125,0
2023-01-26,27346.3828125,27346.3828125,27346.3828125,27346.3828125,0
2023-01-27,27581.31796269901,27910.226354077022,27252.409571320997,27299.396484375,5539200
2023-01-30,27299.394697980184,27299.394697980184,26829.525598187065,26970.486328125,5917000
2023-01-31,26923.50099649235,27628.3046875,26359.658043686224,27628.3046875,6148400
2023-02-01,27722.278888242465,27722.278888242465,26312.67148714539,26500.619140625,5944500
2023-02-02,26500.617564174107,26688.565206473213,25936.774637276787,26312.669921875,3795200
2023-02-03,26406.64448800738,26500.618311808117,25466.90625,25466.90625,6448000
2023-02-06,25466.90609626565,26312.670505366725,25419.919184648927,26265.68359375,3183300
2023-02-07,26265.68217167541,26359.65598982094,25748.826171875,25748.826171875,3288400
2023-02-08,25842.80061293761,26265.682804785683,25748.826792526932,26171.708984375,2709000
2023-02-09,26030.750786973444,26171.711531307235,25654.85546875,25654.85546875,2757300
2023-02-10,25701.84258682166,25842.803332270407,25278.960350475416,25325.947265625,2626000
2023-02-13,25231.971668673636,25278.958580533363,24762.10255007636,24997.037109375,2897200
2023-02-14,24903.064260358475,25748.828706936685,24903.064260358475,25231.97265625,2949800
2023-02-15,25231.97017207459,25936.773808166057,24997.035626710767,25748.826171875,2633000
2023-02-16,25936.77385752688,26218.6953125,25560.87858422939,26218.6953125,2247700
2023-02-17,26077.737694609936,26124.724609375,25842.80312078462,26124.724609375,1784300
2023-02-20,26077.736167640953,26876.513671875,26030.749255627186,26876.513671875,2743200
2023-02-21,26876.51405699824,27205.42244580766,26641.579493562942,26688.56640625,2590900
2023-02-22,26359.656796875002,26453.63061789773,25842.80078125,25842.80078125,2373000
2023-02-23,25842.801389199463,26265.68359375,25372.9322730322,26265.68359375,3597400
2023-02-24,26265.68395928899,26265.68395928899,25513.893362958715,25607.8671875,1972500
2023-02-27,25560.879282407408,25560.879282407408,24997.036357060188,25372.931640625,2377000
2023-02-28,25372.931603773584,25560.87924528302,24903.0625,24903.0625,2104000
2023-03-01,24621.143343635533,25701.84238352793,24480.18259930174,25654.85546875,2204200
2023-03-02,25889.789252786075,25936.776166130516,25372.933205997244,25560.880859375,1549900
2023-03-03,25560.881646455222,25701.842390829057,24950.05175416861,25184.986328125,1875800
2023-03-06,25372.933205997244,25795.815426097197,25091.011725930606,25560.880859375,2568900
2023-03-07,25560.880073800738,25842.801545202954,25419.919338099633,25466.90625,2340300
2023-03-08,25278.960150526556,25748.829298305864,25184.986320970696,25654.85546875,1945300
2023-03-09,25842.80312078462,26171.71152414006,25560.881632194243,26124.724609375,3286200
2023-03-10,25842.800953901937,25936.774775552487,25372.93184564917,25513.892578125,2129800
2023-03-13,24950.0503979264,25325.945695823597,24950.0503979264,25137.998046875,3114300
2023-03-14,25044.023612018773,25137.99743420271,24715.115234375,24715.115234375,2469900
2023-03-15,25184.985552619488,25748.82851275276,25184.985552619488,25560.880859375,2361600
2023-03-16,25278.958783586448,25325.945695823597,24762.102748977803,25137.998046875,2661700
2023-03-17,25184.98416979362,25466.905634380862,24997.036526735457,25044.0234375,1199600
2023-03-20,24903.061495535716,24997.0353125,24668.126953125,24668.126953125,2286500
2023-03-21,24903.062292457304,24997.036112428843,24527.167012571157,24762.1015625,1997800
2023-03-22,24856.075172948473,24997.035901717558,24621.140625,24621.140625,2471700
2023-03-23,24621.140625,24762.101353769085,24292.23225787214,24621.140625,2369000
2023-03-24,24809.089260396973,25091.010729265123,24715.115437440927,24856.076171875,1955600
2023-03-27,24856.075589622644,25091.010141509436,24762.101768867924,24903.0625,1537100
2023-03-28,25091.01154151543,26030.74980149728,25091.01154151543,25889.7890625,7664400
2023-03-29,25889.78772670201,26594.59138532366,25842.800816127234,26312.669921875,5720700
2023-03-30,26641.57987364621,26782.54061371841,26030.75,26030.75,4898700
2023-03-31,26124.72402722663,26688.566991843032,26124.72402722663,26641.580078125,7220300
2023-04-03,27252.410542875426,27581.318945979096,26970.489054500853,27534.33203125,12424400
2023-04-04,27534.331640625,27722.279296875,27299.3970703125,27722.279296875,7303300
2023-04-05,27628.30546875,27816.253125,27440.357812500002,27722.279296875,4329800
2023-04-06,27581.317392710094,28380.094898120777,27581.317392710094,27816.251953125,7828100
2023-04-07,27863.23945114213,27910.2263642132,27628.3048857868,27769.265625,4094900
2023-04-10,27863.23965555153,28943.938664114237,27816.25274213576,28380.095703125,5660400
2023-04-11,28380.09337736431,28568.041015625,27816.250462582237,28568.041015625,5209800
2023-04-12,28568.043363192184,29084.899410881517,28286.121882634365,28849.96484375,4505500
2023-04-13,28755.99101045116,29084.899404361546,28380.095703125,28380.095703125,3214600
2023-04-14,28380.093236375433,28568.040873702423,27158.43359375,27158.43359375,9435600
2023-04-17,27252.410733234297,27675.29296875,27017.476157947793,27675.29296875,3014200
2023-04-18,27628.303695861923,27628.303695861923,27158.43458538808,27393.369140625,2553900
2023-04-19,27440.355845905175,27628.303488685346,27252.408203125,27252.408203125,2611900
2023-04-20,27158.434175964037,27252.407996642116,26829.525803590772,27111.447265625,2314000
2023-04-21,27252.40778800087,27252.40778800087,26970.486328125,26970.486328125,2354900
2023-04-24,26970.488671875002,27957.2138671875,26923.5017578125,27722.279296875,3483000
2023-04-25,27863.23804216056,28051.185684940734,27252.408203125,27252.408203125,2086300
2023-04-26,27440.355911458333,28192.146484375,27111.447535807292,28192.146484375,3239100
2023-04-27,28380.0933319398,28380.0933319398,28051.184965510034,28098.171875,2031600
2023-04-28,28145.161523437502,28145.161523437502,27722.279296875,27722.279296875,2477700
2023-05-01,27722.279296875,27722.279296875,27722.279296875,27722.279296875,0
2023-05-02,27722.279296875,27722.279296875,27722.279296875,27722.279296875,0
2023-05-03,27722.279296875,27722.279296875,27722.279296875,27722.279296875,0
2023-05-04,27722.278701861014,27722.278701861014,27158.435745212995,27299.396484375,1917900
2023-05-05,27299.394697980184,27440.35542791812,26735.55177822844,26970.486328125,3437700
2023-05-08,27158.435560161564,27628.3046875,26970.48790922619,27628.3046875,2847500
2023-05-09,27675.292775437287,27722.279690166382,27299.397457604522,27534.33203125,1990400
2023-05-10,27581.318945979096,27628.30586070819,27346.384372333618,27534.33203125,2523100
2023-05-11,27722.27810889175,27722.27810889175,27346.3828125,27346.3828125,2514400
2023-05-12,27346.384372333618,27534.33203125,27252.410542875426,27534.33203125,2625300
2023-05-15,27675.2896895903,28333.106422449833,27628.302780100334,28098.171875,7336200
2023-05-16,28286.120687395134,28286.120687395134,27957.212307309146,28004.19921875,2075700
2023-05-17,27910.22596153846,28098.173611111113,27487.34375,27487.34375,3659200
2023-05-18,27487.344146573603,27910.2263642132,27487.344146573603,27769.265625,3215500
2023-05-19,27769.26251251581,27957.21014373419,27487.341065688237,27863.236328125,3397600
2023-05-22,27910.22505122951,28755.989446721313,27910.22505122951,28662.015625,9444100
2023-05-23,28849.965036810132,28849.965036810132,28192.148244439868,28521.056640625,4205200
2023-05-24,28521.056640625,28521.056640625,28521.056640625,28521.056640625,0
2023-05-25,28004.19921875,28098.17304163171,27816.251572986577,28004.19921875,2521600
2023-05-26,28098.171875,28145.158784489966,27863.237327550167,28098.171875,1794600
2023-05-29,28192.14804946192,28380.095703125,28004.200395798838,28380.095703125,2765200
2023-05-30,28568.04335678808,28615.03027020385,28192.14804946192,28380.095703125,2100900
2023-05-31,28380.09471515025,28474.06853871035,28098.17324446995,28145.16015625,3944600
2023-06-01,28192.148824257427,28474.0703125,27957.214250721947,28474.0703125,4776200
2023-06-02,28943.936820652176,30259.5703125,28849.962999805903,30259.5703125,13798700
2023-06-05,30494.50643184267,30823.414821708462,29977.650390625,29977.650390625,5861900
2023-06-06,29977.650790806576,30729.44140625,29836.690050410933,30729.44140625,6000100
2023-06-07,30588.479884609857,30776.427533670438,30259.571498753838,30635.466796875,4964100
2023-06-08,30729.440791092522,30776.427703617126,29836.689453125,29836.689453125,5741200
2023-06-09,29883.674660011577,30541.491397810572,29695.727020640432,30447.517578125,5315500
2023-06-12,30306.559185063074,30870.402146645643,29977.650790806576,30729.44140625,4136800
2023-06-13,30729.442186309072,30917.38984494093,30447.52069836128,30823.416015625,3529000
2023-06-14,31011.362094996166,31434.24430538248,30588.479884609857,30635.466796875,5374800
2023-06-15,30635.466213629403,30917.387681852986,30447.518568147014,30682.453125,3863700
2023-06-16,30682.454295074884,31434.24490567396,30541.493555587556,30588.48046875,6928400
2023-06-19,30588.479866384343,30588.479866384343,30024.63691953855,30165.59765625,3674300
2023-06-20,30259.568939541212,30306.555847832427,30024.63439808515,30212.58203125,2084400
2023-06-21,30212.583810096156,30541.4921875,30165.596899038464,30541.4921875,2506800
2023-06-22,30541.4921875,30541.4921875,30541.4921875,30541.4921875,0
2023-06-23,30682.45410749905,31246.29706200133,30588.48028174867,30917.388671875,4144400
2023-06-26,30917.387909393772,31293.283203125,30588.479527378942,31293.283203125,4044900
2023-06-27,31293.28535778642,31387.25918768968,30917.39003817337,30964.376953125,3665500
2023-06-28,30964.374821110174,31293.283203125,30776.42717424456,31293.283203125,4303400
2023-06-29,31293.282972817764,31387.25679555896,30682.453125,30682.453125,3538900
2023-06-30,30682.452714451312,30823.41344667697,30400.53125,30400.53125,2448500
2023-07-03,30729.43980102539,30729.43980102539,30071.623046875,30071.623046875,3753900
2023-07-04,30071.623046875,30165.596868896486,29930.662313842775,30071.623046875,4327000
2023-07-05,30212.584366441708,30447.51892605634,30024.63671875,30024.63671875,4323800
2023-07-06,30024.637492571313,30118.611318839143,29319.833795562598,29648.7421875,6311500
2023-07-07,29601.755274366085,29883.676753169573,29413.807621830427,29648.7421875,3274400
2023-07-10,30071.623046875,30165.596868896486,29789.701580810546,30071.623046875,4982800
2023-07-11,30259.571278364634,30400.532014133412,30024.63671875,30024.63671875,5708100
2023-07-12,29977.649400177725,30071.623222748814,29695.727932464455,29742.71484375,4341600
2023-07-13,29789.70215913537,30071.623630672926,29742.715247212444,30024.63671875,4412100
2023-07-14,30259.571278364634,30259.571278364634,29789.70215913537,30024.63671875,4472000
2023-07-17,30165.59804197688,30165.59804197688,29883.67656494906,29977.650390625,3652700
2023-07-18,29977.64962872485,30353.544921875,29883.67580543731,30353.544921875,6508500
2023-07-19,30682.453303381386,30917.387861600233,30306.55801023123,30353.544921875,5556900
2023-07-20,30447.5195190047,30447.5195190047,29883.67656494906,29977.650390625,5263800
2023-07-21,29930.66271708108,30353.544921875,29930.66271708108,30353.544921875,5206200
2023-07-24,30494.505859375,30541.492771330893,30212.58438763964,30494.505859375,4832200
2023-07-25,30823.411800373135,31763.149965018656,30729.43798390858,31481.228515625,13269100
2023-07-26,31481.231052643874,31528.217964662745,31199.309580530644,31434.244140625,3413000
2023-07-27,31340.27049896148,31434.244323546074,30729.440639161632,31105.3359375,7797000
2023-07-28,31058.34866748336,31763.15234375,31011.361755732247,31763.15234375,5630800
2023-07-31,32045.07383723579,32514.94295508382,31951.100013666182,32233.021484375,7648800
2023-08-01,32514.942543658086,32514.942543658086,31951.099609375,31951.099609375,8659400
2023-08-02,31857.125,32045.072640117993,31716.164269911504,31857.125,4644300
2023-08-03,31951.097597947763,31998.08450618004,31481.228515625,31481.228515625,4171200
2023-08-04,31622.190034412204,32139.04603794643,31434.242396763395,31575.203125,12322800
2023-08-07,32139.047079694323,32373.98163437045,31951.09943595342,32280.0078125,5256500
2023-08-08,32326.994898897057,32420.96872127757,31904.11269818474,31951.099609375,5539100
2023-08-09,31998.086520565255,32139.04725413603,31763.15196461397,31951.099609375,4668500
2023-08-10,31951.097597947763,31998.08450618004,31481.228515625,31481.228515625,6166000
2023-08-11,31528.21758334881,31763.152140601782,31105.33538029346,31622.19140625,5907600
2023-08-14,31716.16543199889,31763.15234375,31434.243961492233,31763.15234375,4574500
2023-08-15,31857.129095539647,32326.998256240822,31810.14217946953,31998.08984375,4610800
2023-08-16,31951.098176345607,33219.74472158286,31904.111267262746,33172.7578125,13197300
2023-08-17,33172.76093074568,33172.76093074568,32608.91796875,32608.91796875,5308300
2023-08-18,32467.955540865387,32467.955540865387,30494.50527644231,30541.4921875,13220000
2023-08-21,30541.493171517177,30964.37538466126,30165.597870944657,30776.427734375,5356600
2023-08-22,30776.42755145393,31105.3359375,29977.650042484896,31105.3359375,6716400
2023-08-23,31951.0991622741,32139.046804405123,31199.30859375,31199.30859375,9087900
2023-08-24,31481.23087324334,31904.113079003328,31387.257049741125,31763.15234375,4814900
2023-08-25,31669.178317700596,31810.13905205238,31387.25684899703,31622.19140625,3638000
2023-08-28,31810.138875804227,32045.073431755514,31575.20431985294,31951.099609375,4017200
2023-08-29,31951.098820058996,32186.03337020649,31716.164269911504,31857.125,3702500
2023-08-30,31951.099609375,32233.021076516543,31857.125786994486,31951.099609375,4267500
2023-08-31,32045.07346014493,32420.96875,32045.07346014493,32420.96875,4121700
2023-09-01,32420.96875,32420.96875,32420.96875,32420.96875,0
2023-09-04,32420.96875,32420.96875,32420.96875,32420.96875,0
2023-09-05,32702.8921875,33031.800585937504,32655.9052734375,32890.83984375,7998900
2023-09-06,32937.82442405007,33219.74588844993,32749.876781116833,33078.78515625,4653200
2023-09-07,33125.77537696678,33971.53985467657,32984.814630681816,33595.64453125,9044800
2023-09-08,33689.61520398692,33736.60211501061,33219.74609375,33219.74609375,4602900
2023-09-11,33454.682208755425,33454.682208755425,32373.983204820914,32467.95703125,10812100
2023-09-12,32467.95417625708,33172.7578125,32326.9934490085,33172.7578125,4935900
2023-09-13,33266.735156250004,33313.7220703125,32749.8791015625,32890.83984375,4978100
2023-09-14,32984.81485046561,33595.644755103865,32796.8671875,32796.8671875,7642600
2023-09-15,32984.81485046561,33360.710176396846,32796.8671875,32796.8671875,4523900
2023-09-18,32749.877903913122,32890.838640945745,31951.10039406158,32045.07421875,7730100
2023-09-19,32233.02028023599,32280.007190265485,31763.151179941004,31857.125,5864300
2023-09-20,31857.12561408297,32420.968545305677,31810.138703147742,32280.0078125,3426300
2023-09-21,32280.008396159803,32420.969131514215,31951.100013666182,32233.021484375,3165600
2023-09-22,31904.11269818474,32186.034165326288,31387.25667509191,31951.099609375,7542500
2023-09-25,31951.101967416158,32139.049626048018,30776.429100967034,30823.416015625,4230500
2023-09-26,30823.412856867286,31011.360496238427,30447.517578125,30447.517578125,4755900
2023-09-27,30306.55841101898,30635.466796875,30306.55841101898,30635.466796875,3553500
2023-09-28,30635.46626578752,31857.12596350297,29930.662594028603,31622.19140625,6556500
2023-09-29,31481.230671898218,31669.178317700596,31105.33538029346,31622.19140625,2907800
2023-10-02,31622.18939715309,31622.18939715309,31011.359587104074,31152.3203125,2138300
2023-10-03,30917.38747596154,30917.38747596154,29977.649254807693,30541.4921875,4650100
2023-10-04,30306.556640625,30682.451916787788,30071.622093023256,30306.556640625,2796000
2023-10-05,30400.533795818592,30635.468369202044,29883.677734375,29883.677734375,2442600
2023-10-06,29836.689849234597,30306.558980718604,29695.729109789394,30118.611328125,2551600
2023-10-09,30165.59765625,30212.58456848715,29977.6500073014,30165.59765625,2793700
2023-10-10,30353.544543269232,30682.452920673077,30306.55763221154,30541.4921875,2660000
2023-10-11,30682.453709140147,30682.453709140147,30353.54532328413,30635.466796875,2199600
2023-10-12,30729.43983173077,30870.400564903848,30541.4921875,30541.4921875,2464200
2023-10-13,30447.517954192546,30494.504864615683,30071.622670807454,30259.5703125,1949500
2023-10-16,30118.61230775845,30353.5468811419,29883.677734375,29883.677734375,2476400
2023-10-17,30024.637103223427,30259.57166584646,29836.689453125,29836.689453125,1820000
2023-10-18,29836.687453125,29883.6743625,29131.8838125,29366.818359375,4719900
2023-10-19,29366.819496839315,29507.780230424145,28802.9765625,28802.9765625,2785000
2023-10-20,28849.964077572346,29507.78084807074,28709.003341036976,29225.859375,2434100
2023-10-23,29225.85779480178,29601.75307190534,28662.01487914644,29037.91015625,2788400
2023-10-24,29460.79296875,29883.675164473683,29178.87150493421,29460.79296875,2173100
2023-10-25,29319.833984375,29695.729291866985,29319.833984375,29319.833984375,2122800
2023-10-26,28943.937447567114,29084.898181889683,27440.35628145973,28004.19921875,6676400
2023-10-27,28192.14784263959,28568.04314720812,27346.383407360405,27769.265625,3872700
2023-10-30,27440.35659475089,27487.343506728204,26406.64453125,26406.64453125,6594400
2023-10-31,26500.619133574008,26782.54061371841,25560.880866425992,26030.75,6087100
2023-11-01,26594.592967364806,26735.55370747451,25795.81544007646,26500.619140625,4479300
2023-11-02,27064.46230834753,27816.252928023852,26782.54082596891,27581.318359375,4705900
2023-11-03,28145.15963646673,29131.884765625,27769.264349168345,29131.884765625,8102700
2023-11-06,28943.937121975807,29131.884765625,28474.068012852822,29131.884765625,3301400
2023-11-07,28755.990234375,29084.8986194087,28615.029497931984,28755.990234375,1508300
2023-11-08,28755.99178213443,29977.65156372838,28380.09646472091,29883.677734375,3874600
2023-11-09,29930.66228298611,30024.636104910714,29413.806262400794,29601.75390625,4253500
2023-11-10,29319.833786231884,29601.755264945652,28849.964655042273,29178.873046875,4074300
2023-11-13,29413.805433353562,29413.805433353562,28802.975608060275,29037.91015625,2458800
2023-11-14,29272.84552951389,29836.68846106151,29037.91097470238,29601.75390625,3979700
2023-11-15,30071.624405705228,30259.572058240887,29601.755274366085,29648.7421875,3671500
2023-11-16,29601.755471214514,29883.676951892747,29601.755471214514,29789.703125,2240400
2023-11-17,29789.701726775682,30024.636282980537,28849.96350195626,29272.845703125,5082600
2023-11-20,28662.015656502015,29366.819320186492,28615.028745589716,29131.884765625,4320400
2023-11-21,29460.793526785714,29460.793526785714,28943.9375,28943.9375,2243600
2023-11-22,29037.911525646206,29131.885349353797,28802.976966377224,29084.8984375,1836200
2023-11-23,29319.831568667763,29413.805387798107,28568.041015625,28568.041015625,3280100
2023-11-24,28521.056244150375,28755.990809588187,27675.291808574253,28239.134765625,4696800
2023-11-27,28145.161922728243,28145.161922728243,27534.33203125,27534.33203125,3048100
2023-11-28,27534.33030310935,28145.16015625,27064.461185308846,28145.16015625,3736900
2023-11-29,28098.171875,28474.06715091973,27816.2504180602,28098.171875,1779600
2023-11-30,27957.2138671875,28239.1353515625,27722.279296875,27722.279296875,2756300
2023-12-01,27816.250210084036,28051.18475577731,27581.315664390757,27957.2109375,2696100
2023-12-04,28004.200395798838,28662.017183619617,28004.200395798838,28380.095703125,4761000
2023-12-05,28427.082417975253,28474.069331062812,28098.174026362314,28239.134765625,3093500
2023-12-06,28192.145739103617,28662.014834755344,28192.145739103617,28568.041015625,2489700
2023-12-07,28709.002364642423,29178.871470446717,28474.067811740275,28990.923828125,5844300
2023-12-08,28990.92461379241,29131.885349353797,28755.990054523427,29084.8984375,2749400
2023-12-11,29084.89764928586,29131.88455986629,28802.976185803283,28990.923828125,1614200
2023-12-12,28990.925394399157,29178.873046875,28896.951568161232,29178.873046875,2167900
2023-12-13,29272.845466188526,29272.845466188526,28662.015625,28662.015625,3108700
2023-12-14,28943.938471767597,28990.925384871116,28709.00390625,28709.00390625,2552800
2023-12-15,28709.003322227327,28943.937882965685,28568.04258578431,28755.990234375,2153100
2023-12-18,28755.990809588187,28802.97772267575,28239.134765625,28239.134765625,2378300
2023-12-19,28192.14728860294,28755.990234375,28004.199640012255,28755.990234375,2109500
2023-12-20,28474.069726884267,28709.004295587933,28333.108985662067,28521.056640625,1746600
2023-12-21,28474.0681841354,28802.9765625,28333.10745055057,28802.9765625,2482700
2023-12-22,28662.016410079657,28943.937882965685,28615.029497931984,28755.990234375,1853900
2023-12-25,28943.937701938612,29131.885349353797,28755.990054523427,29084.8984375,2572700
2023-12-26,28990.92441152597,29131.885146103894,28896.950588474025,28943.9375,1507400
2023-12-27,28990.923828125,29272.845291607577,28990.923828125,28990.923828125,2015600
2023-12-28,29037.91097470238,29742.714639136906,29037.91097470238,29601.75390625,5753400
2023-12-29,29789.70390502162,30024.63847840507,29601.756246314857,29883.677734375,4231700
2024-01-01,29883.677734375,29883.677734375,29883.677734375,29883.677734375,0
2024-01-02,29977.6500073014,30306.558392961448,29883.6761828271,30165.59765625,3710100
2024-01-03,29977.650025162962,30635.466796875,29930.663112897815,30635.466796875,5610600
2024-01-04,30635.46681457704,31622.191972715256,30588.479902284744,31105.3359375,10073900
2024-01-05,31105.33477268449,31387.256235881025,31011.36095161898,31199.30859375,3569900
2024-01-08,31481.2312706195,32092.061131094208,31340.270533586874,32045.07421875,6323800
2024-01-09,31951.09963768116,32420.96875,31763.151992753625,32420.96875,6900500
2024-01-10,32467.954870889353,32608.91560115371,32186.033410360647,32326.994140625,7189800
2024-01-11,32233.02324304539,32514.944729136165,31763.15409956076,32092.0625,6731000
2024-01-12,31810.139103084413,32608.91659902597,31528.21763392857,32561.9296875,10186600
2024-01-15,32608.916778653427,32702.890602223033,32233.021484375,32233.021484375,3727300
2024-01-16,32045.07558565154,32139.049414348465,31763.15409956076,32092.0625,4458700
2024-01-17,32092.063675890233,32561.932836591408,31951.102927679884,31998.08984375,4420000
2024-01-18,32186.033410360647,32514.94178097747,31998.085770008176,32326.994140625,4108200
2024-01-19,32514.939310622318,33031.795282322964,32420.96549758584,32843.84765625,7947400
2024-01-22,33172.756001877686,33172.756001877686,32608.9131236588,32843.84765625,4313700
2024-01-23,33360.705659379404,33830.57475317348,33266.73184062059,33313.71875,10075300
2024-01-24,33125.7734375,33407.69491356383,33125.7734375,33125.7734375,3141400
2024-01-25,33125.7734375,33125.7734375,33125.7734375,33125.7734375,0
2024-01-26,32937.82598428673,33360.70820091808,32890.83907132768,33266.734375,3145200
2024-01-29,33313.72108820922,33501.66873891844,33078.786524822695,33125.7734375,3145300
2024-01-30,32984.81133478338,33125.772066983314,32608.916048916904,33078.78515625,5207300
2024-01-31,33078.78690303907,33125.77381625362,32326.996291606367,32467.95703125,5380200
2024-02-01,32373.983986090778,32561.931643484626,31951.101756954613,32092.0625,6209900
2024-02-02,32092.0625,32092.0625,32092.0625,32092.0625,0
2024-02-05,32373.981893705986,33830.5761443662,32326.994982394364,33360.70703125,9600300
2024-02-06,33501.66796875,34018.52399631837,33454.68105715288,33501.66796875,4013800
2024-02-07,33642.62709450402,35052.234375,33642.62709450402,35052.234375,11167100
2024-02-08,35052.234375,35052.234375,35052.234375,35052.234375,0
2024-02-09,35052.234375,35052.234375,35052.234375,35052.234375,0
2024-02-15,35240.18478393555,36602.80526224772,35193.1978708903,36085.94921875,13071500
2024-02-16,36179.921875,36367.869521103894,35616.07893668831,36179.921875,7217800
2024-02-19,36226.908032414845,36696.77713789364,36132.93421131909,36555.81640625,9734800
2024-02-20,36461.84258515424,36649.79022734576,36179.921121866966,36555.81640625,5413200
2024-02-21,36414.85451722756,36978.69742588141,36273.8937900641,36649.7890625,7674900
2024-02-22,36649.78956653226,37918.43612845068,36602.802656831576,37871.44921875,9645200
2024-02-23,38294.33773963529,39797.91909873753,37589.53397755611,37683.5078125,16442400
2024-02-26,37777.47661938713,38999.13631105886,37777.47661938713,38717.21484375,9615100
2024-02-27,38905.15963945173,39422.015625,38529.2643772348,39422.015625,8413100
2024-02-28,39515.992391143365,39797.913858856635,39046.123278287916,39656.953125,7524100
2024-02-29,39891.887681427725,39891.887681427725,38858.175633145736,39656.953125,9026500
2024-03-01,39187.082241263444,39328.04296875,38764.20005880376,39328.04296875,9291100
2024-03-04,39234.069150425625,39656.951332885306,38858.17387712814,39328.04296875,8435000
2024-03-05,39281.05783471564,39656.953125,38905.16254443128,39656.953125,6316800
2024-03-06,39515.995687134506,40878.616228070176,39281.061111111114,40173.8125,11167400
2024-03-07,40267.7861373973,40690.66837221244,39844.90390258216,40032.8515625,7214000
2024-03-08,39891.88599466463,40032.84672256098,38529.265625,38529.265625,20127300
2024-03-11,38435.29491220607,38717.2163907797,37495.55665029393,37965.42578125,11182600
2024-03-12,37918.43735304156,38811.18866618628,37683.502796950845,38717.21484375,8497100
2024-03-13,38717.21335565476,39469.00390625,38482.27880859375,39469.00390625,7892700
2024-03-14,39562.98084616546,39562.98084616546,38764.20332314312,38905.1640625,6636800
2024-03-15,38764.20332314312,39140.098628094805,37965.42580012077,38905.1640625,7540800
2024-03-18,38717.21999688279,38717.21999688279,37025.69096789277,37683.5078125,11297200
2024-03-19,37777.47539934864,37965.42303815136,37213.63248294045,37871.44921875,5330900
2024-03-20,37965.423204787236,39891.88651097074,37636.51483543883,39750.92578125,16882000
2024-03-21,40032.853364052105,42382.19921875,40032.853364052105,42382.19921875,16923300
2024-03-22,42758.0929844098,42758.0929844098,41395.47243875278,42194.25,10791500
2024-03-25,42852.06403459821,43603.85463169643,41489.4435773577,42100.2734375,10737400
2024-03-26,42100.27366702938,43415.90721912405,41818.352191580525,43180.97265625,7755900
2024-03-27,43415.907999451156,43415.907999451156,42382.19590422613,42805.078125,4640100
2024-03-28,45765.250333658856,45765.250333658856,44825.51213378906,45107.43359375,30022800
2024-03-29,45060.44999507098,45248.397648856466,44684.5546875,44684.5546875,6403800
2024-04-01,44684.5519461275,44825.512677818755,44026.73519823499,44590.578125,8561000
2024-04-02,44731.540431532005,45107.43572927597,44167.697484916054,44778.52734375,13559100
2024-04-03,44543.59294871795,45060.448985042734,43979.75,43979.75,8776700
2024-04-04,43697.826129415764,43932.76067849864,43180.97012143343,43227.95703125,10756900
2024-04-05,42758.09336974558,43133.98869607301,42429.184959209066,42476.171875,12129600
2024-04-08,42288.21686126373,43086.99429086538,42194.24304601648,42758.0859375,9964400
2024-04-09,42758.08636394651,43040.0078125,42476.16491539301,43040.0078125,5384200
2024-04-10,43227.9591662103,43979.749760405255,42852.06386911282,42899.05078125,7754300
2024-04-11,42335.21230165604,42899.055306783535,42241.23846746812,42382.19921875,11371200
2024-04-12,42711.10413370253,44590.5806632384,42382.195741033756,44543.59375,13456300
2024-04-15,44355.64604448198,44590.58061039555,41536.43125351914,41724.37890625,13735800
2024-04-16,42241.22995364011,42758.0859375,41536.42633928571,42758.0859375,15151800
2024-04-17,42758.08763586957,42852.0614548495,41959.310174540136,42147.2578125,7454000
2024-04-19,41348.48244382023,41959.312298103934,40737.65258953651,41818.3515625,14444400
2024-04-22,42617.13007596685,42946.03846685083,42194.247859116025,42523.15625,6813500
2024-04-23,42758.08948863636,44637.56594967532,42758.08948863636,43415.90625,15592800
2024-04-24,43979.7515625,44214.6861328125,43603.856250000004,44167.69921875,7532200
2024-04-25,44167.6994176598,44167.6994176598,43040.01347508126,43368.921875,7161400
2024-04-26,43227.96170869099,44073.72617690451,42899.05330438573,43791.8046875,5678300
2024-04-29,43791.8046875,43791.8046875,43791.8046875,43791.8046875,0
2024-04-30,43791.8046875,43791.8046875,43791.8046875,43791.8046875,0
2024-05-02,43979.74746531484,44120.70819437033,43556.86527814835,44026.734375,4351500
2024-05-03,44637.56604966286,45859.225752074686,44543.59222640041,45295.3828125,13660600
2024-05-06,45577.30448552223,45765.252132885216,45013.4615434333,45436.34375,7906500
2024-05-07,45436.34313837421,45436.34313837421,44825.51329266701,45013.4609375,9058500
2024-05-08,45013.46134271265,46235.12104512448,44449.61840313797,45295.3828125,15386300
2024-05-09,45671.27713815789,45953.19860197369,44919.48656798246,45530.31640625,8705600
2024-05-10,45859.22615979381,45859.22615979381,45013.46174291237,45577.3046875,7679300
2024-05-13,45577.305857760846,45718.266597527116,45107.43672520661,45483.33203125,6004900
2024-05-14,45530.31696079071,45530.31696079071,44966.474026291755,45013.4609375,7472800
2024-05-15,45013.46250487267,45248.39706909434,44872.50176633966,45201.41015625,9678900
2024-05-16,45577.30777962175,46939.928321486725,45483.3339491483,46892.94140625,20864900
2024-05-17,46751.9765625,46986.91111809045,46658.002740263815,46751.9765625,6345600
2024-05-20,46939.92675584759,47456.78280621228,46564.03144649145,46704.9921875,9304700
2024-05-21,45893.972987288136,45989.38665254237,44892.129502118645,45035.25,11258500
2024-05-22,45082.957574252425,45321.49174131196,44224.2345728381,44271.94140625,14666400
2024-05-23,44176.52813340054,44510.475970262094,43747.166628864245,44367.35546875,7238900
2024-05-24,44033.40723919046,45082.957574252425,43699.45940530711,44271.94140625,14617600
2024-05-27,44271.94180107527,44462.76913642473,43890.287130376346,44367.35546875,5007700
2024-05-28,44367.35703458155,44796.71855427105,44176.52969249733,44749.01171875,6014900
2024-05-29,44844.423807123654,44892.13064096102,44271.94180107527,44367.35546875,6948600
2024-05-30,43937.99512970753,44653.59765625,43747.16778929621,44653.59765625,7573700
2024-05-31,44653.5984375,44844.42578125,44176.530078125,44844.42578125,5677200
2024-06-03,44844.42578125,44844.42578125,44844.42578125,44844.42578125,0
2024-06-04,45321.49258140756,45607.73358718487,44844.424238445376,45416.90625,9962000
2024-06-05,45512.319523026315,45560.026356907896,45035.25118421052,45321.4921875,9260100
2024-06-06,45369.19710693359,45798.55859375,45035.249283854166,45798.55859375,13114900
2024-06-07,46752.69571028513,47420.591363289204,46466.45471614053,46848.109375,15463100
2024-06-10,47229.76322852761,47229.76322852761,46132.50610301636,46657.28125,8633400
2024-06-11,23614.882515672492,23781.856432449975,23447.90859889501,23543.322265625,33173800
2024-06-12,23543.32236446736,23614.882614815284,23376.348446988868,23567.17578125,18315800
2024-06-13,23614.882614815284,23662.589448380568,23519.468947684716,23567.17578125,16849800
2024-06-14,23614.882016929736,23638.735433108453,23424.0546875,23424.0546875,19671200
2024-06-17,23400.202238859954,23400.202238859954,23137.81465004501,23185.521484375,19374400
2024-06-18,23185.519931480532,23424.0540871542,22994.6926069416,23280.93359375,20486200
2024-06-19,23376.348222373188,23376.348222373188,22970.840140964672,23042.400390625,34054600
2024-06-20,23424.055671938004,23996.53768428679,23376.348837575602,23662.58984375,34583800
2024-06-21,23805.709143813776,23805.709143813776,23090.106664540817,23376.34765625,11686300
2024-06-24,23376.347411599687,23376.347411599687,22517.62444545929,22851.572265625,14021100
2024-06-25,22851.572465006513,22899.279296875,22326.797314453124,22899.279296875,12070000
2024-06-26,22851.572465006513,22899.279296875,22469.917810058596,22899.279296875,7388500
2024-06-27,22565.33320145922,22613.040036980277,22279.09218833289,22374.505859375,12338200
2024-06-28,22374.505466240633,22422.21230092345,21468.075607267132,22279.091796875,21090100
2024-07-01,22040.556808774836,22040.556808774836,21611.1953125,21611.1953125,9012800
2024-07-02,21802.02168480486,22135.969500545852,21611.19436152429,21849.728515625,9248300
2024-07-03,21897.4376953125,22469.919726562497,21849.730859375,22422.212890625,10183800
2024-07-04,22422.212890625,22469.919726562497,22231.385546874997,22422.212890625,5683100
2024-07-05,22279.092382812498,22422.212890625,22135.971875,22422.212890625,8377700
2024-07-08,22422.212694896054,22422.212694896054,22040.55801072761,22374.505859375,6699200
2024-07-09,22231.384962192184,22422.21230092345,22183.678127509367,22279.091796875,11389200
2024-07-10,22326.797836798054,22374.504669782666,22040.55683889039,22088.263671875,10290600
2024-07-11,22088.262262712444,22279.0895824767,21754.314453125,21754.314453125,15419800
2024-07-12,21802.021283066064,21945.141772889252,21754.314453125,21754.314453125,5523200
2024-07-15,21802.022644177705,21849.72947709713,21563.488479580574,21611.1953125,6044600
2024-07-16,21611.193561570763,21802.020877787723,21515.77990346228,21658.900390625,11029900
2024-07-17,21802.022893591773,23090.1073971519,21754.31606012658,22613.0390625,27351200
2024-07-18,22613.0390625,22756.15956289557,22231.38439477848,22613.0390625,11221300
2024-07-19,22660.74667384482,22660.74667384482,22040.55781750801,22326.798828125,14092100
2024-07-22,22231.384199920718,22708.45253039112,21945.14320163848,22565.33203125,14480100
2024-07-23,22708.452091241863,22708.452091241863,21945.14277725054,21992.849609375,12471200
2024-07-24,21802.02208305027,22135.969904891303,21802.02208305027,21945.142578125,10819000
2024-07-25,21802.02108087225,21849.72791037088,21515.780103880494,21706.607421875,8303700
2024-07-26,21658.900592376373,21802.02108087225,21563.48693337912,21706.607421875,6322500
2024-07-29,21802.02108087225,21897.434739869506,21706.607421875,21706.607421875,5198700
2024-07-30,21658.90139059096,21897.435546875,21563.487728077343,21897.435546875,6723500
2024-07-31,21945.143565188173,22279.091402049733,21897.43673135081,22183.677734375,11002900
2024-08-01,22135.969904891303,22183.67673658288,21515.781092900816,21945.142578125,11637400
2024-08-02,21515.783007812497,22422.212890625,21515.783007812497,22422.212890625,13700300
2024-08-05,21945.143725476457,21945.143725476457,21277.248046875,21277.248046875,16810500
2024-08-06,21372.66171524664,21563.48905198991,21038.71387594591,21277.248046875,17667600
2024-08-07,21372.661697247706,21372.661697247706,20752.472853354357,20800.1796875,19624800
2024-08-08,20609.35251798561,20657.059352517983,19798.33633093525,19893.75,41051900
2024-08-09,20036.869538655214,20323.110532064573,20036.869538655214,20132.283203125,14966900
2024-08-12,20227.697463235294,20275.404296875,20036.87012867647,20275.404296875,10346600
2024-08-13,20227.69646577381,20227.69646577381,19941.455478050597,20036.869140625,11492700
2024-08-14,20084.57676610407,20323.11093197229,19941.456266583136,20227.697265625,11836400
2024-08-15,20227.69706708038,20227.69706708038,19989.162903553486,20179.990234375,9559800
2024-08-16,20179.991408981645,20561.64609283945,20084.57773801719,20466.232421875,21418700
2024-08-19,20561.643982769692,20943.298627461474,20418.523491010274,20895.591796875,15706900
2024-08-20,20943.298425879577,21038.712086134154,20800.17793549771,20847.884765625,12413000
2024-08-21,20704.764870383522,21086.419522372158,20561.644375887783,20991.005859375,20036300
2024-08-22,20991.007235738256,21611.196085885065,20991.007235738256,21324.955078125,20780600
2024-08-23,21324.955274309432,21468.07577950614,21181.834769112724,21372.662109375,11973100
2024-08-26,21468.076171875,21611.1966796875,21372.6625,21468.076171875,16940600
2024-08-27,21468.07481374172,21658.902145419426,21420.3679808223,21611.1953125,15067700
2024-08-28,21658.901587975542,22088.263073199727,21563.48792459239,21945.142578125,19145000
2024-08-29,21945.142578125,22183.67673658288,21945.142578125,21945.142578125,16097600
2024-08-30,21945.14395409529,22279.091796875,21945.14395409529,22279.091796875,13276300
2024-09-04,21992.849409816576,22183.67673658288,21802.02208305027,21945.142578125,13719600
2024-09-05,21849.728113007128,21992.848602830316,21658.900793242872,21754.314453125,11375000
2024-09-06,21754.314453125,21897.434942948188,21611.19396330181,21754.314453125,12161700
2024-09-09,21658.902145419426,21802.022644177705,21563.488479580574,21611.1953125,12271500
2024-09-10,21658.902519311796,21706.609353054777,21181.834181882023,21229.541015625,14110600
2024-09-11,21134.126754277433,21229.540419082296,20943.299424667704,21086.419921875,11246200
2024-09-12,21277.248046875,21372.66171524664,21134.127544317544,21277.248046875,9122600
2024-09-13,21277.247650971283,21324.954484269427,21134.12715107686,21181.833984375,10103800
2024-09-16,21181.833984375,21658.90231735642,21181.833984375,21181.833984375,11594300
2024-09-17,21134.125467891485,21706.607421875,21134.125467891485,21706.607421875,7238500
2024-09-18,21706.608419667118,22040.55624150815,21658.901587975542,21945.142578125,15057800
2024-09-19,22135.970703125,22135.970703125,21849.729702653556,22135.970703125,13432600
2024-09-20,22231.38380772293,22613.03846536624,22231.38380772293,22469.91796875,30615100
2024-09-23,22469.919135606262,22660.746474337528,22279.091796875,22279.091796875,8232000
2024-09-24,22231.38380772293,22517.624800955415,22231.38380772293,22469.91796875,11039500
2024-09-25,22660.74629070378,22851.573627888654,22517.625787815126,22708.453125,23428400
2024-09-26,22708.45236320021,23280.934355549794,22565.33186511281,22994.693359375,26218200
2024-09-27,23090.107421875,23233.227922423812,22946.986921326188,23090.107421875,16810100
2024-09-30,23042.40058835873,23233.227922423812,22851.57325429365,23090.107421875,21491800
2024-10-01,23090.107251521298,23662.589249492903,23042.400418357,23519.46875,40736400
2024-10-02,23424.056060178213,23996.538082015562,23233.228719565763,23758.00390625,28212200
2024-10-03,23805.710532437115,24044.24470610883,23233.228515625,23233.228515625,29754600
2024-10-04,23233.227321823026,23328.640986389033,22946.986328125,22946.986328125,21424400
2024-10-07,23137.814056838768,23233.227723052536,22899.279891304348,23042.400390625,12843900
2024-10-08,23090.106269211065,23471.760918288935,23090.106269211065,23280.93359375,16248500
2024-10-09,23280.9345841785,23614.8824163286,23185.5209178499,23519.46875,21677200
2024-10-10,23758.002514002037,23853.416178716903,23424.0546875,23424.0546875,18247800
2024-10-11,23424.054288087937,23471.7611196319,23137.81329882413,23328.640625,13916200
2024-10-14,23424.05585456237,23471.762689296716,23233.228515625,23233.228515625,11945500
2024-10-15,23233.228120972937,23471.762290592782,23042.400785277063,23137.814453125,14126800
2024-10-16,23090.107421875,23185.521088907542,22994.69375484246,23090.107421875,9019700
2024-10-17,23090.108011421973,23280.935350359345,22994.694341953287,23233.228515625,9422800
2024-10-18,23328.640625,23662.58844580777,23280.933793456035,23328.640625,15418700
2024-10-21,23328.641389266304,23376.348222373188,22994.693557518116,23042.400390625,9745000
2024-10-22,23090.107421875,23280.934755940085,22899.28008780992,23090.107421875,16879300
2024-10-23,23090.107421875,23185.521088907542,22660.745920228565,23090.107421875,16761400
2024-10-24,23042.400361720403,23090.107194767443,22469.91836515592,22565.33203125,14256700
2024-10-25,22660.7470703125,22756.160742187498,22326.79921875,22422.212890625,14325400
2024-10-28,22422.21153210888,22613.03886429704,22374.50469906184,22565.33203125,7020100
2024-10-29,22613.03925986842,22756.159761513158,22613.03925986842,22660.74609375,6285800
2024-10-30,22708.45196940104,22899.279296875,22660.745137532555,22899.279296875,11087000
2024-10-31,22899.278896443517,22994.69255851203,22756.158403340745,22803.865234375,8621600
2024-11-01,22756.15956289557,22899.28006329114,22613.0390625,22613.0390625,14550800
2024-11-04,22660.74687250133,22660.74687250133,22326.799023853942,22374.505859375,13930100
2024-11-05,22422.212694896054,22565.33320145922,22374.505859375,22374.505859375,9921800
2024-11-06,22517.624248169457,22946.98572747777,22517.624248169457,22803.865234375,15680200
2024-11-07,23042.39918681211,23042.39918681211,22756.158203125,22756.158203125,8601500
2024-11-08,22899.27966101695,22899.27966101695,22374.504502118645,22517.625,13097100
2024-11-11,22613.039037244074,22613.039037244074,21992.85020288928,22135.970703125,15357300
2024-11-12,22326.797434246204,22326.797434246204,21849.729113001627,21992.849609375,12489700
2024-11-13,21945.143172921165,22088.263671875,21658.9021750135,22088.263671875,13323900
2024-11-14,21945.141772889252,21992.848602830316,21706.607623183936,21754.314453125,7429400
2024-11-15,21754.31698914254,21754.31698914254,21372.662305122496,21420.369140625,14453100
2024-11-18,21372.662305122496,21658.903318137527,21181.834963112473,21420.369140625,12110400
2024-11-19,21515.782614571708,21515.782614571708,21181.834769112724,21372.662109375,6936100
2024-11-20,21277.24635017779,21802.021484375,21229.539519796224,21802.021484375,10247500
2024-11-21,21754.316035829743,22135.970703125,21563.488702182112,22135.970703125,11213000
2024-11-22,22135.971875,22469.919726562497,22088.2650390625,22422.212890625,14405800
2024-11-25,22422.212890625,22517.626562499998,22326.79921875,22422.212890625,7187600
2024-11-26,22422.211136544585,22613.03846536624,22374.50430433917,22469.91796875,6757500
2024-11-27,22422.212890625,22517.626562499998,22279.092382812498,22422.212890625,6388200
2024-11-28,22565.33183262712,22613.038665254237,22326.797669491527,22517.625,8136900
2024-11-29,22422.211334745763,22517.625,22279.09083686441,22517.625,8447400
2024-12-02,22613.03886429704,22613.03886429704,22326.7978660148,22565.33203125,6569300
2024-12-03,22565.33203125,22660.745697344082,22374.50469906184,22565.33203125,8333300
2024-12-04,22374.505859375,22517.626365938166,22326.799023853942,22374.505859375,8179300
2024-12-05,22374.50491913094,23090.107421875,22279.0912520984,23090.107421875,14188900
2024-12-06,23090.107223731884,23137.814056838768,22851.573058197464,23042.400390625,10921300
2024-12-09,22994.693557518116,23185.520889945652,22851.573058197464,23042.400390625,7597400
2024-12-10,22946.986328125,23090.106824974013,22899.279495841995,22946.986328125,7039400
2024-12-11,22946.986724411232,23185.520889945652,22899.279891304348,23042.400390625,10341200
2024-12-12,23090.10761920103,23376.348622744845,23042.400785277063,23137.814453125,18543300
2024-12-13,23185.52168089066,23424.05585456237,22994.694341953287,23233.228515625,11020400
2024-12-16,23185.521484375,23280.935153034978,22994.69414705504,23185.521484375,6356400
2024-12-17,23280.934755940085,23280.934755940085,23042.40058835873,23090.107421875,5387400
2024-12-18,23137.814255391273,23185.521088907542,22994.69375484246,23090.107421875,5786300
2024-12-19,22899.280263157896,22946.987097039473,22660.74609375,22660.74609375,15028500
2024-12-20,22756.15995929622,22851.573627888654,22708.453125,22708.453125,4594100
2024-12-23,22899.278896443517,22946.98572747777,22708.451572306487,22803.865234375,3208600
2024-12-24,22946.98612874349,22946.98612874349,22708.45196940104,22899.279296875,5175500
2024-12-25,22899.279141104296,23758.002108895707,22851.572309560328,23328.640625,18370600
2024-12-26,23376.34901982803,23424.05585456237,23185.52168089066,23233.228515625,5475600
2024-12-27,23376.348053226626,23758.002715320123,23328.64122046494,23471.76171875,15395600
2024-12-30,23614.881411693135,23614.881411693135,23233.226762615268,23280.93359375,10145800
2024-12-31,23233.2277510142,23519.46875,23233.2277510142,23519.46875,9403700
2025-01-02,23519.469524031058,23567.176358765402,23185.52168089066,23233.228515625,7834500
2025-01-03,23233.22748940678,23233.22748940678,22517.625,22517.625,17426900
2025-01-06,22517.625,22756.159163135595,22422.211334745763,22517.625,8132700
2025-01-07,22803.8661964852,22803.8661964852,22469.91836515592,22565.33203125,7615500
2025-01-08,22708.45177126827,23185.52008579071,22565.331276911533,22851.572265625,11947100
2025-01-09,22946.985928529488,22946.985928529488,22660.744939816024,22851.572265625,4709000
2025-01-10,22899.280849358973,22899.280849358973,22326.798828125,22326.798828125,6232100
2025-01-13,22135.97111344538,22708.453125,22088.26427914916,22708.453125,7939900
2025-01-14,22469.91816737288,22660.745497881355,22422.211334745763,22517.625,4180100
2025-01-15,22708.45272943038,22803.86639636076,22565.33222903481,22613.0390625,6720200
2025-01-16,22708.45272943038,22803.86639636076,22565.33222903481,22613.0390625,6720200
2025-01-17,22756.15845126793,23280.93359375,22660.744788998465,23280.93359375,10016400
2025-01-20,23280.93359375,23376.347256019468,23137.8131003458,23280.93359375,5183100
2025-01-21,23280.934755940085,23376.348422972624,23042.40058835873,23090.107421875,8127000
2025-01-22,23328.641589456354,23328.641589456354,23042.40058835873,23090.107421875,7455200
2025-01-23,23233.227554941564,23710.295882558436,23137.81388941819,23471.76171875,21069200
2025-01-24,23662.589646464647,23710.296480429293,23519.469144570707,23614.8828125,10331500
2025-01-27,23614.8828125,23614.8828125,23614.8828125,23614.8828125,0
2025-01-28,23614.8828125,23614.8828125,23614.8828125,23614.8828125,0
2025-01-29,23614.8828125,23614.8828125,23614.8828125,23614.8828125,0
2025-01-30,23614.8828125,23614.8828125,23614.8828125,23614.8828125,0
2025-01-31,23614.8828125,23614.8828125,23614.8828125,23614.8828125,0
2025-02-03,23376.348622744845,23567.175958440723,23137.814453125,23137.814453125,10885100
2025-02-04,23233.2277510142,23567.175583164302,23185.5209178499,23519.46875,12471500
2025-02-05,23710.29628194585,23758.003115511136,23424.055280554152,23567.17578125,9430900
2025-02-06,23758.00313895089,24330.48514229911,23662.58947172619,24044.244140625,37579600
2025-02-07,24282.77852700243,24616.726365291262,24044.244356796116,24569.01953125,26585000
2025-02-10,24569.01953125,25046.08787166262,24282.77852700243,24569.01953125,22152900
2025-02-11,24902.96796573359,24950.67480091699,24569.020119449808,24712.140625,15667000
2025-02-12,24807.553501945527,24807.553501945527,24521.3125,24521.3125,11524500
2025-02-13,24425.899807321774,24807.554491811174,24378.192971760596,24759.84765625,11953600
2025-02-14,24902.968359374998,24998.38203125,24712.141015625,24807.5546875,10239600
2025-02-17,24807.553501945527,24902.9671692607,24521.3125,24521.3125,10972700
2025-02-18,24521.313089337524,24902.967767770795,24473.606254533366,24664.43359375,10757000
2025-02-19,24759.84823994253,24950.675586685826,24616.727729885057,24902.96875,12938100
2025-02-20,24998.38029661017,25380.03495762712,24855.259798728814,25332.328125,21179500
2025-02-21,25380.034758254715,25380.034758254715,25189.20742924528,25284.62109375,8800600
2025-02-24,25189.20742924528,25427.741590507074,25093.793764740563,25284.62109375,11762200
2025-02-25,25380.034357244316,25570.861683238636,25141.50019975142,25189.20703125,14496400
2025-02-26,25189.206630228135,25332.327122445342,25093.79296875,25093.79296875,9946900
2025-02-27,25189.20642857143,25189.20642857143,24807.551785714288,25046.0859375,12505900
2025-02-28,25046.089260057473,25093.796096743295,24855.261913314178,24902.96875,12220900
2025-03-03,24950.675586685826,25093.796096743295,24855.261913314178,24902.96875,9359400
2025-03-04,24902.966505681816,26286.464644886364,24807.55284090909,26238.7578125,40196300
2025-03-05,26238.758978651556,26334.172647664836,26047.931640625,26047.931640625,13269400
2025-03-06,26191.05176838899,26429.5859375,26095.638100744585,26429.5859375,12570100
2025-03-07,26429.58613457207,26620.413471283784,26191.051963682432,26477.29296875,14922200
2025-03-10,26477.293165467625,27002.06834532374,26429.58633093525,26525.0,13907700
2025-03-11,26238.757847377234,26715.826171875,26191.051014927456,26715.826171875,15313400
2025-03-12,26811.2392350202,26954.359729157317,26524.998246745963,26572.705078125,10861400
2025-03-13,26524.999985691393,26524.999985691393,26000.22480611836,26047.931640625,18991700
2025-03-14,25857.104302598444,26143.34530963828,25857.104302598444,26047.931640625,10662000
2025-03-17,26095.63711720173,26191.05078125,25904.80978910519,26191.05078125,11002100
2025-03-18,26238.757413321167,26334.171076642335,26047.930086678833,26143.34375,7945400
2025-03-19,26047.931443520643,26095.638277666283,25904.810941083717,26000.224609375,12083700
2025-03-20,26238.757613274138,26286.464445298272,25857.102957081057,26191.05078125,14430700
2025-03-21,26095.63671875,26286.464043932814,26047.929887454295,26095.63671875,7447300
2025-03-24,26095.637350027904,26906.653501674107,25952.51685267857,26715.826171875,21083700
2025-03-25,26811.239436323925,26906.653099798386,26572.705277637768,26620.412109375,8130100
2025-03-26,26620.41250697545,27192.89449637277,26524.998842075893,26715.826171875,24089300
2025-03-27,26715.827139639638,26858.94764217342,26477.29296875,26477.29296875,7518900
2025-03-28,26477.292174739112,26524.99900748639,26191.051178255446,26286.46484375,12353600
2025-03-31,26143.34414772727,26238.7578125,25952.51681818182,26238.7578125,12983300
2025-04-01,26238.757651777727,26715.82597271914,26143.343987589444,26668.119140625,9054500
2025-04-02,26715.82577284946,26858.946268061154,26572.705277637768,26620.412109375,6668600
2025-04-03,25713.984367473506,25952.518545279385,24759.84765625,24759.84765625,58893200
2025-04-04,23042.400656614787,24569.019333657587,23042.400656614787,24521.3125,56795800
2025-04-08,23853.41572612213,23853.41572612213,22851.572265625,22851.572265625,33465800
2025-04-09,21277.247351694914,23758.002648305086,21277.247351694914,22517.625,40792200
2025-04-10,24091.951171875,24091.951171875,24091.951171875,24091.951171875,1241800
2025-04-11,25284.621490249057,25380.03515625,24425.8984962406,25380.03515625,47940500
2025-04-14,25380.03495762712,25475.448622881355,24902.966631355932,25332.328125,19905300
2025-04-15,24855.261523437497,25141.502539062498,24616.727343749997,24807.5546875,21183400
2025-04-16,24950.67440346415,25236.915410004844,24569.01972807655,24616.7265625,18147100
2025-04-17,24425.899999999998,24807.5546875,24378.193164062497,24807.5546875,14259300
2025-04-18,25284.623046875,25284.623046875,24807.5546875,24807.5546875,16887000
2025-04-21,24807.553701456312,25093.794705703884,24425.899029126213,24569.01953125,12192200
2025-04-22,24091.950775813864,24473.605441569332,22851.5731121086,23996.537109375,29523500
2025-04-23,24569.020893199235,25093.796096743295,23996.53885296935,24902.96875,18232600
2025-04-24,24807.553701456312,24902.967369538834,24521.312697208738,24569.01953125,8915900
2025-04-25,24759.84765625,24855.26132737235,24235.07246507707,24759.84765625,19491800
2025-04-28,24807.5546875,24902.968359374998,24616.727343749997,24807.5546875,11163200
2025-04-29,24807.55198431559,25380.03395318441,24807.55198431559,25093.79296875,18134300
2025-04-30,25093.79296875,25093.79296875,25093.79296875,25093.79296875,0
2025-05-01,25093.79296875,25093.79296875,25093.79296875,25093.79296875,0
2025-05-02,25093.79296875,25093.79296875,25093.79296875,25093.79296875,0
2025-05-05,25093.79296875,25093.79296875,25093.79296875,25093.79296875,0
2025-05-06,25427.741590507074,25427.741590507074,24950.67326798349,25284.62109375,9048300
2025-05-07,25284.62246857542,25952.518156424583,25189.208798882682,25618.5703125,24407100
2025-05-08,25618.56895616319,25857.1031177662,25380.034794560182,25761.689453125,13694100
2025-05-09,25761.68909671533,26191.050581660584,25618.568601733576,26143.34375,18382100
2025-05-12,26143.34375,26143.34375,26143.34375,26143.34375,0
2025-05-13,26381.879906063987,28099.32597589817,26334.173070790814,28051.619140625,46701100
2025-05-14,28147.032811171342,28337.860152264027,27813.08496425914,28051.619140625,13206500
2025-05-15,28003.91019878036,29101.16732752303,27956.203367095895,28480.978515625,19728500
2025-05-16,28528.685546875,28814.926538984113,28194.7377227477,28528.685546875,17783500
2025-05-19,27860.7921875,28576.3947265625,27765.378515624998,28147.033203125,20464800
2025-05-20,27860.7921875,28576.3947265625,27765.378515624998,28147.033203125,20464800
2025-05-21,28147.031155341276,29673.64979427504,28147.031155341276,29530.529296875,38192300
2025-05-22,29578.23592991505,29959.890587075242,29291.994937044903,29482.822265625,19486900
2025-05-23,29244.288466956965,29769.063627049178,28910.340637807374,29101.16796875,28001500
2025-05-26,28767.221488236202,28958.048828125,28147.03263359761,28958.048828125,20226200
2025-05-27,28767.221488236202,28958.048828125,28147.03263359761,28958.048828125,20226200
2025-05-28,29196.58203125,29816.77086524714,28958.047864328022,29196.58203125,23572600
2025-05-29,29291.995299692622,29387.408965163933,28862.63380507172,29101.16796875,18570300
2025-05-30,29101.167214133522,29387.408203125,28910.339888139202,29387.408203125,14712100
2025-06-02,29005.753747974068,29530.52889801965,28814.926420684766,29435.115234375,13955600
2025-06-03,29005.753747974068,29530.52889801965,28814.926420684766,29435.115234375,13955600
2025-06-04,29482.823081487342,30436.95975079114,29482.823081487342,30150.71875,23860200
2025-06-05,30246.13141696571,30246.13141696571,29769.063098086124,29912.18359375,15682100
2025-06-06,29912.18455775221,30150.71872487942,29625.94355719956,29673.650390625,15787800
2025-06-09,28910.339594275207,29053.460087316176,28385.564453125,28385.564453125,20750500
2025-06-10,28910.339594275207,29053.460087316176,28385.564453125,28385.564453125,20750500
2025-06-11,28576.392974599625,29101.168137739183,28480.979308574253,28671.806640625,15103700
2025-06-12,28958.047838584924,28958.047838584924,28576.393171849046,28719.513671875,6090700
2025-06-13,28958.047307274835,29721.35662674172,28862.633642341476,29530.529296875,24550800
2025-06-16,29578.235656927245,30866.320112954723,29530.528825222525,30818.61328125,23148300
2025-06-17,29578.235656927245,30866.320112954723,29530.528825222525,30818.61328125,23148300
2025-06-18,31057.147840711805,31104.854673032405,30580.079517505786,30914.02734375,17962300
2025-06-19,30914.02891577744,31820.45877596227,30723.201576791158,31295.68359375,17756300
2025-06-20,31295.682490808824,32440.646484375,31295.682490808824,32440.646484375,23284100
2025-06-23,32058.991031804737,32440.645686945267,31868.16370423447,32249.818359375,18895500
2025-06-24,32058.991031804737,32440.645686945267,31868.16370423447,32249.818359375,18895500
2025-06-25,32488.35331744026,33156.24898035386,32154.405485983458,32440.646484375,25166100
2025-06-26,32583.766182622967,32679.1798464081,32249.818359375,32249.818359375,13115100
2025-06-27,32440.648632525696,32870.01015854442,32249.82128762849,32488.35546875,12610700
2025-06-30,32536.060940926538,33108.542951617324,32440.647272478072,32631.474609375,13910000
2025-07-01,32536.060940926538,33108.542951617324,32440.647272478072,32631.474609375,13910000
2025-07-02,32631.473451126454,32965.42127884266,32488.352953533795,32822.30078125,12545400
2025-07-03,32917.716796875,33490.198828125,32870.009960937496,33394.78515625,16948700
2025-07-04,33537.90507308106,33681.02557837159,33203.95722740315,33251.6640625,22273300
2025-07-07,33585.60977337111,33824.14393369334,33490.196109242206,33681.0234375,12244900
2025-07-08,33585.60977337111,33824.14393369334,33490.196109242206,33681.0234375,12244900
2025-07-09,33681.0234375,33919.55759782224,33490.196109242206,33681.0234375,12974100
2025-07-10,33824.14628290652,33967.26678904011,33108.54375223854,33299.37109375,31885200
2025-07-11,33299.37070088003,33394.78437051005,33060.83652680495,33203.95703125,14459300
2025-07-14,33347.07481971154,33490.1953125,32726.886017628207,33490.1953125,18132100
2025-07-15,33347.07481971154,33490.1953125,32726.886017628207,33490.1953125,18132100
2025-07-16,33537.9048749551,34110.386892735274,33203.95703125,33203.95703125,18005600
2025-07-17,33203.95492021277,33824.14373337766,33013.127593085104,33633.31640625,15009100
2025-07-18,33776.43649982219,33967.26382467994,33490.19551253556,33537.90234375,16136500
2025-07-21,34635.16069067348,34825.98802230254,33728.73086543547,33824.14453125,23119500
2025-07-22,34635.16069067348,34825.98802230254,33728.73086543547,33824.14453125,23119500
2025-07-23,33537.90313936528,33824.14413344236,33299.36897763437,33728.73046875,26975100
2025-07-24,33776.43984375,33824.146679687496,33299.371484375,33394.78515625,27862300
2025-07-25,33442.48828125,33967.26341833096,33347.07461996255,33442.48828125,19279700
2025-07-28,33633.317788799155,34205.79979371489,33585.61095505618,33967.265625,30577800
2025-07-29,33633.317788799155,34205.79979371489,33585.61095505618,33967.265625,30577800
2025-07-30,34110.38522365874,34110.38522365874,32345.232421875,32345.232421875,45002200
2025-07-31,32583.76701200181,33013.12850996377,32154.405514039852,32917.71484375,30546900
2025-08-01,33013.12848115809,33394.78314568015,32249.81915211397,32440.646484375,26760600
2025-08-04,32536.05966009547,33728.73046875,32440.64599540311,33728.73046875,23096800
2025-08-05,32536.05966009547,33728.73046875,32440.64599540311,33728.73046875,23096800
2025-08-06,34158.09075168919,36066.36397804054,34158.09075168919,35303.0546875,92362100
2025-08-07,36257.19608965969,37211.33282886126,35493.88669829843,36448.0234375,30371700
2025-08-08,36734.261322021484,37115.91598510742,36066.365661621094,36638.84765625,30075200
2025-08-11,36209.483567880794,36686.55186258278,35875.5357615894,36018.65625,24602200
2025-08-12,36209.483567880794,36686.55186258278,35875.5357615894,36018.65625,24602200
2025-08-13,36066.36679376658,36257.19413129974,35493.88478116711,35970.953125,22622400
2025-08-14,36066.366,36257.19333333333,35207.643,35780.125,27538600
2025-08-15,36018.65882873535,37402.156982421875,36018.65882873535,36638.84765625,38004200
2025-08-18,36448.018527667984,36877.38000247036,35923.243391798416,36209.484375,21688500
2025-08-19,36448.018527667984,36877.38000247036,35923.243391798416,36209.484375,21688500
2025-08-20,36495.72644292092,37640.690409757655,36352.60594706633,37402.15625,37483600
2025-08-21,38594.82832272376,39024.18982445988,37115.91648341049,38642.53515625,52927800
2025-08-22,39405.84473713899,40550.80874887184,39119.603734205775,39644.37890625,37569600
2025-08-25,37736.10537512483,37831.51904231858,35589.297863265645,35827.83203125,39313700
2025-08-26,37736.10537512483,37831.51904231858,35589.297863265645,35827.83203125,39313700
2025-08-27,36257.19663278272,37592.98808767471,35255.35304161372,37545.28125,29545200
2025-08-28,37688.40019255456,38833.36424903723,37115.918164313225,37163.625,25051600
2025-08-29,37783.8125,37783.8125,37020.50315656566,37783.8125,18621100
2025-09-01,37783.8125,37783.8125,37783.8125,37783.8125,0
2025-09-02,37783.8125,37783.8125,37783.8125,37783.8125,0
2025-09-03,38213.17400568182,38260.88083964647,37640.691998106064,37783.8125,13486800
2025-09-04,38213.17400568182,38260.88083964647,37640.691998106064,37783.8125,13486800
2025-09-05,37783.8125,38117.76033775253,37592.98516414141,37783.8125,16817900
2025-09-08,37688.400390625,37783.8140625,36257.1953125,36257.1953125,31844700
2025-09-09,37688.400390625,37783.8140625,36257.1953125,36257.1953125,31844700
2025-09-10,36781.968552150975,36877.382218952924,36114.07288453734,36734.26171875,27379900
2025-09-11,37449.86227964744,37974.6374198718,36829.6734775641,37211.328125,25909000
2025-09-12,37115.91325500646,37211.326913759694,35970.949349967705,36925.0859375,20441400
2025-09-15,36781.96664663462,37211.328125,36781.96664663462,37211.328125,16479300
2025-09-16,36781.96664663462,37211.328125,36781.96664663462,37211.328125,16479300
2025-09-17,37831.52227604829,38260.88381512071,37449.86757465057,37545.28125,30137900
2025-09-18,37545.274719395995,37640.68837814923,36734.25861999354,36925.0859375,15622100
2025-09-19,36925.08634020619,37020.5,36448.01804123711,37020.5,13628900
2025-09-22,36543.43433333333,36638.848,35589.297666666665,35780.125,21457800
2025-09-23,36543.43433333333,36638.848,35589.297666666665,35780.125,21457800
2025-09-24,35827.83183333333,36257.19333333333,35780.125,35780.125,8090400
2025-09-25,35780.12242268041,37020.5,35446.17461340206,37020.5,14155200
2025-09-26,37020.50040167095,37163.62089291452,36781.96624959833,37115.9140625,11877200
2025-09-29,36829.67637096775,37020.503709677425,36638.84903225807,36972.796875,10121500
2025-09-30,37805.29526209678,38001.17762096774,37609.412903225806,37952.20703125,10121500
2025-10-01,37266.616723084546,37266.616723084546,36727.94026585205,37070.734375,11108100
2025-10-02,37070.73597093872,37805.29480787938,37021.76538180934,37756.32421875,13225600
2025-10-03,38050.1484375,38392.94256756757,37609.41312741313,38050.1484375,16259200
2025-10-06,38148.088916759196,38588.82421875,37707.3536147684,38588.82421875,23149900
2025-10-07,38148.088916759196,38588.82421875,37707.3536147684,38588.82421875,23149900
2025-10-08,39176.4703525641,39176.4703525641,38148.088005809295,38197.05859375,11813100
2025-10-09,38441.91059646211,38588.82235670337,37658.38120850874,37805.29296875,20604100
2025-10-10,37805.29571164955,38295.001614650195,37756.32512134949,38148.08984375,18770600
2025-10-13,38490.88344620157,40645.589389754845,38441.91285657536,40449.70703125,43313300
2025-10-14,38490.88344620157,40645.589389754845,38441.91285657536,40449.70703125,43313300
2025-10-15,40890.44117647059,41135.294117647056,39715.147058823524,39960.0,25929200
2025-10-16,40155.882352941175,40498.67647058823,39715.147058823524,39960.0,13321200
2025-10-17,40351.76378787879,40400.734375,39959.99909090909,40400.734375,20239100
2025-10-20,39813.08724818362,39813.08724818362,37070.734375,37070.734375,30048800
2025-10-21,39813.08724818362,39813.08724818362,37070.734375,37070.734375,30048800
2025-10-22,37315.59079307769,37658.38493422145,35748.5318621348,36874.85546875,28577600
2025-10-23,37315.589617598685,37364.56020764803,35650.589555921055,37217.6484375,15701400
2025-10-24,37266.61929005873,37266.61929005873,36042.354530201344,36483.08984375,15619200
2025-10-27,35552.64753477176,35748.52989033524,34328.3828125,34328.3828125,15906600
2025-10-28,35552.64753477176,35748.52989033524,34328.3828125,34328.3828125,15906600
2025-10-29,34328.38302408854,35650.58893229167,33300.00065104167,35258.82421875,26134800
2025-10-30,35160.88393930288,36140.29574819712,34916.03098707933,35650.58984375,13116300
2025-10-31,35748.529411764706,35846.470588235294,34867.05882352941,34965.0,10507900
2025-11-03,34377.35198102678,34769.11667596726,32908.234375,32908.234375,16737200
2025-11-04,32908.2375,34475.296428571426,32761.32572544643,34279.4140625,16062100
2025-11-05,32908.2375,34475.296428571426,32761.32572544643,34279.4140625,16062100
2025-11-06,33446.91083054315,33789.70493861607,32810.29320126488,32908.234375,13684100
2025-11-07,32908.234943181815,33251.0290571733,32320.587890625,32320.587890625,16083600
2025-11-10,32614.412337434507,32908.23587200599,32271.61821376778,32712.353515625,8793300
2025-11-11,32761.324671480314,33300.00116084696,32663.38349159547,32957.20703125,11239700
2025-11-12,33006.178683035716,34279.4140625,32908.2375,34279.4140625,12025800
2025-11-13,33936.616286057695,34769.11625267094,33887.64569978633,34377.3515625,12530800
2025-11-14,34083.5280448718,34622.204493856836,33985.58687232906,34377.3515625,5603100
2025-11-17,34377.35362953414,34524.26539718172,33985.58891580725,34426.32421875,9499500
2025-11-18,34475.29526166902,34622.20703125,34230.4423123674,34622.20703125,8594800
2025-11-19,34671.17834051724,34671.17834051724,34034.56065912356,34083.53125,6830700
2025-11-20,34132.501388638004,34279.41315932081,33887.6484375,33887.6484375,6941100
2025-11-21,33789.70449361314,33789.70449361314,32810.29276916059,33544.8515625,8560200
2025-11-24,33593.825386597935,33691.766568483064,33202.06065905744,33251.03125,8275900
2025-11-25,33300.000700672645,33300.000700672645,32761.32421875,32761.32421875,9145600
2025-11-26,32908.23689069424,33202.060434361156,32810.29570947194,33153.08984375,7859900
2025-11-27,33251.03079861111,33495.88375,33006.17784722222,33055.1484375,8857300
2025-11-28,33055.1484375,33202.06020833333,32614.413125,33055.1484375,8390800
2025-12-01,33006.1765872082,33006.1765872082,32516.470703125,32516.470703125,7034700
2025-12-02,32516.471034356724,33593.823990314326,32467.50044544956,33495.8828125,14025300
2025-12-03,33544.854970675144,34279.413838646135,33544.854970675144,34181.47265625,16220500
2025-12-04,33544.854970675144,34279.413838646135,33544.854970675144,34181.47265625,16220500
2025-12-05,34769.119292597265,34769.119292597265,33985.58984375,33985.58984375,7316700
2025-12-08,33936.61811266447,34083.52987938596,33446.91222359284,33495.8828125,6283600
2025-12-09,33495.88188794379,33495.88188794379,32810.29366216716,33104.1171875,10774500
2025-12-10,33055.146368462534,33446.91106616284,33006.17578125,33006.17578125,5381400
2025-12-11,33055.14763929173,33300.000584767964,32712.353515625,32712.353515625,6610500
2025-12-12,32761.32485046387,32908.236621093754,31341.177734375,31341.177734375,19124300
2025-12-15,31341.177734375,31635.001275634768,30851.47183227539,31341.177734375,10487300
2025-12-16,31341.176136363636,32418.529066051135,29872.058504971592,32320.587890625,14017600
2025-12-17,32320.58893309049,32467.500700968176,31879.85362945744,31928.82421875,6749600
2025-12-18,32320.58893309049,32467.500700968176,31879.85362945744,31928.82421875,6749600
2025-12-19,32516.469680059523,32957.20496186756,32418.528506324405,32908.234375,9184900
2025-12-22,33153.08713045987,34475.29296875,33055.1459572532,34475.29296875,16562200
2025-12-23,34573.237158764365,34622.2077496408,34034.56065912356,34083.53125,12785000
2025-12-24,33985.5884634299,34475.2943490701,33593.82375491774,34230.44140625,10571000
2025-12-25,33985.5884634299,34475.2943490701,33593.82375491774,34230.44140625,10571000
2025-12-26,32810.293890578905,33642.793884817474,32369.55859951143,33202.05859375,12160300
2025-12-29,33251.031473705945,33740.73738642621,33104.11969988987,33348.97265625,6596700
2025-12-30,33495.88120906114,33691.76355531296,33055.14592999454,33642.79296875,7265300
2025-12-31,34083.53147385387,34181.47265625,33544.854970675144,34181.47265625,9454000
2026-01-01,34181.47265625,34181.47265625,34181.47265625,34181.47265625,0
2026-01-02,34181.47265625,34181.47265625,34181.47265625,34181.47265625,0
2026-01-05,33936.61787486588,34230.44140625,33104.11786927754,34230.44140625,8187500
2026-01-06,34230.44184570313,35258.82421875,33495.8830078125,35258.82421875,25180300
2026-01-07,35503.67807241587,35748.53102463942,35209.854529747594,35650.58984375,13319400
2026-01-08,35748.530110677086,35895.44187825521,34769.11832682292,35258.82421875,21044200
2026-01-09,36287.206114640176,36385.147291737725,35454.70610931105,35895.44140625,28290500
2026-01-12,35944.413096217104,37217.6484375,35699.5601459704,37217.6484375,23390400
2026-01-13,37315.590110441764,37413.531291834006,36385.14888721553,36581.03125,20065400
2026-01-14,36434.119520547945,36532.0607020548,35258.82534246575,35748.53125,24159300
2026-01-15,35258.82329705056,35846.4703520014,34573.23506627458,34867.05859375,27274000
2026-01-16,34916.02964058136,35601.617880368365,34867.05905202514,35062.94140625,9580800
2026-01-19,35160.88371642562,35699.56020790289,35062.942536157025,35552.6484375,9996300
2026-01-20,35601.62020275556,35846.47316150904,34916.031918245826,35209.85546875,15678200
2026-01-21,35062.94140625,35160.88258336243,34279.411989350556,35062.94140625,11159500
2026-01-22,35111.91245117188,35503.67716471355,34916.030094401045,35258.82421875,8784900
2026-01-23,35454.70770547945,36140.295976027395,35209.85475171233,35748.53125,20704300
2026-01-26,35944.41365708275,35944.41365708275,34916.03125,34916.03125,9416700
2026-01-27,34769.11788045422,35062.94141183834,34034.55905199392,34230.44140625,12126400
2026-01-28,34279.412930253624,34573.2364696558,33642.79526154891,33789.70703125,11482000
2026-01-29,33936.619700259675,34279.413838646135,33446.91378827902,34181.47265625,8593000
2026-01-30,34132.50044611769,35160.8828125,34083.52985724234,35160.8828125,11603200
2026-02-02,34573.23761160714,35013.972935267855,34034.56110491072,34279.4140625,9657500
2026-02-03,34867.06047370317,34867.06047370317,33985.58984375,33985.58984375,14012600
2026-02-04,33985.5875429631,34181.46989191389,33642.7934322992,33838.67578125,11708700
2026-02-05,34230.44117647059,34377.35294117647,34034.55882352941,34132.5,10700200
2026-02-06,33789.7072570448,33887.6484375,33397.94253522399,33887.6484375,12492400
2026-02-09,34279.411533273385,34279.411533273385,33789.70565422662,34034.55859375,7754700
2026-02-10,34083.53079841041,34279.41315932081,33740.736666817196,33887.6484375,9951100
2026-02-11,33985.587331798866,34622.20496193343,33887.64615793201,34573.234375,11045000
2026-02-12,34671.17784732017,35013.971978578986,34475.295486600844,34720.1484375,7542700
2026-02-13,34475.295486600844,34769.11902767983,34475.295486600844,34720.1484375,6059700
2026-02-16,34720.1484375,34720.1484375,34720.1484375,34720.1484375,0
2026-02-17,34720.1484375,34720.1484375,34720.1484375,34720.1484375,0
2026-02-18,34720.1484375,34720.1484375,34720.1484375,34720.1484375,0
2026-02-19,34720.1484375,34720.1484375,34720.1484375,34720.1484375,0
2026-02-20,34720.1484375,34720.1484375,34720.1484375,34720.1484375,0
2026-02-23,34769.119922419806,35160.884653940026,34720.14933097977,35111.9140625,9141000
2026-02-24,35111.911994806214,35160.88258336243,35013.970817693786,35062.94140625,10872100
2026-02-25,35062.94186197917,35699.55952148438,34965.00068359375,35258.82421875,12384800
2026-02-26,35356.76447830933,35699.55859375,35258.823302469136,35699.55859375,9305800
2026-02-27,35307.79343211207,35650.58754310345,35111.91108297414,35503.67578125,7958700
2026-03-02,35062.94070165945,35062.94070165945,33936.6171875,33936.6171875,17516400
2026-03-03,35062.94070165945,35062.94070165945,33936.6171875,33936.6171875,17516400
2026-03-04,32810.29459134615,33006.17694711538,31145.29456730769,31830.8828125,30866600
2026-03-05,32320.5879998059,32418.529175562886,31537.05859375,31537.05859375,15754300
2026-03-06,31439.11764705882,31439.11764705882,30704.55882352941,30802.5,14743000
2026-03-09,28647.794921875,29186.47140758547,28647.794921875,28647.794921875,33386400
2026-03-10,30165.88363758251,30165.88363758251,29137.50124084674,29676.177734375,18772700
2026-03-11,29431.324639519695,30704.559981661976,29333.383459354904,30459.70703125,12998900
2026-03-12,29921.029996744794,30361.765299479168,29284.412337239584,29382.353515625,18068400
2026-03-13,29382.353515625,29676.17705078125,29039.55939127604,29382.353515625,9833600
2026-03-16,29382.353968336094,29823.089277861134,29382.353968336094,29578.236328125,8138100
2026-03-17,29627.20714405425,30263.82481822401,29480.295373091994,29676.177734375,13156600
2026-03-18,29872.060095658002,30165.88363758251,29529.265963412745,29676.177734375,6834600
2026-03-19,29529.26539751456,29676.177165661396,29284.412450603162,29431.32421875,16386600
2026-03-20,29382.35317211055,29480.29434935092,29235.44140625,29235.44140625,7919000
2026-03-23,28892.647058823528,28941.61764705882,28305.0,28305.0,15397100
2026-03-24,28696.764931427973,29235.44140625,28549.85316556742,29235.44140625,9251700
2026-03-25,29676.17692268669,30263.823990462664,29431.323977780034,30165.8828125,10014500
2026-03-26,30067.942112354893,30067.942112354893,29529.265625,29529.265625,7432100
2026-03-27,29529.26481889784,30067.941291547715,29431.323642052404,30018.970703125,7624800
2026-03-30,29431.323303022542,29872.05859375,29137.4997758709,29872.05859375,6340300
2026-03-31,29872.059051811888,30116.91199485953,29774.117874592834,30067.94140625,8861500
2026-04-01,30704.559291294645,30704.559291294645,30165.8828125,30165.8828125,8787500
2026-04-02,29872.060209019768,29921.030799526357,29480.29548496705,29725.1484375,7864700
2026-04-03,29774.11764705882,29872.05882352941,29137.5,29137.5,8900100
2026-04-06,29088.52976414587,29088.52976414587,28402.941520546472,28451.912109375,12541800
2026-04-07,28647.793649281357,28696.764236716026,27766.323075457316,28109.1171875,15385300
2026-04-08,29137.500222668976,30067.94140625,28892.647279621335,30067.94140625,18128900
2026-04-09,30312.794808100727,30949.412469660194,29970.00068264563,30263.82421875,20809500
2026-04-10,30410.735183502908,31977.794001332364,30410.735183502908,31586.029296875,30690500
2026-04-13,30851.47160927704,31488.08927740498,30851.47160927704,31243.236328125,10921700
2026-04-14,31732.942570202806,31879.85434136115,31194.266075955537,31390.1484375,9838400
2026-04-15,31732.94211145997,31879.853880494506,31194.265625,31194.265625,12297700
2026-04-16,31194.265738269005,31439.118687548984,31145.29514841301,31243.236328125,8572900
2026-04-17,31488.08812076066,31781.911649103684,31341.17635658915,31586.029296875,12197000
2026-04-20,31732.941861579755,32222.647754505368,31683.971272287195,31928.82421875,12615300
2026-04-21,31977.79503535933,32173.67739392202,31830.88326643731,32026.765625,10355500
2026-04-22,32418.529066051135,32810.293767755684,32222.64671519886,32320.587890625,15089100
2026-04-23,32320.588576858107,33006.17681939752,32222.647399352478,32614.412109375,12864900
2026-04-24,32712.35159671533,33593.822148722626,32614.410424270074,33544.8515625,24933500
2026-04-27,33544.8515625,33544.8515625,33544.8515625,33544.8515625,0
2026-04-28,34279.41315932081,34279.41315932081,33789.7072570448,33887.6484375,16775400
2026-04-29,33789.70752169498,33887.648702917286,32810.29570947194,33153.08984375,16456400
2026-04-30,33153.08984375,33153.08984375,33153.08984375,33153.08984375,0
2026-05-01,33153.08984375,33153.08984375,33153.08984375,33153.08984375,0
2026-05-04,33104.118573025335,33251.03034184054,32614.412676974665,32859.265625,11611400
2026-05-05,32761.323875633447,32761.323875633447,32026.765044341217,32614.412109375,10590600
2026-05-06,32761.323302682522,33202.05859375,32516.47036320059,33202.05859375,7863100
2026-05-07,33348.96989173776,33495.88165337537,33006.17578125,33006.17578125,9746800
2026-05-08,32957.20748130539,33251.031024972304,32859.26630008309,33153.08984375,10525100
2026-05-11,33251.02895016642,33251.02895016642,33055.14659994453,33104.1171875,10445400
2026-05-12,33104.1171875,33153.08777505547,32957.20542483358,33104.1171875,9674900
2026-05-13,33202.057896205355,33202.057896205355,32859.26378813244,32908.234375,11500800
2026-05-14,32908.23529411764,33300.0,32908.23529411764,33300.0,10236700
2026-05-15,33642.79620388216,34083.5315253304,33251.031473705945,33348.97265625,22577300
2026-05-18,33300.0,33495.882352941175,33055.14705882353,33300.0,12191600
2026-05-19,33500.0,33600.0,32600.0,32600.0,15755800
2026-05-20,32200.0,32450.0,31050.0,32450.0,19950800
2026-05-21,32500.0,32600.0,32200.0,32250.0,9017000
2026-05-22,32400.0,32400.0,31650.0,32200.0,7157000
2026-05-25,32050.0,32800.0,32050.0,32550.0,6800800
2026-05-26,32500.0,33000.0,32450.0,32900.0,5439700
2026-05-27,33100.0,33700.0,32900.0,33650.0,16305800
2026-05-28,33600.0,33600.0,32600.0,32600.0,8065900
2026-05-29,32650.0,33050.0,32650.0,32750.0,6878700
2026-06-01,32850.0,32950.0,32350.0,32350.0,5957400
