Date,Open,High,Low,Close,Volume
2017-04-21,34944.045628834356,34944.045628834356,31031.391871165644,32987.71875,4820970
2017-04-24,32987.71567503874,33392.47292258523,32380.579803719007,32650.41796875,1757390
2017-04-25,32448.038859184664,32650.41747992802,30390.522881627217,30457.982421875,2533550
2017-04-26,29075.06468785431,30019.498343608277,29075.06468785431,29749.66015625,1743790
2017-04-27,29749.656058517157,30963.927734375,29749.656058517157,30963.927734375,825430
2017-04-28,30963.927734375,30963.927734375,30963.927734375,30963.927734375,0
2017-05-03,31469.874446440506,31571.063753342245,31031.38744986631,31537.333984375,521490
2017-05-04,31537.332781661185,32043.279296875,31503.603013980264,32043.279296875,2947740
2017-05-05,31773.441406249996,32043.279549827494,31705.981870355623,31773.44140625,1274310
2017-05-08,31705.981620065788,32043.279296875,31436.14347861842,32043.279296875,1414880
2017-05-09,32043.28066697761,32043.28066697761,31638.5234375,31638.5234375,864620
2017-05-10,31638.52233446125,31975.82001393312,31638.52233446125,31773.44140625,2706150
2017-05-11,31773.44285300926,33527.390866126545,31773.44285300926,32785.3359375,3351200
2017-05-12,32785.3359375,32987.714554398146,32650.4168595679,32785.3359375,1272460
2017-05-15,32549.22893672998,33190.09458418891,32380.580082135526,32852.796875,2429190
2017-05-16,33122.633446978965,35078.960066046966,32852.79529262475,34471.82421875,3627190
2017-05-17,34404.36328125,35078.95863970588,34067.06560202206,34404.36328125,1642560
2017-05-18,34269.44487028302,35753.5546875,34269.44487028302,35753.5546875,3077950
2017-05-19,36293.235670194,38249.5625,35955.93794091711,38249.5625,4369030
2017-05-22,40340.80415893152,40880.48046875,39801.127849113036,40880.48046875,3062670
2017-05-23,41150.31862365924,43511.4024791151,40880.48046875,40880.48046875,2839240
2017-05-24,40880.48556673729,40947.94511387712,38789.239605402545,39801.1328125,1789900
2017-05-25,39801.1328125,40543.187831038136,39531.29462394068,39801.1328125,684100
2017-05-26,39261.44781357573,39733.664539855854,38856.690619621346,39193.98828125,1237030
2017-05-29,39126.52948211315,40813.0178218594,39126.52948211315,40543.1796875,967250
2017-05-30,40543.18059042008,41892.371292264346,40543.18059042008,41150.31640625,1067000
2017-05-31,41487.61690027573,41622.53597962622,40745.561963848035,41285.23828125,714650
2017-06-01,41285.23828125,41689.99551930147,41285.23828125,41285.23828125,522880
2017-06-02,40947.93912269682,41285.23680904523,40273.34375,40273.34375,1244790
2017-06-05,40273.34763707038,41689.998056464814,39936.049918166944,41217.78125,665100
2017-06-06,41217.7751460874,41487.61328125,41015.39654471545,41487.61328125,554760
2017-06-07,41420.159881342064,41689.998056464814,41150.321706219314,41217.78125,626820
2017-06-08,41217.78125,41352.70033756138,41015.40261865794,41217.78125,325680
2017-06-09,41150.323045626996,42769.3521490615,41150.323045626996,42229.67578125,1104760
2017-06-12,42229.673549107145,43511.40485491072,42027.294921875,42499.51171875,830860
2017-06-13,42634.430803571435,42971.728515625,42297.13309151786,42499.51171875,422580
2017-06-14,42364.59263392857,42499.51171875,41757.456752232145,42499.51171875,848170
2017-06-15,42162.21511743631,42701.89147093949,41892.37694068471,42364.59375,546160
2017-06-16,42094.75390625,42499.511155348555,42027.29436473357,42094.75390625,369590
2017-06-19,42027.29437695925,43039.1875,42027.29437695925,43039.1875,797760
2017-06-20,43174.105504587154,44118.5390625,43106.645964736235,44118.5390625,1506260
2017-06-21,44186.000005838934,45197.893135743645,43443.94504390882,45130.43359375,980190
2017-06-22,45602.647684352516,47086.75752023381,45535.18814635791,46884.37890625,1121960
2017-06-23,47019.30106026786,48570.87053571429,46951.841517857145,48166.11328125,1825360
2017-06-26,48570.86829735376,49447.8423082782,48031.19198293872,48435.94921875,1137940
2017-06-27,48098.65258221294,48301.03120457849,46412.1640625,46412.1640625,1547410
2017-06-28,46142.32700892857,47019.30106026786,45400.27204241072,46277.24609375,1212630
2017-06-29,46412.162140287764,47356.59567221223,45805.02629833633,46884.37890625,980940
2017-06-30,47154.21788383152,47289.13696218297,46547.08203125,46547.08203125,846590
2017-07-03,46547.084542815675,46951.84179970972,46209.7868287373,46479.625,1235890
2017-07-04,46209.78570439439,46277.24524556869,45332.81166912851,45670.109375,983220
2017-07-05,45602.649573037794,46816.92130723111,45400.27095067224,46412.1640625,493040
2017-07-06,46209.784936179574,48031.19251760563,45872.48723591549,47896.2734375,1697930
2017-07-07,47693.89336218525,47896.27197616906,46816.919368255396,46884.37890625,1345800
2017-07-10,46209.78544013445,46816.92130723111,46007.4068177689,46412.1640625,1149130
2017-07-11,46412.1640625,46412.1640625,45872.48773619186,46412.1640625,669300
2017-07-12,47086.75947038518,47086.75947038518,46412.1640625,46412.1640625,905250
2017-07-13,46412.1640625,46412.1640625,46412.1640625,46412.1640625,0
2017-07-14,47761.35207589286,47896.27114955358,47221.67578125,47221.67578125,766980
2017-07-17,47221.677128820964,47491.5152838428,46277.24358624454,46344.703125,613290
2017-07-18,46074.86774310595,46682.003628447026,46007.40820029027,46479.625,796070
2017-07-19,46412.16323953824,47154.21817505411,46412.16323953824,46749.4609375,998340
2017-07-20,47190.95009541985,47332.45219465649,46200.43540076336,46341.9375,583230
2017-07-21,46341.9375,46695.692748091606,46200.43540076336,46341.9375,615940
2017-07-24,45634.42987351191,46341.94041418651,44573.1640625,44573.1640625,1064220
2017-07-25,43865.649316255774,45988.18073478428,43158.13884341294,45917.4296875,1548220
2017-07-26,46129.68205785604,46129.68205785604,45492.92264294698,45705.17578125,328670
2017-07-27,45351.42382190486,45351.42382190486,44431.66015625,44431.66015625,883020
2017-07-28,44360.90617698598,45422.171875,43936.39989778037,45422.171875,505210
2017-07-31,45280.67277070064,45280.67277070064,44431.66015625,44431.66015625,291180
2017-08-01,44007.15562996032,45068.42144097222,44007.15562996032,44573.1640625,420960
2017-08-02,44431.659859572785,44926.917214695415,43936.40250445016,44714.6640625,347480
2017-08-03,44573.1640625,44714.66617063492,44360.91090029762,44573.1640625,331860
2017-08-04,44431.65956662736,45209.92111954599,44360.908516362026,44997.66796875,515090
2017-08-07,44997.669442365266,47261.703125,44926.918389782935,47261.703125,1648590
2017-08-08,47261.69969907407,48818.22274305556,47261.69969907407,47756.95703125,1347990
2017-08-09,47756.95526215805,48110.71048632219,46341.93436550152,46554.1875,699190
2017-08-10,45988.18149683666,46695.691981403375,45846.67939992331,46129.68359375,283290
2017-08-11,45988.18101986434,46624.94044937016,45422.1726380814,45634.42578125,186140
2017-08-14,45634.425692471596,46837.19350142046,45422.17254971591,46695.69140625,264910
2017-08-15,46907.9453125,46907.9453125,46341.93692260558,46907.9453125,269720
2017-08-16,46907.94741631997,47190.95162395991,46341.93900104009,46766.4453125,578890
2017-08-17,46766.44063449848,46907.94272416413,46554.1875,46554.1875,202030
2017-08-18,46554.19215677005,46978.69846822996,46483.44110486006,46766.4453125,287630
2017-08-21,47403.19999071322,48039.95939357355,47261.69790118871,47615.453125,1445250
2017-08-22,47898.45970178973,47969.210750093705,46907.945025534114,47190.94921875,211800
2017-08-23,46907.945025534114,47261.70026705397,46837.19397723014,47190.94921875,10394000
2017-08-24,47120.20042067308,47969.21304086539,46978.698317307695,47827.7109375,86523000
2017-08-25,47827.708078703705,48393.716458333336,47615.4549363426,47756.95703125,501000
2017-08-28,47756.96033125915,48464.47085468521,47615.45822657394,48322.96875,939860
2017-08-29,48181.45807100184,48605.96430951287,47969.204951746324,48110.70703125,544800
2017-08-30,47898.45652402052,48110.70965485075,47403.19921875,47403.19921875,357560
2017-08-31,47403.20523016467,47898.462598241014,47120.20101983533,47261.703125,403980
2017-09-01,47261.703125,47473.95628274701,46837.196809505986,47261.703125,237100
2017-09-04,47261.703125,47261.703125,47261.703125,47261.703125,0
2017-09-05,47756.95443680037,48039.95861124067,47332.44817513992,47403.19921875,807400
2017-09-06,47403.19921875,47615.45234958022,47049.44400069963,47403.19921875,525730
2017-09-07,47403.20523016467,47615.458387911676,47261.703125,47261.703125,580970
2017-09-08,47261.69817357997,48039.9596704503,47049.445038069876,47332.44921875,743570
2017-09-11,47827.70548041045,47827.70548041045,47332.44817513992,47403.19921875,484390
2017-09-12,47332.45074652778,47756.95703125,47332.45074652778,47756.95703125,647000
2017-09-13,47898.45443845524,48959.72004639738,47756.95235739629,48605.96484375,2785080
2017-09-14,48605.971902412275,48959.727156432746,48393.71875,48393.71875,709380
2017-09-15,48322.96875,48393.7198023426,47898.46243594436,48322.96875,3548190
2017-09-18,48110.70406626506,48110.70406626506,46978.6875,46978.6875,1266740
2017-09-19,46837.19407831672,47120.19827214341,43794.89899467983,46129.68359375,1325010
2017-09-20,46129.680493164065,46129.680493164065,45068.41483764649,45280.66796875,1065660
2017-09-21,44856.16350272586,45988.18024727415,44856.16350272586,45422.171875,479010
2017-09-22,45422.171596845976,45846.67787345201,45422.171596845976,45705.17578125,340680
2017-09-25,45705.17654564715,46058.93178206856,45563.67445107858,45917.4296875,358140
2017-09-26,45988.17813470497,46200.431264557454,45563.671875,45563.671875,648770
2017-09-27,45634.42654079861,45846.6796875,45563.675491898146,45846.6796875,252960
2017-09-28,45846.67737676056,45846.67737676056,45139.1669234155,45209.91796875,442750
2017-09-29,45209.922481675916,45209.922481675916,44431.660905309036,44643.9140625,611130
2017-10-02,44219.403666834674,44643.90994203629,43865.6484375,43865.6484375,331260
2017-10-03,43794.896666061046,44360.90502361918,42096.871593386626,42592.12890625,459660
2017-10-04,42662.87786501449,42945.88202995654,42167.620576365895,42733.62890625,332820
2017-10-05,42733.63019136807,44148.65105863192,42733.63019136807,43441.140625,254450
2017-10-06,43441.14528464344,44077.904743213134,43370.39423369125,43653.3984375,129560
2017-10-09,43511.89376531862,43511.89376531862,42804.38329758987,43299.640625,174990
2017-10-10,43158.1361878034,43724.14453125,42875.1320160801,43724.14453125,213840
2017-10-11,43865.646617111655,43865.646617111655,43653.393488319176,43724.14453125,226180
2017-10-12,43724.14216440887,43724.14216440887,42945.88073429803,43087.3828125,276780
2017-10-13,42875.12969519704,43087.3828125,42733.62761699507,43087.3828125,360640
2017-10-16,42875.12969519704,43299.63592980296,42662.87657789409,43087.3828125,258220
2017-10-17,42875.133795362904,43865.6484375,42875.133795362904,43865.6484375,398400
2017-10-18,43865.65174661625,44785.415412271104,43582.647541799364,44431.66015625,516960
2017-10-19,44431.6588171406,44926.916160643756,44219.405669924956,44785.4140625,416860
2017-10-20,44785.4140625,45280.67140600316,44573.16091528436,44785.4140625,326490
2017-10-23,44431.66045673077,44573.162560096156,43865.652043269234,44148.65625,228920
2017-10-24,43936.40519493569,44502.41363545016,43016.64147909968,44007.15625,298110
2017-10-25,44007.15625,44077.907305064306,42804.38831390675,44007.15625,101350
2017-10-26,44077.901575100805,44077.901575100805,43016.635887096774,43865.6484375,150610
2017-10-27,43865.6538288738,44290.16015625,43653.4006651857,44290.16015625,265120
2017-10-30,44573.158896169356,44714.660987903226,43865.6484375,43865.6484375,475770
2017-10-31,43865.648999183,43865.648999183,43158.13853145425,43299.640625,205440
2017-11-01,43511.8940493935,43511.8940493935,42450.628340871706,43016.63671875,386030
2017-11-02,42521.37824603874,43016.63556338028,40186.59375,40186.59375,708070
2017-11-03,40186.597355769234,41035.60997596154,40115.84630408654,40469.6015625,356150
2017-11-06,40398.84831917199,40540.35041486086,37851.81059677235,38771.57421875,590070
2017-11-07,37922.560825892855,40257.34535435268,37922.560825892855,39620.5859375,417220
2017-11-08,39549.837152625216,40257.34765625,39549.837152625216,40257.34765625,197170
2017-11-09,40257.34958252792,41318.615388745704,39903.59431378866,41177.11328125,399080
2017-11-10,41035.609375,41177.1114762931,40398.84991918103,41035.609375,147190
2017-11-13,40681.85409380641,40681.85409380641,38205.56732287906,39196.08203125,580360
2017-11-14,38913.07110363924,39620.58148734177,38276.31175830696,39125.32421875,462250
2017-11-15,39408.33505190026,40681.853958424865,39337.58400153778,40257.34765625,445550
2017-11-16,40257.34840745192,40681.85471754808,40186.597355769234,40469.6015625,260240
2017-11-17,40328.09668671313,40328.09668671313,39337.58203125,39337.58203125,486410
2017-11-20,39832.83620290723,40752.599738675955,39832.83620290723,40611.09765625,578810
2017-11-21,40894.100839359504,43441.138261880165,40894.100839359504,42804.37890625,1242580
2017-11-22,42804.3837717084,44148.653675282716,42450.62853392569,43794.8984375,536080
2017-11-23,43794.893459452476,43865.64449896694,42733.62786673554,42804.37890625,569880
2017-11-24,42804.3820403343,42875.13308502907,41813.86741460756,42592.12890625,485810
2017-11-27,42450.626280737706,43653.394025358604,42096.87106173156,43158.13671875,599940
2017-11-28,43158.13832414726,43228.889370580284,42309.125766950914,42521.37890625,387960
2017-11-29,42521.37680142598,43936.39766004248,42167.62158677185,43724.14453125,1305540
2017-11-30,43865.6484375,44360.905758568544,43794.897391633065,43865.6484375,714320
2017-12-01,43865.650043136506,46129.68359375,43865.650043136506,46129.68359375,1338940
2017-12-04,46129.67711480363,46978.68957703928,45634.419845166165,46837.1875,750070
2017-12-05,46766.448895676695,48039.96792763158,46341.94255169173,47049.453125,1170480
2017-12-06,46695.69140625,47615.45502485796,45988.18093039773,46695.69140625,710670
2017-12-07,46695.68856754658,47049.443783967385,45209.91665857919,45563.671875,661200
2017-12-08,45775.92881615137,47332.451897998864,44997.66727522762,46624.94140625,533660
2017-12-11,45634.42291828416,46554.18648097826,45563.671875,45563.671875,306410
2017-12-12,45492.923971333854,46271.185501170046,43158.139381825276,45351.421875,778430
2017-12-13,45988.17653992777,45988.17653992777,43794.89427417737,44077.8984375,649540
2017-12-14,44077.90346498843,45917.43073640046,43865.65031828704,45846.6796875,370260
2017-12-15,45846.677596153844,45988.1796875,45351.4202764423,45988.1796875,340040
2017-12-18,45988.18196367603,46907.94560294955,45988.18196367603,46624.94140625,428870
2017-12-19,46341.93356459888,48039.95861124067,46200.431477378734,47403.19921875,1286100
2017-12-20,47756.95814732143,50162.493816964285,47686.20709821429,49525.734375,2730440
2017-12-21,48959.721350430416,50233.24011388092,48959.721350430416,49313.4765625,923560
2017-12-22,49313.47998754529,49313.47998754529,48252.214277626816,48818.22265625,894560
2017-12-25,48959.72559544507,50870.00390625,48676.72140125174,50870.00390625,1751990
2017-12-26,50870.00202783469,52002.018762807376,50870.00202783469,51789.765625,1344510
2017-12-27,52355.773992486334,52568.02713029371,50940.75307377049,51789.765625,1163520
2017-12-28,51648.26298564189,52709.52866342905,51082.25462415541,52355.7734375,1381580
2017-12-29,52355.78239583333,54124.558828124995,51648.271822916664,53063.29296875,1458000
2018-01-01,53063.29296875,53063.29296875,53063.29296875,53063.29296875,0
2018-01-02,53204.79508333333,54124.558828124995,52285.03133854167,53063.29296875,1142760
2018-01-03,53063.28306806848,53629.29142079454,52568.02575943318,53204.78515625,1096830
2018-01-04,53346.290662770356,55610.32421875,53346.290662770356,55610.32421875,1439440
2018-01-05,55398.07078718355,56176.33231803798,54619.80925632912,55893.328125,1368060
2018-01-08,55610.32606026786,59643.13596540179,55610.32606026786,59430.8828125,1164450
2018-01-09,59430.87657942238,60138.38701489169,58369.6109262184,58794.1171875,1278870
2018-01-10,58794.124535845585,60845.90505514706,58723.373483455885,60138.39453125,1428940
2018-01-11,59784.64442938633,62826.939944727885,59218.635961415814,62402.43359375,1057380
2018-01-12,62402.41795523357,64524.949178200695,60845.895058391005,61341.15234375,1928010
2018-01-15,61341.15561982044,64383.450535220996,60845.89830801105,64029.6953125,1470780
2018-01-16,63675.95037774725,65586.22888907966,62897.68876201923,64383.4609375,1556760
2018-01-17,64383.4609375,64383.4609375,64383.4609375,64383.4609375,0
2018-01-18,60138.38745679724,61765.661470334104,58015.85613479263,61411.90625,2552170
2018-01-19,61907.15749115887,65020.203125,61411.9002312296,65020.203125,2791600
2018-01-22,65020.203125,65020.203125,65020.203125,65020.203125,0
2018-01-23,65020.203125,65020.203125,65020.203125,65020.203125,0
2018-01-24,65020.203125,65020.203125,65020.203125,65020.203125,0
2018-01-25,66647.48810083244,67567.2517370435,65656.97341568206,65869.2265625,2924920
2018-01-26,66435.22812500001,66647.48125,63675.9375,65798.46875,1662110
2018-01-29,65798.4734987745,65798.4734987745,64100.44837622549,64949.4609375,1706230
2018-01-30,63675.93488128492,64312.69423009777,61411.90164106146,63322.1796875,1593930
2018-01-31,62260.92443502825,65798.47695974576,60209.143970692094,62614.6796875,1946140
2018-02-01,62826.931786117384,63675.944377821674,62119.42129303048,62685.4296875,723200
2018-02-02,61553.41734588554,62685.43421661447,61128.91101936219,62119.42578125,992010
2018-02-05,61836.41933139535,61836.41933139535,57803.609375,57803.609375,1590460
2018-02-06,53770.80859374999,56600.85115131579,53770.80859374999,53770.80859375,1071710
2018-02-07,56671.591945987166,56742.342997105756,54902.81566802252,56530.08984375,1566120
2018-02-08,55539.57327638619,56034.83061770428,54478.307544990275,54549.05859375,459780
2018-02-09,51648.27237944596,52921.7914244186,50799.259682797536,51719.0234375,770290
2018-02-12,51719.012435815144,55115.0625,51719.012435815144,55115.0625,750900
2018-02-13,55893.33265065537,56105.58581261988,55185.82211077365,55327.32421875,546150
2018-02-14,55327.32421875,55327.32421875,55327.32421875,55327.32421875,0
2018-02-15,55327.32421875,55327.32421875,55327.32421875,55327.32421875,0
2018-02-16,55327.32421875,55327.32421875,55327.32421875,55327.32421875,0
2018-02-19,55327.32421875,55327.32421875,55327.32421875,55327.32421875,0
2018-02-20,55327.32421875,55327.32421875,55327.32421875,55327.32421875,0
2018-02-21,56742.337251019446,57166.84351474278,55681.0715917111,56388.58203125,803170
2018-02-22,55893.32026209677,56530.07960685484,53770.78911290322,54832.0546875,622310
2018-02-23,55468.82750301569,58652.62500000001,55327.325392038605,58652.625,2058340
2018-02-26,60138.392920197744,62756.181788488706,60138.392920197744,62614.6796875,2159560
2018-02-27,63322.18467807878,63322.18467807878,61199.65334808731,62190.16796875,845450
2018-02-28,62190.16796875,62190.16796875,62190.16796875,62190.16796875,0
2018-03-01,62826.93083428899,63534.44131665712,60916.65253189507,61694.9140625,1258110
2018-03-02,60845.903556034486,61553.4140625,60350.64620150862,61553.4140625,849060
2018-03-05,61907.16310356498,62614.673539034295,58794.11718749999,58794.1171875,1014150
2018-03-06,59784.634273960735,61553.410435912236,58723.368576789835,61270.40625,838820
2018-03-07,60916.654411764706,61270.40966386555,58723.3718487395,58935.625,833790
2018-03-08,58935.626640625,60279.896636029414,58369.61822150735,60138.39453125,676110
2018-03-09,60421.39752604167,60845.903831845244,59289.38071056548,59430.8828125,552480
2018-03-12,60350.631532539446,60350.631532539446,58298.8515625,58298.8515625,507620
2018-03-13,58652.61221721625,58935.616377492326,56388.57893500767,57662.09765625,932770
2018-03-14,57803.60680611146,58723.37043950123,57449.8515625,57449.8515625,511470
2018-03-15,57308.34661105117,58015.85706303946,56813.089294659374,57379.09765625,665400
2018-03-16,57449.848381024094,60209.13912838855,57449.848381024094,58723.3671875,2039440
2018-03-19,60138.38875108633,61199.65443492903,59784.633523138764,61058.15234375,1156350
2018-03-20,60845.89190423977,61694.90434941521,60492.13671875,60492.13671875,922890
2018-03-21,60987.40669951093,62048.67247734465,60562.90038837744,61482.6640625,1797680
2018-03-22,62260.92563291139,62826.93404775604,61411.91301064442,61482.6640625,1293360
2018-03-23,60138.39348009695,61128.908196239725,59360.13191741334,60209.14453125,1182670
2018-03-26,60209.13912838855,60845.8985316265,58723.3671875,58723.3671875,1121370
2018-03-27,59077.125095274394,59430.88033536585,56813.091558689026,58015.859375,1269680
2018-03-28,57379.10600120627,59218.63344390833,57025.35072376357,58652.625,500520
2018-03-29,58652.623509644596,58935.62772440766,57732.859811664646,58228.1171875,374820
2018-03-30,58652.616636798084,59360.12709080047,57662.10200119474,59218.625,501160
2018-04-02,59147.880834069496,60350.64874576708,58935.62767318169,60067.64453125,770760
2018-04-03,59784.63285956325,60421.39226280121,58652.616142695784,58723.3671875,778980
2018-04-04,58723.36851325758,59077.12374526515,57945.10700284091,58369.61328125,937700
2018-04-05,58369.61702913851,58723.37228386057,57449.85336686118,57591.35546875,532380
2018-04-06,58015.85673945783,58723.3671875,57166.84420180723,58723.3671875,891780
2018-04-09,58723.36691584233,59784.632582996106,58581.86482688849,59006.37109375,761600
2018-04-10,58652.616142695784,59006.37136671687,57520.59942582831,58723.3671875,557070
2018-04-11,58794.12110363924,59360.1294897152,55893.32812500001,55893.328125,1006130
2018-04-12,55893.32548828125,56600.83593749999,54973.56190429687,56600.8359375,950990
2018-04-13,56600.84150326798,57166.84991830066,53063.28890931373,54124.5546875,948810
2018-04-16,54124.544797099086,54407.548952900914,53063.279212842244,54266.046875,557830
2018-04-17,54266.051657516895,54407.553747888516,51931.267166385136,52355.7734375,692890
2018-04-18,52355.7770064415,52851.03435650243,50091.74340616295,50799.25390625,1160450
2018-04-19,50799.25575411676,50799.25575411676,47261.703125,47261.703125,1255730
2018-04-20,47261.699342579246,49101.2265625,46695.690967219016,49101.2265625,733140
2018-04-23,49525.73227070433,50233.242731714396,45705.17578125,45705.17578125,683680
2018-04-24,44290.15471270161,45280.669354838705,42521.37856602822,43865.6484375,1222150
2018-04-25,43865.6484375,43865.6484375,43865.6484375,43865.6484375,0
2018-04-26,44502.41003439125,44502.41003439125,40823.35546875,40823.35546875,909200
2018-04-27,40823.356399412485,43653.3984375,40752.605348460296,43653.3984375,1112190
2018-04-30,43653.3984375,43653.3984375,43653.3984375,43653.3984375,0
2018-05-01,43653.3984375,43653.3984375,43653.3984375,43653.3984375,0
2018-05-02,44926.91521661932,46695.69140625,44573.159978693184,46695.69140625,837650
2018-05-03,46695.68542296073,48464.46138595166,45280.664652567975,46837.1875,788130
2018-05-04,46695.69380733945,46837.19590978593,45634.42803899082,46271.1875,632690
2018-05-07,45988.187265037595,47332.45735432331,45634.43197838346,47049.453125,492350
2018-05-08,46766.442832432185,48676.721132697945,46766.442832432185,48252.21484375,643400
2018-05-09,48676.72248892171,48959.7266894387,47261.70148633678,47898.4609375,615370
2018-05-10,48110.709716796875,48110.709716796875,45280.66796875,45280.66796875,552890
2018-05-11,45280.66796875,45917.42736206055,43865.64709472656,45280.66796875,672780
2018-05-14,46271.18512073864,46766.44245383523,45351.42150213069,46695.69140625,408200
2018-05-15,46695.686526203965,49950.234375,46695.686526203965,49950.234375,1275590
2018-05-16,50233.243602807976,50233.243602807976,48464.46741961051,48818.22265625,728550
2018-05-17,48535.213269761036,49030.4705480239,48110.70703125,48110.70703125,852580
2018-05-18,47544.703804347824,48818.22265625,45988.180763134056,48818.22265625,825630
2018-05-21,48888.97388139205,48888.97388139205,46695.69140625,46695.69140625,542820
2018-05-22,45634.42458417339,46695.69027217742,43441.14216229838,43865.6484375,955310
2018-05-23,43158.13993384676,44785.4140625,42592.13154127172,44785.4140625,614660
2018-05-24,44997.67038690476,45634.42987351191,43865.6535218254,44573.1640625,382870
2018-05-25,44573.16176470589,44926.91701680673,42096.875,42096.875,618290
2018-05-28,41743.11732700893,41743.11732700893,39620.5859375,39620.5859375,976740
2018-05-29,40328.09474123539,42379.875,39903.588480801336,42379.875,678390
2018-05-30,42096.87773771368,42804.38828792735,41389.3671875,41389.3671875,490400
2018-05-31,41035.606602822576,44219.403666834674,41035.606602822576,43865.6484375,849930
2018-06-01,44502.41045,44573.1615,43087.38945,44219.40625,686660
2018-06-04,44219.407002637345,44926.91751467954,43582.647541799364,44431.66015625,386910
2018-06-05,44431.65815548781,47049.44693216463,44431.65815548781,46412.6875,765440
2018-06-06,46695.69056919643,47756.95626395089,45846.678013392855,47544.703125,547500
2018-06-07,47403.20026392003,47686.204444600146,46695.68981221973,47332.44921875,637220
2018-06-08,47261.700169538126,48464.46798822397,46554.18968795821,48252.21484375,781580
2018-06-11,47049.4474099736,48393.71733597285,46837.194263763195,46907.9453125,584970
2018-06-12,45988.18178530093,46695.692274305555,44007.15241608796,45846.6796875,927160
2018-06-13,45917.427302938435,47403.19921875,45634.423128498136,47403.19921875,496570
2018-06-14,47403.20236366192,48322.96599161357,47190.94921875,47190.94921875,594110
2018-06-15,46978.69372213967,47615.453125,46483.436408803864,47615.453125,476310
2018-06-18,47261.699878875974,47544.704069767446,45634.42578125,45634.42578125,517670
2018-06-19,44926.916750000004,45280.672000000006,42450.630000000005,44219.40625,1282720
2018-06-20,44502.407515404935,45209.91796875,43511.89288072183,45209.91796875,305680
2018-06-21,45139.1728110024,45139.1728110024,44219.4091016873,44290.16015625,259740
2018-06-22,44219.40463574527,44856.1640625,43794.89835124211,44856.1640625,308340
2018-06-25,46638.533735795456,46638.533735795456,45673.086381392044,45747.3515625,383240
2018-06-26,45376.02118141502,45376.02118141502,44559.10426980198,45004.6953125,221360
2018-06-27,45301.752325459864,46044.40400292642,44410.5703125,44410.5703125,331450
2018-06-28,44187.78293829449,44410.57848252119,43073.80521716102,43816.45703125,410520
2018-06-29,43816.45479433761,44484.8413928953,43445.12890625,43445.12890625,149200
2018-07-02,43370.86372863248,43593.659261485045,41514.23428819445,43445.12890625,488920
2018-07-03,43445.12519850273,43445.12519850273,40845.84420372051,40920.109375,446650
2018-07-04,41737.02460375449,41959.82010875674,40251.72123707284,41291.43359375,319770
2018-07-05,41588.49727746212,41588.49727746212,39212.01171875,39212.01171875,498150
2018-07-06,39360.545295266544,41662.765869140625,38469.36313763787,40400.2578125,683880
2018-07-09,41217.16960227273,42256.88198863636,40845.84375,40845.84375,358880
2018-07-10,40845.84375,41959.82130681819,40845.84375,40845.84375,301320
2018-07-11,38989.2138671875,40103.19140625,38692.15319010417,40103.19140625,406410
2018-07-12,39212.007126168224,40623.04526139019,39212.007126168224,39731.86328125,139300
2018-07-13,40103.19140625,40697.312760416666,39954.66106770833,40103.19140625,266960
2018-07-16,40103.19709329044,40845.84889131434,39731.871194278494,40400.2578125,227950
2018-07-17,40028.92623697917,40771.5779296875,39360.539713541664,40103.19140625,308540
2018-07-18,40697.31088267544,42331.14453125,40548.78055098684,42331.14453125,771000
2018-07-19,42702.47701009115,43222.333251953125,42182.620768229164,42776.7421875,408530
2018-07-20,42034.087580770945,42628.20896000446,41662.76171875,41662.76171875,480790
2018-07-23,41959.827325994316,43519.39612926137,41588.501420454544,42479.68359375,628000
2018-07-24,42479.68359375,42479.68359375,42479.68359375,42479.68359375,0
2018-07-25,42628.208672012304,43073.79970342707,42256.8828125,42256.8828125,436720
2018-07-26,42182.62142857143,42182.62142857143,41365.704464285714,41588.5,407460
2018-07-27,41588.49537037037,42553.9425843254,41588.49537037037,42108.3515625,287950
2018-07-30,42628.20973868534,43073.80078125,42405.41421740301,43073.80078125,668090
2018-07-31,43073.80036157025,45970.14211002066,42851.00484245868,44930.4296875,1559950
2018-08-01,45301.75915069331,46490.00201366231,45004.69843495106,45524.5546875,747160
2018-08-02,45673.08293025729,45895.87845674635,45078.96152628647,45821.61328125,951560
2018-08-03,46044.412814496805,47529.71645367412,46044.412814496805,46490.00390625,1312750
2018-08-06,46489.99806827074,47826.771175665104,45895.876687206575,47455.4453125,701070
2018-08-07,47455.451271715254,47529.71645367412,46341.47354233226,46490.00390625,763020
2018-08-08,46935.58893849207,47381.17997271826,46489.997904265874,46787.05859375,560540
2018-08-09,47455.44468526431,47752.50537187003,46044.40642388712,46712.79296875,848730
2018-08-10,46712.7935861698,47455.4453125,46118.672205105635,47455.4453125,665110
2018-08-13,47455.44910714286,49386.34375,46787.0625,49386.34375,1369790
2018-08-14,49089.282923256476,49163.54810165777,48346.63113924352,48717.95703125,628640
2018-08-15,48717.95212977707,48792.21730070661,46564.26217282046,46638.52734375,733050
2018-08-16,45747.34563660991,48272.36146720201,45301.75460768189,47975.30078125,1441710
2018-08-17,48198.09841072819,48420.893934968844,47529.71183800623,47678.2421875,530720
2018-08-20,47529.71374045801,49386.34318344465,47529.71374045801,48643.69140625,1133600
2018-08-21,48420.893332066866,49312.07541793313,48123.83263677811,48866.484375,753180
2018-08-22,49386.34363686166,49757.66952886814,48643.6918528487,48717.95703125,681810
2018-08-23,49089.276430908576,49460.60227380501,48569.42025085357,48940.74609375,535200
2018-08-24,48643.687126608456,50723.11191980698,48643.687126608456,50500.31640625,2117990
2018-08-27,50500.316133720924,51465.76335392441,50500.316133720924,51094.4375,893630
2018-08-28,51094.44230072464,51540.03336730072,50574.586056385866,51242.97265625,859970
2018-08-29,51242.972871006685,51242.972871006685,49757.66930952823,49980.46484375,1403870
2018-08-30,50128.99027979651,51094.4375,49534.868913517435,51094.4375,971010
2018-08-31,51242.97116980088,51762.82739905973,50351.7890625,50351.7890625,465030
2018-09-03,50351.7890625,50351.7890625,50351.7890625,50351.7890625,0
2018-09-04,50351.78725426558,51094.43898367953,49906.196216617216,50054.7265625,735330
2018-09-05,49831.92532066231,50426.04663596082,49237.8040053638,49757.66015625,1307880
2018-09-06,49609.14195230999,50203.2634128167,49460.61158718331,49831.9375,924700
2018-09-07,49683.402482024336,50426.0542381084,49609.13730641593,50351.7890625,592540
2018-09-10,50351.78889388489,52208.418277877696,50351.78889388489,51614.296875,1877740
2018-09-11,51614.29522879464,52208.41661272321,51391.49970982143,51985.62109375,734210
2018-09-12,52728.2734375,53396.660002200704,52208.417220510564,52728.2734375,1294740
2018-09-13,52579.741560709175,53396.65844936426,51614.294328662254,51837.08984375,1349440
2018-09-14,51540.0288819051,52505.47610879958,51168.70302540722,52431.2109375,1147060
2018-09-17,51985.62258602528,53396.660913360254,51688.56188553371,52876.8046875,871820
2018-09-18,52356.94549304096,53099.59720216211,52059.884809392504,53025.33203125,613920
2018-09-19,53470.92379773692,53693.719313560825,52505.4765625,52505.4765625,887800
2018-09-20,52802.53996099228,53025.335488253855,52431.214082223,52951.0703125,701700
2018-09-21,53173.86356814972,53248.128740730936,52356.946669756355,52579.7421875,1786260
2018-09-24,52951.07395654966,54287.84721211473,52728.278413955486,54213.58203125,1223920
2018-09-25,54436.381936132006,54881.973057028044,54139.32118886799,54287.8515625,842810
2018-09-26,54287.84270290799,54287.84270290799,53470.92578125,53470.92578125,1070320
2018-09-27,53470.930131761444,53842.25603545423,53099.60422806865,53545.1953125,786580
2018-09-28,53470.92517605634,53990.78139304578,52728.2734375,52728.2734375,798310
2018-10-01,52728.27612168296,53916.51896386173,52654.010944046786,53173.8671875,905790
2018-10-02,53545.19034991197,53767.98587147887,52356.94756822183,52728.2734375,640350
2018-10-03,52728.272078323906,52802.53725026521,52356.9462186174,52505.4765625,461970
2018-10-04,53248.13191652098,53248.13191652098,52505.480146416085,53099.6015625,501260
2018-10-05,52728.276211503624,53025.33692255434,51242.97265625,51242.97265625,761890
2018-10-08,51094.44423652694,51242.97459767964,49386.34508327096,49609.140625,1448090
2018-10-09,50128.99823025335,50277.528595380034,49757.67231743666,49831.9375,547390
2018-10-10,50277.5163071362,50277.5163071362,49609.12982742537,49757.66015625,431240
2018-10-11,46415.73228214427,48272.36157343005,46341.46711049284,46712.79296875,1631410
2018-10-12,46044.408343068535,47826.77253699377,46044.408343068535,47678.2421875,808250
2018-10-15,47826.777636563,47826.777636563,46044.41325259171,46564.26953125,556180
2018-10-16,46564.26873028391,47381.185725552044,46415.73836750788,47084.125,392600
2018-10-17,47901.04199526813,48198.102720820185,46861.329455835956,47084.125,832180
2018-10-18,47084.11928323413,47158.38445560516,46118.67204241072,46787.05859375,208850
2018-10-19,46118.67142137097,46341.46693548387,45153.22419354838,46044.40625,480870
2018-10-22,46044.402809395695,46638.524135968546,44856.16015625,44856.16015625,458870
2018-10-23,44930.4301252694,44930.4301252694,42256.883869881465,43073.80078125,753750
2018-10-24,42628.20756328405,43445.124432963705,41439.96484375,41439.96484375,669070
2018-10-25,39657.607125327224,42553.94921875,39657.607125327224,42553.94921875,1015970
2018-10-26,43742.1899507149,43742.1899507149,42851.0078125,42851.0078125,746900
2018-10-29,42331.14453125,42851.00069216009,41885.55353618421,42331.14453125,368560
2018-10-30,41588.501420454544,43370.865767045456,41514.236239346596,42479.68359375,521300
2018-10-31,42851.00803571429,44336.31160714286,42851.00803571429,44187.78125,758610
2018-11-01,44039.24850069922,44559.10472246127,43073.80123171256,43148.06640625,420040
2018-11-02,43445.12826929076,45153.227329450914,43370.86309276206,44633.37109375,653960
2018-11-05,44187.776351178276,45598.81458760246,43890.71566982582,45301.75390625,515190
2018-11-06,45673.08049595771,45821.610839033994,44781.8984375,44781.8984375,542890
2018-11-07,44781.90267857143,44930.43303571428,43593.65982142857,44187.78125,681890
2018-11-08,44559.10274621212,44781.898259943184,44113.51171875,44113.51171875,363900
2018-11-09,44187.77367735745,44262.03884320175,42331.14453125,42331.14453125,630020
2018-11-12,42034.08746485727,42999.5347034494,41365.70091506272,42925.26953125,410770
2018-11-13,41959.828125,42553.94958517699,41885.562942477874,41959.828125,333320
2018-11-14,41662.760625,42331.14715909091,40697.313409090915,40845.84375,787180
2018-11-15,41588.49545454546,41662.760625,40697.313409090915,40845.84375,481290
2018-11-16,41588.49789450355,42182.61929299645,41217.17202044548,41885.55859375,412310
2018-11-19,42479.68376588983,43816.45703125,42405.41858448093,43816.45703125,461690
2018-11-20,43222.333373397436,43816.45479433761,43073.8030181624,43445.12890625,374070
2018-11-21,42331.14904364224,43222.33112877155,42331.14904364224,43073.80078125,341850
2018-11-22,43593.65699757543,43593.65699757543,42851.00525996767,43073.80078125,280490
2018-11-23,43073.80168062715,44113.51413498711,42776.740979381444,43222.33203125,482860
2018-11-26,43148.06640625,43148.06640625,42702.47535902538,43148.06640625,188040
2018-11-27,43222.33158078743,43667.92262801205,42776.74053356282,43148.06640625,262840
2018-11-28,43073.80601415094,43370.86674528302,42776.74528301887,43296.6015625,214830
2018-11-29,43742.18456690984,43742.18456690984,42628.20703125,42628.20703125,318590
2018-11-30,42628.20973868534,43073.80078125,42479.679391163794,43073.80078125,210900
2018-12-03,43964.98084016393,45450.284246926225,43519.38981813524,45301.75390625,992630
2018-12-04,45301.75646107908,45821.612682763596,44781.90023939456,45078.9609375,603600
2018-12-05,44707.63551089638,45970.143490439965,44336.30963456003,45153.2265625,853640
2018-12-06,45301.75555268595,45598.81624483471,44484.838649276855,44930.4296875,496010
2018-12-07,44930.42850475654,45524.54987341448,44930.42850475654,45376.01953125,379550
2018-12-10,45524.55123294992,45895.87709945033,45301.75571304967,45598.81640625,508290
2018-12-11,45524.54895961617,45673.07929879926,45004.69277247537,45227.48828125,279840
2018-12-12,45227.48828125,45227.48828125,45227.48828125,45227.48828125,0
2018-12-13,45524.549417264345,45970.14043929303,45301.75390625,45301.75390625,402150
2018-12-14,45301.75325520833,45747.34427083333,44484.83639322917,44559.1015625,643270
2018-12-17,44410.56917489035,44484.83434073465,42331.14453125,42331.14453125,612200
2018-12-18,42256.88627173195,42702.47733962368,41737.03002585827,42182.62109375,766910
2018-12-19,41811.29069360439,42182.61654345878,41217.169333837366,41439.96484375,749450
2018-12-20,41217.169785610466,41959.8214934593,41217.169785610466,41514.23046875,303240
2018-12-21,41439.97062445271,42405.41796875,40845.84918180823,42405.41796875,400060
2018-12-24,42331.15054935954,42405.41572576192,41811.29431454284,42034.08984375,241060
2018-12-25,41588.49683544304,41588.49683544304,40623.0495874774,41068.640625,594180
2018-12-26,41068.64017210145,41588.49637681159,40994.375,40994.375,185570
2018-12-27,42182.61838300712,42182.61838300712,41588.49699733096,41737.02734375,254840
2018-12-28,41737.02734375,41737.02734375,41737.02734375,41737.02734375,0
2018-12-31,41737.02734375,41737.02734375,41737.02734375,41737.02734375,0
2019-01-01,41737.02734375,41737.02734375,41737.02734375,41737.02734375,0
2019-01-02,40103.19709329044,41217.17479032629,40103.19709329044,40400.2578125,380020
2019-01-03,40400.25816231343,40845.849244986006,38989.21973385028,39806.13671875,450490
2019-01-04,39360.539902094715,40994.37363387978,39360.539902094715,40771.578125,302070
2019-01-07,41217.170516304344,41365.70086050725,40920.10982789855,40994.375,187920
2019-01-08,41217.16941283503,41217.16941283503,39583.33567034427,40177.45703125,352050
2019-01-09,40771.58676631688,40994.382322416976,40103.200098016605,40251.73046875,343920
2019-01-10,40697.31386116153,41068.63971755899,40400.25317604356,40920.109375,280830
2019-01-11,41142.90579792044,41588.49683544304,40845.845106238696,41068.640625,337760
2019-01-14,41068.63880350638,41217.169142759565,40177.45676798725,40771.578125,125040
2019-01-15,40771.579933318266,41439.96648960217,40548.78441455696,41068.640625,230330
2019-01-16,41588.49774774775,41811.2932713964,41142.906700450454,41217.171875,252480
2019-01-17,41217.168218692874,41365.698554616094,40623.046875,40623.046875,197100
2019-01-18,40623.05335190717,40994.37925091912,40400.2578125,40400.2578125,188280
2019-01-21,40845.845106238696,41514.2316625226,40325.98889579566,41068.640625,273200
2019-01-22,40845.840756425234,40845.840756425234,39657.59811623832,39731.86328125,729490
2019-01-23,39360.543864544175,40028.93045847039,39360.543864544175,39509.07421875,486420
2019-01-24,39509.07421875,39954.66528136748,39434.80904164709,39509.07421875,653530
2019-01-25,39509.076876161715,40028.93315084805,39509.076876161715,39954.66796875,169160
2019-01-28,40103.18910630841,40251.719436331776,39657.59811623832,39731.86328125,516670
2019-01-29,39657.59811623832,39806.12844626168,39434.80262120327,39731.86328125,311730
2019-01-30,39731.87019963649,39880.40055552298,39583.33984375,39583.33984375,452470
2019-01-31,40103.19877666976,40548.78987418831,39583.342496231446,40028.93359375,911200
2019-02-01,39806.12844626168,40251.719436331776,39731.86328125,39731.86328125,1199400
2019-02-04,39731.86328125,39731.86328125,39731.86328125,39731.86328125,0
2019-02-05,39731.86328125,39731.86328125,39731.86328125,39731.86328125,0
2019-02-06,39731.86328125,39731.86328125,39731.86328125,39731.86328125,0
2019-02-07,39731.86328125,39731.86328125,39731.86328125,39731.86328125,0
2019-02-08,39731.86328125,39731.86328125,39731.86328125,39731.86328125,0
2019-02-11,40474.51674207509,41291.43359375,40251.72123707284,41291.43359375,746520
2019-02-12,41588.498653500894,41811.294182001795,41142.9075964991,41365.703125,957300
2019-02-13,41365.705444122155,42553.94832941112,41365.705444122155,42405.41796875,1941970
2019-02-14,42331.1470734127,42628.207754629635,42034.08639219577,42108.3515625,1004440
2019-02-15,42108.3515625,42776.7380952381,41959.821221891536,42108.3515625,1351010
2019-02-18,42108.3515625,42108.3515625,42108.3515625,42108.3515625,0
2019-02-19,43667.92477253033,43816.45512889948,42702.477456130844,42851.0078125,1293550
2019-02-20,42851.007695587585,42851.007695587585,42034.09073778609,42182.62109375,927820
2019-02-21,42256.88900353773,43370.86674528302,42256.88900353773,43296.6015625,1723040
2019-02-22,42925.27266292735,43816.45479433761,42925.27266292735,43445.12890625,1129680
2019-02-25,43816.45524477389,44113.51595829778,43519.39453125,43519.39453125,1366700
2019-02-26,43370.856853070174,43445.12201891447,42331.14453125,42331.14453125,1456500
2019-02-27,42702.47292493386,42776.7380952381,41885.5560515873,42108.3515625,1784860
2019-02-28,42331.15403761062,42702.47995022124,41811.297759955756,41959.828125,2532900
2019-03-01,41959.82578524957,43593.65970963097,41959.82578524957,43519.39453125,2076360
2019-03-04,43519.387171461094,45153.22081953642,43519.387171461094,44856.16015625,3433740
2019-03-05,44484.837574968435,45004.69377367424,43890.716205018936,44113.51171875,2693520
2019-03-06,44187.77477134146,45673.078125,44113.50960365853,45673.078125,3156200
2019-03-07,45673.07975794057,46044.40560963115,45227.48873591188,45301.75390625,1802470
2019-03-08,45301.75390625,45301.75390625,45301.75390625,45301.75390625,0
2019-03-11,44930.425322071605,45078.95565371482,44410.56916132037,44856.16015625,2131290
2019-03-12,45450.28487903226,46044.40625,45153.22419354838,46044.40625,2858810
2019-03-13,46044.40925869741,46638.53066848705,45747.348553802585,45895.87890625,2346380
2019-03-14,46415.73637918709,46415.73637918709,45301.7587060866,45450.2890625,1532650
2019-03-15,45450.29048978365,46490.00301732772,45227.49494816706,46341.47265625,2274270
2019-03-18,46341.46920000001,47009.855775,45821.612975000004,46415.734375,1714570
2019-03-19,46415.736494816825,46638.53202999195,45895.88024607488,46118.67578125,1816150
2019-03-20,45821.61328125,46044.408807739055,45153.22670178282,45821.61328125,1699650
2019-03-21,46044.41071428571,46192.94107142857,43073.80357142857,44187.78125,2115260
2019-03-22,44484.843663930085,44484.843663930085,43742.1918498411,43816.45703125,1606140
2019-03-25,42999.535607489226,43445.12665005388,42628.20973868534,43073.80078125,1861980
2019-03-26,43742.1899507149,43742.1899507149,42702.477456130844,42851.0078125,1212450
2019-03-27,43742.187048256805,43816.4522215136,43073.80048894558,43667.921875,621860
2019-03-28,43370.864285714284,44336.31160714286,43073.80357142857,44187.78125,836530
2019-03-29,44187.776889993685,44559.10274621212,44039.246547506315,44113.51171875,1256540
2019-04-01,44336.30669185451,45301.75390625,44336.30669185451,45301.75390625,1200470
2019-04-02,45673.08049595771,45821.610839033994,44707.63326596186,44781.8984375,655270
2019-04-03,44781.90068616365,45376.022088301805,44707.63551089638,45153.2265625,829910
2019-04-04,45153.2265625,45376.022088301805,45004.696211965456,45153.2265625,608720
2019-04-05,45153.225366449515,45673.08157955008,45004.69501984935,45598.81640625,773290
2019-04-08,46044.412814496805,46564.269088208865,45673.086904702475,46490.00390625,1412570
2019-04-09,46787.06102093447,46787.06102093447,45895.87890625,45895.87890625,1635520
2019-04-10,45524.549417264345,45895.875268954915,45078.958395235655,45301.75390625,830410
2019-04-11,45524.55243883635,45524.55243883635,45004.696211965456,45153.2265625,607620
2019-04-12,44930.42805455942,45376.01907658811,44781.89771388319,45301.75390625,424050
2019-04-15,45301.75390625,45301.75390625,45301.75390625,45301.75390625,0
2019-04-16,44707.63254354508,45450.284246926225,44707.63254354508,45301.75390625,775260
2019-04-17,45524.54987341448,46118.67124207242,45376.01953125,45376.01953125,1350850
2019-04-18,45301.75555268595,45450.28589876033,44410.57347623967,44930.4296875,538860
2019-04-19,45004.69576297364,45301.75646107908,44856.16541392092,45078.9609375,457310
2019-04-22,45004.69486053719,45450.28589876033,44707.63416838843,44930.4296875,488510
2019-04-23,44930.433256015494,45747.35022430669,44930.433256015494,45524.5546875,757150
2019-04-24,45598.81820135518,45970.1440824737,45598.81820135518,45895.87890625,790290
2019-04-25,45450.28262195121,45821.60846036585,45450.28262195121,45673.078125,354690
2019-04-26,45524.55138944623,46341.46829855537,45524.55138944623,46267.203125,1410390
2019-04-29,46267.203125,46267.203125,46267.203125,46267.203125,0
2019-04-30,46267.203125,46267.203125,46267.203125,46267.203125,0
2019-05-01,46267.203125,46267.203125,46267.203125,46267.203125,0
2019-05-02,46638.5299,46638.5299,46044.408500000005,46415.734375,443010
2019-05-03,46415.738192471596,46415.738192471596,45747.3515625,45747.3515625,332640
2019-05-06,45153.22356557377,45524.549417264345,44930.42805455942,45301.75390625,1048040
2019-05-07,45524.5542407067,45821.6149535335,45301.7587060866,45450.2890625,417000
2019-05-08,45301.75345084154,45524.54895961617,44930.42760288382,45227.48828125,415580
2019-05-09,45227.49083384901,45450.28635519802,44930.430138717,45004.6953125,536070
2019-05-10,45376.024329628875,45821.61540324225,45078.96361388662,45524.5546875,327390
2019-05-13,45673.082789370885,45673.082789370885,45153.2265625,45153.2265625,257440
2019-05-14,45153.2297676282,46341.47265625,45153.2297676282,46341.47265625,1070900
2019-05-15,46564.26163989713,48272.360551727485,46564.26163989713,47826.76953125,1828520
2019-05-16,47826.76953125,48272.360551727485,47529.708850931675,47826.76953125,837330
2019-05-17,48123.83203125,48643.688241464115,47826.77133969907,48123.83203125,768370
2019-05-20,48123.8267560423,49386.334556740934,47901.031261801356,49163.5390625,1066800
2019-05-21,49163.54810165777,49237.81328005907,48420.896317644816,48717.95703125,736610
2019-05-22,48940.747908418176,49386.338936415916,48717.952394419306,49237.80859375,988930
2019-05-23,49015.01458333334,50128.9921875,48420.89319444445,50128.9921875,1139760
2019-05-24,49386.34543678977,49757.671342329544,48643.69362571023,49015.01953125,1466210
2019-05-27,49015.01953125,49312.080255681816,48792.22398792614,49015.01953125,653220
2019-05-28,49312.07483308606,50054.7265625,48940.748968379085,50054.7265625,760700
2019-05-29,49831.936166729036,49831.936166729036,49386.34508327096,49609.140625,534840
2019-05-30,50227.31511622299,50381.86070119598,49918.223946277,50072.76953125,701090
2019-05-31,49840.95591694731,49918.22871681854,48604.59111900753,48759.13671875,1037660
2019-06-03,46363.67633564437,48295.49618296289,46363.67633564437,47368.22265625,1010070
2019-06-04,47909.13798733923,48063.68359375,47368.22836490153,48063.68359375,385590
2019-06-05,48681.860761088705,48681.860761088705,47831.86001764113,47909.1328125,289450
2019-06-06,46750.03899918963,48140.94925040519,46750.03899918963,47677.3125,347040
2019-06-07,48295.49544896835,48295.49544896835,47213.67635091146,48218.22265625,329820
2019-06-10,48218.22265625,48759.132205278445,48063.677070813304,48218.22265625,277790
2019-06-11,47986.40427809495,48604.58661984175,47986.40427809495,48218.22265625,371780
2019-06-12,48218.22269417476,48218.22269417476,47754.5859375,47754.5859375,276490
2019-06-13,47368.223939278454,47909.133511178865,47290.95114329268,47522.76953125,188640
2019-06-14,47831.85613039495,47986.401707552934,47445.4921875,47445.4921875,138480
2019-06-17,47909.132213499186,47909.132213499186,47213.677068464516,47368.22265625,204660
2019-06-18,47213.67904713115,47522.770235655735,46904.58785860656,47136.40625,210760
2019-06-19,47909.133511178865,47909.133511178865,47290.95114329268,47522.76953125,207820
2019-06-20,47831.86179872048,49377.317753444884,47522.770607775594,49068.2265625,839620
2019-06-21,49145.50007440476,49454.591269841265,48450.044884672614,48681.86328125,501900
2019-06-24,48681.864,48681.864,48063.681599999996,48295.5,489060
2019-06-25,48218.2272819063,48218.2272819063,47677.31768098748,47831.86328125,589610
2019-06-26,47831.86123482285,48604.58920307524,47831.86123482285,48527.31640625,296970
2019-06-27,48372.77288216882,48604.5912825626,47831.86328125,47831.86328125,217100
2019-06-28,48140.950735294115,48295.49632352941,45977.3125,45977.3125,597200
2019-07-01,47909.129517180096,48913.67578125,47600.038359004735,48913.67578125,784510
2019-07-02,48990.95432973131,49686.40951737734,48913.68153110397,49609.13671875,2425770
2019-07-03,49531.85872802734,49763.67709960938,49300.04035644531,49454.5859375,1463210
2019-07-04,49454.5859375,49454.5859375,49454.5859375,49454.5859375,0
2019-07-05,49454.5859375,49454.5859375,49454.5859375,49454.5859375,0
2019-07-08,50072.771566901414,50072.771566901414,49300.043610622066,49377.31640625,1660650
2019-07-09,49377.31640625,49377.31640625,49377.31640625,49377.31640625,0
2019-07-10,49377.31314697266,49609.131518554685,49300.04035644531,49454.5859375,1606680
2019-07-11,49531.86257981811,49995.499359036374,49531.86257981811,49918.2265625,920080
2019-07-12,50072.77151162791,50072.77151162791,49763.68032945737,49840.953125,3474210
2019-07-15,50072.772155572755,50150.044952109136,49840.95376596362,49918.2265625,446330
2019-07-16,49840.95183709176,49918.22463063763,49531.86066290824,49686.40625,2151300
2019-07-17,49763.679043545875,49918.22463063763,49531.86066290824,49686.40625,2686790
2019-07-18,49686.40951737734,49763.68231600467,49531.86392012266,49609.13671875,2228450
2019-07-19,49609.13607888065,49763.68167414196,49531.86328125,49531.86328125,1465170
2019-07-22,49454.59112149532,49840.95511463201,49300.04552424065,49609.13671875,1367300
2019-07-23,49609.13671875,49840.95511463201,49531.86392012266,49609.13671875,1450530
2019-07-24,49840.95108309659,51154.58855350379,49840.95108309659,51000.04296875,2628590
2019-07-25,51000.04296875,51000.04296875,51000.04296875,51000.04296875,0
2019-07-26,51000.04296875,51000.04296875,51000.04296875,51000.04296875,0
2019-07-29,51000.04296875,51000.04296875,51000.04296875,51000.04296875,0
2019-07-30,51000.04296875,51000.04296875,51000.04296875,51000.04296875,0
2019-07-31,49918.22839933206,50613.68359375,49918.22839933206,50613.68359375,1004830
2019-08-01,50381.86199519231,50613.68037860577,50072.7708173077,50227.31640625,525830
2019-08-02,49531.861256009615,50459.13478966346,49068.22448918269,50227.31640625,960480
2019-08-05,50227.31991630349,50227.31991630349,48759.13671875,48759.13671875,1319140
2019-08-06,48759.13671875,48759.13671875,48759.13671875,48759.13671875,0
2019-08-07,47368.2232484879,48218.22399193548,47290.950453629026,47909.1328125,797090
2019-08-08,47522.7739713123,48372.77480657154,47445.501168106915,48063.68359375,457730
2019-08-09,48063.68359375,48063.68359375,48063.68359375,48063.68359375,0
2019-08-12,48063.677070813304,48295.49544896835,47754.585899939906,48218.22265625,383980
2019-08-13,48218.22774920886,49068.22855889043,47909.136545688285,48836.41015625,691380
2019-08-14,48913.67779071514,49145.496168870195,48218.22265625,48218.22265625,267530
2019-08-15,47213.67834730691,47831.86071519309,47136.405551321135,47522.76953125,462000
2019-08-16,47522.76953125,47522.76953125,47522.76953125,47522.76953125,0
2019-08-19,47522.76953125,47522.76953125,47522.76953125,47522.76953125,0
2019-08-20,47522.76953125,47522.76953125,47522.76953125,47522.76953125,0
2019-08-21,48295.49673647165,48836.40629992013,48218.22394169329,48372.76953125,562620
2019-08-22,48527.315120806714,48527.315120806714,48295.49673647165,48372.76953125,125060
2019-08-23,48604.58796622984,48604.58796622984,47754.587222782255,47909.1328125,192970
2019-08-26,47445.49614514803,47522.7689401727,46750.04098992598,46981.859375,594700
2019-08-27,47136.41142003676,47368.22983685662,46750.047392003675,47290.95703125,569790
2019-08-28,47600.04303278689,47600.04303278689,46981.860655737706,47136.40625,279140
2019-08-29,47290.951844262294,47290.951844262294,46904.58785860656,47136.40625,401390
2019-08-30,47290.95114329268,47754.58791920732,47213.67834730691,47522.76953125,266590
2019-09-02,47522.76953125,47522.76953125,47522.76953125,47522.76953125,0
2019-09-03,47445.49549526359,47600.04108319605,46904.5859375,46904.5859375,191130
2019-09-04,46750.04034956755,46981.85873146623,46286.40358577018,46904.5859375,339310
2019-09-05,46981.860655737706,47290.951844262294,46904.58785860656,47136.40625,203850
2019-09-06,47290.953202351484,47290.953202351484,46827.31640625,46827.31640625,121490
2019-09-09,46827.31687954362,47986.40888151252,46750.04407941236,47831.86328125,384500
2019-09-10,47831.86001764113,48604.58796622984,47831.86001764113,47909.1328125,512930
2019-09-11,47986.40630716464,48140.95189913618,47059.13275533537,47522.76953125,151290
2019-09-12,47831.86071519309,47909.133511178865,47368.223939278454,47522.76953125,124610
2019-09-13,47136.40359526699,48140.94990139563,47136.40359526699,47754.5859375,183100
2019-09-16,48681.86071036342,48836.40629992013,48140.95114691494,48372.76953125,485880
2019-09-17,48450.0456,48527.3184,47909.136,48295.5,143200
2019-09-18,48218.22338907015,48218.22338907015,47290.94986235726,47368.22265625,405970
2019-09-19,47368.22136482201,47522.766948394026,47059.13019767799,47213.67578125,216260
2019-09-20,47213.68422564338,47522.77544806985,47213.68422564338,47290.95703125,312880
2019-09-23,47290.95178064123,47754.58856280438,47290.95178064123,47600.04296875,283030
2019-09-24,47600.0463362069,47600.0463362069,47059.13671875,47059.13671875,356990
2019-09-25,47059.136173691855,47059.136173691855,46518.2265625,46518.2265625,426000
2019-09-26,46518.225208849006,46827.31640625,46363.679610148516,46827.31640625,353370
2019-09-27,46672.76627066116,47290.9486053719,46595.49347882232,46750.0390625,338900
2019-09-30,46981.85743801653,47059.13022985538,46595.49347882232,46750.0390625,328980
2019-10-01,46750.04360689975,47059.13480430074,46518.225208849006,46827.31640625,259680
2019-10-02,46827.31318895591,46981.85877703827,46440.94921875,46440.94921875,318030
2019-10-03,46363.6796875,46440.952486979164,45668.2244921875,46363.6796875,286780
2019-10-04,45977.31462149784,45977.31462149784,44818.22265625,44818.22265625,1596720
2019-10-07,44818.22393148625,45436.40633054124,44818.22393148625,44972.76953125,514690
2019-10-08,44972.77016777445,45127.31576972556,44740.95176484777,45050.04296875,350280
2019-10-09,44972.77089641004,44972.77089641004,44586.406885272496,44663.6796875,391020
2019-10-10,44586.4010874341,44972.7650483304,43968.21875,43968.21875,559760
2019-10-11,44045.49399038462,45204.5859375,44045.49399038462,45204.5859375,485200
2019-10-14,45590.95056527304,45745.49616040956,45281.859375,45281.859375,242490
2019-10-15,45281.859375,45436.40497013652,45204.58657743174,45281.859375,184230
2019-10-16,45281.86008767212,45359.132886456544,44818.22329496558,44895.49609375,267570
2019-10-17,44895.492872450086,45204.584045410156,44354.58331976996,44509.12890625,251210
2019-10-18,44818.22201532815,44972.76760848445,44586.403625593695,44740.94921875,132570
2019-10-21,44277.31377717391,44740.950570652174,44277.31377717391,44431.859375,127700
2019-10-22,44277.31377717391,44663.67777173913,44277.31377717391,44431.859375,113800
2019-10-23,44509.130244755244,44818.22142701049,44122.76626693619,44200.0390625,158830
2019-10-24,44200.04097826087,44431.859375,44200.04097826087,44431.859375,91820
2019-10-25,44663.6796875,44663.6796875,44431.86128081747,44663.6796875,79760
2019-10-28,44509.13146551724,45050.041049299565,44509.13146551724,44818.22265625,176010
2019-10-29,44663.67896387222,45281.86137167668,44663.67896387222,45050.04296875,221780
2019-10-30,44972.768747365095,46209.13352392496,44895.4959488301,45822.76953125,440360
2019-10-31,45822.76953125,45977.315128319984,45513.67833711004,45822.76953125,173690
2019-11-01,45590.94789036195,45977.31185553451,45204.5839251894,45900.0390625,217150
2019-11-04,45977.317041998744,46518.22665425755,45977.317041998744,46054.58984375,415000
2019-11-05,46131.859375,46286.40496754606,45977.31378245394,46131.859375,185570
2019-11-06,46131.860081028295,46131.860081028295,45745.49609375,45745.49609375,103730
2019-11-07,45900.03975222835,45900.03975222835,45436.40298705432,45513.67578125,265630
2019-11-08,45436.40752118644,45745.49872881356,45436.40752118644,45590.953125,207400
2019-11-11,45590.94985987733,45900.04104536802,45436.40426713198,45668.22265625,152130
2019-11-12,45668.22583499371,46440.953852506296,45590.95303324245,46054.58984375,695520
2019-11-13,46209.13544725252,46440.953852506296,45977.317041998744,46054.58984375,470780
2019-11-14,46054.5852485441,46750.04039491473,46054.5852485441,46440.94921875,467570
2019-11-15,46440.951846828044,46518.224645242066,46286.40625,46286.40625,253570
2019-11-18,46904.58805558488,46904.58805558488,45745.49609375,45745.49609375,205630
2019-11-19,46054.58848958333,46363.6796875,45745.49729166667,46363.6796875,219050
2019-11-20,46131.859375,46363.6777638191,45977.31378245394,46131.859375,306300
2019-11-21,46131.859375,46286.40496754606,45900.04098618091,46131.859375,130770
2019-11-22,45977.30926931721,46131.854846693066,44972.76301637415,45127.30859375,321550
2019-11-25,45127.31631355933,45668.22592690678,45127.31631355933,45590.953125,271420
2019-11-26,45822.768891205655,46131.860081028295,45668.22329629434,45745.49609375,198130
2019-11-27,45822.768957977816,45900.04175554607,45281.859375,45281.859375,147990
2019-11-28,45436.405037715514,45668.22343076509,44663.67706088362,44818.22265625,133830
2019-11-29,44972.7656656901,45204.584045410156,44354.58331976996,44509.12890625,96980
2019-12-02,44663.67654596561,44895.4949363426,43813.67578125,43813.67578125,136100
2019-12-06,43968.21943567154,43968.21943567154,43504.582675365695,43581.85546875,19860
2019-12-09,43581.85873667851,43968.22273257105,43504.5859375,43504.5859375,81150
2019-12-10,43504.5814129946,43504.5814129946,41959.12559015288,42963.671875,222890
2019-12-11,43118.22347749086,43118.22347749086,41959.13144852605,42268.22265625,208350
2019-12-12,42345.494735054344,42809.131538722824,42345.494735054344,42654.5859375,125260
2019-12-13,42731.84831199233,43040.939439023015,42654.57553023466,42809.12109375,127970
2019-12-16,43195.49410587188,43427.3125,42886.402913701066,43427.3125,120880
2019-12-17,43427.30862185251,43504.5814129946,42886.39908385791,42963.671875,67180
2019-12-18,42731.853501573736,42963.671875,42731.853501573736,42963.671875,121920
2019-12-19,43272.75778429603,43350.030566053705,42577.302748476985,42809.12109375,60710
2019-12-20,42809.12686731107,43968.21875,42809.12686731107,43968.21875,205110
2019-12-23,43968.221437722816,44277.31262533422,43272.76626559714,43350.0390625,155940
2019-12-24,43350.0390625,43813.67584391711,43350.0390625,43350.0390625,88060
2019-12-25,43968.221437722816,43968.221437722816,43195.493468694294,43350.0390625,113790
2019-12-26,43195.4921875,43350.03777672182,43118.219392889085,43195.4921875,73400
2019-12-27,43118.218708444154,43736.40105551862,42963.673121675536,43581.85546875,68050
2019-12-30,43813.6751953125,43813.6751953125,43195.49282924107,43272.765625,102990
2019-12-31,43581.856808035714,43581.856808035714,42886.401646205355,43272.765625,75980
2020-01-01,43272.765625,43272.765625,43272.765625,43272.765625,0
2020-01-02,43350.03772815266,44122.76567339602,42809.128166482304,43659.12890625,380760
2020-01-03,43736.4016528021,44895.493569395796,43736.4016528021,44122.765625,586600
2020-01-06,44818.2181228185,44818.2181228185,44122.76301401614,44277.30859375,497990
2020-01-07,44431.856851493365,44431.856851493365,43581.85611172567,43659.12890625,290780
2020-01-08,44045.49161243267,44045.49161243267,42963.672520197484,43040.9453125,237220
2020-01-09,43040.948509786474,43504.58529804271,43040.948509786474,43427.3125,128140
2020-01-10,43427.309274012565,43659.127650920105,43040.9453125,43040.9453125,135340
2020-01-13,43040.94659827818,43427.31057133274,42963.67380366726,43195.4921875,166780
2020-01-14,43118.2207347973,43118.2207347973,42654.583952702706,42886.40234375,94530
2020-01-15,42886.393875507674,42886.393875507674,42268.2116214463,42809.12109375,176290
2020-01-16,42886.39972789497,43350.03648171005,42654.58135098743,43040.9453125,176180
2020-01-17,43272.76690391459,43890.949288256226,43272.76690391459,43427.3125,128190
2020-01-20,43427.31121651785,43581.856808035714,43040.947237723216,43272.765625,265570
2020-01-21,43581.85478910369,44045.49154217926,43504.581996924426,43968.21875,605240
2020-01-22,43968.217434282284,44586.399753217716,43968.217434282284,44277.30859375,392620
2020-01-23,44277.30859375,44277.30859375,44277.30859375,44277.30859375,0
2020-01-24,44277.30859375,44277.30859375,44277.30859375,44277.30859375,0
2020-01-27,44277.30859375,44277.30859375,44277.30859375,44277.30859375,0
2020-01-28,44277.30859375,44277.30859375,44277.30859375,44277.30859375,0
2020-01-29,44277.30859375,44277.30859375,44277.30859375,44277.30859375,0
2020-01-30,43272.75778429603,43890.9400383574,42809.12109375,42809.12109375,314560
2020-01-31,43040.947530955185,43040.947530955185,40954.58203125,40954.58203125,672920
2020-02-03,38288.669485294115,39718.21617647059,38095.4875,39409.125,594560
2020-02-04,40027.30937191814,40181.85496794872,38636.399007643,39177.30859375,578180
2020-02-05,39254.578731796115,40181.85224514563,39254.578731796115,39795.48828125,186410
2020-02-06,39795.48760516827,40413.66993689904,39563.669230769236,40181.8515625,547380
2020-02-07,40413.67652027027,40568.22212837838,39950.03969594595,40027.3125,345610
2020-02-10,39640.94333666424,40027.30730680717,39177.30657249273,39872.76171875,357180
2020-02-11,39872.765447443184,40800.0390625,39795.492646188446,40800.0390625,427820
2020-02-12,40800.043596408315,41031.86202593337,40800.043596408315,40877.31640625,637550
2020-02-13,40800.03834427767,41572.76634322233,40800.03834427767,41186.40234375,506100
2020-02-14,41186.40234375,41495.493543327866,41109.12954385554,41186.40234375,612290
2020-02-17,41186.39714277307,41263.66993290961,40722.76040195386,41031.8515625,371440
2020-02-18,40954.58466500947,40954.58466500947,40645.49345999053,40800.0390625,254370
2020-02-19,40877.31640625,41186.40764561673,40800.043596408315,40877.31640625,337410
2020-02-20,41186.40170494596,41340.947302337874,41031.85610755404,41109.12890625,292760
2020-02-21,41263.675870028404,41263.675870028404,40800.0390625,40800.0390625,288010
2020-02-24,39795.490327013336,40181.85431077075,38868.21676599555,39100.03515625,441450
2020-02-25,38945.49083415354,39409.127629798226,38713.672436331195,39254.58203125,282590
2020-02-26,39177.30471089072,39177.30471089072,38713.66796875,38713.66796875,290260
2020-02-27,38713.66728973389,39563.66796875,38713.66728973389,39563.66796875,238530
2020-02-28,38790.9426023498,40259.12568889293,38790.9426023498,39872.76171875,290640
2020-03-02,39872.76442544291,39872.76442544291,39254.58203125,39254.58203125,135280
2020-03-03,39409.124394259445,39795.488358909046,38868.21484375,38868.21484375,241940
2020-03-05,39177.30601546968,39254.5788083996,38868.21484375,38868.21484375,165440
2020-03-06,38790.93814449195,38790.93814449195,38327.30143360161,38404.57421875,167080
2020-03-09,35738.66796875,37090.9418918919,35738.66796875,35738.66796875,262470
2020-03-10,33265.942249036816,34772.761932791094,33265.942249036816,33845.48828125,518640
2020-03-11,34618.21332518337,34618.21332518337,31488.665022348716,31604.57421875,385470
2020-03-12,30909.11834756899,30909.11834756899,29402.298828125,29402.298828125,465400
2020-03-13,27354.57118775934,29363.663986860305,27354.57118775934,27934.1171875,845640
2020-03-16,28050.02469535496,29518.207806131115,28050.02469535496,28436.388671875,632180
2020-03-17,28590.9331321474,30406.84375,28204.569170902163,30406.84375,535980
2020-03-18,31604.572191396972,32531.845703125,30909.11705760095,32531.845703125,880510
2020-03-19,32222.75736927213,32300.03016871883,30986.392578125,30986.392578125,510280
2020-03-20,31681.847050107757,32068.211038523707,30986.39187095905,31372.755859375,381290
2020-03-23,30213.663545800267,30600.02752976191,29209.1171875,29209.1171875,585750
2020-03-24,29209.11721875,29286.390015625002,27354.57009375,28977.298828125,1147220
2020-03-25,29750.02778697787,30986.392578125,29750.02778697787,30986.392578125,469810
2020-03-26,30909.117553865653,31681.845492712295,30136.389615019012,30484.1171875,418920
2020-03-27,30136.389932753165,30600.026700949365,29440.93478045886,30522.75390625,713230
2020-03-30,28569.30046482193,30482.059897651885,28569.30046482193,29139.05859375,728950
2020-03-31,29301.84439212329,30482.057569028253,28894.874331121577,29708.814453125,383160
2020-04-01,29708.811480759963,31743.661582181878,29301.84146047558,31662.267578125,595360
2020-04-02,31662.267578125004,31662.267578125004,31662.267578125004,31662.267578125,0
2020-04-03,32720.39100681391,32883.17902177318,31987.84493949718,32476.208984375,851510
2020-04-06,33208.7561175187,33412.24114274859,32476.210026691082,32638.998046875,1924660
2020-04-07,31825.055320945947,32069.23733108108,31011.11528716216,31621.5703125,1194700
2020-04-08,31255.30078125,31580.876831054688,30929.724731445312,31255.30078125,941540
2020-04-09,31743.663427734376,33371.54360351562,31743.663427734376,32557.603515625,1936030
2020-04-10,32638.99753642638,33778.51365989264,32232.027492331286,33168.05859375,1638300
2020-04-13,33290.15144826518,33697.12151486989,32842.484375,32842.484375,1328310
2020-04-14,32842.4843971946,32842.4843971946,31743.66521661932,32232.029296875,1122090
2020-04-15,32232.026961936088,32923.876025513,31865.753928277725,32476.208984375,1210150
2020-04-16,32557.602896341465,33697.11899771341,32435.511885480184,33371.54296875,1953570
2020-04-17,33859.905193236715,33900.60219467089,33330.84417459239,33697.1171875,1594470
2020-04-20,33697.12227719248,35894.7606865746,33697.12227719248,35731.97265625,2466850
2020-04-21,33778.51419063647,34918.03033200734,33249.453125,33249.453125,2649020
2020-04-22,31743.665060657248,33208.757294226045,31580.87703470516,33127.36328125,1125610
2020-04-23,33859.9093980344,33859.9093980344,32964.57525529791,33127.36328125,1233190
2020-04-24,33371.54285066505,33778.51288542926,33045.96682285368,33656.421875,1094050
2020-04-27,33656.423709091265,33656.423709091265,32679.695572430814,32720.392578125,1102230
2020-04-28,32720.39785697418,32964.57993053369,31784.366574996064,32313.427734375,1226410
2020-04-29,32313.427734375,32313.427734375,32313.427734375,32313.427734375,0
2020-04-30,32313.427734375,32313.427734375,32313.427734375,32313.427734375,0
2020-05-01,32313.427734375,32313.427734375,32313.427734375,32313.427734375,0
2020-05-04,33656.42317302447,33656.42317302447,32557.604036783043,32638.998046875,883050
2020-05-05,32150.633605352727,33086.66471031869,32150.633605352727,32883.1796875,545090
2020-05-06,33534.33395411204,34429.66811308105,33290.15191075685,34144.7890625,1700870
2020-05-07,34185.4826843044,34511.0587098692,33859.906658739594,34226.1796875,1269830
2020-05-08,34348.27013769977,36586.605277004855,34348.27013769977,35650.57421875,2375610
2020-05-11,35813.36096218962,36220.330973123586,35528.48195453583,36057.54296875,1344010
2020-05-12,36057.55130008233,37441.24965697036,35325.0051111416,37074.9765625,1799500
2020-05-13,37074.969276252734,37848.21232372672,36301.72622877875,37156.36328125,1755200
2020-05-14,37115.66796875,37278.4559861568,36505.21290347451,37115.66796875,995730
2020-05-15,37115.66796875,37115.66796875,37115.66796875,37115.66796875,0
2020-05-18,37115.66796875,37115.66796875,37115.66796875,37115.66796875,0
2020-05-19,38662.15625,38662.15625,37685.42809210526,38662.15625,1378600
2020-05-20,38662.15625,38662.15625,38662.15625,38662.15625,0
2020-05-21,38255.1875,38662.157579787236,37848.217420212764,38255.1875,1019750
2020-05-22,38173.7864106277,38173.7864106277,37604.028404498924,37766.81640625,795930
2020-05-25,37766.82200647249,38092.398058252424,37034.275889967634,37726.125,625220
2020-05-26,38255.1875,38255.1875,37766.823404255316,38255.1875,626270
2020-05-27,38255.18698360874,38784.24808019056,38173.79296875,38173.79296875,958690
2020-05-28,38173.79245125534,38255.18646501068,37888.91340311164,38092.3984375,458950
2020-05-29,38092.39700704226,38133.09401239166,37481.94192680119,37563.3359375,806010
2020-06-01,37563.33476899973,38011.001813917384,37563.33476899973,37685.42578125,817190
2020-06-02,38092.39240975216,38336.57441237877,37563.33140406115,37766.81640625,1306180
2020-06-03,38173.78800856531,38255.18201284797,37848.211991434684,38011.0,508870
2020-06-04,38255.18242974549,38580.758450424175,38173.78842457582,38377.2734375,868580
2020-06-05,38417.97553191489,38417.97553191489,36952.88324468085,38255.1875,586880
2020-06-08,38255.1875,38255.1875,38255.1875,38255.1875,0
2020-06-09,38255.1875,38255.1875,38255.1875,38255.1875,0
2020-06-10,38743.54739910901,38824.94140625,37929.60732769916,38824.94140625,690860
2020-06-11,39069.12162162162,39069.12162162162,36138.9375,36138.9375,997810
2020-06-12,34918.031457411504,36790.09375,34918.031457411504,36790.09375,1063220
2020-06-15,37034.277432528404,37034.277432528404,35650.579154829546,35813.3671875,638070
2020-06-16,35894.75496437641,36790.08898843115,35894.75496437641,36057.54296875,1056690
2020-06-17,36057.544723360654,37319.151818647544,36057.544723360654,37237.7578125,2149680
2020-06-18,37115.66595289079,38417.970021413275,37115.66595289079,38011.0,1266690
2020-06-19,38417.97425271739,38417.97425271739,37359.852080502715,37441.24609375,1795970
2020-06-22,37441.24609375,37685.42813349185,36708.699974524454,37441.24609375,1997120
2020-06-23,37359.85142736486,37848.21549831081,36708.699332770266,37644.73046875,2106770
2020-06-24,37644.730604915574,37644.730604915574,36952.88150190632,37359.8515625,1882350
2020-06-25,36952.87931093239,37359.849347396404,36464.51526717557,37319.15234375,1579880
2020-06-26,37441.24112991267,37604.02913482533,36871.48311271834,37278.453125,1794130
2020-06-29,37156.36709094101,37156.36709094101,36016.850904143255,36220.3359375,2141710
2020-06-30,36220.3359375,36790.09403089887,35813.36587078652,36220.3359375,1473030
2020-07-01,36301.725297949,36790.0893154102,35813.36128048781,36708.6953125,1510610
2020-07-02,36952.88332760989,37115.67135989011,36179.640174278844,37034.27734375,1347150
2020-07-03,37034.27770504625,37604.03582358542,36790.09565424375,37400.55078125,599290
2020-07-06,37400.543402310075,37848.21040712554,37237.755400559,37766.81640625,810350
2020-07-07,38092.39294354839,38092.39294354839,37441.240927419356,37848.2109375,583010
2020-07-08,37848.2109375,37848.2109375,37441.240927419356,37848.2109375,467240
2020-07-09,37848.21315285983,38011.001166420516,37604.0311325188,37888.91015625,678930
2020-07-10,37888.91015625,37888.91015625,37888.91015625,37888.91015625,0
2020-07-13,37685.42240537446,37848.21040712554,37644.7254049367,37766.81640625,580920
2020-07-14,37685.42240537446,37766.81640625,37237.755400559,37766.81640625,425960
2020-07-15,37766.81640625,37766.81640625,37766.81640625,37766.81640625,0
2020-07-16,37929.6126100587,38499.37073939435,37929.6126100587,38133.09765625,878460
2020-07-17,38133.095164473685,39313.30835526316,38092.398157894735,38662.15625,1335770
2020-07-20,38336.57441237877,38458.665413692084,37726.119405812235,37766.81640625,574960
2020-07-21,37807.51862915305,37848.215635212415,37074.97252008442,37359.8515625,439810
2020-07-22,37766.82243377484,37766.82243377484,36627.30623965232,36871.48828125,720410
2020-07-23,36871.48800101902,37563.337113620924,36668.002967900815,37441.24609375,368860
2020-07-24,37278.458872522024,37441.246902533036,35772.66959492015,36952.8828125,876920
2020-07-27,34592.45377218935,35731.9698964497,34388.96875,34388.96875,1119400
2020-07-28,34429.663121774654,36627.301193377294,34266.87511647076,35487.78515625,552420
2020-07-29,34999.42407490975,35406.39412229242,33412.24089011733,33819.2109375,399820
2020-07-30,34185.481523992894,34592.45154213566,34022.69351673578,34348.26953125,173730
2020-07-31,34022.69351673578,34673.84554576422,33371.54148770735,34348.26953125,359580
2020-08-03,34185.48375,35935.454941964286,34185.48375,35609.87890625,528550
2020-08-04,35609.88083742977,36220.3359375,35080.81975070225,36220.3359375,382000
2020-08-05,35976.15169783465,36464.515748031496,35894.757689468504,36179.63671875,234150
2020-08-06,36138.94243974215,36464.51849775785,35854.063388978415,36301.73046875,432920
2020-08-07,36301.73046875,36383.12448325392,36057.54842523822,36301.73046875,221640
2020-08-10,36301.72967367257,36952.88177544248,36301.72967367257,36790.09375,310330
2020-08-11,36790.08858725383,37237.75559439961,36749.39158660421,37197.05859375,549990
2020-08-12,37197.05892137097,37848.2109375,37197.05892137097,37848.2109375,660600
2020-08-13,37848.21146559818,38255.18148135729,37726.12046087044,37929.60546875,380300
2020-08-14,37604.02945614271,37970.302470325914,37563.33245456679,37929.60546875,509440
2020-08-17,37644.728253517314,37848.213271103894,37400.54623241342,37604.03125,225870
2020-08-18,37644.733348602065,37644.733348602065,37400.55129444897,37481.9453125,88390
2020-08-19,37481.94434840426,38255.1875,37359.85332446809,38255.1875,562910
2020-08-20,38255.18608414239,38377.27710355987,37685.427993527504,37726.125,429540
2020-08-21,37726.12214268932,38133.09217659103,37726.12214268932,37888.91015625,548520
2020-08-24,38173.79340367268,39557.491672036085,38173.79340367268,39476.09765625,1037310
2020-08-25,39883.06586371528,41103.97604321677,39883.06586371528,41022.58203125,1227490
2020-08-26,41022.58329280156,41917.91745196984,41022.58329280156,41836.5234375,1298440
2020-08-27,41836.52287523674,43138.82708925189,41836.52287523674,42976.0390625,3326890
2020-08-28,42976.03644837476,43138.824465224665,42324.88438097514,42569.06640625,3804130
2020-08-31,42406.27555059524,43220.21558035714,42324.88154761904,42731.8515625,3631670
2020-09-01,43138.82760810491,43138.82760810491,42406.28147891068,43057.43359375,2076920
2020-09-02,43057.43359375,43057.43359375,43057.43359375,43057.43359375,0
2020-09-03,45128.328777291266,45387.19108385316,44351.741857605564,44955.75390625,2055830
2020-09-04,44006.59565770349,44955.75752483043,43747.73333030524,44524.3203125,2920060
2020-09-07,44438.03258011252,44783.18234772505,43834.02048679061,44092.8828125,2220460
2020-09-08,44438.030281066895,44696.89259338379,43834.01821899414,44179.16796875,1444420
2020-09-09,43834.01725196464,44006.59212303536,43575.15494535855,43920.3046875,1610170
2020-09-10,44092.87823571607,44179.165668662674,43143.71647330339,43230.00390625,1510640
2020-09-11,43230.00390625,43230.00390625,43230.00390625,43230.00390625,0
2020-09-14,43057.43197006777,43143.71940888555,42841.71337302335,42971.14453125,1309320
2020-09-15,42971.14356060606,43057.43099747475,42280.844065656565,42712.28125,1658590
2020-09-16,42884.85769100639,43834.01953125,42884.85769100639,43834.01953125,221840
2020-09-17,44006.593125,44092.880562499995,43014.28759375,43143.71875,210810
2020-09-18,43143.72132316468,43661.445979042655,43143.72132316468,43488.87109375,518560
2020-09-21,43920.301420734715,43920.301420734715,43402.57684603058,43747.7265625,473020
2020-09-22,43747.73342168899,43747.73342168899,43316.29620845734,43488.87109375,170700
2020-09-23,43488.87100290698,44610.607754966084,43316.29611797481,44524.3203125,583370
2020-09-24,44610.60546875,44696.892906794004,44006.59340244198,44610.60546875,273970
2020-09-25,44438.032870033916,44610.607754966084,43920.308215237405,44524.3203125,178820
2020-09-28,44610.60285696881,44610.60285696881,44006.59082602339,44265.453125,177110
2020-09-29,44179.166007905136,44524.315742341896,43661.44140625,43661.44140625,244710
2020-09-30,43661.44041998012,43834.0152833002,43143.71583001988,43402.578125,178430
2020-10-01,44006.59441129429,44006.59441129429,43575.15721118356,43834.01953125,145990
2020-10-02,43661.44140625,43834.016273468376,43316.29167181324,43661.44140625,232550
2020-10-05,43661.44271352092,43747.73014971364,43316.29296875,43316.29296875,256340
2020-10-06,43834.017585906375,43834.017585906375,43230.00553255727,43316.29296875,245460
2020-10-07,43143.72103582164,43402.583362036574,43057.43359375,43057.43359375,485060
2020-10-08,43143.71940888555,43316.294286521086,42971.14453125,42971.14453125,137770
2020-10-09,42971.13980841709,43316.28952575377,42927.99609375,42927.99609375,218150
2020-10-12,42971.14109992401,43143.71596377913,42496.56022432244,42582.84765625,282010
2020-10-13,42539.70394028622,43057.42853185157,42496.56022432244,42582.84765625,167150
2020-10-14,42582.85009469697,42712.28125,42453.418939393945,42712.28125,678810
2020-10-15,43057.43197006777,43661.44404179217,42971.14453125,42971.14453125,460270
2020-10-16,42798.56819319319,43316.292808433434,42798.56819319319,43100.57421875,251320
2020-10-19,43143.71596377913,43143.71596377913,42539.70394028622,42582.84765625,678150
2020-10-20,42280.84537296334,42712.28257064664,41978.839334585035,42367.1328125,571730
2020-10-21,42367.12955329755,42712.27928489264,42021.97982170246,42194.5546875,287910
2020-10-22,42280.84245318826,42625.9921875,41892.54900208755,42625.9921875,179460
2020-10-23,42884.85612373737,42884.85612373737,42367.131502525255,42712.28125,238360
2020-10-26,42712.2815625,43143.71875,42453.41925,43143.71875,266000
2020-10-27,42712.279621077934,43143.71678896761,42539.704753922066,42625.9921875,163610
2020-10-28,42108.26789473684,42453.417631578945,40986.53125,40986.53125,247080
2020-10-29,40813.95606684388,41849.405269385374,40727.66863329875,41590.54296875,211090
2020-10-30,41590.544260204086,42280.84375,40641.3824617347,42280.84375,523960
2020-11-02,41849.407720398136,42021.982597595656,41633.68912390124,41719.9765625,122440
2020-11-03,42021.98571752071,42108.27316252588,41676.8359375,41676.8359375,80450
2020-11-04,41763.11978099385,42410.27556272413,41763.11978099385,42108.26953125,199140
2020-11-05,42194.55533720482,42410.273922773355,42021.98046875,42021.98046875,255810
2020-11-06,42065.129440023295,42108.27316252588,41417.973602484475,41676.8359375,147850
2020-11-09,41676.83526900773,42021.98504349227,41676.83526900773,41849.41015625,266160
2020-11-10,43057.432174385875,43057.432174385875,38958.778811092634,42151.4140625,1107700
2020-11-11,42280.84522134084,42798.5698567042,41719.97686636387,42151.4140625,512860
2020-11-12,42151.409983442645,42367.12856063529,41806.26025993442,41935.69140625,356940
2020-11-13,41676.832343429815,42108.26953125,41461.113749519725,42108.26953125,459050
2020-11-16,42280.84558346314,42539.707903361894,41547.40234375,41547.40234375,896740
2020-11-17,41763.1171875,41935.69205191115,41547.39860698605,41763.1171875,468290
2020-11-18,41935.69205191115,42065.123200219525,41719.97347139721,41763.1171875,485750
2020-11-19,42021.977980152864,44351.7385663215,41935.690551035506,43747.7265625,1877310
2020-11-20,43920.30370707757,44092.87857429595,43661.44140625,43661.44140625,705480
2020-11-23,43747.7265625,44265.451137204145,43057.42712956115,43747.7265625,776920
2020-11-24,43834.017585906375,43920.305022099106,42798.568351593625,43316.29296875,886820
2020-11-25,44006.59574962797,44006.59574962797,43316.29620845734,43488.87109375,694950
2020-11-26,43402.58038971303,45042.04167679961,43316.29295355058,44351.7421875,1630020
2020-11-27,44351.740557992205,44783.177722953216,43920.30339303119,44265.453125,627770
2020-11-30,44351.744171382874,44524.31905142716,43834.01953125,43834.01953125,515420
2020-12-01,43143.716804594864,43834.016273468376,42712.27963654891,43661.44140625,907360
2020-12-02,43661.44238089391,44351.74186517682,43143.71776768173,43920.3046875,632830
2020-12-03,44265.45344151433,44265.45344151433,43402.57910542243,43661.44140625,688180
2020-12-04,43920.30697127215,44524.31905142716,43661.44465120571,43834.01953125,901290
2020-12-07,44351.740557992205,44351.740557992205,44006.59082602339,44265.453125,534840
2020-12-08,44265.451137204145,44351.7385663215,43661.43913338264,43747.7265625,768990
2020-12-09,43920.30404517208,45732.340164913956,43747.72917662524,45128.328125,1540750
2020-12-10,45128.332409762595,45732.3445070252,44524.3203125,44524.3203125,906890
2020-12-11,45300.90267541273,45732.33984375,44610.603206073116,45732.33984375,1131390
2020-12-14,45991.206938073396,47026.65625,45904.91949541285,47026.65625,1162870
2020-12-15,46595.21712662337,47458.09151785714,46163.779931006495,46508.9296875,1249090
2020-12-16,46422.64290910149,46595.21778980447,46163.78058804702,46336.35546875,651030
2020-12-17,46077.48990200765,46336.35220482791,44696.89095363289,45128.328125,1365140
2020-12-18,45128.332880750466,46422.64453125,45128.332880750466,46422.64453125,839990
2020-12-21,46595.21484375,46681.502278645836,45904.915364583336,46595.21484375,838750
2020-12-22,46595.21484375,46595.21484375,46595.21484375,46595.21484375,0
2020-12-23,45818.6328125,46854.082141596045,45818.6328125,45818.6328125,866960
2020-12-24,46077.49254328748,46422.64230016604,42712.282413721536,45473.48046875,833500
2020-12-25,45559.77048022598,45904.92025659134,44869.47092749529,45818.6328125,394190
2020-12-28,46422.64125228103,47803.24024863139,45818.62919137774,47285.515625,1758050
2020-12-29,47458.08886540219,48062.10090550731,46681.50195669561,47199.2265625,1165010
2020-12-30,47371.80078125,47889.52537995219,47026.651048781874,47371.80078125,456950
2020-12-31,47112.94140625,47458.09116014194,47026.65396777701,47112.94140625,566460
2021-01-01,47112.94140625,47112.94140625,47112.94140625,47112.94140625,0
2021-01-04,47458.08821436703,48234.67511242031,47112.938481898906,47371.80078125,133000
2021-01-05,47458.08756805808,47975.81215970962,47112.93784029038,47544.375,74680
2021-01-06,48234.6738034019,48924.97324960443,47630.661787974685,47716.94921875,69180
2021-01-07,47889.52896667041,48579.82848330711,47630.666647931655,47975.81640625,75550
2021-01-08,48407.25162644573,49787.85060331406,48148.38931828292,48493.5390625,131480
2021-01-11,49960.42776505236,50478.15240510471,49097.5533649651,49442.703125,114070
2021-01-12,49528.990565008724,49960.42776505236,49011.265924956366,49442.703125,65630
2021-01-13,49960.42678865132,50046.71422697369,49097.55240542763,49183.83984375,79270
2021-01-14,48838.68880671708,49356.4134230427,48320.96419039146,48493.5390625,118770
2021-01-15,48493.53579799107,48838.685518973216,47716.948925781246,48320.9609375,123600
2021-01-18,48320.96646613191,49356.41574754902,47889.529265541445,48407.25390625,124080
2021-01-19,48752.40002211085,48752.40002211085,45300.90267541273,45732.33984375,80590
2021-01-20,45904.915689493435,46595.21517354596,44869.46646341463,45991.203125,136810
2021-01-21,46854.07618254781,47458.08821436703,46163.77671761157,47371.80078125,96130
2021-01-22,47458.09018186004,48148.389675414364,46854.078125,46854.078125,99080
2021-01-25,47285.51663961039,47285.51663961039,46508.9296875,46508.9296875,90640
2021-01-26,46508.92407319391,47026.648645437264,44955.750356463876,45387.1875,119890
2021-01-27,45387.187715729786,45646.05000308186,43661.43913338264,43747.7265625,116870
2021-01-28,42021.983481197036,42971.14532574153,40727.671875,40727.671875,159380
2021-01-29,39260.78348214286,43575.15529336735,39260.78348214286,42280.84375,73490
2021-02-01,42280.84737435567,43143.72181056701,41504.26038176546,41849.41015625,69320
2021-02-02,41849.41005407445,43230.009148641846,41590.547723843054,42884.859375,107860
2021-02-03,43057.43162128713,44179.16831683168,43057.43162128713,43575.15625,70780
2021-02-04,44006.59082602339,44265.453125,43402.57879507797,44265.453125,36470
2021-02-05,44265.45602101293,45042.04296875,44265.45602101293,45042.04296875,57040
2021-02-08,45559.764302884614,46595.21349158654,43230.00362830529,44869.46484375,208870
2021-02-09,44869.46484375,44869.46484375,44869.46484375,44869.46484375,0
2021-02-10,44869.46484375,44869.46484375,44869.46484375,44869.46484375,0
2021-02-11,44869.46484375,44869.46484375,44869.46484375,44869.46484375,0
2021-02-12,44869.46484375,44869.46484375,44869.46484375,44869.46484375,0
2021-02-15,44869.46484375,44869.46484375,44869.46484375,44869.46484375,0
2021-02-16,44869.46484375,44869.46484375,44869.46484375,44869.46484375,0
2021-02-17,46854.077465776485,48148.388997980255,45818.628240013466,48062.1015625,127120
2021-02-18,48234.679026013815,48579.828786486185,47889.529265541445,48407.25390625,130460
2021-02-19,47975.81444617438,48579.82649855427,47630.66470195729,48493.5390625,146600
2021-02-22,48493.53969077797,50046.71355987762,48407.252253605766,49356.4140625,213370
2021-02-23,49960.42347738777,49960.42347738777,48579.824555732834,49011.26171875,131400
2021-02-24,49011.26171875,49011.26171875,49011.26171875,49011.26171875,0
2021-02-25,49011.26171875,49011.26171875,49011.26171875,49011.26171875,0
2021-02-26,49183.839803479386,50219.2890625,49183.839803479386,50219.2890625,131930
2021-03-01,50305.577760858054,50995.877284163136,50219.29032044492,50909.58984375,529200
2021-03-02,51341.02839030503,51427.315832977816,50478.15396357721,50564.44140625,385800
2021-03-03,50564.43587072649,50650.72330395299,50132.998704594014,50478.1484375,428630
2021-03-04,50478.15270869377,50823.3024708045,48320.96669550173,49874.140625,434850
2021-03-05,50132.99837015086,50478.14810075431,49615.27377424569,50046.7109375,489470
2021-03-08,51082.1667380137,51082.1667380137,49960.429968428936,50391.8671875,385220
2021-03-09,50046.71557530919,50046.71557530919,48752.40396560291,48838.69140625,409720
2021-03-10,48752.39873851927,48838.68616991487,47975.81185595878,48148.38671875,429800
2021-03-11,48407.25360414793,49183.84056036421,47716.95408751124,47975.81640625,290550
2021-03-12,48493.54104372752,48752.40336246628,47975.81640625,47975.81640625,212720
2021-03-15,47630.667524080556,50046.71587675131,47630.667524080556,49270.12890625,455160
2021-03-16,49183.84110077855,50046.71550605536,48493.541576557094,49874.140625,496460
2021-03-17,49356.41598183391,49960.42806552768,49356.41598183391,49874.140625,473960
2021-03-18,49874.13900021664,49960.426437933274,49615.276687066726,49787.8515625,344290
2021-03-19,48924.97788077265,49183.84019760213,47975.816052397866,48579.828125,449340
2021-03-22,48579.82322823661,49011.260379464286,48320.9609375,48320.9609375,96370
2021-03-23,48320.96481643357,49701.56381118881,48148.38994208916,49356.4140625,175380
2021-03-24,49011.26531971581,49011.26531971581,48320.96580817051,48579.828125,169490
2021-03-25,48407.25162644573,48752.40137066281,48148.38931828292,48493.5390625,88950
2021-03-26,48234.6796875,48320.96712880143,45732.34388975849,48234.6796875,114820
2021-03-29,48752.40336246628,48838.690802045865,47975.81640625,47975.81640625,66260
2021-03-30,47975.8147804054,48407.25196368243,47803.23990709459,47889.52734375,96930
2021-03-31,47889.5247277677,48924.97391107078,47544.375,47544.375,93590
2021-04-01,47544.37885768206,48666.11556394316,47544.37885768206,48579.828125,67990
2021-04-02,48838.68978152655,49183.839532632745,48666.11490597345,48752.40234375,104670
2021-04-05,49615.2787483229,49615.2787483229,47975.81736359571,48234.6796875,166240
2021-04-06,47803.236993167564,48320.96158154122,47716.94956177195,48148.38671875,110590
2021-04-07,47889.52442456317,48148.38671875,47716.94956177195,48148.38671875,125690
2021-04-08,48320.96712880143,48579.82945270572,47975.81736359571,48234.6796875,74090
2021-04-09,48234.6796875,48579.82945270572,48062.104804897135,48234.6796875,74970
2021-04-12,47889.52992229427,48320.96712880143,47889.52992229427,48234.6796875,161660
2021-04-13,48320.96254553734,48407.24997865437,47371.80078125,47371.80078125,144360
2021-04-14,47371.805642832885,47889.53029466712,46940.368432971016,47630.66796875,84460
2021-04-15,47975.81646369485,48493.54110179228,46422.642549402575,46940.3671875,212270
2021-04-16,47112.939453125,47112.939453125,44869.466145833336,45559.765625,147210
2021-04-19,45559.768571428576,45904.918333333335,45300.90625,45300.90625,140870
2021-04-20,45732.34212547258,46595.216505198485,45300.90493560964,45646.0546875,135990
2021-04-21,45646.0546875,45646.0546875,45646.0546875,45646.0546875,0
2021-04-22,44955.755575980394,45646.05508578431,44006.59375,44006.59375,148570
2021-04-23,44006.59375,44351.74350490196,43488.86911764706,44006.59375,218490
2021-04-26,44869.46665415415,44869.46665415415,42841.71191112988,43100.57421875,112780
2021-04-27,43100.57172309028,43143.71543852881,41935.69140625,41935.69140625,205080
2021-04-28,42108.2695,43316.293625,42021.9820625,43143.71875,139600
2021-04-29,43575.15298832008,43661.44041998012,42798.56610337972,43402.578125,103710
2021-04-30,43402.578125,43402.578125,43402.578125,43402.578125,0
2021-05-03,43402.578125,43402.578125,43402.578125,43402.578125,0
2021-05-04,43143.72088997986,43143.72088997986,42280.84647218026,42841.71484375,109820
2021-05-05,43575.15494535855,45042.04134945972,43316.29263875246,43920.3046875,145350
2021-05-06,42712.282810962104,44696.89393147146,42712.282810962104,43834.01953125,103520
2021-05-07,43661.43913338264,43920.301420734715,43230.00198779586,43747.7265625,186180
2021-05-10,43834.01723733584,46163.77799601313,43747.729801829264,45991.203125,293940
2021-05-11,46163.77701208727,46336.35187942217,45732.33984375,45732.33984375,171190
2021-05-12,45559.76594746717,46250.065431519695,45559.76594746717,45991.203125,219310
2021-05-13,46077.490234375,46854.0771484375,45904.915364583336,46595.21484375,204010
2021-05-14,46767.79100136862,47371.8030622719,46595.216126824824,47285.515625,238060
2021-05-17,47889.5263671875,47975.813802083336,46508.92740885417,46595.21484375,231410
2021-05-18,46595.21484375,46940.364583333336,46163.777669270836,46595.21484375,239970
2021-05-19,47026.65136358395,47716.95083314115,46681.50162880535,46767.7890625,280880
2021-05-20,47112.942066865806,47285.51694623162,46163.78023035386,46940.3671875,148090
2021-05-21,46854.0740690331,49528.984375,46422.636922909405,49528.984375,224840
2021-05-24,48838.69044182949,48838.69044182949,47975.816052397866,48579.828125,311180
2021-05-25,48579.82649855427,48666.11393460854,47975.81444617438,48493.5390625,398770
2021-05-26,48320.961234177215,48320.961234177215,47544.37435719937,47716.94921875,481720
2021-05-27,47458.09151785714,47630.666396103894,46422.64224837662,46508.9296875,422850
2021-05-28,47026.65331318431,47458.090499543796,46422.64125228103,47285.515625,414190
2021-05-31,46767.79165235806,47458.09116014194,46681.50421388507,47112.94140625,435030
2021-06-01,47458.08886540219,47975.81347120658,47026.65169389854,47199.2265625,206250
2021-06-02,47458.09308480525,48320.967504528984,47199.23075888814,47630.66796875,480730
2021-06-03,48234.6793913583,48234.6793913583,47544.379865185016,47803.2421875,436930
2021-06-04,47803.24019340035,49615.276374016605,47112.94069602273,49356.4140625,591300
2021-06-07,49874.14069401501,50046.71557530919,47458.09235589664,48838.69140625,6463900
2021-06-08,48838.69140625,48838.69140625,48838.69140625,48838.69140625,0
2021-06-09,47112.944078183085,47371.80640828299,45818.63242768355,46422.64453125,4049700
2021-06-10,46336.35553571429,46422.64297619048,45042.04392857143,45300.90625,3102600
2021-06-11,45732.34049479167,46767.78971354167,45387.190755208336,46595.21484375,5131500
2021-06-14,47285.51886363636,47803.24352272727,46681.506761363635,47458.09375,6387700
2021-06-15,47371.8030622719,47889.52768590329,46595.216126824824,47285.515625,7003300
2021-06-16,47544.374065290176,49011.260379464286,47544.374065290176,48320.9609375,4148100
2021-06-17,47889.52732308201,49270.12630897266,47458.09013999118,48924.9765625,3096600
2021-06-18,48752.40234375,49097.55209485619,48493.54003042035,48752.40234375,2319300
2021-06-21,49270.12976615827,50995.878619613904,49097.55488081271,50564.44140625,6573200
2021-06-22,51168.45350495947,51341.02839030503,50478.15396357721,50564.44140625,3673900
2021-06-23,50652.530766039825,50828.713481747785,49595.43447179203,49771.6171875,2790000
2021-06-24,49507.34287109375,50123.98237304688,48978.794726562504,49331.16015625,2592500
2021-06-25,49331.16039823009,50123.98261891593,49066.88632466814,49771.6171875,1839500
2021-06-28,50652.52948500438,50652.52948500438,49947.79863999562,50300.1640625,2439700
2021-06-29,49859.70918594306,50212.07462188612,48890.70423709964,49507.34375,2488400
2021-06-30,49243.067404197085,49683.52417883212,48274.0625,48274.0625,2339900
2021-07-01,48362.15498310811,49331.15990990991,47569.33277027027,48890.703125,2307300
2021-07-02,49507.34415895758,49595.43551867103,48714.52192153656,48802.61328125,1266800
2021-07-05,48802.61328125,48802.61328125,48802.61328125,48802.61328125,0
2021-07-06,48802.61328125,48802.61328125,48802.61328125,48802.61328125,0
2021-07-07,48802.61328125,48802.61328125,48802.61328125,48802.61328125,0
2021-07-08,48802.61328125,48802.61328125,48802.61328125,48802.61328125,0
2021-07-09,45631.323742002955,46600.3286863312,43869.496570497045,44750.41015625,2491500
2021-07-12,44750.41015625,44750.41015625,44750.41015625,44750.41015625,0
2021-07-13,44045.67631740196,45102.77254901961,43913.539288449756,44926.58984375,1200100
2021-07-14,44926.58984375,44926.58984375,44926.58984375,44926.58984375,0
2021-07-15,44221.860510805505,45278.95677799607,44133.76915520629,44838.5,1030800
2021-07-16,44838.5,44838.5,44838.5,44838.5,0
2021-07-19,43605.222417091834,44133.77056760204,42724.308832908166,43164.765625,1312400
2021-07-20,42988.57959726444,43517.127707066866,42107.666080927054,43473.08203125,1878300
2021-07-21,44045.6796875,44486.136484375,43825.4512890625,44045.6796875,1131300
2021-07-22,44045.677799607074,45102.77406679765,44045.677799607074,44838.5,784100
2021-07-23,44574.22872572211,44838.5028090762,44133.77192013197,44221.86328125,1002500
2021-07-26,43693.315756513024,44045.68120616232,43429.04166927605,43957.58984375,1069300
2021-07-27,44486.135841202784,44838.50127360835,44045.67905069582,44309.953125,975000
2021-07-28,44221.85875618812,44750.40686881188,44045.6760519802,44486.1328125,464600
2021-07-29,44486.13308057598,44926.58984375,44001.63064108456,44926.58984375,1719000
2021-07-30,45102.77582846004,45543.232623659846,44750.4103923002,45190.8671875,1306000
2021-08-02,45367.05078125,45807.507584951454,45014.68533828883,45367.05078125,872300
2021-08-03,45367.04750061035,45455.13885498047,44838.49937438965,45102.7734375,1243400
2021-08-04,45102.7734375,45102.7734375,45102.7734375,45102.7734375,0
2021-08-05,46159.87109375,46600.327878995704,45719.41430850429,46159.87109375,806900
2021-08-06,46512.236767485825,46952.69355505671,46336.05405245747,46600.328125,1720900
2021-08-09,46336.05405245747,46776.51084002836,45807.5059073724,46600.328125,1710100
2021-08-10,46600.328125,46600.328125,46600.328125,46600.328125,0
2021-08-11,47393.15452364232,47657.428619499064,47040.7890625,47040.7890625,2800700
2021-08-12,46688.41796875,47305.05745135614,46688.41796875,46688.41796875,2153600
2021-08-13,46336.05405245747,46688.419482514175,45719.41454985822,46600.328125,2831900
2021-08-16,46424.141854606525,46424.141854606525,44926.588891554704,45895.59375,1051300
2021-08-17,45895.59375,45895.59375,45895.59375,45895.59375,0
2021-08-18,45455.14453125,45719.41862736191,45190.87043513808,45455.14453125,1016100
2021-08-19,45455.14214199029,45631.32486347087,45014.68533828883,45367.05078125,1008500
2021-08-20,45543.23097278226,45543.23097278226,43605.22114415322,43693.3125,1982900
2021-08-23,43517.13479381443,43957.59162371134,42724.3125,42724.3125,1795400
2021-08-24,43164.76474449282,43429.03881435707,42724.307961385755,42988.58203125,1279500
2021-08-25,43296.900211276494,43913.539685292635,43164.763181130176,43649.265625,1156100
2021-08-26,43737.3601049153,44133.771223690965,42900.4921875,42900.4921875,754100
2021-08-27,42768.3547466856,43605.22265625,42768.3547466856,43605.22265625,797100
2021-08-30,43957.585362008074,44133.76806886983,43517.12859485368,43649.265625,831900
2021-08-31,44045.680331991956,44045.680331991956,43605.22352867203,43781.40625,1101500
2021-09-01,43869.496570497045,45014.68423197589,43781.40521192175,44750.41015625,1320900
2021-09-02,44750.41015625,44750.41015625,44750.41015625,44750.41015625,0
2021-09-03,44750.41015625,44750.41015625,44750.41015625,44750.41015625,0
2021-09-06,45102.774951076324,45719.414452360565,44750.409521771035,45014.68359375,1375400
2021-09-07,45014.686414930555,45278.96050347222,44133.772786458336,44398.046875,1205400
2021-09-08,44398.046875,44398.046875,44398.046875,44398.046875,0
2021-09-09,43605.22163722826,44750.40927618577,43605.22163722826,44574.2265625,746700
2021-09-10,44838.49822091584,44926.5895730198,44486.1328125,44486.1328125,702400
2021-09-13,44750.409915506956,45014.683989811136,44309.953125,44309.953125,1201200
2021-09-14,44750.41298652694,44750.41298652694,44133.7734375,44133.7734375,648500
2021-09-15,44133.76915520629,44838.5,44133.76915520629,44838.5,847800
2021-09-16,45190.86390165441,45631.32066482843,44750.40713848039,44926.58984375,1014800
2021-09-17,45190.86848187869,45190.86848187869,44662.3203125,44662.3203125,893600
2021-09-20,44662.319203125,45190.867359375,44045.6796875,44045.6796875,1142300
2021-09-21,44045.6796875,44045.6796875,44045.6796875,44045.6796875,0
2021-09-22,44045.6796875,44045.6796875,44045.6796875,44045.6796875,0
2021-09-23,44486.13736460408,44838.5028090762,44045.68055901394,44221.86328125,919700
2021-09-24,44486.136484375,44838.501921875,44045.6796875,44045.6796875,95100000
2021-09-27,44574.23025823353,44838.504350673655,44133.7734375,44133.7734375,1496700
2021-09-28,44221.86137781311,45455.14038038161,44133.770020486794,45014.68359375,2247200
2021-09-29,45278.9596454327,46247.96461838942,44926.594200721156,45807.5078125,2210600
2021-09-30,46071.78408884448,46159.875454215115,45367.053165879355,45455.14453125,969100
2021-10-01,45190.86592304913,46071.77948880058,45102.774566473985,45719.4140625,2380900
2021-10-04,46688.417605715615,47745.51385339219,46512.234897769515,47393.1484375,3392
2021-10-05,48009.7863882769,48009.7863882769,47216.96422773655,47481.23828125,1392800
2021-10-06,47481.23828125,47481.23828125,47481.23828125,47481.23828125,0
2021-10-07,47128.87525318287,48009.78880931713,46247.96169704861,47569.33203125,2783100
2021-10-08,47569.33203125,47569.33203125,47569.33203125,47569.33203125,0
2021-10-11,47569.33203125,47569.33203125,47569.33203125,47569.33203125,0
2021-10-12,48362.15863636364,48802.615454545456,47745.519090909096,48450.25,2970900
2021-10-13,48185.97062325743,48538.336039149624,47393.1484375,47393.1484375,1768800
2021-10-14,47393.1484375,47393.1484375,47393.1484375,47393.1484375,0
2021-10-15,47833.61222452192,47833.61222452192,47040.789922458025,47216.97265625,1830000
2021-10-18,47216.97265625,47216.97265625,47216.97265625,47216.97265625,0
2021-10-19,47833.60572536496,48538.33656478103,47569.33166058394,48274.0625,1198600
2021-10-20,48362.1517929615,48362.1517929615,46864.59882305195,47481.23828125,1183600
2021-10-21,47921.701168224296,47921.701168224296,47128.87890625,47128.87890625,1128500
2021-10-22,47128.876270085064,47481.24170014178,46424.14540997164,46600.328125,1576000
2021-10-25,46600.328125,46600.328125,46600.328125,46600.328125,0
2021-10-26,46600.328125,46600.328125,46600.328125,46600.328125,0
2021-10-27,46600.328125,46600.328125,46600.328125,46600.328125,0
2021-10-28,48538.33656478103,48714.51927463504,48097.87979014599,48274.0625,1387500
2021-10-29,48274.06134473198,48538.33540318854,47657.421875,47657.421875,2289600
2021-11-01,47657.421875,47657.421875,47657.421875,47657.421875,0
2021-11-02,47569.33166058394,47833.60572536496,47481.24030565694,48274.0625,1890500
2021-11-03,48009.788288620286,48185.970997936325,46688.41796875,46688.41796875,1957500
2021-11-04,46688.41859879032,47128.87537802419,46247.96181955645,46424.14453125,1526500
2021-11-05,46600.3247695385,48450.243144132655,46600.3247695385,47481.23828125,2295000
2021-11-08,48009.78994087066,48890.70351776737,47833.607225491316,48185.97265625,2207100
2021-11-09,48097.88433199541,48274.06705848624,47745.51887901376,48009.79296875,1074200
2021-11-10,48626.42962049743,51357.26171875,48274.064188464836,51357.26171875,7387900
2021-11-11,52942.906890154685,53295.2723270276,51709.6278610995,52678.6328125,5714300
2021-11-12,52766.725045572915,52854.81640625,51533.445996093746,52854.81640625,2450800
2021-11-15,52942.90625,54440.459338602326,52150.084026622295,52942.90625,3128700
2021-11-16,52678.62836150085,53207.17647215136,51797.71484375,51797.71484375,2612300
2021-11-17,51621.53678542673,54704.734375,51533.44542572464,54704.734375,4711400
2021-11-18,54792.822822745904,54969.00553278688,53559.54385245901,53735.7265625,2574800
2021-11-19,54440.462239583336,54440.462239583336,50123.985460069445,52326.26953125,5024900
2021-11-22,51357.2629556127,51885.811116390876,48978.79623211091,49243.0703125,3031200
2021-11-23,49243.0692776864,50212.07421875,48978.79520285087,50212.07421875,2507800
2021-11-24,50828.71372669956,51357.26187637061,49859.708785635965,50212.07421875,2281600
2021-11-25,50476.348767510775,51973.901872306036,50212.074690193964,51092.98828125,2036100
2021-11-26,51092.99089458627,51533.44771264304,49859.71180402729,50035.89453125,2760500
2021-11-29,48802.60910462204,48802.60910462204,47569.33017418032,48362.15234375,2717900
2021-11-30,48890.700814463955,49947.7970482902,47657.421875,47657.421875,2727300
2021-12-01,47569.33529005525,48538.34026818601,47569.33529005525,47833.609375,1844900
2021-12-02,47833.60684121622,49243.06855292793,47833.60684121622,48890.703125,1186100
2021-12-03,48890.705250351784,48890.705250351784,46952.6953125,46952.6953125,1645400
2021-12-06,47040.78753626692,47393.15298597678,45014.6862004352,45543.234375,2038600
2021-12-07,46159.87391939252,47128.87890625,45895.59983206775,47128.87890625,989900
2021-12-08,47569.33114544609,48274.061977230485,47305.057083526954,47393.1484375,1106400
2021-12-09,47128.87375808688,47921.69593345656,47128.87375808688,47657.421875,1421300
2021-12-10,47393.15211655722,47481.24347736867,46688.421230065665,46952.6953125,1440600
2021-12-13,47040.78452339385,47745.51537767691,46952.69316660847,47305.05859375,1316300
2021-12-14,47305.062062786696,48274.06705848624,47128.879336295875,48009.79296875,1045000
2021-12-15,47921.70009157509,49066.887777587,47569.33464972528,48097.8828125,1358400
2021-12-16,48274.06099157559,48538.335048098816,47833.60423070355,48362.15234375,1206700
2021-12-17,48362.15754488951,48538.34026818601,47833.609375,47833.609375,1023600
2021-12-20,47745.51422464623,47745.51422464623,46336.05255011793,46688.41796875,1492900
2021-12-21,46688.41796875,47040.78338738208,46336.05255011793,46688.41796875,858300
2021-12-22,46952.69113991477,47393.147904829544,46512.234375,46512.234375,884600
2021-12-23,46688.417080965904,47393.147904829544,45631.32084517045,46512.234375,1667200
2021-12-24,47040.78338738208,47481.24016067217,46600.32661409198,46688.41796875,597000
2021-12-27,46952.69105244917,47657.421875,46864.599699630315,47657.421875,972100
2021-12-28,48185.97062325743,48185.97062325743,47305.057083526954,47393.1484375,888300
2021-12-29,47481.240675636574,47745.51474247685,47305.05796440972,47569.33203125,668600
2021-12-30,47921.6974537037,48274.062876157404,47569.33203125,47569.33203125,551000
2021-12-31,47657.4209835923,48097.87773944805,47305.0555789077,47481.23828125,872900
2022-01-03,47481.23828125,47481.23828125,47481.23828125,47481.23828125,0
2022-01-04,47921.69991055456,49683.52711314848,47569.33447003578,49243.0703125,2734500
2022-01-05,49331.15686714542,50300.16173417864,48978.79146095153,49066.8828125,1640600
2022-01-06,49066.885838963964,49947.79940878379,48626.42905405405,48890.703125,1242900
2022-01-07,49243.072047069276,49947.80295293073,49066.88932060391,49595.4375,1521100
2022-01-10,49947.803181818184,50123.98590909091,48450.25,48450.25,1504200
2022-01-11,48362.15269755083,48714.51810882625,47569.330522181146,47657.421875,1115000
2022-01-12,49331.15875912409,49331.15875912409,47305.05759580292,48274.0625,1388500
2022-01-13,48450.24648293358,48890.70326914207,47657.4242677583,47745.515625,1055200
2022-01-14,47569.336363636365,48450.25,47305.06227272727,48450.25,884000
2022-01-17,49331.165461753735,49771.622296233676,47128.881289354016,47216.97265625,1814400
2022-01-18,46952.69254195602,47921.6974537037,46600.32711950231,47569.33203125,1129000
2022-01-19,48009.787286275416,48097.87863909427,47305.056463724584,47657.421875,1004200
2022-01-20,47657.421875,48009.787286275416,47128.87375808688,47657.421875,669600
2022-01-21,47657.423015510954,48626.42791970803,47128.874885948906,48274.0625,1281700
2022-01-24,48274.06618324126,49154.97979972376,47833.609375,47833.609375,1088400
2022-01-25,47657.42514217601,48009.790577608,47216.96834788603,47921.69921875,977300
2022-01-26,48274.0643366228,50388.256935307014,47745.516186951754,50212.07421875,4913800
2022-01-27,51092.987801535084,51092.987801535084,50212.07421875,50212.07421875,1932200
2022-01-28,50212.07616143048,50652.53296986408,48978.797097816394,49419.25390625,1430900
2022-01-31,49419.25390625,49419.25390625,49419.25390625,49419.25390625,0
2022-02-01,49419.25390625,49419.25390625,49419.25390625,49419.25390625,0
2022-02-02,49419.25390625,49419.25390625,49419.25390625,49419.25390625,0
2022-02-03,49419.25390625,49419.25390625,49419.25390625,49419.25390625,0
2022-02-04,49419.25390625,49419.25390625,49419.25390625,49419.25390625,0
2022-02-07,50388.25468483815,52854.81260647359,49947.797913117545,51709.625,3957700
2022-02-08,51181.07538132441,52238.17160262543,51181.07538132441,51797.71484375,1986900
2022-02-09,51797.721354166664,53647.639973958336,51269.173177083336,52326.26953125,2814400
2022-02-10,52766.72527117769,53471.456159607435,52326.26846590909,53295.2734375,3213700
2022-02-11,53559.54861111111,53647.639973958336,52238.178168402774,52326.26953125,2724600
2022-02-14,53030.99609375,54528.549139586794,52678.63067120016,53030.99609375,3147700
2022-02-15,53030.99609375,53030.99609375,53030.99609375,53030.99609375,0
2022-02-16,51357.258964512715,52061.989790783904,50828.71084480933,51973.8984375,1851300
2022-02-17,51709.628717447915,53471.455930989585,51269.1719140625,52854.81640625,2257800
2022-02-18,52590.541453281774,53207.18096780936,52238.17601640886,52678.6328125,1749200
2022-02-21,53383.36215306761,53471.45350975584,52678.63129956177,52766.72265625,2326000
2022-02-22,53383.36164314516,55938.010962701606,52854.813508064515,54616.640625,5660600
2022-02-23,55145.192925,56730.83745,54969.010200000004,55057.1015625,4311700
2022-02-24,55145.19099960568,58052.20586060725,54616.64284305993,55849.921875,5798300
2022-02-25,55585.64732321715,56114.195475260414,54176.185584435094,54969.0078125,3042900
2022-02-28,55497.557496488764,55938.014302016454,54704.73524653893,54880.91796875,2428900
2022-03-01,54969.008870309946,55321.3743117863,53735.72982514274,54000.00390625,3577800
2022-03-02,55497.557926829264,56466.56290650406,54176.1875,54176.1875,5368100
2022-03-03,54969.00955414013,55849.92316878981,54088.09593949045,55321.375,3080600
2022-03-04,54792.82526084288,54969.007978723406,53823.8203125,53823.8203125,2848300
2022-03-07,55321.37134676146,56554.65032582939,54440.45779028436,55761.828125,6674300
2022-03-08,55057.10023067904,55497.55703252447,54000.00390625,54000.00390625,2878000
2022-03-09,54616.644965277774,56290.380859375,54000.00542534722,55497.55859375,3721600
2022-03-10,54616.6434288336,54616.6434288336,53647.638464773656,54000.00390625,2906400
2022-03-11,54000.00313173491,54352.368568157326,50652.531485721986,51092.98828125,5639500
2022-03-14,50652.53207457513,51092.988875223615,49154.9789523703,49243.0703125,3858900
2022-03-15,48714.52065429688,50123.98237304688,48009.789794921875,49331.16015625,2592000
2022-03-16,49683.526467971526,49771.61782695729,48802.612878113876,49507.34375,1634500
2022-03-17,49683.52074932796,49683.52074932796,48978.78995855735,49154.97265625,1490400
2022-03-18,49683.52711314848,50035.89255366726,49243.0703125,49243.0703125,1514600
2022-03-21,49331.16015625,50035.891015625006,49066.88608398438,49331.16015625,1400300
2022-03-22,49859.71180402729,50564.442712918135,49771.620440415936,50035.89453125,1998000
2022-03-23,50035.891015625006,50212.07373046875,49331.16015625,49331.16015625,1522600
2022-03-24,49947.79965820313,49947.79965820313,49243.06879882813,49331.16015625,1447000
2022-03-25,49331.16015625,50212.07373046875,49066.88608398438,49331.16015625,1417700
2022-03-28,49331.16015625,50035.891015625006,48978.794726562504,49331.16015625,1764000
2022-03-29,49243.07054105718,49859.71006482713,49243.07054105718,49683.52734375,1594000
2022-03-30,49507.34636363637,49595.43772727273,48450.25,48450.25,2248900
2022-03-31,48450.25086333786,48978.79905457427,47921.70267210145,48626.43359375,1938200
2022-04-01,48450.248482872055,48978.796648139745,48009.79167848231,48538.33984375,1340600
2022-04-04,48802.612878113876,49683.526467971526,48714.52151912811,49507.34375,1692600
2022-04-05,49683.527991310155,50123.98479974376,49419.25390625,49419.25390625,926100
2022-04-06,49066.88608398438,49595.43422851563,48978.794726562504,49331.16015625,1262500
2022-04-07,49331.16276501767,50564.44183414311,49154.98004085689,49859.7109375,3131500
2022-04-08,49859.70918594306,50476.348698843416,49507.34375,49507.34375,1558900
2022-04-11,49507.34375,49507.34375,49507.34375,49507.34375,0
2022-04-12,49507.34457989927,49507.34457989927,48097.8828125,48097.8828125,1465200
2022-04-13,48274.06401393967,48450.24672931901,47481.24179473263,48185.97265625,1274500
2022-04-14,48362.15537162934,48802.6121600777,47921.69858318099,48185.97265625,1030400
2022-04-15,48274.06401393967,49066.88623314671,48009.78994087066,48185.97265625,1178200
2022-04-18,48185.9725602552,48890.70342036862,46600.328125,46600.328125,1985100
2022-04-19,46864.59960171569,47569.33042279412,44926.58984375,44926.58984375,1352700
2022-04-20,44926.59311038012,46071.780777899614,44750.4103923002,45190.8671875,1732500
2022-04-21,45278.95806411531,45543.23213841948,44133.770408797216,44309.953125,2002500
2022-04-22,44486.13889408683,44926.59571482036,42988.58570359281,44133.7734375,2090300
2022-04-25,44221.863214189914,44398.0459361588,41050.57421875,41050.57421875,2303200
2022-04-26,39641.110012421545,42107.66796875,39288.74459008891,42107.66796875,2044300
2022-04-27,42107.67208527433,42548.12890625,41226.758443322986,42548.12890625,593900
2022-04-28,42636.21610224895,42636.21610224895,41843.39390200052,42107.66796875,609700
2022-04-29,42019.57360839844,42724.30440266927,41755.299560546875,42283.84765625,871300
2022-05-02,42283.84765625,42283.84765625,42283.84765625,42283.84765625,0
2022-05-03,42283.84765625,42283.84765625,42283.84765625,42283.84765625,0
2022-05-04,42283.85149023638,43429.03913476362,42283.85149023638,42856.4453125,779900
2022-05-05,43252.85871028099,43605.22415802258,41711.2598764115,41931.48828125,1542400
2022-05-06,40962.479317344434,41402.936084197594,40345.83984375,40345.83984375,1026300
2022-05-09,40301.79570587588,40301.79570587588,37526.91796875,37526.91796875,2497600
2022-05-10,35500.8153359192,37879.2818720726,35500.8153359192,37615.0078125,1181500
2022-05-11,37923.33012989458,37923.33012989458,36469.82270331325,36557.9140625,1273100
2022-05-12,36557.915114961135,37218.60032788212,34003.265625,34003.265625,2073500
2022-05-13,34003.2670682731,34355.632530120485,32637.85090361446,32902.125,2015800
2022-05-16,33738.99175791241,35192.499235733696,33738.99175791241,34443.72265625,1598100
2022-05-17,34443.72084330143,36822.1875,34443.72084330143,36822.1875,1495800
2022-05-18,37086.463758680555,37086.463758680555,36249.595811631945,36469.82421875,1216200
2022-05-19,35412.72980324074,36293.64347993827,35412.72980324074,35677.00390625,1367000
2022-05-20,35765.09527391975,36734.10031828703,35632.95822241512,35677.00390625,1106000
2022-05-23,36117.4586568323,36117.4586568323,35280.59071234472,35456.7734375,1090900
2022-05-24,35676.995800781246,35676.995800781246,34443.71693359375,35236.5390625,770900
2022-05-25,35765.09331597222,36557.91558159722,35236.54513888889,36469.82421875,1234100
2022-05-26,36690.04890845329,38143.55624816393,36469.82052364865,37482.87109375,1650500
2022-05-27,37570.963647117074,37835.23771731954,37438.826612015844,37526.91796875,1051000
2022-05-30,37791.19165826613,38407.831149193546,37703.100302419356,38231.6484375,1268600
2022-05-31,38143.55968572443,39553.02147549716,37835.23991921165,38760.19921875,2119400
2022-06-01,38760.1955758427,39508.972081285116,38672.10422226124,39200.65234375,1321500
2022-06-02,39200.65234375,39200.65234375,39200.65234375,39200.65234375,0
2022-06-03,38407.833548850576,39024.473078304596,38055.46810344828,38319.7421875,1338800
2022-06-06,38936.380028535634,39817.29360384187,38936.380028535634,39553.01953125,1695100
2022-06-07,39553.02337894808,41270.805017900166,38584.0183518469,41138.66796875,1631000
2022-06-08,41535.07485242129,42195.76003034952,41226.75510272145,41270.80078125,2041700
2022-06-09,41226.75629664179,41535.07605527052,40962.48221781716,41314.84765625,814300
2022-06-10,40698.205625,41138.66239583334,39641.109375,39641.109375,1655600
2022-06-13,38231.650130208334,39244.70076729911,36998.37109375,36998.37109375,1678400
2022-06-14,36998.37006960557,38584.01450116009,36954.324390951275,37967.375,1377300
2022-06-15,38319.73685213415,38539.96522484756,36117.453125,36117.453125,930800
2022-06-16,37174.55501263377,37350.737737812124,36822.189562277046,37042.41796875,817400
2022-06-17,35765.089741199285,36998.368697792364,35765.089741199285,36910.27734375,1109100
2022-06-20,36646.00636942675,36646.00636942675,34575.859375,34575.859375,1238300
2022-06-21,34575.85729667468,35676.99924879808,33915.17212540064,34355.62890625,533000
2022-06-22,35588.908148734175,35588.908148734175,34443.72051028481,34796.0859375,516600
2022-06-23,34796.09106265356,36205.55297911548,34399.67989864865,35853.1875,394200
2022-06-24,35985.3230267693,36381.73417394301,35677.00324563419,35941.27734375,524800
2022-06-27,36117.45726656626,36557.9140625,35765.09182981928,36557.9140625,556400
2022-06-28,36646.004784688994,37262.64428827751,36381.730711722485,36822.1875,561600
2022-06-29,36381.7271722561,36822.18391768293,35985.31610137195,36117.453125,437200
2022-06-30,36029.36850573822,36381.733967897024,35324.6375814206,35500.8203125,636800
2022-07-01,35236.545566502464,35853.18511391625,34707.99738300493,35765.09375,539300
2022-07-04,36205.55245120818,36293.6438197026,35500.82150325279,35544.8671875,212300
2022-07-05,35941.27350560398,35985.31918391967,35236.542652552926,35368.6796875,313200
2022-07-06,34531.812009162306,35324.63422365838,33650.8984375,33650.8984375,571200
2022-07-07,35060.35975560897,35060.35975560897,33650.89805689103,34355.62890625,419400
2022-07-08,34707.994897554,35104.40600679003,34179.44675190597,34663.94921875,253600
2022-07-11,34752.0402590981,35324.634078322786,34531.81186708861,34796.0859375,317000
2022-07-12,34796.0859375,34796.0859375,34796.0859375,34796.0859375,0
2022-07-13,35456.77015703223,35588.90718867334,35016.313384895184,35192.49609375,363900
2022-07-14,35148.45010520573,35588.906873441396,35016.31307473504,35324.6328125,218100
2022-07-15,35368.68305884893,35368.68305884893,35016.31759873587,35060.36328125,349400
2022-07-18,35588.91048136646,35765.09320652174,35236.5450310559,35456.7734375,402900
2022-07-19,35632.957314244355,37086.46484375,35588.911631532064,37086.46484375,1069900
2022-07-20,38099.50994110998,38407.829674737455,37174.55074022754,37747.14453125,914800
2022-07-21,37438.82844783058,37615.011169938014,36998.371642561986,37306.69140625,396100
2022-07-22,36998.370215311006,37350.73564593301,36822.1875,36822.1875,471800
2022-07-25,36822.182386709246,36822.182386709246,35853.177587059,36205.54296875,470100
2022-07-26,36381.731429773565,36646.00550795594,35941.27463280294,35985.3203125,247700
2022-07-27,35985.31936194764,36469.82182581719,35500.81689807808,36381.73046875,350200
2022-07-28,36646.00542168675,36998.37085843374,36425.77702371988,36557.9140625,694400
2022-07-29,36601.95402315237,36601.95402315237,36205.54296875,36205.54296875,443300
2022-08-01,35676.99985047847,36822.1875,35368.680098684206,36822.1875,1113400
2022-08-02,36249.59014862805,36425.77284679878,36073.407450457315,36117.453125,1275500
2022-08-03,35985.31760486705,36513.8657214624,35853.180575718216,36029.36328125,1442600
2022-08-04,36337.688237641036,37262.64757459917,36117.459824079575,37086.46484375,1511100
2022-08-05,36646.005102040814,37262.644610969386,36557.91374362245,36690.05078125,1453000
2022-08-08,36734.09606890459,37482.87260747939,36734.09606890459,37394.78125,1603600
2022-08-09,37703.10440172209,38099.51554613272,37042.41916103771,37086.46484375,1639000
2022-08-10,37042.41557564809,37086.461254097136,36646.004469606676,36954.32421875,1192600
2022-08-11,37438.82821833931,37438.82821833931,36557.91461320191,36866.234375,1382000
2022-08-12,36690.05014805572,37350.735324791414,36690.05014805572,36954.32421875,690900
2022-08-15,36998.37347832542,37350.73894002375,36778.14506476396,37086.46484375,1526200
2022-08-16,36910.28218930636,38099.515625,36910.28218930636,38099.515625,2545400
2022-08-17,38319.73741573857,38319.73741573857,37526.91526230949,37570.9609375,1560700
2022-08-18,37526.92100899175,37659.05805479806,37130.509871572816,37350.73828125,1375600
2022-08-19,37350.7337529274,38231.647284836065,37262.642399736535,37615.0078125,1495800
2022-08-22,37350.73708677686,38055.467975206615,37218.60004519628,37306.69140625,988200
2022-08-23,37218.60038618608,38848.290580610796,37086.46334339489,38760.19921875,3993800
2022-08-24,38936.38500642123,39112.567744006854,38495.928162457196,38584.01953125,1409200
2022-08-25,38672.10546875,39112.562250854215,38539.96843411874,38672.10546875,946800
2022-08-26,38672.1076329023,38936.38171695403,38187.60514547414,38319.7421875,1933400
2022-08-29,37570.96301810169,38011.41979439831,36734.09514313811,37791.19140625,2361900
2022-08-30,38055.46952662722,38319.743620562134,37174.55588017752,37218.6015625,1821500
2022-08-31,36998.37196386256,37394.783092046804,36998.37196386256,37174.5546875,1095000
2022-09-01,37174.5546875,37174.5546875,37174.5546875,37174.5546875,0
2022-09-02,37174.5546875,37174.5546875,37174.5546875,37174.5546875,0
2022-09-05,37086.46005183473,37526.916822046536,36910.27734375,36910.27734375,1257000
2022-09-06,37262.64493599397,37262.64493599397,36557.9140625,36557.9140625,1498300
2022-09-07,36513.86360351562,36513.86360351562,35236.5390625,35236.5390625,2462800
2022-09-08,35412.72874136307,35588.9114714196,34972.27191622173,35060.36328125,1169900
2022-09-09,35236.53995646766,35412.72265625,34972.26590679416,35412.72265625,650000
2022-09-12,35500.81911878882,36117.4586568323,35456.7734375,35456.7734375,467200
2022-09-13,35588.906873441396,35676.99822708853,35236.541458852866,35324.6328125,538200
2022-09-14,34707.9921875,35060.35759041878,34531.809486040605,34707.9921875,1068200
2022-09-15,34840.13073016063,35060.35911657125,34619.90234375,34619.90234375,724000
2022-09-16,34619.90657926245,34796.089309945724,34355.63248323755,34487.76953125,692900
2022-09-19,34487.765424547695,34752.03948910362,33386.623488898025,33474.71484375,1122400
2022-09-20,33694.94323087993,33738.98890830592,33034.25806949013,33474.71484375,1325700
2022-09-21,33430.67067941952,33738.9904353562,33210.4422823219,33386.625,699500
2022-09-22,33122.35036617843,33430.67011692743,32593.802222037284,33078.3046875,1460000
2022-09-23,33078.304120463705,33166.395476310485,32681.893019153224,32769.984375,1750100
2022-09-26,32417.617988227146,32505.709341456022,31448.613102709485,31800.978515625,1477500
2022-09-27,31845.025009931145,32109.299076403604,31008.157132768363,31184.33984375,1338700
2022-09-28,30699.83518479137,31184.33760521132,30655.78951020774,30743.880859375,718100
2022-09-29,31008.157387190684,31536.70552447234,30259.380859375,30259.380859375,945300
2022-09-30,29686.78750118731,29995.10725268332,28585.6455315587,28982.056640625,2003200
2022-10-03,28982.057162867077,30259.381870653015,28497.5546875,28497.5546875,1340100
2022-10-04,28805.873876953126,29334.422021484377,28189.234375,28189.234375,1241000
2022-10-05,28541.60028409091,29334.422514204543,28541.60028409091,29070.1484375,987500
2022-10-06,29334.42293041537,29510.605650718167,28365.41796875,28365.41796875,899200
2022-10-07,29463.433114681604,29920.939840064857,28639.921008991743,29097.427734375,1371800
2022-10-10,29280.42910447761,30927.45324160448,29005.925081623136,30652.94921875,1485100
2022-10-11,30790.204083806817,31384.962855113634,30195.4453125,30195.4453125,1433300
2022-10-12,30469.94894220133,31339.211749861726,30012.442201327434,31018.95703125,1434300
2022-10-13,31110.45912926558,31110.45912926558,30469.94967660423,30835.955078125,513400
2022-10-14,31201.96047964577,31339.212505216063,30698.703052554712,30835.955078125,1056100
2022-10-17,30744.45279255319,30790.20346635163,29920.94066418123,30103.943359375,880400
2022-10-18,30286.945247885338,30835.953318843985,30286.945247885338,30424.197265625,626300
2022-10-19,30927.45466400376,30927.45466400376,30241.194575305453,30424.197265625,651300
2022-10-20,30744.450559701494,31064.705253031716,30286.94385494403,30652.94921875,932400
2022-10-21,30835.955518353174,30835.955518353174,28822.92578125,28822.92578125,1845900
2022-10-24,28914.427607721842,29463.4357268558,26809.896484375,26809.896484375,1452100
2022-10-25,26626.891761997766,27084.39849330357,24979.867529296873,25620.376953125,1631100
2022-10-26,25391.623046875,26032.13245706644,25254.371030405404,25391.623046875,627300
2022-10-27,25620.37773840206,26718.393927190722,25528.87638933634,26626.892578125,668500
2022-10-28,26992.897359913793,27084.398706896554,26260.886584051725,26535.390625,593800
2022-10-31,26535.391515899122,26535.391515899122,25391.624640213817,26077.884765625,855100
2022-11-01,26535.391229059278,26992.897974387888,26489.640554526417,26626.892578125,787900
2022-11-02,26718.395131186007,27175.90189713097,26672.64445459151,26809.896484375,579400
2022-11-03,26489.64048477564,27038.648577724358,26443.889810363245,26764.14453125,595500
2022-11-04,26764.144744873047,26764.144744873047,26123.635297987195,26352.388671875,1051200
2022-11-07,26535.3926559792,26992.89942590988,26077.885886048527,26398.140625,686300
2022-11-08,26260.88638714983,26992.897157523345,25894.881001963073,26947.146484375,757800
2022-11-09,26352.387326989618,26626.89136164576,25986.381947448095,26443.888671875,666500
2022-11-10,26077.883463541664,26443.88884548611,24705.36328125,24705.36328125,1090300
2022-11-11,25071.369887408087,25345.873937270222,24659.61381261489,24888.3671875,528600
2022-11-14,24613.860834316038,24705.36217570755,23332.842054834906,24247.85546875,793600
2022-11-15,23332.84348060345,23790.350215517243,22555.08203125,22555.08203125,1349000
2022-11-16,20999.55859750601,23881.850954026442,20999.55859750601,23790.349609375,2378400
2022-11-17,23790.350420321636,24202.106485288743,23424.345029239765,23470.095703125,1225600
2022-11-18,23424.344621513945,23881.85135240289,22097.575101936007,22966.837890625,1124000
2022-11-21,22555.081112586464,23561.59588840168,22555.081112586464,23149.83984375,781900
2022-11-22,23149.841371958493,24430.86026210639,22966.838673365935,23973.353515625,1832900
2022-11-23,23973.353306754223,25162.870837242026,23973.353306754223,24385.109375,1551400
2022-11-24,24796.865696022727,25300.123117897725,24385.109623579545,25162.87109375,1305800
2022-11-25,25254.370188053097,25849.12890625,25254.370188053097,25849.12890625,1244800
2022-11-28,25620.378247444634,26855.646484375,25620.378247444634,26855.646484375,1208300
2022-11-29,27084.3984375,27358.902475717907,26306.636995882604,27084.3984375,1819100
2022-11-30,27084.397828389832,27221.649844412077,26581.140436308262,26992.896484375,966100
2022-12-01,27450.404485887095,28365.41796875,27450.404485887095,28365.41796875,1604800
2022-12-02,28273.916416186406,28777.173828125,27450.404287559617,28777.173828125,1048800
2022-12-05,28914.425580148207,29509.18433417024,28868.674906761895,29326.181640625,888100
2022-12-06,29188.929118377484,29188.929118377484,27450.403559602648,27633.40625,1086600
2022-12-07,27633.406022581334,27633.406022581334,26626.891233679366,26718.392578125,727600
2022-12-08,26809.89559301594,28365.418545511744,26809.89559301594,27267.40234375,1028900
2022-12-09,27862.15887451172,27862.15887451172,27313.150817871094,27816.408203125,643100
2022-12-12,27816.40856109325,28822.92334455386,27816.40856109325,28456.91796875,859500
2022-12-13,27999.41302995621,28914.426527667198,27999.41302995621,28731.423828125,897600
2022-12-14,28822.921931070578,29005.92460999801,28090.911215360848,28685.669921875,472600
2022-12-15,28639.92255,28731.4239,28273.91715,28594.171875,369400
2022-12-16,28365.41796875,28548.42066532258,27907.911227318546,28365.41796875,1115600
2022-12-19,28365.416259765625,28411.166931152344,27816.408203125,27816.408203125,490800
2022-12-20,27816.410668654175,27816.410668654175,26855.646484375,26855.646484375,997800
2022-12-21,26901.39514036017,27404.652532441738,26581.140436308262,26992.896484375,606600
2022-12-22,26901.39530230424,28639.920849051792,26901.39530230424,28045.162109375,608700
2022-12-23,28090.913322967233,28365.41736195388,27496.15457182949,28273.916015625,465800
2022-12-26,28548.419701986757,28548.419701986757,27633.40625,27633.40625,752600
2022-12-27,27175.899988511028,28182.414802900326,27175.899988511028,27999.412109375,422800
2022-12-28,28273.917671130952,29188.931187996033,28045.164291914683,28822.92578125,734700
2022-12-29,29188.92728892544,29234.6779586573,28685.669921875,28685.669921875,748400
2022-12-30,29188.93043301459,29188.93043301459,28777.174361075515,29005.927734375,512600
2023-01-02,29005.927734375,29005.927734375,29005.927734375,29005.927734375,0
2023-01-03,29143.1785583033,30195.444032150986,29143.1785583033,30149.693359375,744300
2023-01-04,30103.94479166667,32254.2265625,29875.19141179078,32254.2265625,1544600
2023-01-05,32208.472416201115,32757.48046875,31796.716376789453,32757.48046875,970500
2023-01-06,32482.980018028844,32848.98542668269,32116.974609375,32116.974609375,901900
2023-01-09,31750.967732174297,32665.981211487677,31750.967732174297,32482.978515625,544200
2023-01-10,32116.976255088197,33992.75407055631,32116.976255088197,33718.25,965800
2023-01-11,33855.4966442953,35045.01409395973,33489.491275167784,34084.25,1601300
2023-01-12,34084.25202156334,34130.00269541779,33489.49326145552,33947.0,605700
2023-01-13,33947.00067476383,34313.006072874494,33397.99257759784,33901.25,682200
2023-01-16,33901.24946395211,34038.50148607337,33397.99204950748,33672.49609375,424300
2023-01-17,33672.496485943775,34267.25525539659,33535.24446222389,34175.75390625,605000
2023-01-18,34130.00229235197,34862.01306537829,34130.00229235197,34770.51171875,629800
2023-01-19,34541.75835217928,34862.01306537829,34404.506332236844,34770.51171875,447700
2023-01-20,34770.51171875,34770.51171875,34770.51171875,34770.51171875,0
2023-01-23,34770.51171875,34770.51171875,34770.51171875,34770.51171875,0
2023-01-24,34770.51171875,34770.51171875,34770.51171875,34770.51171875,0
2023-01-25,34770.51171875,34770.51171875,34770.51171875,34770.51171875,0
2023-01-26,34770.51171875,34770.51171875,34770.51171875,34770.51171875,0
2023-01-27,35136.515748031496,35411.01977731299,34770.510375656166,34862.01171875,477900
2023-01-30,34770.51282051282,34907.76484480432,33901.25,33901.25,687000
2023-01-31,34221.504182235054,34221.504182235054,33489.49339758832,33672.49609375,741100
2023-02-01,33946.99973060345,34496.0078125,32940.4849137931,33169.23828125,1294200
2023-02-02,33169.238955671615,33580.99502546616,33031.98693240677,33123.48828125,525300
2023-02-03,33397.99309860925,34130.00390625,33031.98769478887,34130.00390625,800900
2023-02-06,34130.00320151418,35502.5234375,33855.49915431701,35502.5234375,1442200
2023-02-07,35685.5234375,36600.53685897436,35548.27142427884,35685.5234375,1467200
2023-02-08,35685.52419354839,35685.52419354839,34038.5,34038.5,730100
2023-02-09,34404.507668205806,35228.019819838395,34175.75429275231,34679.01171875,454900
2023-02-10,34770.511586161876,35594.02370267624,34130.00216220626,35045.015625,852700
2023-02-13,34907.765094203496,34953.515769294194,33855.49956711742,34679.01171875,463500
2023-02-14,34953.514412006574,35045.015758634865,34038.50094572368,34770.51171875,210000
2023-02-15,34724.76263104838,35685.526814516124,34496.00925403226,35456.7734375,680500
2023-02-16,35456.77008213141,36005.77813501602,35456.77008213141,35685.5234375,716200
2023-02-17,35914.27827983323,35960.02895280116,35319.51953125,35319.51953125,416200
2023-02-20,35045.01641814721,36051.53125,35045.01641814721,36051.53125,696000
2023-02-21,36600.53879310345,37698.55495689655,36143.03205818966,37149.546875,1820900
2023-02-22,36600.53992146597,37149.548020287955,34953.515625,34953.515625,860900
2023-02-23,35136.51629726206,35411.02033083442,34313.00419654498,35090.765625,1362200
2023-02-24,34999.265220905174,35228.01858836207,34358.75579202586,34496.0078125,386600
2023-02-27,34130.00337381916,34313.006072874494,33809.748650472335,33901.25,726700
2023-02-28,33992.751879817355,34587.510661025466,33992.751879817355,34130.00390625,240700
2023-03-01,34313.007863033636,35594.02682325356,34130.00515443079,35365.2734375,495100
2023-03-02,35548.27614610285,35868.53088615783,32894.73687136158,35365.2734375,381900
2023-03-03,35594.02478656572,35639.77546109858,34862.013994039946,35502.5234375,372100
2023-03-06,35868.53141066838,35960.03276630784,35411.02463247108,35594.02734375,600600
2023-03-07,35685.5234375,36097.27947716346,35639.77276642628,35685.5234375,684200
2023-03-08,35594.02734375,35960.03276630784,35319.52327683162,35594.02734375,413500
2023-03-09,35639.77276642628,36417.53417467949,35182.2660556891,35685.5234375,663800
2023-03-10,35685.52312008519,35685.52312008519,34770.50970674967,34907.76171875,653500
2023-03-13,34770.51104632063,35045.01508089685,34313.004322026936,34816.26171875,651000
2023-03-14,34862.01347708895,35136.51752021563,33809.74797843666,33947.0,781700
2023-03-15,34587.50591384462,34587.50591384462,33855.49520667331,34450.25390625,724600
2023-03-16,34175.75572773384,34175.75572773384,33214.99151048831,33260.7421875,1372800
2023-03-17,33397.991370939264,33763.99675582627,31933.96983139124,32391.4765625,5502500
2023-03-20,32482.97790872175,33260.73935160664,32345.725889389123,32391.4765625,1315900
2023-03-21,32482.977558762606,33031.985630178315,31613.714779021073,31750.966796875,1550500
2023-03-22,32254.22419567273,32254.22419567273,31613.714779021073,31750.966796875,1568000
2023-03-23,31613.71304589435,32803.23046875,31567.96237578452,32803.23046875,2018400
2023-03-24,32848.98609439477,33535.246249570155,32848.98609439477,33260.7421875,1052000
2023-03-27,33260.73921678046,33306.48988970588,32665.98046875,32665.98046875,913200
2023-03-28,33031.98449502444,33169.23650816166,32665.979126658516,32757.48046875,577400
2023-03-29,32848.986924913195,33031.989637586805,32665.984212239582,32940.48828125,587900
2023-03-30,33397.9945799458,34038.50406504065,33306.49322493225,33764.0,1565200
2023-03-31,34313.00457902203,34770.51130674232,34175.75256070594,34267.25390625,2458700
2023-04-03,34816.261296874996,34816.261296874996,33855.4971875,34313.00390625,1452000
2023-04-04,34724.765625,34770.516304347824,34358.76019021739,34724.765625,1627200
2023-04-05,34770.51104632063,34907.763063608734,34541.75768417378,34816.26171875,965800
2023-04-06,34953.515373995986,34953.515373995986,34175.75390625,34175.75390625,1259300
2023-04-07,34175.75309806035,34862.013200431036,34130.002424568964,34496.0078125,1153500
2023-04-10,34679.01201198056,34770.51336293566,34038.50255529491,34130.00390625,1303600
2023-04-11,34130.00473612991,34358.75811907984,33672.49797023004,33809.75,793400
2023-04-12,33855.49609375,34221.501456925675,33672.49341216216,33855.49609375,561800
2023-04-13,34038.5,34358.75470430108,33855.49731182796,34038.5,580200
2023-04-14,34130.002975171235,34130.002975171235,33397.9921875,33397.9921875,587900
2023-04-17,33214.98705851801,33397.989742036014,32986.2337041205,33031.984375,607300
2023-04-18,33123.488005264946,33763.99744183084,33123.488005264946,33672.49609375,492800
2023-04-19,33809.74962439904,33809.74962439904,33306.4921875,33306.4921875,324800
2023-04-20,33306.491512345674,33489.49421296296,33260.740837191355,33352.2421875,407800
2023-04-21,33352.23816964286,33809.74486607143,33306.4875,33626.7421875,573800
2023-04-24,33672.49285714286,33672.49285714286,33443.73950892857,33626.7421875,361000
2023-04-25,33626.74692007212,33672.497596153844,33306.4921875,33306.4921875,338000
2023-04-26,33626.74796747968,33764.0,33306.49322493225,33764.0,489200
2023-04-27,33855.497851301734,34358.75525179406,33855.497851301734,34267.25390625,853000
2023-04-28,34358.75525179406,34587.5086156542,34130.00188793391,34267.25390625,350100
2023-05-01,34267.25390625,34267.25390625,34267.25390625,34267.25390625,0
2023-05-02,34267.25390625,34267.25390625,34267.25390625,34267.25390625,0
2023-05-03,34267.25390625,34267.25390625,34267.25390625,34267.25390625,0
2023-05-04,34450.25659733811,34496.007270110145,34038.500542389855,34267.25390625,662100
2023-05-05,34450.25968812004,34770.51442625662,34313.00765749008,34587.51171875,1143900
2023-05-08,34724.76374937996,34953.51713376323,34587.51171875,34587.51171875,676600
2023-05-09,34679.01037212171,34907.76373869243,34587.50902549342,34770.51171875,659700
2023-05-10,34679.013752069535,34770.515107615895,34313.008329884105,34541.76171875,627000
2023-05-11,34541.76171875,34679.013752069535,34404.509685430465,34541.76171875,589800
2023-05-12,34541.75659017144,34541.75659017144,34221.50189330892,34358.75390625,552000
2023-05-15,34450.25968812004,34724.76374937996,34313.00765749008,34587.51171875,695500
2023-05-16,34541.75768417378,34907.763063608734,34541.75768417378,34816.26171875,987100
2023-05-17,34770.510624999995,34862.01196875,34313.00390625,34313.00390625,597800
2023-05-18,34313.00457902203,34404.50592456609,34084.25121516188,34267.25390625,445900
2023-05-19,34541.755916514296,34724.75859686669,34267.251895985704,34404.50390625,625000
2023-05-22,34404.509685430465,34724.76442984272,34404.509685430465,34541.76171875,499200
2023-05-23,34679.00928125,34770.510624999995,34267.253234375,34313.00390625,553200
2023-05-24,34313.00390625,34313.00390625,34313.00390625,34313.00390625,0
2023-05-25,34038.501882530116,34404.507279116464,33855.49918423695,34175.75390625,375100
2023-05-26,34175.74989106076,34953.51126743028,34175.74989106076,34450.25390625,737800
2023-05-29,34496.0090183872,34907.765094203496,34496.0090183872,34679.01171875,868600
2023-05-30,34953.515769294194,34953.515769294194,34633.2610436593,34679.01171875,507800
2023-05-31,34679.00928125,34724.759953125,34267.253234375,34313.00390625,950100
2023-06-01,34267.25390625,34496.007270110145,34267.25390625,34267.25390625,416900
2023-06-02,34358.75618872549,35228.01899509804,34313.00551470588,34999.265625,1189000
2023-06-05,35502.523297634274,36097.28206421835,35228.01925151854,35777.02734375,1441700
2023-06-06,35777.030055028925,36005.78344412757,35456.77531029081,35594.02734375,690200
2023-06-07,35685.52869938946,35685.52869938946,35090.76988773297,35594.02734375,1272900
2023-06-08,35685.52504895561,36051.5304340731,35045.015625,35045.015625,540900
2023-06-09,34953.514412006574,35045.015758634865,34679.01037212171,34770.51171875,591100
2023-06-12,34770.516304347824,34953.51902173913,34450.26154891304,34724.765625,569700
2023-06-13,34541.75768417378,34816.26171875,34496.00701174441,34816.26171875,420000
2023-06-14,35045.01508089685,35136.51642575558,34816.26171875,34816.26171875,436500
2023-06-15,34770.511586161876,35411.02101011749,34770.511586161876,35045.015625,1436500
2023-06-16,35365.269489247316,35365.269489247316,34038.5,34038.5,620800
2023-06-19,34404.50537634409,34587.50806451613,34038.5,34038.5,750500
2023-06-20,34038.5,34313.00403225807,33855.49731182796,34038.5,556100
2023-06-21,34175.751890625,34313.00390625,34038.499875,34313.00390625,454900
2023-06-22,34313.00390625,34313.00390625,34313.00390625,34313.00390625,0
2023-06-23,34496.00659375,34587.5079375,34130.001218749996,34313.00390625,686500
2023-06-26,34313.00323526964,34496.00591919108,33901.247196446406,34358.75390625,830200
2023-06-27,34633.25769474934,35136.51507208388,34496.00568274902,34907.76171875,858700
2023-06-28,35182.26641957841,35182.26641957841,34679.00903256234,34862.01171875,409900
2023-06-29,34953.5133125,34953.5133125,34313.00390625,34313.00390625,689000
2023-06-30,34404.507279116464,34679.011326556225,34175.75390625,34175.75390625,444000
2023-07-03,34358.75256785359,34862.00992903386,34221.500560258966,34450.25390625,379100
2023-07-04,34633.262007920326,36463.2890625,34633.262007920326,36463.2890625,3702800
2023-07-05,36875.046875,37378.30433855459,36463.290768455336,36875.046875,2214000
2023-07-06,36737.79483948511,37515.55637406948,36463.290768455336,36875.046875,2371600
2023-07-07,37058.04958901985,37332.55366004963,36692.04416098015,36875.046875,1478400
2023-07-10,37241.04769736842,38247.5625,37058.04500598086,38247.5625,2415100
2023-07-11,38430.56875,38476.319427083334,37744.30859375,37744.30859375,1676900
2023-07-12,37790.055901731925,38384.814650790664,37607.05320971386,37973.05859375,1187300
2023-07-13,38064.56129227053,38247.56399079106,37652.80522059934,37881.55859375,1142700
2023-07-14,37835.8028919621,38064.556234718824,37103.79219514059,37424.046875,1705900
2023-07-17,37561.30212625916,38018.808851304944,36920.792711195056,37469.80078125,2239700
2023-07-18,37744.30631550555,37790.056989827375,37103.796875,37103.796875,1122100
2023-07-19,37332.54847256858,37378.29914471634,36692.0390625,36692.0390625,1401500
2023-07-20,36646.2898742522,36875.04324425378,36234.53380824937,36326.03515625,2116600
2023-07-21,36326.036072530864,37241.04957561728,36280.285397376545,37058.046875,1741000
2023-07-24,37149.550946029776,37424.05501705955,36875.046875,36875.046875,1713100
2023-07-25,37058.04958901985,37744.30976659429,36600.542803970224,36875.046875,1969500
2023-07-26,36875.04417438272,37241.04957561728,36783.54282407407,37058.046875,1219100
2023-07-27,37058.043203712405,37241.04588619988,36326.032473762534,36509.03515625,2127700
2023-07-28,36692.03973548689,36783.54108146067,36417.53569756554,36646.2890625,1595300
2023-07-31,36875.04244164156,37973.05859375,36875.04244164156,37973.05859375,2751400
2023-08-01,38613.56690167683,38613.56690167683,37378.29876619665,37515.55078125,3004500
2023-08-02,37835.80616128663,37835.80616128663,37378.29943624084,37469.80078125,1347500
2023-08-03,37515.5511611596,37607.05250545511,36692.0390625,36692.0390625,2016300
2023-08-04,37149.550946029776,37149.550946029776,36600.542803970224,36875.046875,1482200
2023-08-07,37149.54822530864,37241.04957561728,36875.04417438272,37058.046875,1474800
2023-08-08,37195.293532243275,37652.800217756725,37195.293532243275,37424.046875,2949000
2023-08-09,37698.557547604425,37698.557547604425,37149.54942797912,37241.05078125,1235700
2023-08-10,37424.052131204044,38339.06563074449,37332.55078125,37332.55078125,2426300
2023-08-11,37469.800910977865,37698.55427429274,36600.538130381305,37195.296875,1139900
2023-08-14,37286.7995722873,37332.55024660913,36966.54485203452,37103.796875,1196600
2023-08-15,37195.30094098513,37195.30094098513,36783.54484200743,36920.796875,1207800
2023-08-16,36966.54499223603,37286.79971370342,36646.29027076863,36829.29296875,1006000
2023-08-17,36783.541214622644,36920.79323408019,36371.78515625,36371.78515625,1615700
2023-08-18,36371.786285768074,36509.03830948795,34175.75390625,34175.75390625,2701800
2023-08-21,34038.499875,34633.258609375,33992.749203125,34313.00390625,877800
2023-08-22,34770.511853448275,34816.26252693966,33855.49838362069,34496.0078125,1252900
2023-08-23,34862.0133376504,34862.0133376504,33763.997169535425,34221.50390625,1209200
2023-08-24,34221.50630373677,34587.51171875,34221.50630373677,34587.51171875,583800
2023-08-25,34587.5072611518,34679.00860311252,34358.75390625,34358.75390625,933800
2023-08-28,34313.00300008191,35136.51507208388,34313.00300008191,34907.76171875,936300
2023-08-29,34999.264408467476,35045.01508089685,34770.51104632063,34816.26171875,798000
2023-08-30,35045.01428222656,35639.773010253906,35045.01428222656,35136.515625,803900
2023-08-31,35136.51750972762,35365.27087893158,35136.51750972762,35273.76953125,729500
2023-09-01,35273.76953125,35273.76953125,35273.76953125,35273.76953125,0
2023-09-04,35273.76953125,35273.76953125,35273.76953125,35273.76953125,0
2023-09-05,35868.528017241384,36097.281384698275,35685.52532327586,35822.77734375,1240400
2023-09-06,36234.53136927481,36234.53136927481,35868.5260019084,35960.02734375,743400
2023-09-07,36051.53192503177,36463.28800031766,35914.27989993647,36005.78125,832100
2023-09-08,35960.029901649745,36326.03529505076,35868.52855329949,36051.53125,972300
2023-09-11,36143.03432794855,37149.54920796738,36143.03432794855,36463.2890625,2041800
2023-09-12,36600.53515625,36829.28850097656,36326.031142578126,36600.53515625,685400
2023-09-13,36875.046875,37652.808409584366,36600.542803970224,36875.046875,2266800
2023-09-14,37149.54318359375,37241.04452148438,36600.53515625,36600.53515625,1097300
2023-09-15,37012.29309036426,37790.05450264633,36692.03839118929,36737.7890625,1805700
2023-09-18,37195.299345999054,37195.299345999054,35731.277723524305,36234.53515625,1405300
2023-09-19,36417.53381500627,36600.53649749373,35960.027108787595,36509.03515625,652800
2023-09-20,36600.53759282178,37149.54565671411,36417.53490485767,36966.54296875,1059800
2023-09-21,37245.88567839196,37432.11510678392,36873.42682160804,37059.65625,972500
2023-09-22,36407.85279972861,36780.31165189974,35383.59095625798,36454.41015625,1040100
2023-09-25,36454.412390625,36500.969750000004,34918.01953125,34918.01953125,1155700
2023-09-26,34918.021394878706,35337.037651617255,34545.5625,34545.5625,1064900
2023-09-27,34452.44592168263,34731.79007780438,33521.29873461012,34033.4296875,1673300
2023-09-28,34499.00552048841,35150.80859375,34266.218708609274,35150.80859375,1126200
2023-09-29,35150.806328125,35150.806328125,34592.118015625,34918.01953125,435400
2023-10-02,34918.01953125,35290.478406250004,34685.232734375,34918.01953125,567900
2023-10-03,34545.56274956597,34638.677473958334,33521.30078125,33521.30078125,1026000
2023-10-04,32729.824019396554,33893.75801724138,32729.824019396554,33754.0859375,784600
2023-10-05,33800.6425270258,33800.6425270258,32031.462890625,32031.462890625,1530500
2023-10-06,32497.035675223215,33055.72396763393,31984.904740513393,32590.150390625,2194100
2023-10-09,33335.067839635856,33428.18255427171,33009.16633841037,33241.953125,1552600
2023-10-10,33521.30078125,33754.087592230906,33474.74341905382,33521.30078125,1524500
2023-10-11,33754.08634506267,34452.4467522019,33614.414263634826,34359.33203125,1352900
2023-10-12,34452.445716961854,34918.01930773161,34033.42948526907,34173.1015625,1061800
2023-10-13,34173.1015625,34312.77363973093,33986.872126192095,34173.1015625,1299600
2023-10-16,34918.01784349525,35197.36198624321,34266.21484375,34266.21484375,1011900
2023-10-17,34266.21857638889,34312.77593858507,33521.30078125,33521.30078125,1005800
2023-10-18,33660.96961774554,33660.96961774554,32078.01945591518,32590.150390625,1299500
2023-10-19,32636.707748325894,33195.39604073661,32497.035675223215,32590.150390625,593100
2023-10-20,32729.82258562853,33009.16673287429,32031.462217514127,32962.609375,610400
2023-10-23,33335.06698638614,33381.624342512376,32590.149288366338,32916.05078125,377000
2023-10-24,32916.0544784331,33195.3986465669,32683.26767165493,33055.7265625,303400
2023-10-25,33009.16549350248,33195.39491800743,32822.93606899753,32916.05078125,373900
2023-10-26,32403.9218275076,32683.26598119301,30634.7421875,30634.7421875,1802700
2023-10-27,30727.857421875,31193.431019176136,29982.939666193182,30727.857421875,636400
2023-10-30,30727.855664954335,31007.199807363013,30588.18359375,30588.18359375,267100
2023-10-31,31007.199745297807,31007.199745297807,29331.13489420063,29703.59375,980300
2023-11-01,29377.692376765674,30262.28216307082,29144.905590895898,30076.052734375,633200
2023-11-02,30355.398648016464,31239.988485918788,30355.398648016464,31100.31640625,768400
2023-11-03,31146.874179805513,31193.431540313442,30727.857935234137,30820.97265625,571800
2023-11-06,31007.201891447367,31146.873972039473,30820.972450657893,30960.64453125,367100
2023-11-07,30960.644015719266,31612.447047629146,30727.857218608595,30867.529296875,482200
2023-11-08,30914.08906706871,31845.236328125,30681.302251804642,31845.236328125,968500
2023-11-09,31938.34878382732,32124.578222800075,31612.447265625,31612.447265625,843300
2023-11-10,31333.10393143272,31659.005458208394,31053.759765625,31053.759765625,744800
2023-11-13,31193.43184852886,31286.546570464765,30914.087682721136,31053.759765625,603700
2023-11-14,31379.661083255596,31426.218443913247,31007.202197994404,31193.431640625,729200
2023-11-15,31612.446547564337,31984.90541704963,31472.774471507353,31659.00390625,1185900
2023-11-16,31845.234681150218,32264.250926954825,31659.005238570393,32078.021484375,790400
2023-11-17,32124.578853777984,32171.136214435635,31193.431640625,31193.431640625,897400
2023-11-20,30914.087476679106,31519.333165228545,30914.087476679106,31193.431640625,958300
2023-11-21,31472.775390625,31612.447470760908,31193.43123035318,31472.775390625,910900
2023-11-22,31519.33305800294,31938.34930249633,31472.775697503672,31705.5625,838700
2023-11-23,31752.119030508158,31845.2337490727,31379.66015625,31379.66015625,874000
2023-11-24,31100.31640625,31286.54584580838,30727.857527133234,31100.31640625,778400
2023-11-27,31100.31548781622,31705.561148507255,31100.31548781622,31286.544921875,630200
2023-11-28,31100.316000556377,31379.66015625,30774.414485580488,31379.66015625,663700
2023-11-29,31519.333242405726,33335.0703125,31519.333242405726,33335.0703125,3135500
2023-11-30,33148.83920940171,33521.29807692308,32683.265625000004,32683.265625,817300
2023-12-01,32683.26808860085,33335.07115589488,32403.923916903408,32776.3828125,923200
2023-12-04,33241.956007922534,33335.0707306338,32776.3823943662,33055.7265625,934700
2023-12-05,32822.93710443038,33754.084256329115,32822.93710443038,33102.28125,884600
2023-12-06,32916.05264732765,33474.74095251567,32916.05264732765,33428.18359375,720700
2023-12-07,33335.06990131579,33335.06990131579,32403.92269736842,32729.82421875,955700
2023-12-08,32729.82482687588,33195.3984375,32683.267465813467,33195.3984375,629600
2023-12-11,33428.18524281206,33428.18524281206,32776.38218793829,33195.3984375,371900
2023-12-12,33195.39740721967,33241.954766837094,32683.266451428066,33009.16796875,547300
2023-12-13,32962.60965643011,33055.7243729737,32310.806640625,32310.806640625,939000
2023-12-14,32590.1519286754,32590.1519286754,31752.11945050946,31984.90625,441400
2023-12-15,32124.577088647962,32357.36387914541,31938.34765625,31938.34765625,447800
2023-12-18,31938.347535259956,32124.576966952434,31565.888671875,31565.888671875,351900
2023-12-19,31659.00462536819,31752.119344854567,31239.988387679492,31612.447265625,304900
2023-12-20,31659.00401980378,32124.577608330303,31612.446660951126,32031.462890625,266900
2023-12-21,31659.00390625,31798.675982306984,31659.00390625,31659.00390625,358300
2023-12-22,31752.11955089682,31938.34899107803,31426.218030579697,31472.775390625,635400
2023-12-25,31519.330343051046,32310.805403363996,31519.330343051046,32264.248046875,674200
2023-12-26,32217.69356630987,32403.923008889695,32078.021484375,32078.021484375,782300
2023-12-27,32310.808287599782,32357.365648244737,31984.906763085088,32078.021484375,457000
2023-12-28,32031.46535326087,32310.809527853264,31752.12117866848,32124.580078125,962700
2023-12-29,32124.580078125,32264.252165421196,32031.46535326087,32124.580078125,522800
2024-01-01,32124.580078125,32124.580078125,32124.580078125,32124.580078125,0
2024-01-02,32217.69408013748,32264.251441524964,32124.57935736252,32171.13671875,634300
2024-01-03,32171.137524623926,32497.0390625,32031.46543696275,32497.0390625,807400
2024-01-04,32497.036191239316,32869.49505876069,32497.036191239316,32683.265625,1704200
2024-01-05,32822.94017444957,32962.612260298294,32683.26808860085,32776.3828125,1407800
2024-01-08,32776.38137393768,33102.282893280804,32590.15193431303,32869.49609375,1403800
2024-01-09,32962.60839420996,32962.60839420996,32264.248046875,32264.248046875,498200
2024-01-10,32403.9231079627,32543.595190324606,32217.693664813487,32450.48046875,604900
2024-01-11,32450.47965334097,33009.16796875,32450.47965334097,33009.16796875,1122800
2024-01-12,33055.72667985515,33102.28404137607,32357.366257041307,32543.595703125,1008700
2024-01-15,32590.14954229798,32776.37896825397,32264.248046875,32264.248046875,321600
2024-01-16,32217.69315422662,32403.92259442446,32217.69315422662,32357.365234375,311400
2024-01-17,32543.595609849854,32776.382416787266,32171.13671875,32171.13671875,545400
2024-01-18,32403.924252717392,32403.924252717392,32078.022715692936,32124.580078125,338800
2024-01-19,32497.0378295373,32543.595190324606,32310.808386388093,32450.48046875,588500
2024-01-22,32497.037314523383,32543.594674572843,32310.80787432554,32357.365234375,314000
2024-01-23,32357.365747175394,32590.152551111907,32310.808386388093,32450.48046875,351200
2024-01-24,32450.47747283099,32543.592185808982,32217.690690386004,32264.248046875,348700
2024-01-25,32264.248046875,32264.248046875,32264.248046875,32264.248046875,0
2024-01-26,32217.694802989132,32403.924252717392,32124.580078125,32124.580078125,280500
2024-01-29,32124.577207537823,32403.921357168587,32124.577207537823,32310.806640625,384100
2024-01-30,32310.80787432554,32497.037314523383,32264.250514276082,32357.365234375,323700
2024-01-31,32357.363478820447,32403.92083634393,32171.134048726515,32217.69140625,540500
2024-02-01,32124.576691203034,32357.363478820447,32124.576691203034,32217.69140625,394100
2024-02-02,32217.69140625,32217.69140625,32217.69140625,32217.69140625,0
2024-02-05,32217.69408013748,32403.92352568741,32124.57935736252,32171.13671875,589100
2024-02-06,32217.691924081413,32310.806640625,32171.134565809618,32310.806640625,358600
2024-02-07,32310.80787432554,32590.152034622304,32217.69315422662,32357.365234375,523300
2024-02-08,32357.365234375,32357.365234375,32357.365234375,32357.365234375,0
2024-02-09,32357.365234375,32357.365234375,32357.365234375,32357.365234375,0
2024-02-15,32497.037214500706,33055.72553337464,32497.037214500706,32869.49609375,736600
2024-02-16,32869.49609375,32916.05345365616,32590.15193431303,32869.49609375,516800
2024-02-19,32916.05345905173,34079.98745689655,32916.05345905173,33754.0859375,1886200
2024-02-20,33986.8689945464,33986.8689945464,33521.2954466759,33614.41015625,952300
2024-02-21,33521.29851398601,33660.97059112762,33195.39700065559,33288.51171875,889800
2024-02-22,33241.95292887029,33800.64121338912,33195.39557182706,33381.625,1340300
2024-02-23,33381.62600160256,33428.183360042734,32683.265625000004,32683.265625,1447400
2024-02-26,32543.59600275213,32822.94017444957,32497.038640802555,32776.3828125,444000
2024-02-27,32869.49691006311,33986.87357556101,32869.49691006311,33195.3984375,1008500
2024-02-28,33428.183194492405,34452.44507510359,33428.183194492405,33707.52734375,2210300
2024-02-29,33800.64121338912,33893.75592747559,33241.95292887029,33381.625,838500
2024-03-01,33521.29831128134,33614.413028812676,33241.954158687324,33428.18359375,717600
2024-03-04,33940.3157923331,33940.3157923331,33474.7421875,33474.7421875,932700
2024-03-05,33474.7421875,33521.29954798331,33195.39802460014,33474.7421875,708000
2024-03-06,33707.52857758621,34359.33161637931,33567.85649784483,33754.0859375,1720600
2024-03-07,33986.87234375,34918.01953125,33800.64290625,34918.01953125,2773600
2024-03-08,34918.01784349525,35290.47670049252,34173.10012950068,34266.21484375,1454800
2024-03-11,34173.10259474965,34219.65995523296,33428.18482701669,33474.7421875,1223900
2024-03-12,33474.74421853508,34033.43257823247,33474.74421853508,33847.203125,880100
2024-03-13,34266.21832884097,34545.5625,33986.87415768194,34545.5625,1172600
2024-03-14,34685.232936956156,35337.03597201305,34499.003498368475,34778.34765625,2856400
2024-03-15,34918.019328934264,35197.363483565736,34685.23253340803,35057.69140625,1564900
2024-03-18,35057.69031999144,35197.362392979456,33474.74015946062,33986.87109375,2848400
2024-03-19,34079.989673731645,35104.25165846128,33847.20285902036,34871.46484375,1381800
2024-03-20,35104.25165846128,35197.3663843458,34452.44857726969,34871.46484375,1271600
2024-03-21,34918.01954648895,36035.396171976594,34592.11803072172,35802.609375,3062200
2024-03-22,35849.16735197368,35895.72471217105,35197.36430921053,35383.59375,1528100
2024-03-25,35476.70930815508,35756.05347593583,34638.676804812836,34824.90625,1720600
2024-03-26,34824.90542763158,35383.59375,34545.56126644737,35383.59375,928900
2024-03-27,35430.15111019737,35849.16735197368,35011.13486842105,35383.59375,1294100
2024-03-28,35290.4757094707,35523.262488556924,34871.45950711551,34964.57421875,1265700
2024-03-29,35104.24792644102,35197.36264242628,34638.674346514745,34731.7890625,1118900
2024-04-01,34685.235391980976,35197.3663843458,34592.12066609646,34871.46484375,682100
2024-04-02,34871.46420988621,35337.03783084598,34452.44795102243,35290.48046875,1467500
2024-04-03,35383.59167220745,35476.706387134305,34918.018097573135,35011.1328125,981900
2024-04-04,35011.1373654105,35011.1373654105,34499.00636671433,34592.12109375,962700
2024-04-05,34452.4490031965,35430.153637070995,34452.4490031965,34592.12109375,1295500
2024-04-08,34685.23334703947,34871.46278782895,34499.00390625,34499.00390625,540400
2024-04-09,34499.00636671433,34778.350547821334,34312.77691264301,34592.12109375,437400
2024-04-10,34731.79133580942,34731.79133580942,34033.43092021004,34079.98828125,863300
2024-04-11,33986.873977703166,33986.873977703166,33614.41508479683,33800.64453125,826600
2024-04-12,33986.871925881955,34405.88815510516,33847.19984947422,34312.7734375,445900
2024-04-15,34359.333300781254,34638.677473958334,32403.92408854167,33521.30078125,927300
2024-04-16,33521.29954798331,33800.64371088317,32729.824419767036,33474.7421875,786100
2024-04-17,33521.29913243626,33521.29913243626,32776.38137393768,32869.49609375,448800
2024-04-19,32636.70689878698,32869.493681231965,32171.133333897007,32264.248046875,518500
2024-04-22,32590.14954229798,32776.37896825397,32171.133333897007,32264.248046875,411300
2024-04-23,32403.92095982143,32869.49453683036,32171.134171316968,32590.150390625,420900
2024-04-24,32636.711951462767,32869.49876994681,32543.59722406915,32822.94140625,742400
2024-04-25,32822.937700320515,32822.937700320515,32497.036191239316,32683.265625,219500
2024-04-26,32683.264837184874,33241.953125,32590.15012254902,33241.953125,422300
2024-04-29,33241.953125,33241.953125,33241.953125,33241.953125,0
2024-04-30,33241.953125,33241.953125,33241.953125,33241.953125,0
2024-05-02,33241.955590956706,33567.85711635824,32822.93934401187,33335.0703125,420900
2024-05-03,33614.41550564236,33707.530230034725,33381.62869466146,33521.30078125,518700
2024-05-06,34266.21628065395,34266.21628065395,33893.757408038146,34173.1015625,550800
2024-05-07,34312.77231205588,36175.06660307655,34266.214954780364,36035.39453125,3665900
2024-05-08,36035.395400390626,37618.345585937495,35476.707099609375,37245.88671875,2984800
2024-05-09,37245.88774875622,37804.57606498756,36547.527353467034,37432.1171875,2131200
2024-05-10,37432.11862920823,37897.69224399937,36966.54501441708,37339.00390625,1932400
2024-05-13,37711.46050619511,37711.46050619511,37059.657485100375,37106.21484375,1603700
2024-05-14,37348.109520833335,37444.86628125,36090.27163541667,36283.78515625,1949200
2024-05-15,36283.78471654123,37348.10906822644,36283.78471654123,36961.08203125,1256100
2024-05-16,37299.73068860439,37590.00096633672,36864.32527200589,36961.08203125,1778200
2024-05-17,37009.457756917,37009.457756917,36187.02536231884,36719.1875,2725400
2024-05-20,36767.56640625,37299.72855160362,36767.56640625,36767.56640625,1630300
2024-05-21,36477.29867708333,36719.190578125,35800.00135416666,36283.78515625,2551900
2024-05-22,36380.540119363395,36961.080653183024,36187.026608090186,36477.296875,1576100
2024-05-23,36574.05375697891,38992.97265625,36380.54024503722,38992.97265625,5334400
2024-05-24,39863.78304115854,41024.86410060976,38944.59386909299,39670.26953125,5370300
2024-05-27,39863.782309322036,40492.70120497882,39186.48503707627,39960.5390625,3453400
2024-05-28,40444.32549262936,40541.082252181106,39767.02817576715,40202.43359375,3261100
2024-05-29,40444.3249623494,41411.89254518072,39912.162791792165,40154.0546875,4835600
2024-05-30,39670.2693281439,40105.67472320889,39041.35042416113,40008.91796875,3177800
2024-05-31,39960.539796112804,39960.539796112804,39476.75602134147,39670.26953125,1185700
2024-06-03,39670.26953125,39670.26953125,39670.26953125,39670.26953125,0
2024-06-04,40154.052898306356,40782.9717991232,40008.91776734862,40347.56640625,2201000
2024-06-05,40347.56798835126,41121.6220504779,40154.0544728196,40492.703125,2444700
2024-06-06,40395.946892713306,40976.48744686008,39476.75768198091,40541.08203125,2091400
2024-06-07,40637.83847891566,40734.595237198795,39912.162791792165,40154.0546875,1543700
2024-06-10,40202.43389637962,40831.35283820024,40154.055516239576,40589.4609375,1542900
2024-06-11,40734.59366861979,41992.431477864586,40734.59366861979,41798.91796875,3782500
2024-06-12,41798.916908352665,41895.67366045534,41121.61964363399,41702.16015625,1529800
2024-06-13,41895.675892328196,41895.675892328196,40782.97318387144,40831.3515625,2330400
2024-06-14,40831.349151234564,41169.9977816358,39186.484375,39186.484375,3495700
2024-06-17,39283.24259868421,39476.75610902256,38605.9453125,38605.9453125,2124600
2024-06-18,39476.75602134147,39960.539796112804,38992.97224657013,39670.26953125,1477100
2024-06-19,39718.6492752259,40154.0546875,39234.86548381024,40154.0546875,1026500
2024-06-20,40541.0795815678,40734.59308792373,39283.24179025424,39960.5390625,1285200
2024-06-21,40154.05529698582,41266.758034131206,39476.757978723406,40928.109375,1971100
2024-06-24,41218.37893021473,41411.89244631902,39428.37890625,39428.37890625,2505400
2024-06-25,39428.37764386433,40057.29655106708,39379.999266387196,39670.26953125,854000
2024-06-26,39670.26873894457,41073.241657760904,39428.37685639003,41024.86328125,2056300
2024-06-27,41121.62010063559,41121.62010063559,39960.5390625,39960.5390625,1067600
2024-06-28,40057.29548059291,40444.322490067236,39283.241461644255,39573.51171875,1455800
2024-07-01,39718.649710860904,40057.298368566175,38944.595636106,39476.7578125,682200
2024-07-02,40008.91796875,40008.91796875,39476.75581922612,40008.91796875,660500
2024-07-03,40250.81123058542,40831.3517771804,39863.7841995221,40492.703125,1461400
2024-07-04,40541.0797711418,42863.24185827164,40444.323017511386,42476.21484375,6016400
2024-07-05,42476.215372582476,42959.99914675768,42379.45861774744,42524.59375,2475000
2024-07-08,42572.971774193546,45088.647379032256,42572.971774193546,44991.890625,5313900
2024-07-09,45088.649932065215,45088.649932065215,44314.59585597826,44508.109375,1997900
2024-07-10,44895.134398496244,45524.05330709587,44508.10737781955,45040.26953125,2762700
2024-07-11,45137.02502754407,45378.91690872062,44604.862888955664,45282.16015625,2440800
2024-07-12,45378.919453631206,45669.18972732181,44604.86539045627,44798.37890625,1817400
2024-07-15,45185.40437825521,46443.2421875,45040.26924641927,46443.2421875,2714500
2024-07-16,46830.271463641184,46830.271463641184,45572.43359375,45572.43359375,2055700
2024-07-17,45572.43088541667,45572.43088541667,42427.836397569445,43540.5390625,3843300
2024-07-18,43927.56898026315,45959.4609375,43540.54194078947,45959.4609375,2699500
2024-07-19,45959.45849713486,46249.72876132729,44604.86393090352,45378.91796875,2054700
2024-07-22,45282.16322815534,45282.16322815534,43975.94698118932,44846.7578125,2144800
2024-07-23,44895.13502747253,45669.18907967033,43734.053949175825,44024.32421875,2257300
2024-07-24,43588.91769153226,44991.890625,42669.72852822581,44991.890625,3363700
2024-07-25,44508.10915587918,45185.40646912082,43975.94698118932,44846.7578125,1152000
2024-07-26,44846.757473359045,46588.379122809885,44846.757473359045,46249.73046875,3342100
2024-07-29,47120.54129347541,47120.54129347541,45765.94667723588,46249.73046875,1352000
2024-07-30,45959.460630639594,46733.51470441879,45040.2714180268,45572.43359375,1699000
2024-07-31,45572.432649101305,46249.72994961874,44314.594805283225,44411.3515625,3183900
2024-08-01,44604.86658388521,45088.650386313464,43830.8125,43830.8125,2571700
2024-08-02,43588.920320723686,45959.4609375,43347.02842105263,45959.4609375,2541300
2024-08-05,44895.13502747253,45330.54043183379,43637.2971926511,44024.32421875,2337800
2024-08-06,44895.1352393617,45765.946052194144,44072.702805019944,45475.67578125,2129500
2024-08-07,45669.18991893305,46394.865606204236,44750.00071505622,46249.73046875,1943600
2024-08-08,46201.3494430205,46636.75483044164,45475.67379731861,46007.8359375,2286700
2024-08-09,46443.2421875,46443.2421875,45475.674641927086,46443.2421875,1397300
2024-08-12,47120.54064579069,48184.86497249232,47120.54064579069,47265.67578125,4056100
2024-08-13,47362.43253822288,48184.86497249232,47168.91902427713,47265.67578125,2214600
2024-08-14,47410.81070566565,48862.16205379827,47168.918814310215,47604.32421875,3083900
2024-08-15,47604.32602040817,47894.596301020414,47217.29897959184,47410.8125,1244300
2024-08-16,47507.56664556571,50023.24227241848,47459.188268126236,48958.91796875,4586000
2024-08-19,48958.91976686508,49732.97383432539,48765.40625,48765.40625,1223100
2024-08-20,48668.64725259101,49636.214792403945,47846.21484375,47846.21484375,2518500
2024-08-21,47894.59416623975,48378.377945696724,46927.02660732582,47217.296875,3224800
2024-08-22,47507.56926020409,48039.731441326534,47314.05573979592,47410.8125,1065800
2024-08-23,47023.78545918367,47797.83954081633,47023.78545918367,47410.8125,1218900
2024-08-26,47555.946800978374,47797.83869721936,46975.40625,46975.40625,1459100
2024-08-27,46975.40425709649,47749.45829222887,46927.02587990071,47507.56640625,1207800
2024-08-28,47749.45756104504,48136.48457268472,47604.322431680164,47797.8359375,1087500
2024-08-29,47991.35092213115,47991.35092213115,47168.91849705431,47217.296875,722300
2024-08-30,47217.298675411526,47410.812194573045,46975.40677645962,47023.78515625,892800
2024-09-04,46733.51362200797,46733.51362200797,45378.919024268616,45475.67578125,2544400
2024-09-05,45475.67352062975,45862.70052931596,44072.70061414224,44556.484375,2977800
2024-09-06,44169.45904885516,45475.675252928646,44169.45904885516,45427.296875,1277800
2024-09-09,44701.619836517755,45572.43061255382,44701.619836517755,44943.51171875,791500
2024-09-10,45378.9205195986,45427.29889968346,44604.86643824084,44895.13671875,1015000
2024-09-11,44991.891034388645,44991.891034388645,44266.215372543666,44314.59375,836300
2024-09-12,44749.998816939704,44798.377194039094,43927.56640625,43927.56640625,1269800
2024-09-13,43927.56673034935,44459.728882368996,43540.53971069869,44314.59375,726100
2024-09-16,44943.511987847225,44943.511987847225,43540.5390625,43540.5390625,813500
2024-09-17,43540.5390625,43927.56607638889,42766.485034722224,43540.5390625,1125600
2024-09-18,43879.18769965278,44121.07958333333,43298.64717881945,43540.5390625,895400
2024-09-19,43588.917240904084,43879.1875,43105.13347574421,43879.1875,1416300
2024-09-20,43927.56881793478,44846.75803328804,43879.19043817934,44508.109375,1269300
2024-09-23,44508.10928867404,44508.10928867404,43637.298454765194,43782.43359375,964800
2024-09-24,43830.81144565818,44121.081720132745,43540.54117118363,43734.0546875,1181700
2024-09-25,44024.32316044879,44314.59342304515,43782.431274951814,43927.56640625,1308800
2024-09-26,44121.08203125,44508.10906661184,43830.81175472862,44121.08203125,1671300
2024-09-27,44217.83579845662,44266.21417460373,43443.781780102894,43492.16015625,1565100
2024-09-30,43588.91998771067,43588.91998771067,43056.7578125,43056.7578125,1095700
2024-10-01,42960.00105337079,43492.16322858146,42960.00105337079,43056.7578125,1075700
2024-10-02,43347.025027808675,43734.052036985544,43153.511523220244,43492.16015625,957100
2024-10-03,43250.27027027027,43443.78378378379,42814.86486486487,42960.0,1303600
2024-10-04,43056.756340077605,44024.3238982816,43008.377962167404,43637.296875,2562100
2024-10-07,43927.565541573975,43927.565541573975,43298.64665166157,43492.16015625,795900
2024-10-08,43637.29601763718,43975.94465635498,43201.890625,43201.890625,1700400
2024-10-09,43153.51351351351,43298.64864864865,42911.62162162162,42960.0,1817600
2024-10-10,43153.51457162922,43734.0551264045,42911.62267380618,43056.7578125,748900
2024-10-11,43443.78304145693,43685.6749292156,43153.512776146534,43250.26953125,713300
2024-10-14,43250.2708011108,43250.2708011108,42960.00052727784,43008.37890625,712800
2024-10-15,42911.62085673133,43008.37761176342,41121.62088863769,41460.26953125,3909500
2024-10-16,41460.2707026583,41460.2707026583,40250.81123058542,40492.703125,2453100
2024-10-17,40637.838572485205,40928.10884800296,40395.94667622042,40879.73046875,1199000
2024-10-18,41024.86275088548,41605.403261511216,40928.10599911452,40976.484375,797800
2024-10-21,40831.35306490385,40831.35306490385,40154.055739182695,40250.8125,1344200
2024-10-22,40250.81070574163,40831.351244766745,40008.91881448116,40444.32421875,1350000
2024-10-23,40589.460715868794,41073.24451462766,40541.082335992905,40928.109375,746200
2024-10-24,40928.107466317364,40976.485843937124,40395.9453125,40395.9453125,738000
2024-10-25,40444.32549262936,40492.70387240523,40105.67683419825,40202.43359375,475900
2024-10-28,40202.43055245536,40637.8359375,39428.37653459822,40637.8359375,770900
2024-10-29,40154.05499515215,40589.460410762236,40154.05499515215,40541.08203125,532900
2024-10-30,40637.83740942029,40637.83740942029,40008.91849713164,40057.296875,581000
2024-10-31,40057.297616332115,40057.297616332115,39670.27058622263,39767.02734375,560300
2024-11-01,39767.02595828202,39767.02595828202,39283.2421875,39283.2421875,815900
2024-11-04,39234.864221099626,39379.99935385338,38605.9453125,38605.9453125,1077200
2024-11-05,38412.433374297754,39041.352308637644,38412.433374297754,38751.08203125,477600
2024-11-06,39186.48456958282,39186.48456958282,38847.8359375,38847.8359375,554900
2024-11-07,38992.97265625,39331.621302147956,38944.59427826458,38992.97265625,564800
2024-11-08,39234.86582689607,39234.86582689607,38702.7036516854,38751.08203125,608500
2024-11-11,38702.703025477706,38896.21654060509,37831.89220740445,37977.02734375,1218300
2024-11-12,37928.64665291878,38267.29528374842,37831.88990125318,38122.16015625,730700
2024-11-13,38122.16269681877,38170.54107587564,37348.10863190874,37638.37890625,965100
2024-11-14,37590.001053032734,38460.811888238124,37444.86591383184,37686.7578125,867400
2024-11-15,37977.02616373698,37977.02616373698,37154.59375,37154.59375,736000
2024-11-18,37106.21578663793,37589.99956482095,36138.64823027188,36477.296875,964100
2024-11-19,36767.56568211488,37541.619696475194,36767.56568211488,37057.8359375,636100
2024-11-20,36815.94719478627,37541.62289507772,36767.56881476684,37348.109375,443300
2024-11-21,37396.48471010723,38025.40359915173,37106.21445362516,37783.51171875,416500
2024-11-22,38073.783040988186,38073.783040988186,37638.37764407726,37880.26953125,309800
2024-11-25,38025.403404584395,38170.538532082806,37735.133149587564,38122.16015625,368000
2024-11-26,37880.27058618631,38170.540858877386,37541.621934713374,37977.02734375,524700
2024-11-27,37977.02575527493,38122.16088554987,37783.512248241685,37831.890625,259900
2024-11-28,37977.02744140625,39234.86529296875,37831.8923046875,38702.703125,1179100
2024-11-29,38992.973398437505,39186.4869140625,38702.703125,38702.703125,462600
2024-12-02,38702.70440251572,38847.839544025155,38170.54221698113,38460.8125,601800
2024-12-03,38364.05447265625,39283.243671875,38170.540957031255,38702.703125,762700
2024-12-04,38751.08076632289,39573.513192075065,38751.08076632289,38992.97265625,651300
2024-12-05,38992.97192503079,39379.998941656406,38702.70166256158,39283.2421875,716100
2024-12-06,39283.244514833124,39428.379654666256,38799.46071538937,39138.109375,787600
2024-12-09,39138.10619357099,39138.10619357099,38702.700809464506,38847.8359375,573300
2024-12-10,38847.83752229374,39138.10779020627,38799.45914430831,38992.97265625,284700
2024-12-11,38896.21557800752,38992.972333176695,38557.56693491541,38605.9453125,546600
2024-12-12,38557.56553874524,38847.83579374207,38122.16015625,38122.16015625,842600
2024-12-13,38122.1605499031,38122.1605499031,37444.86328125,37444.86328125,1285500
2024-12-16,37735.13353924419,37735.13353924419,37396.484904917634,37444.86328125,647300
2024-12-17,37396.48701096562,37638.37890625,37396.48701096562,37638.37890625,438400
2024-12-18,37444.865696564884,38460.81166507633,37444.865696564884,38025.40625,791700
2024-12-19,37638.37639792196,38702.700666243654,37444.86289459074,38122.16015625,776300
2024-12-20,38315.67728365385,38460.81242487981,37396.48805588942,37735.13671875,592000
2024-12-23,37831.8908266129,38122.161088709676,37493.2421875,37493.2421875,526800
2024-12-24,37589.999679982124,37589.999679982124,37009.459144383945,37202.97265625,603500
2024-12-25,37202.97423494171,37638.37965511658,37202.97423494171,37348.109375,740200
2024-12-26,37541.62130201561,37831.891569814696,37202.97265625,37202.97265625,756200
2024-12-27,37348.10831980519,37444.86507711039,37009.45966923701,37251.3515625,1059900
2024-12-30,37299.73068860439,37444.86582747055,36961.08203125,36961.08203125,613600
2024-12-31,37009.460859375,37154.596,36283.78515625,36283.78515625,710600
2025-01-02,36719.18960927261,37154.59501965924,36719.18960927261,36912.703125,546600
2025-01-03,37299.729412183035,37348.107790149545,36864.3240104844,37202.97265625,786900
2025-01-06,37202.971596927964,37493.241856461864,36912.70133739407,37106.21484375,671000
2025-01-07,37396.48820910291,37396.48820910291,36670.8125,36670.8125,859500
2025-01-08,36719.18730621736,37057.8359375,36090.26841954961,37057.8359375,914900
2025-01-09,37251.35291466346,38025.40700120192,37057.83939302885,37735.13671875,1723700
2025-01-10,37589.99989234744,37783.51340530676,36767.56746227034,36864.32421875,715700
2025-01-13,37299.73025285186,37638.37890625,37106.21673662436,37638.37890625,988600
2025-01-14,37783.51517295597,38799.46116352201,37783.51517295597,38460.8125,1717100
2025-01-15,38605.946367187506,38944.595019531254,38315.67609375,38702.703125,1316400
2025-01-16,38605.946367187506,38944.595019531254,38315.67609375,38702.703125,1316400
2025-01-17,38654.32474609375,38702.703125,38315.67609375,38702.703125,771900
2025-01-20,38702.7015370138,38702.7015370138,38460.809652407464,38557.56640625,402200
2025-01-21,38654.323160092536,39041.35017546267,38122.1610139586,38557.56640625,873000
2025-01-22,38605.9451927682,38605.9451927682,37880.26953125,37880.26953125,873000
2025-01-23,37928.648753156565,38412.43253827336,37686.75686059817,38315.67578125,505800
2025-01-24,37831.89095134494,38267.296345925635,37831.89095134494,38218.91796875,570100
2025-01-27,38218.91796875,38218.91796875,38218.91796875,38218.91796875,0
2025-01-28,38218.91796875,38218.91796875,38218.91796875,38218.91796875,0
2025-01-29,38218.91796875,38218.91796875,38218.91796875,38218.91796875,0
2025-01-30,38218.91796875,38218.91796875,38218.91796875,38218.91796875,0
2025-01-31,38218.91796875,38218.91796875,38218.91796875,38218.91796875,0
2025-02-03,37928.64949109415,38122.16300890585,37590.00083492366,38025.40625,540700
2025-02-04,38122.162578125004,38896.216640625,38122.162578125004,38702.703125,946300
2025-02-05,38847.83720042293,38896.21557800752,38412.43180216166,38605.9453125,623200
2025-02-06,38702.702067669175,38702.702067669175,38315.67504699248,38605.9453125,601300
2025-02-07,38605.94478317127,38605.94478317127,38412.4312754862,38557.56640625,734700
2025-02-10,38509.18991723391,39428.37912380105,38315.67640006188,39089.73046875,2002500
2025-02-11,39186.4878356341,39960.541916337985,39089.731075546115,39863.78515625,2096000
2025-02-12,39863.78283706167,40105.67472320889,39767.02608260278,40008.91796875,1136400
2025-02-13,40008.917047991075,40831.34944196429,39621.8900390625,40637.8359375,2400000
2025-02-14,41024.86275088548,41363.51138208382,40637.835743801654,40976.484375,2154600
2025-02-17,41024.86348097503,41702.16075542509,40541.0797135107,40686.21484375,2503600
2025-02-18,40637.83835827465,41363.514043243835,40541.081600278754,41218.37890625,1697200
2025-02-19,41605.404459635414,41895.67472330729,41411.890950520836,41798.91796875,2234800
2025-02-20,41944.05203650667,41944.05203650667,41508.64665204466,41702.16015625,1277000
2025-02-21,41411.890950520836,42089.188232421875,41315.13419596354,41798.91796875,1857100
2025-02-24,41702.163008720934,41750.541388081394,41266.757594476745,41605.40625,1506700
2025-02-25,41605.40551024827,42185.94605225173,41605.40551024827,41895.67578125,1837800
2025-02-26,41895.67525289018,42040.8103865607,41605.40498554913,41847.296875,1081700
2025-02-27,41798.91923748545,41992.43275247381,41460.27058625582,41557.02734375,1384900
2025-02-28,41557.02588170925,42282.70153738519,41557.02588170925,42137.56640625,1736700
2025-03-03,41992.4303591629,42863.241126979636,41847.29523119344,42766.484375,2398400
2025-03-04,42766.48753511236,43105.13619206461,42282.70373946629,43056.7578125,2099000
2025-03-05,43056.75772321429,43056.75772321429,42331.08203125,42331.08203125,1231500
2025-03-06,42282.70259700745,42379.45935352234,41315.13503185854,42234.32421875,2031600
2025-03-07,42185.945193990665,42185.945193990665,41169.99926615373,41460.26953125,3052600
2025-03-10,41605.40625,41605.40625,40831.35218023256,41605.40625,2077400
2025-03-11,41218.37848224596,41895.67578125,41024.8649682448,41895.67578125,1582300
2025-03-12,41847.29708442599,41847.29708442599,41218.378168706295,41508.6484375,1183400
2025-03-13,41460.26907692596,41460.26907692596,40347.56640625,40347.56640625,2540000
2025-03-14,40250.81038647343,40444.32389794686,39670.26985205314,40057.296875,1679700
2025-03-17,40057.29740274427,40347.56767377865,39525.13523918125,40105.67578125,1372100
2025-03-18,40250.80965227818,40589.45829117956,40105.67452132044,40347.56640625,1315700
2025-03-19,40444.3249623494,40444.3249623494,39767.02765436747,40154.0546875,676100
2025-03-20,40057.295815677964,40250.8093220339,39621.89042637712,39960.5390625,859000
2025-03-21,39960.5390625,40057.295815677964,39621.89042637712,39960.5390625,1180400
2025-03-24,39960.53853219697,40105.67366003788,39573.511524621215,39912.16015625,617200
2025-03-25,40154.05277014652,40154.05277014652,39573.512248168496,39621.890625,1756600
2025-03-26,39767.02787059538,40154.05490583232,39670.27111178615,39815.40625,792100
2025-03-27,39815.404132326,39960.53926282051,39476.755494505494,39621.890625,792100
2025-03-28,39476.755025125625,39621.89015389447,38509.1875,38509.1875,1649600
2025-03-31,38315.6752528445,38364.053630689,37783.51309655499,38267.296875,1019000
2025-04-01,38557.5672543812,38992.97265625,38412.43212042494,38992.97265625,565000
2025-04-02,39089.728350435325,39089.728350435325,38702.701337064675,38896.21484375,349700
2025-04-03,36961.08140457888,37928.64898061497,36187.02734375,36187.02734375,2805800
2025-04-04,33671.3493960084,34542.16015625,33671.3493960084,34542.16015625,4400600
2025-04-08,32365.134604088347,33768.10755404135,32171.62109375,32171.62109375,1900200
2025-04-09,29946.216796875,32026.487107481826,29946.216796875,29946.216796875,2654100
2025-04-10,32026.486328125,32026.486328125,32026.486328125,32026.486328125,41400
2025-04-11,34251.89009458981,34251.89009458981,32365.133436836986,34203.51171875,3676400
2025-04-14,34155.13588369799,34203.514263136654,33284.32505380201,33719.73046875,1580500
2025-04-15,33381.080322265625,33622.97220865885,32510.26953125,32510.26953125,1652500
2025-04-16,32510.271022727273,32994.05481770833,31929.73046875,31929.73046875,1204700
2025-04-17,31881.35129996769,32800.540487675404,31687.837786766064,32752.162109375,801800
2025-04-18,33139.18876378676,33332.702274816176,32897.296875,32897.296875,607000
2025-04-21,32897.29671320267,33139.188600799745,32413.51293800851,32703.783203125,417900
2025-04-22,32703.783622073264,32703.783622073264,30429.999849532665,32026.486328125,1192700
2025-04-23,32607.02665475523,32703.783410407323,32074.86449866872,32365.134765625,794900
2025-04-24,32510.270059435363,33139.18897427563,32510.270059435363,32558.6484375,934400
2025-04-25,32607.025364963505,33332.701003649636,32558.646989051096,33139.1875,1458100
2025-04-28,33139.188600799745,33139.188600799745,32558.648070566756,32703.783203125,607800
2025-04-29,32703.782310103245,32897.29581489676,32703.782310103245,32800.5390625,356900
2025-04-30,32800.5390625,32800.5390625,32800.5390625,32800.5390625,0
2025-05-01,32800.5390625,32800.5390625,32800.5390625,32800.5390625,0
2025-05-02,32800.5390625,32800.5390625,32800.5390625,32800.5390625,0
2025-05-05,32800.5390625,32800.5390625,32800.5390625,32800.5390625,0
2025-05-06,32655.40519362927,32655.40519362927,32123.243034918276,32558.6484375,657900
2025-05-07,32800.5390625,33477.836329277285,32607.02555770649,32800.5390625,1536800
2025-05-08,31929.72988572761,32703.78394356343,31929.72988572761,32413.513671875,2037600
2025-05-09,32123.241377801118,34638.91690738795,32123.241377801118,34542.16015625,4048300
2025-05-12,34542.16015625,34542.16015625,34542.16015625,34542.16015625,0
2025-05-13,34009.9997909331,34542.161949823945,34009.9997909331,34348.6484375,1724800
2025-05-14,34832.432753164554,34832.432753164554,34397.02734375,34397.02734375,1535800
2025-05-15,34542.16015625,35074.32228750875,34445.40340511204,34542.16015625,2599300
2025-05-16,34542.16248022152,34784.05437434072,34251.892207278484,34397.02734375,1228900
2025-05-19,34542.161625267094,34590.54000289352,33913.242716123576,33961.62109375,1050100
2025-05-20,34542.161625267094,34590.54000289352,33913.242716123576,33961.62109375,1050100
2025-05-21,33961.62183459052,34010.00021327227,33622.97318381825,33671.3515625,847600
2025-05-22,33816.488054399786,34445.40700247875,33719.73129315687,34155.13671875,907400
2025-05-23,34155.135349317534,34155.135349317534,33526.21642645475,33671.3515625,813800
2025-05-26,33139.18835554755,33671.35050432276,32268.37756664265,33574.59375,1114500
2025-05-27,33139.18835554755,33671.35050432276,32268.37756664265,33574.59375,1114500
2025-05-28,33719.72941209532,34009.99967963129,33526.21590040468,33622.97265625,1033800
2025-05-29,33913.24303477113,34929.188974471836,33913.24303477113,34348.6484375,1771500
2025-05-30,34397.02831751433,34397.02831751433,33671.35261461318,33768.109375,1258000
2025-06-02,33768.10893609551,34445.40625,33574.59541783708,34445.40625,1837700
2025-06-03,33768.10893609551,34445.40625,33574.59541783708,34445.40625,1837700
2025-06-04,34590.54191685659,34687.298677463186,34445.4067759467,34493.78515625,1206000
2025-06-05,34638.920596393895,35558.109830097084,34590.54221567268,34880.8125,2128200
2025-06-06,35267.83613227147,35316.21450831025,34784.052371883656,34929.1875,1411300
2025-06-09,36235.40540540541,36235.40540540541,35364.59459459459,35800.0,1998700
2025-06-10,37450.0,37450.0,36550.0,37000.0,1998700
2025-06-11,35800.0,35800.0,35300.0,35500.0,651600
2025-06-12,35500.0,35500.0,34950.0,34950.0,897800
2025-06-13,35450.0,35700.0,35200.0,35250.0,600800
2025-06-16,40000.0,40300.0,38650.0,40300.0,5736900
2025-06-17,40000.0,40300.0,38650.0,40300.0,5736900
2025-06-18,40350.0,40350.0,38950.0,39050.0,2712900
2025-06-19,40000.0,40200.0,39000.0,39000.0,2508200
2025-06-20,39150.0,39900.0,38250.0,39550.0,2533800
2025-06-23,41850.0,41850.0,40000.0,40200.0,3038400
2025-06-24,41850.0,41850.0,40000.0,40200.0,3038400
2025-06-25,37800.0,38900.0,37800.0,38050.0,2964800
2025-06-26,38000.0,38400.0,37100.0,37300.0,1860000
2025-06-27,37300.0,37700.0,36850.0,37050.0,1507600
2025-06-30,37300.0,37500.0,37000.0,37250.0,930200
2025-07-01,37300.0,37500.0,37000.0,37250.0,930200
2025-07-02,37250.0,37250.0,36900.0,36900.0,1078100
2025-07-03,36900.0,37100.0,36850.0,36950.0,678300
2025-07-04,37200.0,37400.0,37000.0,37000.0,781500
2025-07-07,37250.0,37300.0,37000.0,37100.0,984200
2025-07-08,37250.0,37300.0,37000.0,37100.0,984200
2025-07-09,37100.0,37350.0,37100.0,37300.0,1229900
2025-07-10,37500.0,37850.0,37350.0,37450.0,1348500
2025-07-11,37500.0,38350.0,37450.0,37900.0,1682800
2025-07-14,37900.0,37900.0,37300.0,37500.0,1239200
2025-07-15,37900.0,37900.0,37300.0,37500.0,1239200
2025-07-16,37500.0,37700.0,37300.0,37300.0,1511400
2025-07-17,37300.0,37500.0,37050.0,37250.0,1734200
2025-07-18,37250.0,37350.0,37050.0,37100.0,1791300
2025-07-21,37550.0,37600.0,37100.0,37100.0,1174400
2025-07-22,37550.0,37600.0,37100.0,37100.0,1174400
2025-07-23,37100.0,37150.0,36900.0,37150.0,1523400
2025-07-24,37250.0,37500.0,37000.0,37250.0,2046600
2025-07-25,37350.0,38200.0,37300.0,38100.0,4400700
2025-07-28,38150.0,38200.0,37700.0,37850.0,3965000
2025-07-29,38150.0,38200.0,37700.0,37850.0,3965000
2025-07-30,37900.0,38500.0,36500.0,36500.0,7470400
2025-07-31,37000.0,37000.0,36200.0,36300.0,3099700
2025-08-01,36600.0,37100.0,36150.0,36250.0,2104500
2025-08-04,36300.0,36850.0,36000.0,36600.0,2611700
2025-08-05,36300.0,36850.0,36000.0,36600.0,2611700
2025-08-06,36900.0,37100.0,36200.0,36600.0,3923500
2025-08-07,36800.0,37600.0,36700.0,37450.0,2980400
2025-08-08,37500.0,37550.0,37000.0,37100.0,2324500
2025-08-11,38250.0,38500.0,37650.0,37950.0,2344600
2025-08-12,38250.0,38500.0,37650.0,37950.0,2344600
2025-08-13,38000.0,38850.0,37650.0,38500.0,4940600
2025-08-14,38650.0,38950.0,37500.0,38000.0,3546500
2025-08-15,38400.0,38400.0,37550.0,37900.0,2328900
2025-08-18,39200.0,39350.0,38450.0,38800.0,3223300
2025-08-19,39200.0,39350.0,38450.0,38800.0,3223300
2025-08-20,38800.0,39300.0,38350.0,38350.0,4029200
2025-08-21,38300.0,38350.0,36650.0,37000.0,4907300
2025-08-22,37000.0,37400.0,36700.0,36900.0,2486700
2025-08-25,36100.0,36500.0,35750.0,35850.0,2063900
2025-08-26,36100.0,36500.0,35750.0,35850.0,2063900
2025-08-27,36000.0,36400.0,35900.0,36350.0,1245400
2025-08-28,36350.0,36850.0,36150.0,36400.0,1392400
2025-08-29,36450.0,36800.0,36100.0,36150.0,1883600
2025-09-01,36150.0,36150.0,36150.0,36150.0,0
2025-09-02,36150.0,36150.0,36150.0,36150.0,0
2025-09-03,36400.0,36950.0,36300.0,36550.0,1410600
2025-09-04,36400.0,36950.0,36300.0,36550.0,1410600
2025-09-05,36600.0,37000.0,36500.0,36650.0,1443500
2025-09-08,36500.0,36600.0,35500.0,35500.0,3117400
2025-09-09,36500.0,36600.0,35500.0,35500.0,3117400
2025-09-10,35550.0,35700.0,35150.0,35450.0,1657600
2025-09-11,35600.0,35850.0,35250.0,35400.0,951800
2025-09-12,35600.0,35700.0,34850.0,35350.0,2030600
2025-09-15,36000.0,36050.0,35600.0,35750.0,1254400
2025-09-16,36000.0,36050.0,35600.0,35750.0,1254400
2025-09-17,36000.0,36300.0,35800.0,35950.0,2344000
2025-09-18,36150.0,36650.0,36000.0,36100.0,1910400
2025-09-19,36100.0,36150.0,35550.0,35600.0,1609700
2025-09-22,35400.0,35550.0,34850.0,34850.0,1866700
2025-09-23,35400.0,35550.0,34850.0,34850.0,1866700
2025-09-24,35000.0,35200.0,34750.0,34750.0,1169300
2025-09-25,34800.0,35050.0,34600.0,35000.0,1194300
2025-09-26,35150.0,35300.0,35050.0,35050.0,1032600
2025-09-29,35200.0,35300.0,34650.0,34750.0,1020300
2025-09-30,35200.0,35300.0,34650.0,34750.0,1020300
2025-10-01,34750.0,34800.0,34000.0,34200.0,1610600
2025-10-02,34200.0,34450.0,34150.0,34150.0,696000
2025-10-03,34150.0,34350.0,34000.0,34000.0,1039500
2025-10-06,34000.0,34150.0,33700.0,34150.0,921500
2025-10-07,34000.0,34150.0,33700.0,34150.0,921500
2025-10-08,34300.0,34350.0,33900.0,33900.0,891600
2025-10-09,34300.0,34400.0,33900.0,33950.0,1039400
2025-10-10,34000.0,34400.0,33850.0,34100.0,1216800
2025-10-13,33700.0,34050.0,33550.0,34050.0,1238600
2025-10-14,33700.0,34050.0,33550.0,34050.0,1238600
2025-10-15,34050.0,34300.0,33500.0,33600.0,1916500
2025-10-16,33600.0,33900.0,33550.0,33700.0,1660100
2025-10-17,33700.0,33900.0,33400.0,33700.0,1735700
2025-10-20,33500.0,33500.0,32500.0,32700.0,2222300
2025-10-21,33500.0,33500.0,32500.0,32700.0,2222300
2025-10-22,32800.0,33500.0,32800.0,33350.0,1522900
2025-10-23,33500.0,34500.0,33400.0,34250.0,2047700
2025-10-24,34600.0,34950.0,34250.0,34250.0,1270200
2025-10-27,34800.0,34800.0,34150.0,34150.0,776900
2025-10-28,34800.0,34800.0,34150.0,34150.0,776900
2025-10-29,34150.0,34300.0,33850.0,34050.0,641700
2025-10-30,34100.0,34500.0,34000.0,34500.0,1345200
2025-10-31,34600.0,34800.0,34400.0,34550.0,793900
2025-11-03,35000.0,35000.0,34300.0,34300.0,1161500
2025-11-04,34200.0,34500.0,33750.0,34200.0,1942900
2025-11-05,34200.0,34500.0,33750.0,34200.0,1942900
2025-11-06,35300.0,35400.0,34700.0,34750.0,2001900
2025-11-07,34800.0,35000.0,34000.0,34000.0,2556500
2025-11-10,34150.0,34400.0,33900.0,33900.0,1622400
2025-11-11,33950.0,34100.0,33700.0,33750.0,1320500
2025-11-12,34000.0,34050.0,33750.0,34050.0,1081700
2025-11-13,34050.0,35050.0,34000.0,34500.0,2597000
2025-11-14,34550.0,34850.0,34400.0,34500.0,1409500
2025-11-17,34550.0,34700.0,34400.0,34700.0,1654200
2025-11-18,34650.0,35100.0,34550.0,34550.0,2769100
2025-11-19,34550.0,34850.0,34400.0,34700.0,1997700
2025-11-20,34750.0,34850.0,34300.0,34400.0,1406200
2025-11-21,34250.0,34350.0,33800.0,33950.0,2146100
2025-11-24,33900.0,34100.0,33750.0,33850.0,806300
2025-11-25,33850.0,33950.0,33450.0,33500.0,1547200
2025-11-26,33550.0,34050.0,33550.0,33850.0,592900
2025-11-27,33850.0,34100.0,33700.0,34000.0,684000
2025-11-28,34000.0,34050.0,33700.0,33900.0,913400
2025-12-01,33900.0,34500.0,33900.0,34450.0,1418900
2025-12-02,34400.0,34900.0,34200.0,34850.0,1938700
2025-12-03,35200.0,35350.0,34550.0,34600.0,1597900
2025-12-04,35200.0,35350.0,34550.0,34600.0,1597900
2025-12-05,34950.0,34950.0,34300.0,34400.0,1113500
2025-12-08,34450.0,36300.0,34400.0,36050.0,3941600
2025-12-09,35800.0,35800.0,34900.0,35000.0,1603100
2025-12-10,35100.0,35100.0,34500.0,34600.0,1073800
2025-12-11,34700.0,34800.0,34350.0,34400.0,898200
2025-12-12,34400.0,34450.0,33500.0,33700.0,1618800
2025-12-15,33850.0,33900.0,33600.0,33900.0,629200
2025-12-16,34000.0,34550.0,33300.0,34400.0,1592700
2025-12-17,34300.0,35600.0,34300.0,34650.0,3253800
2025-12-18,34300.0,35600.0,34300.0,34650.0,3253800
2025-12-19,34800.0,35200.0,34650.0,34850.0,1086500
2025-12-22,34900.0,35300.0,34900.0,35300.0,1460400
2025-12-23,35450.0,36100.0,34900.0,35600.0,3530800
2025-12-24,35550.0,35650.0,35150.0,35150.0,1058800
2025-12-25,35550.0,35650.0,35150.0,35150.0,1058800
2025-12-26,35050.0,35550.0,34700.0,35550.0,1963300
2025-12-29,35700.0,37000.0,35600.0,36500.0,5305400
2025-12-30,36600.0,36600.0,35700.0,35750.0,1525900
2025-12-31,35950.0,36300.0,35300.0,35300.0,1541000
2026-01-01,35300.0,35300.0,35300.0,35300.0,0
2026-01-02,35300.0,35300.0,35300.0,35300.0,0
2026-01-05,35900.0,37000.0,35350.0,36300.0,6072100
2026-01-06,36350.0,38800.0,36300.0,38750.0,13251500
2026-01-07,39400.0,41450.0,38850.0,41450.0,15146400
2026-01-08,44000.0,44000.0,40000.0,41500.0,12736300
2026-01-09,41700.0,44000.0,41500.0,43000.0,8135100
2026-01-12,44000.0,45550.0,41550.0,42400.0,9725000
2026-01-13,42400.0,45350.0,42300.0,45350.0,9964700
2026-01-14,47600.0,48500.0,47000.0,48500.0,15641100
2026-01-15,48100.0,51800.0,47000.0,51800.0,15407000
2026-01-16,52000.0,55400.0,50000.0,52000.0,14325800
2026-01-19,52800.0,55600.0,51500.0,55600.0,11820900
2026-01-20,58400.0,59400.0,57500.0,59000.0,11931600
2026-01-21,57800.0,60600.0,55400.0,59100.0,12501000
2026-01-22,60000.0,61200.0,56300.0,56500.0,9461200
2026-01-23,56400.0,57300.0,53000.0,54600.0,12328300
2026-01-26,54300.0,58400.0,54200.0,57000.0,14211800
2026-01-27,58000.0,60900.0,56500.0,60900.0,13432600
2026-01-28,63200.0,64800.0,57200.0,58900.0,15553600
2026-01-29,58200.0,58800.0,56400.0,57700.0,10120500
2026-01-30,58400.0,59500.0,57700.0,58900.0,6913800
2026-02-02,57300.0,60900.0,56800.0,60900.0,10121500
2026-02-03,60500.0,62700.0,59500.0,60000.0,8365200
2026-02-04,60000.0,61300.0,58700.0,60000.0,5519900
2026-02-05,60000.0,60700.0,57400.0,57400.0,7237200
2026-02-06,56500.0,59600.0,54300.0,57000.0,10233300
2026-02-09,57500.0,58200.0,56500.0,57300.0,2437900
2026-02-10,57600.0,58400.0,53300.0,53300.0,11387800
2026-02-11,52000.0,53600.0,50500.0,51700.0,7516800
2026-02-12,52600.0,53300.0,51600.0,51700.0,2640700
2026-02-13,51600.0,52700.0,50700.0,52000.0,3678600
2026-02-16,52000.0,52000.0,52000.0,52000.0,0
2026-02-17,52000.0,52000.0,52000.0,52000.0,0
2026-02-18,52000.0,52000.0,52000.0,52000.0,0
2026-02-19,52000.0,52000.0,52000.0,52000.0,0
2026-02-20,52000.0,52000.0,52000.0,52000.0,0
2026-02-23,54500.0,55600.0,53300.0,55600.0,2808000
2026-02-24,57500.0,58500.0,56700.0,57700.0,9898400
2026-02-25,57700.0,59800.0,57000.0,58000.0,9033300
2026-02-26,58500.0,58600.0,56000.0,57500.0,4712800
2026-02-27,58300.0,61200.0,57500.0,57800.0,6852500
2026-03-02,61300.0,61800.0,60000.0,61800.0,10141600
2026-03-03,61300.0,61800.0,60000.0,61800.0,10141600
2026-03-04,68000.0,70400.0,66000.0,69500.0,11579000
2026-03-05,69400.0,69500.0,64700.0,64700.0,10215500
2026-03-06,63600.0,67000.0,60800.0,62000.0,11602800
2026-03-09,65900.0,65900.0,57700.0,57700.0,13231700
2026-03-10,55000.0,58100.0,53700.0,53700.0,8193700
2026-03-11,51600.0,55200.0,51400.0,55200.0,8718600
2026-03-12,55000.0,55200.0,52000.0,52000.0,7032400
2026-03-13,52000.0,54400.0,48400.0,48400.0,11908400
2026-03-16,48000.0,48100.0,45050.0,46700.0,10155600
2026-03-17,47900.0,48100.0,45350.0,45650.0,3705400
2026-03-18,45200.0,48800.0,45200.0,48450.0,6619900
2026-03-19,48100.0,48100.0,45600.0,46000.0,3988500
2026-03-20,46600.0,46600.0,42800.0,42800.0,7430100
2026-03-23,41100.0,42950.0,40050.0,41000.0,6716900
2026-03-24,42000.0,42100.0,38500.0,39800.0,8805600
2026-03-25,40400.0,42300.0,40400.0,41300.0,4323200
2026-03-26,41300.0,41300.0,39700.0,39900.0,4222400
2026-03-27,40200.0,42400.0,40000.0,42250.0,6104900
2026-03-30,42000.0,43000.0,41400.0,41400.0,5415300
2026-03-31,41900.0,41900.0,40350.0,40400.0,4149100
2026-04-01,41100.0,41850.0,40500.0,40700.0,4263100
2026-04-02,41000.0,41450.0,40050.0,40400.0,2560600
2026-04-03,40900.0,41350.0,40200.0,40200.0,2933800
2026-04-06,40200.0,40200.0,38900.0,38900.0,3124000
2026-04-07,38950.0,39550.0,38550.0,38600.0,1984000
2026-04-08,39500.0,40750.0,38950.0,40500.0,3490600
2026-04-09,40500.0,40500.0,39500.0,39500.0,2983000
2026-04-10,39950.0,42000.0,39550.0,41150.0,5697200
2026-04-13,41900.0,41950.0,40500.0,40700.0,3019000
2026-04-14,41200.0,41200.0,40100.0,40150.0,2218200
2026-04-15,40150.0,40700.0,39650.0,39800.0,2864800
2026-04-16,40100.0,40100.0,38900.0,39100.0,3333400
2026-04-17,39400.0,40450.0,38950.0,39950.0,2901300
2026-04-20,40100.0,40300.0,39300.0,39450.0,1765400
2026-04-21,39450.0,40000.0,39300.0,39350.0,1986400
2026-04-22,39600.0,39600.0,39000.0,39000.0,1910900
2026-04-23,39100.0,39700.0,38000.0,39300.0,3786500
2026-04-24,39650.0,41350.0,39550.0,39700.0,6401800
2026-04-27,39700.0,39700.0,39700.0,39700.0,0
2026-04-28,38200.0,39200.0,36950.0,36950.0,6503400
2026-04-29,37000.0,37450.0,36250.0,37150.0,3564100
2026-04-30,37150.0,37150.0,37150.0,37150.0,0
2026-05-01,37150.0,37150.0,37150.0,37150.0,0
2026-05-04,38500.0,39750.0,38100.0,38700.0,4403600
2026-05-05,38650.0,39700.0,37800.0,39250.0,3878000
2026-05-06,39250.0,39600.0,38650.0,39000.0,3098200
2026-05-07,38900.0,38900.0,37700.0,37700.0,4485600
2026-05-08,38100.0,38350.0,37500.0,37600.0,1959300
2026-05-11,38000.0,38000.0,36600.0,36800.0,5094400
2026-05-12,37200.0,37900.0,37000.0,37800.0,1738800
2026-05-13,37800.0,40400.0,37500.0,40350.0,10796000
2026-05-14,40500.0,41750.0,39750.0,39850.0,5371100
2026-05-15,39400.0,42350.0,39400.0,42200.0,9229000
2026-05-18,42600.0,45150.0,42500.0,45150.0,11418400
2026-05-19,46000.0,47000.0,42000.0,42000.0,14765500
2026-05-20,41950.0,43900.0,39200.0,43850.0,9839000
2026-05-21,43900.0,43900.0,42250.0,42950.0,3499000
2026-05-22,43350.0,43500.0,41650.0,41950.0,4139200
2026-05-25,41000.0,41300.0,39600.0,39700.0,5757500
2026-05-26,40100.0,40850.0,39900.0,40000.0,2008600
2026-05-27,40100.0,40650.0,39450.0,39450.0,2735300
2026-05-28,39350.0,40500.0,38550.0,39450.0,3792300
2026-05-29,39450.0,41500.0,38850.0,41000.0,4645500
2026-06-01,41000.0,41500.0,39750.0,39750.0,2158900
2026-06-02,40150.0,40400.0,38850.0,38850.0,3073400
