Date,Open,High,Low,Close,Volume
2020-11-10,6248.2428447774855,6266.62014572991,6027.716796875,6027.716796875,7603370
2020-11-11,6064.471851677587,6073.6603079914075,6009.34033203125,6009.34033203125,3634629
2020-11-12,5990.963185463937,6064.472010545294,5990.963185463937,6036.90625,3958634
2020-11-13,6064.472148169293,6064.472148169293,6018.529082590622,6055.28369140625,4779451
2020-11-16,6064.472010545294,6073.6604670998195,6000.1520329001805,6036.90625,3776419
2020-11-17,6036.905782438375,6064.471540848686,6027.717326595502,6046.09423828125,5164181
2020-11-18,5990.963321419765,6055.28369140625,5990.963321419765,6055.28369140625,4196477
2020-11-19,7594.924111253847,7594.924111253847,7436.145610388701,7489.07177734375,3704063
2020-11-20,7515.53407432529,7515.53407432529,7436.145218953432,7462.60791015625,1278147
2020-11-23,7462.607210599993,7462.607210599993,7277.365262491518,7396.44970703125,1493713
2020-11-24,7396.44970703125,7409.681051392333,7277.365262491518,7396.44970703125,1819421
2020-11-25,7396.450295211735,7409.681640625001,7356.755477208546,7409.681640625,1505753
2020-11-26,7396.450295211735,7409.681640625001,7317.060659205357,7409.681640625,1567494
2020-11-27,7396.450295211735,7409.681640625001,7369.986822621811,7409.681640625,1077253
2020-11-30,7409.681425319625,7409.681425319625,7303.8291015625,7303.8291015625,947297
2020-12-01,7197.976082894,7806.62890625,7197.976082894,7806.62890625,9844235
2020-12-02,7965.407018613409,8349.123046875,7938.944329482959,8349.123046875,5134885
2020-12-03,8798.996330363341,8931.312117555797,8574.0595703125,8574.0595703125,3874978
2020-12-04,8468.208800111232,8732.839641071678,8216.80852399448,8626.9873046875,4657047
2020-12-07,8626.987692307042,8679.913862877158,8441.745704429883,8494.671875,2222782
2020-12-08,8494.671493325546,8825.4606308487,8454.976671740613,8626.9873046875,2716018
2020-12-09,8679.912271665393,8693.144398204817,8521.1337890625,8521.1337890625,2484208
2020-12-10,8521.135150122738,8574.061319444138,8349.12451350558,8388.8193359375,2387345
2020-12-11,8388.819533859765,8600.524997903733,8309.42988712284,8494.671875,2930858
2020-12-14,8494.67020003948,8574.059831122531,8428.5126953125,8428.5126953125,2354433
2020-12-15,8415.280769450246,8679.912358189693,8388.81807963432,8454.9755859375,2178556
2020-12-16,8454.975127310294,8600.523040456319,8441.743783120044,8574.0595703125,2403983
2020-12-17,8600.524228070177,8865.155057233636,8468.208422606733,8679.9130859375,6217221
2020-12-18,8732.838680863959,8838.691787372663,8640.217701270954,8785.765625,1769749
2020-12-21,8785.766323033045,8997.470989343728,8785.766323033045,8931.3134765625,1935644
2020-12-22,8865.155174317064,8931.313468804263,8772.534187445737,8851.923828125,2053712
2020-12-23,8825.459141850257,8851.922612363216,8666.6806640625,8666.6806640625,2558806
2020-12-24,8666.682515675504,8732.840033447275,8415.282228263075,8494.671875,2387557
2020-12-25,8468.208422606733,8706.376559735561,8441.744948808671,8679.9130859375,1352140
2020-12-28,8785.765108725816,8838.6912679884,8587.291034286956,8666.6806640625,2637639
2020-12-29,8666.680187295897,8706.375,8626.985374591794,8706.375,1089656
2020-12-30,8785.765812452788,8865.154666823932,8706.37617631825,8732.8388671875,2602518
2020-12-31,8679.911887361137,8759.301516029274,8574.0595703125,8574.0595703125,4207099
2021-01-01,8574.0595703125,8574.0595703125,8574.0595703125,8574.0595703125,0
2021-01-04,8693.144830883624,8785.765812452788,8653.450012816356,8732.8388671875,286412
2021-01-05,8732.838408244215,9341.4912109375,8732.838408244215,9341.4912109375,648905
2021-01-06,9526.733266763196,9725.206567039433,9341.49131136848,9354.72265625,215081
2021-01-07,9341.492179254155,9341.492179254155,9156.250206649249,9262.1025390625,313607
2021-01-08,9262.101843285112,9394.417639743713,9195.9443359375,9195.9443359375,390746
2021-01-11,9262.101828848588,9262.101828848588,9103.323342403775,9116.5546875,305924
2021-01-12,9023.933708299683,9235.639138656139,9023.933708299683,9116.5546875,183076
2021-01-13,9235.640820738703,9315.029687538477,9169.482519681456,9182.7138671875,318357
2021-01-14,9195.94561078784,9394.418942108763,9195.94561078784,9315.029296875,247570
2021-01-15,9394.418460667383,9513.502922415235,9394.418460667383,9434.11328125,249325
2021-01-18,9420.880842899816,9473.807003620243,9341.4912109375,9341.4912109375,200198
2021-01-19,9262.102065733226,9341.491701867762,8693.144830883624,8732.8388671875,312458
2021-01-20,8732.83974520243,8865.155558142122,8137.418977855543,8719.6083984375,257281
2021-01-21,8865.154327557357,9023.93359375,8732.838532984608,9023.93359375,183348
2021-01-22,9076.859856051587,9076.859856051587,8997.47022207341,9037.1650390625,195691
2021-01-25,9050.396384137739,9050.396384137739,8944.544060009084,9037.1650390625,124541
2021-01-26,9037.164684057518,9037.164684057518,8732.83828693821,8759.3017578125,151252
2021-01-27,8732.839367106106,8971.008289143894,8679.91320057441,8851.923828125,254891
2021-01-28,8256.501852026184,8732.838061351995,8243.2705078125,8243.2705078125,326645
2021-01-29,7727.239000718239,8468.20759527461,7727.239000718239,8362.3544921875,138517
2021-02-01,8468.208872000982,8468.208872000982,8124.187603186684,8216.80859375,86002
2021-02-02,8203.57612386938,8468.207712608826,8203.57612386938,8454.9755859375,117281
2021-02-03,8600.52388469909,8971.0078125,8468.208084518279,8971.0078125,163746
2021-02-04,8997.471089039112,8997.471089039112,8812.229113082994,8944.544921875,95168
2021-02-05,8971.00843193728,9394.41855269379,8944.544957368487,9367.955078125,464195
2021-02-08,9394.418738160784,9632.586886928082,9023.934777464216,9209.1767578125,409713
2021-02-09,9103.32332050644,9526.7333984375,9103.32332050644,9526.7333984375,330306
2021-02-10,9526.7333984375,9526.7333984375,9526.7333984375,9526.7333984375,0
2021-02-11,9526.7333984375,9526.7333984375,9526.7333984375,9526.7333984375,0
2021-02-12,9526.7333984375,9526.7333984375,9526.7333984375,9526.7333984375,0
2021-02-15,9526.7333984375,9526.7333984375,9526.7333984375,9526.7333984375,0
2021-02-16,9526.7333984375,9526.7333984375,9526.7333984375,9526.7333984375,0
2021-02-17,9526.733945696997,10003.070994775384,9500.270472284647,9989.8388671875,345431
2021-02-18,9976.606724350551,9976.606724350551,9738.438609719873,9910.44921875,238102
2021-02-19,9738.439860721926,10055.997648277491,9738.439860721926,9950.14453125,160872
2021-02-22,10003.070895023453,10029.533586408497,9897.21778419305,9976.607421875,341498
2021-02-23,9923.67966399767,10029.53197606904,9288.564228042882,9844.2900390625,423871
2021-02-24,9844.2900390625,9844.2900390625,9844.2900390625,9844.2900390625,0
2021-02-25,9844.2900390625,9844.2900390625,9844.2900390625,9844.2900390625,0
2021-02-26,10055.997502743397,10532.333786301304,10055.997502743397,10505.87109375,332665
2021-03-01,10849.890408498986,11233.6064453125,10823.42771877876,11233.6064453125,299904
2021-03-02,11776.102722133925,11802.56541580104,11273.302943060482,11537.9345703125,337596
2021-03-03,11405.617387634285,11485.006240869814,11392.385260625544,11432.080078125,207972
2021-03-04,11432.079218735333,11445.311344749369,11035.131855344085,11114.521484375,313244
2021-03-05,11114.522702969001,11511.470109881482,10796.964933791698,11458.5439453125,153975
2021-03-08,11617.32293034344,11617.32293034344,11379.154788828624,11418.849609375,147017
2021-03-09,11379.154296875,11458.54393453551,11299.76465921449,11379.154296875,97316
2021-03-10,11339.458404364397,11392.38456387227,11326.227059928262,11365.921875,96771
2021-03-11,11590.858657757626,11590.858657757626,11432.079397216881,11445.3115234375,102458
2021-03-12,11471.775783510197,11643.786412066556,11471.775783510197,11498.2392578125,134736
2021-03-15,11617.322649904732,11643.78612355131,11537.933792491845,11564.396484375,150073
2021-03-16,11617.323037718063,11643.786512248054,11485.007228595008,11511.470703125,97739
2021-03-17,11511.469832543187,12305.364627241363,11511.469832543187,12173.048828125,399700
2021-03-18,12173.048915917008,12305.364715987633,11934.880006731848,12106.890625,165652
2021-03-19,12106.890525056318,12120.121870425135,12067.195707186476,12093.6591796875,198958
2021-03-22,12173.048094897711,12199.510784069005,11934.87920177601,11948.111328125,215384
2021-03-23,11948.112181451672,11961.343526982293,11379.154160710774,11776.1015625,184407
2021-03-24,11670.249211670853,11776.10232808774,11537.93418423578,11590.8603515625,225034
2021-03-25,11590.860137161239,11617.32282945338,11379.154690006922,11405.6181640625,287199
2021-03-26,11405.616708302314,11590.858657757626,11114.521657898727,11445.3115234375,190548
2021-03-29,11458.545026658066,11630.5556640625,11445.313679708028,11630.5556640625,75565
2021-03-30,11643.785833144244,12305.364840174054,11643.785833144244,12278.9013671875,356109
2021-03-31,12411.217620394675,13046.33317755782,12411.217620394675,12808.1650390625,442445
2021-04-01,12953.711850158676,13231.57558314122,12808.164701676762,13205.111328125,300206
2021-04-02,13205.111162964733,13549.132402131403,13099.25883480425,13416.8173828125,193996
2021-04-05,14157.78436443251,14157.78436443251,13496.20461833383,14104.857421875,399821
2021-04-06,14051.932059056135,14687.047552845448,14051.932059056135,14184.2470703125,269835
2021-04-07,14184.24705394791,14184.24705394791,13999.00510028669,14104.857421875,188007
2021-04-08,14104.85872481915,14104.85872481915,13231.575818400564,13549.1328125,395496
2021-04-09,13416.8173828125,13443.28007397092,13218.343290307344,13416.8173828125,426018
2021-04-12,13416.817468316649,14051.933004853878,13416.817468316649,14025.46875,132013
2021-04-13,14025.468513450378,14104.85814961942,13707.911532300997,13760.8369140625,199472
2021-04-14,13654.98459911696,13972.543144074623,13496.205326638128,13840.2265625,225669
2021-04-15,13866.69158894118,14025.469306732966,13602.059974585698,13734.375,214264
2021-04-16,13707.911292040775,13734.373982457711,13363.890062513557,13496.205078125,111201
2021-04-19,13496.205314674622,13787.30116847004,13496.205314674622,13760.8369140625,171157
2021-04-20,13893.153006041646,14448.878876119034,13893.153006041646,14290.099609375,557820
2021-04-21,14290.099609375,14290.099609375,14290.099609375,14290.099609375,0
2021-04-22,14290.099375536221,14422.41595016664,14104.857421875,14104.857421875,227333
2021-04-23,14025.467789802091,14104.857421875,13628.521192964248,14104.857421875,282721
2021-04-26,14157.785168107988,14395.952514319728,13972.543203931391,14237.1748046875,300751
2021-04-27,14237.173996505418,14263.63668602082,13787.300457110068,14104.857421875,198111
2021-04-28,14104.85940112169,14554.73300364499,14025.469757908528,14501.8076171875,305077
2021-04-29,14528.268782020168,14739.973432632329,14528.268782020168,14713.5107421875,577150
2021-04-30,14713.510742187498,14713.510742187498,14713.510742187498,14713.5107421875,0
2021-05-03,14713.510742187498,14713.510742187498,14713.510742187498,14713.5107421875,0
2021-05-04,14237.176574478606,14713.512889641168,14051.934587275,14660.5859375,185799
2021-05-05,14819.36403416559,14819.36403416559,14369.490449624274,14554.732421875,340924
2021-05-06,14554.732515594877,15560.332023363562,14554.732515594877,15480.9423828125,646061
2021-05-07,15480.941219828894,15613.25779864953,15163.384245007526,15533.8681640625,147471
2021-05-10,15454.478543185085,15745.572827911257,15454.478543185085,15613.2578125,221162
2021-05-11,15877.88893741437,16407.152110465075,15745.572362388337,16221.91015625,409139
2021-05-12,16195.445919151267,16539.467138327243,16116.056286762447,16301.2998046875,315332
2021-05-13,16195.4462890625,16380.68824769185,16195.4462890625,16195.4462890625,341710
2021-05-14,16195.445188817395,16539.46639247973,16010.203242772544,16486.541015625,442172
2021-05-17,16301.300758442481,16486.54272367894,16089.594538510239,16142.521484375,335388
2021-05-18,16036.669464723616,16036.669464723616,15242.774642638191,15507.40625,663667
2021-05-19,15877.891025785186,16142.522647116733,15428.017425874246,16010.2060546875,543935
2021-05-20,16036.669569703134,16407.153509729567,16036.669569703134,16354.2265625,434126
2021-05-21,16380.687857343843,16407.152110465075,16142.520523939722,16221.91015625,363733
2021-05-24,16221.91015625,16221.91015625,16221.91015625,16221.91015625,0
2021-05-25,16142.521484375,16142.521484375,16010.204901476498,16142.521484375,259882
2021-05-26,16221.909675711096,16777.635521894153,16221.909675711096,16671.783203125,485521
2021-05-27,17201.048799232023,17201.048799232023,16804.100593160743,16883.490234375,522639
2021-05-28,16936.41661248699,17068.731634368844,16804.100027078304,17015.8046875,241460
2021-05-31,17148.12103543704,18180.183195109083,17068.731397996606,18127.2578125,385180
2021-06-01,18524.205305292944,19053.468537376586,18259.573689251127,18868.2265625,482133
2021-06-02,18735.90826122249,19106.393740659332,18524.203613138645,19053.466796875,432311
2021-06-03,19053.46537148289,19688.580831748095,19053.46537148289,19582.728515625,333331
2021-06-04,19820.89739954694,20085.527408091366,19397.486571527923,19582.728515625,392229
2021-06-07,19688.585131972362,19794.437471214886,18233.111949451984,19106.396484375,3910795
2021-06-08,19106.396484375,19106.396484375,19106.396484375,19106.396484375,0
2021-06-09,18894.688169789544,19635.65602673682,18709.446205552722,19450.4140625,3522896
2021-06-10,19265.172768725974,20006.14221498712,18894.688827358827,19228.125,2298828
2021-06-11,19265.170721521175,19672.70395183481,18709.444868524413,19524.509765625,3742645
2021-06-14,19524.510762582835,19561.560092790438,19154.026841667397,19191.076171875,2836424
2021-06-15,19191.07531158421,19191.07531158421,18820.58984375,18820.58984375,2232925
2021-06-16,18524.206482364316,18894.690455658903,18431.58627080416,18450.109375,2843338
2021-06-17,17820.28495681561,18709.44705072991,17820.28495681561,18524.205078125,1606306
2021-06-18,18894.690145542543,18894.690145542543,18524.206178328666,18672.400390625,1066549
2021-06-21,18746.49749677317,19079.93212914948,18672.400390625,18672.400390625,2011447
2021-06-22,18894.68676286374,18894.68676286374,18598.29995485958,18746.494140625,2248050
2021-06-23,18820.590173031487,19042.881457621177,18709.4453125,18709.4453125,3082318
2021-06-24,18709.44705072991,18894.689023334813,18450.107976377665,18524.205078125,1328432
2021-06-25,18524.203729957528,18524.203729957528,18079.622715356407,18190.767578125,2267713
2021-06-28,18190.766270155873,18709.444343817177,17783.234614798166,18505.677734375,5232702
2021-06-29,18672.399281619673,18857.641254224578,18487.157309014765,18524.205078125,2247402
2021-06-30,18524.20412847731,18598.301226426043,18264.86506742015,18320.4375,927180
2021-07-01,18190.767578125,18524.203729957528,18079.622715356407,18190.767578125,1612140
2021-07-02,18338.96067731588,18820.589429612315,18190.766493443138,18561.251953125,3225576
2021-07-05,18561.251953125,18561.251953125,18561.251953125,18561.251953125,0
2021-07-06,18561.251953125,18561.251953125,18561.251953125,18561.251953125,0
2021-07-07,18561.251953125,18561.251953125,18561.251953125,18561.251953125,0
2021-07-08,18561.251953125,18561.251953125,18561.251953125,18561.251953125,0
2021-07-09,19042.883241995132,20006.142438423904,18746.496398296615,19413.3671875,13005374
2021-07-12,19413.3671875,19413.3671875,19413.3671875,19413.3671875,0
2021-07-13,18598.299577157308,18598.299577157308,17412.750805690626,17672.08984375,7255386
2021-07-14,17672.08984375,17672.08984375,17672.08984375,17672.08984375,0
2021-07-15,16301.299795389208,17042.267612559917,15745.572368984462,16634.734375,4474493
2021-07-16,16634.734375,16634.734375,16634.734375,16634.734375,0
2021-07-19,15967.863385525881,15967.863385525881,15467.7099609375,15467.7099609375,4678252
2021-07-20,15189.847130864156,15560.3310546875,14448.879283217471,15560.3310546875,8293413
2021-07-21,15930.813980879477,15930.813980879477,15226.8955078125,15226.8955078125,1593125
2021-07-22,15189.846498293304,15523.2826412593,14819.362589898512,15449.185546875,2594419
2021-07-23,15338.040971974944,15375.088738091921,14893.4599609375,14893.4599609375,3132015
2021-07-26,14467.404072879666,14819.363334480497,14152.492578569054,14282.162109375,3687762
2021-07-27,14485.927451432715,14819.363617520234,14374.782583912482,14708.21875,1932364
2021-07-28,14448.87714246824,15226.894205342125,14448.87714246824,14930.505859375,2643252
2021-07-29,14949.03278510272,15134.274747613783,14949.03278510272,15023.1298828125,1627481
2021-07-30,15041.652835900779,15449.184481624281,15041.652835900779,15412.13671875,4064598
2021-08-02,15412.13671875,15412.13671875,15412.13671875,15412.13671875,0
2021-08-03,15523.281570899446,15560.329333773727,15300.990303073952,15412.13671875,2762742
2021-08-04,15412.13671875,15412.13671875,15412.13671875,15412.13671875,0
2021-08-05,15319.516660555004,15634.428152157523,15189.847130864156,15560.3310546875,4523974
2021-08-06,15634.427501072396,15652.952165550148,15449.185546875,15449.185546875,2793857
2021-08-09,15393.613758025029,15615.903486908323,15245.41956308498,15560.3310546875,2837720
2021-08-10,15560.3310546875,15560.3310546875,15560.3310546875,15560.3310546875,0
2021-08-11,15523.281570899446,15708.523512324058,15393.612055549558,15412.13671875,2858248
2021-08-12,15412.138956348675,15449.186724601705,15189.84765625,15189.84765625,4000423
2021-08-13,15189.847097306327,15300.99196150243,14967.55736891412,15115.75,2973632
2021-08-16,15115.749868259807,15523.283118129391,14967.55723846549,15486.2353515625,4062221
2021-08-17,15486.235351562502,15486.235351562502,15486.235351562502,15486.2353515625,0
2021-08-18,15430.660558686268,15449.185222775403,15189.84617963423,15226.8955078125,4468443
2021-08-19,15152.799412922925,15189.847180014425,15004.60521750336,15023.1298828125,2228387
2021-08-20,15115.74998724288,15115.74998724288,14004.298219166325,14337.734375,5640005
2021-08-23,14337.734375,14337.734375,14337.734375,14337.734375,0
2021-08-24,13226.28147137381,13559.71763799684,12874.322202485537,13281.85546875,3043424
2021-08-25,13355.950318485126,13893.153090632846,13355.950318485126,13707.9111328125,1957212
2021-08-26,13707.911322874603,13819.0561864025,13411.524498957955,13448.572265625,1729685
2021-08-27,13189.233536961303,13448.57260067187,12781.701057600441,13337.427734375,3326267
2021-08-30,13337.427238009244,13559.71696233025,13263.330142059995,13504.14453125,2465638
2021-08-31,13707.911579102834,13819.056444708252,13337.427651400249,13430.0478515625,1982277
2021-09-01,13337.42709417001,13411.524189320151,13300.377764831577,13355.9501953125,1351120
2021-09-02,13355.9501953125,13355.9501953125,13355.9501953125,13355.9501953125,0
2021-09-03,13355.9501953125,13355.9501953125,13355.9501953125,13355.9501953125,0
2021-09-06,13337.428155735246,13411.525256782994,13152.186184879305,13263.3310546875,2248050
2021-09-07,13300.379582606325,13689.388212665674,13300.379582606325,13522.6708984375,3193813
2021-09-08,13522.6708984375,13522.6708984375,13522.6708984375,13522.6708984375,0
2021-09-09,13559.716796875,13559.716796875,13411.524170311486,13559.716796875,993515
2021-09-10,13578.241794249801,13596.766459346705,13374.475168764146,13448.572265625,1572166
2021-09-13,13411.524355553716,13448.572121824624,13226.28083361894,13300.3779296875,1874887
2021-09-14,13300.377697359769,13300.377697359769,13096.611859375616,13115.1357421875,1859762
2021-09-15,13041.04029079917,13115.13660870561,12966.943191129316,13022.515625,1241354
2021-09-16,13078.088588182261,13448.572515853097,13022.51537362092,13041.0400390625,972340
2021-09-17,13059.56400510602,13411.524833081849,13041.040121311009,13337.427734375,1578648
2021-09-20,13485.61957347162,14263.63671875,13485.61957347162,14263.63671875,8678244
2021-09-21,14263.63671875,14263.63671875,14263.63671875,14263.63671875,0
2021-09-22,14263.63671875,14263.63671875,14263.63671875,14263.63671875,0
2021-09-23,14300.68466923093,14374.781764529722,13985.77318685612,14004.2978515625,6509061
2021-09-24,14078.395977270595,14337.735048034234,14078.395977270595,14245.11328125,467177054
2021-09-27,14189.541718877139,14245.114156953197,13522.6708984375,13522.6708984375,3319569
2021-09-28,13559.718669312557,13707.912879866673,13374.476687883383,13522.6708984375,2149736
2021-09-29,13504.144298669347,13541.19206424253,13170.708154403834,13318.90234375,3545152
2021-09-30,13300.3771578436,13504.143769325528,13041.03890018023,13096.611328125,4426956
2021-10-01,13096.613104078688,13170.709424131699,12707.6044921875,12707.6044921875,3599387
2021-10-04,12744.65205099484,12929.894009352454,12318.595703125,12318.595703125,331506850
2021-10-05,12374.168174925688,12763.1767578125,12374.168174925688,12763.1767578125,3111920
2021-10-06,12763.1767578125,12763.1767578125,12763.1767578125,12763.1767578125,0
2021-10-07,12744.651812471227,12874.321337247391,12522.361310249711,12726.1279296875,2162484
2021-10-08,12818.75,12837.273884362987,12596.459478827026,12818.75,2442302
2021-10-11,12818.75,12818.75,12818.75,12818.75,0
2021-10-12,13411.524917286943,13522.669784281643,13318.903152440149,13374.4755859375,2998913
2021-10-13,13411.525390625,13448.573159755171,13152.186316133204,13411.525390625,2338802
2021-10-14,13411.525390625,13411.525390625,13411.525390625,13411.525390625,0
2021-10-15,13485.619204765684,13670.861153787318,13337.426583664377,13596.765625,2700728
2021-10-18,13596.765625,13596.765625,13596.765625,13596.765625,0
2021-10-19,13578.241879728335,13578.241879728335,13300.378155632605,13485.6201171875,1692520
2021-10-20,13411.524170311486,13707.91098696524,13281.854644864206,13559.716796875,2713261
2021-10-21,13596.765798392777,13819.055514642821,13485.619376741066,13670.861328125,3596794
2021-10-22,13689.385992321399,13800.530850446421,13504.144040937466,13670.861328125,2000643
2021-10-25,13670.861328125,13670.861328125,13670.861328125,13670.861328125,0
2021-10-26,13337.427624271158,13633.814453125,13226.281195365025,13633.814453125,2565033
2021-10-27,13707.912191921721,13763.484627208822,13448.573118230674,13744.9599609375,3942299
2021-10-28,13744.959457875853,13893.153655568833,13522.66972486319,13782.0087890625,2477738
2021-10-29,13763.48356380593,13782.008228645987,13559.716941145527,13707.9111328125,2272683
2021-11-01,13707.9111328125,13707.9111328125,13707.9111328125,13707.9111328125,0
2021-11-02,13541.192745216296,13874.62890625,13393.00011194438,13874.62890625,3116674
2021-11-03,13911.678020256664,14448.879239102302,13893.153355064023,14337.734375,656761786
2021-11-04,14411.83132857794,14467.40376007511,14133.96760756533,14189.5400390625,1450947
2021-11-05,14226.588717472709,14245.111818105534,13893.152580234959,14078.39453125,1639797
2021-11-08,14078.395113362263,14448.879030711085,13856.103824836919,13948.7255859375,3326483
2021-11-09,13967.249673346312,14189.53938915369,13930.200345027293,14078.39453125,2947271
2021-11-10,14078.396402529168,14115.444172245838,13948.726863230491,14041.3486328125,2135475
2021-11-11,14041.347180975261,14078.394946861292,13596.76617270925,14004.2978515625,3565031
2021-11-12,14041.347409578962,14208.064704070475,13707.911257069181,14189.5400390625,2134826
2021-11-15,14448.87883986835,14448.87883986835,14133.96735792857,14208.064453125,3774408
2021-11-16,14152.493334102968,14374.783076764837,14022.823796374585,14096.9208984375,3656863
2021-11-17,14078.39492741293,14263.63688364064,14004.2978322165,14208.064453125,3049042
2021-11-18,14208.06447275249,14208.06447275249,13948.725420970091,14004.2978515625,2712180
2021-11-19,14004.299789584466,14634.12284149381,13948.727351301517,14448.880859375,12871191
2021-11-22,14782.314824469717,15449.185546875,14671.16840112991,15449.185546875,18098276
2021-11-23,15597.38128141516,15634.429050515559,15041.655363748003,15523.2841796875,5881361
2021-11-24,15449.188201629213,16597.689453125,15375.09109451223,16597.689453125,17716470
2021-11-25,16782.929633957614,16931.123832251596,16301.300834792388,16542.115234375,7218653
2021-11-26,16579.161446997823,17153.411957111646,16338.3470700045,16671.783203125,9036713
2021-11-29,16375.394933174124,16523.589118461376,15930.813940839049,16171.6298828125,7831660
2021-11-30,16412.444891729945,16542.114417955767,15041.654097508434,15634.427734375,10978801
2021-12-01,15671.476005157776,15930.8134765625,15319.515216239526,15930.8134765625,7662472
2021-12-02,16079.007568420546,16338.346601914636,15819.668534926457,15893.765625,4718658
2021-12-03,15782.62248876011,16449.493244922505,15708.525390625002,15708.525390625,6760789
2021-12-06,15856.720260494367,15856.720260494367,14615.597331943229,15041.6552734375,7798600
2021-12-07,15115.751195293105,15375.090274609358,15004.606322308111,15171.3251953125,2628991
2021-12-08,15189.846964920345,15912.291702952149,15097.226766739743,15486.2353515625,3057253
2021-12-09,15560.32934747478,15745.5712890625,15486.233821660977,15745.5712890625,3183873
2021-12-10,15986.387467070615,16134.580084512367,15838.193286102232,15930.8134765625,4702669
2021-12-13,16116.055421009662,16116.055421009662,15652.95134165507,15930.8134765625,4805953
2021-12-14,15838.194085562232,16116.056234495229,15671.476796202433,15856.71875,2825188
2021-12-15,15967.865527590255,16264.252376562214,15764.098884879017,16190.1552734375,5425442
2021-12-16,16301.2998046875,16634.734384488485,16264.250475691804,16301.2998046875,5378337
2021-12-17,16468.017856174203,16523.59028871106,16153.106362780838,16245.7265625,2965637
2021-12-20,16245.72554399085,16857.025390625,16079.008256832454,16857.025390625,8842893
2021-12-21,16838.500085656437,16857.02474914466,16338.3466796875,16338.3466796875,4253880
2021-12-22,16338.348918932295,16375.396687459675,15412.139070479416,16116.0576171875,7341168
2021-12-23,15856.719020845014,15856.719020845014,15097.226528244253,15634.427734375,6523970
2021-12-24,15449.1851839455,16301.299404057174,15412.137419387025,16171.6298828125,3491349
2021-12-27,16301.300499873507,16301.300499873507,15375.08912485584,16004.912109375,2149736
2021-12-28,15893.765625,16301.298838641174,15671.475918305992,15893.765625,3156216
2021-12-29,16041.959881509107,16671.782804842336,16023.435218020886,16338.3466796875,7194237
2021-12-30,16338.349438677677,16671.785620138515,16338.349438677677,16393.921875,3132015
2021-12-31,16412.44658131157,17523.8984375,16412.44658131157,17523.8984375,20771779
2022-01-03,17523.8984375,17523.8984375,17523.8984375,17523.8984375,0
2022-01-04,17764.71126927373,17801.760599299476,17505.372213200524,17653.56640625,4994155
2022-01-05,17653.565844165507,18098.146845631847,17357.179031030184,17579.46875,4248694
2022-01-06,17338.655188951518,17931.43040686324,17153.413226515375,17301.607421875,9053999
2022-01-07,17208.987396305576,17412.75404461556,17097.842520328108,17116.3671875,4788883
2022-01-10,17005.218013590234,17153.41220008215,16486.54148792189,16857.025390625,8179325
2022-01-11,16857.025086384536,17042.267034392793,16412.444098459393,16560.63671875,3668531
2022-01-12,16560.637000516628,17523.896084664673,15819.669195876606,17394.2265625,6240479
2022-01-13,17560.943442913704,17968.47666414649,17227.508876661406,17264.556640625,8873792
2022-01-14,16931.123217072025,17227.510039364188,16671.78416124385,17005.21875,2849388
2022-01-17,17005.218293285165,17301.60667114388,16116.056286762447,16301.2998046875,6660314
2022-01-18,16116.055576335846,16634.733651197563,15597.379065000776,16079.0078125,7018999
2022-01-19,16004.91031356617,16523.58837521422,16004.91031356617,16153.1044921875,2663996
2022-01-20,16153.105615758142,16486.54175908584,15597.379752563123,16301.2998046875,5977731
2022-01-21,16116.056819465583,17042.268185599158,16097.533717882181,16708.83203125,5020084
2022-01-24,16634.73347786589,17023.74202995876,16301.298916237685,16338.3466796875,3311574
2022-01-25,16338.346986706569,16968.169921875,16301.29922256058,16968.169921875,3143035
2022-01-26,17042.267164799097,17783.234962501952,16968.170072323475,17449.798828125,9261000
2022-01-27,17468.32382026146,17783.235296553336,17153.412343969583,17338.654296875,3886119
2022-01-28,17523.893879312942,18116.668986541248,17301.604191306382,17616.515625,7792766
2022-01-31,17616.515625,17616.515625,17616.515625,17616.515625,0
2022-02-01,17616.515625,17616.515625,17616.515625,17616.515625,0
2022-02-02,17616.515625,17616.515625,17616.515625,17616.515625,0
2022-02-03,17616.515625,17616.515625,17616.515625,17616.515625,0
2022-02-04,17616.515625,17616.515625,17616.515625,17616.515625,0
2022-02-07,17746.18652760329,17968.47623310571,17542.419921875,17542.419921875,3304228
2022-02-08,17264.558204491626,17783.236328125,17264.558204491626,17783.236328125,5318268
2022-02-09,17949.952553366922,18153.71917026054,17672.09040626353,17746.1875,6265544
2022-02-10,17635.041015625,17820.28296755149,17486.84839219982,17635.041015625,4006257
2022-02-11,17523.89566099417,17894.379554357096,17505.370997268034,17672.08984375,3419396
2022-02-14,17338.654902282902,17579.469293115708,17005.21875,17005.21875,7425005
2022-02-15,17005.21875,17005.21875,17005.21875,17005.21875,0
2022-02-16,17116.363533654156,17116.363533654156,16819.975176281947,16894.072265625,5171337
2022-02-17,17042.267484931675,17338.654296875,16894.073297196664,17338.654296875,3407080
2022-02-18,17264.55792540837,17560.94474975341,17190.46082844042,17357.1796875,3238973
2022-02-21,17116.36402124397,17357.17839582396,17097.83935749885,17264.556640625,4101763
2022-02-22,17042.267809194986,17338.65462677766,16931.12294804232,17227.509765625,3909239
2022-02-23,17412.752455963586,17727.6639515201,17301.607590126416,17375.703125,4302713
2022-02-24,17283.08259053205,17486.849216312225,16671.784276718296,17357.1796875,6670685
2022-02-25,17449.80044524978,17653.56707755973,17412.75267734198,17560.9453125,5124448
2022-02-28,17597.994420201136,17635.042187637926,17375.703125,17375.703125,2972552
2022-03-01,17338.65291205057,17412.75,17116.363211728854,17412.75,3359543
2022-03-02,17264.556725622893,17264.556725622893,16338.346986706569,16968.169921875,9441207
2022-03-03,16838.500959756762,17042.267578125,16449.49238747014,17042.267578125,4881363
2022-03-04,17005.21768602099,17153.411869658266,16819.975738237725,16968.169921875,2081024
2022-03-07,16857.02565826724,16857.02565826724,16634.734375,16634.734375,2831022
2022-03-08,16597.686939646053,16819.976663807465,16430.968082998246,16523.58984375,4522894
2022-03-09,16486.541015625,16597.685870546582,15893.76585016549,16486.541015625,4537587
2022-03-10,16782.930318625753,16782.930318625753,16449.494140625,16449.494140625,1946192
2022-03-11,16116.058170312786,16486.543685936354,16116.058170312786,16190.1552734375,2925231
2022-03-14,16116.055421009662,16153.104748015072,15930.8134765625,15930.8134765625,3619914
2022-03-15,16004.91088300659,16227.202158847513,15875.241362981053,16023.435546875,2281974
2022-03-16,16356.874529506178,16486.544072130182,16227.20498688217,16319.8251953125,2204187
2022-03-17,16523.588712899913,16634.73356737403,16375.39453125,16375.39453125,1210887
2022-03-18,16393.920647270894,16449.49307943144,16301.300448178912,16412.4453125,1342477
2022-03-21,16523.59234600802,16597.689453125,16449.495238891035,16597.689453125,2818057
2022-03-22,16690.307366139834,16857.026225077796,16634.734934336102,16708.83203125,1856305
2022-03-23,16745.878731794743,16931.122244049093,16597.686110928593,16671.783203125,1440143
2022-03-24,16671.783138376282,16671.783138376282,16449.49186265038,16560.63671875,2302933
2022-03-25,16560.636543221626,16616.210534209058,16486.541015625,16486.541015625,1646279
2022-03-28,16412.444917050878,16486.542012655198,16134.58119941636,16282.775390625,1959157
2022-03-29,16282.775130901926,16727.356133909696,16282.775130901926,16634.734375,2290401
2022-03-30,16597.685159609417,17412.75,16597.685159609417,17412.75,7893241
2022-03-31,17338.655578686605,17449.800445941226,17227.51071143198,17431.27734375,2761878
2022-04-01,17412.751359949234,17949.952553366922,17320.12960189697,17746.1875,5741776
2022-04-04,18079.6225875015,18079.6225875015,17635.041576044354,17709.138671875,3726007
2022-04-05,17653.566511845038,17709.138943689308,17357.1796875,17357.1796875,3059630
2022-04-06,17338.65557799956,17931.430809212092,17190.461379314725,17560.9453125,4318703
2022-04-07,17597.994249067473,17857.33330918343,17301.607421875,17301.607421875,3262525
2022-04-08,17412.75099803574,17412.75099803574,16671.783203125,16671.783203125,3090961
2022-04-11,16671.783203125,16671.783203125,16671.783203125,16671.783203125,0
2022-04-12,16857.024839848902,16894.07260349806,16375.39453125,16375.39453125,2142173
2022-04-13,16412.444162200907,16764.40339572551,16079.008029080407,16671.783203125,1913349
2022-04-14,16671.783869202634,16782.928730174415,16542.11434355998,16579.162109375,1191656
2022-04-15,16486.542180491884,16579.162378295125,16208.678460028652,16227.203125,2486814
2022-04-18,16116.05697404855,16208.678736961028,15634.428184778644,16004.912109375,3528298
2022-04-19,16004.910319990626,16116.055172237937,15523.28158456788,15745.5712890625,2046452
2022-04-20,15745.57195224399,15875.241473169552,15319.515625,15319.515625,1424154
2022-04-21,15375.089092775828,15560.3310546875,14300.685088277423,15560.3310546875,3399733
2022-04-22,15560.32934747478,15986.387220300478,14819.361581123907,15745.5712890625,2272683
2022-04-25,15745.571284972442,15745.571284972442,14652.644298946783,14800.8369140625,2536079
2022-04-26,14634.120328700297,15226.8955078125,13800.530770536057,15226.8955078125,2339234
2022-04-27,15189.846964920345,15486.235351562502,14819.363045144411,15486.2353515625,1461319
2022-04-28,15245.419254778853,15578.855404887538,15226.89615343102,15338.041015625,1069142
2022-04-29,15375.087643221012,16023.435230549396,15282.467452760746,15930.8134765625,3171125
2022-05-02,15930.8134765625,15930.8134765625,15930.8134765625,15930.8134765625,0
2022-05-03,15930.8134765625,15930.8134765625,15930.8134765625,15930.8134765625,0
2022-05-04,16116.057172142515,16116.057172142515,14967.557617187498,14967.5576171875,1342909
2022-05-05,15375.088924808313,15560.330884696281,15041.654335126028,15486.2353515625,1517282
2022-05-06,15189.847912476202,15449.186985202505,15004.605941032682,15041.6552734375,1332970
2022-05-09,14819.364823612621,15041.656140271361,14004.299789584466,14448.880859375,2806173
2022-05-10,13522.67067699786,14337.735694644569,13522.67067699786,14226.5908203125,2482492
2022-05-11,14485.92618121272,14615.595703125,14189.539372638943,14615.595703125,1444897
2022-05-12,14448.878277794187,14560.023134501833,13596.765625,13596.765625,3266846
2022-05-13,13504.145525389598,13954.283344746316,12653.884765625,12653.884765625,2810583
2022-05-16,12553.852987524715,13504.144193204078,11778.615013542418,12778.921875,6243144
2022-05-17,12753.914862686288,13379.106691076458,12203.745740997578,13304.083984375,2762406
2022-05-18,13504.145056754493,13529.152104479377,13003.991594042356,13304.083984375,1896823
2022-05-19,12603.868549966257,13154.036884760259,12603.868549966257,12903.9609375,2176121
2022-05-20,12903.960920777365,13054.007114349786,12753.914727204943,12928.96875,1547741
2022-05-23,13003.99059334067,13003.99059334067,12403.806640625,12403.806640625,1404491
2022-05-24,12850.554539150919,13402.4189453125,12692.878877174167,13402.4189453125,1654979
2022-05-25,13402.420349914784,13849.16796875,13402.420349914784,13849.16796875,1736447
2022-05-26,13928.004772997048,13928.004772997048,13691.49167660229,13770.3291015625,1278047
2022-05-27,13796.608615811096,14138.23855510292,13691.491774607006,14111.9599609375,3298113
2022-05-30,14138.238545096756,14348.472227356146,14085.679713774842,14295.9150390625,1599439
2022-05-31,14322.191620573201,14322.191620573201,13980.561729530942,14085.677734375,747781
2022-06-01,14059.400154016244,14243.355229494617,13875.445078537872,13928.00390625,823648
2022-06-02,13928.00390625,13928.00390625,13928.00390625,13928.00390625,0
2022-06-03,13822.886522272818,13875.445351017072,13586.37425746596,13717.7705078125,1014434
2022-06-06,13717.771210483388,13744.0498046875,13560.09553768804,13744.0498046875,1759815
2022-06-07,13744.049337020517,13770.328751844558,13349.860579202219,13665.2119140625,1209063
2022-06-08,13928.004374172278,14190.796878533489,13665.21186981107,14006.841796875,1549822
2022-06-09,14085.67874635823,14085.67874635823,13822.886250825743,13928.00390625,609653
2022-06-10,13717.77062553515,14006.841721567,13691.4912109375,13691.4912109375,972980
2022-06-13,13165.905651336938,13297.3018972851,12745.4375,12745.4375,3037062
2022-06-14,12719.15902068788,12719.15902068788,11878.22265625,11878.22265625,3519471
2022-06-15,11825.663581266406,11878.221585861256,11089.844123312036,11562.87109375,5849246
2022-06-16,11773.105115168128,12088.456438436588,11615.429453533898,11667.98828125,1277086
2022-06-17,11405.194416853354,11405.194416853354,10853.330078125,10853.330078125,7002610
2022-06-20,10853.331061341554,11352.636623894583,10117.512424054357,10143.791015625,5126913
2022-06-21,9670.764754166448,10196.34972371775,9460.5302734375,9460.5302734375,4904435
2022-06-22,9880.998792723163,10117.5126953125,9565.648291794174,10117.5126953125,6858079
2022-06-23,10327.745959296943,10695.6552734375,10248.90854252184,10695.6552734375,2771689
2022-06-24,10879.61058451372,10905.889997864331,10643.09750738635,10827.0517578125,2224938
2022-06-27,10827.051525986653,10905.889764350422,10616.817866711359,10879.6103515625,2458300
2022-06-28,10984.72784977312,11615.4296875,10879.611013737656,11615.4296875,2807062
2022-06-29,11667.989599518103,12403.808341593049,11457.755907929311,11773.1064453125,3819736
2022-06-30,11799.384685427478,11983.33976335809,11300.0791015625,11300.0791015625,2505676
2022-07-01,11300.078365516652,12088.45581127167,10616.817748226164,11957.0595703125,3731385
2022-07-04,12141.014164871453,12771.716796875,12141.014164871453,12771.716796875,6774210
2022-07-05,13139.626600761867,13349.86027147997,12666.599609375,12666.599609375,4385694
2022-07-06,12246.132267938794,12876.834101607194,12246.132267938794,12666.599609375,2681258
2022-07-07,12771.717380174056,13323.581797624414,12193.573548270995,13192.185546875,4999029
2022-07-08,13376.13992447091,13533.815591081144,13139.62683531261,13165.90625,2918941
2022-07-11,12719.158081250438,13034.509400001316,12456.36558946273,12561.482421875,3985714
2022-07-12,12561.482421875,12561.482421875,12561.482421875,12561.482421875,0
2022-07-13,12876.833628370905,13244.742949363601,12614.041138874112,12771.716796875,2427249
2022-07-14,12692.878059122888,12876.83312315894,12561.481819529716,12850.5537109375,1941479
2022-07-15,12850.554332455718,13244.743070300208,12745.4375,12745.4375,4152652
2022-07-18,12771.716918621074,12955.67117011393,12745.437505118074,12929.392578125,2218056
2022-07-19,12981.95045986681,12981.95045986681,12692.878557117527,12771.716796875,1752613
2022-07-20,13113.347068951172,13139.626482933802,12929.392814100944,13060.7890625,3275385
2022-07-21,13165.906132422298,13376.139805015722,13139.626717969595,13192.185546875,2692462
2022-07-22,13376.140333733194,13901.726179019732,13218.464662298647,13770.3291015625,7011253
2022-07-25,13665.211680043416,13665.211680043416,13402.419179331584,13533.8154296875,2174040
2022-07-26,13507.53625076959,13744.049341230188,13402.419412955336,13481.2568359375,1822077
2022-07-27,13402.419412955336,13507.53625076959,13244.7437454769,13481.2568359375,1307657
2022-07-28,13691.490130695149,13901.724609375,13507.535064539536,13901.724609375,3778602
2022-07-29,13928.003673167434,14348.471001771708,13901.725081265215,13980.5625,10141468
2022-08-01,13928.004374172278,14059.400626352885,13822.886715216511,14006.841796875,2907097
2022-08-02,14190.796164302137,14269.633583036923,13954.28226506965,13980.5625,2759045
2022-08-03,13980.563603979941,13980.563603979941,13717.771092093737,13770.3291015625,3169588
2022-08-04,13901.725586903292,13901.725586903292,13665.211679068247,13717.7705078125,3800369
2022-08-05,13665.21105379467,13665.21105379467,13481.255983121035,13638.931640625,3926653
2022-08-08,13560.09553768804,13822.887230328106,13560.09553768804,13744.0498046875,2494952
2022-08-09,13822.886640897548,13822.886640897548,13612.652967144548,13691.4912109375,2556094
2022-08-10,13665.2119140625,13717.770743710584,13612.653084414418,13665.2119140625,2179002
2022-08-11,13770.32875606228,13822.886764212351,13402.419412955336,13481.2568359375,3749952
2022-08-12,13612.65273334099,13612.65273334099,13349.860234906271,13560.0947265625,2377311
2022-08-15,13665.211176362172,13954.282259279142,13560.094344254723,13796.607421875,3761155
2022-08-16,13822.887456765024,14059.401380589523,13717.771435198369,13875.4462890625,5437582
2022-08-17,13875.446061764602,13928.004893201098,13744.0498046875,13744.0498046875,3741148
2022-08-18,13717.770743710584,13901.725825964766,13665.2119140625,13665.2119140625,4415945
2022-08-19,13612.65100138441,13770.326644686767,13507.5341796875,13507.5341796875,2944550
2022-08-22,13560.094119538411,13560.094119538411,12955.670907287398,13139.6259765625,3878957
2022-08-23,12981.95067030581,13244.7431640625,12903.113250784432,13244.7431640625,1796148
2022-08-24,13323.581797624414,13428.698633921125,13192.185546875,13192.185546875,1759655
2022-08-25,13349.858536385143,13586.37241209567,13244.741714688234,13507.5341796875,3387745
2022-08-26,13507.535028207267,13586.373265567918,13323.580784060485,13349.859375,2461501
2022-08-29,13192.185895301982,13507.536412521036,12955.671980495044,13297.302734375,2956554
2022-08-30,13454.977289172946,13533.814706568532,13139.6259765625,13139.6259765625,2677416
2022-08-31,13139.6259765625,13244.742806927965,13060.788559166915,13139.6259765625,1968368
2022-09-01,13139.6259765625,13139.6259765625,13139.6259765625,13139.6259765625,0
2022-09-02,13139.6259765625,13139.6259765625,13139.6259765625,13139.6259765625,0
2022-09-05,13139.627356349454,13218.464782023726,12903.1142578125,12903.1142578125,2474305
2022-09-06,12903.113164622,13034.509410622928,12824.274924113004,12929.392578125,3212483
2022-09-07,12929.393792881563,13323.5825679196,12876.8349609375,12876.8349609375,4816725
2022-09-08,12981.95044548299,13034.509271929737,12403.806640625,12403.806640625,3012894
2022-09-09,12482.644880295122,12508.924293518494,11720.54682590163,12403.806640625,6671774
2022-09-12,12508.925044508229,12587.762467397399,12062.177457431972,12272.4111328125,2454938
2022-09-13,12298.690547613593,12377.528792016872,12088.456872233064,12272.4111328125,1742529
2022-09-14,12035.898662615256,12167.294921875,11904.502403355511,12167.294921875,2156114
2022-09-15,12246.131711316302,12246.131711316302,12088.4560546875,12088.4560546875,1097824
2022-09-16,12035.896986282387,12088.45581127167,11746.825091869407,11957.0595703125,2317610
2022-09-19,11667.988790689722,11878.222467705054,11221.241200139497,11589.1513671875,4097913
2022-09-20,11562.871216513298,11720.546875,11221.240486206436,11720.546875,2647326
2022-09-21,11562.87109375,11615.42909834485,11431.474849991797,11562.87109375,1536377
2022-09-22,11352.636135312709,11825.6630859375,11326.356723358997,11825.6630859375,2260630
2022-09-23,11667.98804833308,11825.66370681978,11589.15062984676,11720.546875,1471394
2022-09-26,11457.7555600415,12088.45743717227,11011.007952087042,11851.9443359375,4467002
2022-09-27,11615.429313662036,12377.528198798016,11615.429313662036,12219.8525390625,6165997
2022-09-28,12298.689349538468,12298.689349538468,11825.663215255001,11983.3388671875,1938758
2022-09-29,12062.177145786709,12193.573394883239,11615.429570252876,11641.708984375,2502315
2022-09-30,11615.42909834485,11694.267337508203,11089.844123312036,11562.87109375,3353653
2022-10-03,11352.63810560307,11615.430627720736,10984.728738941167,11116.125,3700174
2022-10-04,11247.519053178909,11589.14975777851,11142.40222926903,11168.681640625,3277626
2022-10-05,11562.871720938067,11562.871720938067,11273.7998046875,11273.7998046875,2114339
2022-10-06,11273.799968522731,11273.799968522731,10511.701866615478,10905.890625,3272825
2022-10-07,10459.142345625143,10853.3310779569,10143.791031154115,10511.701171875,3802450
2022-10-10,10432.863048167434,10748.214366134704,10091.233138297945,10485.421875,2605551
2022-10-11,10248.909534986034,10432.8637991127,9775.8825239872,10170.0712890625,4000919
2022-10-12,10143.792099594095,10800.7733893465,10143.792099594095,10301.4677734375,3206561
2022-10-13,10354.0263671875,10511.70203740599,10248.909527546546,10354.0263671875,2329294
2022-10-14,11063.566129099807,11063.566129099807,10537.981086663569,10616.8193359375,4389535
2022-10-17,10590.539813987309,10616.819230150102,10196.35103608788,10459.1435546875,1961966
2022-10-18,10643.097533983635,10774.493779550987,10459.142461583717,10485.421875,2404681
2022-10-19,10511.701870922754,10827.052384851124,10459.143041177636,10721.935546875,2509678
2022-10-20,10774.493779550987,10774.493779550987,10459.142461583717,10485.421875,2485029
2022-10-21,10564.259566068373,10564.259566068373,9802.161486434596,10091.2333984375,3443924
2022-10-24,10117.51281152743,10117.51281152743,9407.972738637432,9907.2783203125,3071634
2022-10-25,9986.11562636616,10406.58378245222,9460.530636637102,10117.5126953125,2953833
2022-10-26,10170.070184457267,10248.908421817918,9802.16087464967,10012.39453125,1259960
2022-10-27,10091.234192950862,10459.1435546875,9802.162258188451,10459.1435546875,3409512
2022-10-28,10564.260046469406,10800.77314104008,10354.0263671875,10354.0263671875,3696813
2022-10-31,10432.86403138798,10459.143447280905,10038.675257536539,10301.4677734375,1967568
2022-11-01,10459.142812523853,10748.214726774195,10406.583983927756,10590.5390625,8006481
2022-11-02,10590.538453923436,11168.682249201564,10564.259041135514,10879.6103515625,15425397
2022-11-03,10800.773208880026,10932.16946463505,10643.098359185298,10669.376953125,6964516
2022-11-04,10511.701917493314,10669.376764399,9933.558073792088,10380.3056640625,10835311
2022-11-07,10117.513094552873,10354.026184961016,9670.765507048738,9697.044921875,9568627
2022-11-08,9460.530630593374,9802.16136660746,9434.25203833497,9749.6025390625,5516009
2022-11-09,9644.486209853216,9933.558133439603,9513.089955633413,9670.765625,4297823
2022-11-10,9460.530780099598,9565.648436850708,9013.784024963736,9197.73828125,9047645
2022-11-11,9355.413944862577,9434.25218742591,8672.153283550806,9197.73828125,7867552
2022-11-14,8961.224621504894,9276.575928492493,8619.594723530026,9145.1796875,6489150
2022-11-15,8934.9462890625,9040.063951774377,8514.478102757397,8934.9462890625,7626348
2022-11-16,8540.756576722719,9539.368511778623,8540.756576722719,9460.5302734375,5819476
2022-11-17,9670.765507048738,9880.99918263062,9565.648669257796,9697.044921875,5217985
2022-11-18,9697.045040146784,9775.882464073018,9407.973116560397,9670.765625,4119361
2022-11-21,9723.322265625,9933.55673570337,9644.484852791864,9723.322265625,3914809
2022-11-22,9644.485858554595,9986.115778476626,9539.369023310439,9565.6484375,7767037
2022-11-23,9670.766155672552,9670.766155672552,9407.9736328125,9407.9736328125,3066672
2022-11-24,9355.413945186312,9434.252187752374,9197.73828156828,9381.693359375,3508587
2022-11-25,9565.648049951831,9618.2060546875,9460.530397452383,9618.2060546875,5793066
2022-11-28,9854.718878042735,10143.790772003716,9670.764633895953,10012.39453125,9851926
2022-11-29,10064.954733307917,10143.79215994157,9775.882799794284,9959.837890625,8903115
2022-11-30,10064.954764021031,10643.0986328125,9959.837921017352,10643.0986328125,18736315
2022-12-01,10958.447908942559,11011.006735192415,10485.421758750072,10511.701171875,16047694
2022-12-02,10432.8626736723,11247.51953125,10406.583261199336,11247.51953125,14114858
2022-12-05,11562.872308191625,11694.268565750299,11273.800377259713,11510.3134765625,14052276
2022-12-06,11536.59247883965,11562.871893712207,10721.935546875,10721.935546875,18018304
2022-12-07,10721.935429165946,10879.611095156168,10511.701755521715,10748.21484375,7989675
2022-12-08,10984.727422572128,11457.754398606627,10827.051763893962,11011.0068359375,10066241
2022-12-09,11037.286249302872,11116.123667884924,10827.051763893962,11011.0068359375,8197588
2022-12-12,11037.28599632905,11194.960829879257,10669.37586067445,10695.6552734375,7438602
2022-12-13,10643.098119410319,10905.890625,10511.701866615478,10905.890625,8098033
2022-12-14,10984.7274164021,11037.286243103323,10827.0517578125,10827.0517578125,8431590
2022-12-15,10879.611438410078,11300.079620478493,10827.052607583728,11037.287109375,9546220
2022-12-16,10879.610938415686,11089.844609031119,10879.610938415686,10932.1689453125,7576570
2022-12-19,10958.44863320947,11326.357976732203,10905.890625,10905.890625,8852857
2022-12-20,10853.331971617617,10905.890802195156,10275.188121321193,10354.0263671875,9205300
2022-12-21,10406.584376250914,10616.818877046942,9880.999356532027,10354.0263671875,5332585
2022-12-22,10511.701288416283,10616.818120567352,10248.90879728158,10485.421875,3511788
2022-12-23,10432.86391115868,10485.422742338837,10196.35081387624,10327.7470703125,2599789
2022-12-26,10327.745977002949,10406.583393913212,9618.205938754398,9644.4853515625,5330825
2022-12-27,9618.205920309247,9986.115234375,9618.205920309247,9986.115234375,3008252
2022-12-28,9907.277817615926,10117.51229816353,9802.160988099145,9986.115234375,2727514
2022-12-29,9854.720344656367,10091.234270423107,9854.720344656367,9933.55859375,2200930
2022-12-30,10038.674059890413,10117.51229816353,9933.557230373632,9986.115234375,2282398
2023-01-02,9986.115234375,9986.115234375,9986.115234375,9986.115234375,0
2023-01-03,9959.837933651053,10459.1435546875,9959.837933651053,10459.1435546875,3819736
2023-01-04,10511.702387013083,10721.93607328712,10406.584722361915,10459.1435546875,4044775
2023-01-05,10459.141961933037,10590.538201223371,10432.862549772166,10564.2587890625,2818426
2023-01-06,10616.81809403574,10958.44800305149,10511.70126214736,10827.0517578125,8231039
2023-01-09,10932.169905911967,11378.917522117668,10932.169905911967,11116.125,7307996
2023-01-10,11142.404416514599,11247.521261058833,10958.449322426568,11116.125,6052677
2023-01-11,11300.078982373625,11300.078982373625,11142.4033203125,11142.4033203125,6648886
2023-01-12,11116.124137653445,11536.592304726228,11116.124137653445,11457.7548828125,7893321
2023-01-13,11667.988790689722,11878.222467705054,11510.313122171165,11589.1513671875,10003339
2023-01-16,11694.267461666539,11773.10488015286,11589.15062984676,11720.546875,4128004
2023-01-17,11694.267549576545,12035.8974609375,11694.267549576545,12035.8974609375,5481277
2023-01-18,12167.293707078494,12193.573120609506,11983.339455389543,12035.8974609375,5672864
2023-01-19,11878.221801265494,12062.176874468512,11851.94320924855,12035.8974609375,7449006
2023-01-20,12035.8974609375,12035.8974609375,12035.8974609375,12035.8974609375,0
2023-01-23,12035.8974609375,12035.8974609375,12035.8974609375,12035.8974609375,0
2023-01-24,12035.8974609375,12035.8974609375,12035.8974609375,12035.8974609375,0
2023-01-25,12035.8974609375,12035.8974609375,12035.8974609375,12035.8974609375,0
2023-01-26,12035.8974609375,12035.8974609375,12035.8974609375,12035.8974609375,0
2023-01-27,12246.132539525513,12351.249377215778,12141.014880321141,12272.4111328125,6031070
2023-01-30,12324.969010709274,12377.52783625299,12114.7353515625,12114.7353515625,7113688
2023-01-31,12088.45545778985,12377.52734375,11878.220985494281,12377.52734375,11640072
2023-02-01,12587.761711674557,12824.274787656805,12298.689809245563,12403.806640625,13430779
2023-02-02,12403.806640625,12561.482298451183,12246.131804312874,12403.806640625,6982122
2023-02-03,12508.924307378209,12771.716796875,12377.528062629812,12771.716796875,6863201
2023-02-06,12508.925159188559,12666.600006412446,12377.528905492576,12430.0869140625,5144039
2023-02-07,12561.482082627906,12561.482082627906,12035.897113246927,12114.7353515625,5946560
2023-02-08,12088.456408529435,12324.9694896386,12035.897580943363,12193.5732421875,3874635
2023-02-09,11746.825342103053,11773.104755157503,11536.591680695548,11562.87109375,2839073
2023-02-10,11562.872131581988,11641.709556307385,10984.72827854865,11037.287109375,5336267
2023-02-13,10774.495012971203,11037.287534189321,10511.702491753083,10616.8193359375,6152712
2023-02-14,10748.213752147418,10932.167992524961,10669.37551640217,10774.4931640625,2032871
2023-02-15,10774.493521924853,11037.286006775994,10643.097279499283,10879.6103515625,5333225
2023-02-16,10984.7275390625,11063.564958480603,10879.610706000338,10984.7275390625,3402950
2023-02-17,11089.844609425501,11300.0791015625,11037.286602526818,11300.0791015625,6060040
2023-02-20,11273.799193179142,11562.87109375,11247.51978012469,11562.87109375,6358224
2023-02-21,11694.267970067784,11773.105391981513,11457.7548828125,11457.7548828125,5094582
2023-02-22,11300.079620478493,11405.196460617066,11037.287109375,11037.287109375,5322822
2023-02-23,11063.565195219115,11300.0791015625,10879.61093880259,11300.0791015625,4957734
2023-02-24,11273.800205065318,11405.196460617066,11037.287109375,11037.287109375,2310568
2023-02-27,10879.610701839525,11142.403195151463,10800.7724609375,10800.7724609375,3314759
2023-02-28,10879.610701839525,10984.727534861486,10748.214455183555,10800.7724609375,2157714
2023-03-01,10800.772810267097,11089.8447265625,10669.376559361377,11089.8447265625,3958024
2023-03-02,11063.565703274047,11168.683364926746,10984.72827854865,11037.287109375,1976371
2023-03-03,11089.843131433157,11116.12254213717,10853.330078125,10853.330078125,2134506
2023-03-06,10932.16858970088,11063.56483493987,10827.0517578125,10827.0517578125,3177591
2023-03-07,10984.7274164021,11037.286243103323,10800.77234446189,10827.0517578125,3064912
2023-03-08,10800.772113198731,10905.889764350422,10695.655283561084,10879.6103515625,4303265
2023-03-09,10984.727658251375,11221.240740586021,10932.168830392973,11142.4033203125,6737877
2023-03-10,11011.0068359375,11089.844254519552,10879.610590624705,11011.0068359375,3740988
2023-03-13,10879.6103515625,10958.447768412225,10827.051525986653,10879.6103515625,4913559
2023-03-14,10853.332318819861,10932.169745694084,10590.539800553584,10643.0986328125,3984274
2023-03-15,10853.330808697632,11247.51953125,10827.051396224668,11247.51953125,11845584
2023-03-16,11194.961205186823,11194.961205186823,10932.168711774382,10984.7275390625,5683108
2023-03-17,11168.682494615667,11168.682494615667,10984.727422572128,11011.0068359375,4422667
2023-03-20,11011.006948495493,11168.68260878547,10800.7724609375,10800.7724609375,8106676
2023-03-21,10984.72804807126,10984.72804807126,10721.935542481579,10905.890625,4608972
2023-03-22,10984.727181200147,10984.727181200147,10853.330938774578,10879.6103515625,3472735
2023-03-23,10827.050667420986,10879.609488829014,10721.933846118915,10853.330078125,5239113
2023-03-24,10932.168595841385,11089.844254519552,10905.890003990076,11011.0068359375,9131835
2023-03-27,11037.286719108672,11116.124141046465,10984.727890140744,11089.8447265625,7925973
2023-03-28,11168.683833029198,11300.080094088033,11116.125,11116.125,11022896
2023-03-29,11142.40222926903,11273.798464534877,11089.843406557091,11168.681640625,8027128
2023-03-30,11273.800040998967,11405.19629463852,11221.2412109375,11221.2412109375,8623817
2023-03-31,11273.798943722964,11326.356947154858,11168.68211534514,11247.51953125,9674104
2023-04-03,11405.1962890625,11457.75511909827,11326.358044008843,11405.1962890625,9925392
2023-04-04,11431.47542981646,11720.54734504956,11378.916601041681,11615.4296875,12118159
2023-04-05,11615.429215318234,11641.708628637332,11510.312383555902,11536.591796875,9012433
2023-04-06,11563.484613986257,11617.267751135329,11294.56640625,11294.56640625,9886018
2023-04-07,11267.674214985895,11375.241328015858,11186.99824971571,11240.7822265625,6246345
2023-04-10,11348.349339592463,11429.025304862647,11186.99824971571,11240.7822265625,7479256
2023-04-11,11240.78249378786,11348.349609375,11186.998515662473,11348.349609375,6787014
2023-04-12,11402.132881493439,11563.483965215291,11348.348906698293,11455.916015625,7663161
2023-04-13,11482.809308657459,11482.809308657459,11294.567056797825,11375.2421875,5131235
2023-04-14,11375.241121761956,11536.592208713118,11186.998046875,11186.998046875,8011282
2023-04-17,11186.999351300656,11240.78333344356,11106.32421875,11106.32421875,3398949
2023-04-18,11186.999351300656,11186.999351300656,11079.432227678548,11106.32421875,3078677
2023-04-19,11133.214958961558,11213.890082448052,10971.863871324967,10998.755859375,5088980
2023-04-20,10971.8642578125,11025.648235807124,10944.972268815189,10971.8642578125,3608782
2023-04-21,10998.75537744166,11079.430497393205,10837.404296875,10837.404296875,5371159
2023-04-24,10891.188930288092,11025.648032127114,10837.404953287034,10918.080078125,6235941
2023-04-25,10944.971724479401,10998.75569979914,10729.837504527632,10756.7294921875,4492931
2023-04-26,10837.404771738407,10998.755859375,10756.729648251914,10998.755859375,4512298
2023-04-27,10998.755585419762,10998.755585419762,10891.1884765625,10891.1884765625,3033861
2023-04-28,10944.972469032253,11025.6484375,10891.189330717405,11025.6484375,6781732
2023-05-01,11025.6484375,11025.6484375,11025.6484375,11025.6484375,0
2023-05-02,11025.6484375,11025.6484375,11025.6484375,11025.6484375,0
2023-05-03,11025.6484375,11025.6484375,11025.6484375,11025.6484375,0
2023-05-04,11025.646973281739,11025.646973281739,10864.2958984375,10864.2958984375,3584934
2023-05-05,10944.97140369825,10944.97140369825,10837.404296875,10837.404296875,3841984
2023-05-08,10864.296557701646,10971.863667237316,10837.40457015183,10944.9716796875,7316319
2023-05-09,10998.755585419762,10998.755585419762,10864.296489182288,10891.1884765625,2808182
2023-05-10,10918.081121913536,11133.216209821452,10864.29798043433,11106.32421875,9879776
2023-05-11,11133.215027144179,11213.890151124748,11025.647914948884,11052.5390625,5567387
2023-05-12,11106.323565304096,11133.215554793345,10971.864458521502,11025.6484375,7105045
2023-05-15,11079.430554054903,11375.24072982933,11052.538567045669,11213.8896484375,16564035
2023-05-16,11267.674214985895,11375.241328015858,11160.107101955931,11240.7822265625,9874814
2023-05-17,11186.998046875,11294.565998618176,11186.998046875,11186.998046875,9075815
2023-05-18,11186.99764751684,11644.158904114598,11160.106501204618,11536.591796875,17291329
2023-05-19,11563.484171065093,11590.375318277791,11429.02507234721,11509.7001953125,7115129
2023-05-22,11590.374615317212,11671.050574053075,11509.6994972449,11617.2666015625,7621546
2023-05-23,11617.267099346853,11671.051074142,11375.240894095865,11455.916015625,9021556
2023-05-24,11455.916015625,11455.916015625,11455.916015625,11455.916015625,0
2023-05-25,11267.674214985895,11321.457351169069,11213.890238139105,11240.7822265625,5297693
2023-05-26,11267.673896586619,11348.349018913488,11213.889921259644,11321.45703125,3848226
2023-05-29,11402.132881493439,11455.916015625,11294.565772566732,11455.916015625,6203450
2023-05-30,11482.808003022574,11509.699990420146,11402.132881493439,11455.916015625,6162796
2023-05-31,11455.916219559907,11697.943269782976,11455.916219559907,11509.7001953125,10408281
2023-06-01,11509.69987925009,11617.26698713783,11455.915904974436,11590.375,6804300
2023-06-02,11778.617567639729,12397.1298828125,11778.617567639729,12397.1298828125,34368984
2023-06-05,12692.939882122377,12692.939882122377,12370.238555032562,12477.8056640625,13327382
2023-06-06,12477.806202346872,12692.9404296875,12424.022225179906,12692.9404296875,15471973
2023-06-07,12692.9404296875,12719.832418270982,12531.59017951384,12692.9404296875,11591095
2023-06-08,12692.940794931212,12719.832784288521,12289.5634765625,12289.5634765625,22783651
2023-06-09,12343.346836126697,12692.940158244955,12235.77972475674,12585.373046875,17716438
2023-06-12,12612.265238120764,12719.832351224086,12316.455046588919,12639.1572265625,9142718
2023-06-13,12639.157022891779,12692.940158244955,12477.805935505043,12585.373046875,9371598
2023-06-14,12639.156954538226,12934.967139703544,12531.58984375,12531.58984375,16697041
2023-06-15,12531.590027270337,12585.373163120283,12424.022074243221,12450.9140625,10565616
2023-06-16,12477.805458335,12692.939672847857,12424.021484375,12424.021484375,14632319
2023-06-19,12424.021484375,12504.697445315,12370.238351078571,12424.021484375,7486619
2023-06-20,12424.021892298177,12585.372978812315,12424.021892298177,12531.58984375,8332355
2023-06-21,12585.372978812315,12585.372978812315,12504.697855887045,12531.58984375,13433820
2023-06-22,12531.58984375,12531.58984375,12531.58984375,12531.58984375,0
2023-06-23,12778.994707451515,13037.15577513228,12778.994707451515,12875.8046875,7916503
2023-06-26,12972.615508212088,12972.615508212088,12649.91333294753,12875.8046875,8821753
2023-06-27,12908.075655166622,12908.075655166622,12682.184293371341,12778.9951171875,5918604
2023-06-28,12778.994934735265,12908.07547087144,12682.184112301326,12811.2646484375,6030243
2023-06-29,12843.534449568777,12875.80416137849,12714.453080339217,12746.7236328125,7728970
2023-06-30,12746.723859179152,12778.994412225522,12682.18359375,12682.18359375,4429549
2023-07-03,12682.18359375,12746.723859179152,12617.643328320846,12682.18359375,3601393
2023-07-04,12617.643328320846,12682.18359375,12585.372775274478,12682.18359375,3830273
2023-07-05,12682.184066332815,12940.345137669417,12682.184066332815,12843.53515625,9895995
2023-07-06,12778.995444448436,12875.805430080194,12617.64434751063,12649.9140625,5449640
2023-07-07,12617.644024381781,12778.9951171875,12585.373469555185,12778.9951171875,3365310
2023-07-10,12843.53425919463,13166.235575826342,12778.993995868288,13101.6953125,15325362
2023-07-11,13166.235575826342,13327.586654473978,13037.155049173658,13101.6953125,7199852
2023-07-12,13101.695765490638,13166.236031048458,12875.804415706476,12972.615234375,6738224
2023-07-13,13037.15625,13037.15625,12908.075711457965,13037.15625,5553543
2023-07-14,13069.42578125,13133.966045465631,12908.074700379137,13069.42578125,6063854
2023-07-17,13069.42634793569,13198.50688196384,13069.42634793569,13166.236328125,5728404
2023-07-18,13166.237025581217,13424.398947976755,13069.427040263583,13263.0478515625,6602710
2023-07-19,13359.858677543783,13392.128392428443,13230.778136677838,13263.0478515625,7051400
2023-07-20,13263.047056700718,13295.317610315038,13133.966523570642,13230.77734375,3794661
2023-07-21,13198.507581129528,13263.0478515625,13101.696755148245,13263.0478515625,4238816
2023-07-24,13295.317452430561,13747.10015368442,13198.506633400852,13553.478515625,10098466
2023-07-25,13553.478697375242,13747.1003380311,13521.208984375,13521.208984375,7474081
2023-07-26,13488.937724221256,13585.74853947867,13392.126908963843,13424.3974609375,3420530
2023-07-27,13424.398714925623,13488.938984238159,13230.777906988014,13327.587890625,5711865
2023-07-28,13295.317947714962,13392.1279296875,13230.777679512063,13392.1279296875,3601393
2023-07-31,13456.667172247599,13650.288802762427,13424.3974609375,13424.3974609375,5022423
2023-08-01,13456.668429250072,13682.559792175765,13295.31817630055,13327.587890625,8151785
2023-08-02,13263.047574478733,13456.668381732637,13230.777860268232,13359.8583984375,7411393
2023-08-03,13359.858445613087,13488.938984238159,13295.31817630055,13327.587890625,5364410
2023-08-04,13392.127430796681,13553.478515625,13295.317452430561,13553.478515625,7800996
2023-08-07,13585.74831042113,14005.260435024298,13553.47775899156,13811.6396484375,11055201
2023-08-08,13940.720489051937,13972.991041213514,13650.288882251985,13682.55859375,5485385
2023-08-09,13682.559230703413,13714.829784367257,13456.667877047312,13521.208984375,7062471
2023-08-10,13488.938984238159,13553.479253550693,13230.777906988014,13327.587890625,6744226
2023-08-11,13456.668662861415,13456.668662861415,13133.967310696557,13263.0478515625,6452124
2023-08-14,13327.587843563368,13424.398667522135,13230.777860268232,13359.8583984375,5932742
2023-08-15,13359.857648273159,13392.127360671695,13263.046829750378,13295.3173828125,3623134
2023-08-16,13295.31817630055,13456.668429250072,13198.50735199993,13327.587890625,4956667
2023-08-17,13359.8583984375,13521.209491480904,13263.047574478733,13359.8583984375,5617031
2023-08-18,13295.317614846786,13327.587327808506,12585.373001062182,12617.6435546875,11860416
2023-08-21,12682.184112301326,12843.535202803352,12520.833021799299,12811.2646484375,6695676
2023-08-22,12811.2646484375,12843.535202803352,12294.941663229187,12811.2646484375,7390985
2023-08-23,12875.80416137849,12908.07471385177,12585.372551773227,12746.7236328125,4292168
2023-08-24,12714.453080339217,12811.263897095494,12649.912816056223,12746.7236328125,4610546
2023-08-25,12746.724888795412,12746.724888795412,12617.64434751063,12649.9140625,3446005
2023-08-28,12649.913738544745,12811.264831350463,12649.913738544745,12778.9951171875,3243934
2023-08-29,12778.9951171875,12875.805100340025,12714.454007534307,12778.9951171875,5097383
2023-08-30,12843.535900301902,12972.6164434481,12778.995628728804,12908.076171875,4410076
2023-08-31,12908.074479098417,13166.235531535338,12908.074479098417,13133.9658203125,4351655
2023-09-01,13133.9658203125,13133.9658203125,13133.9658203125,13133.9658203125,0
2023-09-04,13133.9658203125,13133.9658203125,13133.9658203125,13133.9658203125,0
2023-09-05,13263.046829750378,13424.397913733817,13230.777117351841,13295.3173828125,5947814
2023-09-06,13295.31817630055,13327.587890625,13198.50735199993,13327.587890625,5760282
2023-09-07,13424.398667522135,13553.479205691405,13295.318129352865,13359.8583984375,8263424
2023-09-08,13295.3173828125,13359.857648273159,13263.046829750378,13295.3173828125,5199285
2023-09-11,13424.39870628974,13424.39870628974,13037.15625,13037.15625,7065138
2023-09-12,13037.15579409685,13230.77743580268,12972.615527082775,13166.236328125,5009752
2023-09-13,13230.77718663195,13553.478515625,13166.236080169752,13553.478515625,14852129
2023-09-14,13747.100646304494,14198.882523084128,13714.830091916996,14005.26171875,28622147
2023-09-15,13940.721726902004,14102.072820709749,13779.370633094257,13908.451171875,17175742
2023-09-18,13747.1003380311,13843.910317695429,13424.39816404707,13521.208984375,15632136
2023-09-19,13521.208984375,13521.208984375,13521.208984375,13521.208984375,0
2023-09-20,13359.857718229172,13553.478515625,13327.58716499807,13553.478515625,7452874
2023-09-21,13585.74980853878,13650.290077851316,13295.31817630055,13327.587890625,11787857
2023-09-22,13166.235575826342,13198.506127821292,12908.074522520974,13101.6953125,14178960
2023-09-25,13101.694960592966,13133.96551172114,12294.9404296875,12294.9404296875,10068856
2023-09-26,12585.372565591428,12714.453094299142,12359.481220021144,12424.021484375,6779305
2023-09-27,12424.021914262788,12649.913267649217,12230.40111450168,12617.6435546875,5915269
2023-09-28,12714.45399751616,12714.45399751616,12359.482098021454,12488.5634765625,5389352
2023-09-29,12585.373459638746,12714.45399751616,12456.292921761331,12488.5634765625,3353706
2023-10-02,12488.562276326551,12649.912512834648,12456.291724626803,12553.1025390625,2727220
2023-10-03,12424.023452814605,12488.564568057809,12069.0515222955,12133.591796875,8750128
2023-10-04,12069.050323042216,12359.48195012279,12004.510054875824,12198.130859375,2963836
2023-10-05,12327.21116603895,12327.21116603895,11939.96875,11939.96875,4531585
2023-10-06,11972.24079565678,12198.131322483394,11875.42996939991,12069.05078125,4248686
2023-10-09,12069.050277054519,12230.4013671875,11972.240295505624,12230.4013671875,4582403
2023-10-10,12327.213165285573,12585.374257404808,12262.672892255765,12520.833984375,5518997
2023-10-11,12520.833521215216,12649.9140625,12424.022694919804,12649.9140625,2742559
2023-10-12,12649.91304070363,12746.723859179152,12617.643328320846,12682.18359375,3549108
2023-10-13,12327.212383883916,12585.373459638746,12327.212383883916,12488.5634765625,2675736
2023-10-16,12456.291959686712,12456.291959686712,12165.8603515625,12165.8603515625,4693908
2023-10-17,12262.671626048805,12327.211892414378,12036.7802734375,12036.7802734375,3611930
2023-10-18,12069.050309314262,12133.590577407243,11810.88923694234,11907.69921875,4608012
2023-10-19,11875.429966861175,11907.6996818308,11617.268043785925,11778.619140625,5627568
2023-10-20,11746.349196007666,11939.970004030969,11681.80808600293,11843.1591796875,5343736
2023-10-23,11843.15888921189,11907.69915697002,11649.5380859375,11649.5380859375,3608996
2023-10-24,11714.077410699243,12036.779564175624,11714.077410699243,11939.96875,2751229
2023-10-25,11939.969201885373,12036.780019724942,11810.888671875,11810.888671875,3021190
2023-10-26,11681.807290228524,11681.807290228524,11165.484330008429,11197.7548828125,8164723
2023-10-27,11488.186816934605,11681.8076171875,11294.56601668171,11681.8076171875,3325696
2023-10-30,11681.807783666176,11746.348892000526,11359.1064453125,11359.1064453125,2326547
2023-10-31,11359.105770982043,11617.266826339319,11326.835218730603,11552.7265625,4838626
2023-11-01,11552.72633897194,11617.2666015625,11359.105551200259,11617.2666015625,3220726
2023-11-02,11714.078323347689,12004.509947838655,11617.267501629496,11972.240234375,4106636
2023-11-03,12198.129573145367,12198.129573145367,11972.239078713788,12004.5087890625,4448889
2023-11-06,12230.401413790007,12230.401413790007,12069.050323042216,12198.130859375,3375314
2023-11-07,12262.672433763744,12262.672433763744,11972.24079565678,12069.05078125,3109754
2023-11-08,12069.051232502654,12520.833984375,12036.781516319592,12520.833984375,4776871
2023-11-09,12585.373507114344,12617.644062037247,12391.752699567829,12456.29296875,4013537
2023-11-10,12262.6728515625,12488.56422674906,12230.402294822841,12262.6728515625,5296786
2023-11-13,12391.7529296875,12488.563755590389,12198.131277881721,12391.7529296875,3962186
2023-11-14,12424.022694919804,12714.45433314239,12391.752979930434,12649.9140625,9083311
2023-11-15,12875.80439003746,12908.074943083828,12649.91304070363,12682.18359375,7164640
2023-11-16,12617.64434751063,12682.184618153022,12520.833521215216,12649.9140625,3473615
2023-11-17,12649.913060530695,12714.453326061006,12327.211732879137,12359.4814453125,6043047
2023-11-20,12294.942567638476,12359.48284045411,12101.321749191575,12262.6728515625,4251220
2023-11-21,12327.210980815673,12488.562055129474,12294.9404296875,12294.9404296875,2712415
2023-11-22,12327.21265930679,12424.02264454603,12165.86156302319,12391.7529296875,3126960
2023-11-23,12456.294010436206,12488.564568057809,12133.591796875,12133.591796875,3471614
2023-11-24,12133.591796875,12198.1320714545,11972.241530758101,12133.591796875,3545107
2023-11-27,12133.590577407243,12133.590577407243,11907.69921875,11907.69921875,3386518
2023-11-28,11907.699684376432,12069.05078125,11810.889698783212,12069.05078125,2156754
2023-11-29,12133.591796875,12198.1320714545,12036.781805337601,12133.591796875,2342819
2023-11-30,12133.591051866697,12230.401878123568,12004.510510633303,12069.05078125,1743009
2023-12-01,12133.590544974988,12262.671921479543,12036.780563426093,12230.4013671875,2314409
2023-12-04,12359.4814453125,12391.751998409449,12262.671467348826,12359.4814453125,11043997
2023-12-05,12391.751998409449,12391.751998409449,12262.671467348826,12359.4814453125,3426798
2023-12-06,12391.7529296875,12456.29320006821,12327.21265930679,12391.7529296875,6250720
2023-12-07,12456.29296875,12585.373507114344,12327.212430385656,12456.29296875,9373146
2023-12-08,12456.292921761331,12553.103745501208,12424.022366960162,12488.5634765625,6050783
2023-12-11,12520.833470448919,12520.833470448919,12327.21265930679,12391.7529296875,2945830
2023-12-12,12456.29320006821,12456.29320006821,12294.942103784611,12391.7529296875,3017855
2023-12-13,12391.751242408487,12520.831765594114,12294.9404296875,12294.9404296875,4442887
2023-12-14,12391.752504537797,12391.752504537797,12198.130859375,12198.130859375,4072624
2023-12-15,12165.862354496603,12294.942903655603,12133.591796875,12133.591796875,2375097
2023-12-18,12133.590483020504,12165.861037147772,11939.96968024773,11972.240234375,5005484
2023-12-19,11875.42918719177,12036.7802734375,11875.42918719177,12036.7802734375,2803647
2023-12-20,12133.591051866697,12133.591051866697,12004.510510633303,12069.05078125,2279997
2023-12-21,12036.781018700884,12133.591003911482,12004.51046318825,12101.3212890625,1854115
2023-12-22,12133.591003911482,12198.131274273099,12004.51046318825,12101.3212890625,2509144
2023-12-25,12133.589355373699,12359.480691280312,12101.319644909061,12294.9404296875,2038313
2023-12-26,12294.941179782189,12359.4814453125,12262.671467348826,12359.4814453125,2307874
2023-12-27,12327.21265930679,12424.02264454603,12327.21265930679,12391.7529296875,2534486
2023-12-28,12424.021691369802,12682.18359375,12391.751978987018,12682.18359375,6870537
2023-12-29,12714.45433314239,12843.535715090826,12649.9140625,12649.9140625,11947646
2024-01-01,12649.9140625,12649.9140625,12649.9140625,12649.9140625,0
2024-01-02,12682.184293371341,12843.53538617706,12682.184293371341,12778.9951171875,5846712
2024-01-03,12778.99443770154,12972.615234375,12714.453331480134,12972.615234375,5961819
2024-01-04,13037.15579409685,13488.938503858979,12940.344973243935,13166.236328125,13555142
2024-01-05,13166.236750519964,13359.8583984375,13166.236750519964,13359.8583984375,5918604
2024-01-08,13488.9384765625,13553.47874344597,13359.857942795561,13488.9384765625,8216341
2024-01-09,13553.478697375242,13553.478697375242,13424.39816404707,13521.208984375,5190882
2024-01-10,13488.939174335042,13650.290270222089,13424.398904112953,13585.75,6378765
2024-01-11,13585.749769933362,13747.100863088022,13521.209500804225,13650.2900390625,9264974
2024-01-12,13521.209729777911,13682.55998500131,13424.398904112953,13585.75,12882907
2024-01-15,13618.018330090406,13908.449936890358,13618.018330090406,13682.55859375,8590872
2024-01-16,13618.018760599245,13876.1806640625,13585.749048081081,13876.1806640625,5666916
2024-01-17,13876.1799106331,13972.99072425827,13811.6396484375,13811.6396484375,6598041
2024-01-18,13811.6396484375,13843.909359203528,13682.558283382758,13811.6396484375,4827155
2024-01-19,13944.444673398295,14044.048115288866,13878.04266710909,14010.8466796875,4771802
2024-01-22,14044.048115288866,14143.651557179437,13878.04266710909,14010.8466796875,5594090
2024-01-23,14010.846717873506,14110.450160035543,13878.042704933145,13911.244140625,5509661
2024-01-24,13911.243689543051,13977.6456938601,13811.640250610726,13844.8408203125,3046932
2024-01-25,13844.8408203125,13844.8408203125,13844.8408203125,13844.8408203125,0
2024-01-26,13712.036213847783,13844.840216691762,13712.036213847783,13811.6396484375,2897413
2024-01-29,13844.840216691762,13878.04164985949,13745.23764701551,13811.6396484375,2902215
2024-01-30,13844.840558200796,13878.0419921875,13678.835983007739,13878.0419921875,4794344
2024-01-31,13944.444904050639,13977.646340201185,13645.635438349904,13778.439453125,7679086
2024-02-01,13778.439115133677,13811.640550469774,13579.233097857646,13712.037109375,5669450
2024-02-02,13712.037109375,13712.037109375,13712.037109375,13712.037109375,0
2024-02-05,13512.83058658433,14143.650915063068,13479.629152490297,14077.248046875,13617431
2024-02-06,14276.454736789941,14542.063611363188,14143.650731960057,14210.052734375,9849446
2024-02-07,14342.856786428929,14409.2587890625,14210.052781161785,14409.2587890625,14992979
2024-02-08,14409.2587890625,14409.2587890625,14409.2587890625,14409.2587890625,0
2024-02-09,14409.2587890625,14409.2587890625,14409.2587890625,14409.2587890625,0
2024-02-12,14409.2587890625,14409.2587890625,14409.2587890625,14409.2587890625,0
2024-02-13,14409.2587890625,14409.2587890625,14409.2587890625,14409.2587890625,0
2024-02-14,14409.2587890625,14409.2587890625,14409.2587890625,14409.2587890625,0
2024-02-15,14608.46432211139,14840.871756231169,14542.063186549685,14674.8671875,19397586
2024-02-16,14807.671188450317,14807.671188450317,14508.861753855379,14674.8671875,6973239
2024-02-19,14741.268849442478,14741.268849442478,14442.460269091147,14608.46484375,9970155
2024-02-20,14641.667819744127,14973.676984417796,14542.064378411207,14741.26953125,8989278
2024-02-21,14940.476867428595,14973.677438938344,14741.269978715904,14807.6728515625,7522365
2024-02-22,14874.073691008656,14940.4765625,14741.269677853033,14940.4765625,5650243
2024-02-23,14940.475722894676,15106.480297553531,14542.063705817245,14608.46484375,19751310
2024-02-26,14542.064078619987,14608.465218255013,14376.058634791907,14575.2646484375,5718667
2024-02-27,14608.465218255013,14608.465218255013,14442.460639340437,14575.2646484375,6294468
2024-02-28,14641.666619719148,14708.067755280854,14508.861753855379,14674.8671875,6237248
2024-02-29,14874.073619504456,14874.073619504456,14475.661581952876,14542.064453125,8486169
2024-03-01,14508.863017538937,14542.064453125,14309.65613384962,14542.064453125,6441320
2024-03-04,14608.46484375,14708.0682804761,14342.856832365047,14608.46484375,9846778
2024-03-05,14608.46432211139,14674.8671875,14475.660321161075,14674.8671875,4411009
2024-03-06,14741.269606987264,14840.873048831922,14508.863017538937,14542.064453125,7060870
2024-03-07,14575.26528871551,14575.26528871551,14442.46127378449,14508.86328125,7611863
2024-03-08,14575.264147414864,14608.464716091112,14309.6552734375,14309.6552734375,9911467
2024-03-11,14309.654960199354,14376.057825925243,14143.650390625,14143.650390625,4517047
2024-03-12,14210.052391437433,14210.052391437433,14077.24752489911,14143.650390625,4688440
2024-03-13,14276.454682913343,14674.86756081294,14110.44924504572,14641.6669921875,5371879
2024-03-14,14708.068233370312,14708.068233370312,14342.856786428929,14409.2587890625,5147000
2024-03-15,14508.86308728746,15006.879433991344,14409.259644963977,14940.4765625,11371978
2024-03-18,15106.480840947892,15106.480840947892,14442.46078860008,14774.4716796875,8380265
2024-03-19,14774.470620669463,14840.871756231169,14542.063186549685,14674.8671875,5301188
2024-03-20,14840.872114171325,15670.898437499998,14608.464674446219,15670.8984375,36216404
2024-03-21,15870.105849823403,16202.116736442027,15704.101271427593,16135.7138671875,13689322
2024-03-22,16135.715599682024,16368.12307228599,15803.70467741533,16069.314453125,12307105
2024-03-25,16036.11065115329,16434.52441256519,15704.10148974608,15903.306640625,10023507
2024-03-26,15870.106660027704,16202.117563596224,15836.90608861898,16168.9169921875,6743826
2024-03-27,16168.917902787727,16168.917902787727,15903.308127078057,16069.314453125,7403390
2024-03-28,16268.5182541306,16434.524566213247,15903.306789306644,16102.513671875,10687739
2024-03-29,16102.513448605874,16600.528918294494,15936.508868652008,16334.9208984375,8242750
2024-04-01,16334.9208984375,16334.9208984375,16334.9208984375,16334.9208984375,0
2024-04-02,15969.70958591852,16135.714167402954,15637.698693122617,16002.91015625,15485684
2024-04-03,16002.910694153175,16002.910694153175,15604.498647302556,15637.69921875,11698493
2024-04-04,15637.697472902011,15737.300905951359,15405.2900390625,15405.2900390625,10294268
2024-04-05,15206.085269096973,15305.688715876488,15006.880105365084,15073.28125,9831306
2024-04-08,15073.28125,15172.884696779514,14973.677803220486,15073.28125,11204186
2024-04-09,15073.28005258585,15338.88806968002,15040.079482905829,15305.6875,7779922
2024-04-10,15438.491430615995,15438.491430615995,15206.083984375,15206.083984375,8795343
2024-04-11,15139.68284535014,15206.083984375,15006.878837473429,15206.083984375,6116406
2024-04-12,15338.887562203141,15670.898437499998,15172.882989468184,15670.8984375,12081026
2024-04-15,15670.899499769457,15803.70351292508,14907.27599166786,14940.4765625,15178377
2024-04-16,15006.880036366942,15272.488073339684,14608.466251080696,14973.677734375,12548657
2024-04-17,15247.169157850534,15281.35513258275,14700.185546875,14700.185546875,10026841
2024-04-18,14700.185546875,14700.185546875,14700.185546875,14700.185546875,0
2024-04-19,14358.31954709196,14700.184616279053,14324.133574523888,14426.6923828125,11938310
2024-04-22,14460.88043088075,14631.812979480404,14426.69356492703,14495.06640625,7829139
2024-04-23,14495.065991230667,14734.371374301556,14221.574633769333,14358.3203125,8638622
2024-04-24,14426.69309216833,14768.55817816482,14426.69309216833,14631.8125,5926873
2024-04-25,14631.812424933802,14700.185263665435,14392.507044080865,14460.8798828125,5059236
2024-04-26,14289.946711371422,14563.438944837973,14289.946711371422,14426.6923828125,3876689
2024-04-29,14426.6923828125,14426.6923828125,14426.6923828125,14426.6923828125,0
2024-04-30,14426.6923828125,14426.6923828125,14426.6923828125,14426.6923828125,0
2024-05-01,14426.6923828125,14426.6923828125,14426.6923828125,14426.6923828125,0
2024-05-02,14392.507117919346,14665.998474248985,14358.320253085922,14631.8125,4226945
2024-05-03,14700.185820803374,14871.11836940303,14495.06640625,14495.06640625,7504759
2024-05-06,14631.812151698,14871.117528082124,14597.625287678375,14836.9306640625,5922872
2024-05-07,14939.490365536958,14973.677229556584,14734.370962588042,14836.9306640625,3479217
2024-05-08,14700.185120010476,14802.744822397897,14597.625417623056,14734.37109375,5913935
2024-05-09,14768.5576171875,14871.117317207647,14631.811944216906,14768.5576171875,4107437
2024-05-10,14768.557958073949,14768.557958073949,14665.998255686527,14734.37109375,3619933
2024-05-13,14734.371657925403,14802.745389191314,14563.440001514004,14597.6259765625,4848496
2024-05-14,14768.558458201958,15178.795500475213,14631.812777444205,14871.1181640625,9254037
2024-05-15,15076.236798668511,15076.236798668511,14871.11739752045,14939.490234375,4483301
2024-05-16,15178.795215632259,15281.35491956818,15110.423267120896,15247.1689453125,12238682
2024-05-17,15247.1689453125,15315.540893823863,15178.795215632259,15247.1689453125,5771619
2024-05-20,15452.288770589686,15486.474745768819,15315.541307535312,15383.9150390625,9922538
2024-05-21,15486.474059601935,15486.474059601935,15178.79495311547,15452.2880859375,9720200
2024-05-22,15452.288054134135,15554.845974916361,15178.794921875,15178.794921875,8836825
2024-05-23,15110.423691620352,15212.9833984375,15042.049960019278,15212.9833984375,4828756
2024-05-24,15042.048828125,15520.659569810912,14905.30315638171,15042.048828125,19919235
2024-05-27,15076.236581937417,15144.608527224666,14939.490019609731,15042.048828125,4600943
2024-05-28,15247.1689453125,15247.1689453125,15042.049537440656,15247.1689453125,5361209
2024-05-29,15281.35506800249,15349.728798346872,14973.677734375,14973.677734375,7388184
2024-05-30,14939.490019609731,15042.048828125,14768.55748463842,15042.048828125,7778588
2024-05-31,15042.049819717462,15042.049819717462,14871.1181640625,14871.1181640625,4173193
2024-06-03,14871.1181640625,14871.1181640625,14871.1181640625,14871.1181640625,0
2024-06-04,15315.541015625,15383.914745849,15212.983092042334,15315.541015625,4636822
2024-06-05,15383.914745849,15589.034155352114,15315.541015625,15315.541015625,10472730
2024-06-06,15452.288476073003,15452.288476073003,15247.16906656989,15315.541015625,4892778
2024-06-07,15452.288476073003,15486.474450600557,15247.16906656989,15315.541015625,3776254
2024-06-10,15315.540882080219,15418.1005859375,15178.79520399347,15418.1005859375,7028592
2024-06-11,15452.28861975846,15828.339686565008,15452.28861975846,15657.40625,11345169
2024-06-12,15623.219047948482,15725.778745597627,15486.473378139211,15691.5927734375,7010586
2024-06-13,15725.779980859785,15794.151930550663,15589.034300309122,15657.40625,10290533
2024-06-14,15759.966109539717,15759.966109539717,15383.9150390625,15383.9150390625,8896446
2024-06-17,15315.540905833803,15383.914635567658,15076.2373046875,15076.2373046875,10066988
2024-06-18,15144.609253252478,15247.168957268825,15076.2373046875,15076.2373046875,4636155
2024-06-19,15212.982253680708,15212.982253680708,14973.676882837752,15042.048828125,5815234
2024-06-20,15042.048828125,15110.422554581042,14939.490019609731,15042.048828125,4751929
2024-06-21,15042.04938776845,15042.04938776845,14905.3037109375,14905.3037109375,4807281
2024-06-24,14836.930805552438,14905.303643659297,14563.439453125,14563.439453125,10499406
2024-06-25,14700.185129338719,14700.185129338719,14460.879750672497,14563.439453125,4318844
2024-06-26,14597.62478824055,14665.9976233561,14460.879118009449,14529.251953125,3451340
2024-06-27,14495.0658568861,14597.625560275766,14426.693018154465,14460.8798828125,4013537
2024-06-28,14529.252856205556,14529.252856205556,14358.3203125,14358.3203125,3708764
2024-07-01,14289.947882281094,14495.06640625,14289.947882281094,14495.06640625,2841394
2024-07-02,14495.065931250741,14700.185339082409,14495.065931250741,14631.8125,3089747
2024-07-03,14665.998817243952,14700.185682876907,14563.440001514004,14597.6259765625,3379449
2024-07-04,14563.438815974967,14700.184486206068,14460.879118009449,14529.251953125,3935376
2024-07-05,14529.253272203718,14529.253272203718,14358.320723604063,14495.06640625,3918437
2024-07-08,14495.065724433714,14631.81229123186,14460.879750672497,14563.439453125,2931025
2024-07-09,14597.625635166574,14700.185339082409,14529.252796084165,14631.8125,5358141
2024-07-10,14665.998817243952,14802.745389191314,14597.6259765625,14597.6259765625,4390602
2024-07-11,14700.185129338719,14734.371103099935,14563.439453125,14563.439453125,3540838
2024-07-12,14563.439453125,14665.998264993075,14529.252588779356,14563.439453125,1938144
2024-07-15,14597.625426886216,14665.998264993075,14495.065724433714,14563.439453125,1954150
2024-07-16,14563.439453125,14802.74483179122,14563.439453125,14563.439453125,4231880
2024-07-17,14665.997917167351,15178.794636099283,14631.811944216906,14768.5576171875,11577250
2024-07-18,14802.744822397897,14939.490498524843,14665.998255686527,14734.37109375,4752996
2024-07-19,14734.370883964993,14939.490285819387,14631.81207362221,14665.998046875,6439853
2024-07-22,14665.998817243952,14905.304204921262,14529.253135881048,14597.6259765625,6800512
2024-07-23,14665.997753126587,14700.184616279053,14426.6923828125,14426.6923828125,5265842
2024-07-24,14426.693151865335,14495.065991230667,14255.760608159779,14358.3203125,4570532
2024-07-25,14358.319893490103,14392.506757467338,14221.57421875,14221.57421875,3721435
2024-07-26,14289.947265625,14358.320103997467,14221.574427252533,14289.947265625,1952683
2024-07-29,14358.320103997467,14426.692942369933,14289.947265625,14289.947265625,2492738
2024-07-30,14324.134487122872,14324.134487122872,14016.456261485888,14084.8291015625,4975207
2024-07-31,14084.829358312187,14495.06640625,14050.64249235847,14495.06640625,7200786
2024-08-01,14563.439080607117,14597.625053493892,14119.014308403823,14153.201171875,5625968
2024-08-02,14084.828204209802,14426.6923828125,13982.268505336797,14426.6923828125,5750411
2024-08-05,14153.201656948051,14289.947334350643,13811.336572857135,13845.5234375,9308723
2024-08-06,14050.641680032662,14221.57421875,13913.89600529256,14221.57421875,3616732
2024-08-07,14289.947188741216,14289.947188741216,14016.455836722811,14119.0146484375,2021640
2024-08-08,14050.641810432899,14358.32002674582,14050.641810432899,14119.0146484375,3452941
2024-08-09,14255.760401146552,14289.947265625,14153.201588880067,14289.947265625,2838859
2024-08-12,14255.760192142818,14289.947056120052,14119.014517402715,14221.57421875,3190449
2024-08-13,14153.20130233701,14358.319813301618,14050.6416015625,14050.6416015625,6522282
2024-08-14,14119.015076308582,14187.387916385194,14084.8291015625,14084.8291015625,2062988
2024-08-15,14119.014517402715,14221.57421875,14084.828544009897,14221.57421875,2825121
2024-08-16,14187.38763730153,14495.0658568861,14187.38763730153,14460.8798828125,5568348
2024-08-19,14495.066136143892,14802.745252240553,14495.066136143892,14700.185546875,6190966
2024-08-20,14700.185339082409,14734.371313331396,14563.43966091759,14631.8125,5380149
2024-08-21,14631.812842195455,14665.998817243952,14495.066270248093,14597.6259765625,9426097
2024-08-22,14919.320520929266,14959.317557984426,14719.3291015625,14719.3291015625,9459606
2024-08-23,14719.3291015625,14759.327919786509,14639.333246283333,14719.3291015625,4637178
2024-08-26,14799.325727215999,14799.325727215999,14679.3310546875,14679.3310546875,3632382
2024-08-27,14719.328861788557,14719.328861788557,14639.3330078125,14639.3330078125,3929238
2024-08-28,14639.3330078125,14719.328861788557,14559.336263252035,14639.3330078125,2623026
2024-08-29,14679.33093480053,14759.327679360995,14639.3330078125,14639.3330078125,4269984
2024-08-30,14639.333127372807,14719.328982002195,14639.333127372807,14679.3310546875,2733834
2024-09-02,14679.3310546875,14679.3310546875,14679.3310546875,14679.3310546875,0
2024-09-03,14679.3310546875,14679.3310546875,14679.3310546875,14679.3310546875,0
2024-09-04,14559.3369140625,14599.334842838458,14399.344308374219,14559.3369140625,2421246
2024-09-05,14599.334724088736,14719.329400025033,14519.3388671875,14519.3388671875,4382844
2024-09-06,14559.336676559462,14599.334604682943,14479.3408203125,14479.3408203125,2377128
2024-09-09,14479.34016612163,14479.34016612163,14279.348753371165,14319.3466796875,3238512
2024-09-10,14399.343422904565,14479.34016612163,14279.348753371165,14319.3466796875,1629972
2024-09-11,14319.34753808909,14359.346357387627,14239.35168066091,14279.349609375,2505948
2024-09-12,14319.347443765524,14519.3388671875,14319.347443765524,14519.3388671875,2027262
2024-09-13,14479.340495034272,14519.3384222592,14399.34375,14399.34375,1847940
2024-09-16,14399.34375,14479.340495034272,14319.34700496573,14399.34375,2089506
2024-09-17,14439.342119701822,14519.3388671875,14319.347443765524,14519.3388671875,1764720
2024-09-18,14519.338131526963,14639.332801383414,14479.340205102946,14599.333984375,3369840
2024-09-19,14639.3330078125,14679.33093480053,14599.334190240063,14639.3330078125,2388756
2024-09-20,14719.32930621985,14879.321909587143,14679.331378024135,14759.328125,7234554
2024-09-23,14799.326171875,14919.320848008847,14759.328243358534,14799.326171875,3561474
2024-09-24,14799.325988898983,15279.3046875,14599.334567620415,15279.3046875,21735240
2024-09-25,15279.304714372622,15559.2919921875,15159.309148926892,15559.2919921875,17642640
2024-09-26,15559.2917006993,15719.283410071159,15399.298210158606,15519.2919921875,22604490
2024-09-27,15559.291580549518,15639.287434617714,15359.300164210203,15479.2939453125,19669788
2024-09-30,15479.29480425357,15559.292443929631,15359.301016492858,15439.296875,10921998
2024-10-01,15479.293426728118,15999.270023088882,15399.297575339926,15839.2783203125,37799778
2024-10-02,15799.279800736971,15799.279800736971,15639.2880859375,15639.2880859375,9536784
2024-10-03,15679.286111930345,15959.273395735689,15399.298828125,15399.298828125,28782378
2024-10-04,15399.298828125,15519.292614969188,15319.302970228875,15399.298828125,11792388
2024-10-07,15519.292495813854,15559.292205623708,15359.30078125,15359.30078125,7596846
2024-10-08,15399.298709890963,15599.290134264671,15359.30078125,15359.30078125,11767194
2024-10-09,15399.298709890963,15479.29456717289,15319.302852609038,15359.30078125,14118786
2024-10-10,15439.296399587762,15559.291964822449,15279.3046875,15279.3046875,19979412
2024-10-11,15279.3046875,15359.30054354388,15199.307050287254,15279.3046875,7282548
2024-10-14,15359.30025044483,15399.298177703497,15199.306760241334,15239.3046875,8561514
2024-10-15,15239.30521415822,15479.29456717289,15239.30521415822,15359.30078125,12499302
2024-10-16,15319.3017578125,15399.29760937751,15239.304125078726,15319.3017578125,7182342
2024-10-17,15319.302237176105,15519.291872346597,15159.30874787089,15479.2939453125,15542304
2024-10-18,15559.291136607133,15879.27632491883,15519.291429545498,15599.2890625,34130460
2024-10-21,15519.292495813854,15599.290134264671,15319.302852609038,15359.30078125,12565878
2024-10-22,15359.30051552207,15359.30051552207,14879.321817796737,14999.3173828125,29005704
2024-10-23,14999.31709115254,15119.310872666176,14719.32892920081,14959.3173828125,27617184
2024-10-24,14999.317595626224,15119.311381175627,14799.326171875,14799.326171875,12357486
2024-10-25,14919.320067520333,14959.317103359954,14599.333984375,14599.333984375,20730900
2024-10-28,14679.330727807432,14799.325397663883,14559.33605795098,14599.333984375,16508112
2024-10-29,14639.3333595185,14999.3173828125,14639.3333595185,14999.3173828125,32777508
2024-10-30,15119.310786737222,15319.302202625482,15039.314932849444,15199.306640625,24779496
2024-10-31,15199.307499516615,15199.307499516615,15039.315782700152,15159.3095703125,7368618
2024-11-01,15119.31140514237,15159.309333722242,14959.317909653997,15079.3134765625,9438060
2024-11-04,14999.317595626224,14999.317595626224,14759.328243358534,14799.326171875,10447530
2024-11-05,14799.326171875,14919.320848008847,14759.328243358534,14799.326171875,5218692
2024-11-06,14879.322265625,14959.3181239306,14839.324336472202,14879.322265625,6925044
2024-11-07,14959.31788594087,14959.31788594087,14799.326171875,14799.326171875,5577450
2024-11-08,14879.32146032508,14879.32146032508,14599.334190240063,14639.3330078125,10868874
2024-11-11,14639.333662198866,14719.329519750781,14439.342237150177,14559.3369140625,17399592
2024-11-12,14639.333127372807,14719.328982002195,14519.33845484431,14679.3310546875,9581130
2024-11-13,14639.3330078125,14679.33093480053,14519.338336264007,14639.3330078125,7179492
2024-11-14,14679.331590974823,14679.331590974823,14479.341056510584,14559.3369140625,9122508
2024-11-15,14479.340938736881,14599.334724088736,14479.340938736881,14519.3388671875,16062600
2024-11-18,14519.338985286542,14679.331590974823,14359.34637959826,14559.3369140625,8549544
2024-11-19,14559.33745480651,14639.33420591401,14439.3427734375,14439.3427734375,4119276
2024-11-20,14399.344191251203,14599.334724088736,14399.344191251203,14519.3388671875,5106288
2024-11-21,14519.338336264007,14639.3330078125,14479.340409275977,14639.3330078125,4220166
2024-11-22,14679.331590974823,14719.329519750781,14559.3369140625,14559.3369140625,5644254
2024-11-25,14599.334748123778,14879.322028907936,14559.33681960731,14799.326171875,12806190
2024-11-26,14839.32421875,14959.318005256473,14799.326289914508,14839.32421875,7842630
2024-11-27,14839.324100391468,14919.320848008847,14759.328243358534,14799.326171875,5939856
2024-11-28,14879.322168911682,15199.307381223138,14839.324240018863,15119.3115234375,15558948
2024-11-29,15039.314932849444,15199.306640625,14999.317005905556,15199.306640625,9673698
2024-12-02,15199.307262302113,15239.305190881983,15079.3134765625,15079.3134765625,5967330
2024-12-03,15079.313357952758,15239.305071013792,14959.31779198811,15039.3154296875,11279616
2024-12-04,15039.31554798263,15199.307262302113,14999.317619402758,15079.3134765625,8107452
2024-12-05,15039.314966768594,15479.2939453125,15039.314966768594,15479.2939453125,13022790
2024-12-06,15399.298828125,15519.292614969188,15359.300899176938,15399.298828125,8442726
2024-12-09,15439.296875,15479.29480425357,15359.301016492858,15439.296875,6490476
2024-12-10,15439.296875,15479.29480425357,15399.298945746428,15439.296875,5459574
2024-12-11,15479.29346094252,15519.291386725023,15279.303832029997,15319.3017578125,6442596
2024-12-12,15359.30054354388,15399.298471565822,15279.3046875,15279.3046875,6667404
2024-12-13,15279.305041280813,15399.298828125,15239.305331163845,15399.298828125,5984544
2024-12-16,15399.298945746428,15479.29480425357,15359.301016492858,15439.296875,5801346
2024-12-17,15479.29456717289,15479.29456717289,15359.30078125,15359.30078125,3850578
2024-12-18,15359.299683595005,15399.29760937751,15239.304125078726,15319.3017578125,6462546
2024-12-19,15239.305310115957,15279.30502017768,15119.3115234375,15119.3115234375,14673966
2024-12-20,15079.31371190427,15199.307499516615,15079.31371190427,15159.3095703125,3731562
2024-12-23,15199.307499516615,15279.305139093765,15119.311641108385,15159.3095703125,4403592
2024-12-24,15159.308832982668,15239.3046875,15079.312978465334,15239.3046875,6930858
2024-12-25,15199.307285517256,15679.285991546598,15199.307285517256,15359.30078125,17464914
2024-12-26,15479.294096311954,15839.279005468112,15439.29616888768,15799.279296875,24929406
2024-12-27,15839.27891866215,16199.262044676609,15799.27921028825,16039.2685546875,26047176
2024-12-30,16039.268642589492,16119.266278606881,15799.279296874998,15799.279296875,8697516
2024-12-31,15839.279866930781,15879.277796530454,15759.2822265625,15759.2822265625,7322220
2025-01-01,15759.2822265625,15759.2822265625,15759.2822265625,15759.2822265625,0
2025-01-02,15759.2822265625,15959.2736557298,15679.286367363155,15759.2822265625,7701726
2025-01-03,15759.280722588814,15759.280722588814,15319.3017578125,15319.3017578125,8502918
2025-01-06,15319.3017578125,15399.29760937751,15239.304125078726,15319.3017578125,9102216
2025-01-07,15359.300164210203,15559.291580549518,15279.304310142006,15479.2939453125,8006904
2025-01-08,15479.294354834057,15599.289920279787,15359.300570557196,15559.2919921875,5680734
2025-01-09,15559.2919921875,15639.287848372074,15519.292282926346,15559.2919921875,5481006
2025-01-10,15599.290373183203,15679.286231690345,15439.296875,15439.296875,11654790
2025-01-13,15399.298210158606,15519.2919921875,15319.302355472675,15519.2919921875,6485118
2025-01-14,15519.2919921875,15599.289628042265,15439.29613750157,15519.2919921875,3976092
2025-01-15,15599.289422675836,15839.278764742974,15519.29178787425,15719.283203125,6915012
2025-01-16,15599.289422675836,15839.278764742974,15519.29178787425,15719.283203125,6915012
2025-01-17,15799.279705662766,15879.27734375,15719.283848744417,15879.27734375,5782536
2025-01-20,15879.277928465002,16159.26521915795,15879.277928465002,16079.267578125,11082852
2025-01-21,16159.26521915795,16199.26314908995,15959.273788329001,16079.267578125,5885478
2025-01-22,16119.266934879848,16119.266934879848,15919.275508447265,15959.2734375,7888002
2025-01-23,15959.272849295681,16399.253614997393,15959.272849295681,16359.25390625,13575690
2025-01-24,16399.254259424073,16639.24183432593,16279.258690804227,16519.248046875,10223520
2025-01-27,16519.248046875,16519.248046875,16519.248046875,16519.248046875,0
2025-01-28,16519.248046875,16519.248046875,16519.248046875,16519.248046875,0
2025-01-29,16519.248046875,16519.248046875,16519.248046875,16519.248046875,0
2025-01-30,16519.248046875,16519.248046875,16519.248046875,16519.248046875,0
2025-01-31,16519.248046875,16519.248046875,16519.248046875,16519.248046875,0
2025-02-03,16359.254868817947,16359.254868817947,15399.29920694311,16079.267578125,11205402
2025-02-04,16119.26610453069,16399.253374645803,16119.26610453069,16279.2578125,6827232
2025-02-05,16279.258906257824,16359.254765617177,16239.260976578147,16319.2568359375,4432092
2025-02-06,16479.249470154486,16639.241180468674,16319.255978671452,16359.25390625,4530132
2025-02-07,16239.258477855432,16599.241570751128,16199.260554330207,16399.251953125,7565040
2025-02-10,16279.256401380659,16799.23296954592,16199.260554330207,16399.251953125,13286016
2025-02-11,16599.24390517562,16719.239473795464,16399.254259424073,16519.248046875,5628408
2025-02-12,16519.245723700675,16559.2436472259,16319.254324905884,16399.251953125,7234896
2025-02-13,16319.255978671452,16399.253614997393,16279.258051092904,16359.25390625,7547484
2025-02-14,16519.247397733034,16559.245325311582,16319.255978671452,16359.25390625,5963112
2025-02-17,16319.255739492328,16439.25130163813,16279.2578125,16279.2578125,5040282
2025-02-18,16319.2568359375,16479.250335825145,16279.258906257824,16319.2568359375,6903612
2025-02-19,16319.25638622378,16599.243667434777,16319.25638622378,16439.251953125,9477846
2025-02-20,16519.24781027989,16519.24781027989,16439.251953125,16439.251953125,7838982
2025-02-21,16439.252071135426,16559.245857729144,16399.254142270856,16479.25,8750412
2025-02-24,16479.250467502876,16919.229478663918,16399.254607504314,16639.2421875,19894026
2025-02-25,16679.239818691447,16799.23359372552,16559.244262488643,16599.2421875,14300844
2025-02-26,16599.243786593717,16639.241715458287,16479.25,16479.25,9146106
2025-02-27,16439.25218857438,16519.248046875,16359.254549104848,16519.248046875,8569152
2025-02-28,16439.250487454567,16719.237743702804,16359.25285626312,16599.2421875,14681604
2025-03-03,16639.24088634509,16919.22815561457,16639.24088634509,16799.234375,21087606
2025-03-04,16719.238758988973,16959.228104799353,16679.240831548716,16879.23046875,15904368
2025-03-05,16999.22579052643,17119.219571141002,16799.234375,16799.234375,23911044
2025-03-06,16799.23621249649,16799.23621249649,16519.248912602063,16759.23828125,15037968
2025-03-07,16719.24035000351,16959.229718651448,16639.242706341527,16759.23828125,14378820
2025-03-10,16879.232074989464,16959.229718651448,16719.24035000351,16759.23828125,17287416
2025-03-11,16679.24189866823,16719.239828667512,16559.246327501438,16639.2421875,10105986
2025-03-12,16799.23296954592,16799.23296954592,16399.251953125,16399.251953125,14604426
2025-03-13,16399.253253582014,16479.249106976116,16119.265985533844,16239.259765625,17940294
2025-03-14,16239.259885507672,16319.255739492328,16159.264031523018,16279.2578125,6076542
2025-03-17,16399.251953125,16599.241570751128,16279.256401380659,16399.251953125,8804220
2025-03-18,16559.246195184496,16559.246195184496,16279.258906257824,16319.2568359375,5524896
2025-03-19,16279.256401380659,16479.24780017545,16239.258477855432,16399.251953125,11221362
2025-03-20,16519.248265504822,16519.248265504822,16279.258906257824,16319.2568359375,8612700
2025-03-21,16359.253545716158,16399.253253582014,16239.259765625002,16239.259765625,5044500
2025-03-24,16239.26072203805,16279.258651090786,15639.288223909214,15959.2734375,28700754
2025-03-25,16039.2685546875,16279.25789908675,15919.27477307229,16039.2685546875,16150950
2025-03-26,16119.266934879848,16159.264863932582,15959.2734375,15959.2734375,10164924
2025-03-27,15959.273555027712,16079.267343069578,15919.275625680424,15999.271484375,5186886
2025-03-28,15999.270023088882,15999.270023088882,15799.278613449644,15839.2783203125,7547370
2025-03-31,15759.281777203592,15879.27734375,15679.285920285241,15879.27734375,5938260
2025-04-01,15999.271484375,16039.26941372229,15879.277696333136,15999.271484375,6658854
2025-04-02,16079.267224658202,16159.264863932582,15959.2734375,15959.2734375,11025054
2025-04-03,15439.296836102025,15639.288263034936,14879.322265625,14879.322265625,36467574
2025-04-04,14279.349058564232,14959.3173828125,13919.365932854493,14959.3173828125,24964518
2025-04-07,14959.3173828125,14959.3173828125,14959.3173828125,14959.3173828125,0
2025-04-08,14399.344018334354,14439.34194630465,13919.3662109375,13919.3662109375,12394080
2025-04-09,13039.407053163466,14479.341432315283,13039.407053163466,13559.3828125,13771998
2025-04-10,14479.3408203125,14479.3408203125,14479.3408203125,14479.3408203125,735870
2025-04-11,15039.314984326798,15039.314984326798,14559.336297019605,14919.3203125,18721536
2025-04-14,14919.320636330134,15039.315310761469,14839.323889847768,14999.3173828125,6742530
2025-04-15,14839.323981391428,14999.31747534316,14679.331378024135,14759.328125,8071428
2025-04-16,14759.328339111187,14839.324196663103,14559.3369140625,14559.3369140625,5830644
2025-04-17,14559.336349484127,14719.328948968254,14319.34700496573,14399.34375,10164696
2025-04-18,14519.338336264007,14759.327679360995,14519.338336264007,14639.3330078125,5552598
2025-04-21,14679.3310546875,14799.325727215999,14639.333127372807,14679.3310546875,6562752
2025-04-22,14554.578125,14804.085474861058,13806.057001321917,14554.578125,6990822
2025-04-23,14720.915302251487,14804.084723284512,14679.3310546875,14679.3310546875,4057488
2025-04-24,14637.746807123513,14804.084723284512,14596.162559559525,14679.3310546875,2704650
2025-04-25,14637.747315602774,14679.331564611295,14388.239969741478,14429.82421875,9969186
2025-04-28,14596.16306659425,14637.747315602774,14429.82421875,14429.82421875,2317392
2025-04-29,14596.16306659425,14596.16306659425,14429.82421875,14429.82421875,2262102
2025-04-30,14429.82421875,14429.82421875,14429.82421875,14429.82421875,0
2025-05-01,14429.82421875,14429.82421875,14429.82421875,14429.82421875,0
2025-05-02,14429.82421875,14429.82421875,14429.82421875,14429.82421875,0
2025-05-05,14596.1630859375,14596.1630859375,14429.824237872812,14596.1630859375,3460470
2025-05-06,14596.1630859375,14596.1630859375,14429.824237872812,14596.1630859375,3460470
2025-05-07,14596.16330058024,14679.331799930529,14554.578125,14554.578125,4739208
2025-05-08,14512.9931640625,14554.577411699656,14429.823742883138,14512.9931640625,3243300
2025-05-09,14512.993399472398,14679.33131862418,14388.239728632296,14637.7470703125,5743662
2025-05-12,14596.162766373596,14970.4228515625,14596.162766373596,14970.4228515625,8513292
2025-05-13,14596.162766373596,14970.4228515625,14596.162766373596,14970.4228515625,8513292
2025-05-14,15053.592009265061,15053.592009265061,14845.668920342396,15012.0068359375,4696800
2025-05-15,15012.007304307763,15303.098897157432,14970.423055587831,15261.5146484375,7505646
2025-05-16,15344.684062274859,15594.19140625,15219.930390287287,15594.19140625,10761942
2025-05-19,15219.930192291811,15303.098688598207,14970.4228515625,14970.4228515625,6771828
2025-05-20,15219.930192291811,15303.098688598207,14970.4228515625,14970.4228515625,6771828
2025-05-21,14970.422823976161,15219.930164245701,14970.422823976161,15136.7607421875,5121108
2025-05-22,15303.09866039884,15303.09866039884,15095.17649411093,15136.7607421875,6281286
2025-05-23,15136.761006615516,15261.51467892964,15053.592509009486,15095.1767578125,6289836
2025-05-26,15178.3447265625,15219.929899821649,14887.253143273683,15178.3447265625,5025120
2025-05-27,15178.3447265625,15219.929899821649,14887.253143273683,15178.3447265625,5025120
2025-05-28,15219.929901062453,15594.190904995034,15219.929901062453,15511.021484375,14037846
2025-05-29,15511.02150935288,15635.775177531303,15303.098420420496,15344.68359375,4668186
2025-05-30,15386.268587736315,15427.852837178494,15219.9306640625,15219.9306640625,4106508
2025-06-02,14887.25316776491,15053.592009265061,14804.08467291988,15012.0068359375,3480420
2025-06-03,14887.25316776491,15053.592009265061,14804.08467291988,15012.0068359375,3480420
2025-06-04,15095.177022970975,15136.76127250445,14970.423348465456,15053.5927734375,5671728
2025-06-05,15095.177022970975,15136.76127250445,15012.00759799893,15053.5927734375,5192016
2025-06-06,15012.007099715698,15136.760770080355,14970.4228515625,14970.4228515625,4459566
2025-06-09,14845.6689453125,14928.838366202464,14804.08469782004,14845.6689453125,2371542
2025-06-10,14845.6689453125,14928.838366202464,14804.08469782004,14845.6689453125,2371542
2025-06-11,14970.422613694924,15012.006861187381,14845.6689453125,14845.6689453125,2483832
2025-06-12,14845.66920916905,14928.838631537208,14762.500712705953,14804.0849609375,2527836
2025-06-13,14928.838603409302,14970.4228515625,14845.669181197845,14970.4228515625,3994332
2025-06-16,14887.253890809781,15219.9306640625,14887.253890809781,15219.9306640625,7255758
2025-06-17,14887.253890809781,15219.9306640625,14887.253890809781,15219.9306640625,7255758
2025-06-18,15303.09866039884,15303.09866039884,15053.59224603436,15136.7607421875,4850586
2025-06-19,15219.929924860167,15261.514172282681,14970.422588514986,15012.0068359375,8590926
2025-06-20,15012.007099715698,15053.592273773958,14928.838603409302,14970.4228515625,5593524
2025-06-23,14970.4228515625,15053.592273773958,14928.838603409302,14970.4228515625,4285602
2025-06-24,14970.4228515625,15053.592273773958,14928.838603409302,14970.4228515625,4285602
2025-06-25,15053.592509009486,15178.345255418531,15012.007334301394,15095.1767578125,8114520
2025-06-26,15136.7607421875,15303.09866039884,15095.17649411093,15136.7607421875,8112468
2025-06-27,15219.930697476493,15219.930697476493,15012.00759799893,15053.5927734375,2598402
2025-06-30,15095.176989830867,15261.514913504681,15053.592740388687,15219.9306640625,8141196
2025-07-01,15095.176989830867,15261.514913504681,15053.592740388687,15219.9306640625,8141196
2025-07-02,15261.514913504681,15303.09916294686,15136.761239273048,15219.9306640625,4562850
2025-07-03,15261.514913504681,15261.514913504681,15136.761239273048,15219.9306640625,4969944
2025-07-04,15261.5146484375,15469.43681794223,15219.930399717568,15261.5146484375,10393494
2025-07-07,15427.85272135999,15635.775818820175,15344.684223099983,15552.60546875,11828640
2025-07-08,15427.85272135999,15635.775818820175,15344.684223099983,15552.60546875,11828640
2025-07-09,15677.359638616193,15718.943886607387,15552.605042832496,15635.775390625,7716432
2025-07-10,15718.944093003796,16010.035684574426,15677.359844466584,15926.8671875,15737586
2025-07-11,16010.035950811198,16010.035950811198,15802.112852857364,15885.283203125,6241044
2025-07-14,16134.7880859375,16259.54268069754,15843.696500577542,16134.7880859375,8849022
2025-07-15,16134.7880859375,16259.54268069754,15843.696500577542,16134.7880859375,8849022
2025-07-16,16134.788349892773,16259.542946693722,16093.2041015625,16093.2041015625,17757894
2025-07-17,18346.253997328367,18393.660338406735,18251.441315171633,18298.84765625,14330500
2025-07-18,16260.374200994318,16355.186878551136,16118.15518465909,16165.5615234375,11966900
2025-07-21,16307.780979827088,16592.21902017291,16165.561959654178,16450.0,16028100
2025-07-22,16307.780979827088,16592.21902017291,16165.561959654178,16450.0,16028100
2025-07-23,16449.99991020115,16544.81258979885,16355.18723060345,16497.40625,14387100
2025-07-24,16639.624561095505,16924.0625877809,16497.40554775281,16876.65625,21078000
2025-07-25,17066.282569822888,17587.75231501192,17018.876229351157,17398.126953125,25845800
2025-07-28,17540.345086621353,17919.59579119695,17540.345086621353,17872.189453125,30401200
2025-07-29,17540.345086621353,17919.59579119695,17540.345086621353,17872.189453125,30401200
2025-07-30,18061.815348087937,18535.878743050875,17540.345613628706,17587.751953125,43173600
2025-07-31,17729.9714752907,18488.47292877907,17682.565134447672,18346.25390625,34138600
2025-08-01,18488.472837467783,18678.09819990335,18251.441134423323,18393.66015625,21196600
2025-08-04,18014.409520348836,18346.25390625,17777.37781613372,18346.25390625,11488000
2025-08-05,18014.409520348836,18346.25390625,17777.37781613372,18346.25390625,11488000
2025-08-06,18535.87936164184,19057.349113503886,17066.282788212437,18298.84765625,28673600
2025-08-07,18488.47265625,18583.28533653846,18298.847295673077,18488.47265625,11127400
2025-08-08,18583.285246163683,18583.285246163683,18251.4408667679,18535.87890625,18677500
2025-08-11,19389.193633582203,19768.444364801417,19199.568267972598,19246.974609375,15128200
2025-08-12,19389.193633582203,19768.444364801417,19199.568267972598,19246.974609375,15128200
2025-08-13,19436.598716237437,19436.598716237437,18725.50364125314,18867.72265625,16544800
2025-08-14,19009.941582471805,19057.347920582706,18535.878201362782,18915.12890625,19014200
2025-08-15,19199.567996447127,19578.818722302873,18915.12995205532,19389.193359375,23970800
2025-08-18,19436.598355876868,19436.598355876868,18962.534981343284,19057.34765625,10069200
2025-08-19,19436.598355876868,19436.598355876868,18962.534981343284,19057.34765625,10069200
2025-08-20,19057.348885289633,19531.41229039634,19057.348885289633,19436.599609375,18158700
2025-08-21,19721.03710045662,20763.9765625,19294.38004780251,20763.9765625,70277500
2025-08-22,22186.166015625,22186.166015625,21949.13432742388,22186.166015625,20555600
2025-08-25,22612.823693764236,23039.48074458998,20811.3828125,20811.3828125,42070300
2025-08-26,22612.823693764236,23039.48074458998,20811.3828125,20811.3828125,42070300
2025-08-27,20858.78966346154,21569.884765625,20526.94528245192,21569.884765625,24671600
2025-08-28,21569.885499685402,22091.355259018455,21190.634765625,21190.634765625,21032900
2025-08-29,21238.039503386004,21285.445841563203,20811.382459791195,21001.0078125,16460200
2025-09-01,21001.0078125,21001.0078125,21001.0078125,21001.0078125,0
2025-09-02,21001.0078125,21001.0078125,21001.0078125,21001.0078125,0
2025-09-03,21427.665925082783,21522.47860616722,20953.602519660595,21475.072265625,12394400
2025-09-04,21427.665925082783,21522.47860616722,20953.602519660595,21475.072265625,12394400
2025-09-05,21569.88440819036,22233.573159211603,21569.88440819036,21759.509765625,18316700
2025-09-08,20763.976199776786,20953.601553199405,19910.662109375,19910.662109375,23175400
2025-09-09,20763.976199776786,20953.601553199405,19910.662109375,19910.662109375,23175400
2025-09-10,19863.255683083433,20052.881035666567,19531.411316062946,19958.068359375,10440300
2025-09-11,20005.474964488636,20100.287642045456,19626.224254261364,19815.849609375,8739800
2025-09-12,19815.84943266369,19958.068447730657,19057.348018973214,19910.662109375,11136500
2025-09-15,20289.91397144522,20526.945676719115,20005.47592511655,20337.3203125,11200700
2025-09-16,20289.91397144522,20526.945676719115,20005.47592511655,20337.3203125,11200700
2025-09-17,20432.13174083284,20574.350755270192,19910.66202122922,19958.068359375,24492400
2025-09-18,19958.069078200668,20100.28809776029,19531.41201952179,19578.818359375,11156500
2025-09-19,19721.03756082725,19768.443901117702,19199.567817632298,19484.005859375,7856600
2025-09-22,19104.754618275314,19246.97363528481,18488.472211234177,18725.50390625,16044300
2025-09-23,19104.754618275314,19246.97363528481,18488.472211234177,18725.50390625,16044300
2025-09-24,18867.722744804785,19009.941760469144,18678.09739058564,18820.31640625,7486300
2025-09-25,18820.31718273628,19436.599609375,18488.472799161584,19436.599609375,11269200
2025-09-26,19436.598355876868,19578.81736823694,18962.534981343284,19057.34765625,13576600
2025-09-29,18725.50390625,18915.129262262657,18630.69122824367,18725.50390625,7070500
2025-09-30,18725.50390625,18915.129262262657,18630.69122824367,18725.50390625,7070500
2025-10-01,18725.50364125314,18962.535332914573,18583.28462625628,18867.72265625,9290700
2025-10-02,18867.722306436568,19294.37934351679,18867.722306436568,19057.34765625,8350500
2025-10-03,19104.754709311546,19294.38006622779,18678.09765625,18678.09765625,10580000
2025-10-06,18962.53611618005,19531.41219966545,18915.1297758896,19484.005859375,11256400
2025-10-07,18962.53611618005,19531.41219966545,18915.1297758896,19484.005859375,11256400
2025-10-08,19626.225527923885,19626.225527923885,19104.75576752011,19152.162109375,8787300
2025-10-09,19341.785769950126,19389.192107621573,19009.94140625,19009.94140625,10243600
2025-10-10,19009.942722694548,19341.787109375,19009.942722694548,19341.787109375,9640500
2025-10-13,18962.534894540942,19246.972917959058,18915.12855730459,19104.75390625,10706900
2025-10-14,18962.534894540942,19246.972917959058,18915.12855730459,19104.75390625,10706900
2025-10-15,19294.379521484374,19341.785859375,18962.53515625,18962.53515625,13677400
2025-10-16,18867.723967978396,19341.78738425926,18867.723967978396,19199.568359375,11054400
2025-10-17,19199.566845703124,19199.566845703124,18962.53515625,18962.53515625,8456300
2025-10-20,18678.098145861717,18772.91082680518,17398.126953125,17398.126953125,21189400
2025-10-21,18678.098145861717,18772.91082680518,17398.126953125,17398.126953125,21189400
2025-10-22,17445.532758042897,17967.002487223526,17255.907401977212,17682.564453125,14706300
2025-10-23,17777.377131157842,17919.596148207103,17445.532758042897,17682.564453125,6234500
2025-10-24,17682.564722339524,17967.00276076858,17540.345703125,17540.345703125,4168400
2025-10-27,17729.971153031842,17777.37749301321,17492.939453125,17492.939453125,4156200
2025-10-28,17729.971153031842,17777.37749301321,17492.939453125,17492.939453125,4156200
2025-10-29,17492.940032958984,18204.03515625,17445.53369140625,18204.03515625,7382400
2025-10-30,18156.627215254935,18346.25256476151,18014.408203125,18014.408203125,5094800
2025-10-31,18061.814984375,18251.440338541666,17777.376953125,17777.376953125,5619500
2025-11-03,17635.15865548365,17824.784017370574,17398.126953125,17398.126953125,4410400
2025-11-04,17398.12590183872,18109.22096594657,17161.09421380277,17967.001953125,8138900
2025-11-05,17398.12590183872,18109.22096594657,17161.09421380277,17967.001953125,8138900
2025-11-06,17872.18999010276,17872.18999010276,17587.751953125,17587.751953125,2832100
2025-11-07,17540.346066000682,17635.158747438523,17255.90802168716,17350.720703125,3709000
2025-11-10,17540.34615796233,17540.34615796233,17303.314453125,17303.314453125,2847900
2025-11-11,17350.720885559753,17540.34625042926,17255.908203125,17255.908203125,2568700
2025-11-12,17303.31374099363,17682.564453125,17303.31374099363,17682.564453125,3802300
2025-11-13,17682.56463211759,17777.377311110173,17587.751953125,17587.751953125,2901200
2025-11-14,17540.345703125,17682.564722339524,17492.939363386824,17540.345703125,2465600
2025-11-17,17635.15802556818,17729.970703125,17445.532670454544,17729.970703125,4358700
2025-11-18,17777.377041903408,17824.78338068182,17635.15802556818,17729.970703125,5488600
2025-11-19,17729.970703125,18109.221413352272,17682.564364346592,17729.970703125,8736500
2025-11-20,17729.970703125,17919.596058238636,17682.564364346592,17729.970703125,6409100
2025-11-21,17587.751953125,17824.783650606467,17492.93927413241,17587.751953125,3446600
2025-11-24,17587.752042863176,17729.9710620777,17540.345703125,17540.345703125,3465800
2025-11-25,17540.346066000682,17587.752406719603,17350.720703125,17350.720703125,3125400
2025-11-26,17350.720433180893,17635.158473069107,17350.720433180893,17492.939453125,3263900
2025-11-27,17635.15811410858,17967.002487223526,17587.751775092158,17682.564453125,7202400
2025-11-28,17729.9710620777,17824.783741554053,17492.939363386824,17540.345703125,2383800
2025-12-01,17540.345974540192,17587.75231501192,17398.126953125,17398.126953125,2887300
2025-12-02,17445.533113143632,17540.345793106368,17303.314093199526,17492.939453125,3006800
2025-12-03,17492.938834981716,17919.595879737368,17492.938834981716,17824.783203125,9732300
2025-12-04,17492.938834981716,17919.595879737368,17492.938834981716,17824.783203125,9732300
2025-12-05,18014.408826239945,18014.408826239945,17635.15811410858,17682.564453125,4212200
2025-12-08,17635.15865548365,17729.971336427112,17398.126953125,17398.126953125,4454200
2025-12-09,17445.533660468318,17445.533660468318,17208.501953125,17208.501953125,7271300
2025-12-10,17208.501861907625,17398.12722677713,17208.501861907625,17255.908203125,3302800
2025-12-11,17303.31472828902,17398.127411731697,17161.095703125,17161.095703125,4969000
2025-12-12,17208.501535404626,17255.907875722543,16402.59375,16402.59375,9410500
2025-12-15,16592.218391262755,16639.624729523508,16260.3740234375,16260.3740234375,7099200
2025-12-16,16449.999643874642,16781.844017094016,16118.15527065527,16639.625,5297300
2025-12-17,16734.437588778408,16781.84392755682,16592.21857244318,16687.03125,4091200
2025-12-18,16734.437588778408,16781.84392755682,16592.21857244318,16687.03125,4091200
2025-12-19,16687.03125,16781.84392755682,16592.21857244318,16687.03125,3079700
2025-12-22,16781.84366197183,17018.875352112675,16687.030985915495,16829.25,10668800
2025-12-23,16971.46901408451,17255.907042253522,16781.84366197183,16829.25,6967600
2025-12-24,16829.249738128492,17255.906773743016,16687.030726256984,16971.46875,6457000
2025-12-25,16829.249738128492,17255.906773743016,16687.030726256984,16971.46875,6457000
2025-12-26,16734.437588778408,16924.062943892044,16307.780539772728,16687.03125,8329800
2025-12-29,16687.03125,16829.250266335228,16639.624911221592,16687.03125,3557400
2025-12-30,16687.031073446327,16876.656426553673,16687.031073446327,16781.84375,3401200
2025-12-31,16876.65633802817,17018.875352112675,16781.84366197183,16829.25,6584200
2026-01-01,16829.25,16829.25,16829.25,16829.25,0
2026-01-02,16829.25,16829.25,16829.25,16829.25,0
2026-01-05,16829.250088276836,16971.469103107345,16639.62473516949,16781.84375,4191700
2026-01-06,16734.43732394366,16876.65633802817,16497.405633802817,16829.25,5413100
2026-01-07,16876.65774324792,17208.50213707583,16876.65774324792,17113.689453125,8724700
2026-01-08,17161.095887586805,17255.90857204861,16971.470518663195,17066.283203125,12735300
2026-01-09,17161.09401114206,17208.500348189413,16924.06232590529,17018.875,10177300
2026-01-12,17018.875879169475,17777.377311110173,16924.063200176886,17587.751953125,16079000
2026-01-13,17729.97097161388,17777.377311110173,17492.93927413241,17587.751953125,9889600
2026-01-14,17635.159026342975,17682.56536781164,17113.68927018767,17208.501953125,18442000
2026-01-15,17350.720522673233,17492.939543350883,17255.907842221466,17445.533203125,6546900
2026-01-16,17492.939909211884,17492.939909211884,17208.501861907625,17255.908203125,8113200
2026-01-19,17255.908294593664,17350.72097753099,17208.501953125,17208.501953125,5557600
2026-01-20,17303.314821026663,17445.53384695291,17113.689453125,17113.689453125,6538100
2026-01-21,17066.281601123595,17113.687938904495,16781.843574438204,16876.65625,10586400
2026-01-22,16876.656162464984,17066.28151260504,16876.656162464984,16924.0625,4862400
2026-01-23,17018.875263342696,17018.875263342696,16829.2499122191,16876.65625,4259400
2026-01-26,16876.656876790832,16971.469555873926,16449.999820916906,16544.8125,6874300
2026-01-27,16544.81258979885,16639.625269396554,16449.99991020115,16497.40625,3499100
2026-01-28,16497.406160458453,16734.437858166188,16449.999820916906,16544.8125,4773000
2026-01-29,16544.812410714287,16687.03142857143,16497.406071428573,16592.21875,4241000
2026-01-30,16592.21822331461,16876.65625,16544.81188553371,16876.65625,6710600
2026-02-02,16781.844107142857,16781.844107142857,16497.406071428573,16592.21875,5277000
2026-02-03,16639.625179083094,16781.844197707735,16449.999820916906,16544.8125,6343400
2026-02-04,16544.81258979885,16592.2189295977,16402.5935704023,16497.40625,5060900
2026-02-05,16544.812053002006,16592.218391262755,16260.3740234375,16260.3740234375,3831400
2026-02-06,16212.968498549777,16260.374839188811,15833.7177734375,15833.7177734375,8313900
2026-02-09,16023.343135993638,16118.155817271707,15833.7177734375,15833.7177734375,4919800
2026-02-10,15975.936168323864,16118.15518465909,15644.091796875,15644.091796875,4862900
2026-02-11,15833.717326926622,16212.968041344026,15786.310987624447,16070.7490234375,4861700
2026-02-12,16212.9677734375,16260.374111956324,16070.74875788103,16212.9677734375,3196300
2026-02-13,16212.96847826087,16497.40652173913,16165.56213768116,16355.1875,6435200
2026-02-16,16355.1875,16355.1875,16355.1875,16355.1875,0
2026-02-17,16355.1875,16355.1875,16355.1875,16355.1875,0
2026-02-18,16355.1875,16355.1875,16355.1875,16355.1875,0
2026-02-19,16355.1875,16355.1875,16355.1875,16355.1875,0
2026-02-20,16355.1875,16355.1875,16355.1875,16355.1875,0
2026-02-23,16449.99991020115,16592.2189295977,16402.5935704023,16497.40625,3091100
2026-02-24,16544.81277095376,16592.219111271676,16355.187409682081,16402.59375,5645600
2026-02-25,16497.40625,16687.031609195405,16307.780890804599,16497.40625,7253200
2026-02-26,16497.40625,16687.031609195405,16449.99991020115,16497.40625,3401000
2026-02-27,16497.406430635838,16544.81277095376,16402.59375,16402.59375,2778500
2026-03-02,15928.530094304735,16212.968131703034,15928.530094304735,16023.3427734375,8297600
2026-03-03,15928.530094304735,16212.968131703034,15928.530094304735,16023.3427734375,8297600
2026-03-04,15833.717503941025,15975.9365234375,15596.68580478023,15975.9365234375,6618900
2026-03-05,16118.155542933977,16165.561882766136,15928.530183605342,15975.9365234375,4074200
2026-03-06,15975.936795354604,16023.343135993638,15833.7177734375,15833.7177734375,2831000
2026-03-09,14885.590910792731,15075.216272713658,14743.371889352036,14838.1845703125,25152500
2026-03-10,15454.467160811335,15549.279842779502,15122.622773922749,15264.841796875,9851800
2026-03-11,15407.060102982954,16307.780539772728,15359.653764204546,16165.5615234375,11598900
2026-03-12,16118.155909816065,16118.155909816065,15738.905182526276,15786.3115234375,3945300
2026-03-13,15786.311075605585,16118.155452570267,15691.498396472818,16023.3427734375,4482400
2026-03-16,16023.342595358457,16118.1552734375,15881.12357823989,16118.1552734375,2941300
2026-03-17,16212.967951516544,16355.186968635111,16118.1552734375,16118.1552734375,8879700
2026-03-18,16307.780450475146,16355.18678899397,15975.936080843385,16212.9677734375,4526100
2026-03-19,16070.74929373605,16118.155633835566,15738.904913039434,15928.5302734375,6027800
2026-03-20,15881.123933337984,16023.342953636533,15833.717593238467,15928.5302734375,3343200
2026-03-23,15786.311175949004,15881.123855684433,15359.654117139571,15454.466796875,5663500
2026-03-24,15644.092410881363,16023.343135993638,15549.279729603295,15833.7177734375,4879400
2026-03-25,15928.530434782608,16355.1875,15833.717753623188,16355.1875,8611500
2026-03-26,16355.187059250553,16355.187059250553,16023.342684135325,16070.7490234375,3021400
2026-03-27,15975.936256318935,16307.780629595589,15975.936256318935,16118.1552734375,6298900
2026-03-30,15928.530094304735,16212.968131703034,15928.530094304735,16023.3427734375,3507600
2026-03-31,16165.56170204185,16307.780719948378,16023.342684135325,16070.7490234375,4166800
2026-04-01,16260.374909156975,16497.40661337209,16212.968568313952,16307.78125,5681800
2026-04-02,16260.374471269417,16260.374471269417,15975.936433871117,16023.3427734375,4091500
2026-04-03,16070.749568904841,16118.155909816065,15786.3115234375,15786.3115234375,4380800
2026-04-06,15786.3115234375,15975.936887082395,15691.498841615052,15786.3115234375,3636500
2026-04-07,15833.7177734375,15928.53045471557,15691.498751520397,15833.7177734375,2726400
2026-04-08,16165.561959654178,16544.812680115272,16023.342939481268,16450.0,11248400
2026-04-09,16497.405714741253,16497.405714741253,16165.561346916,16260.3740234375,4937800
2026-04-10,16355.18714183381,16639.625179083094,16307.780802292264,16544.8125,10411800
2026-04-13,16449.999295774647,17113.688028169014,16402.592957746478,16829.25,17728900
2026-04-14,16924.062943892044,16971.469282670456,16687.03125,16687.03125,6829000
2026-04-15,16829.250720461096,16829.250720461096,16450.0,16450.0,7675300
2026-04-16,16497.405714741253,16497.405714741253,16212.967685176749,16260.3740234375,6846200
2026-04-17,16355.187319884726,16544.812680115272,16212.968299711814,16450.0,5665400
2026-04-20,16544.812410714287,16592.21875,16402.593392857143,16592.21875,4624000
2026-04-21,16592.219295058138,16639.62563590116,16307.78125,16307.78125,5919100
2026-04-22,16355.187409682081,16450.00009031792,16260.374729046243,16402.59375,4426300
2026-04-23,16450.00027252907,16639.62563590116,16212.968568313952,16307.78125,10932100
2026-04-24,16307.781159420289,16402.59384057971,16260.374818840579,16355.1875,3303900
2026-04-27,16355.1875,16355.1875,16355.1875,16355.1875,0
2026-04-28,16497.406340057638,16592.21902017291,16402.593659942362,16450.0,5270400
2026-04-29,16500.0,16550.0,16300.0,16300.0,5111400
2026-04-30,16300.0,16300.0,16300.0,16300.0,0
2026-05-01,16300.0,16300.0,16300.0,16300.0,0
2026-05-04,16450.0,16450.0,16150.0,16150.0,4132700
2026-05-05,16100.0,16150.0,15850.0,15950.0,5576500
2026-05-06,16000.0,16250.0,15950.0,16200.0,3382000
2026-05-07,16200.0,16300.0,16100.0,16100.0,4510300
2026-05-08,16150.0,16200.0,16000.0,16050.0,3838800
2026-05-11,16050.0,16250.0,15950.0,15950.0,6157000
2026-05-12,16050.0,16100.0,15950.0,16000.0,2263500
2026-05-13,16150.0,16150.0,15950.0,15950.0,2832800
2026-05-14,16000.0,16200.0,15950.0,16050.0,3275200
2026-05-15,16050.0,16150.0,15950.0,16100.0,5130600
2026-05-18,16000.0,16100.0,15900.0,16100.0,3575300
2026-05-19,16100.0,16100.0,15750.0,15800.0,6617100
2026-05-20,15800.0,15850.0,15050.0,15700.0,9168400
2026-05-21,15700.0,15900.0,15600.0,15900.0,5016000
2026-05-22,15900.0,15900.0,15650.0,15700.0,2513700
2026-05-25,15850.0,15950.0,15700.0,15900.0,2308800
2026-05-26,15850.0,16300.0,15850.0,16250.0,12747000
2026-05-27,16250.0,16850.0,16100.0,16700.0,27846100
2026-05-28,16700.0,16950.0,16300.0,16300.0,16751900
2026-05-29,16300.0,16400.0,16100.0,16100.0,8214700
2026-06-01,16150.0,16250.0,16000.0,16100.0,5955400
2026-06-02,16200.0,16200.0,15800.0,15800.0,7945800
