Date,Open,High,Low,Close,Volume
2021-06-02,9555.7041015625,9668.124253657048,9415.178690782464,9555.7041015625,1599238
2021-06-03,9710.280685137055,10174.013012802896,9640.018425223408,10061.59375,2741399
2021-06-04,10089.698457996938,10117.803715950651,9836.753784355678,9963.2265625,2997739
2021-06-07,10033.489293097125,10089.698928981015,9555.704298818078,9738.38671875,22346692
2021-06-08,9738.38671875,9738.38671875,9738.38671875,9738.38671875,0
2021-06-09,9077.918050843851,9513.546021066126,8712.553225913805,9387.0732421875,18141894
2021-06-10,9358.968550990156,9555.703585876703,9134.128258934854,9190.337890625,13006413
2021-06-11,9218.443436670483,9766.491555398445,9190.338178621001,9682.17578125,19804196
2021-06-14,9696.228747207006,9724.334006233112,9555.70421737131,9583.80859375,14696693
2021-06-15,9583.807922706435,10005.383247990292,9555.70354829557,9766.4912109375,18019046
2021-06-16,9611.914299304566,9766.492348481765,9302.759083597624,9499.494140625,12371271
2021-06-17,9190.33861064631,9513.546445466753,9190.33861064631,9443.2841796875,14137125
2021-06-18,9583.807934672535,9710.280708945074,9499.493046039961,9625.9658203125,12344901
2021-06-21,9541.651810460426,9569.757070142214,9415.179024539819,9457.3369140625,9378227
2021-06-22,9499.49421523375,9724.33453435877,9443.284576776226,9654.072265625,15594253
2021-06-23,9752.438594585039,9752.438594585039,9625.9658203125,9625.9658203125,9836493
2021-06-24,9625.9658203125,9766.491223131694,9569.756188773235,9625.9658203125,9264062
2021-06-25,9682.175439676972,9921.068359375,9625.965808208388,9921.068359375,16068599
2021-06-28,10103.751081967606,10145.908968877286,10033.488819765524,10117.8037109375,17167153
2021-06-29,10075.645613511217,10174.013131597834,9977.278095424599,10089.6982421875,15154317
2021-06-30,10089.698469609351,10117.80372759541,9977.2783203125,9977.2783203125,10972995
2021-07-01,9921.06949841777,10244.27734375,9921.06949841777,10244.27734375,17740227
2021-07-02,10258.328449106639,10483.167850022392,10258.328449106639,10455.0634765625,14973583
2021-07-05,10455.0634765625,10455.0634765625,10455.0634765625,10455.0634765625,0
2021-07-06,10455.0634765625,10455.0634765625,10455.0634765625,10455.0634765625,0
2021-07-07,10455.0634765625,10455.0634765625,10455.0634765625,10455.0634765625,0
2021-07-08,10455.0634765625,10455.0634765625,10455.0634765625,10455.0634765625,0
2021-07-09,9892.963540206576,10145.909099629649,9808.648647948015,9836.75390625,11212258
2021-07-12,9836.75390625,9836.75390625,9836.75390625,9836.75390625,0
2021-07-13,9583.808372104273,9611.913630480385,9218.443543804397,9541.6513671875,9368257
2021-07-14,9541.6513671875,9541.6513671875,9541.6513671875,9541.6513671875,0
2021-07-15,9077.917732366739,9429.230798560744,9077.917732366739,9330.86328125,9215502
2021-07-16,9330.86328125,9330.86328125,9330.86328125,9330.86328125,0
2021-07-19,9232.495329101133,9232.495329101133,8768.763021519466,8965.498046875,10991325
2021-07-20,8965.498783671057,9415.178500304391,8796.868117617094,9387.0732421875,7612694
2021-07-21,9358.968661114439,9415.178293465988,9007.655590313312,9049.8134765625,8423746
2021-07-22,8993.603286092914,9162.233954527243,8993.603286092914,9106.0234375,7761590
2021-07-23,9077.91807403066,9330.863632433986,9063.866327583712,9091.970703125,14081812
2021-07-26,9091.971017509237,9162.23416541051,8909.288598260773,9134.12890625,4724488
2021-07-27,9162.23416541051,9246.549060244613,9049.814011415896,9134.12890625,11291048
2021-07-28,9218.44356967003,9274.653203932574,9148.181306179999,9246.548828125,10505080
2021-07-29,9358.968866717996,9401.125871245946,9274.65309236732,9387.0732421875,6575886
2021-07-30,9415.178157686712,9527.598303415933,9358.968526145782,9471.388671875,10729551
2021-08-02,9471.388567312853,9682.175345249823,9387.07279696125,9611.9130859375,12363553
2021-08-03,9611.914355877205,9808.6494140625,9569.757347778906,9808.6494140625,11837431
2021-08-04,9808.6494140625,9808.6494140625,9808.6494140625,9808.6494140625,0
2021-08-05,9766.491533359209,9991.33094930553,9724.333646380122,9977.2783203125,10837284
2021-08-06,9977.278432465137,10005.383690767121,9794.596018797023,9836.75390625,8646929
2021-08-09,9808.648537690915,9977.2783203125,9724.333646380122,9977.2783203125,8324696
2021-08-10,9977.2783203125,9977.2783203125,9977.2783203125,9977.2783203125,0
2021-08-11,10005.383566783185,10075.645829020083,9949.173933523143,9963.2265625,6758871
2021-08-12,9921.068904483092,9977.278539040086,9836.754011323901,9850.806640625,6615763
2021-08-13,9836.753470935691,9935.1209879921,9625.965808293762,9766.4912109375,8573928
2021-08-16,9766.492045530336,10047.5419921875,9724.334156340417,10047.5419921875,10571006
2021-08-17,10047.5419921875,10047.5419921875,10047.5419921875,10047.5419921875,0
2021-08-18,10047.541676929646,10103.75131143844,9977.278530484404,10005.3837890625,5322968
2021-08-19,10005.383561825736,10117.8037109375,9878.91078374408,10117.8037109375,7812723
2021-08-20,9864.85918310669,10033.488967940983,9555.703989145553,9696.228515625,10070611
2021-08-23,9640.019229987347,9640.019229987347,9387.073660946156,9443.2841796875,8588722
2021-08-24,9443.283414780857,9597.860563503937,9344.91589759871,9471.388671875,8176121
2021-08-25,9555.704661288511,9555.704661288511,9457.337132774825,9499.494140625,11319026
2021-08-26,9573.26954967432,9801.622787724842,9432.744140625,9432.744140625,7206975
2021-08-27,9380.047419271543,9415.178550782313,9028.734338869048,9309.78515625,6615506
2021-08-30,9344.916718432667,9397.613418127416,9292.220018737919,9380.0478515625,5286436
2021-08-31,9380.047857860587,9397.613424437297,9116.5634765625,9116.5634765625,5014499
2021-09-01,9098.997658415181,9239.522187143617,8993.603379221446,9011.1689453125,8026903
2021-09-02,9011.1689453125,9011.1689453125,9011.1689453125,9011.1689453125,0
2021-09-03,9011.1689453125,9011.1689453125,9011.1689453125,9011.1689453125,0
2021-09-06,9028.734645404746,9344.916605031203,9011.16907905299,9257.087890625,7488689
2021-09-07,9344.916718432667,9380.0478515625,9257.088002960654,9380.0478515625,5022731
2021-09-08,9380.0478515625,9380.0478515625,9380.0478515625,9380.0478515625,0
2021-09-09,9344.916467331603,9397.613165610372,9169.25992375496,9274.6533203125,5057720
2021-09-10,9239.521589958304,9274.652719869755,9098.9970703125,9098.9970703125,6701949
2021-09-13,9116.56348304803,9116.56348304803,8853.0791015625,8853.0791015625,7042835
2021-09-14,8817.9479934194,8940.906959892942,8712.5537109375,8712.5537109375,5444401
2021-09-15,8712.5528696304,8782.815129402,8677.421739744601,8694.9873046875,4983111
2021-09-16,8782.81525259905,8853.078396003586,8712.552991841876,8817.947265625,4370545
2021-09-17,8853.07939074758,8940.9072265625,8853.07939074758,8940.9072265625,5697043
2021-09-20,9063.866389298753,9134.128652601468,9028.734375,9028.734375,4791958
2021-09-21,9028.734375,9028.734375,9028.734375,9028.734375,0
2021-09-22,9028.734375,9028.734375,9028.734375,9028.734375,0
2021-09-23,8958.471951334988,9011.16864786872,8853.078558267523,8923.3408203125,4365914
2021-09-24,8940.906114708896,9011.168374623312,8940.906114708896,8958.4716796875,413900058
2021-09-27,8993.602809644708,9116.56264714229,8958.4716796875,8958.4716796875,5568664
2021-09-28,8958.472793725483,8993.603928051452,8870.644957910563,8940.9072265625,7802561
2021-09-29,8958.471951334988,9011.16864786872,8853.078558267523,8923.3408203125,5288237
2021-09-30,8870.644123778768,8958.471951334988,8853.078558267523,8923.3408203125,6308579
2021-10-01,8905.775686907642,8940.906819634685,8712.55357426148,8730.119140625,5389345
2021-10-04,8677.422444711869,8747.684710191685,8449.069199255046,8466.634765625,509065169
2021-10-05,8484.200309341217,8642.291288896104,8431.50361037206,8607.16015625,2960435
2021-10-06,8607.16015625,8607.16015625,8607.16015625,8607.16015625,0
2021-10-07,8572.028163844723,8572.028163844723,8449.069199255046,8466.634765625,3752834
2021-10-08,8466.634765625,8466.634765625,8466.634765625,8466.634765625,0
2021-10-11,8466.634765625,8466.634765625,8466.634765625,8466.634765625,0
2021-10-12,9011.169219187344,9046.300352437187,8905.775819437815,8976.0380859375,4490434
2021-10-13,9028.734375,9169.259784252827,8976.037677522963,9028.734375,7349761
2021-10-14,9028.734375,9028.734375,9028.734375,9028.734375,0
2021-10-15,9116.563224506237,9134.128790597291,8993.603379221446,9011.1689453125,7183306
2021-10-18,9011.1689453125,9011.1689453125,9011.1689453125,9011.1689453125,0
2021-10-19,9063.867079350852,9081.432646513835,8888.210525073548,8940.9072265625,5994192
2021-10-20,8923.341689135603,9028.73509246472,8800.3818359375,8800.3818359375,6415347
2021-10-21,8817.947555948642,8888.209819019141,8642.291015625,8642.291015625,7166583
2021-10-22,8782.815680340454,8817.947695077408,8624.7255859375,8624.7255859375,6372383
2021-10-25,8624.7255859375,8624.7255859375,8624.7255859375,8624.7255859375,0
2021-10-26,8624.7255859375,8624.7255859375,8624.7255859375,8624.7255859375,0
2021-10-27,8624.7255859375,8624.7255859375,8624.7255859375,8624.7255859375,0
2021-10-28,8923.341386062735,8993.603652562422,8870.64468618797,8976.0380859375,10579561
2021-10-29,8976.037929158689,8976.037929158689,8870.64453125,8870.64453125,7569987
2021-11-01,8870.64453125,8870.64453125,8870.64453125,8870.64453125,0
2021-11-02,8888.2101174802,8993.603515625,8888.2101174802,8993.603515625,12720840
2021-11-03,9011.168907106341,9608.400799612236,8993.603341089762,9555.7041015625,3255166507
2021-11-04,9608.400130785536,9625.965695579402,9467.874729787269,9503.005859375,13298674
2021-11-05,9503.006817516913,9520.573266729261,9309.785585302836,9380.0478515625,8307587
2021-11-08,9415.178169511253,9555.703572511104,9292.219214202823,9485.4404296875,13590936
2021-11-09,9555.704680749925,9801.623502534989,9555.704680749925,9731.3603515625,20000367
2021-11-10,9766.491643142434,9942.147300911352,9748.925194718147,9836.75390625,12248745
2021-11-11,9836.754636697504,9871.885770860019,9555.704680749925,9731.3603515625,14302809
2021-11-12,9731.359628941256,9889.450603580677,9643.531800056797,9836.75390625,10864361
2021-11-15,9977.279131472242,10346.15780392536,9907.016863442108,10135.3701171875,23148353
2021-11-16,10170.500821080397,10258.329535051143,9801.623046875,9801.623046875,17372842
2021-11-17,9836.753470935691,9836.753470935691,9625.965808293762,9766.4912109375,11333884
2021-11-18,9801.623067143082,10188.066408412244,9801.623067143082,9924.58203125,18065677
2021-11-19,10065.106362880877,10609.640625,10047.540798467184,10609.640625,53637979
2021-11-22,10820.428740819365,11347.3974609375,10820.428740819365,11347.3974609375,33939135
2021-11-23,11347.397845053854,11347.397845053854,11031.216778809525,11171.7421875,15180623
2021-11-24,11206.873742123442,11927.064613227047,11189.308175704873,11768.9736328125,30428394
2021-11-25,11733.842202991618,11768.973334939586,11417.6611328125,11417.6611328125,22251244
2021-11-26,11523.053524786987,11663.578922983923,11013.650390625,11013.650390625,20338937
2021-11-29,10890.692081143108,11400.096169249091,10679.904395669328,11066.3486328125,30286637
2021-11-30,11347.398290102617,11347.398290102617,10715.0361328125,10715.0361328125,20802800
2021-12-01,10750.167257454195,11242.0048828125,10732.601691023357,11242.0048828125,16311593
2021-12-02,11382.529719699447,11417.661736151285,11066.3486328125,11066.3486328125,15646029
2021-12-03,11206.873356190688,11329.832316886315,10890.69140625,10890.69140625,25565172
2021-12-06,10820.429251114367,10960.954661675198,10135.369529594205,10223.1982421875,23173309
2021-12-07,10328.591239860263,10697.469876704145,10205.631400029846,10539.37890625,10885972
2021-12-08,10609.641329776427,10960.954406681927,10416.41922574314,10644.7724609375,16914897
2021-12-09,10469.11760367795,10855.560958573622,10469.11760367795,10802.8642578125,8801036
2021-12-10,10750.166720455714,11031.216651957375,10732.601154902322,10785.2978515625,10707683
2021-12-13,10785.297564705463,10908.256520308863,10539.3787708513,10556.9443359375,15954241
2021-12-14,10539.379910722786,10715.036463230028,10398.8544921875,10398.8544921875,12607897
2021-12-15,10363.722237341939,10837.994259964064,10275.894411910936,10556.9443359375,11751437
2021-12-16,10679.903165962556,10715.03517836922,10363.722115481369,10433.984375,8921954
2021-12-17,10504.248065267086,10609.641460044353,10328.591524657579,10363.72265625,14139955
2021-12-20,10363.723358215542,10539.379910722786,10223.198822327711,10398.8544921875,12810371
2021-12-21,10398.854061911657,10469.117209595732,10293.460664356671,10328.591796875,8188470
2021-12-22,10433.9851976978,10433.9851976978,9766.491914345668,9801.623046875,26353969
2021-12-23,9836.753919325323,9959.712879927009,9344.916311623796,9432.744140625,18442839
2021-12-24,9643.531001640671,10082.671875,9555.703180027735,10082.671875,8723854
2021-12-27,10311.025953339036,10381.288216486251,10082.672715463195,10100.23828125,11708987
2021-12-28,10117.80422576358,10802.863965034065,10065.107526430642,10715.0361328125,22002719
2021-12-29,10715.035860192706,11031.216930793255,10715.035860192706,10750.1669921875,17320616
2021-12-30,10750.1669921875,10943.389100806271,10679.903845550509,10750.1669921875,9762978
2021-12-31,10750.167284809819,11206.873778468616,10609.641870358102,10837.9951171875,18548835
2022-01-03,10837.9951171875,10837.9951171875,10837.9951171875,10837.9951171875,0
2022-01-04,10943.38969178094,11154.176495132799,10890.692108295523,10925.8232421875,17519745
2022-01-05,10890.691797255628,10978.52051212462,10715.0361328125,10715.0361328125,16840803
2022-01-06,10574.510718610569,10908.25736369994,10521.81401927763,10715.0361328125,17388536
2022-01-07,10715.035605907031,10837.994564970788,10627.206895356963,10644.7724609375,10541999
2022-01-10,10574.511044694744,10750.167597201986,10398.8544921875,10398.8544921875,14838965
2022-01-11,10363.722221172678,10539.378754407984,10188.065687937373,10293.4599609375,12165646
2022-01-12,10258.329400092625,10960.954689377773,10188.066253310926,10873.1259765625,14345002
2022-01-13,10996.08524470757,11417.660572696795,10820.4287109375,10820.4287109375,26727014
2022-01-14,10644.772713555714,10890.691520166674,10609.64158156092,10750.1669921875,6908024
2022-01-17,10820.42944089363,11066.348251702691,10188.06640625,10188.06640625,19422532
2022-01-18,10275.894692542042,10504.247927546252,10012.410326406014,10381.2880859375,12273700
2022-01-19,10381.287660806189,10469.116367686385,10082.67217576715,10170.5,8042854
2022-01-20,10082.672309990867,10346.156668844353,9977.278036861058,10152.9345703125,10867706
2022-01-21,10188.065956825545,10539.379032568175,10117.803694735972,10258.3291015625,10282154
2022-01-24,10258.32955408646,10469.117232301003,10082.67300846644,10188.06640625,11915063
2022-01-25,10188.065703832577,10556.9443359375,10170.500138746376,10556.9443359375,11081500
2022-01-26,10679.903575594763,11066.34778306416,10574.510182274409,10785.2978515625,20889500
2022-01-27,10785.297580712959,11066.347505156655,10715.035320263874,10820.4287109375,12801624
2022-01-28,10855.560546875,10996.085959555994,10802.863848112409,10855.560546875,11404891
2022-01-31,10855.560546875,10855.560546875,10855.560546875,10855.560546875,0
2022-02-01,10855.560546875,10855.560546875,10855.560546875,10855.560546875,0
2022-02-02,10855.560546875,10855.560546875,10855.560546875,10855.560546875,0
2022-02-03,10855.560546875,10855.560546875,10855.560546875,10855.560546875,0
2022-02-04,10855.560546875,10855.560546875,10855.560546875,10855.560546875,0
2022-02-07,11031.217526510882,11206.874078618215,10925.8232421875,10925.8232421875,14500137
2022-02-08,10943.38896795424,11171.74220579561,10855.560256386087,11031.216796875,14853887
2022-02-09,11136.609645470568,11417.660449529814,11066.347385779432,11101.478515625,19970266
2022-02-10,10996.086365203724,11119.045333519083,10873.126514240914,11066.3486328125,15003619
2022-02-11,11031.21636192876,11119.044187386586,10925.822088732011,10960.9541015625,10520645
2022-02-14,10715.03557043949,10820.428963573851,10258.3291015625,10258.3291015625,40782070
2022-02-15,10258.3291015625,10258.3291015625,10258.3291015625,10258.3291015625,0
2022-02-16,10469.116632089546,10486.682197379743,10223.197835379407,10275.89453125,11063490
2022-02-17,10328.591817193957,10451.55078125,10258.329552019077,10451.55078125,8052630
2022-02-18,10328.591524657579,10398.853787842423,10258.329261472732,10363.72265625,9632798
2022-02-21,10293.461090271627,10416.420059173479,10135.370104750362,10398.8544921875,15865225
2022-02-22,10240.763561410222,10416.41921706932,10170.5004164992,10381.2880859375,11958027
2022-02-23,10398.853380204862,10504.247653498045,10363.722249989589,10416.4189453125,12426263
2022-02-24,10363.722511292175,10381.288076842697,9836.753779481784,10117.8037109375,38121615
2022-02-25,10258.328965959803,10381.287922991187,10223.197835379407,10275.89453125,10413620
2022-02-28,10293.460249090092,10311.025814640612,10065.107014285937,10117.8037109375,12385871
2022-03-01,10117.803411087247,10152.934541147146,9959.712443170345,10029.9755859375,17501221
2022-03-02,9924.58144811239,9977.278143919062,9590.83482535611,9608.400390625,29533086
2022-03-03,9731.359919291708,9924.58203125,9590.835388883803,9924.58203125,10547659
2022-03-04,10012.410446666314,10012.410446666314,9836.75390625,9836.75390625,9452964
2022-03-07,9731.359210441378,9731.359210441378,9538.137995205101,9625.9658203125,18000073
2022-03-08,9625.965955893891,9696.228216969452,9590.83482535611,9608.400390625,12394619
2022-03-09,9590.834702599226,9661.096962775473,9485.4404296875,9485.4404296875,11090761
2022-03-10,9678.663664493763,9678.663664493763,9467.8759765625,9467.8759765625,10306337
2022-03-11,9467.875119669672,9625.966091971914,9450.309554152465,9590.8349609375,7567928
2022-03-14,9573.269941746408,9608.401074785681,9467.87565998116,9520.5732421875,6067000
2022-03-15,9538.13853554592,9643.531931645395,9520.572969529343,9555.7041015625,5207710
2022-03-16,9625.966503213222,9625.966503213222,9485.441090424649,9538.138671875,9494385
2022-03-17,9643.53208994508,9766.491936726938,9573.269824725403,9661.09765625,8581840
2022-03-18,9784.05722732205,9889.450622181634,9696.228515625,9696.228515625,5998566
2022-03-21,9696.228653455377,9942.1474609375,9696.228653455377,9942.1474609375,8647444
2022-03-22,9994.845041763776,10012.410607823398,9889.450762758632,9942.1474609375,7976477
2022-03-23,9977.278432465137,10012.410446666314,9836.75390625,9836.75390625,6886156
2022-03-24,9836.754608127021,9942.148010308456,9766.492340006065,9871.8857421875,6594409
2022-03-25,9871.885174623527,9907.016306664213,9819.1884765625,9819.1884765625,6107650
2022-03-28,9731.359210441378,9907.015743303531,9590.83469026954,9625.9658203125,8678574
2022-03-29,9643.530980805726,9731.358802228911,9573.268723667179,9678.662109375,4684418
2022-03-30,9731.359785574621,9977.278593056744,9696.228653455377,9942.1474609375,15026517
2022-03-31,10065.107168187045,10082.672734006153,9889.450627348566,9959.712890625,6593637
2022-04-01,9871.88424673425,10346.15625,9836.75311799565,10346.15625,19322196
2022-04-04,10504.248180661754,10504.248180661754,10188.06622756174,10223.1982421875,13304592
2022-04-05,10223.198124405018,10363.722650699447,10100.23828125,10100.23828125,6515941
2022-04-06,10047.541875871919,10275.89512038372,10029.976309574658,10188.06640625,11912747
2022-04-07,10240.763278361901,10363.72223392476,10152.9345703125,10152.9345703125,17752834
2022-04-08,10188.066408412244,10275.895122564605,9924.58203125,9924.58203125,6336365
2022-04-11,9924.58203125,9924.58203125,9924.58203125,9924.58203125,0
2022-04-12,9924.58129593343,9942.146860932979,9696.228068291954,9766.4912109375,8042339
2022-04-13,9766.491643142434,9924.58173513446,9661.097365833688,9836.75390625,8708418
2022-04-14,9836.753760825775,9871.884891860189,9590.8349609375,9590.8349609375,9734678
2022-04-15,9590.834544769634,9661.096803789624,9221.955919620003,9239.521484375,15166730
2022-04-18,9239.522304130776,9380.0477172859,8993.603493094879,9134.12890625,9306576
2022-04-19,9274.652719869755,9309.784732428558,9081.431505356775,9098.9970703125,7926566
2022-04-20,9098.997384018883,9204.390777386887,9028.734239126166,9046.2998046875,8104856
2022-04-21,9028.733502447094,9063.865513350627,8466.633685052906,8747.68359375,12219416
2022-04-22,8835.5126953125,9028.733909431478,8677.421728385987,8835.5126953125,8601650
2022-04-25,8835.513887138579,8923.341723585247,8220.7163840695,8273.4130859375,10403329
2022-04-26,8080.19051861618,8642.291288896104,7974.797120677869,8607.16015625,11288861
2022-04-27,8536.896629431556,8853.078574508756,8413.937670627274,8782.8154296875,6374184
2022-04-28,8782.815952558241,8940.906934508532,8782.815952558241,8853.0791015625,7310913
2022-04-29,8905.775526985595,8940.906659081784,8782.815682001523,8888.2099609375,5783743
2022-05-02,8888.2099609375,8888.2099609375,8888.2099609375,8888.2099609375,0
2022-05-03,8888.2099609375,8888.2099609375,8888.2099609375,8888.2099609375,0
2022-05-04,8870.644693336633,8888.210259975709,8712.5537109375,8712.5537109375,5630666
2022-05-05,8782.81511790543,8853.078260232407,8607.15946870636,8835.5126953125,3790396
2022-05-06,8536.89716920808,8712.553718396675,8431.503769283385,8449.0693359375,5624749
2022-05-09,8273.412039804383,8413.937442997762,8009.927681133241,8080.18994140625,10363709
2022-05-10,7939.666137673264,8501.766035899847,7869.4029884093625,8449.0693359375,8867412
2022-05-11,8466.634358114004,8607.159764957374,8343.675399442514,8519.3310546875,3790910
2022-05-12,8431.503660261602,8449.069226688589,8009.928300719036,8062.625,7498208
2022-05-13,8045.058934075529,8185.58433941399,7553.22133936197,7799.14013671875,12576253
2022-05-16,8045.05869825955,8062.624263081056,7728.877648825093,7904.5341796875,6310380
2022-05-17,8045.058736483584,8431.5029296875,7746.443250451839,8431.5029296875,6470661
2022-05-18,8431.5029296875,8554.46188402225,8290.977527800434,8431.5029296875,7326350
2022-05-19,8308.544203983092,8572.02859544626,8168.019665948053,8536.8974609375,7999632
2022-05-20,8536.896349095852,8677.421751476391,8431.50295929596,8554.4619140625,5972581
2022-05-23,8642.291034088614,8659.856599893767,8308.543518495928,8501.765625,6137493
2022-05-24,8466.634475301358,8642.291015625,8378.806646463232,8642.291015625,6046419
2022-05-25,8642.291174752947,9011.1689453125,8642.291174752947,9011.1689453125,8615800
2022-05-26,8888.210252812893,9063.866801709544,8888.210252812893,8976.0380859375,4834408
2022-05-27,8958.471935410009,9081.43177641752,8888.209673489933,9063.8662109375,4303397
2022-05-30,9169.259466711825,9169.259466711825,9028.734062325539,9081.431640625,5067497
2022-05-31,9081.431936675031,9169.259765625,9028.734356657658,9169.259765625,5769851
2022-06-01,9169.25962978274,9292.219471138444,8993.603091837756,9186.8251953125,6060826
2022-06-02,9186.8251953125,9186.8251953125,9186.8251953125,9186.8251953125,0
2022-06-03,9098.997358072322,9134.12848909481,8853.078558267523,8923.3408203125,2855210
2022-06-06,8853.07882884131,9046.300055370353,8782.815682001523,8888.2099609375,4091405
2022-06-07,8888.2099609375,8976.037791177974,8712.553417809144,8888.2099609375,3967914
2022-06-08,8958.472494724674,9221.956876022761,8800.38151288685,9116.5634765625,6834702
2022-06-09,9046.299762810102,9134.128472857576,9028.734197330084,9063.8662109375,2225407
2022-06-10,9063.865940401049,9274.652719869755,8958.471668019345,9098.9970703125,8347207
2022-06-13,8782.815680340454,8993.603355525136,8607.160019892726,8624.7255859375,5734604
2022-06-14,8466.633685052906,8888.208989422203,8466.633685052906,8747.68359375,7020967
2022-06-15,8782.815819480518,8782.815819480518,8413.938044049008,8607.16015625,8313762
2022-06-16,8642.29103928993,8958.472106620362,8572.027893379638,8765.25,5664112
2022-06-17,8572.027869907108,8694.987712927874,8396.372212230857,8642.291015625,5251961
2022-06-20,8642.290279965406,8642.290279965406,8220.71497213347,8343.6748046875,4948894
2022-06-21,8150.453019631903,8431.502941140448,8150.453019631903,8290.9775390625,4278699
2022-06-22,8290.9775390625,8466.634070998098,8290.9775390625,8290.9775390625,4040207
2022-06-23,8290.977810696135,8326.10894170477,8168.018852165912,8255.8466796875,2565007
2022-06-24,8431.503008066013,8431.503008066013,8080.18994140625,8080.18994140625,5771137
2022-06-27,8115.322558741004,8238.281523378599,8080.1905433399825,8203.150390625,3262473
2022-06-28,8185.584427074647,8642.29089600637,8150.45329602565,8519.3310546875,5555028
2022-06-29,8290.977426071651,8677.421614533969,8290.977426071651,8572.02734375,3594354
2022-06-30,8642.290591194422,8730.118415719244,8431.5029296875,8431.5029296875,6174283
2022-07-01,8396.372477725956,8607.16015625,8238.281498171069,8607.16015625,5273572
2022-07-04,8677.422284071818,8712.553416161363,8589.594453847954,8624.7255859375,2697502
2022-07-05,8589.5939150301,8765.2495644591,8589.5939150301,8694.9873046875,5726114
2022-07-06,8607.159878092403,8659.85657535856,8255.84679768991,8378.806640625,7918848
2022-07-07,8378.806234972606,8501.765189307358,8361.240670067642,8431.5029296875,2592020
2022-07-08,8449.069222576498,8484.200355413377,8326.109375,8326.109375,2869360
2022-07-11,8238.281686940933,8308.543953843113,8045.0595703125,8045.0595703125,3907455
2022-07-12,8045.0595703125,8045.0595703125,8045.0595703125,8045.0595703125,0
2022-07-13,8255.847109326243,8431.50365615806,8220.715976489366,8326.109375,3300549
2022-07-14,8326.109375,8343.675824065864,8168.019277234049,8326.109375,4125622
2022-07-15,8326.10866892015,8413.937376211623,8273.411974133674,8290.9775390625,4029659
2022-07-18,8413.937651873737,8413.937651873737,8255.8466796875,8255.8466796875,2025506
2022-07-19,8255.84597174613,8273.411535744195,8168.018151755805,8220.71484375,2183986
2022-07-20,8361.241074869615,8413.93777213577,8308.543494956066,8378.806640625,3391623
2022-07-21,8431.503769283385,8572.028302516312,8431.503769283385,8449.0693359375,5725343
2022-07-22,8449.069041143706,8501.76573926743,8361.2412109375,8361.2412109375,2956833
2022-07-25,8273.411974133674,8361.24068142515,8273.411974133674,8290.9775390625,2040171
2022-07-26,8290.9775390625,8343.675116496324,8255.84640920485,8290.9775390625,2117867
2022-07-27,8290.977794840768,8396.3720703125,8238.281098428592,8396.3720703125,1782126
2022-07-28,8484.19952030281,8607.159355776215,8413.937261545057,8572.02734375,7121046
2022-07-29,8659.855742048383,8659.855742048383,8484.19921875,8484.19921875,4573276
2022-08-01,8501.76534018568,8712.55300543339,8501.76534018568,8677.421875,6292628
2022-08-02,8642.291308807391,8800.381406079088,8642.291308807391,8730.119140625,5758016
2022-08-03,8712.55357426148,8747.684706988523,8642.291308807391,8730.119140625,4703713
2022-08-04,8782.814722006224,8905.774553550315,8677.421337237554,8747.68359375,5775253
2022-08-05,8712.55300543339,8712.55300543339,8607.15961413322,8677.421875,4292335
2022-08-08,8747.684298600561,8817.94744342182,8677.422036426688,8782.8154296875,5998051
2022-08-09,8782.81511790543,8853.078260232407,8747.683988065615,8835.5126953125,7934799
2022-08-10,8835.513853028006,8853.079420249525,8747.685134272942,8800.3818359375,5078045
2022-08-11,8888.2099609375,8993.60335722607,8870.644394889405,8888.2099609375,12338019
2022-08-12,8923.3408203125,8940.906385823744,8870.644123778768,8923.3408203125,3824613
2022-08-15,8993.602695157693,9239.521484375,8940.906000892703,9239.521484375,12408511
2022-08-16,9239.522324273243,9274.653456976755,9134.128926162706,9257.087890625,5996508
2022-08-17,9257.08786813001,9415.178847559071,9257.08786813001,9397.61328125,12083833
2022-08-18,9432.743298607244,9450.308862839487,9309.78434898154,9415.177734375,12897844
2022-08-19,9274.652749724304,9380.047022445266,9221.9560546875,9221.9560546875,9844019
2022-08-22,9186.82604949174,9186.82604949174,8940.9072265625,8940.9072265625,7079368
2022-08-23,8940.906545871605,9046.299940825678,8800.381136618778,9028.734375,6402484
2022-08-24,9134.128200223951,9169.2593301354,9028.733927842246,9098.9970703125,4013451
2022-08-25,9028.734471078664,9292.2197265625,9028.734471078664,9292.2197265625,5598764
2022-08-26,9380.046885062322,9380.046885062322,9239.521484375,9239.521484375,5360787
2022-08-29,9098.99790998579,9134.12904313921,8888.210228417835,9116.5634765625,7239906
2022-08-30,9134.128095845015,9257.087049129997,9098.99696633502,9239.521484375,4199202
2022-08-31,9186.82573670099,9380.0478515625,9134.129037006242,9380.0478515625,6138780
2022-09-01,9380.0478515625,9380.0478515625,9380.0478515625,9380.0478515625,0
2022-09-02,9380.0478515625,9380.0478515625,9380.0478515625,9380.0478515625,0
2022-09-05,9327.350901238678,9380.04759951745,9151.694357662036,9274.6533203125,3395997
2022-09-06,9274.65356952557,9432.744551257249,9204.391303265906,9380.0478515625,5195104
2022-09-07,9397.61300354231,9573.26954408964,9169.259765625,9169.259765625,11706415
2022-09-08,9485.440394340329,9485.440394340329,8958.4716796875,8958.4716796875,4944006
2022-09-09,9134.128472857576,9134.128472857576,8782.81539796244,9063.8662109375,4253229
2022-09-12,9274.653319325727,9274.653319325727,9011.1689453125,9011.1689453125,2740724
2022-09-13,9134.128200223951,9134.128200223951,8958.471668019345,9098.9970703125,1912306
2022-09-14,8853.0791015625,8940.906934508532,8817.947968384087,8853.0791015625,4973335
2022-09-15,9063.865921918641,9063.865921918641,8800.380682825336,8835.5126953125,2596651
2022-09-16,8888.209705595695,8958.471967769568,8782.8154296875,8782.8154296875,2541595
2022-09-19,8888.210100066251,8888.210100066251,8536.897008310372,8607.16015625,3436903
2022-09-20,8747.684844215655,8747.684844215655,8501.766028621136,8712.5537109375,1730672
2022-09-21,8765.249701083476,8765.249701083476,8554.462035835768,8677.421875,2105003
2022-09-22,8624.725179349914,8677.421875,8536.896470619073,8677.421875,1708804
2022-09-23,8607.160612602487,8712.554016128768,8536.8974609375,8536.8974609375,2145395
2022-09-26,8484.200053762057,8484.200053762057,8185.584552618287,8238.28125,6743370
2022-09-27,8255.847065708425,8563.245800378178,8255.847065708425,8475.41796875,3281151
2022-09-28,8255.846107615806,8453.45936783171,8255.846107615806,8409.5458984375,1783824
2022-09-29,8409.5458984375,8497.373719873241,8387.588281093076,8409.5458984375,2847904
2022-09-30,8146.06066883564,8519.330454570347,8146.06066883564,8409.5458984375,4755425
2022-10-03,8168.01864939487,8409.546272392538,8036.276470059299,8080.18994140625,2852226
2022-10-04,8102.148242943764,8343.67588630834,8036.277147721374,8124.10498046875,4587272
2022-10-05,8343.67588630834,8365.632623833326,8124.10498046875,8124.10498046875,3134608
2022-10-06,8058.234084923688,8343.676093058719,7904.535153145371,7970.40625,2878570
2022-10-07,7706.921190895778,7904.534464236965,7465.393562596313,7663.0068359375,6564566
2022-10-10,7553.221679466129,7575.17841646343,7179.952295951248,7421.4794921875,6795699
2022-10-11,7333.651068046444,7465.393693914985,6982.338428818959,7114.0810546875,9350724
2022-10-12,7157.994974828958,7465.393699895657,7048.209526737838,7377.5654296875,4203627
2022-10-13,7597.135884546043,7619.092621105309,7311.694337362307,7377.5654296875,3096943
2022-10-14,7575.178117995824,7663.006827819335,7399.522022319867,7465.3935546875,2103254
2022-10-17,7377.565426786075,7421.479341211034,7092.123879714597,7245.8232421875,2914177
2022-10-18,7443.436080688996,7443.436080688996,7245.823245037114,7377.5654296875,2307837
2022-10-19,7465.393501377053,7531.264591950612,7289.736965631772,7333.65087890625,1355929
2022-10-20,7465.393699895657,7465.393699895657,6828.639513202993,7377.5654296875,5380494
2022-10-21,7465.39369695969,7465.39369695969,7114.0810575889245,7245.8232421875,3749387
2022-10-24,7245.823541045976,7289.737457282192,6916.467624641353,7004.2958984375,4570189
2022-10-25,6982.3385730496375,7245.823388905697,6762.768555155145,7026.2529296875,3488203
2022-10-26,7026.253077217466,7070.166993453682,6850.596529625172,7004.2958984375,1894349
2022-10-27,7004.295751817903,7289.7373046875,6872.553564543274,7289.7373046875,4477365
2022-10-28,7311.694334486787,7377.565426786075,7157.994972013884,7245.8232421875,2871161
2022-10-31,7157.994778170509,7289.736959201416,7026.252597139602,7201.90869140625,3205821
2022-11-01,7245.823389370526,7487.350585599444,7201.909032729846,7289.7373046875,7190252
2022-11-02,7289.736811840126,7311.693988675977,7136.0374566365235,7223.86572265625,3695256
2022-11-03,7070.166845001658,7223.866210586766,7026.2529296875,7026.2529296875,3894488
2022-11-04,6894.510741944568,7026.252929201635,6543.198095484486,6762.7685546875,14509965
2022-11-07,6894.510689639159,6894.510689639159,6301.67041015625,6301.67041015625,10062237
2022-11-08,5862.5290460982205,6367.541015625,5862.5290460982205,6367.541015625,13261884
2022-11-09,6323.627590120314,6587.111962711068,6323.627590120314,6499.28369140625,8910479
2022-11-10,6367.541212112679,6477.326656522924,6104.056851645983,6411.45556640625,7863483
2022-11-11,6411.455861425134,6565.154784553938,6411.455861425134,6499.28369140625,4539522
2022-11-14,6060.142938676095,6455.369479376139,6060.142938676095,6411.45556640625,13680930
2022-11-15,6367.541148425704,6411.455502280051,5994.271788605817,6147.970703125,7532528
2022-11-16,5972.314678045284,6543.19775390625,5730.787053133459,6543.19775390625,8186206
2022-11-17,6455.369637005698,6828.639450997276,6455.369637005698,6718.85400390625,8111494
2022-11-18,6718.8539997755315,6718.8539997755315,6323.627449667686,6587.11181640625,4988823
2022-11-21,6718.854149006446,6718.854149006446,6433.412598258561,6499.28369140625,2612242
2022-11-22,6587.111962094368,6674.940233390964,6411.455860824878,6433.41259765625,3047959
2022-11-23,6587.111962094368,6587.111962094368,6411.455860824878,6433.41259765625,1933660
2022-11-24,6543.198047720511,6543.198047720511,6323.627590120314,6499.28369140625,1878501
2022-11-25,6565.15478515625,6565.15478515625,6477.3269551670755,6565.15478515625,1946215
2022-11-28,6587.111822421859,6828.639453035243,6587.111822421859,6784.72509765625,3610048
2022-11-29,6806.682275345746,6916.467281145844,6587.111822421859,6784.72509765625,3795490
2022-11-30,6806.6824701196965,6916.4674790613035,6652.983104542482,6828.6396484375,4187779
2022-12-01,7026.253077217466,7092.124172233647,6872.5537084051375,7004.2958984375,6552834
2022-12-02,7070.166701840269,7245.8232421875,7070.166701840269,7245.8232421875,4685653
2022-12-05,7509.3071270784985,7531.26474615084,7311.694292635447,7443.43603515625,8049543
2022-12-06,7663.006766338109,7663.006766338109,7201.90869140625,7201.90869140625,11238281
2022-12-07,7179.952095634587,7245.8231874361345,6960.381642521529,6982.33837890625,3231137
2022-12-08,7157.994972013884,7355.608248911747,7114.0810575889245,7245.8232421875,9394769
2022-12-09,7465.393699895657,7465.393699895657,7245.823245037114,7377.5654296875,5822386
2022-12-12,7531.2647861874075,7531.2647861874075,7114.0810546875,7114.0810546875,7935314
2022-12-13,7377.565077859853,7377.565077859853,7070.166367452648,7223.86572265625,7680923
2022-12-14,7311.693988675977,7311.693988675977,7201.9085458204,7223.86572265625,4972563
2022-12-15,7333.650733293139,7377.565087019361,7223.8657316249355,7355.60791015625,11057779
2022-12-16,7355.608113971847,7663.006833278371,7355.608113971847,7597.1357421875,12369046
2022-12-19,7684.963374576985,7860.619907248065,7619.09228515625,7619.09228515625,8894631
2022-12-20,7641.050238822982,7684.963711932957,7179.952151312786,7311.6943359375,13058742
2022-12-21,7465.393699895657,7465.393699895657,7245.823245037114,7377.5654296875,4710968
2022-12-22,7465.393504581771,7531.264595183607,7333.650882054414,7399.52197265625,2682632
2022-12-23,7421.479199775744,7465.3935546875,7355.608108731799,7465.3935546875,2680368
2022-12-26,7465.394002225244,7553.221834666509,7092.124169716867,7136.0380859375,4250965
2022-12-27,7201.908884983695,7245.823240723478,7114.081056151522,7179.9521484375,4427557
2022-12-28,7201.908883501599,7245.823239232345,7026.252784549704,7114.0810546875,2429476
2022-12-29,7004.295556614663,7201.908832019308,6982.33837890625,6982.33837890625,2801595
2022-12-30,6982.338719657535,7004.2958984375,6872.5537084051375,7004.2958984375,3140371
2023-01-02,7004.2958984375,7004.2958984375,7004.2958984375,7004.2958984375,0
2023-01-03,7070.166701840269,7245.8232421875,6982.338431666653,7245.8232421875,1947656
2023-01-04,7377.565425295435,7377.565425295435,7179.9521484375,7179.9521484375,3364507
2023-01-05,7201.90869140625,7245.823045965675,7157.994778170509,7201.90869140625,4173166
2023-01-06,7201.9085458204,7421.478990207878,7179.951810308225,7223.86572265625,3524427
2023-01-09,7289.736820890593,7399.521822558797,7267.7796440274815,7355.60791015625,2509333
2023-01-10,7399.521822558797,7399.521822558797,7245.822908488047,7355.60791015625,2095844
2023-01-11,7355.608056205332,7421.479146778891,7289.736965631772,7333.65087890625,5245889
2023-01-12,7333.651220004474,7421.479491962129,7289.7373046875,7289.7373046875,1547751
2023-01-13,7377.565428249856,7443.436079238517,7289.737158058815,7311.6943359375,4067170
2023-01-16,7399.522313866493,7465.393848829513,7333.651220227178,7421.4794921875,4793913
2023-01-17,7509.307130702214,7575.17822265625,7465.393657831116,7575.17822265625,3960762
2023-01-18,7641.050099782049,7794.749018164957,7575.178126020943,7663.0068359375,4991910
2023-01-19,7728.878223832044,7816.706054473719,7641.050393190368,7684.9638671875,5988481
2023-01-20,7684.9638671875,7684.9638671875,7684.9638671875,7684.9638671875,0
2023-01-23,7684.9638671875,7684.9638671875,7684.9638671875,7684.9638671875,0
2023-01-24,7684.9638671875,7684.9638671875,7684.9638671875,7684.9638671875,0
2023-01-25,7684.9638671875,7684.9638671875,7684.9638671875,7684.9638671875,0
2023-01-26,7684.9638671875,7684.9638671875,7684.9638671875,7684.9638671875,0
2023-01-27,7882.5770466964605,7904.5346660599225,7750.834861105289,7772.79248046875,3183799
2023-01-30,7860.619932725491,8036.2764659659,7772.792107428966,8014.31884765625,7752136
2023-01-31,8014.319048299428,8189.9755859375,7926.491220804081,8189.9755859375,7282870
2023-02-01,8211.931748673616,8563.244799416003,8211.931748673616,8343.6748046875,11158836
2023-02-02,8343.675887832886,8365.632625361884,8058.23388671875,8058.23388671875,5061682
2023-02-03,8124.104786436917,8146.0615234375,7816.706055191699,8146.0615234375,5133101
2023-02-06,8036.277147721374,8124.10498046875,7926.491694801578,8124.10498046875,3519076
2023-02-07,8124.1041812799995,8168.018534657437,7904.5341796875,7904.5341796875,2257412
2023-02-08,7816.705957614223,8080.190328921736,7772.792484161238,8036.27685546875,3718925
2023-02-09,8036.2766597182035,8102.14775094057,7816.705767212064,7992.3623046875,3529367
2023-02-10,7904.535153145371,8036.27734685463,7860.620794359799,7970.40625,3285061
2023-02-13,7904.534474752839,7926.4912109375,7663.006846132055,7926.4912109375,3917540
2023-02-14,7904.534269907902,7992.362095017877,7750.83447265625,7750.83447265625,3060102
2023-02-15,7750.834476876067,7926.491009839007,7728.877741248458,7816.70556640625,3728393
2023-02-16,7794.749504356797,8124.10498046875,7794.749504356797,8124.10498046875,6115882
2023-02-17,8014.319237007971,8102.14794921875,7948.448144173589,8102.14794921875,4110803
2023-02-20,8102.147760862877,8255.8466796875,8036.276669559841,8255.8466796875,5777106
2023-02-21,8255.846100678245,8343.6748046875,8168.018279316307,8343.6748046875,7188812
2023-02-22,8299.761528610936,8343.67588630834,8124.10498046875,8124.10498046875,3935858
2023-02-23,8058.2333933402215,8058.2333933402215,7728.877937333416,7926.4912109375,6166719
2023-02-24,7838.663674119696,7992.362598404482,7684.9638671875,7684.9638671875,3248631
2023-02-27,7684.963866744759,7684.963866744759,7421.4794921875,7421.4794921875,4056879
2023-02-28,7465.3933620905145,7663.006630124196,7465.3933620905145,7487.35009765625,2507686
2023-03-01,7487.350489922945,7816.705953900874,7311.694389575949,7772.79248046875,3160335
2023-03-02,7728.877648825093,7904.5341796875,7706.920913460047,7904.5341796875,3794049
2023-03-03,7904.534274211398,7926.491009839007,7641.049916090666,7816.70556640625,2552349
2023-03-06,7838.663090945016,8014.318739160077,7684.963295447656,7904.5341796875,6404439
2023-03-07,7860.620599579188,8168.019338166155,7860.620599579188,8124.10498046875,7205277
2023-03-08,7904.534199071432,8168.0185546875,7904.534199071432,8168.0185546875,4225855
2023-03-09,8124.10498046875,8211.932813216126,7992.362790023969,8124.10498046875,2465288
2023-03-10,7992.362790023969,8124.10498046875,7926.491694801578,8124.10498046875,3038491
2023-03-13,7992.362500278978,8168.0190420531335,7948.448144173589,8102.14794921875,5657731
2023-03-14,7970.4055659542,8102.1477483569215,7926.4912109375,7926.4912109375,3670147
2023-03-15,8014.319527548955,8211.932813216126,8014.319527548955,8124.10498046875,3335281
2023-03-16,8124.10468215191,8211.932511674253,7728.878125330272,7838.66357421875,4360254
2023-03-17,7992.362790023969,8124.10498046875,7860.620599579188,8124.10498046875,6154370
2023-03-20,7948.447745466616,7970.405363741581,7728.877741248458,7816.70556640625,5986423
2023-03-21,7904.534664085273,7904.534664085273,7619.092673610774,7641.05029296875,10512567
2023-03-22,7772.792090919261,7816.705562150571,7641.049911930619,7750.83447265625,6928452
2023-03-23,7750.83447265625,7794.748826534916,7684.963383161929,7750.83447265625,3787051
2023-03-24,7772.792292350116,7992.36230213886,7772.792292350116,7926.4912109375,2834937
2023-03-27,7992.3623046875,8014.3190408791625,7860.620122242767,7992.3623046875,2603598
2023-03-28,7992.362988069059,8036.27734685463,7882.577532428858,7970.40625,4468721
2023-03-29,7992.362598834406,8058.233692481058,7926.491505187752,7948.4482421875,2201635
2023-03-30,8036.276955885857,8299.761330485733,8036.276955885857,8211.9326171875,11913982
2023-03-31,8211.93233173417,8519.331052297737,8211.93233173417,8453.4599609375,11585702
2023-04-03,8541.288377047847,8563.245112529346,8343.67510977231,8497.3740234375,6035613
2023-04-04,8431.502633134605,8475.416985176136,8365.63154639597,8409.5458984375,4632140
2023-04-05,8475.417586846219,8651.0732421875,8431.503231687208,8651.0732421875,9694852
2023-04-06,8651.072946442704,8826.729478426389,8585.20185727974,8629.1162109375,10676192
2023-04-07,8563.245799743563,8629.11689412167,8431.503610987349,8541.2890625,5531565
2023-04-10,8563.24541451686,8673.030861090696,8563.24541451686,8651.0732421875,7678864
2023-04-11,8607.159767334724,8651.073239834408,8475.417584540906,8585.2021484375,4655192
2023-04-12,8585.20185727974,8651.072946442704,8585.20185727974,8629.1162109375,6076365
2023-04-13,8629.116505931685,8651.0732421875,8475.417586846219,8651.0732421875,5034309
2023-04-14,8673.031549031974,8673.031549031974,8563.24609375,8563.24609375,4909994
2023-04-17,8497.37470599519,8563.245800378178,8475.41796875,8475.41796875,2896271
2023-04-18,8475.417287956001,8519.330758918999,8387.588580735308,8497.3740234375,4387628
2023-04-19,8497.374013974477,8497.374013974477,8365.6318359375,8365.6318359375,2481136
2023-04-20,8365.631840632046,8475.417283273586,8343.675105162678,8431.5029296875,1882205
2023-04-21,8431.503217378055,8431.503217378055,8255.8466796875,8255.8466796875,3445393
2023-04-24,8387.589556546505,8431.503915265845,8189.976266280662,8233.890625,2561817
2023-04-25,8233.890434893032,8277.803909951028,8036.277149189752,8058.23388671875,3081095
2023-04-26,8058.234069852272,8299.76171875,8036.27733182428,8299.76171875,2923645
2023-04-27,8299.760452682873,8365.631539366155,8189.975013994962,8343.6748046875,1980175
2023-04-28,8343.675389856468,8387.58886229357,8255.8466796875,8255.8466796875,2422889
2023-05-01,8255.8466796875,8255.8466796875,8255.8466796875,8255.8466796875,0
2023-05-02,8255.8466796875,8255.8466796875,8255.8466796875,8255.8466796875,0
2023-05-03,8255.8466796875,8255.8466796875,8255.8466796875,8255.8466796875,0
2023-05-04,8211.932324603016,8321.717770990535,8211.932324603016,8255.8466796875,1668360
2023-05-05,8255.846393357568,8365.6318359375,8189.975304339079,8365.6318359375,2718650
2023-05-08,8387.588576101414,8519.330754212322,8365.631840632046,8431.5029296875,5050568
2023-05-09,8475.41727851743,8519.330749431525,8365.6318359375,8365.6318359375,2529297
2023-05-10,8431.502633134605,8431.502633134605,8343.674811698864,8409.5458984375,2009401
2023-05-11,8431.5029296875,8475.417283273586,8387.588576101414,8431.5029296875,2615329
2023-05-12,8519.3310546875,8519.3310546875,8431.503227065008,8519.3310546875,3045489
2023-05-15,8519.3310546875,8629.116501201152,8519.3310546875,8519.3310546875,5514070
2023-05-16,8563.24609375,8585.202831747414,8519.33173510772,8563.24609375,3264891
2023-05-17,8563.24579911866,8607.16015625,8541.2890618767,8607.16015625,3846944
2023-05-18,8607.159764957374,8607.159764957374,8497.374318443723,8519.3310546875,3999455
2023-05-19,8585.202146066214,8585.202146066214,8453.459963308786,8519.3310546875,3043431
2023-05-22,8475.417968121894,8563.245799743563,8475.417968121894,8541.2890625,3759883
2023-05-23,8563.24609375,8585.202831747414,8497.374997110306,8563.24609375,3623838
2023-05-24,8563.24609375,8563.24609375,8563.24609375,8563.24609375,0
2023-05-25,8563.24609375,8563.24609375,8497.374997110306,8563.24609375,3435514
2023-05-26,8585.202831747414,8585.202831747414,8519.33173510772,8563.24609375,2481136
2023-05-29,9981.89839935239,10142.896034467194,9981.89839935239,10089.23046875,4114749
2023-05-30,10142.896034467194,10142.896034467194,9981.89839935239,10089.23046875,4144996
2023-05-31,10008.731728524435,10035.564042608741,9847.733154202466,9874.56640625,3478503
2023-06-01,9874.566367692201,9981.8984375,9713.567793998893,9981.8984375,4425445
2023-06-02,10035.563688078602,10250.228758912084,10008.731374942214,10223.3955078125,8764447
2023-06-05,10303.894323148057,10357.560825347227,10169.72900561333,10223.3955078125,5740175
2023-06-06,10196.562462647133,10303.89453125,10142.89595936409,10303.89453125,6296778
2023-06-07,10303.894568996055,10303.894568996055,10169.72924826018,10196.5625,3363782
2023-06-08,10250.22854287156,10250.22854287156,10035.5634765625,10035.5634765625,3904994
2023-06-09,10008.731197181532,10062.396760464377,9874.565882029658,9928.2314453125,4138195
2023-06-12,10035.564042608741,10035.564042608741,9847.733154202466,9874.56640625,4640749
2023-06-13,9901.398681671733,9981.8984375,9874.566367692201,9981.8984375,2034913
2023-06-14,9928.231691447761,10116.063512502282,9928.231691447761,10008.7314453125,4083966
2023-06-15,10008.7314453125,10035.563758637543,9928.231691447761,10008.7314453125,3096755
2023-06-16,10008.731689442755,10169.729325172839,9981.8984375,9981.8984375,6283355
2023-06-19,9928.23123406807,9981.897734172222,9847.732421875,9847.732421875,4097926
2023-06-20,9847.732598750645,10035.5634765625,9767.232847148556,10035.5634765625,4635201
2023-06-21,9955.064942736008,10008.7314453125,9874.56612683447,10008.7314453125,2943555
2023-06-22,10008.7314453125,10008.7314453125,10008.7314453125,10008.7314453125,0
2023-06-23,10035.563758637543,10116.063512502282,9955.064942736008,10008.7314453125,3666603
2023-06-26,10008.731651192598,10142.896034467194,9981.89839935239,10089.23046875,3479577
2023-06-27,10062.39672709653,10089.229977630559,10008.731163991646,10035.5634765625,3159038
2023-06-28,10035.563234488232,10089.229734261768,9981.897672677851,10062.396484375,3418190
2023-06-29,10062.396546365291,10089.229796417367,9820.899171822924,9847.732421875,5424289
2023-06-30,9928.231933614488,10062.397255365042,9820.899863806691,9981.8984375,5446124
2023-07-03,10008.731442624156,10062.397007223031,9901.3984375,9901.3984375,3310269
2023-07-04,9928.231203156469,10035.563265067436,9901.39795318794,9955.064453125,2983287
2023-07-05,10008.731442624156,10008.731442624156,9901.3984375,9901.3984375,5031445
2023-07-06,9901.398720717123,9928.231972765694,9713.567832303588,9767.2333984375,7277367
2023-07-07,9767.232671718772,9874.565671927076,9740.400359629855,9847.732421875,3912690
2023-07-10,9874.565671927076,9928.23123406807,9794.065921770847,9847.732421875,5821070
2023-07-11,9847.733115749446,9981.8984375,9847.733115749446,9981.8984375,4959856
2023-07-12,10008.73095306206,10008.73095306206,9901.39795318794,9955.064453125,2616394
2023-07-13,9955.065185557243,10008.731689442755,9901.398681671733,9981.8984375,3009238
2023-07-14,10035.563443987949,10142.8955078125,9955.064630610328,10142.8955078125,8279432
2023-07-17,10196.562008706362,10196.562008706362,10089.22994488181,10142.8955078125,5246391
2023-07-18,10169.72875825943,10169.72875825943,10089.22994488181,10142.8955078125,6043533
2023-07-19,10430.010395973468,10430.010395973468,10306.578187079596,10399.15234375,5163425
2023-07-20,10460.868510093946,10491.7265625,10399.152405281835,10491.7265625,7274675
2023-07-21,10491.726000117056,10615.158203125,10368.293797109112,10615.158203125,5940320
2023-07-24,10676.874653322271,10676.874653322271,10553.442446283187,10646.0166015625,3583334
2023-07-25,10584.300152373014,10676.874304628973,10522.584050869042,10615.158203125,5702365
2023-07-26,10615.158203125,10615.158203125,10522.584050869042,10615.158203125,4614681
2023-07-27,10615.158203125,10954.595823433663,10553.442101621027,10615.158203125,11434611
2023-07-28,10646.0166015625,10676.874653322271,10584.300498042958,10646.0166015625,4417967
2023-07-31,10615.158269044165,10738.59047281861,10615.158269044165,10707.732421875,4674909
2023-08-01,10862.02211451146,10892.880166522917,10738.590844428847,10831.1640625,6960306
2023-08-02,10831.164038175755,10831.164038175755,10707.73276837034,10738.5908203125,2308118
2023-08-03,10738.590406132944,10831.16362042572,10615.158203125,10615.158203125,3491358
2023-08-04,10646.016886420897,10707.732991591794,10584.30078125,10584.30078125,4827424
2023-08-07,10676.874370931388,10800.305636742645,10646.016319987777,10707.732421875,4867732
2023-08-08,10738.59047281861,10800.305636742645,10676.874370931388,10707.732421875,5412430
2023-08-09,10738.590123316086,10738.590123316086,10584.29987361962,10676.8740234375,3868756
2023-08-10,10707.732355380958,10769.44845688493,10584.300152373014,10615.158203125,3073497
2023-08-11,10646.016186602954,10646.016186602954,10460.867883261022,10522.583984375,4251601
2023-08-14,10522.584676079103,10584.30078125,10491.726623493654,10584.30078125,3256049
2023-08-15,10615.158136045966,10646.016186602954,10491.725933818012,10522.583984375,2815777
2023-08-16,10553.442728664551,10615.158833835449,10491.726623493654,10584.30078125,2739052
2023-08-17,10584.30078125,10646.016886420897,10491.726623493654,10584.30078125,3959020
2023-08-18,10553.441977305309,10553.441977305309,9967.13901992401,9997.9970703125,7407892
2023-08-21,9874.565806721714,10183.145372643436,9874.565806721714,9997.9970703125,7309069
2023-08-22,9997.997480877335,10121.4296875,9781.992057250882,10121.4296875,4905394
2023-08-23,10028.855403778494,10121.429557556989,9905.424136703701,9936.28125,3031789
2023-08-24,9936.28096953552,10121.429271866456,9905.423857110203,9997.9970703125,3351604
2023-08-25,9936.281314371769,10090.571571668821,9936.281314371769,10028.85546875,2744032
2023-08-28,9967.139709616215,10059.7138671875,9967.139709616215,10059.7138671875,2844724
2023-08-29,9997.9970703125,10059.713171089477,9936.28096953552,9997.9970703125,4598807
2023-08-30,10028.855187872161,10090.5712890625,9997.99713727699,10090.5712890625,3719664
2023-08-31,10059.713769291851,10399.15234375,10059.713769291851,10399.15234375,5999459
2023-09-01,10399.15234375,10399.15234375,10399.15234375,10399.15234375,0
2023-09-04,10399.15234375,10399.15234375,10399.15234375,10399.15234375,0
2023-09-05,10430.010176515763,10584.300434386685,10337.436021793212,10553.4423828125,7959594
2023-09-06,10553.442101621027,10615.158203125,10460.86794936507,10615.158203125,5742517
2023-09-07,10615.157923558914,10707.732073376792,10584.29987361962,10676.8740234375,6963107
2023-09-08,10615.158269044165,10707.732421875,10553.442167156942,10707.732421875,8844650
2023-09-11,10769.44874383179,10800.305857442767,10553.4423828125,10553.4423828125,12572096
2023-09-12,10584.300560601707,10738.5908203125,10491.726404775232,10738.5908203125,10467694
2023-09-13,10738.590192050693,10800.305354361142,10646.016041640274,10769.4482421875,12497395
2023-09-14,10769.448551004023,10862.021766105838,10676.874397939016,10800.3056640625,10642776
2023-09-15,10831.163293794787,11108.8857421875,10800.305243973375,11108.8857421875,15769007
2023-09-18,11108.885886145366,11139.743936366664,10800.305383932407,10862.021484375,18351186
2023-09-19,10892.880229061378,10923.73828125,10707.732853892878,10923.73828125,17026014
2023-09-20,10923.73834291158,11108.88665708842,10862.022238185966,11016.3125,13595662
2023-09-21,11016.31237456875,11016.31237456875,10831.1640625,10831.1640625,13569983
2023-09-22,10769.448896440304,10862.02211451146,10553.442532360097,10831.1640625,11076667
2023-09-25,10769.448872254658,10862.022090117915,10646.016664486024,10738.5908203125,13617605
2023-09-26,10676.874716428183,10800.305986233598,10553.44250865955,10738.5908203125,14604131
2023-09-27,10646.016664486024,10738.5908203125,10553.44250865955,10738.5908203125,10017774
2023-09-28,10707.732073376792,10738.590123316086,10430.009623923155,10676.8740234375,18629138
2023-09-29,10707.732421875,10738.59047281861,10615.158269044165,10707.732421875,16160100
2023-10-02,10707.732640683422,10769.44874383179,10553.4423828125,10553.4423828125,11085849
2023-10-03,10553.4423828125,10553.4423828125,10337.436021793212,10553.4423828125,15670805
2023-10-04,10522.584331238317,10553.4423828125,10399.15212494158,10553.4423828125,14302835
2023-10-05,10553.442318218438,10584.30036960375,10399.152061291876,10460.8681640625,14504062
2023-10-06,10460.868228089948,10553.4423828125,10399.15212494158,10553.4423828125,11843290
2023-10-09,10522.583984375,10584.300085488978,10430.009832704034,10522.583984375,13075086
2023-10-10,10584.300560601707,10800.305986233598,10553.44250865955,10738.5908203125,12223178
2023-10-11,10769.448271674279,10862.021484375,10646.016070789095,10862.021484375,13939288
2023-10-12,10892.879817127507,10923.737868149174,10738.590499982354,10800.3056640625,10332609
2023-10-13,10769.448271674279,10862.021484375,10676.87412101039,10862.021484375,12857985
2023-10-16,10831.164038175755,10892.880142060072,10707.73276837034,10738.5908203125,11937601
2023-10-17,10923.738218534376,10985.454322557292,10800.306010488543,10831.1640625,14509976
2023-10-18,10862.02211451146,10892.880166522917,10707.732792417388,10831.1640625,12718231
2023-10-19,10800.3056640625,10831.163715084169,10707.732448960685,10800.3056640625,12343167
2023-10-20,10800.305451059561,10954.595703125,10738.590288196558,10954.595703125,13989556
2023-10-23,10954.595919170843,10954.595919170843,10615.15829589568,10800.3056640625,13150254
2023-10-24,10800.306010488543,10862.02211451146,10646.016688394471,10831.1640625,12107858
2023-10-25,10831.163715084169,10862.021766105838,10676.874397939016,10800.3056640625,11927641
2023-10-26,10707.732929342388,10738.590981748443,10214.004090845503,10491.7265625,9233409
2023-10-27,10522.584394523416,10707.732705082042,10399.15218748433,10646.0166015625,11217977
2023-10-30,10615.158203125,10769.44845688493,10553.442101621027,10615.158203125,11878307
2023-10-31,10769.44845688493,10769.44845688493,10491.726000117056,10615.158203125,12241231
2023-11-01,10615.158549802729,10646.0166015625,10522.584394523416,10646.0166015625,11293768
2023-11-02,10676.87412101039,10862.021484375,10584.299970346503,10862.021484375,14070016
2023-11-03,10862.02181089149,11324.892578125,10831.16375974259,11324.892578125,24384884
2023-11-06,11324.892861655428,11355.750913576892,11170.602602048108,11263.1767578125,14959897
2023-11-07,11263.175991294562,11263.175991294562,11108.8857421875,11108.8857421875,14721319
2023-11-08,11108.88640765599,11602.615234375,11078.028355986053,11602.615234375,16156209
2023-11-09,11664.330050209988,11664.330050209988,11540.898785192276,11571.7568359375,15693994
2023-11-10,11540.898506251822,11633.47265625,11355.750206255465,11633.47265625,17319528
2023-11-13,11633.473286044939,11664.330399751665,11355.750821015496,11602.615234375,16593368
2023-11-14,11633.472937427947,11695.188100955213,11448.324632956606,11571.7568359375,14065814
2023-11-15,11726.046179763145,11818.620332220366,11664.330078125,11664.330078125,15635945
2023-11-16,11756.904580035045,11756.904580035045,11571.75720758062,11695.1884765625,12348459
2023-11-17,11695.188320840365,11726.046372165762,11263.17654024802,11417.466796875,12239208
2023-11-20,11232.318889795533,11602.615518915893,11201.460837368837,11540.8994140625,11996428
2023-11-21,11571.757466489196,11602.615518915893,11417.467204355713,11540.8994140625,10455244
2023-11-22,11571.756768886766,11602.614819453187,11386.608465488236,11479.1826171875,10382099
2023-11-23,11510.04075007031,11510.04075007031,11139.744140625,11139.744140625,11242877
2023-11-24,11170.601978887405,11355.750280087546,11139.743928687381,11294.0341796875,8954679
2023-11-27,11355.750849547321,11355.750849547321,11016.312280325148,11170.6025390625,9830086
2023-11-28,11170.602191412108,11201.460242199219,10985.453886689455,11139.744140625,8347419
2023-11-29,11170.602191412108,11355.750496134764,11078.028039050781,11139.744140625,10855986
2023-11-30,11108.8857421875,11201.459891651737,11047.169642544675,11108.8857421875,9309822
2023-12-01,11139.744206466512,11232.318359375,11016.31200258853,11232.318359375,10506757
2023-12-04,11263.17654024802,11479.182899525793,11170.60238627183,11417.466796875,10520919
2023-12-05,11417.466448822212,11417.466448822212,11201.460096129227,11386.6083984375,10131849
2023-12-06,11479.1826171875,11602.614819453187,11386.608465488236,11479.1826171875,12420359
2023-12-07,11540.8994140625,11602.615518915893,11294.034994648928,11540.8994140625,14309994
2023-12-08,11540.898785192276,11602.614886682724,11479.182683701829,11571.7568359375,12313442
2023-12-11,11602.614886682724,11633.472937427947,11417.466582211382,11571.7568359375,10564806
2023-12-12,11602.615234375,11602.615234375,11479.183027695248,11602.615234375,10965548
2023-12-13,11602.614606250607,11664.329768286234,11510.040456252429,11633.47265625,10973485
2023-12-14,11633.472965269111,11726.046179763145,11571.756863630966,11664.330078125,10440926
2023-12-15,11664.329798280016,11756.903948516241,11602.614636085696,11726.0458984375,11371582
2023-12-18,11756.904715803345,11756.904715803345,11232.318768192017,11355.7509765625,11243811
2023-12-19,11355.75084542671,11695.1884765625,11201.460586745345,11695.1884765625,10790156
2023-12-20,11695.188451421604,11695.188451421604,11355.750821015496,11602.615234375,10939247
2023-12-21,11510.040734447053,11633.472937427947,11324.892429975711,11571.7568359375,10122978
2023-12-22,11571.75720758062,11695.1884765625,11448.325000635528,11695.1884765625,10901585
2023-12-25,11695.187916156985,11818.6201171875,11633.472753604894,11818.6201171875,10605114
2023-12-26,11849.478515625,11849.478515625,11695.188259803259,11849.478515625,10342258
2023-12-27,11849.47823507003,11911.1943359375,11818.620184636295,11911.1943359375,10084538
2023-12-28,11849.478580376086,11942.052734375,11726.046375044201,11942.052734375,13265108
2023-12-29,11972.91051855109,12528.3544921875,11818.620265328982,12528.3544921875,19356388
2024-01-01,12528.3544921875,12528.3544921875,12528.3544921875,12528.3544921875,0
2024-01-02,12343.207313160727,12497.4966307556,12158.059006491045,12281.4912109375,10453065
2024-01-03,12281.490930436328,12343.20703125,12219.774829622656,12343.20703125,12748890
2024-01-04,12374.065860580691,12682.645446110375,12312.349755882107,12590.0712890625,17439518
2024-01-05,12590.071006063667,12651.787109375,12466.639737404212,12651.787109375,10169044
2024-01-08,12682.64453125,12806.076731743406,12620.928431003296,12682.64453125,8578993
2024-01-09,12682.64453125,12713.502581373352,12590.070380879944,12682.64453125,9770481
2024-01-10,12682.644599134437,12775.21875,12590.070448268876,12775.21875,9917705
2024-01-11,12775.219442950369,12867.793598837316,12744.361390988053,12836.935546875,8551447
2024-01-12,12836.935264619868,12898.6513671875,12651.786956916965,12898.6513671875,9243213
2024-01-15,12929.50913688822,12960.3671875,12744.360833217539,12960.3671875,10266467
2024-01-16,12929.50913688822,12991.225238111781,12836.93498505288,12960.3671875,9906967
2024-01-17,12960.36712010394,12960.36712010394,12682.64466604212,12867.79296875,11067018
2024-01-18,12867.793598837316,12898.651650799631,12775.219442950369,12836.935546875,8902855
2024-01-19,12836.935609287959,12929.509765625,12806.077557175613,12929.509765625,11053634
2024-01-22,12960.36759832773,13083.7998046875,12836.93539196796,13083.7998046875,12374916
2024-01-23,13083.79938994712,13114.657440558902,12836.93498505288,12960.3671875,9981357
2024-01-24,12960.367253940087,13052.94140625,12867.793101630174,13052.94140625,10954499
2024-01-25,13052.94140625,13052.94140625,13052.94140625,13052.94140625,0
2024-01-26,12991.22537037033,13176.373675925934,12991.22537037033,13145.515625,10383344
2024-01-29,13145.515344776239,13207.2314453125,13114.657294508108,13207.2314453125,9205707
2024-01-30,13238.089657793185,13546.669226292497,13207.231607146936,13484.953125,9802385
2024-01-31,13484.953755213386,13577.527911478546,13268.948328557903,13454.095703125,8987050
2024-02-01,13454.095703125,13515.811807301772,13392.379598948226,13454.095703125,9728617
2024-02-02,13454.095703125,13454.095703125,13454.095703125,13454.095703125,0
2024-02-05,13793.534304278903,14009.540669338934,13700.960147824604,13978.6826171875,14884417
2024-02-06,13978.682119197683,14225.545589651423,13947.824068145568,14194.6884765625,9408646
2024-02-07,14225.545468665756,14534.1259765625,14163.83030504959,14534.1259765625,9286789
2024-02-08,14534.1259765625,14534.1259765625,14534.1259765625,14534.1259765625,0
2024-02-09,14534.1259765625,14534.1259765625,14534.1259765625,14534.1259765625,0
2024-02-12,14534.1259765625,14534.1259765625,14534.1259765625,14534.1259765625,0
2024-02-13,14534.1259765625,14534.1259765625,14534.1259765625,14534.1259765625,0
2024-02-14,14534.1259765625,14534.1259765625,14534.1259765625,14534.1259765625,0
2024-02-15,14595.841796875,14688.415947460087,14348.977395314765,14595.841796875,10704249
2024-02-16,14564.98424500482,14595.842296255623,14318.119834998393,14379.8359375,9511516
2024-02-19,14379.836283943256,14410.6943359375,14163.830857946763,14410.6943359375,10300083
2024-02-20,14379.836065842697,14595.842426526217,14194.688694648601,14564.984375,10646355
2024-02-21,14534.126606815293,14657.558815326462,14318.120241920748,14503.2685546875,9589486
2024-02-22,14503.268338295384,14503.268338295384,14132.97265625,14132.97265625,11152924
2024-02-23,14132.972814541483,14225.546032617256,13886.1083984375,13886.1083984375,11637861
2024-02-26,13886.10783600987,14132.97224211513,13855.249785246713,14009.5400390625,8723105
2024-02-27,14009.5400390625,14194.688343641445,13916.965886773029,14009.5400390625,9827285
2024-02-28,14009.540536561015,14318.1201171875,14009.540536561015,14318.1201171875,9631816
2024-02-29,14318.119834998393,14441.552040001607,14287.26178374759,14379.8359375,9375030
2024-03-01,14379.8359375,14410.693988750803,14163.830516707574,14379.8359375,9501867
2024-03-04,14379.8359375,14410.693988750803,14256.403732496787,14379.8359375,9210065
2024-03-05,14379.836346176333,14503.2685546875,14194.688971372803,14503.2685546875,10646200
2024-03-06,14410.694053471218,14503.26820763939,14163.83058031929,14472.41015625,7053839
2024-03-07,14256.40366763958,14441.5519743021,14256.40366763958,14287.26171875,8779597
2024-03-08,14287.261691755657,14287.261691755657,14040.398221301917,14194.6884765625,9624658
2024-03-11,14194.688157558414,14287.261370671129,14040.39790576527,14256.4033203125,10010459
2024-03-12,14225.5452407524,14225.5452407524,13855.249575172153,14163.830078125,10244991
2024-03-13,14163.830107199785,14318.119421029756,13947.823754689385,14256.4033203125,9880510
2024-03-14,14287.26134134297,14287.26134134297,14040.397876943862,14163.830078125,8848541
2024-03-15,14071.256272354034,14256.40364070354,13978.682119197683,14194.6884765625,9292236
2024-03-18,14194.688496589137,14225.545609721597,13762.67578125,13762.67578125,10310666
2024-03-19,13762.676127814795,13793.5341796875,13299.806287687443,13793.5341796875,13829415
2024-03-20,13824.392013208751,14071.25642429125,13454.095396585,13947.82421875,9682396
2024-03-21,13978.682455595294,14750.1328125,13916.96635200586,14750.1328125,17418508
2024-03-22,14750.132116301465,14780.990166639698,14595.8418646103,14688.416015625,10161107
2024-03-25,14688.416230510871,14688.416230510871,14410.693773403802,14534.1259765625,9781375
2024-03-26,14503.268521208167,14935.28125,14441.552417095048,14935.28125,11258285
2024-03-27,14996.997005580743,15120.428272975198,14780.990646204846,14904.4228515625,8885113
2024-03-28,14811.848418088926,14966.138671875,14811.848418088926,14966.138671875,8410137
2024-03-29,14996.99665560217,14996.99665560217,14688.416149409244,14873.564453125,10014973
2024-04-01,14873.564735221611,14904.422786426168,14595.842274380608,14811.8486328125,9347173
2024-04-02,14626.700605321133,14780.990864294718,14503.268398142265,14750.1328125,8987672
2024-04-03,14719.274213643012,14750.132264290845,14410.693707164666,14441.5517578125,10228339
2024-04-04,14441.552387931744,14688.4168038857,14410.6943359375,14410.6943359375,9505758
2024-04-05,14379.836283943256,14626.700699897212,14318.120179954765,14410.6943359375,9830086
2024-04-08,14410.694242758114,14811.848916089433,14379.836190963399,14750.1328125,12570540
2024-04-09,14750.132183895357,14842.706335334286,14626.699981976784,14780.990234375,9053503
2024-04-10,14811.848284854643,14842.706335334286,14564.983881017499,14780.990234375,9751183
2024-04-11,14626.700325585165,14811.8486328125,14503.268120766941,14811.8486328125,8773372
2024-04-12,14811.848761476858,15058.713173257715,14595.84240116861,14996.9970703125,13262151
2024-04-15,14966.139336604383,15027.855440859968,14379.836346176333,14503.2685546875,15160812
2024-04-16,14503.2685546875,14595.842711070878,14194.688971372803,14503.2685546875,11199769
2024-04-17,14534.126100172589,14534.126100172589,13824.391863937102,14194.6884765625,13562980
2024-04-18,14194.6884765625,14194.6884765625,14194.6884765625,14194.6884765625,0
2024-04-19,14009.539835648475,14040.397885963583,13515.811030606741,13731.8173828125,14737193
2024-04-22,13762.675500629584,13978.681853894792,13700.959399696667,13824.3916015625,13298723
2024-04-23,13700.9599609375,13855.250219590078,13330.664278134527,13700.9599609375,13557066
2024-04-24,13762.675500629584,13947.823803428333,13700.959399696667,13824.3916015625,14652687
2024-04-25,13824.392294411504,13978.682554476494,13731.818138372511,13886.1083984375,11465892
2024-04-26,13886.108179386429,14564.984375,13793.534024807777,14564.984375,15526849
2024-04-29,14564.984375,14564.984375,14564.984375,14564.984375,0
2024-04-30,14564.984375,14564.984375,14564.984375,14564.984375,0
2024-05-01,14564.984375,14564.984375,14564.984375,14564.984375,0
2024-05-02,14564.98374667997,14595.841796875,14410.693495704823,14595.841796875,9530191
2024-05-03,14595.842426059518,15089.5703125,14595.842426059518,15089.5703125,17729764
2024-05-06,15120.428338239723,15120.428338239723,14719.274607059036,14996.9970703125,14136936
2024-05-07,15058.713173257715,15058.713173257715,14719.274607059036,14996.9970703125,10888668
2024-05-08,14966.138604982878,14996.99665560217,14719.274200028538,14873.564453125,9741534
2024-05-09,14873.56460275025,14935.280704609688,14534.126042523343,14626.7001953125,11087405
2024-05-10,14657.558246242219,14688.416297171938,14441.551889734188,14626.7001953125,10510336
2024-05-13,14626.699993599981,14657.558044104146,14348.9775390625,14348.9775390625,10160018
2024-05-14,14379.8359375,14626.700347506427,14379.8359375,14379.8359375,10640130
2024-05-15,14410.694398304124,14564.984658943085,14379.836346176333,14503.2685546875,10868437
2024-05-16,14564.984625321285,14966.13930205656,14534.126573264726,14935.28125,14143783
2024-05-17,14966.139018839893,15151.28638971233,14842.706812949466,14996.9970703125,12850359
2024-05-20,15027.854996129821,15490.724826385438,15027.854996129821,15336.4345703125,16428247
2024-05-21,15336.43450481088,15367.292555893673,15058.712983028932,15243.8603515625,9780752
2024-05-22,15274.717955662712,15274.717955662712,15027.8544921875,15027.8544921875,8891961
2024-05-23,15058.712983028932,15243.8603515625,14811.848574366584,15243.8603515625,9063152
2024-05-24,15120.428624376134,15274.71888465893,14811.849041773761,14935.28125,11354618
2024-05-27,14935.280418330864,14996.996519007329,14626.699914948533,14688.416015625,9559138
2024-05-28,14750.132594865432,14904.4228515625,14534.126235489533,14904.4228515625,11249414
2024-05-29,14904.422875701475,14904.422875701475,14472.41015625,14472.41015625,17558884
2024-05-30,14379.835521747014,14410.693572105643,14071.2559561239,14256.4033203125,13548973
2024-05-31,14287.26143805417,14379.835589566665,14256.403387550006,14348.9775390625,6764837
2024-06-03,14348.9775390625,14348.9775390625,14348.9775390625,14348.9775390625,0
2024-06-04,14873.564385813928,14904.422436293571,14688.416082936072,14780.990234375,7560719
2024-06-05,14811.848500890812,14904.422653679969,14626.7001953125,14626.7001953125,8194436
2024-06-06,14626.7001953125,14780.990449961095,14503.267991593624,14626.7001953125,9102837
2024-06-07,14657.558246242219,14719.274348101657,14534.126042523343,14626.7001953125,7140212
2024-06-10,14657.55865711585,14750.1328125,14595.842553526416,14750.1328125,8077404
2024-06-11,14780.990382879894,14811.84843366957,14503.267925772825,14534.1259765625,9924864
2024-06-12,14564.984223176052,14811.8486328125,14441.552018357828,14811.8486328125,10048899
2024-06-13,14935.280554363586,14966.138604982878,14750.13225064783,14873.564453125,12484945
2024-06-14,14935.280486773214,14966.138537252857,14780.990234375,14780.990234375,11473829
2024-06-17,14780.990382879894,14811.84843366957,14379.835722614127,14534.1259765625,13002563
2024-06-18,14564.984093453062,14657.558246242219,14503.267991593624,14626.7001953125,9421096
2024-06-19,14657.558246242219,14657.558246242219,14379.83578787475,14626.7001953125,10499909
2024-06-20,14595.842426526217,14657.558529578651,14379.836065842697,14564.984375,12092139
2024-06-21,14564.984178743778,14564.984178743778,14287.26171875,14287.26171875,11138607
2024-06-24,14287.262071687557,14348.978175432965,13793.5341796875,13793.5341796875,14806603
2024-06-25,13793.533961823437,14009.540321520626,13762.675910438125,13947.82421875,15774298
2024-06-26,13947.823937536186,14009.5400390625,13886.10783600987,14009.5400390625,10153948
2024-06-27,14009.539826648575,14348.977441933539,13886.107625467437,14163.830078125,13736349
2024-06-28,14163.830425510383,14194.6884765625,14009.5401702498,14194.6884765625,11328006
2024-07-01,14194.688157558414,14287.261370671129,14071.2559561239,14256.4033203125,8535262
2024-07-02,14287.26149135844,14935.280554363586,14287.26149135844,14873.564453125,26010885
2024-07-03,14935.280370896795,15120.427734375,14935.280370896795,15120.427734375,18426666
2024-07-04,15182.144183761888,15182.144183761888,14996.996816028744,15151.2861328125,12667963
2024-07-05,15182.144156235576,15182.144156235576,14935.280687051236,15058.712890625,13353971
2024-07-08,15120.428054448694,15120.428054448694,14935.280687051236,15058.712890625,11350105
2024-07-09,14996.996798726237,15614.156879038786,14996.996798726237,15583.298828125,22813197
2024-07-10,15583.298694520337,15675.872846468006,15305.576238677331,15398.150390625,12813320
2024-07-11,15398.150865358346,15675.873329763686,15398.150865358346,15614.1572265625,18192757
2024-07-12,15710.5400390625,15742.66796875,15389.26171875,15517.7734375,13455908
2024-07-15,15549.9013671875,15710.5400390625,15485.6455078125,15678.4130859375,13307594
2024-07-16,15710.5400390625,15935.435546875,15646.28515625,15903.3076171875,11396482
2024-07-17,15935.435546875,16320.970703125,15806.923828125,16192.458984375,25355069
2024-07-18,16224.5869140625,16256.71484375,15806.923828125,16128.203125,13217486
2024-07-19,16160.3310546875,16192.458984375,15871.1796875,16031.8193359375,10851629
2024-07-22,15967.5634765625,16256.71484375,15806.923828125,16256.71484375,15605286
2024-07-23,16288.8427734375,16320.970703125,15935.435546875,16096.0751953125,13415444
2024-07-24,15967.5634765625,16128.203125,15806.923828125,16096.0751953125,13554887
2024-07-25,16031.8193359375,16096.0751953125,15839.0517578125,16096.0751953125,8569655
2024-07-26,16096.0751953125,16256.71484375,16031.8193359375,16128.203125,8678595
2024-07-29,16160.3310546875,16224.5869140625,16096.0751953125,16224.5869140625,7815326
2024-07-30,16224.5869140625,16256.71484375,16096.0751953125,16256.71484375,7737824
2024-07-31,16320.970703125,16899.2734375,16288.8427734375,16899.2734375,14130711
2024-08-01,16931.400390625,17156.294921875,16513.73828125,16577.994140625,12560891
2024-08-02,16449.482421875,16770.76171875,15999.69140625,16770.76171875,15089690
2024-08-05,16513.73828125,16706.505859375,15614.1572265625,15742.66796875,15813983
2024-08-06,16063.947265625,16256.71484375,15646.28515625,15967.5634765625,9994585
2024-08-07,15999.69140625,16063.947265625,15582.029296875,15967.5634765625,9872417
2024-08-08,15774.7958984375,16385.2265625,15774.7958984375,16031.8193359375,12498484
2024-08-09,16256.71484375,16481.609375,16096.0751953125,16385.2265625,8153817
2024-08-12,16449.482421875,16706.505859375,16192.458984375,16417.353515625,15373089
2024-08-13,16481.609375,16770.76171875,16320.970703125,16674.376953125,8394885
2024-08-14,16835.017578125,16835.017578125,16545.865234375,16642.25,7767393
2024-08-15,16642.25,17220.55078125,16642.25,16802.888671875,10075201
2024-08-16,16963.529296875,17381.19140625,16674.376953125,17381.19140625,13605311
2024-08-19,17445.447265625,17606.0859375,17252.6796875,17349.0625,8216691
2024-08-20,17316.935546875,17445.447265625,17156.294921875,17220.55078125,7675884
2024-08-21,17220.55078125,17509.703125,17156.294921875,17413.318359375,10065396
2024-08-22,17413.318359375,17477.57421875,17188.423828125,17413.318359375,8309912
2024-08-23,17413.318359375,17445.447265625,17252.6796875,17413.318359375,7578461
2024-08-26,17445.447265625,17477.57421875,17252.6796875,17413.318359375,9593999
2024-08-27,17445.447265625,17477.57421875,17316.935546875,17413.318359375,8116000
2024-08-28,17477.57421875,17509.703125,17316.935546875,17381.19140625,8091410
2024-08-29,17413.318359375,17766.7265625,17381.19140625,17573.958984375,11570163
2024-08-30,17638.21484375,17798.853515625,17541.830078125,17798.853515625,9171158
2024-09-02,17798.853515625,17798.853515625,17798.853515625,17798.853515625,0
2024-09-03,17798.853515625,17798.853515625,17798.853515625,17798.853515625,0
2024-09-04,17638.21484375,17670.341796875,17252.6796875,17413.318359375,8584907
2024-09-05,17477.57421875,17477.57421875,17156.294921875,17316.935546875,9069532
2024-09-06,17316.935546875,17349.0625,17156.294921875,17188.423828125,8116000
2024-09-09,17220.55078125,17220.55078125,16802.888671875,17027.78515625,8288747
2024-09-10,17092.0390625,17092.0390625,16770.76171875,16899.2734375,9777951
2024-09-11,16899.2734375,16963.529296875,16674.376953125,16931.400390625,7888316
2024-09-12,16995.65625,16995.65625,16802.888671875,16835.017578125,7609119
2024-09-13,16899.2734375,17027.78515625,16802.888671875,16963.529296875,6275854
2024-09-16,16963.529296875,16963.529296875,16738.6328125,16835.017578125,6523614
2024-09-17,16867.14453125,17092.0390625,16706.505859375,17092.0390625,6971045
2024-09-18,17059.912109375,17188.423828125,16995.65625,17156.294921875,9060039
2024-09-19,17156.294921875,17284.806640625,17092.0390625,17252.6796875,9809699
2024-09-20,17284.806640625,17477.57421875,17252.6796875,17381.19140625,13017037
2024-09-23,17413.318359375,17445.447265625,17220.55078125,17349.0625,9777795
2024-09-24,17349.0625,17381.19140625,17220.55078125,17349.0625,9801295
2024-09-25,17413.318359375,17573.958984375,17349.0625,17509.703125,11357575
2024-09-26,17509.703125,18248.64453125,17477.57421875,18184.388671875,29395794
2024-09-27,18248.64453125,18377.15625,18055.876953125,18184.388671875,16411906
2024-09-30,18248.64453125,18248.64453125,17830.982421875,18120.1328125,14262372
2024-10-01,18120.1328125,18152.259765625,17895.23828125,17991.62109375,15427403
2024-10-02,17927.365234375,17991.62109375,17638.21484375,17702.470703125,14046049
2024-10-03,17734.59765625,17991.62109375,17670.341796875,17766.7265625,14604909
2024-10-04,17798.853515625,17798.853515625,17541.830078125,17541.830078125,13527497
2024-10-07,17541.830078125,17541.830078125,17156.294921875,17252.6796875,14708091
2024-10-08,17284.806640625,17670.341796875,17124.16796875,17477.57421875,15675630
2024-10-09,17509.703125,17509.703125,17284.806640625,17349.0625,17250585
2024-10-10,17413.318359375,17702.470703125,17413.318359375,17638.21484375,16539210
2024-10-11,17638.21484375,17638.21484375,17413.318359375,17573.958984375,11519428
2024-10-14,17606.0859375,17638.21484375,17349.0625,17349.0625,12280916
2024-10-15,17381.19140625,17477.57421875,17316.935546875,17445.447265625,11205527
2024-10-16,17381.19140625,17381.19140625,17124.16796875,17381.19140625,16352300
2024-10-17,17349.0625,17349.0625,17092.0390625,17092.0390625,16744172
2024-10-18,17156.294921875,17349.0625,17124.16796875,17349.0625,13115082
2024-10-21,17349.0625,17381.19140625,17252.6796875,17316.935546875,8086430
2024-10-22,17316.935546875,17349.0625,17156.294921875,17349.0625,11141097
2024-10-23,17349.0625,17349.0625,17092.0390625,17316.935546875,11146388
2024-10-24,17316.935546875,17316.935546875,17092.0390625,17284.806640625,9018331
2024-10-25,17284.806640625,17284.806640625,17124.16796875,17284.806640625,8989540
2024-10-28,17252.6796875,17284.806640625,17027.78515625,17124.16796875,9643177
2024-10-29,17188.423828125,17606.0859375,17156.294921875,17541.830078125,12726012
2024-10-30,17541.830078125,17573.958984375,17381.19140625,17477.57421875,10751560
2024-10-31,17477.57421875,17477.57421875,17284.806640625,17284.806640625,12946382
2024-11-01,17284.806640625,17316.935546875,17059.912109375,17059.912109375,13521271
2024-11-04,17092.0390625,17092.0390625,16738.6328125,16738.6328125,11560047
2024-11-05,16706.505859375,16867.14453125,16642.25,16738.6328125,8573857
2024-11-06,16738.6328125,16963.529296875,16738.6328125,16963.529296875,9598512
2024-11-07,16995.65625,17027.78515625,16835.017578125,16867.14453125,9928132
2024-11-08,16867.14453125,16867.14453125,16642.25,16867.14453125,11568607
2024-11-11,16867.14453125,16867.14453125,16288.8427734375,16417.353515625,12833551
2024-11-12,16256.71484375,16642.25,16256.71484375,16577.994140625,10139008
2024-11-13,16513.73828125,16674.376953125,16385.2265625,16481.609375,11415625
2024-11-14,16481.609375,16481.609375,16192.458984375,16224.5869140625,12067083
2024-11-15,16224.5869140625,16224.5869140625,15806.923828125,15871.1796875,14965810
2024-11-18,15839.0517578125,15999.69140625,15582.029296875,15774.7958984375,15713136
2024-11-19,15806.923828125,15967.5634765625,15710.5400390625,15839.0517578125,12875260
2024-11-20,15806.923828125,15967.5634765625,15614.1572265625,15839.0517578125,14988532
2024-11-21,15839.0517578125,15935.435546875,15678.4130859375,15935.435546875,12567272
2024-11-22,15935.435546875,15999.69140625,15839.0517578125,15871.1796875,12231271
2024-11-25,15871.1796875,15935.435546875,15839.0517578125,15871.1796875,11491727
2024-11-26,15871.1796875,16192.458984375,15839.0517578125,16096.0751953125,10175892
2024-11-27,16096.0751953125,16288.8427734375,16063.947265625,16160.3310546875,10964770
2024-11-28,16192.458984375,16417.353515625,16031.8193359375,16256.71484375,11392436
2024-11-29,16288.8427734375,16385.2265625,16160.3310546875,16288.8427734375,9231541
2024-12-02,16320.970703125,16385.2265625,16224.5869140625,16320.970703125,8364693
2024-12-03,16642.25,16802.888671875,16449.482421875,16738.6328125,17668602
2024-12-04,16738.6328125,16802.888671875,16577.994140625,16642.25,10426609
2024-12-05,16674.376953125,17156.294921875,16642.25,17156.294921875,14682568
2024-12-06,17188.423828125,17284.806640625,17059.912109375,17252.6796875,11837688
2024-12-09,17284.806640625,17413.318359375,17156.294921875,17349.0625,14476049
2024-12-10,17349.0625,17991.62109375,17316.935546875,17991.62109375,30981488
2024-12-11,18197.240234375,18274.345703125,17965.91796875,18197.240234375,19322642
2024-12-12,18235.79296875,18467.11328125,18235.79296875,18428.560546875,15596130
2024-12-13,18467.11328125,18505.66796875,18004.47265625,18274.345703125,11665226
2024-12-16,18235.79296875,18312.900390625,18120.1328125,18312.900390625,10122174
2024-12-17,18390.0078125,18428.560546875,18235.79296875,18351.453125,11310264
2024-12-18,18351.453125,18505.66796875,18235.79296875,18351.453125,10838841
2024-12-19,18197.240234375,18197.240234375,17888.8125,18120.1328125,13109713
2024-12-20,18120.1328125,18197.240234375,17850.2578125,18043.025390625,9118763
2024-12-23,18120.1328125,18120.1328125,17927.365234375,18043.025390625,6309029
2024-12-24,18043.025390625,18043.025390625,17773.150390625,18043.025390625,6937896
2024-12-25,18081.580078125,18467.11328125,18043.025390625,18428.560546875,13229676
2024-12-26,18428.560546875,18621.328125,18274.345703125,18621.328125,10230465
2024-12-27,18621.328125,19238.18359375,18582.7734375,19238.18359375,16128378
2024-12-30,19238.18359375,20549.001953125,18814.095703125,20549.001953125,13733133
2024-12-31,20317.6796875,20317.6796875,19469.50390625,19662.271484375,11911378
2025-01-01,19662.271484375,19662.271484375,19662.271484375,19662.271484375,0
2025-01-02,19623.71875,19662.271484375,18852.6484375,19353.84375,16341847
2025-01-03,19276.736328125,19276.736328125,18698.435546875,18852.6484375,9353631
2025-01-06,18852.6484375,18968.30859375,18621.328125,18891.201171875,8309886
2025-01-07,18929.755859375,18929.755859375,18582.7734375,18698.435546875,11187707
2025-01-08,18659.880859375,18698.435546875,17927.365234375,17965.91796875,23967490
2025-01-09,17811.705078125,17965.91796875,17194.849609375,17233.40234375,23743515
2025-01-10,17194.849609375,17233.40234375,16655.1015625,16655.1015625,20755976
2025-01-13,16346.6728515625,16847.8671875,16346.6728515625,16732.20703125,19068709
2025-01-14,16770.76171875,16809.314453125,16269.5654296875,16308.119140625,16286340
2025-01-15,16308.119140625,16693.654296875,16308.119140625,16693.654296875,10337460
2025-01-16,16308.119140625,16693.654296875,16308.119140625,16693.654296875,10337460
2025-01-17,16655.1015625,17349.0625,16500.88671875,17349.0625,17288973
2025-01-20,17349.0625,17811.705078125,16963.529296875,17734.59765625,26832212
2025-01-21,17927.365234375,18004.47265625,17233.40234375,17464.72265625,16869037
2025-01-22,17503.27734375,17503.27734375,16963.529296875,16963.529296875,24868057
2025-01-23,16924.974609375,17696.044921875,16886.421875,17271.95703125,17133994
2025-01-24,17310.509765625,17850.2578125,17310.509765625,17464.72265625,14549661
2025-01-27,17464.72265625,17464.72265625,17464.72265625,17464.72265625,0
2025-01-28,17464.72265625,17464.72265625,17464.72265625,17464.72265625,0
2025-01-29,17464.72265625,17464.72265625,17464.72265625,17464.72265625,0
2025-01-30,17464.72265625,17464.72265625,17464.72265625,17464.72265625,0
2025-01-31,17464.72265625,17464.72265625,17464.72265625,17464.72265625,0
2025-02-03,17349.0625,17387.6171875,17040.634765625,17271.95703125,9678894
2025-02-04,17310.509765625,17580.384765625,17271.95703125,17426.169921875,9257401
2025-02-05,17426.169921875,17580.384765625,17387.6171875,17426.169921875,8082021
2025-02-06,17503.27734375,17773.150390625,17464.72265625,17696.044921875,16651547
2025-02-07,17811.705078125,17811.705078125,17618.9375,17657.490234375,11546689
2025-02-10,17349.0625,17618.9375,17349.0625,17426.169921875,11117156
2025-02-11,17541.830078125,17618.9375,17349.0625,17387.6171875,12653982
2025-02-12,17503.27734375,17580.384765625,17387.6171875,17387.6171875,10734311
2025-02-13,17387.6171875,17503.27734375,17349.0625,17503.27734375,8996076
2025-02-14,17618.9375,17657.490234375,17541.830078125,17618.9375,10953098
2025-02-17,17696.044921875,17696.044921875,17426.169921875,17464.72265625,12235473
2025-02-18,17464.72265625,17580.384765625,17426.169921875,17503.27734375,11421538
2025-02-19,17503.27734375,17618.9375,17426.169921875,17580.384765625,10137348
2025-02-20,17618.9375,17657.490234375,17541.830078125,17618.9375,14030382
2025-02-21,17618.9375,17888.8125,17580.384765625,17773.150390625,15112775
2025-02-24,17734.59765625,18120.1328125,17657.490234375,18081.580078125,17682453
2025-02-25,18120.1328125,18120.1328125,17773.150390625,17888.8125,15590553
2025-02-26,17927.365234375,17965.91796875,17773.150390625,17773.150390625,9469185
2025-02-27,17773.150390625,17888.8125,17618.9375,17888.8125,10854404
2025-02-28,17850.2578125,17888.8125,17580.384765625,17773.150390625,13166258
2025-03-03,17773.150390625,17811.705078125,17618.9375,17734.59765625,10684380
2025-03-04,17657.490234375,17734.59765625,17541.830078125,17696.044921875,12990658
2025-03-05,17657.490234375,17965.91796875,17657.490234375,17657.490234375,12585506
2025-03-06,17657.490234375,17773.150390625,17618.9375,17773.150390625,11004974
2025-03-07,17773.150390625,18197.240234375,17734.59765625,18043.025390625,25896499
2025-03-10,18158.685546875,18428.560546875,18120.1328125,18274.345703125,17588946
2025-03-11,18120.1328125,18351.453125,17965.91796875,18351.453125,12072842
2025-03-12,18428.560546875,18467.11328125,18158.685546875,18235.79296875,10816924
2025-03-13,18274.345703125,18274.345703125,17811.705078125,17850.2578125,17330215
2025-03-14,17850.2578125,18004.47265625,17773.150390625,17888.8125,9143923
2025-03-17,17927.365234375,18158.685546875,17850.2578125,18043.025390625,10392708
2025-03-18,18081.580078125,18120.1328125,17888.8125,17927.365234375,7726411
2025-03-19,17888.8125,18004.47265625,17734.59765625,17773.150390625,11185114
2025-03-20,17927.365234375,18158.685546875,17696.044921875,17811.705078125,14102490
2025-03-21,17811.705078125,17850.2578125,17696.044921875,17734.59765625,10359507
2025-03-24,17734.59765625,17773.150390625,17387.6171875,17464.72265625,13929095
2025-03-25,17503.27734375,17696.044921875,17464.72265625,17541.830078125,17357709
2025-03-26,17580.384765625,17773.150390625,17426.169921875,17541.830078125,15780549
2025-03-27,17503.27734375,17541.830078125,17349.0625,17464.72265625,10612143
2025-03-28,17426.169921875,17464.72265625,17156.294921875,17156.294921875,11601029
2025-03-31,17040.634765625,17117.7421875,16963.529296875,17040.634765625,10250956
2025-04-01,17117.7421875,17310.509765625,17002.08203125,17310.509765625,7526559
2025-04-02,17310.509765625,17503.27734375,17194.849609375,17310.509765625,15808432
2025-04-03,16809.314453125,16924.974609375,16115.3515625,16115.3515625,34042457
2025-04-04,15035.8544921875,16269.5654296875,15035.8544921875,16038.2451171875,25217312
2025-04-07,16038.2451171875,16038.2451171875,16038.2451171875,16038.2451171875,0
2025-04-08,15729.8173828125,15884.03125,14920.1943359375,14920.1943359375,22436370
2025-04-09,13917.8037109375,15151.515625,13879.2509765625,14033.46484375,24959488
2025-04-10,14997.30078125,14997.30078125,14997.30078125,14997.30078125,300491
2025-04-11,15961.1376953125,16038.2451171875,15344.2822265625,15961.1376953125,21231031
2025-04-14,16423.779296875,16423.779296875,16153.9052734375,16192.458984375,14604650
2025-04-15,15999.69140625,16231.0126953125,15806.923828125,15845.4775390625,16464275
2025-04-16,15884.03125,16076.798828125,15768.37109375,15922.5849609375,8106143
2025-04-17,15884.03125,15961.1376953125,15691.263671875,15961.1376953125,11185762
2025-04-18,16038.2451171875,16153.9052734375,16038.2451171875,16038.2451171875,9670594
2025-04-21,16038.2451171875,16115.3515625,15729.8173828125,15729.8173828125,10872042
2025-04-22,15652.7099609375,15729.8173828125,14765.98046875,15652.7099609375,16071314
2025-04-23,15806.923828125,15999.69140625,15691.263671875,15691.263671875,11878047
2025-04-24,16038.2451171875,16385.2265625,15961.1376953125,16385.2265625,17355893
2025-04-25,16385.2265625,16423.779296875,16115.3515625,16385.2265625,18848496
2025-04-28,16500.88671875,16577.994140625,16269.5654296875,16577.994140625,9650103
2025-04-29,16539.439453125,16616.546875,16346.6728515625,16539.439453125,8900235
2025-04-30,16539.439453125,16539.439453125,16539.439453125,16539.439453125,0
2025-05-01,16539.439453125,16539.439453125,16539.439453125,16539.439453125,0
2025-05-02,16539.439453125,16539.439453125,16539.439453125,16539.439453125,0
2025-05-05,16577.994140625,16616.546875,16308.119140625,16346.6728515625,10111540
2025-05-06,16577.994140625,16616.546875,16308.119140625,16346.6728515625,10111540
2025-05-07,16385.2265625,16577.994140625,16308.119140625,16385.2265625,10100257
2025-05-08,16308.119140625,16423.779296875,16115.3515625,16153.9052734375,15222623
2025-05-09,16192.458984375,16500.88671875,16153.9052734375,16385.2265625,11863003
2025-05-12,16308.119140625,16577.994140625,16308.119140625,16577.994140625,14401166
2025-05-13,16308.119140625,16577.994140625,16308.119140625,16577.994140625,14401166
2025-05-14,16655.1015625,17040.634765625,16655.1015625,16809.314453125,16330564
2025-05-15,16847.8671875,17156.294921875,16847.8671875,17117.7421875,16332899
2025-05-16,17079.189453125,17271.95703125,16924.974609375,17156.294921875,15498473
2025-05-19,16847.8671875,17194.849609375,16693.654296875,16963.529296875,17093790
2025-05-20,16847.8671875,17194.849609375,16693.654296875,16963.529296875,17093790
2025-05-21,16963.529296875,17271.95703125,16963.529296875,17194.849609375,16591890
2025-05-22,17194.849609375,17503.27734375,17117.7421875,17271.95703125,12996364
2025-05-23,17117.7421875,17233.40234375,17002.08203125,17002.08203125,15512739
2025-05-26,17117.7421875,17426.169921875,17079.189453125,17426.169921875,26205680
2025-05-27,17117.7421875,17426.169921875,17079.189453125,17426.169921875,26205680
2025-05-28,17426.169921875,17541.830078125,17349.0625,17426.169921875,12654761
2025-05-29,17464.72265625,17503.27734375,17156.294921875,17156.294921875,15044688
2025-05-30,17194.849609375,17387.6171875,17002.08203125,17002.08203125,14679351
2025-06-02,16616.546875,16770.76171875,16500.88671875,16655.1015625,11129087
2025-06-03,16616.546875,16770.76171875,16500.88671875,16655.1015625,11129087
2025-06-04,16693.654296875,17002.08203125,16655.1015625,16847.8671875,11639158
2025-06-05,16924.974609375,16963.529296875,16770.76171875,16847.8671875,8916835
2025-06-06,16847.8671875,16886.421875,16616.546875,16693.654296875,11486254
2025-06-09,16809.314453125,16809.314453125,16539.439453125,16539.439453125,8819179
2025-06-10,16809.314453125,16809.314453125,16539.439453125,16539.439453125,8819179
2025-06-11,16577.994140625,16770.76171875,16500.88671875,16577.994140625,10983316
2025-06-12,16616.546875,16616.546875,16462.333984375,16500.88671875,8353592
2025-06-13,16577.994140625,16809.314453125,16539.439453125,16770.76171875,11249310
2025-06-16,16616.546875,16847.8671875,16539.439453125,16770.76171875,9853327
2025-06-17,16616.546875,16847.8671875,16539.439453125,16770.76171875,9853327
2025-06-18,16847.8671875,16924.974609375,16732.20703125,16886.421875,11502335
2025-06-19,16886.421875,17040.634765625,16809.314453125,16924.974609375,17272114
2025-06-20,16963.529296875,17079.189453125,16847.8671875,16963.529296875,10609160
2025-06-23,16963.529296875,17040.634765625,16847.8671875,16924.974609375,13234475
2025-06-24,16963.529296875,17040.634765625,16847.8671875,16924.974609375,13234475
2025-06-25,17040.634765625,17117.7421875,16886.421875,16924.974609375,16787073
2025-06-26,16963.529296875,17002.08203125,16809.314453125,16809.314453125,13552475
2025-06-27,16847.8671875,16886.421875,16655.1015625,16732.20703125,11186800
2025-06-30,16809.314453125,16886.421875,16770.76171875,16809.314453125,8631777
2025-07-01,16809.314453125,16886.421875,16770.76171875,16809.314453125,8631777
2025-07-02,16847.8671875,17194.849609375,16809.314453125,17040.634765625,30786849
2025-07-03,17079.189453125,17349.0625,17002.08203125,17194.849609375,19802495
2025-07-04,17194.849609375,17541.830078125,17117.7421875,17387.6171875,23874243
2025-07-07,17464.72265625,17965.91796875,17426.169921875,17965.91796875,32271670
2025-07-08,17464.72265625,17965.91796875,17426.169921875,17965.91796875,32271670
2025-07-09,18043.025390625,18158.685546875,17927.365234375,18120.1328125,22476833
2025-07-10,18197.240234375,19045.416015625,18120.1328125,18659.880859375,44348922
2025-07-11,18775.541015625,18814.095703125,18544.220703125,18775.541015625,19355843
2025-07-14,18891.201171875,18891.201171875,18544.220703125,18814.095703125,16962544
2025-07-15,18891.201171875,18891.201171875,18544.220703125,18814.095703125,16962544
2025-07-16,18814.095703125,19083.96875,18621.328125,18621.328125,40495183
2025-07-17,18621.328125,18736.98828125,18582.7734375,18698.435546875,20801497
2025-07-18,18775.541015625,18852.6484375,18621.328125,18775.541015625,16937643
2025-07-21,18891.201171875,19006.86328125,18736.98828125,18891.201171875,20931836
2025-07-22,18891.201171875,19006.86328125,18736.98828125,18891.201171875,20931836
2025-07-23,18891.201171875,19623.71875,18775.541015625,19623.71875,35553346
2025-07-24,19816.486328125,20587.5546875,19777.931640625,20433.341796875,45409267
2025-07-25,20934.537109375,21859.8203125,20703.21484375,21281.517578125,66113108
2025-07-28,21859.8203125,22553.78125,21512.837890625,21936.92578125,31856921
2025-07-29,21859.8203125,22553.78125,21512.837890625,21936.92578125,31856921
2025-07-30,21898.373046875,21898.373046875,20433.341796875,20433.341796875,43505418
2025-07-31,20433.341796875,20664.662109375,19855.0390625,20549.001953125,26552341
2025-08-01,20934.537109375,21320.0703125,20009.251953125,20394.787109375,41986618
2025-08-04,20857.4296875,21589.9453125,20741.76953125,21589.9453125,24706463
2025-08-05,20857.4296875,21589.9453125,20741.76953125,21589.9453125,24706463
2025-08-06,22129.693359375,22438.12109375,20818.875,21512.837890625,39102831
2025-08-07,21975.48046875,22052.587890625,21589.9453125,21782.712890625,19922329
2025-08-08,22129.693359375,22129.693359375,21551.392578125,21975.48046875,32062869
2025-08-11,21859.8203125,21859.8203125,21512.837890625,21512.837890625,36340823
2025-08-12,21859.8203125,21859.8203125,21512.837890625,21512.837890625,36340823
2025-08-13,21589.9453125,22322.4609375,21512.837890625,22283.908203125,32888605
2025-08-14,22669.443359375,22707.99609375,21936.92578125,22322.4609375,32106704
2025-08-15,23054.9765625,23864.599609375,22515.228515625,23864.599609375,77676528
2025-08-18,24057.3671875,24057.3671875,23132.083984375,23517.619140625,30410100
2025-08-19,24057.3671875,24057.3671875,23132.083984375,23517.619140625,30410100
2025-08-20,23826.046875,25136.865234375,23633.279296875,25059.7578125,44238944
2025-08-21,25136.865234375,25252.525390625,23864.599609375,24558.5625,36447169
2025-08-22,24674.22265625,26177.80859375,24674.22265625,25638.060546875,45709759
2025-08-25,25368.185546875,25368.185546875,23556.171875,24134.474609375,27775447
2025-08-26,25368.185546875,25368.185546875,23556.171875,24134.474609375,27775447
2025-08-27,24134.474609375,24905.544921875,23864.599609375,24905.544921875,14722927
2025-08-28,25368.185546875,25445.29296875,24712.77734375,25021.205078125,18193431
2025-08-29,25059.7578125,25098.310546875,24481.455078125,25059.7578125,16702904
2025-09-01,25059.7578125,25059.7578125,25059.7578125,25059.7578125,0
2025-09-02,25059.7578125,25059.7578125,25059.7578125,25059.7578125,0
2025-09-03,25830.828125,25869.380859375,25445.29296875,25522.400390625,13993032
2025-09-04,25830.828125,25869.380859375,25445.29296875,25522.400390625,13993032
2025-09-05,25560.953125,25599.505859375,25098.310546875,25560.953125,22562039
2025-09-08,24597.115234375,24635.669921875,23517.619140625,23826.046875,33098444
2025-09-09,24597.115234375,24635.669921875,23517.619140625,23826.046875,33098444
2025-09-10,23671.83203125,24327.2421875,23556.171875,24327.2421875,17479877
2025-09-11,24365.794921875,24404.349609375,23864.599609375,24365.794921875,15460085
2025-09-12,24057.3671875,24365.794921875,23517.619140625,24288.6875,14829013
2025-09-15,24288.6875,24365.794921875,23941.70703125,24095.921875,14872460
2025-09-16,24288.6875,24365.794921875,23941.70703125,24095.921875,14872460
2025-09-17,24211.58203125,24327.2421875,23826.046875,24134.474609375,20623044
2025-09-18,24057.3671875,24095.921875,23826.046875,23826.046875,12278789
2025-09-19,23864.599609375,23864.599609375,23286.298828125,23671.83203125,17140867
2025-09-22,23286.298828125,23286.298828125,22361.015625,22361.015625,19874733
2025-09-23,23286.298828125,23286.298828125,22361.015625,22361.015625,19874733
2025-09-24,22399.568359375,22592.3359375,22129.693359375,22129.693359375,13672049
2025-09-25,22206.80078125,23671.83203125,21782.712890625,23671.83203125,29513164
2025-09-26,24288.6875,24365.794921875,23826.046875,23903.154296875,18681325
2025-09-29,23247.744140625,23980.259765625,22977.87109375,23826.046875,16935179
2025-09-30,23247.744140625,23980.259765625,22977.87109375,23826.046875,16935179
2025-10-01,23671.83203125,23903.154296875,23247.744140625,23903.154296875,17387927
2025-10-02,23903.154296875,23980.259765625,23671.83203125,23826.046875,12415483
2025-10-03,23903.154296875,24134.474609375,23594.7265625,23787.494140625,14487410
2025-10-06,23517.619140625,24520.009765625,23401.958984375,24288.6875,30383254
2025-10-07,23517.619140625,24520.009765625,23401.958984375,24288.6875,30383254
2025-10-08,24481.455078125,24481.455078125,24018.814453125,24134.474609375,12634399
2025-10-09,24442.90234375,24442.90234375,23903.154296875,24250.134765625,21181489
2025-10-10,24250.134765625,24558.5625,24057.3671875,24404.349609375,19903264
2025-10-13,24250.134765625,25175.41796875,24173.02734375,25175.41796875,35302007
2025-10-14,24250.134765625,25175.41796875,24173.02734375,25175.41796875,35302007
2025-10-15,25368.185546875,25792.2734375,24751.330078125,25175.41796875,36256266
2025-10-16,25136.865234375,25907.93359375,25059.7578125,25522.400390625,30740939
2025-10-17,25638.060546875,25753.720703125,25368.185546875,25753.720703125,22064419
2025-10-20,24674.22265625,24828.4375,23324.8515625,23324.8515625,34875586
2025-10-21,24674.22265625,24828.4375,23324.8515625,23324.8515625,34875586
2025-10-22,23440.51171875,24944.09765625,23440.51171875,24944.09765625,31732419
2025-10-23,25059.7578125,25098.310546875,24442.90234375,25059.7578125,16042523
2025-10-24,25021.205078125,26409.12890625,24982.650390625,25445.29296875,44443336
2025-10-27,25406.73828125,25406.73828125,23980.259765625,23980.259765625,22768895
2025-10-28,25406.73828125,25406.73828125,23980.259765625,23980.259765625,22768895
2025-10-29,23556.171875,24828.4375,23556.171875,24828.4375,18752136
2025-10-30,25021.205078125,26293.46875,24944.09765625,25753.720703125,40668838
2025-10-31,25792.2734375,26486.236328125,25599.505859375,25753.720703125,30219326
2025-11-03,24674.22265625,24751.330078125,23517.619140625,23556.171875,30602430
2025-11-04,23556.171875,23980.259765625,22553.78125,23980.259765625,44644226
2025-11-05,23556.171875,23980.259765625,22553.78125,23980.259765625,44644226
2025-11-06,23980.259765625,23980.259765625,23170.63671875,23209.19140625,15767710
2025-11-07,23093.53125,23247.744140625,22553.78125,23132.083984375,29295155
2025-11-10,23054.9765625,23170.63671875,22592.3359375,22823.65625,16721580
2025-11-11,22823.65625,22900.763671875,22399.568359375,22823.65625,14391828
2025-11-12,22900.763671875,23209.19140625,22592.3359375,23132.083984375,18999974
2025-11-13,23132.083984375,23247.744140625,22900.763671875,23093.53125,14918629
2025-11-14,23016.423828125,23132.083984375,22746.548828125,23016.423828125,19207348
2025-11-17,23132.083984375,23517.619140625,22977.87109375,23170.63671875,15733861
2025-11-18,23247.744140625,23517.619140625,23132.083984375,23479.06640625,18109133
2025-11-19,23517.619140625,24288.6875,23132.083984375,24134.474609375,27165775
2025-11-20,24211.58203125,24597.115234375,24057.3671875,24520.009765625,27772983
2025-11-21,24404.349609375,24558.5625,23903.154296875,24057.3671875,17999286
2025-11-24,24134.474609375,24674.22265625,23941.70703125,23980.259765625,21350475
2025-11-25,24095.921875,24751.330078125,24095.921875,24520.009765625,28969244
2025-11-26,24520.009765625,24905.544921875,24365.794921875,24905.544921875,18987523
2025-11-27,25021.205078125,25021.205078125,24365.794921875,24674.22265625,14658341
2025-11-28,24597.115234375,24674.22265625,24250.134765625,24674.22265625,16160411
2025-12-01,24712.77734375,24712.77734375,24250.134765625,24288.6875,9900275
2025-12-02,24288.6875,24674.22265625,23864.599609375,24674.22265625,19111507
2025-12-03,24674.22265625,25059.7578125,24481.455078125,24866.990234375,18376943
2025-12-04,25291.078125,25522.400390625,24982.650390625,25406.73828125,19596548
2025-12-05,25445.29296875,25445.29296875,25021.205078125,25406.73828125,11939131
2025-12-08,25329.6328125,25406.73828125,24982.650390625,25252.525390625,12884312
2025-12-09,25175.41796875,25175.41796875,24288.6875,24288.6875,26524717
2025-12-10,24905.544921875,25445.29296875,24365.794921875,24789.8828125,31139087
2025-12-11,24828.4375,24866.990234375,24365.794921875,24481.455078125,8730471
2025-12-12,24520.009765625,24597.115234375,23286.298828125,23286.298828125,20215299
2025-12-15,23324.8515625,23440.51171875,23054.9765625,23132.083984375,15311071
2025-12-16,23170.63671875,24751.330078125,23016.423828125,24751.330078125,22117462
2025-12-17,24674.22265625,25098.310546875,24442.90234375,24751.330078125,30287543
2025-12-18,32000.0,32550.0,31700.0,32100.0,23353800
2025-12-19,25600.0,26000.0,25450.0,25950.0,21301200
2025-12-22,26000.0,27100.0,25750.0,27000.0,39574300
2025-12-23,27000.0,28000.0,26950.0,27500.0,32590800
2025-12-24,27550.0,28000.0,27400.0,27850.0,25185800
2025-12-25,27550.0,28000.0,27400.0,27850.0,25185800
2025-12-26,27000.0,28000.0,26800.0,27600.0,21297400
2025-12-29,27700.0,27700.0,27150.0,27600.0,14634000
2025-12-30,27600.0,27950.0,27000.0,27950.0,29039500
2025-12-31,27800.0,29700.0,27750.0,29700.0,43989500
2026-01-01,29700.0,29700.0,29700.0,29700.0,0
2026-01-02,29700.0,29700.0,29700.0,29700.0,0
2026-01-05,29500.0,29500.0,28000.0,28950.0,24967900
2026-01-06,28800.0,29050.0,28100.0,29050.0,14635600
2026-01-07,29050.0,29550.0,28350.0,29100.0,23080000
2026-01-08,29150.0,29200.0,28500.0,28800.0,17601200
2026-01-09,28850.0,29100.0,27500.0,27900.0,29852300
2026-01-12,27700.0,28350.0,27250.0,28200.0,23631100
2026-01-13,28200.0,28450.0,28000.0,28450.0,16194800
2026-01-14,28500.0,28500.0,27550.0,27650.0,21961000
2026-01-15,27500.0,29550.0,26800.0,29550.0,32989100
2026-01-16,29500.0,29500.0,28450.0,28450.0,15902500
2026-01-19,28500.0,29000.0,28200.0,28750.0,16574300
2026-01-20,29000.0,29800.0,28750.0,28950.0,19555100
2026-01-21,28650.0,30000.0,28300.0,29050.0,24503900
2026-01-22,29100.0,29750.0,29050.0,29200.0,18695900
2026-01-23,29250.0,29600.0,28650.0,29600.0,16077900
2026-01-26,29400.0,29400.0,28300.0,28350.0,11703400
2026-01-27,28350.0,29000.0,27800.0,29000.0,15743500
2026-01-28,28500.0,28850.0,28350.0,28500.0,24360600
2026-01-29,28550.0,28600.0,27800.0,27850.0,13587000
2026-01-30,27900.0,28400.0,27800.0,28300.0,15990600
2026-02-02,28000.0,28250.0,27250.0,27800.0,16113700
2026-02-03,27900.0,28000.0,27350.0,27550.0,20463600
2026-02-04,27550.0,27600.0,27200.0,27550.0,13382500
2026-02-05,27550.0,27900.0,27250.0,27550.0,17052600
2026-02-06,27200.0,27500.0,26500.0,26500.0,27190700
2026-02-09,26750.0,26800.0,26250.0,26800.0,13142300
2026-02-10,26850.0,26900.0,26000.0,26800.0,12368700
2026-02-11,26750.0,27950.0,26650.0,27800.0,29253800
2026-02-12,27850.0,28000.0,27650.0,27850.0,9614300
2026-02-13,27750.0,28200.0,27700.0,28200.0,14478600
2026-02-16,28200.0,28200.0,28200.0,28200.0,0
2026-02-17,28200.0,28200.0,28200.0,28200.0,0
2026-02-18,28200.0,28200.0,28200.0,28200.0,0
2026-02-19,28200.0,28200.0,28200.0,28200.0,0
2026-02-20,28200.0,28200.0,28200.0,28200.0,0
2026-02-23,28300.0,28500.0,28050.0,28200.0,10138800
2026-02-24,28100.0,28500.0,27750.0,28500.0,22582600
2026-02-25,28500.0,28850.0,28200.0,28450.0,18493700
2026-02-26,28500.0,28550.0,27950.0,28400.0,14130400
2026-02-27,28400.0,28400.0,27950.0,27950.0,13120700
2026-03-02,27300.0,27650.0,26950.0,26950.0,23024400
2026-03-03,27300.0,27650.0,26950.0,26950.0,23024400
2026-03-04,26400.0,26600.0,25700.0,26350.0,17900500
2026-03-05,26500.0,26600.0,25950.0,25950.0,18266100
2026-03-06,25900.0,26200.0,25600.0,25900.0,11697700
2026-03-09,24100.0,25500.0,24100.0,24100.0,28176000
2026-03-10,25000.0,25750.0,24600.0,25150.0,24488200
2026-03-11,25150.0,26000.0,24950.0,25750.0,14822800
2026-03-12,25300.0,25750.0,25100.0,25700.0,11637800
2026-03-13,25300.0,25750.0,25200.0,25600.0,8896300
2026-03-16,25500.0,25650.0,25200.0,25600.0,6905100
2026-03-17,25700.0,26200.0,25650.0,25700.0,11718400
2026-03-18,25700.0,26000.0,25250.0,25700.0,9744800
2026-03-19,25500.0,25700.0,25250.0,25650.0,13069900
2026-03-20,25500.0,25500.0,24900.0,25000.0,12201400
2026-03-23,24750.0,24750.0,23800.0,24300.0,24481200
2026-03-24,24500.0,24900.0,24250.0,24300.0,13461800
2026-03-25,24500.0,25000.0,24500.0,24900.0,11108800
2026-03-26,24950.0,25000.0,24500.0,24550.0,9142400
2026-03-27,24600.0,25350.0,24550.0,25300.0,14613100
2026-03-30,24800.0,25300.0,24550.0,25200.0,14532900
2026-03-31,25100.0,25500.0,25000.0,25450.0,17460200
2026-04-01,25800.0,26000.0,25600.0,25600.0,13765700
2026-04-02,25600.0,25650.0,25250.0,25600.0,13794100
2026-04-03,25650.0,25700.0,25150.0,25600.0,13990500
2026-04-06,25500.0,25700.0,25250.0,25600.0,13406100
2026-04-07,25550.0,25550.0,25050.0,25100.0,14276900
2026-04-08,25700.0,26500.0,25550.0,26350.0,23664600
2026-04-09,26250.0,26250.0,25900.0,26050.0,9923000
2026-04-10,26350.0,26700.0,26150.0,26150.0,10812000
2026-04-13,26000.0,26150.0,25750.0,25900.0,9426200
2026-04-14,26150.0,26450.0,26050.0,26100.0,11232700
2026-04-15,26400.0,26500.0,26150.0,26350.0,11295700
2026-04-16,26350.0,26400.0,26100.0,26100.0,7878000
2026-04-17,26300.0,26500.0,26050.0,26200.0,12053200
2026-04-20,26200.0,26950.0,26200.0,26900.0,19167600
2026-04-21,27000.0,27100.0,26650.0,26700.0,9480200
2026-04-22,26600.0,26700.0,26250.0,26550.0,11107400
2026-04-23,26500.0,26950.0,26350.0,26600.0,10532500
2026-04-24,26650.0,27000.0,26500.0,26900.0,14997400
2026-04-27,26900.0,26900.0,26900.0,26900.0,0
2026-04-28,26700.0,26950.0,26600.0,26600.0,7827300
2026-04-29,26550.0,26600.0,26200.0,26600.0,10196800
2026-04-30,26600.0,26600.0,26600.0,26600.0,0
2026-05-01,26600.0,26600.0,26600.0,26600.0,0
2026-05-04,26600.0,26750.0,26450.0,26500.0,6985200
2026-05-05,26400.0,26500.0,26000.0,26400.0,10206900
2026-05-06,26450.0,26750.0,26350.0,26600.0,13555700
2026-05-07,26650.0,27800.0,26650.0,27500.0,29836500
2026-05-08,27500.0,27600.0,27250.0,27350.0,10899600
2026-05-11,27350.0,27500.0,26900.0,26900.0,11526600
2026-05-12,26900.0,27450.0,26800.0,27350.0,12280300
2026-05-13,27400.0,27800.0,27250.0,27700.0,16286000
2026-05-14,27750.0,28100.0,27600.0,27800.0,13977800
2026-05-15,27850.0,28100.0,27500.0,27550.0,13065500
2026-05-18,27350.0,27550.0,27150.0,27450.0,10510600
2026-05-19,27500.0,27500.0,26650.0,26700.0,14045500
2026-05-20,26450.0,26500.0,25150.0,25800.0,19024500
2026-05-21,26000.0,26250.0,25750.0,25850.0,10622300
2026-05-22,25850.0,25900.0,25600.0,25850.0,7651700
2026-05-25,25900.0,26600.0,25900.0,26400.0,12112000
2026-05-26,26400.0,26650.0,26250.0,26500.0,8573600
2026-05-27,26600.0,26700.0,26250.0,26700.0,10431600
2026-05-28,26750.0,27000.0,25850.0,25850.0,15591700
2026-05-29,25850.0,26000.0,25550.0,25900.0,14130900
