Date,Open,High,Low,Close,Volume
2021-03-15,54462.928514954976,54462.928514954976,53718.13633013507,54276.73046875,310
2021-03-16,54276.72847813045,54276.72847813045,53345.73828125,53345.73828125,2400
2021-03-17,53066.44626358696,53997.43654891304,53066.44626358696,53531.94140625,1690
2021-03-18,53997.43105030224,53997.43105030224,53066.44085977979,53904.33203125,810
2021-03-19,53904.33203125,53904.33203125,52973.341840727546,53904.33203125,1730
2021-03-22,53718.13535358996,53811.234375,51669.956882569204,53811.234375,1440
2021-03-23,53811.23987369338,53811.23987369338,52321.65537891986,53438.84375,2530
2021-03-24,53438.84149147727,53438.84149147727,51204.46484375,51204.46484375,900
2021-03-25,51204.46558579749,52600.951010864694,51204.46558579749,51949.2578125,2010
2021-03-26,50832.064925986844,53066.44140625,50832.064925986844,53066.44140625,4130
2021-03-29,53997.43654891304,53997.43654891304,52135.45597826087,53531.94140625,900
2021-03-30,52135.451989619374,53811.234375,52135.451989619374,53811.234375,1930
2021-03-31,53811.23849184783,53811.23849184783,52321.654035326086,53531.94140625,260
2021-04-01,53997.437935540074,53997.437935540074,53438.84375,53438.84375,7580
2021-04-02,53997.437935540074,53997.437935540074,53066.447626306624,53438.84375,1050
2021-04-05,53438.84375,53438.84375,52135.457317073175,53438.84375,1180
2021-04-06,52135.45597826087,53531.94140625,52135.45597826087,53531.94140625,2840
2021-04-07,53531.936506304824,53531.936506304824,52135.45120614035,53066.44140625,2220
2021-04-08,53066.447626306624,53531.942780923346,52135.457317073175,53438.84375,270
2021-04-09,53438.840042140975,53438.840042140975,52321.65174857705,53159.54296875,240
2021-04-12,52228.551953818824,53066.4431616341,52135.45293072824,52414.75,3350
2021-04-13,52321.65097690941,52414.75,51856.15586145648,52414.75,3640
2021-04-14,52135.45293072824,52414.75,52042.353907637655,52414.75,3660
2021-04-15,52973.341160714284,52973.341160714284,48876.984375,48876.984375,6100
2021-04-16,52228.55078125,52228.55078125,51669.956655247326,52228.55078125,3680
2021-04-19,52228.55157073814,52973.34375,52228.55157073814,52973.34375,690
2021-04-20,52973.34375,52973.34375,52135.4525483304,52973.34375,3260
2021-04-21,52973.34375,52973.34375,52973.34375,52973.34375,0
2021-04-22,52880.24135044643,52880.24135044643,52135.44921875,52135.44921875,2010
2021-04-23,48783.88462611607,52135.44921875,48783.88462611607,52135.44921875,1340
2021-04-26,52135.44921875,52135.44921875,51669.95413643974,52135.44921875,1200
2021-04-27,52135.44921875,52135.44921875,51204.45905412947,52135.44921875,1700
2021-04-28,52135.44921875,52135.44921875,51204.45905412947,52135.44921875,1050
2021-04-29,52135.44921875,52135.44921875,50366.56790597098,52135.44921875,5470
2021-04-30,52135.44921875,52135.44921875,52135.44921875,52135.44921875,0
2021-05-03,52135.44921875,52135.44921875,52135.44921875,52135.44921875,0
2021-05-04,51204.45905412947,52135.44921875,49342.478724888395,52135.44921875,7180
2021-05-05,52135.45040035587,52600.94549321619,51669.95530749555,52321.6484375,4300
2021-05-06,51669.95530749555,52321.6484375,50180.371010342526,52321.6484375,11780
2021-05-07,52135.455869175625,52135.455869175625,50366.57433075717,51949.2578125,6010
2021-05-10,49807.979438920454,51204.46484375,48318.39500710228,51204.46484375,16200
2021-05-11,50738.96991401965,50925.16796875,49435.58353090722,50925.16796875,10580
2021-05-12,50273.474777193784,50925.16796875,49528.68255827239,50925.16796875,7760
2021-05-13,50366.568771502294,50738.96484375,49994.17269925459,50738.96484375,11440
2021-05-14,50738.966208065256,50738.966208065256,49994.1740435432,50645.8671875,2180
2021-05-17,49807.9775390625,50273.47265625,49435.5814453125,50273.47265625,4460
2021-05-18,49621.779492187496,50273.47265625,49435.5814453125,50273.47265625,2360
2021-05-19,50180.37109375,50273.4701124768,49342.47992520872,50180.37109375,1980
2021-05-20,50180.3726489486,50180.3726489486,48690.78830315421,49807.9765625,6540
2021-05-21,49342.4845825427,49342.4845825427,48132.197224857686,49063.1875,3460
2021-05-24,49342.48279557761,51576.859375,49342.48279557761,51576.859375,4160
2021-05-25,51204.4632784296,52042.35449571299,50738.968157716605,51576.859375,2100
2021-05-26,49435.58181972022,51576.859375,49435.58181972022,51576.859375,1390
2021-05-27,49807.9765625,51483.75895151869,49528.67949766355,49807.9765625,320
2021-05-28,49342.482421875,50273.47265625,49342.482421875,50273.47265625,390
2021-05-31,48970.08826650943,49342.484375,48876.98923938679,49342.484375,870
2021-06-01,48783.884000712926,48970.08203125,45897.814527388306,48970.08203125,1730
2021-06-02,48225.294140624996,50087.274609374996,46549.51171875,48411.4921875,5270
2021-06-03,47294.303906249996,48411.4921875,47294.303906249996,48411.4921875,1420
2021-06-04,48411.4921875,48411.4921875,47480.501953125,48411.4921875,1080
2021-06-07,48411.48742675781,48411.48742675781,47480.49728393555,47666.6953125,13100
2021-06-08,47666.6953125,47666.6953125,47666.6953125,47666.6953125,0
2021-06-09,47573.59819316484,47573.59819316484,46456.40997727839,46735.70703125,22000
2021-06-10,46735.70703125,47480.4991751743,46735.70703125,46735.70703125,8700
2021-06-11,46735.709765625,48411.4921875,46549.51171875,48411.4921875,34600
2021-06-14,48411.494103773584,49342.484375,48318.395076650944,49342.484375,11600
2021-06-15,49342.484303977275,51204.46484375,49342.484303977275,51204.46484375,66600
2021-06-16,51204.46230362022,51204.46230362022,50273.47207991803,51111.36328125,16500
2021-06-17,50273.47457386364,51204.46484375,49994.17749289773,51204.46484375,19600
2021-06-18,51483.76192471591,51483.76192471591,50552.77165482955,51204.46484375,24600
2021-06-21,49249.38055475918,51111.360915997706,49249.38055475918,50738.96484375,37500
2021-06-22,50738.96855041059,51018.265625,49342.48317746351,51018.265625,18200
2021-06-23,50273.47226991758,50832.06640625,50273.47226991758,50832.06640625,8800
2021-06-24,50832.06640625,50832.06640625,49342.48204269689,50832.06640625,26300
2021-06-25,50273.47226991758,50832.06640625,49435.581065418955,50832.06640625,19800
2021-06-28,49621.77796128217,50832.06522863051,49435.57992015166,50645.8671875,41400
2021-06-29,50645.8671875,50645.8671875,49714.876981847425,50645.8671875,17700
2021-06-30,49807.97600241268,50645.8671875,49621.77796128217,50645.8671875,30400
2021-07-01,49807.97484000231,50459.66796875,49714.87582160978,50459.66796875,15900
2021-07-02,49714.878515624994,50366.5716796875,49528.68046875,50273.47265625,18800
2021-07-05,50273.47265625,50273.47265625,50273.47265625,50273.47265625,0
2021-07-06,50273.47265625,50273.47265625,50273.47265625,50273.47265625,0
2021-07-07,50273.47265625,50273.47265625,50273.47265625,50273.47265625,0
2021-07-08,50273.47265625,50273.47265625,50273.47265625,50273.47265625,0
2021-07-09,49807.9765625,49901.07558411215,49807.9765625,49807.9765625,1500
2021-07-12,49807.9765625,49807.9765625,49807.9765625,49807.9765625,0
2021-07-13,47015.006647347036,48690.7890625,44687.531070745696,48690.7890625,47300
2021-07-14,48690.7890625,48690.7890625,48690.7890625,48690.7890625,0
2021-07-15,42127.3046875,42127.3046875,42127.3046875,42127.3046875,27400
2021-07-16,42127.3046875,42127.3046875,42127.3046875,42127.3046875,0
2021-07-19,39101.58802979115,39939.47920185811,37891.30078125,37891.30078125,50200
2021-07-20,37332.70703125,37379.256541264025,36308.617810941396,37332.70703125,88300
2021-07-21,35843.123256138395,37612.004663584186,35843.123256138395,36494.81640625,87100
2021-07-22,37482.43213008283,39034.40234375,36306.69711972892,39034.40234375,77300
2021-07-23,39880.933223289314,40445.28605192077,39034.40398034214,39175.4921875,101700
2021-07-26,37905.69775152439,38752.22698170732,37623.52134146341,38564.109375,48200
2021-07-27,39410.64215147148,39410.64215147148,38564.11284511529,38752.23046875,52900
2021-07-28,38517.078953452525,38517.078953452525,37811.63794697903,38140.84375,30000
2021-07-29,38093.814335466865,39034.40234375,38093.814335466865,39034.40234375,229600
2021-07-30,39128.46830143541,39410.644755532296,38658.17421127392,39316.5859375,65200
2021-08-02,39504.70357356459,39504.70357356459,39316.5859375,39316.5859375,44500
2021-08-03,39363.61534651615,39598.762391596894,39128.46830143541,39316.5859375,141600
2021-08-04,39316.5859375,39316.5859375,39316.5859375,39316.5859375,0
2021-08-05,39128.46830143541,39410.644755532296,38281.93893914474,39316.5859375,170600
2021-08-06,39410.63865876678,42044.28515625,38564.109427432886,42044.28515625,205800
2021-08-09,42326.46108774039,44207.637136084406,42326.46108774039,44019.51953125,176300
2021-08-10,44019.51953125,44019.51953125,44019.51953125,44019.51953125,0
2021-08-11,42561.60900193118,43078.932426264044,41856.16796875,41856.16796875,127900
2021-08-12,41385.87673611111,43172.994140625,40445.28862847222,42326.46484375,68300
2021-08-13,42326.45886479592,42796.75285218254,41291.812092545355,41479.9296875,88200
2021-08-16,42232.40318644663,42702.69720856741,41479.93275105337,41856.16796875,109200
2021-08-17,41856.16796875,41856.16796875,41856.16796875,41856.16796875,0
2021-08-18,41009.641493055555,42326.46484375,41009.641493055555,42326.46484375,116100
2021-08-19,42326.46763392857,42890.82053571429,41715.085323660714,42796.76171875,67700
2021-08-20,42796.76171875,43125.967578125004,41385.87946428572,42796.76171875,145600
2021-08-23,41103.70230812013,42279.4375,41103.70230812013,42279.4375,71700
2021-08-24,41385.87394662922,41856.16796875,41009.63872893259,41856.16796875,49800
2021-08-25,41385.87394662922,41856.16796875,41103.69753335674,41856.16796875,41400
2021-08-26,41103.70158537444,41856.17209494651,41103.70158537444,41762.11328125,41500
2021-08-27,41668.05185145548,41668.05185145548,40915.58138912671,41197.7578125,20700
2021-08-30,42279.43258865871,42279.43258865871,41432.90334884129,41856.16796875,78700
2021-08-31,41856.166877665244,44677.93093683369,41385.87286780384,44113.578125,328400
2021-09-01,44207.63850911458,45336.34417317708,44019.5208984375,45148.2265625,299200
2021-09-02,45148.2265625,45148.2265625,45148.2265625,45148.2265625,0
2021-09-03,45148.2265625,45148.2265625,45148.2265625,45148.2265625,0
2021-09-06,45148.22551546392,46088.81354703609,44583.87269652062,45618.51953125,187300
2021-09-07,45571.49118652344,45571.49118652344,44207.63850911458,45148.2265625,248900
2021-09-08,45148.2265625,45148.2265625,45148.2265625,45148.2265625,0
2021-09-09,45806.64084201389,45806.64084201389,44207.64105902778,45712.58203125,377300
2021-09-10,45618.52180551965,45712.58061336608,44583.874919208894,45477.43359375,381900
2021-09-13,45477.431326514175,45618.51953125,44724.96090125645,45618.51953125,177200
2021-09-14,45618.51953125,45618.51953125,44724.96090125645,45618.51953125,378800
2021-09-15,45524.46178385417,45524.46178385417,44771.99134114583,45148.2265625,126700
2021-09-16,45148.2265625,45148.2265625,44630.90313313802,45148.2265625,109700
2021-09-17,44677.93500490838,44913.08203125,43549.229278468585,44913.08203125,249500
2021-09-20,44207.63734609207,44677.93136041221,43737.34333177195,43925.4609375,96400
2021-09-21,43925.4609375,43925.4609375,43925.4609375,43925.4609375,0
2021-09-22,43925.4609375,43925.4609375,43925.4609375,43925.4609375,0
2021-09-23,42796.76171875,44207.64397321429,42796.76171875,42796.76171875,108900
2021-09-24,42843.79112723214,42843.79112723214,42665.079375,42796.76171875,3770000
2021-09-27,42796.758897569445,43267.05295138889,42044.288411458336,42326.46484375,37600
2021-09-28,42326.45865738122,42326.45865738122,41385.8706872172,41573.98828125,99500
2021-09-29,43031.90726615288,43031.90726615288,41573.99565385698,41762.11328125,19700
2021-09-30,41573.99134669283,42326.46177830717,41573.99134669283,41950.2265625,36900
2021-10-01,42514.58068181818,42561.61008522727,41291.81619318182,41385.875,45500
2021-10-04,42326.46199087079,42326.46199087079,41479.93275105337,41856.16796875,4200000
2021-10-05,41856.17209494651,42138.348536036036,41715.083874401746,41762.11328125,28400
2021-10-06,41762.11328125,41762.11328125,41762.11328125,41762.11328125,0
2021-10-07,41950.229600694445,42984.87651909722,41668.05316840278,42326.46484375,142900
2021-10-08,42326.46484375,42326.46484375,42326.46484375,42326.46484375,0
2021-10-11,42326.46484375,42326.46484375,42326.46484375,42326.46484375,0
2021-10-12,41903.19695102769,42326.461566694634,41668.04994232383,42044.28515625,101100
2021-10-13,42044.28903729838,43925.465280577955,42044.28903729838,43737.34765625,329500
2021-10-14,43737.34765625,43737.34765625,43737.34765625,43737.34765625,0
2021-10-15,43172.98764675415,43172.98764675415,42326.45847720995,42561.60546875,83000
2021-10-18,42561.60546875,42561.60546875,42561.60546875,42561.60546875,0
2021-10-19,41950.22862303591,42232.4050487514,41385.87577160494,41903.19921875,85800
2021-10-20,41903.19674246652,43267.04938616071,41621.020333426335,42138.34375,291200
2021-10-21,42232.40603298611,42749.7294921875,42138.34722222222,42326.46484375,116800
2021-10-22,42514.57810807151,43455.16611931202,42514.57810807151,43408.13671875,616200
2021-10-25,43408.13671875,43408.13671875,43408.13671875,43408.13671875,0
2021-10-26,43408.13671875,43408.13671875,43408.13671875,43408.13671875,0
2021-10-27,43408.13671875,43408.13671875,43408.13671875,43408.13671875,0
2021-10-28,47499.697174015004,50227.402556285175,47217.52075515947,50133.34375,834300
2021-10-29,50321.46200619104,50321.46200619104,48816.52108637972,49851.16796875,504600
2021-11-01,49851.16796875,49851.16796875,49851.16796875,49851.16796875,0
2021-11-02,48722.46193181818,50509.57926136364,48722.46193181818,51732.34375,1102700
2021-11-03,50697.69723614387,51732.34411851416,48722.462278891515,49851.16796875,837700
2021-11-04,49380.874143431,49851.16818289225,48252.168448724005,49757.109375,350500
2021-11-05,49380.87185329861,50979.87151331019,49380.87185329861,50791.75390625,589700
2021-11-08,51262.047642299105,53613.51771763393,51073.93003627232,52672.9296875,714300
2021-11-09,52672.9296875,53613.51771763393,52202.63567243303,52672.9296875,373900
2021-11-10,52955.10595162592,52955.10595162592,50979.87109375,50979.87109375,602600
2021-11-11,51262.05164770102,52672.93380314233,50697.698785524495,50885.81640625,1151700
2021-11-12,51356.109160763255,52672.9324725777,50979.87392881627,51450.16796875,836600
2021-11-15,52296.696161684784,52296.696161684784,51262.04929517663,51920.4609375,635000
2021-11-16,50791.756565824464,55024.402946309834,49945.227289727394,53049.16796875,1137500
2021-11-17,53049.166366525424,55494.6953125,52578.87233845339,55494.6953125,844600
2021-11-18,55870.9301097973,57375.87098817568,55682.8125,55682.8125,755700
2021-11-19,55494.69565515351,55964.98968612938,53143.22550027412,53613.51953125,644400
2021-11-22,53707.577037917436,53801.63584183673,50039.28368506493,50697.6953125,641600
2021-11-23,50227.40284090909,51732.34375,49286.81477272727,51732.34375,275800
2021-11-24,51732.34569951479,51826.404509877546,50321.46354407348,50885.81640625,280900
2021-11-25,50885.815120829524,52202.638432643966,50603.63869686929,51450.16796875,454000
2021-11-26,52390.75356626158,52390.75356626158,50791.75390625,50791.75390625,568600
2021-11-29,49851.16775541431,50791.75582627118,49757.10894832863,49945.2265625,278900
2021-11-30,50321.4605155959,51638.28378142458,49945.22529678771,50509.578125,401800
2021-12-01,49945.22724931319,52014.52103365385,49286.815590659346,51356.109375,454900
2021-12-02,50791.75604363208,51262.05008107312,49380.87393130897,49851.16796875,263000
2021-12-03,49757.10926407201,50415.5209178499,46370.9921875,46370.9921875,599800
2021-12-06,47217.522114158164,47499.69854113521,44207.64022640306,46088.81640625,515300
2021-12-07,46135.843906563125,47875.931801102204,45712.57928356714,46935.34375,250400
2021-12-08,47029.40603168662,48722.46464882734,46935.347219623254,47123.46484375,342700
2021-12-09,47875.93179366838,50415.51953125,47781.87298857276,50415.51953125,528200
2021-12-10,52689.90549488847,52689.90549488847,50605.05311919145,50984.1171875,661700
2021-12-13,51173.64653716216,52689.90273085586,51173.64653716216,52595.13671875,515000
2021-12-14,54490.455552313244,55911.945697156196,54111.39151368846,55817.1796875,1434300
2021-12-15,56101.47757936508,59702.5859375,56101.47757936508,59702.5859375,1560800
2021-12-16,60745.01117895617,63872.289445579496,60745.01117895617,63777.5234375,1352600
2021-12-17,63777.52503106591,66241.44130269699,61597.906790776884,64346.12109375,1361400
2021-12-20,63493.222771139706,65388.542853860294,60650.242647058825,64440.8828125,814300
2021-12-21,62166.502853460974,66051.90928180229,62071.73684301363,64346.12109375,696100
2021-12-22,62640.338974423496,65388.55354364934,62261.27489590959,64725.19140625,740200
2021-12-23,64819.953101817504,66336.20931472552,61597.90864938798,63872.29296875,1343700
2021-12-24,63493.228470896946,63493.228470896946,60271.18404103054,62071.73828125,763200
2021-12-27,62071.740234375,63019.400390625,60271.1859375,61597.91015625,549200
2021-12-28,61597.91054154021,63019.40078480652,60934.54842801593,62450.8046875,637800
2021-12-29,62261.272265625,63019.400390625,60650.25,60650.25,290700
2021-12-30,60650.25,61597.91015625,59986.887890625,60650.25,295800
2021-12-31,60460.71796875,60839.78203125,58754.9296875,60650.25,264400
2022-01-03,60650.25,60650.25,60650.25,60650.25,0
2022-01-04,60934.5449931136,62545.56717800152,59797.35286260448,62356.03515625,639300
2022-01-05,63019.400390625,65199.01875,62261.272265625,62545.5703125,1128300
2022-01-06,62450.80940155807,66904.8125,61597.915191218126,66904.8125,1644400
2022-01-07,67852.4616307947,71548.3359375,67852.4616307947,71548.3359375,1093200
2022-01-10,72022.1706081081,76476.17326413585,66620.5078125,66620.5078125,1151800
2022-01-11,69179.18685588431,71264.0390625,68989.65483710106,71264.0390625,1176500
2022-01-12,71264.04411764706,75812.81289111389,67283.87144086359,75718.046875,1566000
2022-01-13,76570.94103016688,76570.94103016688,70505.91599807446,73822.7265625,942300
2022-01-14,69273.957421875,73822.726171875,69273.957421875,72022.171875,283800
2022-01-17,72022.16893564357,73443.65911200494,66999.5703125,66999.5703125,798400
2022-01-18,66525.73490349264,67283.86293658089,62545.56272977941,64440.8828125,426900
2022-01-19,63967.065261777854,68894.8984375,63967.065261777854,68894.8984375,567300
2022-01-20,68705.36207536279,71832.640625,67283.8718255277,71832.640625,528300
2022-01-21,72022.17463479415,72590.770750332,68705.36396082336,71358.8125,601600
2022-01-24,70032.07752821181,72116.92963324653,67283.86338975694,68231.5234375,582100
2022-01-25,68231.5275974026,72969.828125,64440.88717532468,72969.828125,1108600
2022-01-26,73159.359375,75812.80764248705,71074.50716483161,73159.359375,720200
2022-01-27,72969.83436288759,75718.04890382751,72022.17417635658,73348.8984375,816800
2022-01-28,72496.00497159091,75244.21953914141,71548.34477588384,75054.6875,569700
2022-01-31,75054.6875,75054.6875,75054.6875,75054.6875,0
2022-02-01,75054.6875,75054.6875,75054.6875,75054.6875,0
2022-02-02,75054.6875,75054.6875,75054.6875,75054.6875,0
2022-02-03,75054.6875,75054.6875,75054.6875,75054.6875,0
2022-02-04,75054.6875,75054.6875,75054.6875,75054.6875,0
2022-02-07,75623.28164209536,75812.81367628607,73443.66324890213,75528.515625,436000
2022-02-08,74391.31847993827,77708.12885802469,74012.2544367284,76760.46875,595100
2022-02-09,75812.81714108911,78181.96767674814,74865.1569268255,76570.9453125,701200
2022-02-10,77518.60552676361,77518.60552676361,75718.05111966275,76570.9453125,389300
2022-02-11,76381.41217604298,76570.94421618205,74865.15585493048,74959.921875,392600
2022-02-14,71927.40247742395,75623.27691302281,71927.40247742395,74770.3828125,506100
2022-02-15,74770.3828125,74770.3828125,74770.3828125,74770.3828125,0
2022-02-16,77329.06173594132,78371.48781326406,77139.52972188263,77518.59375,145500
2022-02-17,77423.83287721893,80551.11131656804,76002.3426775148,80077.28125,462400
2022-02-18,79224.39803614098,81404.01664239845,78087.20571983274,79319.1640625,418700
2022-02-21,79319.1534909739,79319.1534909739,77897.66328504248,78087.1953125,170000
2022-02-22,76665.70006502447,77708.12614749081,75338.97596006731,77423.828125,260600
2022-02-23,77518.60385366586,79792.9883188101,77329.07181490384,78845.328125,265900
2022-02-24,78845.32147165258,78845.32147165258,75812.80910735826,78561.0234375,319700
2022-02-25,78276.72851324604,80551.11287682704,77518.60039205238,77802.8984375,643700
2022-02-28,77044.76668314873,78655.78886471518,74391.3183840981,74865.1484375,481500
2022-03-01,74865.15675796488,75718.05094887842,72875.0703125,72875.0703125,641300
2022-03-02,72496.00766321656,74865.15824044586,70979.7512937898,74391.328125,590800
2022-03-03,73917.4921875,76286.642578125,73159.3640625,75812.8125,295700
2022-03-04,74391.31876782319,76191.87298003802,73822.722700808,74770.3828125,232200
2022-03-07,72969.82967526109,74675.61790143602,72590.765625,72590.765625,305100
2022-03-08,72116.9347113135,72495.99875710226,69937.31644802807,70884.9765625,650900
2022-03-09,70221.61960227272,70790.21571241258,67757.703125,67757.703125,581700
2022-03-10,68421.06558668255,70600.68401949931,68231.53354904632,69558.2578125,244100
2022-03-11,69747.78591160222,69937.31793853591,68610.59375,68610.59375,136300
2022-03-14,67852.46441831683,68421.06048886139,64535.65400680693,66999.5703125,411900
2022-03-15,67852.4652586207,68705.359375,65388.54892241379,68705.359375,210400
2022-03-16,68800.12734375,70505.915625,68705.361328125,70126.8515625,207200
2022-03-17,71074.51171875,71358.809765625,70032.085546875,70126.8515625,153800
2022-03-18,70979.745703125,72685.533984375,70126.8515625,72022.171875,307500
2022-03-21,72969.8363337126,73538.43246098829,72401.24020643692,72875.0703125,249300
2022-03-22,72780.30079155673,72780.30079155673,71453.5765583773,71832.640625,158800
2022-03-23,72685.53517173052,72875.06720607662,71169.2788969617,71737.875,145300
2022-03-24,71737.87144981568,71737.87144981568,70316.38126256703,70695.4453125,149800
2022-03-25,70695.4480505751,71264.04414749662,69937.31992134641,70032.0859375,168800
2022-03-28,68705.359375,69463.48747844828,68610.59336206896,68705.359375,136100
2022-03-29,70979.73757595486,70979.73757595486,68231.5234375,68231.5234375,270800
2022-03-30,68231.5234375,69653.01350911458,67757.69341362847,68231.5234375,154500
2022-03-31,68231.53354904632,70979.7480947718,68231.53354904632,69558.2578125,187900
2022-04-01,69653.01950431034,70126.84956896551,68515.82734913794,68705.359375,195600
2022-04-04,68800.12042682926,71074.50457317074,68800.12042682926,69937.3125,212600
2022-04-05,70979.74452178668,72022.17067631225,70411.1484375,70411.1484375,361900
2022-04-06,69937.32533557047,70884.9855704698,69084.43112416107,70600.6875,188000
2022-04-07,70979.74328512396,70979.74328512396,68800.125,68800.125,195100
2022-04-08,68705.361328125,71453.57578125,68705.361328125,70126.8515625,322100
2022-04-11,70126.8515625,70126.8515625,70126.8515625,70126.8515625,0
2022-04-12,70126.8515625,71074.51171875,68705.361328125,70126.8515625,264000
2022-04-13,69273.95817529684,71832.640625,69273.95817529684,71832.640625,257800
2022-04-14,72306.47457885742,72780.3046875,71453.58038330078,72780.3046875,380100
2022-04-15,72780.29620253164,76760.46865110759,72780.29620253164,74865.1484375,789800
2022-04-18,74959.91913377194,77044.77149906015,74012.25896773183,75623.28125,558400
2022-04-19,75338.98281054443,76950.00508448061,73159.36443992492,75718.046875,533700
2022-04-20,72590.7660130719,74012.25620915034,72116.93594771242,72496.0,424900
2022-04-21,71074.49967893836,71264.03167808219,68894.88168878424,69179.1796875,315400
2022-04-22,69179.18574089404,73822.72012624172,64440.88534768212,71548.3359375,717900
2022-04-25,71548.33986928104,75623.27843137256,67852.46535947712,72496.0,648900
2022-04-26,72401.23479406131,74865.15116139848,70316.38248323755,74201.7890625,489200
2022-04-27,73917.49140824808,74391.32148137788,72496.0011888587,74107.0234375,652900
2022-04-28,74865.14862575302,79224.38512801206,74580.850592997,78655.7890625,1353600
2022-04-29,78845.32537834691,83394.09415017463,78655.79334618742,81404.0078125,392300
2022-05-02,81404.0078125,81404.0078125,81404.0078125,81404.0078125,0
2022-05-03,81404.0078125,81404.0078125,81404.0078125,81404.0078125,0
2022-05-04,82920.263671875,82920.263671875,79508.687109375,79603.453125,391600
2022-05-05,79603.453125,83204.56171875,74107.02421875,81498.7734375,993700
2022-05-06,78750.56503299689,79603.45923913043,76097.11639169254,76286.6484375,493100
2022-05-09,74201.78655916221,75812.80874499332,70979.7421875,70979.7421875,532500
2022-05-10,66051.90575257491,75907.5703125,66051.90575257491,75907.5703125,418500
2022-05-11,76191.88138282172,80266.8203125,72022.17643152302,80266.8203125,511600
2022-05-12,80077.27985207805,80077.27985207805,74675.6171875,74675.6171875,426300
2022-05-13,73917.49509720327,73917.49509720327,69463.4921875,69463.4921875,318800
2022-05-16,69747.79087243401,72211.70739781891,64630.42578125,64630.42578125,310100
2022-05-17,61597.90290178572,67283.86316964286,61597.90290178572,66336.203125,390300
2022-05-18,67283.86776118157,70979.7421875,65388.54754255674,70979.7421875,274400
2022-05-19,66430.97767562665,74012.25900808048,66430.97767562665,71832.640625,363000
2022-05-20,71643.1078125,73917.4921875,69558.25546875,72022.171875,453800
2022-05-23,71927.40127241562,71927.40127241562,67283.86680291843,67378.6328125,226800
2022-05-24,67473.403125,70126.8515625,66336.2109375,70126.8515625,208500
2022-05-25,70979.74334994973,71074.50936243297,68515.82702538538,70695.4453125,288900
2022-05-26,70505.921875,70505.921875,67662.94115423386,70505.921875,359400
2022-05-27,69653.0234375,70126.85352891157,68231.53316326531,69653.0234375,327100
2022-05-30,69842.54168450342,69842.54168450342,68231.51969178082,69179.1796875,122400
2022-05-31,68894.88131626196,71737.86128804719,68231.51932284542,69273.9453125,462000
2022-06-01,69273.96014878922,71169.28053589699,66336.21354877217,69463.4921875,463200
2022-06-02,69463.4921875,69463.4921875,69463.4921875,69463.4921875,0
2022-06-03,68326.29923513986,69558.25747377622,67189.10701486014,67757.703125,311000
2022-06-06,67757.70399305556,68042.00205176767,65388.55350378788,65672.8515625,438700
2022-06-07,65388.55304621848,67757.70351890755,63114.168592436974,67662.9375,372600
2022-06-08,68136.7574327257,68610.58745659722,67094.33138020833,68231.5234375,239200
2022-06-09,68326.28944227431,68421.05544704861,66904.79937065972,68231.5234375,92000
2022-06-10,66904.80314700704,70032.08148107395,66904.80314700704,67283.8671875,308600
2022-06-13,65862.37287454044,67283.86293658089,64061.818795955885,64440.8828125,283400
2022-06-14,63967.05279181986,66430.96889935662,62735.09473805147,64440.8828125,225900
2022-06-15,64440.894187779435,65388.55439642325,61976.97764530551,63588.0,218800
2022-06-16,65104.24495584239,65388.54296875,63967.05290421196,65388.54296875,138900
2022-06-17,63777.5219142356,65767.60803637371,63493.2238967873,64156.5859375,116900
2022-06-20,64346.12420194893,64819.95427707374,61692.67578125,61692.67578125,123600
2022-06-21,63019.40202437107,63019.40202437107,59702.591391509435,60271.1875,146500
2022-06-22,61597.90606098791,61597.90606098791,58565.39376260081,58754.92578125,142600
2022-06-23,58660.16634577409,61124.08286433649,57143.91002665876,59986.890625,114100
2022-06-24,61124.07886486757,61124.07886486757,58944.46054875602,59039.2265625,36900
2022-06-27,59039.231261322464,60650.25362318841,57333.44287817029,58849.69921875,161400
2022-06-28,58849.69185267857,60460.714012896824,58281.09579613095,59702.5859375,101400
2022-06-29,59702.59175145349,62166.50823643411,59513.05971414728,61124.08203125,112500
2022-06-30,61124.080078125,63493.23046875,59228.759765625,63493.23046875,238400
2022-07-01,62356.03746785997,63114.16558297072,59702.58906497231,59892.12109375,94100
2022-07-04,60176.41598462301,61124.076078869046,59702.5859375,59702.5859375,26100
2022-07-05,59702.58587449597,60650.24596774194,57807.26568800404,58754.92578125,100200
2022-07-06,57333.43825753583,59323.524544161046,56196.24609375,56196.24609375,134500
2022-07-07,56291.01483850671,57238.675020973154,55911.95076552013,56480.546875,63800
2022-07-08,56859.60579371817,57996.79790959253,55438.11564887522,55817.1796875,126600
2022-07-11,55153.82070907361,56764.84296346235,55153.82070907361,56006.71484375,65800
2022-07-12,56006.71484375,56006.71484375,56006.71484375,56006.71484375,0
2022-07-13,58375.865625,58375.865625,57712.503515625,57807.26953125,48100
2022-07-14,57807.27102987422,60460.719536163524,57617.73899371069,60271.1875,131900
2022-07-15,60839.782829916396,61124.080880523485,58754.93045879777,59513.05859375,116800
2022-07-18,60460.71836496423,60460.71836496423,58754.930072535775,59607.82421875,63500
2022-07-19,59607.81783536585,60081.64786585366,57807.26371951219,58281.09375,107600
2022-07-20,58754.925843253965,60271.18199404762,58091.56377728174,59702.5859375,114700
2022-07-21,59702.58905245177,60650.24919614148,58944.4609375,58944.4609375,89100
2022-07-22,58944.45989191729,63019.3984375,58944.45989191729,63019.3984375,468700
2022-07-25,64061.81955199115,65293.77762029867,63493.2235204646,64251.3515625,180700
2022-07-26,63493.22855839416,64914.71875,63493.22855839416,64914.71875,116000
2022-07-27,63682.76058394161,64914.71875,63114.16450729927,64914.71875,184000
2022-07-28,65388.5436587274,68136.7578125,64535.64961100487,68136.7578125,434600
2022-07-29,69084.42732780612,70979.74769345239,68421.06519982993,69653.0234375,414800
2022-08-01,70032.08018691976,72022.1663627321,69558.25014505969,71453.5703125,222600
2022-08-02,71453.5773396164,72022.1734457672,69747.78902116402,71643.109375,294400
2022-08-03,70221.61448236965,72969.82881433824,70221.61448236965,70884.9765625,274900
2022-08-04,71169.27505704042,72969.82928617993,70221.61493644067,72685.53125,262500
2022-08-05,74391.322265625,74391.322265625,72685.533984375,73917.4921875,214000
2022-08-08,73917.49102011495,74296.55507662836,72496.00080818965,74201.7890625,176600
2022-08-09,73822.72500598659,74675.61913314176,73159.36290708813,74201.7890625,130000
2022-08-10,74107.02421875,76381.40859375,73917.4921875,75812.8125,262700
2022-08-11,75812.80660377358,76476.1686615566,73917.48643867925,75338.9765625,202500
2022-08-12,75338.97858796296,77708.12885802469,74391.31847993827,76760.46875,232200
2022-08-15,76950.00310945274,76950.00310945274,74486.08675373135,76191.875,183000
2022-08-16,76191.8765625,76191.8765625,74865.15234375,75812.8125,60400
2022-08-17,75718.04839915644,77234.3046875,74770.38821894172,77234.3046875,412900
2022-08-18,76855.23788185786,77139.53592581047,74865.15157418953,76002.34375,149500
2022-08-19,75812.8125,77234.302734375,75338.982421875,75812.8125,145200
2022-08-22,74865.15378577687,81119.7109375,74865.15378577687,81119.7109375,700100
2022-08-23,82256.90537219102,85194.65199262642,81688.30925210674,84341.7578125,210900
2022-08-24,84341.7578125,85194.65199262642,82446.43741221911,84341.7578125,224500
2022-08-25,84341.74392935983,88321.91611479029,84341.74392935983,85858.0,124200
2022-08-26,86142.29839433702,86237.06439917127,82067.3601864641,85763.234375,199100
2022-08-29,83204.56557233147,84815.58791257023,80835.41507198034,84341.7578125,234900
2022-08-30,84341.75811331134,86710.90862211221,84341.75811331134,86142.3125,150100
2022-08-31,86142.308203125,87184.734375,84910.35,87184.734375,207100
2022-09-01,87184.734375,87184.734375,87184.734375,87184.734375,0
2022-09-02,87184.734375,87184.734375,87184.734375,87184.734375,0
2022-09-05,85573.7023653315,88132.38449585636,85573.7023653315,85763.234375,150700
2022-09-06,86047.54657620922,86047.54657620922,84246.9921875,84246.9921875,175500
2022-09-07,83583.63401237201,83867.93208724403,79603.46096416382,83299.3359375,500400
2022-09-08,83394.09375,84057.455859375,81972.603515625,83394.09375,114200
2022-09-09,83394.0868596882,87184.72717149221,83394.0868596882,85099.875,203400
2022-09-12,85573.71954772474,86237.08171476137,84341.76123751387,85384.1875,141700
2022-09-13,85289.41792582418,86237.078125,82920.26742788462,86237.078125,233700
2022-09-14,84152.21618852459,86710.8984375,84152.21618852459,86710.8984375,169200
2022-09-15,86616.13135214505,92775.921875,85952.76929583758,92775.921875,421200
2022-09-16,92396.85746173469,94671.24164540817,92396.85746173469,92870.6875,246200
2022-09-19,92870.69806654676,96471.80676708632,88132.39714478418,92207.3359375,283000
2022-09-20,93818.36147992227,93818.36147992227,86710.90985265544,91449.2109375,304000
2022-09-21,91449.2039038162,93628.82223520249,90027.7136876947,91259.671875,120500
2022-09-22,89269.58633584807,92396.86483805931,89269.58633584807,91070.140625,82600
2022-09-23,91828.26634272703,91828.26634272703,88132.39184596093,89743.4140625,151500
2022-09-26,89553.87768190299,89553.87768190299,83488.85316164713,88890.515625,709400
2022-09-27,88606.22853662635,88606.22853662635,85763.24794186828,88132.3984375,153200
2022-09-28,84246.99170673077,87753.33444368132,84246.99170673077,86237.078125,165800
2022-09-29,86142.31365296636,87942.86806375443,80266.8203125,80266.8203125,160200
2022-09-30,78655.78366445916,85858.0,75812.80353200884,85858.0,464400
2022-10-03,85952.776171875,86047.5421875,79887.751171875,85289.4140625,139100
2022-10-04,85289.41286806342,85289.41286806342,81498.77229614949,83678.390625,54900
2022-10-05,83773.1647034368,86710.9114294623,82351.67435213414,85478.953125,144300
2022-10-06,82541.20343223315,85289.41801264045,81404.01119206462,84341.7578125,117900
2022-10-07,80903.12829142013,84246.2327662722,78515.19652366864,80712.09375,401400
2022-10-10,76031.75232142858,83577.6171875,75649.68321428572,83577.6171875,99200
2022-10-11,83577.61714003645,83577.61714003645,78610.71875,78610.71875,84000
2022-10-12,78610.71339154412,81189.6796875,78610.71339154412,81189.6796875,136500
2022-10-13,81189.6796875,81189.6796875,79279.33428308823,81189.6796875,49700
2022-10-14,81189.6796875,81571.74876838236,79374.85155330882,81189.6796875,107700
2022-10-17,80234.5078125,80234.5078125,79183.81782924107,80234.5078125,59200
2022-10-18,80234.50617732557,83100.0242550872,80234.50617732557,82144.8515625,67300
2022-10-19,82144.85238970588,82144.85238970588,80998.64514705882,81189.6796875,55400
2022-10-20,80234.50698529412,81189.6796875,79279.33428308823,81189.6796875,44700
2022-10-21,80330.02550523952,80330.02550523952,77368.99008233532,79756.921875,101300
2022-10-24,79852.44043445121,79852.44043445121,76891.40496379574,78324.1640625,76700
2022-10-25,78324.1640625,78324.1640625,75076.57677210365,78324.1640625,87400
2022-10-26,77368.99296016483,78228.6484375,75840.71655601343,78228.6484375,49800
2022-10-27,78133.13446679927,78133.13446679927,76413.82343941247,78037.6171875,131800
2022-10-28,78037.6155352231,78324.16736705379,76891.40820790037,78133.1328125,73500
2022-10-31,74885.54538508557,78133.1328125,74885.54538508557,78133.1328125,127200
2022-11-01,76509.33508978113,77846.57690158754,76413.81781750925,77464.5078125,80000
2022-11-02,77464.51776979814,77464.51776979814,76031.7585015528,76891.4140625,82400
2022-11-03,76700.37303204114,76700.37303204114,74503.47567246835,75458.6484375,102400
2022-11-04,74503.48036317567,74503.48036317567,70682.7890625,70682.7890625,123200
2022-11-07,69727.6153125,71637.9609375,65811.40678125,71637.9609375,233800
2022-11-08,66862.09421017402,71351.40625,66766.57693273092,71351.40625,82600
2022-11-09,71351.40956375838,71924.51325503355,68963.47751677853,71160.375,98200
2022-11-10,68294.85307597203,71351.40594091064,67817.26669082537,70014.1640625,86700
2022-11-11,70014.16690726903,70300.71875,68772.44225543478,70300.71875,50600
2022-11-14,66957.60886853449,69250.0234375,66957.60886853449,69250.0234375,63000
2022-11-15,67817.26594872237,69154.5078125,65811.40315305594,69154.5078125,126000
2022-11-16,66766.5753885361,71637.95642546791,66097.9544618984,71446.921875,103000
2022-11-17,71446.9243900507,75458.65009109632,70587.26888268378,75363.1328125,94200
2022-11-18,76127.27121550325,76127.27121550325,71733.47639001624,73548.3046875,229500
2022-11-21,73739.33970588236,73739.33970588236,72211.06323529412,73070.71875,24100
2022-11-22,74216.92753125,74216.92753125,68008.30425,71637.9609375,111800
2022-11-23,71542.44365624999,71637.9609375,70014.16715625,71637.9609375,50100
2022-11-24,71542.44365624999,71637.9609375,68867.95978125,71637.9609375,125800
2022-11-25,71637.95477303071,71637.95477303071,69918.64385847797,71542.4375,62200
2022-11-28,71542.44183238636,73548.3046875,70396.23448660715,73548.3046875,300800
2022-11-29,73834.8547369462,75458.6484375,72879.68197191456,75458.6484375,85200
2022-11-30,75840.71904006807,78324.16827815595,75458.6499265161,77177.9609375,79500
2022-12-01,76795.89182394803,77751.06460782797,76509.33998878404,77177.9609375,97300
2022-12-02,77177.9609375,77177.9609375,76127.27087523206,77177.9609375,105800
2022-12-05,78515.1986089939,78515.1986089939,76891.40496379574,78324.1640625,119000
2022-12-06,76413.8203125,77464.51034179688,76413.8203125,76413.8203125,117900
2022-12-07,74598.98969184028,76413.81786616161,74503.47241950757,75649.6796875,121100
2022-12-08,73548.30321050996,76795.890625,73548.30321050996,76795.890625,97700
2022-12-09,76413.82075471699,76413.82075471699,75458.64799528303,75936.234375,148200
2022-12-12,75936.23572716347,77942.09855769231,74503.4765625,74503.4765625,32300
2022-12-13,74694.50935546875,76413.8203125,74216.92297851562,76413.8203125,27800
2022-12-14,76413.8203125,76509.33758789062,75363.13028320312,76413.8203125,69300
2022-12-15,74981.06280311327,76413.8219649562,74981.06280311327,76318.3046875,101700
2022-12-16,75076.57845703125,77560.0276171875,75076.57845703125,76413.8203125,67500
2022-12-19,75745.203125,75936.23768521438,74694.51304382093,75745.203125,144500
2022-12-20,75745.19982311322,76222.78620283019,73643.8197523585,75936.234375,87400
2022-12-21,75458.64799528303,75936.234375,74216.92340801888,75936.234375,150100
2022-12-22,75936.23393554687,76413.8203125,74312.44025390626,76413.8203125,103000
2022-12-23,76222.7890625,76222.7890625,74694.51259006892,76222.7890625,139500
2022-12-26,76127.27028245192,80138.99594350961,74503.4765625,74503.4765625,130700
2022-12-27,74503.4764158323,76318.3046875,74503.4764158323,76318.3046875,85400
2022-12-28,76413.8219649562,76413.8219649562,74981.06280311327,76318.3046875,102400
2022-12-29,76031.7487768308,76031.7487768308,74981.05878117109,75649.6796875,88000
2022-12-30,75458.64551023573,76986.921875,74598.99005505584,76986.921875,385800
2023-01-02,76986.921875,76986.921875,76986.921875,76986.921875,0
2023-01-03,76413.81696428571,80234.5078125,75936.23060825893,80234.5078125,110300
2023-01-04,80234.5078125,80234.5078125,78706.23147321428,80234.5078125,137700
2023-01-05,80138.99383763425,80138.99383763425,78992.78653602327,80043.4765625,76800
2023-01-06,78897.26848989747,79756.92395770506,78324.16484469241,79183.8203125,186500
2023-01-09,78801.75330346295,78801.75330346295,77751.06325941677,78610.71875,114900
2023-01-10,78324.1640625,78324.1640625,77368.99133003049,78324.1640625,135200
2023-01-11,78324.1640625,78324.1640625,77177.95678353659,78324.1640625,77400
2023-01-12,77560.02914883863,78133.1328125,76891.40820790037,78133.1328125,154300
2023-01-13,78228.6484375,78228.6484375,77082.44113438645,78228.6484375,97900
2023-01-16,77846.57933646215,78228.6484375,77177.95840964591,78228.6484375,65300
2023-01-17,78228.6455276946,81189.6809505988,77846.57644086826,79756.921875,121600
2023-01-18,80043.47285502958,81189.6801035503,79852.43831360947,80712.09375,91400
2023-01-19,81094.16614768683,81094.16614768683,79852.4415776987,80521.0625,91200
2023-01-20,80521.0625,80521.0625,80521.0625,80521.0625,0
2023-01-23,80521.0625,80521.0625,80521.0625,80521.0625,0
2023-01-24,80521.0625,80521.0625,80521.0625,80521.0625,0
2023-01-25,80521.0625,80521.0625,80521.0625,80521.0625,0
2023-01-26,80521.0625,80521.0625,80521.0625,80521.0625,0
2023-01-27,81380.71875,81380.71875,79279.33868838027,81380.71875,79400
2023-01-30,80234.51798349057,80998.65625,80139.00070017688,80998.65625,69200
2023-01-31,80807.62168337264,80998.65625,79947.96613354953,80998.65625,72600
2023-02-01,80998.64598214286,81476.23233816965,80043.4732700893,80234.5078125,95400
2023-02-02,80234.5078125,80234.5078125,79279.33510044643,80234.5078125,88300
2023-02-03,80998.64598214286,80998.64598214286,80234.5078125,80234.5078125,80400
2023-02-06,80712.09416852679,80712.09416852679,80138.99054129464,80234.5078125,69400
2023-02-07,80234.5078125,80903.1287109375,80234.5078125,80234.5078125,128300
2023-02-08,79756.92104289941,81953.81826923077,79661.40377218935,80712.09375,80500
2023-02-09,80903.140625,80903.140625,79565.89863119835,80903.140625,57000
2023-02-10,80903.12829142013,80903.12829142013,79756.92104289941,80712.09375,86100
2023-02-13,81094.16658897673,81094.16658897673,77082.44103333831,80043.4765625,76500
2023-02-14,78897.26560650888,80807.61102071006,78897.26560650888,80712.09375,80100
2023-02-15,79565.88770796526,81094.1640625,79565.88770796526,81094.1640625,50300
2023-02-16,81189.6796875,81189.6796875,79947.95517463236,81189.6796875,81600
2023-02-17,81189.68133465842,81285.19860681685,80234.5086130742,81094.1640625,75900
2023-02-20,81189.6788699128,82144.8515625,80712.09252361918,82144.8515625,82300
2023-02-21,82144.85197368421,82144.85197368421,80998.6447368421,81667.265625,91900
2023-02-22,80712.09375,81189.6801035503,79470.36923076924,80712.09375,92300
2023-02-23,81094.16902149822,81094.16902149822,78992.78890551123,80807.6171875,123900
2023-02-24,79565.88528351665,80712.09251449168,78897.26439878122,80330.0234375,97700
2023-02-27,77368.99168165468,79756.92352368106,77368.99168165468,79661.40625,90500
2023-02-28,80234.52060931899,80234.52060931899,78897.27859916368,79947.96875,39800
2023-03-01,78228.64790925267,80521.0625,78228.64790925267,80521.0625,44600
2023-03-02,80234.5078125,80425.54235491072,79661.40418526786,80234.5078125,32800
2023-03-03,80234.50823353294,80712.09459206587,77846.57644086826,79756.921875,94200
2023-03-06,80139.00332287933,80234.52060931899,79183.83045848267,79947.96875,60600
2023-03-07,80712.09416852679,80712.09416852679,79470.36964285714,80234.5078125,46000
2023-03-08,79279.33468934911,80712.09375,78897.26560650888,80712.09375,120100
2023-03-09,80712.09416852679,80712.09416852679,79374.85237165178,80234.5078125,120800
2023-03-10,79279.33836142602,80234.5111127685,78610.71743548628,80043.4765625,148000
2023-03-13,79756.93417712067,80043.48603643966,78706.24402628434,79947.96875,115800
2023-03-14,78897.26521134176,79565.8861029633,78515.19613041516,79374.8515625,131900
2023-03-15,79374.85772235577,79565.89227764423,79279.34044471153,79470.375,84300
2023-03-16,79374.85863366789,79756.92774863138,77942.09945255474,78515.203125,105000
2023-03-17,78801.75164972694,78801.75164972694,77560.0270782767,78706.234375,46900
2023-03-20,79088.30893841913,79088.30893841913,76891.41146790748,77942.1015625,93900
2023-03-21,77942.0949695122,78324.1640625,76891.40496379574,78324.1640625,93000
2023-03-22,78324.16449386503,78324.16449386503,76891.40538726994,77846.578125,158600
2023-03-23,77846.57933646215,78228.6484375,76891.40658386753,78228.6484375,80000
2023-03-24,78801.75042873475,78801.75042873475,77655.54314977134,78324.1640625,92100
2023-03-27,78324.16856751825,78515.203125,77368.99578010949,78515.203125,97800
2023-03-28,78801.75330346295,78801.75330346295,77655.5459826853,78610.71875,88800
2023-03-29,78610.72040374088,78610.72040374088,76891.40938640511,78515.203125,138700
2023-03-30,78419.68419653707,78610.71875,77655.5459826853,78610.71875,78200
2023-03-31,77942.09574788902,79183.8203125,77942.09574788902,79183.8203125,129600
2023-04-03,79279.33551646706,79756.921875,78133.12825598802,79756.921875,124100
2023-04-04,79756.92316120426,79756.92316120426,78037.61224275915,78324.1640625,150000
2023-04-05,79470.36884236454,79470.36884236454,77560.0234375,77560.0234375,68500
2023-04-06,77560.03505434783,77846.5869079969,76891.4140625,76891.4140625,78800
2023-04-07,77273.47246142456,77273.47246142456,76413.81701995012,76604.8515625,55300
2023-04-10,76127.26848632813,76509.33758789062,75554.16483398438,76413.8203125,101400
2023-04-11,76413.81701995012,76604.8515625,75745.19612102555,76604.8515625,35200
2023-04-12,76604.85486328125,76795.8894140625,75649.682109375,76413.8203125,96600
2023-04-13,76509.34090108082,76509.34090108082,75840.71994439223,76222.7890625,18700
2023-04-14,76318.30680564312,76604.85864596469,75745.203125,75745.203125,16000
2023-04-17,76318.30514011336,76318.30514011336,75076.58052581864,75840.71875,54900
2023-04-18,75840.71709905661,75936.234375,75076.57889150943,75936.234375,47300
2023-04-19,75936.23150449811,75936.23150449811,75076.57605350378,75649.6796875,39000
2023-04-20,75936.23602802267,75936.23602802267,75267.61508186399,75840.71875,25100
2023-04-21,75840.71588574589,75840.71588574589,75172.09496483882,75554.1640625,27400
2023-04-24,75554.1640625,75554.1640625,74790.02586717762,75554.1640625,40700
2023-04-25,75076.57647712833,75172.09375,74025.88647554003,75172.09375,68600
2023-04-26,75172.09375,75172.09375,74312.43829415501,75172.09375,24100
2023-04-27,74503.47611464969,74981.0625,74216.9242834395,74981.0625,25100
2023-04-28,74885.541931385,75172.09375,74407.95556702669,75172.09375,27400
2023-05-01,75172.09375,75172.09375,75172.09375,75172.09375,0
2023-05-02,75172.09375,75172.09375,75172.09375,75172.09375,0
2023-05-03,75172.09375,75172.09375,75172.09375,75172.09375,0
2023-05-04,74503.47491197183,74598.9921875,74025.88853433098,74598.9921875,63200
2023-05-05,73930.37453867137,74407.9609375,73357.27086007703,74407.9609375,75500
2023-05-08,74407.95763644367,74598.9921875,73452.78488116196,74598.9921875,79500
2023-05-09,74598.9909708816,74598.9909708816,73452.7836832368,74216.921875,96600
2023-05-10,74216.92352609536,74216.92352609536,73548.30259342784,74121.40625,81600
2023-05-11,74121.40790322582,74121.40790322582,73548.30423387098,74025.890625,30600
2023-05-12,74025.890625,74025.890625,73452.78695564516,74025.890625,91200
2023-05-15,73643.82315891473,74025.89228036176,73643.82315891473,73930.375,35300
2023-05-16,74025.89228036176,74025.89228036176,73643.82315891473,73930.375,19900
2023-05-17,73930.3733467742,74121.40790322582,73548.30423387098,74025.890625,40500
2023-05-18,74216.9242834395,74981.0625,73739.33789808917,74981.0625,34200
2023-05-19,74981.06461609436,74981.06461609436,73643.8226993742,74407.9609375,37100
2023-05-22,73834.85114074551,74312.4375,73357.264781491,74312.4375,65500
2023-05-23,73548.30182529335,73930.37092568449,73261.75,73261.75,50500
2023-05-24,73261.75,73261.75,73261.75,73261.75,0
2023-05-25,73643.82315891473,74025.89228036176,72879.68491602068,73930.375,29800
2023-05-26,73930.375,73930.375,73357.27131782945,73930.375,18600
2023-05-29,74025.8856844473,74312.4375,73452.7820533419,74312.4375,57600
2023-05-30,74312.44200721153,74694.51111778847,74121.40745192308,74503.4765625,35500
2023-05-31,74312.44200721153,74503.4765625,73739.33834134616,74503.4765625,36700
2023-06-01,74503.4736969112,74503.4736969112,73834.8527791184,74216.921875,32300
2023-06-02,74216.92472956731,74503.4765625,73834.85561899039,74503.4765625,67100
2023-06-05,74503.4720437018,74503.4720437018,73834.85114074551,74312.4375,50700
2023-06-06,74790.0300565629,74790.0300565629,74025.8918184371,74407.9609375,48700
2023-06-07,74407.95634422111,76222.78454773869,73834.85270100502,76031.75,318200
2023-06-08,76031.75496532157,76031.75496532157,75649.68584489281,75745.203125,312000
2023-06-09,75076.57845703125,76604.85486328125,75076.57845703125,76413.8203125,468500
2023-06-12,77368.99133003049,78324.1640625,76413.81859756098,78324.1640625,375200
2023-06-13,79279.33891277641,79279.33891277641,76509.33791461917,77751.0625,363500
2023-06-14,76986.926380724,78324.16827815595,76795.89182394803,77177.9609375,345400
2023-06-15,77177.958515625,77177.958515625,76413.8203125,76413.8203125,434100
2023-06-16,76413.81619458129,77655.54070774323,76413.81619458129,77560.0234375,342000
2023-06-19,76413.81944444444,77560.0267361111,76413.81944444444,77368.9921875,305800
2023-06-20,77846.57769626525,79088.30224847561,76986.92223704269,78324.1640625,398100
2023-06-21,79279.33512865407,79279.33512865407,78324.16241626066,78419.6796875,265100
2023-06-22,78419.6796875,78419.6796875,78419.6796875,78419.6796875,0
2023-06-23,78228.64642137097,78228.64642137097,76795.88732940446,76986.921875,342800
2023-06-26,76986.9259301968,77655.546875,76509.33954105167,77655.546875,368500
2023-06-27,77560.0267361111,78133.13038194444,76891.40581597222,77368.9921875,271300
2023-06-28,77846.57944335937,77846.57944335937,76127.26848632813,76413.8203125,349800
2023-06-29,76318.30059382891,76700.36968315972,75649.6796875,75649.6796875,326000
2023-06-30,75649.6796875,76891.40422782513,75649.6796875,75649.6796875,480500
2023-07-03,76700.3729044345,77655.54566787701,75458.64831195922,77273.4765625,321000
2023-07-04,77273.478215888,77273.478215888,75936.23631845607,77177.9609375,258800
2023-07-05,77177.95685081149,77177.95685081149,76127.26684417915,76509.3359375,281800
2023-07-06,76222.7890625,76509.34090108082,75458.65082628446,76222.7890625,303100
2023-07-07,75936.23229751873,76509.3359375,75649.68047752809,76509.3359375,301200
2023-07-10,76891.4140625,76891.4140625,76222.79307065217,76891.4140625,278000
2023-07-11,76700.37126736112,77846.57855902778,76509.33671875,77368.9921875,408400
2023-07-12,77846.5756660471,77846.5756660471,76413.8166047088,77082.4375,343400
2023-07-13,77464.50946180556,77560.0267361111,76795.88854166666,77368.9921875,414400
2023-07-14,77846.58022056552,77942.09749690977,76604.85562809024,77273.4765625,349600
2023-07-17,77368.99306640626,77368.99306640626,76318.30303710938,76413.8203125,330800
2023-07-18,76413.82362155388,76700.37546013472,75936.23722391918,76222.7890625,352700
2023-07-19,76318.30139083958,77082.43957748127,76222.78411750936,76509.3359375,321300
2023-07-20,76891.40955790784,76891.40955790784,75936.23676836862,76700.375,268200
2023-07-21,75936.23272613065,76509.33636934673,75554.16363065326,76031.75,541700
2023-07-24,76222.78332149622,76222.78332149622,75363.12787050189,75649.6796875,171300
2023-07-25,75458.64933894231,75458.64933894231,74503.4765625,74503.4765625,144100
2023-07-26,74694.51231664541,74981.0641541773,74598.99503746812,74885.546875,58100
2023-07-27,75363.13160828027,75363.13160828027,74407.95883757962,74981.0625,70300
2023-07-28,74790.02839543269,74790.02839543269,74312.44200721153,74503.4765625,114000
2023-07-31,74025.88758680556,77368.9921875,74025.88758680556,77368.9921875,159800
2023-08-01,76318.30392602849,76413.82120253165,75076.57933148734,75458.6484375,216500
2023-08-02,75172.0991756258,75363.13373515726,74216.92637796856,74407.9609375,139600
2023-08-03,74407.96140180879,74885.54780361758,73739.3404392765,73930.375,143300
2023-08-04,74790.02595733484,74790.02595733484,73643.81866296956,73739.3359375,177200
2023-08-07,73739.33637548891,74025.88820078227,73070.71544980443,73261.75,255200
2023-08-08,73261.75,73930.37092568449,73166.23272490222,73261.75,155700
2023-08-09,73261.75210454993,73548.3039380749,72593.13115965834,72688.6484375,154400
2023-08-10,72688.65199535472,72688.65199535472,70682.7890625,70682.7890625,343900
2023-08-11,70778.296875,71160.36595394737,68676.91694078947,70778.296875,284500
2023-08-14,71064.85076530612,71064.85076530612,69727.60894982994,70205.1953125,182800
2023-08-15,70205.2002753586,70587.26939250341,68867.95836535178,69918.6484375,252500
2023-08-16,69918.64557613169,69918.64557613169,68581.40372085047,69632.09375,316800
2023-08-17,69250.01600477431,69536.5677951389,68103.80884331597,68772.4296875,233000
2023-08-18,68199.329296875,68199.329296875,64951.7421875,64951.7421875,387000
2023-08-21,66671.06130673632,66671.06130673632,64474.16387112752,66288.9921875,161200
2023-08-22,66288.99144616789,66288.99144616789,62850.36941149635,65429.3359375,238100
2023-08-23,65047.26048398264,65429.32956171528,63327.949634185745,64665.19140625,201100
2023-08-24,63996.578125,64665.199090485075,63041.40531716418,63996.578125,265300
2023-08-25,63996.57465930451,63996.57465930451,63136.91917880639,63518.98828125,238200
2023-08-28,63614.50835284583,66480.02674711816,63614.50835284583,66288.9921875,380600
2023-08-29,68485.88943066269,68485.88943066269,66575.54383984923,68103.8203125,425600
2023-08-30,68103.8198555014,68581.40625,65906.9224408078,68581.40625,436800
2023-08-31,69536.58024584487,69536.58024584487,67530.71735413781,68963.4765625,338200
2023-09-01,68963.4765625,68963.4765625,68963.4765625,68963.4765625,0
2023-09-04,68963.4765625,68963.4765625,68963.4765625,68963.4765625,0
2023-09-05,68963.47582836606,68963.47582836606,67817.26847387798,68103.8203125,256600
2023-09-06,68103.82196936446,68103.82196936446,66862.0973051264,68008.3046875,320800
2023-09-07,68103.80960607393,68103.80960607393,67053.11969630282,67817.2578125,284100
2023-09-08,67721.75307765152,69632.09872159091,66957.61482007576,69345.546875,419400
2023-09-11,69727.60310299296,70205.18942561619,67817.2578125,67817.2578125,383100
2023-09-12,67530.71618210306,68581.40625,67053.12978760446,68581.40625,274300
2023-09-13,67912.77507702465,68103.80960607393,66957.60243177817,67817.2578125,515500
2023-09-14,66862.09659495021,67721.75212259957,66002.44106730085,67148.6484375,311900
2023-09-15,66862.08673007246,66862.08673007246,65429.32772871377,65906.9140625,320600
2023-09-18,65047.25945542279,66193.46667049632,63901.052240349265,64951.7421875,294800
2023-09-19,64856.2249195772,64951.7421875,63041.39682904411,64951.7421875,296000
2023-09-20,63996.56796875,66862.0859375,63710.016171875,66862.0859375,261000
2023-09-21,67817.26440775496,67817.26440775496,65906.91893148018,67435.1953125,366800
2023-09-22,66002.43870278777,66384.5078125,64378.64498651079,66384.5078125,333000
2023-09-25,65906.91486672794,66002.43213465073,64187.604044117645,64951.7421875,249700
2023-09-26,64474.15917820561,64856.22826963202,62945.8828125,62945.8828125,237800
2023-09-27,62181.75129224887,63232.44140625,61131.061178247735,63232.44140625,234000
2023-09-28,64951.75153459822,64951.75153459822,62181.75036621094,64187.61328125,133900
2023-09-29,64856.231373651084,66384.5078125,63996.57587679856,66384.5078125,186500
2023-10-02,66575.54402692724,66575.54402692724,65047.26754998199,66288.9921875,101300
2023-10-03,65047.2668225365,65429.3359375,64092.09403512774,65429.3359375,138200
2023-10-04,63518.98239356884,65906.9140625,63518.98239356884,65906.9140625,126600
2023-10-05,65047.26028437954,65906.91570664007,64378.63940039913,65811.3984375,86600
2023-10-06,65429.335038219426,66384.5078125,64569.67954136691,66384.5078125,161400
2023-10-09,66288.9847832003,66288.9847832003,65333.812091799715,65811.3984375,96400
2023-10-10,65811.3984375,65811.3984375,65238.294822659656,65811.3984375,141100
2023-10-11,65715.88717057102,65715.88717057102,64569.67983620059,65238.30078125,169000
2023-10-12,65142.77941244453,65142.77941244453,64092.08942192123,64569.67578125,296700
2023-10-13,63996.57526705397,64092.09254357196,63232.43705491004,63710.0234375,249700
2023-10-16,63614.50706335617,64760.714397831056,62754.8515625,62754.8515625,295200
2023-10-17,63041.4007739486,63136.91804784852,61322.08984375,61322.08984375,316400
2023-10-18,61035.541637639326,61608.645314988054,58934.16148736067,59984.8515625,299800
2023-10-19,60844.49978298611,60844.49978298611,59220.70622519841,60175.87890625,154300
2023-10-20,60175.87993421053,61704.15625,59220.70723684211,61704.15625,171400
2023-10-23,60462.43644973467,60748.98828125,59220.711846501574,60748.98828125,152100
2023-10-24,60175.88402011041,60557.953125,59220.71125788643,60557.953125,200500
2023-10-25,59602.78184904153,60462.43735647963,59507.2645704373,59793.81640625,155500
2023-10-26,59220.71151426175,59220.71151426175,56259.67593854866,56928.296875,216500
2023-10-27,56641.747153072036,56641.747153072036,53967.263307733054,56355.1953125,213200
2023-10-30,54540.36654411765,56832.78125,54540.36654411765,56832.78125,76500
2023-10-31,56355.194112627985,56355.194112627985,54062.779436860066,55973.125,206000
2023-11-01,54444.85061961207,55400.0234375,53967.26421066811,55400.0234375,166400
2023-11-02,55113.46625212585,56164.15625,54158.29352678572,56164.15625,265200
2023-11-03,56641.74762286325,56641.74762286325,54826.919284188036,55877.609375,216200
2023-11-06,55400.01604587542,56737.2578125,55113.46423874158,56737.2578125,263600
2023-11-07,56737.26200064433,56737.26200064433,55400.02013530928,55591.0546875,240600
2023-11-08,55017.951342281885,56928.296875,54635.88223573826,56928.296875,284900
2023-11-09,56832.77990522541,58456.57361680328,56355.19351946721,58265.5390625,355500
2023-11-10,57310.36449710265,57787.95086791184,56832.77812629346,57692.43359375,335700
2023-11-13,57501.397209448165,57501.397209448165,56546.22449832776,57119.328125,294300
2023-11-14,57119.33263020834,57501.40174479167,56641.74623697917,57310.3671875,263500
2023-11-15,57596.91345136089,60080.36245589718,57596.91345136089,59220.70703125,526200
2023-11-16,59698.298527644234,59698.298527644234,58552.09119591346,59602.78125,298800
2023-11-17,60080.364560006106,60080.364560006106,57883.467286746745,58647.60546875,429400
2023-11-20,57883.467286746745,58647.60546875,57501.39819574512,58647.60546875,383600
2023-11-21,59125.19609764327,59125.19609764327,57501.40234375,57501.40234375,328900
2023-11-22,57978.985855331804,57978.985855331804,56832.7785567091,57214.84765625,274200
2023-11-23,57405.87911184211,57596.91365131579,56259.671875,56259.671875,365300
2023-11-24,55973.121704931975,56164.15625,54444.84534438776,56164.15625,349500
2023-11-27,55304.50038206155,56641.7421875,55017.94856661046,56641.7421875,216300
2023-11-28,56448.099098557694,56641.74609375,55286.21712740385,56641.74609375,262600
2023-11-29,56932.2144007732,56932.2144007732,55673.50898034794,56351.2734375,229500
2023-11-30,55867.155968105675,56351.2734375,55576.685486469076,56351.2734375,330100
2023-12-01,55576.685486469076,56351.2734375,55383.03849871134,56351.2734375,252900
2023-12-04,56157.62589738176,57900.44877005912,55770.33192567567,57319.5078125,667400
2023-12-05,59062.33301244076,61289.2734375,58094.0980450237,61289.2734375,1173900
2023-12-06,65549.5072561553,65549.5072561553,62547.978858901515,63903.5078125,716200
2023-12-07,65549.50636574074,65549.50636574074,61289.272569444445,62741.625,670900
2023-12-08,62451.155949519234,64871.74338942308,62354.33245192308,62935.2734375,514300
2023-12-11,63032.09375,63806.68169162826,61870.2118375576,63032.09375,453600
2023-12-12,62935.27301290761,63225.74350373641,62063.861540421196,62354.33203125,336500
2023-12-13,62160.68533597418,62451.15582819835,61482.920854117765,61870.21484375,440200
2023-12-14,61773.389901393246,61967.036891679745,60998.80194024725,61676.56640625,348300
2023-12-15,60998.801348286295,61289.27183089718,60030.56640625,60030.56640625,411900
2023-12-18,59546.4512651874,59546.4512651874,57803.62830132826,58771.86328125,454400
2023-12-19,58094.10092213115,59062.3359375,56835.39540215164,59062.3359375,478000
2023-12-20,59062.33030434339,59836.918242761014,58384.56585822798,59352.80078125,314100
2023-12-21,58578.21639866505,59836.921875,58384.56940230583,59836.921875,281800
2023-12-22,59159.15738774272,59836.921875,58868.686893203885,59836.921875,398000
2023-12-25,59255.97773626818,60030.565680533124,59062.33075020194,59933.7421875,515700
2023-12-26,59933.74507172953,61386.097537118774,59449.62758326645,60321.0390625,517700
2023-12-27,60224.21771415735,60998.80572334265,60030.57071186102,60611.51171875,464200
2023-12-28,60611.5085351874,60708.33203125,59836.920566686604,60708.33203125,529400
2023-12-29,60708.329578199526,60901.9765625,60127.388625298096,60901.9765625,608700
2024-01-01,60901.9765625,60901.9765625,60901.9765625,60901.9765625,0
2024-01-02,60514.68314569871,61095.62410389742,59933.7421875,59933.7421875,349200
2024-01-03,59740.09620807927,59740.09620807927,58675.03776676829,59546.44921875,623300
2024-01-04,59159.154072008634,59643.27153577303,58868.68359375,58868.68359375,547100
2024-01-05,58965.51275826446,59062.33626033058,58094.10123966943,58578.21875,515600
2024-01-08,58578.213392672056,58868.68387230514,58094.095926616916,58384.56640625,550200
2024-01-09,58190.9221764891,58287.74567428691,57513.157691904365,57706.8046875,608600
2024-01-10,57416.33130542652,57706.80178420608,57029.03733372044,57319.5078125,481600
2024-01-11,56932.21471440397,59643.27255794702,56932.21471440397,58481.390625,711300
2024-01-12,58481.39091193656,58481.39091193656,57222.6854784015,57997.2734375,521400
2024-01-15,57900.4509585084,58578.215434611346,57319.50997899159,57609.98046875,199700
2024-01-16,57706.803240740745,57706.803240740745,57029.038773148146,57513.15625,411300
2024-01-17,57513.155963063444,58094.096932387314,57319.508973288815,57997.2734375,378500
2024-01-18,57900.44894019486,58384.56640625,57513.15496735075,58384.56640625,464100
2024-01-19,58384.56899126838,59255.98046875,58384.56899126838,59255.98046875,666500
2024-01-22,59352.80396624796,59740.097956239784,58578.215986264295,59255.98046875,489100
2024-01-23,59836.91941784274,60805.15435987903,59352.8019468246,60030.56640625,818700
2024-01-24,60998.801348286295,60998.801348286295,59546.448935231856,60030.56640625,509600
2024-01-25,60030.56640625,60030.56640625,60030.56640625,60030.56640625,0
2024-01-26,59933.74537317961,60030.568871359224,59255.980885922334,59836.921875,586200
2024-01-29,60417.86111111111,60805.15509259259,59740.09664351852,60127.390625,588400
2024-01-30,60127.390349827714,63419.38917735452,59740.09637011868,63225.7421875,1708300
2024-01-31,63419.38917735452,63419.38917735452,61773.38976359111,63225.7421875,980700
2024-02-01,62354.3318655303,64387.62529592803,62257.5083688447,63903.5078125,738100
2024-02-02,63903.5078125,63903.5078125,63903.5078125,63903.5078125,0
2024-02-05,62547.976390255906,62741.62337598426,61482.91796875,61482.91796875,633500
2024-02-06,61482.92013616771,62935.272580329154,61192.44964733542,61773.390625,469000
2024-02-07,61773.388171386716,62644.79960327148,61482.9176940918,61967.03515625,276500
2024-02-08,61967.03515625,61967.03515625,61967.03515625,61967.03515625,0
2024-02-09,61967.03515625,61967.03515625,61967.03515625,61967.03515625,0
2024-02-15,62451.154367396,62451.154367396,61192.44893053375,61676.56640625,369000
2024-02-16,61676.56959389741,62644.80459537146,61482.9225936026,61579.74609375,593100
2024-02-19,61676.56683757776,62935.272283242615,60998.802366835145,62257.5078125,999900
2024-02-20,62354.33160266458,62741.625587774295,61676.56712872257,61773.390625,519600
2024-02-21,61773.38948518237,63903.50636398176,61482.91900170973,63709.859375,1599400
2024-02-22,63806.68169162826,65162.21058947772,63032.09375,63032.09375,1318800
2024-02-23,63128.919875592415,63516.21386255924,61289.2734375,61289.2734375,1431800
2024-02-26,61289.2734375,61773.39092120853,60708.332457049764,61289.2734375,775900
2024-02-27,61482.92043098341,61773.39092120853,60901.979450533174,61289.2734375,1032000
2024-02-28,61967.038643533124,62257.50913717468,60901.980166847396,61386.09765625,787200
2024-02-29,61482.92043098341,62547.97889514218,61192.44994075829,61289.2734375,871800
2024-03-01,61386.09909345519,61967.04009433962,61095.628593012974,61579.74609375,851900
2024-03-04,62354.33144590978,64290.80136659021,61773.39046970566,63322.56640625,1829500
2024-03-05,63516.214122137404,64290.802099236644,62547.979150763356,63419.390625,1338200
2024-03-06,63709.86225453173,65549.50873300605,62935.274263595165,64097.15625,1573500
2024-03-07,64387.62358469203,66808.2109375,64097.15310235507,66808.2109375,1915800
2024-03-08,67776.45202020202,68744.68704906205,67098.6875,67098.6875,2468700
2024-03-11,67195.51087462742,67679.62838813338,64581.27630169523,64968.5703125,1555300
2024-03-12,64678.09006811488,66711.38331875921,64097.14913935935,65743.1484375,1302100
2024-03-13,65936.80091672688,67485.97685603323,65839.97742052023,67001.859375,1393800
2024-03-14,67195.50075938881,68454.20610502578,65646.32494937409,65743.1484375,1920800
2024-03-15,65743.15335648149,66711.38831018518,65162.21238425926,65355.859375,1295800
2024-03-18,65452.681356424146,65936.79882207817,60998.80067240712,62547.9765625,2083300
2024-03-19,62547.97902513587,63225.74350373641,62257.50853430707,62354.33203125,598600
2024-03-20,62354.33245192308,63225.74393028847,61773.391466346155,62935.2734375,798600
2024-03-21,63419.39206383181,64000.333059836375,63128.92156582953,63613.0390625,801600
2024-03-22,63903.50956050228,64000.333059836375,63032.09806649543,63613.0390625,1195100
2024-03-25,63516.211213517665,64097.15216973886,62741.623271889395,63032.09375,727200
2024-03-26,62935.27025729646,63322.5642281106,62741.623271889395,63032.09375,650900
2024-03-27,63613.039374041415,63613.039374041415,62838.451375575154,63128.921875,456200
2024-03-28,63613.03616720903,63903.50665199081,63032.09519764548,63225.7421875,580100
2024-03-29,63322.56670117489,63419.390197659864,62838.44921875,62838.44921875,610900
2024-04-01,62935.272283242615,63322.5662665241,62063.860820859256,62257.5078125,719500
2024-04-02,62354.33144590978,63322.56640625,61676.56697367164,63322.56640625,624000
2024-04-03,63225.74350373641,63225.74350373641,62257.50853430707,62354.33203125,482600
2024-04-04,62354.32940452756,62354.32940452756,61482.91796875,61482.91796875,635400
2024-04-05,60998.80572334265,61289.27622678714,60611.51171875,60611.51171875,703700
2024-04-08,60611.50737147177,60708.3308656754,60030.56640625,60030.56640625,407800
2024-04-09,59933.74537317961,59933.74537317961,59062.33388956311,59836.921875,475200
2024-04-10,59836.918242761014,60321.03570427202,59255.9772889478,59352.80078125,580500
2024-04-11,59062.3308587272,59062.3308587272,58384.56640625,58384.56640625,684300
2024-04-12,58771.865432889346,59062.3359375,57803.63041752049,59062.3359375,950000
2024-04-15,59255.975737235916,59255.975737235916,54995.7421875,54995.7421875,1287700
2024-04-16,54995.745222571946,55189.39221279227,53059.2753203687,53833.86328125,791000
2024-04-17,54414.80664422191,54414.80664422191,52575.16015625,52575.16015625,522600
2024-04-19,50638.686319040695,51606.92123909883,49089.51044694767,49960.921875,1151400
2024-04-22,50154.57287713473,51219.63137452562,50057.74937737192,51025.984375,307500
2024-04-23,51025.980097462874,51316.450572400994,48799.03978960396,48895.86328125,625000
2024-04-24,49379.98207456979,50929.157982791585,49283.15858030593,50638.6875,771300
2024-04-25,51122.80642857143,51606.92391369048,50541.86544642857,50832.3359375,328300
2024-04-26,50348.21773616412,51122.80570133588,50348.21773616412,50735.51171875,349000
2024-04-29,50735.51171875,50735.51171875,50735.51171875,50735.51171875,0
2024-04-30,50735.51171875,50735.51171875,50735.51171875,50735.51171875,0
2024-05-02,50832.335069444445,52284.6875,50832.335069444445,52284.6875,489100
2024-05-03,52284.68996863383,52768.807468343395,51800.572468924256,52091.04296875,429800
2024-05-06,52284.687641787656,53446.56958938294,52187.864146154716,53349.74609375,508000
2024-05-07,53543.39483776232,53833.865334169706,52865.63034614507,53059.27734375,420400
2024-05-08,53059.27517201835,53059.27517201835,51897.39323394495,52768.8046875,510400
2024-05-09,52671.98297413793,56157.62890625,52671.98297413793,56157.62890625,1730800
2024-05-10,56641.74701891447,56738.57051809211,54705.27703536184,55189.39453125,490100
2024-05-13,55867.15712577847,56157.62761343416,54027.51070395907,54414.8046875,409100
2024-05-14,55189.389113334764,56835.38843776756,54511.62468562714,56544.91796875,1237200
2024-05-15,57125.86430780717,57125.86430780717,56351.27631719283,56738.5703125,409500
2024-05-16,57029.04111983649,57029.04111983649,56254.453125,56254.453125,448400
2024-05-17,56254.45038132441,57609.97930617559,56254.45038132441,56932.21484375,460400
2024-05-20,58771.859735194754,60901.9765625,58675.03624304452,60901.9765625,2045300
2024-05-21,61870.213829218505,63032.095779062984,61095.62586265552,62257.5078125,2202000
2024-05-22,62838.45191783875,62838.45191783875,60611.511403030905,61095.62890625,1534700
2024-05-23,61095.62899143302,62354.33450155763,60514.687986760124,62160.6875,1422500
2024-05-24,61967.03658536585,62354.33056402439,58868.68475609756,59546.44921875,1660200
2024-05-27,59449.62615740741,60998.802083333336,58578.21469907407,60127.390625,728700
2024-05-28,60901.9790233752,60901.9790233752,60030.5675588118,60708.33203125,538900
2024-05-29,60514.68314569871,60805.15362479806,59546.44821536753,59933.7421875,719600
2024-05-30,59546.45344518443,60224.21795594262,58190.92442366803,59062.3359375,1124100
2024-05-31,59062.33057925576,59836.918521278785,58675.03660824425,58868.68359375,296900
2024-06-03,58868.68359375,58868.68359375,58868.68359375,58868.68359375,0
2024-06-04,61095.62704404093,61192.450541733546,60224.21556480738,60321.0390625,475600
2024-06-05,60998.805092865565,63225.745596255896,60224.21709168632,61579.74609375,2520900
2024-06-06,61579.74163119195,62935.27053502321,61579.74163119195,62547.9765625,1095800
2024-06-07,62935.27053502321,62935.27053502321,61386.09464493034,62547.9765625,675000
2024-06-10,62644.80239188389,62644.80239188389,61289.2734375,61289.2734375,723800
2024-06-11,61579.741007551675,61773.38799185215,60514.68259389905,60901.9765625,660700
2024-06-12,60611.51148753894,62160.6875,60321.04098520249,62160.6875,660400
2024-06-13,62354.33203125,62547.97902513587,61579.74405570652,62354.33203125,670000
2024-06-14,62451.15570262739,62547.97919984077,60805.15625,60805.15625,799500
2024-06-17,61192.447596930535,61192.447596930535,59740.09520143377,59933.7421875,502300
2024-06-18,59933.747210712856,60611.51171875,59836.9237095647,60611.51171875,355700
2024-06-19,60611.5085351874,60708.33203125,59836.920566686604,60708.33203125,509900
2024-06-20,60901.97673950195,63128.91706542968,60611.50626220703,61967.03515625,1459500
2024-06-21,62547.976110839845,62741.62309570312,61386.094201660155,61967.03515625,689000
2024-06-24,61967.03554119548,61967.03554119548,59449.62472233441,59933.7421875,943800
2024-06-25,59933.74235491071,60998.80078125,59159.15440848214,60998.80078125,409300
2024-06-26,60901.97941524621,63903.5078125,59933.74444839015,63903.5078125,2336700
2024-06-27,63903.50987346626,65549.50937020706,63128.921875,63128.921875,1488600
2024-06-28,63709.86055054859,63709.86055054859,60805.155662225705,61773.390625,1137000
2024-07-01,61967.04041204438,62160.687413332016,61095.62890625,61095.62890625,452100
2024-07-02,61192.44964733542,61870.21412127743,60901.979158503134,61773.390625,659100
2024-07-03,62160.68533597418,62160.68533597418,61192.450361893585,61870.21484375,545500
2024-07-04,61967.03761755486,61967.03761755486,61192.44964733542,61773.390625,446500
2024-07-05,61482.9176940918,61967.03515625,61192.44721679687,61967.03515625,451100
2024-07-08,61967.035603715165,63322.564507546434,61967.035603715165,62547.9765625,1253500
2024-07-09,62935.270157889805,64968.5635014524,62935.270157889805,64581.26953125,1678400
2024-07-10,64678.09461140888,64678.09461140888,63225.7421875,63225.7421875,755900
2024-07-11,63903.510191267385,64000.333691557185,62644.8046875,62644.8046875,603700
2024-07-12,62935.2734375,63419.39092548077,62547.97944711539,62935.2734375,576000
2024-07-15,63419.39115978422,65355.861118861605,63128.92066592262,65065.390625,1532100
2024-07-16,65549.50579379563,66711.38772810219,64581.270848540145,66324.09375,1636300
2024-07-17,66517.74058211238,66517.74058211238,62063.85984444548,65259.03515625,1646600
2024-07-18,64871.74161305147,65839.9765625,63225.74219898897,65839.9765625,1255300
2024-07-19,65355.857646570796,65743.15161780974,64678.09319690266,65646.328125,926200
2024-07-22,65646.33131000739,65646.33131000739,64000.33185238183,65549.5078125,1161000
2024-07-23,65162.210486553595,65743.15144185719,64581.26953125,64581.26953125,1200100
2024-07-24,63806.679173673394,64774.9140625,62741.620795964125,64774.9140625,803600
2024-07-25,64000.334038078865,67679.62706901229,63613.04003482272,66905.0390625,961800
2024-07-26,66905.03998922414,70681.15657327586,66905.03998922414,70197.0390625,1909300
2024-07-29,70390.68400409278,71262.09549795362,69325.62551159618,70971.625,796500
2024-07-30,71068.44849931788,71068.44849931788,69519.27251023192,70971.625,829900
2024-07-31,70681.1484375,70681.1484375,69906.56050941782,70681.1484375,836100
2024-08-01,70197.02889129234,70390.67586754418,65743.1484375,65743.1484375,2297100
2024-08-02,63322.56377180232,67195.50345203489,63322.56377180232,66614.5625,1409500
2024-08-05,64871.741898148146,65839.97685185185,62935.271990740745,65355.859375,1281800
2024-08-06,65355.8574493838,69712.91461267606,64290.79903169014,68744.6796875,1152400
2024-08-07,68744.67914496528,69712.9140625,67098.67978515624,69712.9140625,897400
2024-08-08,68647.8559222028,69616.09084353146,67292.32703234266,69228.796875,928300
2024-08-09,69228.796875,69712.91433566433,68260.56195367132,69228.796875,559800
2024-08-12,69035.15944303019,70390.68852045295,68744.6889264396,68938.3359375,466200
2024-08-13,68454.21840984901,69616.10047621137,67873.27737666784,68938.3359375,688200
2024-08-14,68938.32612847222,72133.50135633681,68551.03216145834,69712.9140625,1250100
2024-08-15,69809.73662605933,69809.73662605933,68454.20775953389,68551.03125,541900
2024-08-16,68744.68512275242,70487.50812586445,68551.03812240664,70003.390625,943900
2024-08-19,70584.3330711207,71649.39159482758,70100.21556034483,70197.0390625,785800
2024-08-20,70197.0390625,71068.45058189656,69712.92155172414,70197.0390625,655300
2024-08-21,70100.20802951389,70100.20802951389,69228.79660373264,69712.9140625,851000
2024-08-22,69712.9140625,70197.03152126736,69325.62009548611,69712.9140625,447600
2024-08-23,70197.03443327003,71649.38686982045,69228.79947556974,70100.2109375,750100
2024-08-26,70487.5058180536,70487.5058180536,68647.859375,68647.859375,900400
2024-08-27,68744.68171296296,68744.68171296296,66905.03530092593,67970.09375,1290900
2024-08-28,67873.26908723022,68260.56306205035,67001.85764388488,67292.328125,649800
2024-08-29,67001.85655594405,69228.796875,67001.85655594405,69228.796875,775900
2024-08-30,69131.97311197917,69712.9140625,68647.85565321181,69712.9140625,408400
2024-09-04,68066.91470269098,69712.9140625,68066.91470269098,69712.9140625,418300
2024-09-05,69712.91724617525,69712.91724617525,68357.38829972183,69616.09375,507400
2024-09-06,69131.97311197917,69712.9140625,68551.03216145834,69712.9140625,424600
2024-09-09,68841.51243196981,69712.92398174158,68551.04191537922,68938.3359375,418200
2024-09-10,69228.796875,69712.91433566433,68357.38544580419,69228.796875,450600
2024-09-11,68744.68257615546,69228.80005908613,68551.0355829832,69131.9765625,375100
2024-09-12,69228.80005908613,69228.80005908613,68454.21208639706,69131.9765625,417500
2024-09-13,69035.15336301128,69131.97686001411,68454.21238099436,68647.859375,291100
2024-09-16,68841.50989064723,68841.50989064723,67292.33385935277,68066.921875,494300
2024-09-17,68066.91810005251,69131.9765625,67389.15362394958,69131.9765625,235300
2024-09-18,69035.15306591387,69131.9765625,68454.21208639706,69131.9765625,351200
2024-09-19,69131.97626912378,69616.09375,68647.85878824757,69616.09375,346300
2024-09-20,70197.03826262272,70197.03826262272,69035.15625,69035.15625,371100
2024-09-23,69035.14989073426,69325.62036713287,68454.20893793706,69228.796875,244300
2024-09-24,68744.67914496528,70197.03152126736,68744.67914496528,69712.9140625,444300
2024-09-25,69712.92155172414,70197.0390625,69519.27454741379,70197.0390625,443800
2024-09-26,70197.03152126736,71165.26643880208,69616.09057074653,69712.9140625,720400
2024-09-27,69712.92075736326,69712.92075736326,68938.33274894812,69035.15625,465700
2024-09-30,69035.15219907407,69035.15219907407,67776.44675925926,67970.09375,521600
2024-10-01,67970.0983730441,68647.86288673541,67776.4513691323,68066.921875,428300
2024-10-02,68066.91607464029,68066.91607464029,67292.328125,67292.328125,495400
2024-10-03,67001.86256331403,68066.92107226845,65839.98055354558,66905.0390625,541800
2024-10-04,67292.32424751473,67292.32424751473,65646.32494937409,65743.1484375,516400
2024-10-07,65839.97944078947,66324.09693667763,65355.86194490131,66227.2734375,289500
2024-10-08,66227.27169759825,66517.7421875,65743.15421442868,66517.7421875,184600
2024-10-09,66517.7439350329,67001.86143092105,65936.8029399671,66227.2734375,303300
2024-10-10,66227.27662884333,66614.57064421668,66130.453125,66130.453125,243800
2024-10-11,66324.10013268667,66324.10013268667,65549.51210193997,66130.453125,296400
2024-10-14,66130.453125,66324.10013268667,65646.3356057833,66130.453125,232700
2024-10-15,65936.7986034292,66711.38654590708,65646.328125,65646.328125,272000
2024-10-16,66033.62209623893,66033.62209623893,65355.857646570796,65646.328125,206500
2024-10-17,65936.80034722222,65936.80034722222,64871.741898148146,65355.859375,241900
2024-10-18,65646.32986111111,66324.09432870371,65355.859375,65355.859375,195600
2024-10-21,65162.21296992481,65646.33045112783,64387.625,64387.625,215700
2024-10-22,64387.62590144231,64387.62590144231,62935.2734375,62935.2734375,575700
2024-10-23,62935.26998380336,63806.68141434833,62935.26998380336,63516.2109375,181800
2024-10-24,63613.03588050912,63806.682869490876,63225.74190254559,63709.859375,117000
2024-10-25,63516.2109375,63709.85792206555,63225.74046065168,63516.2109375,105100
2024-10-28,63419.38990228402,63613.036894352066,63128.91941418195,63322.56640625,98000
2024-10-29,63322.564839071856,64678.09375,63322.564839071856,64678.09375,163200
2024-10-30,64678.09476185994,65259.03573277485,64290.80078125,64290.80078125,203400
2024-10-31,64193.98229089047,64968.5703125,64000.33528548808,64968.5703125,143900
2024-11-01,64968.5635014524,64968.5635014524,64097.152068497,64581.26953125,137800
2024-11-04,64777.86361963336,64777.86361963336,63303.405418882976,64679.56640625,194700
2024-11-05,64679.56640625,64876.160833016715,64089.78312594985,64679.56640625,85700
2024-11-06,64679.564934161725,66842.10357937685,64679.564934161725,66252.3203125,603600
2024-11-07,66154.02310135386,66645.50915708457,65859.13146791543,66252.3203125,246500
2024-11-08,65957.43138841967,66055.72860360361,65465.9453125,65465.9453125,247600
2024-11-11,65662.53671296296,66350.6171875,64876.15902777778,66350.6171875,227200
2024-11-12,66350.61618501107,66842.10223082596,65957.42734835914,66645.5078125,297600
2024-11-13,66350.62361929308,66743.8125,65760.8402982327,66743.8125,180300
2024-11-14,66154.02680849125,67726.78227496355,66154.02680849125,67431.890625,761600
2024-11-15,67628.48713235295,67628.48713235295,66448.92049632354,66842.109375,234500
2024-11-18,65564.24117304104,66252.32166511194,64581.269041511194,65859.1328125,410800
2024-11-19,66252.32412109374,66252.32412109374,62910.21875,62910.21875,295200
2024-11-20,62910.216894977166,64679.566745148404,62025.54196989155,64581.26953125,251900
2024-11-21,64679.56742604962,64679.56742604962,63696.59527671756,64384.67578125,220300
2024-11-22,63893.18869918313,64679.56640625,63696.59427241641,64679.56640625,125300
2024-11-25,64679.566745148404,64679.566745148404,63893.189033961185,64581.26953125,130000
2024-11-26,64286.37654831694,65269.348666792735,64286.37654831694,64974.45703125,250300
2024-11-27,64188.07933646937,64974.45703125,64188.07933646937,64974.45703125,108700
2024-11-28,64974.46059526058,65269.35224697885,64679.5689435423,65072.7578125,109000
2024-11-29,64974.45957471805,65367.6484375,64384.676280545114,65367.6484375,154200
2024-12-02,65662.54008458646,65662.54008458646,64581.27071193609,65367.6484375,136500
2024-12-03,64777.86548145708,65367.648778708586,64679.56826524849,65269.3515625,200200
2024-12-04,64679.5684552339,65171.054537720476,64089.78515625,64089.78515625,146300
2024-12-05,64188.084443933825,66842.109375,64089.787224264706,66842.109375,321600
2024-12-06,66448.91507243685,67136.99555395616,65957.42901420877,66154.0234375,189400
2024-12-09,66350.62361929308,66842.10972017673,65957.43473858615,66743.8125,172800
2024-12-10,66842.109375,67038.70381433824,66154.02883731617,66842.109375,174600
2024-12-11,66842.10494402985,66842.10494402985,65662.53838619404,65859.1328125,199200
2024-12-12,65957.42834490741,66547.2116087963,65564.23950231481,66350.6171875,167300
2024-12-13,66350.61651818686,66547.2109375,65564.23884093427,66547.2109375,145300
2024-12-16,66547.21771599265,66842.109375,65465.94829963236,66842.109375,248900
2024-12-17,66842.10223082596,66842.10223082596,66252.31897584809,66645.5078125,124200
2024-12-18,66645.5078125,66645.5078125,66055.72455752212,66645.5078125,92600
2024-12-19,65859.13451597745,66350.62059445489,65367.6484375,65367.6484375,142600
2024-12-20,65367.644421621124,66547.2109375,65171.05000230797,66547.2109375,163900
2024-12-23,66842.10972017673,66842.10972017673,66350.62361929308,66743.8125,176400
2024-12-24,66842.10972017673,66842.10972017673,66154.02917893961,66743.8125,142500
2024-12-25,66743.80776515152,69201.23809523809,66547.2133387446,68119.96875,686500
2024-12-26,68119.96740494978,68808.04788378766,67628.48134863703,68513.15625,156700
2024-12-27,68513.1559142192,68611.453125,67628.48101719198,68611.453125,261500
2024-12-30,67628.48101719198,68808.0475465616,67038.69775250716,68611.453125,233500
2024-12-31,68611.45718000706,69692.7265625,67530.18779751411,69692.7265625,435100
2025-01-02,68808.05195091809,69594.4296875,68611.4575167726,69594.4296875,202200
2025-01-03,68906.35018838652,69299.5390625,68611.45853280142,69299.5390625,184100
2025-01-06,68513.16199546587,69299.53975151139,67825.08145892603,69102.9453125,168500
2025-01-07,69102.94520488981,72739.94232093664,68611.45910812673,71363.78125,1282500
2025-01-08,71855.26734676308,72445.05066287878,71265.48403064738,71363.78125,362400
2025-01-09,71560.3715909091,72051.85765952797,70282.5078125,70282.5078125,292500
2025-01-10,70282.50502232142,70970.58549107143,65367.64453125,68808.046875,446700
2025-01-13,67923.37231759657,68709.75,67136.99463519313,68709.75,226000
2025-01-14,68709.74966517856,69987.61339285714,68218.26361607143,68808.046875,294400
2025-01-15,69692.72450776734,69692.72450776734,68021.671875,68021.671875,182600
2025-01-16,69692.72450776734,69692.72450776734,68021.671875,68021.671875,182600
2025-01-17,67726.7802339234,68611.45515715318,67530.18580653901,68021.671875,133900
2025-01-20,68021.67221418234,68316.56385672938,67431.88892908828,67923.375,157100
2025-01-21,67825.07914847162,68316.56522925764,67038.70141921398,67530.1875,237700
2025-01-22,67825.07569083828,67923.37290198442,66252.3203125,66252.3203125,237800
2025-01-23,66252.3260569853,66842.109375,66154.02883731617,66842.109375,177600
2025-01-24,66645.51055194806,68119.96875,66252.3216991342,68119.96875,281400
2025-01-27,68119.96875,68119.96875,68119.96875,68119.96875,0
2025-01-28,68119.96875,68119.96875,68119.96875,68119.96875,0
2025-01-29,68119.96875,68119.96875,68119.96875,68119.96875,0
2025-01-30,68119.96875,68119.96875,68119.96875,68119.96875,0
2025-01-31,68119.96875,68119.96875,68119.96875,68119.96875,0
2025-02-03,67726.77756696429,68808.046875,67235.29151785714,68808.046875,288700
2025-02-04,68808.05365398293,69299.53975151139,68513.16199546587,69102.9453125,258800
2025-02-05,69102.94025287256,70675.69564980849,69004.64304056407,70577.3984375,347200
2025-02-06,71167.18516066385,71167.18516066385,69594.4296875,69594.4296875,335500
2025-02-07,69299.53292410714,69889.31618303571,68808.046875,68808.046875,303700
2025-02-10,68808.05161318759,71658.67089430537,68808.05161318759,69692.7265625,410500
2025-02-11,69791.01863409414,70184.20747146933,68808.0465406562,68906.34375,233900
2025-02-12,69102.94462544326,70282.51124778368,68808.05296985815,69299.5390625,213900
2025-02-13,69299.53258737517,69299.53258737517,68513.15491262481,68906.34375,164600
2025-02-14,69692.72142475036,69987.61305278174,68906.34375,68906.34375,228600
2025-02-17,68906.3447573424,69102.93917890401,68611.453125,68611.453125,279800
2025-02-18,68611.45413669065,68808.04856115108,68119.96807553957,68316.5625,157200
2025-02-19,68414.86141304349,70085.9140625,68316.56419836957,70085.9140625,494200
2025-02-20,70380.80201139502,71167.1796875,69594.42433529005,71167.1796875,485700
2025-02-21,71265.48392648532,74312.69772196261,71265.48392648532,73624.6171875,1248300
2025-02-24,73821.20513842281,74902.47445469798,73034.82745385906,73231.421875,506700
2025-02-25,73231.42261953329,75590.55569720954,73231.42261953329,75295.6640625,699600
2025-02-26,75787.15079965642,75787.15079965642,74509.28703779451,75099.0703125,391900
2025-02-27,75197.36888363487,75197.36888363487,73231.4245990954,74705.8828125,469400
2025-02-28,74214.39775635733,74607.58661864267,73428.02003178665,74410.9921875,420300
2025-03-03,74312.6953125,75197.37025669642,73722.91201636905,74312.6953125,287300
2025-03-04,74214.3974171339,74705.88349274406,73526.31691127969,74509.2890625,457000
2025-03-05,74705.8859021305,75099.0747752996,73821.2109375,73821.2109375,339800
2025-03-06,73821.21059466423,74410.99390167886,73624.61615899269,73919.5078125,284600
2025-03-07,73919.5085,74705.88625,73722.9140625,73722.9140625,373300
2025-03-10,73821.20917432981,78834.3671875,73624.61474244077,78834.3671875,2435900
2025-03-11,79227.55605127805,80800.31150639028,78244.58389183292,78834.3671875,526700
2025-03-12,78834.36583049007,80702.01290128722,78539.47418773263,79227.5546875,827800
2025-03-13,79620.7417909264,79620.7417909264,77261.60870082487,77458.203125,577100
2025-03-14,77654.796875,78539.4717761076,77359.90524129747,77654.796875,657500
2025-03-17,78342.88340464547,80898.61109413202,76868.42512224939,80407.125,1325300
2025-03-18,80898.61109413202,80996.90831295843,79424.15281173594,80407.125,738000
2025-03-19,80407.12091465303,80407.12091465303,78932.66270717162,79325.8515625,662000
2025-03-20,78736.07237617925,79719.04456564465,76180.34468356917,78146.2890625,916700
2025-03-21,78637.77001270649,78637.77001270649,76770.1229749047,77359.90625,372500
2025-03-24,77359.91106080207,77359.91106080207,75393.96668822768,75983.75,398600
2025-03-25,76376.93613956466,77851.39436619719,76180.34170934699,76770.125,403800
2025-03-26,76770.12534054487,77261.61141826923,76278.63926282052,76671.828125,369000
2025-03-27,76671.83018410852,78146.28845687985,76082.046875,76082.046875,402100
2025-03-28,76376.93784230026,78047.99053640464,76278.640625,76278.640625,588100
2025-03-31,76278.6424632353,76278.6424632353,73526.3203125,73526.3203125,799000
2025-04-01,74705.88315217392,74705.88315217392,73722.91100543478,74607.5859375,183700
2025-04-02,74607.58696056547,75787.15355282738,73231.42593625993,74312.6953125,320300
2025-04-03,69201.2421875,73133.13094815341,69201.2421875,69201.2421875,738200
2025-04-04,64384.67578125,64384.67578125,64384.67578125,64384.67578125,641000
2025-04-08,59961.30078125,59961.30078125,59961.30078125,59961.30078125,216500
2025-04-09,55832.81640625,55832.81640625,55832.81640625,55832.81640625,130000
2025-04-10,59666.41015625,59666.41015625,59666.41015625,59666.41015625,159400
2025-04-11,55537.926612227806,60452.78737437186,55537.926612227806,58683.4375,3365500
2025-04-14,62713.624573863635,62713.624573863635,59469.81640625,59469.81640625,805600
2025-04-15,59568.11154590708,59568.11154590708,55341.331353705755,55537.92578125,1162300
2025-04-16,56029.41019275701,56520.89624707944,52589.0078125,52589.0078125,789200
2025-04-17,51802.63012558412,52982.196655957945,48952.01101051402,52589.0078125,926900
2025-04-18,54456.65710358797,54456.65710358797,52883.90166377315,53080.49609375,490800
2025-04-21,53571.98199728261,54260.0625,52097.52377717391,54260.0625,494100
2025-04-22,54063.46717247596,54063.46717247596,50524.767503004805,51114.55078125,1136600
2025-04-23,52785.60494318182,54260.06318181818,50819.660625,54063.46875,781200
2025-04-24,54063.467060810806,56717.49180743243,54063.467060810806,54554.953125,773800
2025-04-25,55341.32980510753,55341.32980510753,53670.27721774194,54849.84375,469500
2025-04-28,55046.43850987433,55046.43850987433,53965.169182001795,54751.546875,347500
2025-04-29,54751.54926136364,55046.44090909091,53965.17153409091,54063.46875,339100
2025-04-30,54063.46875,54063.46875,54063.46875,54063.46875,0
2025-05-01,54063.46875,54063.46875,54063.46875,54063.46875,0
2025-05-02,54063.46875,54063.46875,54063.46875,54063.46875,0
2025-05-05,54063.46875,54063.46875,54063.46875,54063.46875,0
2025-05-06,55046.440217391304,56520.8984375,54554.95414402174,56520.8984375,593100
2025-05-07,56914.08852539062,57012.3857421875,55046.44140625,55046.44140625,393900
2025-05-08,55734.522069286344,56914.08867392732,55341.33320107268,56127.7109375,632700
2025-05-09,56324.303359375,58978.328125,56127.708932291665,58978.328125,1054400
2025-05-12,58978.328125,58978.328125,58978.328125,58978.328125,0
2025-05-13,58585.138135162604,60452.78515625,58191.949288617885,60452.78515625,649600
2025-05-14,61927.24628337379,61927.24628337379,60452.78803853156,60747.6796875,744100
2025-05-15,60944.27175,61435.7578125,59568.110775,61435.7578125,637000
2025-05-16,60452.78685322746,61435.758997182376,59764.70635245902,59961.30078125,369200
2025-05-19,59469.8157241042,59863.0045883958,58880.0324276668,59666.41015625,564100
2025-05-20,59469.8157241042,59863.0045883958,58880.0324276668,59666.41015625,564100
2025-05-21,59666.41015625,60845.97674912479,59076.626859812604,59666.41015625,332400
2025-05-22,59961.301121202785,60157.89555110837,59076.62618662766,59863.00390625,281500
2025-05-23,59666.40965242881,59666.40965242881,58683.4375,58683.4375,287100
2025-05-26,57405.57465559157,60747.68002937601,56226.008053079415,60649.3828125,590100
2025-05-27,57405.57465559157,60747.68002937601,56226.008053079415,60649.3828125,590100
2025-05-28,61435.760894379055,61435.760894379055,60059.59985034497,60551.0859375,572400
2025-05-29,60747.676791158534,61140.86563770325,59863.001886432925,60452.78515625,421300
2025-05-30,60944.27275924437,62713.62261354501,60944.27275924437,61140.8671875,904800
2025-06-02,59469.81419270833,60354.48911458333,58486.842057291666,58978.328125,317900
2025-06-03,59469.81419270833,60354.48911458333,58486.842057291666,58978.328125,317900
2025-06-04,58978.32830400982,60059.59765625,58978.32830400982,60059.59765625,389200
2025-06-05,60452.78753983347,60551.08475534539,59469.815384714224,59764.70703125,295900
2025-06-06,59764.70669129721,60354.489981013954,58880.031756722085,59863.00390625,9444900
2025-06-09,59961.30129815746,60157.89572864322,58486.84306951424,58683.4375,465300
2025-06-10,59961.30129815746,60157.89572864322,58486.84306951424,58683.4375,465300
2025-06-11,59174.92495784148,59174.92495784148,58093.65556492411,58290.25,372100
2025-06-12,58388.546033653845,58388.546033653845,57307.27666266026,57503.87109375,464300
2025-06-13,58781.73248785896,58781.73248785896,57798.76037267737,58191.94921875,351000
2025-06-16,57602.16880252101,58585.140966386556,57602.16880252101,58486.84375,362600
2025-06-17,57602.16880252101,58585.140966386556,57602.16880252101,58486.84375,362600
2025-06-18,59076.62774030354,59174.92495784148,57897.061129848225,58290.25,447100
2025-06-19,58290.24965803872,58880.0329598064,57798.763573232325,58388.546875,383700
2025-06-20,58388.54431938559,58585.13874470339,57405.57219279661,57995.35546875,375300
2025-06-23,57602.16680532446,59568.11106489185,57208.977953410984,59076.625,594700
2025-06-24,57602.16680532446,59568.11106489185,57208.977953410984,59076.625,594700
2025-06-25,59568.11025152439,60452.78515625,59273.21861661585,60452.78515625,1078700
2025-06-26,60747.6796875,60747.6796875,60157.89638956311,60747.6796875,599300
2025-06-27,60845.975883152176,61042.5703125,60157.895380434784,61042.5703125,492400
2025-06-30,62025.54312694704,63106.8125,62025.54312694704,63106.8125,626300
2025-07-01,62025.54312694704,63106.8125,62025.54312694704,63106.8125,626300
2025-07-02,63500.00033914729,63696.594767441864,61730.650484496124,63401.703125,967500
2025-07-03,63401.70603464077,67628.48643695014,62910.21994134898,67038.703125,1408200
2025-07-04,64876.16269766566,65957.4320759601,62418.73229245105,65269.3515625,1607100
2025-07-07,65269.34900568182,65269.34900568182,63893.188032670456,64876.16015625,592000
2025-07-08,65269.34900568182,65269.34900568182,63893.188032670456,64876.16015625,592000
2025-07-09,65859.13113425925,66350.6171875,65171.05065972222,66350.6171875,700400
2025-07-10,66350.62124180028,67431.890625,65859.1351585277,67431.890625,803600
2025-07-11,67431.890625,67923.3767082726,66842.10732507288,67431.890625,567700
2025-07-14,67038.70209854015,67333.59375,64876.16332116788,67333.59375,666700
2025-07-15,67038.70209854015,67333.59375,64876.16332116788,67333.59375,666700
2025-07-16,67431.88822294776,67431.88822294776,65859.1328125,65859.1328125,424900
2025-07-17,65760.83526220193,66252.32132544709,65564.24083690387,65957.4296875,306600
2025-07-18,66547.21228408247,67235.29276560179,65859.13180256315,66154.0234375,358500
2025-07-21,66842.10563248504,66842.10563248504,65564.24184833458,65662.5390625,374200
2025-07-22,66842.10563248504,66842.10563248504,65564.24184833458,65662.5390625,374200
2025-07-23,65564.24484512463,67038.703125,65072.75875183285,67038.703125,359300
2025-07-24,67333.59137915462,68709.75237084537,66448.91645592485,68021.671875,822100
2025-07-25,68218.26394849786,69692.72210300429,67825.07510729614,68709.75,902700
2025-07-28,68709.75067252512,68709.75067252512,67333.58971484935,68513.15625,1371300
2025-07-29,68709.75067252512,68709.75067252512,67333.58971484935,68513.15625,1371300
2025-07-30,68709.75619493393,68709.75619493393,65564.24518171807,66940.40625,960200
2025-07-31,66547.21433423914,68021.67255434782,65957.43104619565,67825.078125,504200
2025-08-01,71756.96532862622,71756.96532862622,68414.86009414226,70479.1015625,1801500
2025-08-04,68709.7540602993,69791.0234375,67726.78189920775,69791.0234375,799000
2025-08-05,68709.7540602993,69791.0234375,67726.78189920775,69791.0234375,799000
2025-08-06,69791.02276850508,70282.50884433962,66842.10631349782,67726.78125,919800
2025-08-07,68021.67019368724,68513.15625,67235.29250358681,68513.15625,633500
2025-08-08,69299.53871945821,70577.40255400143,68611.45819316573,69397.8359375,786600
2025-08-11,69397.8359375,69692.72759162536,68316.56653904037,69397.8359375,547000
2025-08-12,69397.8359375,69692.72759162536,68316.56653904037,69397.8359375,547000
2025-08-13,70184.21059877622,70380.80502622378,68808.04960664336,70282.5078125,662300
2025-08-14,69987.6178697183,70773.99559859154,68808.05127640846,69791.0234375,843700
2025-08-15,69889.3223736702,70577.4029033688,68709.75575132978,69299.5390625,846000
2025-08-18,68906.34408482142,69299.53292410714,68218.26361607143,68808.046875,382600
2025-08-19,68906.34408482142,69299.53292410714,68218.26361607143,68808.046875,382600
2025-08-20,68808.05296985815,69299.5390625,68414.86409574468,69299.5390625,609200
2025-08-21,69201.24184397163,69791.02515514185,67431.891910461,69299.5390625,649000
2025-08-22,69201.23605150214,69496.12768240343,67726.77789699571,68709.75,478400
2025-08-25,65367.64567307692,66055.72615384615,63893.1875,63893.1875,399700
2025-08-26,65367.64567307692,66055.72615384615,63893.1875,63893.1875,399700
2025-08-27,63500.00067934783,67825.078125,62910.21739130435,67825.078125,422800
2025-08-28,66842.10972017673,67137.00138070692,65859.13751840942,66743.8125,413100
2025-08-29,66350.62327665441,66842.109375,65465.94829963236,66842.109375,595000
2025-09-01,66842.109375,66842.109375,66842.109375,66842.109375,0
2025-09-02,66842.109375,66842.109375,66842.109375,66842.109375,0
2025-09-03,65859.13013919616,66645.5078125,65269.346884218285,66645.5078125,430900
2025-09-04,65859.13013919616,66645.5078125,65269.346884218285,66645.5078125,430900
2025-09-05,66350.61651818686,66743.80535681314,66252.31930853028,66547.2109375,283300
2025-09-08,66350.61921945067,66350.61921945067,65269.34986920777,65760.8359375,309700
2025-09-09,66350.61921945067,66350.61921945067,65269.34986920777,65760.8359375,309700
2025-09-10,65269.35419734904,66743.8125,64482.9764359352,66743.8125,356600
2025-09-11,66743.80603009259,66743.80603009259,65465.942291666666,66350.6171875,152500
2025-09-12,65859.13080159025,66448.9140625,63893.186598557695,66448.9140625,378700
2025-09-15,66448.91778706395,67825.07880632268,65760.83727743459,67628.484375,510300
2025-09-16,66448.91778706395,67825.07880632268,65760.83727743459,67628.484375,510300
2025-09-17,67923.37533967392,68218.26698369565,66448.91711956522,67825.078125,499300
2025-09-18,67628.48134863703,68808.04788378766,67235.29250358681,68513.15625,448800
2025-09-19,68513.15794346097,68513.15794346097,66940.40252438583,68021.671875,294900
2025-09-22,66842.10256646972,67726.77745337888,65760.83326024741,66547.2109375,378600
2025-09-23,66842.10256646972,67726.77745337888,65760.83326024741,66547.2109375,378600
2025-09-24,66154.02547554349,66350.61990489131,65465.94497282609,65564.2421875,105800
2025-09-25,65564.2401676263,66154.0234375,64974.4568977526,66154.0234375,148900
2025-09-26,66154.02310135386,66645.50915708457,65859.13146791543,66252.3203125,149200
2025-09-29,66547.21262323289,66547.21262323289,65465.94328962054,66055.7265625,144100
2025-09-30,66547.21262323289,66547.21262323289,65465.94328962054,66055.7265625,144100
2025-10-01,65367.64708286621,65760.8359375,64876.16101457399,65760.8359375,227200
2025-10-02,65564.2415101831,65760.8359375,64974.45822823243,65760.8359375,141200
2025-10-03,65367.64946421828,65859.1355504154,65072.7578125,65072.7578125,99500
2025-10-06,65662.53872384156,66055.72757847533,64876.16101457399,65760.8359375,137000
2025-10-07,65662.53872384156,66055.72757847533,64876.16101457399,65760.8359375,137000
2025-10-08,65171.05502973943,65760.83833317598,65072.7578125,65072.7578125,94700
2025-10-09,65367.646746735074,66350.61887826493,65072.75510727612,65859.1328125,219600
2025-10-10,65859.1352045626,66055.72963800906,65072.75747077677,65171.0546875,147900
2025-10-13,64679.565395707265,65072.75424309758,64286.37654831694,64974.45703125,221000
2025-10-14,64679.565395707265,65072.75424309758,64286.37654831694,64974.45703125,221000
2025-10-15,64777.86308834877,65171.05193865741,63696.59375,63696.59375,376200
2025-10-16,63500.00033914729,63500.00033914729,61927.2449127907,63401.703125,405300
2025-10-17,63794.89249165077,64384.67578125,62713.6231273855,64384.67578125,342000
2025-10-20,63991.485337499995,64286.376975,61435.7578125,61435.7578125,232800
2025-10-21,63991.485337499995,64286.376975,61435.7578125,61435.7578125,232800
2025-10-22,61435.760498046875,62910.21875,61140.868847656246,62910.21875,234600
2025-10-23,62418.72932692308,63893.1875,61730.64884615385,63893.1875,194700
2025-10-24,63893.19004443807,64286.37890625,62910.21788990826,64286.37890625,175700
2025-10-27,64777.86464098283,65564.24236044848,63991.48692151718,64384.67578125,148600
2025-10-28,64777.86464098283,65564.24236044848,63991.48692151718,64384.67578125,148600
2025-10-29,64384.676280545114,65367.6484375,63401.70412359023,65367.6484375,202600
2025-10-30,65367.647758152176,65564.2421875,64777.864470108696,65564.2421875,314700
2025-10-31,65367.64708286621,65957.43036481689,65269.34986920777,65760.8359375,161200
2025-11-03,64876.16015625,65072.754580965906,63696.59360795454,64876.16015625,214900
2025-11-04,63991.485762593285,65859.1328125,63696.59412313433,65859.1328125,223300
2025-11-05,63991.485762593285,65859.1328125,63696.59412313433,65859.1328125,223300
2025-11-06,66055.72925764191,68119.97079694323,65859.1348253275,67530.1875,636200
2025-11-07,67235.29825367648,67235.29825367648,65564.24551930148,66842.109375,181700
2025-11-10,66842.10440340909,67136.99604048295,64876.16015625,64876.16015625,192900
2025-11-11,64089.78297574627,65859.1328125,63499.99969682836,65859.1328125,312400
2025-11-12,65662.53872384156,65859.13315115844,64679.5665872571,65760.8359375,271800
2025-11-13,65072.759756995576,67137.00138070692,64974.46253681885,66743.8125,410400
2025-11-14,66645.50881944444,66743.80603009259,65465.942291666666,66350.6171875,244000
2025-11-17,66448.91745283018,67726.78125,66350.62023766327,67726.78125,583100
2025-11-18,67726.77745337888,68119.96629200516,66547.2109375,66547.2109375,226900
2025-11-19,66252.32078526853,66940.40126820159,64974.45703125,64974.45703125,350800
2025-11-20,65072.75424309758,65662.53751418306,64482.9709720121,64974.45703125,298400
2025-11-21,64384.67461520522,65859.1328125,63499.99969682836,65859.1328125,349400
2025-11-24,65859.13383152174,65859.13383152174,64876.16168478261,65564.2421875,104500
2025-11-25,64876.161855916034,65564.24236044848,64384.67578125,64384.67578125,147000
2025-11-26,64384.67661662274,65269.3515625,63893.19053557982,65269.3515625,167800
2025-11-27,65465.945994917165,65465.945994917165,64286.37940041416,65269.3515625,170600
2025-11-28,64581.2703758446,65465.9453125,63893.18986955706,65465.9453125,226800
2025-12-01,64384.67544183499,64876.16151391006,64286.37822741997,64482.97265625,103800
2025-12-02,64482.97417043741,65171.0546875,63500.00200320513,65171.0546875,234900
2025-12-03,64974.45770698976,65171.052132729514,64384.674429770486,64777.86328125,92500
2025-12-04,64974.45770698976,65171.052132729514,64384.674429770486,64777.86328125,92500
2025-12-05,64974.45736860795,64974.45736860795,64384.67409446023,64876.16015625,144600
2025-12-08,64482.97130681818,64876.16015625,63991.48524502841,64876.16015625,158400
2025-12-09,64876.160494119875,64974.45770698976,63991.48557829097,64777.86328125,211000
2025-12-10,64679.56606838012,64777.86328125,64188.08000403073,64777.86328125,133300
2025-12-11,64188.08237274732,65760.83783670438,64089.78515625,64089.78515625,237500
2025-12-12,64188.08203125,64679.56811112175,63106.812655532165,64188.08203125,154300
2025-12-15,63500.001519429556,64286.37924722435,63500.001519429556,64188.08203125,113700
2025-12-16,63991.48538773148,64188.07981288581,59764.70524691358,63696.59375,338300
2025-12-17,63598.29911690183,63598.29911690183,61730.65200218601,61828.94921875,269600
2025-12-18,63598.29911690183,63598.29911690183,61730.65200218601,61828.94921875,269600
2025-12-19,60256.19140625,60747.67746992251,60157.8941935155,60256.19140625,102100
2025-12-22,60354.49048364297,60845.9765625,60059.598836328754,60845.9765625,93800
2025-12-23,60845.9750242545,60845.9750242545,60059.59731796364,60157.89453125,176500
2025-12-24,60157.89331539735,60157.89331539735,59273.21841370033,59371.515625,183800
2025-12-25,60157.89331539735,60157.89331539735,59273.21841370033,59371.515625,183800
2025-12-26,59764.7072147651,59764.7072147651,57503.87125104866,58585.140625,215900
2025-12-29,58486.844234245866,62615.32735666322,57798.76371384298,59469.81640625,244600
2025-12-30,60157.893521341466,60452.78515625,58486.84092352642,60452.78515625,159800
2025-12-31,59469.8158753034,60747.6796875,59469.8158753034,60747.6796875,147900
2026-01-01,60747.6796875,60747.6796875,60747.6796875,60747.6796875,0
2026-01-02,60747.6796875,60747.6796875,60747.6796875,60747.6796875,0
2026-01-05,60551.08372545008,60551.08372545008,59469.8143732099,60059.59765625,140300
2026-01-06,59961.29916487069,63401.701575969826,59568.11031788793,62713.62109375,772000
2026-01-07,62713.625504032265,67038.703125,61435.76166147361,67038.703125,2245200
2026-01-08,70380.80855938417,70479.10577804253,66842.10868768329,67038.703125,2157500
2026-01-09,66842.10695422535,69987.6178697183,66350.62087367958,69791.0234375,2148100
2026-01-12,69791.01897321428,72739.93526785714,67825.07477678571,68808.046875,1168700
2026-01-13,68808.05165816327,68808.05165816327,65859.1351585277,67431.890625,2481100
2026-01-14,68808.05091961853,72150.15625,67726.78154802453,72150.15625,2644100
2026-01-15,74312.69528241335,77163.31454589216,72739.9398267009,76573.53125,3735300
2026-01-16,73722.9133064516,78146.2881048387,73722.9133064516,76180.34375,2212600
2026-01-19,74705.88118654823,79620.7417909264,74116.09791402284,77458.203125,2061200
2026-01-20,75885.4513671875,82274.77045898438,75787.15415039062,78637.7734375,1741700
2026-01-21,76868.42048247051,77753.09539850918,74705.88179882044,75000.7734375,1530500
2026-01-22,74116.09677013423,75787.14934983221,72248.4497692953,73231.421875,2000700
2026-01-23,72248.45170454546,72739.93777056277,68119.96875,68119.96875,1968300
2026-01-26,67530.18956497798,70184.21448237885,66842.109030837,66940.40625,1350500
2026-01-27,66055.72690014903,67628.48230253354,63499.999371274214,65957.4296875,1909100
2026-01-28,66743.80719105114,67530.18488991477,64482.97130681818,64876.16015625,1242100
2026-01-29,64876.16015625,65859.13227982954,63991.48524502841,64876.16015625,1122000
2026-01-30,65859.13683920704,68119.97287995595,65760.83962004405,66940.40625,1823000
2026-02-02,68808.05161318759,70773.99594499294,67333.59336433357,69692.7265625,2104800
2026-02-03,70675.69603040541,73526.3152027027,68808.04898648648,72739.9375,2697500
2026-02-04,73231.42282032337,73526.31445584145,70282.50646514256,70675.6953125,1902200
2026-02-05,70184.21162917271,70675.69770500726,67726.78125,67726.78125,1391200
2026-02-06,66842.10615458015,67628.4838740458,64384.67578125,64384.67578125,2006400
2026-02-09,65465.946031591266,65859.13489664586,62910.21840873635,63008.515625,1810700
2026-02-10,62910.21705426357,64482.972480620156,62517.02819767442,63401.703125,818100
2026-02-11,63893.18885448916,64089.78328173375,63303.40557275542,63500.0,617100
2026-02-12,64000.0,64000.0,62100.0,62800.0,1008700
2026-02-13,62800.0,63300.0,62300.0,63300.0,570900
2026-02-16,63300.0,63300.0,63300.0,63300.0,0
2026-02-17,63300.0,63300.0,63300.0,63300.0,0
2026-02-18,63300.0,63300.0,63300.0,63300.0,0
2026-02-19,63300.0,63300.0,63300.0,63300.0,0
2026-02-20,63300.0,63300.0,63300.0,63300.0,0
2026-02-23,64400.0,65000.0,63600.0,64300.0,878900
2026-02-24,64400.0,65700.0,64000.0,64600.0,1186600
2026-02-25,65000.0,69100.0,64500.0,67000.0,2413500
2026-02-26,66600.0,67300.0,65800.0,66000.0,782200
2026-02-27,66100.0,68000.0,66100.0,67300.0,1208300
2026-03-02,64700.0,67500.0,64500.0,65000.0,1596300
2026-03-03,64700.0,67500.0,64500.0,65000.0,1596300
2026-03-04,62200.0,63000.0,58500.0,60100.0,2212700
2026-03-05,61200.0,61400.0,59000.0,59000.0,1006100
2026-03-06,58500.0,59500.0,58500.0,58600.0,634000
2026-03-09,54600.0,55300.0,54500.0,54500.0,739100
2026-03-10,54500.0,55600.0,53800.0,54000.0,1115800
2026-03-11,54500.0,56900.0,54000.0,56300.0,1047100
2026-03-12,55200.0,56200.0,54800.0,55300.0,543900
2026-03-13,54800.0,55400.0,53700.0,53700.0,1343400
2026-03-16,54300.0,54700.0,53200.0,53400.0,754900
2026-03-17,54100.0,55400.0,54100.0,54100.0,419300
2026-03-18,54100.0,54800.0,53700.0,54100.0,475100
2026-03-19,53500.0,53900.0,52800.0,52800.0,746600
2026-03-20,52800.0,53700.0,52700.0,52800.0,545700
2026-03-23,51600.0,52300.0,49750.0,50500.0,913100
2026-03-24,51100.0,51800.0,50900.0,51500.0,385900
2026-03-25,51800.0,53700.0,51800.0,52900.0,533400
2026-03-26,53400.0,54400.0,52800.0,52800.0,544700
2026-03-27,52900.0,54600.0,52800.0,54300.0,662700
2026-03-30,53500.0,54400.0,53100.0,53600.0,481200
2026-03-31,54300.0,54400.0,53100.0,53100.0,743200
2026-04-01,54100.0,55000.0,53900.0,54100.0,679800
2026-04-02,54000.0,54900.0,53600.0,53600.0,335600
2026-04-03,53900.0,54700.0,53200.0,53200.0,412800
2026-04-06,53300.0,53300.0,52400.0,52500.0,233400
2026-04-07,52500.0,53200.0,52000.0,53200.0,219300
2026-04-08,54300.0,55300.0,53600.0,55000.0,861100
2026-04-09,54300.0,56300.0,54300.0,55200.0,644700
2026-04-10,55500.0,56500.0,55300.0,55500.0,433800
2026-04-13,55000.0,55800.0,54500.0,55400.0,485000
2026-04-14,55400.0,56000.0,55000.0,55500.0,550200
2026-04-15,55800.0,55800.0,54600.0,54600.0,612800
2026-04-16,54800.0,55900.0,54400.0,55000.0,546900
2026-04-17,55500.0,56500.0,55000.0,55700.0,630000
2026-04-20,55800.0,57600.0,55500.0,57300.0,1066200
2026-04-21,57000.0,57000.0,55600.0,55600.0,521500
2026-04-22,55700.0,55900.0,54400.0,55200.0,452800
2026-04-23,54400.0,55200.0,53800.0,54300.0,500100
2026-04-24,54400.0,54600.0,53600.0,54200.0,221100
2026-04-27,54200.0,54200.0,54200.0,54200.0,0
2026-04-28,54200.0,54700.0,53600.0,53600.0,250100
2026-04-29,53600.0,53800.0,52800.0,53200.0,445800
2026-04-30,53200.0,53200.0,53200.0,53200.0,0
2026-05-01,53200.0,53200.0,53200.0,53200.0,0
2026-05-04,53800.0,54300.0,53000.0,53400.0,272700
2026-05-05,53100.0,53500.0,52900.0,53300.0,182000
2026-05-06,53500.0,53900.0,53300.0,53800.0,176900
2026-05-07,54100.0,54200.0,53400.0,53400.0,241000
2026-05-08,53500.0,53500.0,52700.0,53000.0,344200
2026-05-11,53000.0,53000.0,52000.0,52000.0,414500
2026-05-12,52100.0,52300.0,51800.0,52100.0,174400
2026-05-13,52200.0,54700.0,51800.0,53100.0,490700
2026-05-14,53800.0,54500.0,53300.0,53400.0,279700
2026-05-15,53300.0,54500.0,53100.0,54000.0,257100
2026-05-18,53800.0,56800.0,53400.0,56200.0,1371800
2026-05-19,57000.0,57200.0,54000.0,54000.0,1041800
2026-05-20,54300.0,56500.0,52700.0,55300.0,1012200
2026-05-21,55400.0,55900.0,54000.0,54500.0,528200
2026-05-22,54600.0,55700.0,54000.0,54100.0,639100
2026-05-25,54500.0,54500.0,53000.0,53300.0,368600
2026-05-26,53400.0,54800.0,53300.0,54600.0,511700
2026-05-27,54900.0,55700.0,54200.0,55400.0,607000
2026-05-28,55100.0,55400.0,54100.0,54100.0,310200
2026-05-29,53600.0,55200.0,53400.0,55100.0,561900
2026-06-01,56000.0,56400.0,54600.0,54700.0,450600
2026-06-02,54400.0,54800.0,53000.0,53300.0,591700
