Date,Open,High,Low,Close,Volume
2016-06-06,11543.079539319533,11543.079539319533,11353.848526828286,11480.001953125,1535349
2016-06-07,11543.078111867266,11543.078111867266,11353.847122776902,11416.923828125,1629204
2016-06-08,11353.848096247608,11669.232523075001,11353.848096247608,11543.0791015625,2408401
2016-06-09,11543.078480759425,11921.539597988896,11480.000900349434,11858.462890625,4171882
2016-06-10,11795.38617411106,11984.616296055956,11732.30859375,11732.30859375,5577576
2016-06-13,11669.232523075001,11732.30923383125,11480.001517760107,11543.0791015625,1256677
2016-06-14,11416.923828125,11543.078111867266,11353.847122776902,11416.923828125,1580590
2016-06-15,11353.847122776902,11543.078111867266,11353.847122776902,11416.923828125,1230088
2016-06-16,11480.001072873656,11543.078654231593,11353.84765625,11353.84765625,1161334
2016-06-17,11353.84765625,11416.924364561828,11164.616658268407,11353.84765625,1367837
2016-06-20,11290.770947938172,11353.84765625,11227.693366580235,11353.84765625,844691
2016-06-21,11480.001072873656,11480.001072873656,11290.770947938172,11353.84765625,816104
2016-06-22,11353.847213665535,11353.847213665535,11227.692928913391,11290.7705078125,526235
2016-06-23,11290.770947938172,11416.924364561828,11227.693366580235,11353.84765625,1083537
2016-06-24,11290.77049555266,11290.77049555266,10660.000818569006,11164.6162109375,2744645
2016-06-27,10912.307639565155,11038.4619140625,10786.154238113815,11038.4619140625,1133838
2016-06-28,11038.4619140625,11038.4619140625,10849.230938839484,11038.4619140625,498498
2016-06-29,11038.46333024439,11227.69345669872,10975.385748380166,11101.5400390625,1535704
2016-06-30,11101.53861478817,11164.615315513842,10975.384340290826,11038.4619140625,906472
2016-07-01,10975.384765625,11101.539045011259,10912.308062454887,10975.384765625,1117539
2016-07-04,10975.384340290826,11038.4619140625,10786.154238113815,11038.4619140625,2205017
2016-07-05,11038.463241644753,11480.001072873656,10975.385660286816,11353.84765625,2928656
2016-07-06,11227.692928913391,11290.7705078125,11164.616223060357,11290.7705078125,847894
2016-07-07,11227.692928913391,11290.7705078125,11164.616223060357,11290.7705078125,853351
2016-07-08,11290.770940692459,11290.770940692459,10912.308944972146,11227.693359375,1795356
2016-07-11,11227.693359375,11416.924357235155,11038.463234560953,11227.693359375,2852078
2016-07-12,11290.770940692459,11290.770940692459,11101.539942832302,11227.693359375,974602
2016-07-13,11227.693704318155,11795.386715339586,11227.693704318155,11669.232421875,6133830
2016-07-14,11732.30859375,12047.693876417015,11732.30859375,11732.30859375,6116283
2016-07-15,11669.232421875,11732.309132084225,11543.07900145655,11669.232421875,1591872
2016-07-18,11543.078471805104,11795.38617411106,11416.924184129079,11732.30859375,2950964
2016-07-19,11732.308779167075,11732.308779167075,11227.693366580235,11353.84765625,3909594
2016-07-20,11353.847201337205,11416.923907121747,11164.6162109375,11164.6162109375,1932254
2016-07-21,11164.6162109375,11290.77049555266,11101.539505152956,11164.6162109375,2417189
2016-07-22,11101.539505152956,11164.6162109375,10912.308514753253,11164.6162109375,2848109
2016-07-25,11164.616747880611,11227.69345669872,11038.46333024439,11101.5400390625,823828
2016-07-26,11101.53861478817,11164.615315513842,10975.384340290826,11038.4619140625,1216751
2016-07-27,11038.4619140625,11038.4619140625,11038.4619140625,11038.4619140625,0
2016-07-28,11101.5400390625,11227.69345669872,11038.46333024439,11101.5400390625,710911
2016-07-29,11038.46333024439,11101.5400390625,10975.385748380166,11101.5400390625,1141236
2016-08-01,11227.69345669872,11227.69345669872,10975.385748380166,11101.5400390625,1003303
2016-08-02,11038.463973010346,11038.463973010346,10723.078664462788,10786.15625,1657834
2016-08-03,10849.232962491045,10849.232962491045,10596.925239480699,10786.15625,1867256
2016-08-04,10786.156251166904,10849.232963664774,10660.001953125,10660.001953125,1599072
2016-08-05,10533.84765625,10596.924363527054,10281.539954095691,10533.84765625,2396638
2016-08-08,10407.693797933734,10470.7705078125,10218.46279525131,10470.7705078125,2199659
2016-08-09,10470.770066595842,10533.84764686278,10344.616652154156,10407.693359375,736862
2016-08-10,10281.54080509162,10660.001953125,10281.54080509162,10660.001953125,1627319
2016-08-11,10660.002803705282,10912.310546875,10533.84936864354,10912.310546875,1741725
2016-08-12,10786.15625,10912.309674982089,10596.925239480699,10786.15625,616248
2016-08-15,10660.001951971744,10786.15625,10596.925239480699,10786.15625,896919
2016-08-16,10786.156251166904,10786.156251166904,10596.925240627132,10660.001953125,1173452
2016-08-17,10660.001953125,10723.078665622868,10533.848528129261,10660.001953125,404218
2016-08-18,10596.924363527054,10596.924363527054,10407.6933686498,10533.84765625,1904220
2016-08-19,10533.848090737396,10533.848090737396,10281.540378176205,10470.7705078125,2876371
2016-08-22,10344.616652154156,10470.770066595842,10344.616652154156,10407.693359375,1782954
2016-08-23,10344.616652154156,10407.693359375,10281.539944933314,10407.693359375,1280332
2016-08-24,10407.693454659142,10407.693454659142,10218.462458218079,10281.5400390625,2285180
2016-08-25,10281.5400390625,10344.61674686082,10155.385750419759,10281.5400390625,996656
2016-08-26,10344.6162109375,10533.847197575078,10281.539506406993,10344.6162109375,1838641
2016-08-29,10407.693359375,10470.770066595842,10344.616652154156,10407.693359375,1547184
2016-08-30,10344.616652154156,10407.693359375,10281.539944933314,10407.693359375,660766
2016-08-31,10344.6162109375,10407.692915468007,10281.539506406993,10344.6162109375,1041613
2016-09-01,10344.6162109375,10344.6162109375,10155.385224299924,10344.6162109375,1276193
2016-09-05,10281.539506406993,10344.6162109375,10029.231815238909,10344.6162109375,1851439
2016-09-06,10155.38671875,10281.54101942173,10155.38671875,10155.38671875,1174600
2016-09-07,10155.38671875,10218.463432562772,10029.233291124454,10155.38671875,1884406
2016-09-08,10281.5400390625,10281.5400390625,10092.309042621437,10281.5400390625,767674
2016-09-09,10218.462458218079,10281.5400390625,10218.462458218079,10281.5400390625,634801
2016-09-12,10344.61674686082,10376.15466423693,10155.385750419759,10281.5400390625,1156373
2016-09-13,10218.4609375,10281.538508957177,10155.384239088795,10218.4609375,676739
2016-09-14,10092.308147516434,10155.384849720369,10029.2314453125,10029.2314453125,924585
2016-09-15,10029.2314453125,10092.308147516434,9934.615955483587,10029.2314453125,1298473
2016-09-16,10029.233128856698,10029.233128856698,9840.002117433853,9997.6943359375,1075260
2016-09-19,10029.23187482633,10060.769790755934,9934.616380945396,9966.154296875,521302
2016-09-20,9934.618317352204,10092.310546875,9808.464009906229,10092.310546875,1393490
2016-09-21,9966.155704265497,10281.54101942173,9966.155704265497,10155.38671875,1360807
2016-09-22,10155.386448841244,10281.540746160059,10092.309736704918,10123.84765625,712583
2016-09-23,10123.84765625,10123.84765625,9997.694231977346,10123.84765625,1067720
2016-09-26,10123.847217213406,10123.847217213406,9966.15500718808,10060.7705078125,1099397
2016-09-27,9966.154168085372,10596.923828125,9966.154168085372,10596.923828125,6376701
2016-09-28,10596.924453704814,10943.84765625,10533.847745890991,10943.84765625,5087142
2016-09-29,10912.30912599936,10912.30912599936,10565.385915182576,10723.078125,1800231
2016-09-30,10533.847997046765,10786.155707363869,10502.30920586483,10723.078125,2370701
2016-10-03,10723.078125,10786.155707363869,10565.385915182576,10723.078125,2376980
2016-10-04,10660.001951971744,10943.848467750695,10628.463159203138,10786.15625,2387524
2016-10-05,10786.15711181326,11006.926059694424,10723.079521236152,10912.310546875,2263849
2016-10-06,10880.771751586446,10943.849342163554,10754.618316524706,10912.310546875,3512660
2016-10-07,10849.232416681614,10912.30912599936,10691.540206864189,10723.078125,1282769
2016-10-10,10691.540031803494,10786.155530753962,10533.847824568082,10565.3857421875,1103904
2016-10-11,10565.3850395569,10596.923828125,10344.616138718358,10596.923828125,2799042
2016-10-12,10596.923828125,10660.000532215148,10533.847124034852,10596.923828125,598447
2016-10-13,10565.3850395569,10596.923828125,10533.847124034852,10596.923828125,597979
2016-10-14,10533.847997046765,10786.155707363869,10502.30920586483,10723.078125,3330379
2016-10-17,10660.001951971744,10817.69416972244,10660.001951971744,10786.15625,1272083
2016-10-18,10786.155707363869,10786.155707363869,10565.385915182576,10723.078125,355930
2016-10-19,10628.462029153698,11164.6162109375,10628.462029153698,11164.6162109375,8443757
2016-10-20,11227.69345669872,11227.69345669872,11038.46333024439,11101.5400390625,3232982
2016-10-21,10975.385748380166,11164.616747880611,10975.385748380166,11101.5400390625,1317153
2016-10-24,11227.69176085087,11290.769333187762,11101.538362269053,11133.0771484375,4901105
2016-10-25,11133.078110656163,11133.078110656163,10849.231629745589,11006.923828125,3164539
2016-10-26,10912.309299495875,11038.463593183234,10723.078295487901,10880.7705078125,1744517
2016-10-27,10786.155358404309,10817.693275519789,10533.84765625,10533.84765625,3270597
2016-10-28,10596.925239480699,10849.232962491045,10565.386446712093,10786.15625,2730444
2016-10-31,10786.155358404309,10849.232065681363,10533.84765625,10533.84765625,1546234
2016-11-01,10533.847997046765,10723.078125,10502.30920586483,10723.078125,1994574
2016-11-02,10723.07937874969,10723.07937874969,10533.849228671535,10628.4638671875,2015989
2016-11-03,10663.004377859603,10663.004377859603,10432.631177962528,10597.18359375,2717603
2016-11-04,10465.54156265467,10663.00390625,10399.719870429344,10663.00390625,2254297
2016-11-07,10498.452338341454,10663.004760026557,10399.720703125,10399.720703125,1830208
2016-11-08,10399.721463564762,10531.36395715487,10366.8115234375,10366.8115234375,922587
2016-11-09,10399.720703125,10399.720703125,9741.511016384584,10399.720703125,2047851
2016-11-10,10465.542400620605,10465.542400620605,10333.89991665635,10399.720703125,1485630
2016-11-11,10333.900390625,10432.632030369821,10235.168750880179,10333.900390625,1035859
2016-11-14,10366.810415194854,10366.810415194854,10070.615519551484,10103.5263671875,1583439
2016-11-15,10103.5263671875,10202.257999068624,10070.615519551484,10103.5263671875,1337152
2016-11-16,10103.526868737477,10202.258505519745,10103.526868737477,10169.34765625,785433
2016-11-17,10169.346863460272,10169.346863460272,10070.615234375,10070.615234375,964880
2016-11-18,10103.526081079057,10103.526081079057,10004.794451993785,10070.615234375,1186775
2016-11-21,10136.437088693681,10333.900367746148,10136.437088693681,10202.2587890625,2838585
2016-11-22,10202.257978065456,10597.18359375,10202.257978065456,10597.18359375,2700028
2016-11-23,10663.004377859603,10761.73600953747,10597.18359375,10597.18359375,4565924
2016-11-24,10597.184068307153,10597.184068307153,10333.900009051578,10531.36328125,874512
2016-11-25,10531.362776087399,10531.362776087399,10333.899513360784,10465.5419921875,1191126
2016-11-28,10399.721180112549,10399.721180112549,10235.168750880179,10333.900390625,2577445
2016-11-29,10333.900768950823,10366.81162041297,10004.7958984375,10004.7958984375,2360284
2016-11-30,10136.436016756215,10169.346863460272,9971.883605289728,10070.615234375,3357493
2016-12-01,10136.4365234375,10136.4365234375,10037.704889417015,10136.4365234375,4161578
2016-12-02,10103.526081079057,10136.436016756215,10004.794451993785,10070.615234375,1892839
2016-12-05,10070.616690334758,10070.616690334758,9873.153403615952,10004.7958984375,2325205
2016-12-06,9906.063864878228,9938.974715044014,9544.048157162559,9708.6005859375,3230189
2016-12-07,9708.6005859375,9774.421375242078,9642.779796632922,9708.6005859375,2528987
2016-12-08,9708.599894366049,9774.420678982022,9642.779109750074,9741.5107421875,2301167
2016-12-09,9741.511436103287,9807.332225407863,9642.779796632922,9708.6005859375,1094904
2016-12-12,9609.8681640625,9708.59979549445,9511.13653263055,9609.8681640625,2218439
2016-12-13,9544.048747782661,9544.048747782661,9214.943869866584,9412.40625,3526465
2016-12-14,9280.764454486563,10004.7958984375,9247.85360302442,10004.7958984375,2498188
2016-12-15,9741.510774086979,9873.15234375,9544.047508565514,9873.15234375,3058382
2016-12-16,9576.958510981727,9741.510931228384,9576.958510981727,9642.779296875,2357662
2016-12-19,9642.779796632922,9873.153014712441,9642.779796632922,9708.6005859375,2584801
2016-12-20,9741.511436103287,9774.421375242078,9642.779796632922,9708.6005859375,1841050
2016-12-21,9708.60136046557,9807.3330078125,9576.959771354377,9807.3330078125,2520426
2016-12-22,9708.59979549445,9708.59979549445,9544.04738011684,9609.8681640625,1371593
2016-12-23,9609.8681640625,9609.8681640625,9445.315748684889,9609.8681640625,2604005
2016-12-26,9609.8681640625,9708.59979549445,9576.958227603129,9609.8681640625,1598491
2016-12-27,9609.868638759499,9609.868638759499,9445.316215253519,9544.0478515625,2074794
2016-12-28,9576.958415010618,9576.958415010618,9412.405085386012,9511.13671875,2558552
2016-12-29,9478.227954404856,9511.137895580234,9346.585456622195,9412.40625,2420520
2016-12-30,9379.494831393406,9478.226461421715,9346.583984375,9346.583984375,2040906
2017-01-03,9445.317548244499,9971.8857421875,9445.317548244499,9971.8857421875,7021381
2017-01-04,10070.616019467732,10333.90008054479,10070.616019467732,10169.34765625,6625199
2017-01-05,10103.5265861153,10333.89979147847,10004.794952094815,10136.4365234375,2818445
2017-01-06,10004.795804848478,10564.273897282132,10004.795804848478,10366.8115234375,8983343
2017-01-09,10399.719870429344,10794.646379673768,10399.719870429344,10663.00390625,8731656
2017-01-10,10597.18359375,10663.004377859603,10498.451962072133,10597.18359375,3503292
2017-01-11,10663.005952711923,10926.2900390625,10564.274306452075,10926.2900390625,10336355
2017-01-12,10926.288558348448,10926.288558348448,10794.646988526552,10860.4677734375,5019423
2017-01-13,10860.467451982813,10893.378298977637,10630.094256099756,10695.9150390625,4839055
2017-01-16,10695.915608774361,10728.826457522164,10399.720703125,10399.720703125,3882892
2017-01-17,10597.184299135004,11090.84157935694,10498.452660885221,11057.931640625,9267005
2017-01-18,11057.9307482932,11387.035575217016,10827.556640625,10827.556640625,7828528
2017-01-19,10761.73585744562,10959.199118010672,10728.825921369382,10827.556640625,2830946
2017-01-20,10860.46952308917,11123.753616175689,10794.648727574311,10959.201171875,4573521
2017-01-23,10992.111067715852,11189.573437061148,10926.289366907085,11090.841796875,4836292
2017-01-24,11090.840635775065,11288.303895474935,11090.840635775065,11189.572265625,4436254
2017-01-25,11189.573721140314,11189.573721140314,10860.468852849222,11123.7529296875,3436083
2017-01-26,11123.7529296875,11123.7529296875,11123.7529296875,11123.7529296875,0
2017-02-03,11321.216796875,11551.590034312336,11222.485149108408,11321.216796875,5750871
2017-02-06,11321.216796875,11452.858386545742,11189.574296177187,11321.216796875,4105098
2017-02-07,11222.483682619377,11419.946952349208,11156.662896385084,11255.39453125,5032802
2017-02-08,11255.393959542895,11321.214742433884,11090.840635775065,11189.572265625,5267340
2017-02-09,11189.573437061148,11288.305077247296,11090.841796875,11090.841796875,5519353
2017-02-10,11090.841199123839,11288.30446885367,11057.931261520169,11255.39453125,5502671
2017-02-13,11255.395137869915,11288.305077247296,11090.841796875,11090.841796875,3340499
2017-02-14,11123.751482734011,11222.483112583946,11090.840635775065,11189.572265625,4893310
2017-02-15,11156.66320243838,11452.857204131467,11090.841503371492,11419.947265625,5480079
2017-02-16,11354.124678365924,11485.767155174808,11189.572265625,11189.572265625,5963412
2017-02-17,11123.7529296875,11222.484572380232,11025.021286994768,11123.7529296875,3281666
2017-02-20,11057.932537751318,11090.842479153229,10860.46924523162,10926.2900390625,6122307
2017-02-21,10959.19950330231,11090.841074289185,10959.19950330231,10992.1103515625,4912727
2017-02-22,11025.021685322348,11057.932537751318,10860.46924523162,10926.2900390625,2873182
2017-02-23,10926.29031860403,10992.112025145969,10761.73787430334,10959.201171875,2718354
2017-02-24,10860.46952308917,11057.932820660828,10860.46952308917,10959.201171875,3851626
2017-02-27,10860.467869548684,10992.1103515625,10827.557021288494,10992.1103515625,1841546
2017-02-28,10959.199118010672,10992.109965113817,10794.646704548764,10827.556640625,1948398
2017-03-01,10827.556893435865,10827.556893435865,10597.183691415628,10728.826171875,4211553
2017-03-02,10794.646565641202,10860.46734797359,10564.2724609375,10564.2724609375,3342001
2017-03-03,10597.183227837519,10794.646484375,10399.719971300037,10794.646484375,4664952
2017-03-06,10926.2900390625,10992.111743920437,10794.64845140074,10926.2900390625,3774439
2017-03-07,10926.288558348448,10926.288558348448,10794.646988526552,10860.4677734375,1743099
2017-03-08,10794.64845140074,11025.021685322348,10728.82765756986,10926.2900390625,2964627
2017-03-09,10926.289152616295,11156.663278874785,10893.379213884355,11057.931640625,6570235
2017-03-10,11123.752114975654,11123.752114975654,10893.37890625,10893.37890625,3132579
2017-03-13,10860.4677734375,10893.37862140644,10728.826203615607,10860.4677734375,1952961
2017-03-14,10761.735637943122,10860.467266211863,10728.825702538135,10794.646484375,3104757
2017-03-15,10728.825921369382,10827.556640625,10695.915074266237,10827.556640625,1669498
2017-03-16,10827.558096718481,10893.379799776498,10695.916512656517,10761.7373046875,2637270
2017-03-17,10761.736235795057,11025.020288795748,10728.82629856181,10992.1103515625,6584905
2017-03-20,10992.110569925482,11057.931356726478,10827.557236382554,11025.0205078125,4276438
2017-03-21,11057.931775100169,11452.857421875,11057.931775100169,11452.857421875,14182751
2017-03-22,11452.857421875,11617.410761643756,11387.036632583693,11452.857421875,13212117
2017-03-23,11452.857703718446,11617.411047536696,11321.216121896265,11485.7685546875,4898086
2017-03-24,11617.410466069834,11781.962890625,11452.857130487697,11781.962890625,11682918
2017-03-27,11847.783872566622,11946.515511124493,11617.410656616248,11683.2314453125,10222871
2017-03-28,11584.499911484607,11716.141490067219,11452.857421875,11452.857421875,4436084
2017-03-29,11485.768272034149,11485.768272034149,11255.395054001081,11452.857421875,5710789
2017-03-30,11452.857318335142,11749.052234008752,11419.947379500509,11683.2314453125,7748847
2017-03-31,11683.232342276156,11683.232342276156,11452.858197612148,11551.58984375,3405412
2017-04-03,11485.768954699797,11551.589747903214,11288.3056640625,11288.3056640625,4317370
2017-04-04,11387.037591710372,11485.769239476964,11222.485149108408,11321.216796875,4479695
2017-04-05,11321.216516177732,11419.94816149638,11255.395722974316,11288.3056640625,4615630
2017-04-07,11255.39453125,11354.125255087964,11057.931261520169,11255.39453125,5762210
2017-04-10,11321.214742433884,11354.124678365924,11189.572265625,11189.572265625,4549682
2017-04-11,11189.572265625,11222.483112583946,11025.019852884076,11189.572265625,4641099
2017-04-12,11189.572265625,11321.214742433884,11057.930699843024,11189.572265625,4638321
2017-04-13,11123.7529296875,11255.395423620152,11057.932138234686,11123.7529296875,5694136
2017-04-14,10992.111153453428,11222.484375,10827.557811175011,11222.484375,5795403
2017-04-17,11189.57208642307,11222.482932854948,10794.646484375,10794.646484375,3742492
2017-04-18,10794.646988526552,10860.4677734375,10663.004507677726,10860.4677734375,4810922
2017-04-19,10860.46774130744,10860.46774130744,10728.826171875,10728.826171875,3119143
2017-04-20,10728.82765756986,11123.753331582198,10630.096011310012,10926.2900390625,4644288
2017-04-21,11025.0204795141,11123.752114975654,10860.468057420496,10893.37890625,3291191
2017-04-24,10860.46894824749,10926.289740278473,10728.827364185525,10761.7373046875,1296900
2017-04-25,10794.648156216506,10860.46894824749,10663.00566112751,10761.7373046875,2890898
2017-04-26,10728.826203615607,11025.020191228336,10630.094570735719,10860.4677734375,4384267
2017-04-27,10860.46924523162,10992.111743920437,10827.558392802652,10926.2900390625,1849880
2017-04-28,10926.2900390625,10926.2900390625,10926.2900390625,10926.2900390625,0
2017-05-03,10926.2900390625,11057.932537751318,10860.46924523162,10926.2900390625,3024835
2017-05-04,10926.289152616295,11222.484067365645,10827.55751436651,11057.931640625,5106687
2017-05-05,11057.931328343604,11057.931328343604,10794.647270788446,10893.37890625,3625762
2017-05-08,10959.199406317388,10959.199406317388,10728.826203615607,10860.4677734375,3897802
2017-05-09,10794.64845140074,10992.111743920437,10761.737598971771,10926.2900390625,4804770
2017-05-10,10926.288778024631,11387.036103718587,10926.288778024631,11255.39453125,8793111
2017-05-11,11255.393959542895,11354.124678365924,11189.572265625,11189.572265625,4873780
2017-05-12,11189.57400354348,11387.037293912534,11123.753210429475,11156.6640625,4581869
2017-05-15,11123.7529296875,11156.663780927418,10992.111346781874,11123.7529296875,4386209
2017-05-16,11189.573721140314,11222.484572380232,10992.111346781874,11123.7529296875,5042313
2017-05-17,11057.931137055937,11123.751922549374,10959.19950330231,10992.1103515625,3245326
2017-05-18,10992.11085213414,11222.484067365645,10959.200002375217,11057.931640625,4635061
2017-05-19,11090.842648410593,11321.216796875,11025.021853575223,11321.216796875,7635320
2017-05-22,11452.857716451275,12111.068359375,11452.857716451275,12111.068359375,22253329
2017-05-23,12111.067195622216,12604.724447109207,11946.514778459885,12209.798828125,14324936
2017-05-24,12143.978745240503,12736.367663463192,12045.247107032224,12670.546875,13635866
2017-05-25,12670.546085178821,12966.740070313359,12505.992757737835,12571.814453125,12135977
2017-05-26,12505.993837115228,12835.099609375,12505.993837115228,12835.099609375,9443035
2017-05-29,12835.098918610322,13032.561278106668,12440.172377563717,12505.9931640625,9687976
2017-05-30,12440.172935069968,12637.636214442586,12078.1572265625,12078.1572265625,10660637
2017-05-31,12078.156817379368,12242.709240939517,11946.515242942032,12143.978515625,6612883
2017-06-01,12176.8876596023,12275.619289504977,12045.24609375,12045.24609375,4510522
2017-06-02,12045.246786368949,12111.067573079888,11814.872666340223,12012.3359375,7144263
2017-06-05,12176.888761211467,12374.352038880774,12111.067972330693,12308.53125,4497312
2017-06-06,12242.70828835558,12802.18721374958,12176.887506258314,12769.2763671875,12332729
2017-06-07,12835.09806031166,12999.650471068273,12703.455585090232,12769.2763671875,9447188
2017-06-08,12703.456021845477,12769.276806205717,12440.171973377595,12571.814453125,5352435
2017-06-09,12571.815120461322,12670.54675775601,12374.351845871946,12407.2626953125,6774910
2017-06-12,12440.172159626192,12670.546274876473,12341.440526094206,12473.0830078125,6320590
2017-06-13,12505.993837115228,12966.741189457305,12440.173047074075,12835.099609375,6263004
2017-06-14,12966.739864033676,13230.023908313138,12933.829927890563,13164.203125,10542659
2017-06-15,13230.023806319023,13230.023806319023,12933.829828179893,13032.560546875,8259010
2017-06-16,12966.74051835674,13098.383002652823,12933.830580552938,12999.6513671875,5301625
2017-06-19,13164.203125,13197.113972170024,13032.560647346814,13164.203125,6820888
2017-06-20,13361.666336809085,13559.129597048946,13230.023859640207,13526.21875,9423278
2017-06-21,13427.487778486939,13559.130262112767,13065.472087299599,13361.6669921875,10268551
2017-06-22,13427.488363201712,13493.30915236739,13065.47265625,13065.47265625,6662304
2017-06-23,12966.740330115008,13098.3828125,12900.919544435983,13098.3828125,5764903
2017-06-26,13098.3834027256,13394.577407141465,13032.561703053643,13295.8466796875,5781273
2017-06-27,13295.846080564017,13394.576803569082,13098.3828125,13098.3828125,5606588
2017-06-28,13065.472181973617,13295.846302231399,12966.740546295561,13131.29296875,5079971
2017-06-29,13262.935357224867,13559.130262112767,13262.935357224867,13361.6669921875,7674055
2017-06-30,13295.84670372209,13427.48828125,13295.84670372209,13427.48828125,3852575
2017-07-03,13427.487900160415,13789.503594628168,13427.487900160415,13624.951171875,5247171
2017-07-04,13756.592621011083,13756.592621011083,13295.846205888061,13361.6669921875,5612839
2017-07-05,13394.57743135453,13460.39913114547,13295.84670372209,13427.48828125,5374815
2017-07-06,13493.308564786377,13624.951048412206,13262.935357224867,13361.6669921875,7203676
2017-07-07,13361.66746833247,13559.130745294371,13262.935829851522,13295.8466796875,6921857
2017-07-10,13295.845982394056,13361.666767587092,12966.740234375,12966.740234375,6066564
2017-07-11,12966.740234375,12999.651082484987,12538.903764079858,12966.740234375,3410174
2017-07-12,12966.74110063818,12966.74110063818,12703.45703125,12703.45703125,3144357
2017-07-13,12703.457332236969,12933.831467801829,12670.547392175575,12868.009765625,2023657
2017-07-14,12966.74110063818,12966.74110063818,12703.45703125,12703.45703125,2289886
2017-07-17,12802.189562620846,12835.100415221219,12407.26388655169,12440.173828125,3554840
2017-07-18,12407.262222466823,12571.814641344487,12308.530588934836,12473.0830078125,2818232
2017-07-19,12604.724103176057,12670.545797066517,12505.992473367269,12538.9033203125,2530829
2017-07-20,12670.547668868881,12900.9208984375,12505.994320860395,12900.9208984375,4089508
2017-07-21,12966.740878597853,13032.561667061043,12670.546875,12670.546875,4034658
2017-07-24,12637.634802992967,12835.09806031166,12473.082392236354,12769.2763671875,2156190
2017-07-25,12769.277209821175,13493.30859375,12769.277209821175,13493.30859375,6880528
2017-07-26,13427.486435787932,13756.591245402811,13394.5755904157,13559.12890625,7000051
2017-07-27,13559.130384979126,13723.682807732292,13427.487900160415,13624.951171875,5604930
2017-07-28,13723.682429364779,13954.055632662337,13559.130011148389,13822.4140625,7664928
2017-07-31,13888.235213511874,14710.997326272167,13888.235213511874,14612.2666015625,9536195
2017-08-01,14480.624116904677,14710.997326272167,14348.982543273814,14612.2666015625,5037720
2017-08-02,14381.892784657184,15105.924187986444,14250.251208248399,14776.8193359375,9678990
2017-08-03,14743.907857304119,15138.834391735727,14743.907857304119,15073.0126953125,6261828
2017-08-04,15073.014047213344,15073.014047213344,14743.9091796875,14743.9091796875,3636732
2017-08-07,14612.268088213894,14842.641321019544,14612.268088213894,14809.73046875,4404053
2017-08-08,14875.55078125,14941.371568602593,14743.90829551785,14875.55078125,4199846
2017-08-09,14928.585869987292,14928.585869987292,13780.2333984375,13780.2333984375,13723130
2017-08-10,13645.132696008828,14050.433158040803,13104.73052169962,13712.6826171875,6307975
2017-08-11,13645.132696008828,13780.232538366172,13374.93114137425,13712.6826171875,3457357
2017-08-14,13712.683042422927,14050.43359375,13510.032337642691,14050.43359375,2461763
2017-08-15,14016.657729971494,14050.433158040803,13712.6826171875,13712.6826171875,2528661
2017-08-16,13712.681938465577,13780.231856300803,13374.930479369648,13510.03125,2836856
2017-08-17,13510.032106225626,13611.357456880114,12902.080937258661,12969.630859375,7993447
2017-08-18,12834.529518884097,13510.031515385328,12699.429680559804,13341.15625,3189838
2017-08-21,13341.156365057213,13408.706284801927,12969.6304040214,13273.6064453125,1456688
2017-08-22,13239.831521604372,13239.831521604372,12935.85546875,12935.85546875,2550346
2017-08-23,12935.855199005688,13172.281324615678,12868.305278099951,13104.73046875,167251750
2017-08-24,13138.505480894493,13442.481517790427,13104.73005403053,13374.9306640625,285810205
2017-08-25,13442.48159622318,13577.581434547476,13307.380822938967,13341.15625,2515565
2017-08-28,13341.156365057213,13442.481712154247,13206.05559060786,13273.6064453125,1686052
2017-08-29,13273.6064453125,13442.481712154247,13239.83101796018,13273.6064453125,2319181
2017-08-30,13307.381246764864,13307.381246764864,13070.9560546875,13070.9560546875,2450255
2017-08-31,13104.730123988267,13982.8828125,13070.955631903917,13982.8828125,7683764
2017-09-01,14253.084022211908,14590.83456699116,14016.657892898465,14219.30859375,5347376
2017-09-04,14219.30859375,14219.30859375,14219.30859375,14219.30859375,0
2017-09-05,14185.534217804307,14185.534217804307,13915.333592749748,14151.7587890625,2508152
2017-09-06,13982.882927496657,14117.982766864972,13814.007660806301,13915.3330078125,3739190
2017-09-07,13881.557317637378,14320.633189710205,13881.557317637378,14084.2080078125,3385556
2017-09-08,14084.208505121062,14084.208505121062,13746.45703125,13746.45703125,3047568
2017-09-11,13645.1328125,13915.333434481388,13510.03203402933,13645.1328125,2261199
2017-09-12,13577.581611433865,13982.883001606784,13543.807118892742,13847.7822265625,1540140
2017-09-13,13949.10757410573,13982.883001606784,13746.456879019272,13847.7822265625,1227253
2017-09-14,13746.456729000127,14084.208195444888,13712.682236827595,13949.107421875,2310607
2017-09-15,13949.108679404235,13949.108679404235,13746.457968260152,13780.2333984375,1079512
2017-09-18,13780.232306520325,13982.883001606784,13746.456879019272,13847.7822265625,2646836
2017-09-19,13915.332929702468,14084.208195444888,13814.007583265031,13949.107421875,2511143
2017-09-20,13949.10757410573,13949.10757410573,13780.232306520325,13847.7822265625,1651215
2017-09-21,13780.231972549816,14117.982499535083,13746.456545867326,14084.2080078125,5020954
2017-09-22,13982.882927496657,14117.982766864972,13915.3330078125,13915.3330078125,2181503
2017-09-25,13915.33418418689,13949.108679404235,13712.683473042809,13780.2333984375,1837790
2017-09-26,13780.2333984375,13915.33418418689,13746.457968260152,13780.2333984375,1984638
2017-09-27,13780.232656010718,13847.782577766075,13645.1328125,13645.1328125,1800160
2017-09-28,13645.132406348315,13780.232245837742,13273.6064453125,13273.6064453125,3714557
2017-09-29,13273.60746118727,13408.707311016353,13239.83203125,13239.83203125,2901500
2017-10-02,13239.8309400279,13510.031552376226,13239.8309400279,13307.380859375,1865329
2017-10-03,13374.930627914819,13645.132172176443,13307.380709329367,13408.7060546875,3893394
2017-10-04,13442.482265916375,13645.132968458624,13408.706837172678,13543.8076171875,2549127
2017-10-05,13645.133126768385,13678.907620943966,13408.706992739444,13442.482421875,1785775
2017-10-06,13408.705941360464,13645.132056851193,13374.930514873244,13476.255859375,3560608
2017-10-09,13645.132020630352,13712.681938465577,13510.03125,13510.03125,2737516
2017-10-10,13510.03125,13645.132020630352,13476.255823602438,13510.03125,1114166
2017-10-11,13577.58183987021,13814.00796643548,13543.807346760848,13712.6826171875,2911520
2017-10-12,13712.682772268903,13814.008122662806,13611.357421875,13611.357421875,1753559
2017-10-13,13577.581955784688,13678.907305897703,13543.807462386985,13645.1328125,1020963
2017-10-16,13645.132617544616,13814.007887000176,13645.132617544616,13746.45703125,2443154
2017-10-17,13780.233183612094,14523.28515625,13780.233183612094,14523.28515625,8292926
2017-10-18,14523.28527646326,14658.38512626478,14388.184491701742,14455.7353515625,5495400
2017-10-19,14320.632777414916,14421.95811958529,14050.432176613876,14354.408203125,3148028
2017-10-20,14253.084641900223,14489.509846532881,14253.084641900223,14455.7353515625,3961524
2017-10-23,14320.633110935383,14489.508373499068,14050.432503841506,14117.982421875,2982428
2017-10-24,13949.107307809887,14117.982572171375,13915.332815913538,14016.6572265625,1405665
2017-10-25,13982.883477701116,14388.183946713922,13982.883477701116,14185.5341796875,2012177
2017-10-26,14117.98265075724,14320.633343103018,13712.682201025602,13982.8828125,2762858
2017-10-27,13982.882294411194,14320.6328125,13881.556951992578,14320.6328125,2161576
2017-10-30,14320.635009627831,15063.687011393054,14320.635009627831,14759.7109375,7817955
2017-10-31,14725.936441485235,14962.361653428703,14523.285725556532,14759.7109375,4054798
2017-11-01,14759.710342226397,15165.011757737597,14759.710342226397,15131.236328125,3600307
2017-11-02,15131.23589825316,15232.56124925235,14523.284727217979,14793.4853515625,3174872
2017-11-03,14725.93584757379,15131.236328125,14523.28513981819,15131.236328125,2834773
2017-11-06,15131.2358617973,15435.2119140625,15029.910511042233,15435.2119140625,3187472
2017-11-07,15333.886563307433,15570.311758429281,15266.336641124042,15435.2119140625,3397971
2017-11-08,15435.211839901136,16076.9375,15333.886489632907,16076.9375,4482827
2017-11-09,16076.93682483851,16144.48767882046,15806.737148750384,15874.2861328125,3300106
2017-11-10,15739.186222961047,16347.138296265402,15739.186222961047,15941.8369140625,3763469
2017-11-13,15975.611996717033,16178.2626953125,15941.837503591085,16178.2626953125,2063611
2017-11-14,16178.264238846754,16482.240315741674,15874.288161951832,16414.689453125,2801891
2017-11-15,16482.240481673365,16482.240481673365,16212.040768326635,16347.140625,1620091
2017-11-16,16245.815347298634,16448.466068295136,16009.390129442749,16313.3662109375,3377576
2017-11-17,16347.139808046279,16414.688798047133,15874.287528440313,16245.814453125,3569183
2017-11-20,16076.938318546308,16313.365394489641,15975.612963119167,16212.0400390625,2019320
2017-11-21,16212.039958124573,16549.790517888836,16212.039958124573,16245.814453125,3397744
2017-11-22,16245.813646150085,17360.390625,16212.039152827332,17360.390625,5728633
2017-11-23,17563.041805387686,17900.792357617454,17090.19140625,17090.19140625,3753803
2017-11-24,17090.19140625,17259.065747404908,16887.540700928148,17090.19140625,2497494
2017-11-27,17090.191483720144,17259.065825640562,16955.09163619982,17022.640625,1843417
2017-11-28,17022.64086505048,17157.740714475967,16583.56495197767,16887.541015625,2460261
2017-11-29,16819.991436141485,17292.84375,16819.991436141485,17292.84375,2330435
2017-11-30,17563.04041523021,17765.69110451177,17225.28988973422,17326.615234375,2181631
2017-12-01,17292.843833891817,17326.618331502654,17157.742103608183,17225.29296875,1860935
2017-12-04,17360.392829113494,17698.143414982296,17225.29296875,17225.29296875,1432154
2017-12-05,17360.391504516527,17360.391504516527,16819.990234375,16819.990234375,3443382
2017-12-06,16684.88949413445,16819.989336981882,16549.78965128702,16786.21484375,2630580
2017-12-07,16887.541015625,16988.86637017411,16583.56495197767,16887.541015625,911263
2017-12-08,16921.315510501372,17022.64086505048,16651.11581165041,16887.541015625,1208984
2017-12-11,16144.489178804404,16752.44131136725,16144.489178804404,16212.0400390625,1753063
2017-12-12,16212.039877522482,16482.23957602253,15097.460978929817,16279.5888671875,3712601
2017-12-13,16279.589109069839,16347.139969658518,15975.613041300814,16144.4892578125,2859037
2017-12-14,16076.93776997926,16549.790035811555,15705.41272603669,16516.013671875,2086557
2017-12-15,16347.1404604284,16516.014812089976,16110.715246150152,16414.689453125,910837
2017-12-18,16414.688479485078,16549.790196704842,16347.139490795156,16448.46484375,1450835
2017-12-19,16448.46508119002,16684.89028485756,16279.5888671875,16279.5888671875,1331284
2017-12-20,16279.58943773526,16684.890869609844,16245.814941719062,16549.791015625,1238181
2017-12-21,16549.791344970094,16752.442064940187,16347.140625,16347.140625,1859744
2017-12-22,16144.488360644944,16347.13906122943,15874.286803225657,16110.7138671875,2738211
2017-12-25,16347.139057355249,16414.68804425413,16009.388513101121,16076.9375,811384
2017-12-26,16076.93815835247,16279.5888671875,15874.28744951744,16279.5888671875,1430865
2017-12-27,16380.914875910232,16651.116455122967,16245.815021263896,16482.240234375,1702918
2017-12-28,16482.24079447962,16955.093106690507,16482.24079447962,16718.666015625,1959651
2017-12-29,16921.316880492035,17225.29296875,16718.666154986724,17225.29296875,3675510
2018-01-01,17225.29296875,17225.29296875,17225.29296875,17225.29296875,0
2018-01-02,17225.291308788317,18238.54296875,17022.64060281199,18238.54296875,4115558
2018-01-03,18238.543208495117,18272.319573215136,17900.792650734835,18103.443359375,3483917
2018-01-04,18103.443535957893,18711.39566780842,17934.569190390528,18610.0703125,6270473
2018-01-05,18576.296958077015,18610.071455280464,18204.77000915861,18508.74609375,2705414
2018-01-08,18711.395349540056,19049.14590484988,18508.744642370166,18812.720703125,2910982
2018-01-09,18812.722178341388,18880.271172748286,17563.043342772384,18508.74609375,5973631
2018-01-10,18508.74503597676,19082.92080522188,18441.194175510274,18542.51953125,3993641
2018-01-11,18576.292817524398,18745.167135820608,18339.865780038177,18643.841796875,2220891
2018-01-12,18373.64347661705,18610.068661387377,18306.09262243131,18407.41796875,3521802
2018-01-15,18272.320955801868,18711.396901105192,18069.670231828008,18441.1953125,2533012
2018-01-16,18474.96933986451,18846.494373481724,18407.4184837887,18711.39453125,3356841
2018-01-17,18711.395239334754,18981.59493402322,18238.54296875,18238.54296875,4036061
2018-01-18,17968.34319810715,18306.09375,17765.69249298745,18306.09375,2597953
2018-01-19,18373.64287348518,18441.191855533718,17968.34150151482,18170.9921875,5036487
2018-01-22,18170.9921875,18170.9921875,18170.9921875,18170.9921875,0
2018-01-23,18170.9921875,18170.9921875,18170.9921875,18170.9921875,0
2018-01-24,18170.9921875,18170.9921875,18170.9921875,18170.9921875,0
2018-01-25,19657.098175545787,20535.25,19454.447466837893,20535.25,11319037
2018-01-26,21953.80078125,21953.80078125,21278.299736573943,21953.80078125,8046341
2018-01-29,22291.55296857381,23473.680820011512,22291.55296857381,23372.35546875,6229655
2018-01-30,22190.228046064884,24318.05859375,22190.228046064884,24318.05859375,4653373
2018-01-31,25128.659576735467,25162.435941125033,23102.15625,23102.15625,2488622
2018-02-01,23304.805569175416,23338.581934264195,22224.003024574584,22764.404296875,2684792
2018-02-02,22494.204595684794,23169.705718580313,22359.104745089695,22764.404296875,2510803
2018-02-05,22426.651367809307,22561.753074061508,21176.974609375,21176.974609375,3955217
2018-02-06,19724.646484375,20805.44898023336,19724.646484375,19724.646484375,4700810
2018-02-07,21075.650390625,21075.650390625,20265.047589484082,21075.650390625,2916906
2018-02-08,21075.647444263755,22156.449781409607,21075.647444263755,21751.1484375,2896242
2018-02-09,20265.046509153603,22291.551534052924,20231.272017546555,21818.701171875,2551409
2018-02-12,22291.55211196406,23338.580078125,21953.80157737792,23338.580078125,3349499
2018-02-13,24588.256930226536,24655.807785279634,23642.55617900233,23912.755859375,3484300
2018-02-14,23912.755859375,23912.755859375,23912.755859375,23912.755859375,0
2018-02-15,23912.755859375,23912.755859375,23912.755859375,23912.755859375,0
2018-02-16,23912.755859375,23912.755859375,23912.755859375,23912.755859375,0
2018-02-19,23912.755859375,23912.755859375,23912.755859375,23912.755859375,0
2018-02-20,23912.755859375,23912.755859375,23912.755859375,23912.755859375,0
2018-02-21,24318.059028438718,25567.737783841483,24047.857458384064,25263.76171875,3028817
2018-02-22,24993.558827299672,26074.361310536853,24824.684491123808,24858.458984375,4048959
2018-02-23,24993.558519409857,25331.309057520815,24250.506587597793,25061.109375,5136847
2018-02-26,25601.50953938903,26175.685243175503,25263.759015401705,25736.609375,4984132
2018-02-27,25736.612223588967,26209.46263552346,25398.861662218616,25770.38671875,3141636
2018-02-28,25770.38671875,25770.38671875,25770.38671875,25770.38671875,0
2018-03-01,26074.362197501272,26749.863305022867,25331.31023125953,25533.9609375,3733422
2018-03-02,24993.559677498728,25669.060785020327,24926.01068869855,25533.9609375,3371552
2018-03-05,25837.93584504036,25939.261193643648,23777.65625,23777.65625,3669571
2018-03-06,24318.05778710403,25432.634765625,23946.53088098377,25432.634765625,3578807
2018-03-07,25669.061104844,25736.611964405798,24926.010999264192,25331.310546875,2910018
2018-03-08,25331.308898705025,25669.059434698444,24993.558362711607,25128.658203125,1604500
2018-03-09,25331.307920263876,25669.058443211423,24993.55739731633,25162.43359375,3207853
2018-03-12,26141.912184592853,26344.562884076506,25669.059929157695,26074.361328125,2855409
2018-03-13,26074.362643092754,26479.6640625,25669.061223685512,26479.6640625,2806398
2018-03-14,26884.96373410462,26884.96373410462,26277.01164451697,26344.5625,2829075
2018-03-15,26344.561673968714,28168.416015625,26141.91098379359,28168.416015625,5000374
2018-03-16,28573.718273741208,29384.321112390317,28235.96771427741,28911.470703125,3724988
2018-03-19,29046.567759770656,29114.116743215818,27830.665488639734,28168.416015625,3353623
2018-03-20,27830.664687386598,29114.115905011735,27695.562984546254,28708.81640625,2645490
2018-03-21,29384.3203125,29586.971016645788,28776.36820006264,29384.3203125,2277328
2018-03-22,29384.31946430847,30059.820545349157,29215.443259088355,29924.720703125,3579274
2018-03-23,29384.318594699114,29451.869448772017,27965.765618526853,28607.4921875,5189543
2018-03-26,28371.06909412543,30330.0234375,28371.06909412543,30330.0234375,2739515
2018-03-27,31073.074279711283,31478.373809551766,29789.62109375,29789.62109375,4168878
2018-03-28,29722.07074350028,30228.697501831743,29316.76933683511,30093.59765625,2370517
2018-03-29,30093.5972198622,30194.92070013926,29586.97046887734,29722.0703125,1270580
2018-03-30,29586.973065251488,29688.298424340162,28810.146558851706,29316.771484375,3133741
2018-04-02,29586.971310900048,30397.572265625,29012.79555672321,30397.572265625,3699434
2018-04-03,30600.224855785345,30937.97543020875,30194.923418509232,30465.125,1899443
2018-04-04,30465.1233640056,30701.548566413807,30262.47265625,30262.47265625,2141861
2018-04-05,30262.471556910546,30262.471556910546,29553.195975451654,29722.0703125,2471812
2018-04-06,29857.17015612266,30194.92070013926,29586.97046887734,29722.0703125,2083213
2018-04-09,29924.72257719752,30397.57298955486,29316.770444235222,29992.2734375,3861915
2018-04-10,30330.022812630938,31343.27445800866,30262.471954971115,30735.32421875,5926505
2018-04-11,31613.47708483564,31613.47708483564,29722.07170577573,30059.822265625,3380170
2018-04-12,29924.72257719752,30397.57298955486,29451.87216484018,29992.2734375,2574525
2018-04-13,30059.82109272833,30262.471794714715,28168.417657388618,28371.068359375,4775319
2018-04-16,27695.563548272057,28371.06646646391,27020.0625,27020.0625,3128780
2018-04-17,27020.064375375852,28303.517578125,26817.41367284494,28303.517578125,3566363
2018-04-18,28843.91866048987,28843.91866048987,27155.1640625,27155.1640625,1695704
2018-04-19,27155.16446557112,27290.266181758,25533.960700608066,25669.060546875,3904732
2018-04-20,26006.81246766383,26716.08804937544,24993.558965333083,26648.5390625,3423511
2018-04-23,26884.964189446677,27459.139926057505,24790.908203125,24790.908203125,4550844
2018-04-24,24993.55944562038,26006.81296742226,24250.507486272323,25669.060546875,3547654
2018-04-25,25669.060546875,25669.060546875,25669.060546875,25669.060546875,0
2018-04-26,25533.95836594746,26006.81058952709,23980.30560113384,24655.806640625,3128398
2018-04-27,24588.25821087427,25736.611587068277,24318.058516428602,24385.609375,2872657
2018-04-30,24385.609375,24385.609375,24385.609375,24385.609375,0
2018-05-01,24385.609375,24385.609375,24385.609375,24385.609375,0
2018-05-02,24790.90757933618,24926.009289190988,22696.853515625,22696.853515625,2648452
2018-05-03,21751.15261253172,23575.007140285627,21109.42598480498,22764.404296875,5909469
2018-05-04,23034.60320069961,23304.802870602118,21953.80078125,21953.80078125,2266769
2018-05-07,22257.779252900193,23473.681640625,21413.401919509077,23473.681640625,5043503
2018-05-08,23473.68181594739,24959.785784221705,23237.256609612843,23980.30859375,4271024
2018-05-09,23642.556640625,24486.93206071598,23304.804228684727,23642.556640625,2612311
2018-05-10,23237.255705446583,24047.856648470104,21987.576992132068,22088.90234375,4016729
2018-05-11,22088.900987549107,23102.15444151731,21278.30009429437,22967.052734375,2999507
2018-05-14,23372.355783376002,23439.90664176632,22764.403667623,23169.705078125,1301407
2018-05-15,23169.704766226972,23642.55702875401,22967.054063703945,23372.35546875,3148651
2018-05-16,23034.606444652956,23169.70629863026,22392.879800860686,22426.654296875,2631615
2018-05-17,22426.65257799766,22629.303278391602,22088.902033981056,22291.552734375,2129771
2018-05-18,22291.551835814254,22561.7533820878,20940.54971420603,22257.77734375,4163293
2018-05-21,22257.777905094474,22257.777905094474,21278.30078125,21278.30078125,3409905
2018-05-22,20940.54854784087,21210.74820914476,19792.1953125,19792.1953125,4421486
2018-05-23,19454.44646681927,20602.797930575205,19420.670103824174,20569.0234375,2578423
2018-05-24,20602.798803068323,20771.675015435754,19893.523198933035,20028.623046875,1543513
2018-05-25,20163.722042560796,20332.59824779037,18711.39453125,18711.39453125,3063683
2018-05-28,18306.09318820587,18373.64404447936,17427.94140625,17427.94140625,5530748
2018-05-29,17900.789934580447,18643.841796875,17427.939599447414,18643.841796875,4073393
2018-05-30,18914.04332403652,19251.793830548642,18474.96747857879,18643.841796875,3039022
2018-05-31,18441.19420164199,19859.747314088294,18441.19420164199,19758.423828125,4836703
2018-06-01,19589.54610653069,20737.899428335277,19454.446265706585,20062.396484375,5151829
2018-06-04,19589.54530537828,20670.347727609365,19184.243929561675,20602.796875,6914062
2018-06-05,20467.69914045737,21075.65126658105,19994.848733418945,20535.25,4345844
2018-06-06,20569.023046883398,21480.951171875,20129.94716556443,21480.951171875,3589550
2018-06-07,21480.95179119546,21751.151478295826,21075.650390625,21075.650390625,5250998
2018-06-08,21075.65008391392,21413.400622834095,20805.448530825848,21278.30078125,3803210
2018-06-11,21008.099768820528,21582.275512769666,20940.55078125,20940.55078125,3288583
2018-06-12,20467.698037814876,20602.797879702,19488.220911773427,19994.84765625,6115022
2018-06-13,19994.8485523695,20265.048248253428,19690.872492060105,20028.623046875,2369794
2018-06-14,20062.396047599923,20197.497755402626,19116.6953125,19116.6953125,5483849
2018-06-15,18914.04388868476,19589.544921875,18778.942186110904,19589.544921875,3205968
2018-06-18,19589.54879171184,19623.32328906744,18373.6463177888,18441.1953125,4072259
2018-06-19,18103.443359375,18238.543208495117,17157.74067569422,18103.443359375,7738713
2018-06-20,18306.094727188123,18914.046875,18002.11865328219,18914.046875,3350619
2018-06-21,18643.844625775448,18914.046193935665,17968.343510254886,18103.443359375,2939300
2018-06-22,17596.8140609955,18677.618308520476,17596.8140609955,18576.29296875,3234073
2018-06-25,18947.819184971446,19353.120570085663,18846.49383869289,19049.14453125,2746729
2018-06-26,18576.294532692715,18981.594055977162,18441.192821678025,18778.943359375,1818968
2018-06-27,18778.944474895565,19049.14604305578,18103.443359375,18103.443359375,2737290
2018-06-28,17833.24471840941,18103.444432668894,17427.94327710008,17495.494140625,5433874
2018-06-29,17563.041015625,18035.893263419748,17360.390319415805,17563.041015625,2994391
2018-07-02,17225.29282516519,17563.043408218608,16448.466297150317,16718.666015625,5020486
2018-07-03,16752.44028608558,16988.865477639232,15570.3115234375,15570.3115234375,7008569
2018-07-04,15570.311678359001,15637.86253515497,14827.259733282963,15468.986328125,6578669
2018-07-05,15232.561574320398,15570.31212821877,14388.184254614482,14590.8349609375,4314379
2018-07-06,14455.73542188567,15604.087890625,14084.209430684123,15604.087890625,7174324
2018-07-09,15941.838207544031,16482.239471021458,15705.413005382654,15739.1875,7686272
2018-07-10,16009.389647011658,16448.465572632816,15806.738932121885,15975.61328125,5120407
2018-07-11,15401.43627982691,15536.537057349577,14861.03503965614,14928.5849609375,7712762
2018-07-12,15131.235710409763,15941.837573380288,14894.81051765334,15536.537109375,3555747
2018-07-13,15874.2861328125,16212.038532802408,15739.186294768437,15874.2861328125,4447763
2018-07-16,16212.04085043925,16482.24056515452,16009.390129442749,16313.3662109375,4127237
2018-07-17,15941.83840413502,16988.866449384226,15941.83840413502,16819.990234375,5657598
2018-07-18,16887.54072908435,17698.141681803303,16819.98987055779,17664.3671875,5686752
2018-07-19,17563.04124887708,17698.14109150416,17225.29070734943,17427.94140625,4740793
2018-07-20,17157.740234375,17495.49265336784,16752.44069743948,17157.740234375,6065076
2018-07-23,17157.7409603341,17698.142235699583,16752.44140625,16752.44140625,4428218
2018-07-24,16752.44140625,16752.44140625,16752.44140625,16752.44140625,0
2018-07-25,16887.539515896,16988.864861446724,15941.8369140625,15941.8369140625,3931293
2018-07-26,15941.838309102446,16279.5888671875,15705.413105434907,16279.5888671875,3351327
2018-07-27,16279.589121605191,16853.76676225103,16212.040130884518,16752.44140625,2878653
2018-07-30,17022.63948957066,17765.69140625,16887.53965106165,17765.69140625,5376742
2018-07-31,17698.140552035573,18204.767283844176,17461.715367164838,17765.69140625,7521920
2018-08-01,17765.69140625,18103.441937482457,17563.04071352656,17765.69140625,4943299
2018-08-02,17563.04272414971,17698.142578125,17090.192300276158,17698.142578125,4993557
2018-08-03,17968.344809742634,18035.89567414803,17765.694086446576,17934.5703125,3664639
2018-08-06,17968.342462799297,18643.843538941863,17596.815561976975,18137.216796875,4623694
2018-08-07,17765.69305052543,18711.395747456216,17765.69305052543,18542.51953125,5254371
2018-08-08,18576.295001225448,19724.646484375,18576.295001225448,19724.646484375,6388181
2018-08-09,19927.296586997152,20129.947282618123,19454.446210494792,19488.220703125,4881277
2018-08-10,19319.344413164028,20197.498046875,19251.795428207704,20197.498046875,6269878
2018-08-13,20062.395663884457,20839.223924172882,19994.846681194886,20602.796875,5201803
2018-08-14,20602.797406927355,20704.122753497544,20197.497890566436,20265.046875,3099981
2018-08-15,20602.79616633141,20737.897866903084,19319.343100338592,19792.1953125,7010142
2018-08-16,19555.77131892851,20298.823237136625,18914.044747290583,20265.046875,7111239
2018-08-17,20670.347142601702,21413.399020595854,20332.5966289534,21008.09765625,6611494
2018-08-20,20940.550315882745,21480.951554037143,20805.44860390423,21210.75,5064352
2018-08-21,20940.550558308587,22291.552734375,20940.550558308587,22291.552734375,5769126
2018-08-22,22426.651138539284,22764.401660877313,21886.24992881448,21953.80078125,6160617
2018-08-23,22088.90292167903,22629.304187806956,21751.152364089074,22325.328125,4727583
2018-08-24,22021.35267106796,22663.079254716624,22021.35267106796,22561.75390625,3933546
2018-08-27,22764.402043581358,23034.603587946156,22595.527714533207,22967.052734375,3602788
2018-08-28,23169.705718580313,23169.705718580313,22494.204595684794,22764.404296875,3660260
2018-08-29,22764.40535611532,23034.60693979816,22663.08186589436,22730.630859375,3287903
2018-08-30,22696.85407333981,23575.005859375,22629.303216752527,23575.005859375,4657724
2018-08-31,23507.457528035062,23642.5592557227,23169.70694865618,23237.2578125,3311132
2018-09-03,23237.2578125,23237.2578125,23237.2578125,23237.2578125,0
2018-09-04,22967.052348264086,22967.052348264086,21751.150093863223,21953.80078125,5795389
2018-09-05,21751.15141649662,22527.977852102948,21717.376923185013,22359.103515625,4653529
2018-09-06,22359.100947111605,22426.649925975096,21886.248745468703,22122.67578125,2725767
2018-09-07,21953.80317189497,23068.38020397358,21953.80317189497,22899.505859375,4494336
2018-09-10,22831.952897152514,23304.803262391128,22629.302206358872,22967.052734375,4363673
2018-09-11,22967.053389456985,23912.75601682801,22899.504403878975,23845.20703125,6195270
2018-09-12,23980.308414643667,24047.85740456616,23473.681640625,23473.681640625,3583073
2018-09-13,23777.65648344917,23980.30718264537,23304.804228684727,23642.556640625,4230219
2018-09-14,23845.206506926657,23980.306345031895,23439.905122691114,23541.23046875,2347414
2018-09-17,23439.90680445591,23710.10650005265,23102.15625,23102.15625,3067354
2018-09-18,22831.95448047855,23845.208004712775,22629.303775631703,23811.431640625,5849970
2018-09-19,23980.306872325895,24284.28291718657,23777.656175752116,23845.20703125,4171259
2018-09-20,23845.208742975974,24149.18293973753,23541.23267629441,23980.30859375,3266629
2018-09-21,24115.406713401793,24149.1812061908,23406.129275393556,23845.20703125,6563617
2018-09-24,23845.207415804238,24047.85624572628,23541.23136604131,23575.005859375,3435488
2018-09-25,23473.680434654863,24047.856169097504,23372.355085056763,23642.556640625,2579684
2018-09-26,23608.78035270869,23946.530895805306,23575.005859375,23575.005859375,2772978
2018-09-27,23642.55793465758,23676.332429732232,23406.130859375,23406.130859375,2939640
2018-09-28,23575.005552793424,24081.632295809864,23439.905711295665,23777.65625,4000954
2018-10-01,23777.6577050362,23980.308414643667,23372.356285821264,23473.681640625,2456477
2018-10-02,23507.457416523182,24588.26001337666,23304.806695873143,24453.16015625,7369091
2018-10-03,24520.707627753694,24824.683666678877,24453.156773574818,24757.1328125,3346792
2018-10-04,24790.909182267456,24858.460041562565,24520.709484926985,24824.685546875,2664255
2018-10-05,24588.258857193123,24723.360577887157,23980.30859375,23980.30859375,4018033
2018-10-08,23777.657333220443,24453.158441402396,23575.006626781866,24318.05859375,4632297
2018-10-09,24385.609375,24655.809069445673,24182.958669205767,24385.609375,1800189
2018-10-10,24453.160170564493,24453.160170564493,23777.659014615667,23878.984375,2948044
2018-10-11,22359.101702128446,23169.702565300366,22224.0,22224.0,9316724
2018-10-12,22291.553807694585,23068.380283328304,21616.052687136566,22831.955078125,3771434
2018-10-15,22967.052274021524,22967.052274021524,22021.3515625,22021.3515625,1700155
2018-10-16,22021.35251772842,22629.302734375,22021.35251772842,22629.302734375,2231478
2018-10-17,22967.054063703945,23507.45531379204,22933.27956992342,23372.35546875,4068177
2018-10-18,23237.25562370796,23743.882380015522,22831.954218661904,23372.35546875,4751635
2018-10-19,22967.054063703945,23473.680820011512,22831.954218661904,23372.35546875,2849980
2018-10-22,23642.556640625,23946.530819499403,23439.905941428795,23642.556640625,5164117
2018-10-23,23507.455002787712,23777.65655921695,22629.303216752527,23575.005859375,5171543
2018-10-24,23575.004334216603,23642.55518643376,22021.3515625,22021.3515625,3161620
2018-10-25,20501.47278317688,21616.051634745643,20501.47278317688,21075.650390625,6508738
2018-10-26,21616.05023991734,21818.70092712604,20670.34765625,20670.34765625,2661647
2018-10-29,20602.798606831246,20805.449311773973,19454.44710538239,19521.99609375,3519123
2018-10-30,19251.793830548642,20062.394672193797,18643.841796875,18643.841796875,4450952
2018-10-31,19251.79579311387,19927.296875,19049.14509456405,19927.296875,2367413
2018-11-01,21244.52459605556,21278.30095917392,20467.698163051533,20501.47265625,4215252
2018-11-02,20940.552086758864,21920.029296875,20805.450363355223,21920.029296875,4917362
2018-11-05,21616.04996938829,22156.451171875,21345.84843318505,22156.451171875,2455272
2018-11-06,22291.551842249108,22392.877188390958,21514.72543510815,21616.05078125,2600731
2018-11-07,21616.05322409688,22190.229003842185,21548.50236239506,21920.029296875,3000797
2018-11-08,22629.3049301039,22629.3049301039,21886.252931064064,21920.029296875,2450071
2018-11-09,21751.15092588257,21953.80162102109,21379.6258980752,21413.400390625,2537207
2018-11-12,21008.09659697227,21920.024620768887,21008.09659697227,21751.1484375,1889125
2018-11-13,21143.199613881512,21447.175667708678,20940.55078125,20940.55078125,2911662
2018-11-14,20940.54980877455,21278.300340701906,20265.046875,20265.046875,2142145
2018-11-15,20265.04781610521,21480.95203141387,20197.49882853468,20940.55078125,2231124
2018-11-16,21278.29811621856,21920.024620768887,21278.29811621856,21751.1484375,3316348
2018-11-19,21751.1484375,21987.573598140723,21616.048612836683,21751.1484375,2155141
2018-11-20,21244.52418803628,21616.051085763516,21244.52418803628,21413.400390625,1845316
2018-11-21,21075.649558466746,21751.150619465854,21041.873196472905,21616.05078125,2477425
2018-11-22,21751.151759246608,21920.027968305574,21480.95206865618,21514.7265625,2644866
2018-11-23,21480.951245644457,21683.600070863115,21345.84953560554,21413.400390625,1900436
2018-11-26,21210.748804505118,21582.273816706165,21210.748804505118,21379.625,1120969
2018-11-27,21548.49946946877,21616.050322101764,20940.549275451027,21244.5234375,1958772
2018-11-28,21244.523366343263,21379.625071156737,21143.198022693054,21312.07421875,1083013
2018-11-29,21312.074518273505,21616.050553496265,21109.423828125,21109.423828125,3516345
2018-11-30,20670.348761845602,21480.951554037143,20670.348761845602,21210.75,3701178
2018-12-03,21616.053925459764,22663.08203125,21480.95406759267,22663.08203125,4910814
2018-12-04,22663.079254716624,23034.60428581433,22426.65219501458,22561.75390625,3365061
2018-12-05,22291.554680779165,23000.832194089082,22156.45482536016,22865.73046875,3649120
2018-12-06,22764.404296875,22865.72965230133,22426.65373542724,22764.404296875,2812110
2018-12-07,22831.955157132554,23237.256578837867,22730.629801706225,22764.404296875,1729422
2018-12-10,22764.404296875,23034.60586798521,22460.430100516023,22764.404296875,2206165
2018-12-11,22764.405522210243,22865.73088309059,22561.756670369654,22663.08203125,1628198
2018-12-12,22663.08203125,22663.08203125,22663.08203125,22663.08203125,0
2018-12-13,23608.780982862183,23608.780982862183,23169.705078125,23169.705078125,2282544
2018-12-14,23102.15656882929,23507.456117817877,22831.95499958357,22899.505859375,1721514
2018-12-17,22595.53051678667,23000.831948638643,22426.654296875,22426.654296875,3221345
2018-12-18,22088.904201788362,22730.630859375,21953.80434490699,22730.630859375,3328381
2018-12-19,22730.630289217115,22933.281004416083,22494.205078125,22494.205078125,1862834
2018-12-20,22629.30517394638,23135.93196736908,22561.756181436733,22933.28125,2318189
2018-12-21,22831.952897152514,23000.829096120488,22561.753222707543,22967.052734375,1001064
2018-12-24,22967.052734375,23473.6794613591,22831.952897152514,22967.052734375,2633230
2018-12-25,22426.649925975096,22798.176789403067,21413.398413745497,22122.67578125,2590399
2018-12-26,22122.676905865846,22595.52726162661,21987.57520143153,22021.3515625,1469557
2018-12-27,22831.952897152514,23271.02877056546,22663.078568104364,22967.052734375,2329386
2018-12-28,22831.9563692773,23237.2578125,22730.631008471628,23237.2578125,3021461
2018-12-31,23237.2578125,23237.2578125,23237.2578125,23237.2578125,0
2019-01-01,23237.2578125,23237.2578125,23237.2578125,23237.2578125,0
2019-01-02,23237.254820941445,23237.254820941445,22595.528241761265,22629.302734375,1141931
2019-01-03,22629.30237274866,22831.95306503236,21616.05078125,21616.05078125,1569677
2019-01-04,21278.299727506525,21582.273888537366,20805.44750049895,21312.07421875,2065454
2019-01-07,21616.050482393086,22291.551534052924,21616.050482393086,21818.701171875,1142441
2019-01-08,22021.3521658174,22021.3521658174,21548.499927182154,21616.05078125,791627
2019-01-09,21818.702346735736,22325.327227800688,21683.600633193168,22291.552734375,1524648
2019-01-10,22291.55130358803,22359.10215602355,21953.80078125,21953.80078125,582077
2019-01-11,21953.80337579795,22156.454087134425,21514.727457875593,21548.501953125,1335026
2019-01-14,21548.501953125,21852.478020129714,21244.52588612029,21548.501953125,1071377
2019-01-15,21447.174062783062,22156.451468636777,21447.174062783062,21953.80078125,823049
2019-01-16,22088.898934118122,22122.67529272369,21751.1484375,21751.1484375,515449
2019-01-17,21751.149630027685,21886.24946209798,21548.49894696236,21582.2734375,421736
2019-01-18,21582.274723293856,21818.701780902033,21379.6258980752,21413.400390625,721612
2019-01-21,21616.05084592482,22527.977094010097,21413.400153034792,22190.2265625,1711493
2019-01-22,22223.99924954524,22359.100947111605,22088.899421898564,22122.67578125,799280
2019-01-23,21886.251640514136,22190.227695367932,21683.600937278272,22088.90234375,648790
2019-01-24,21987.575272507867,22190.22595989464,21953.80078125,21953.80078125,821391
2019-01-25,22088.900074003795,22088.900074003795,21616.049728321166,21649.82421875,809258
2019-01-28,21649.82730879324,21852.478020129714,21480.952962626183,21548.501953125,772706
2019-01-29,21548.500230744055,21548.500230744055,21312.075043055742,21413.400390625,901256
2019-01-30,21548.500230744055,21784.925418432373,21345.84953560554,21413.400390625,608609
2019-01-31,21751.151161754267,21751.151161754267,21278.30078125,21278.30078125,961124
2019-02-01,21244.526205309397,21514.727781124355,21210.751709552544,21345.8515625,761169
2019-02-04,21345.8515625,21345.8515625,21345.8515625,21345.8515625,0
2019-02-05,21345.8515625,21345.8515625,21345.8515625,21345.8515625,0
2019-02-06,21345.8515625,21345.8515625,21345.8515625,21345.8515625,0
2019-02-07,21345.8515625,21345.8515625,21345.8515625,21345.8515625,0
2019-02-08,21345.8515625,21345.8515625,21345.8515625,21345.8515625,0
2019-02-11,21514.724456424727,21784.92412056532,21480.94996588709,21582.2734375,895332
2019-02-12,21649.827719987767,22088.90364624948,21649.827719987767,21920.029296875,1978260
2019-02-13,21987.575272507867,22021.35163368552,21784.92458512109,21953.80078125,2207908
2019-02-14,21953.800852655233,21987.57534402295,21852.475508632284,21886.25,1443606
2019-02-15,21852.47764201012,22831.954816574904,21683.601428845166,22392.87890625,2299637
2019-02-18,22392.87890625,22392.87890625,22392.87890625,22392.87890625,0
2019-02-19,22629.301366545835,22798.17755924652,22224.0,22224.0,1620176
2019-02-20,22156.451841120263,23575.004806755922,22055.12649572344,22967.052734375,3346438
2019-02-21,23135.931640625,23406.131346687755,22967.055421895748,23135.931640625,3058382
2019-02-22,23102.15444151731,23439.904969533436,22967.052734375,22967.052734375,2068898
2019-02-25,23304.803262391128,23304.803262391128,22764.402043581358,22967.052734375,2391720
2019-02-26,22764.402500632543,22967.053195494893,22629.3026606976,22696.853515625,1998046
2019-02-27,22696.853515625,22933.278702991123,22629.3026606976,22696.853515625,1061654
2019-02-28,22696.85267836158,22798.178022054966,21953.80078125,21953.80078125,2541927
2019-03-01,22021.352231704874,22359.10276321497,22021.352231704874,22190.2265625,1634349
2019-03-04,22359.102980827705,22798.178863056175,22291.5521259003,22696.853515625,1301577
2019-03-05,22426.652813615852,23845.207731277038,22426.652813615852,23372.35546875,5974892
2019-03-06,23372.356285821264,23575.006995428732,23237.256436056286,23473.681640625,2270057
2019-03-07,23642.556715962284,23811.43105255064,23439.906016120334,23575.005859375,2413192
2019-03-08,23575.005859375,23575.005859375,23575.005859375,23575.005859375,0
2019-03-11,23034.60693979816,23034.60693979816,22595.531002493626,22730.630859375,1611842
2019-03-12,23034.6058984918,23980.30859375,22831.955187370757,23980.30859375,2395972
2019-03-13,23845.20858204167,24284.28449653388,23777.65772215056,24047.857421875,4054826
2019-03-14,24047.85871494992,24790.9107340267,23777.6590006966,24453.16015625,3757360
2019-03-15,24453.157131138163,25331.308898705025,24250.50643555814,25128.658203125,4507403
2019-03-18,25128.660077295226,25398.861648194317,24926.011236520913,25196.2109375,4146796
2019-03-19,25094.884414032444,25196.209764663094,24655.808517939593,24723.359375,3995568
2019-03-20,24419.38386932572,24655.809069445673,23980.30796341153,24385.609375,3827630
2019-03-21,24486.93425172541,24757.135831470387,23507.45703125,23507.45703125,3174291
2019-03-22,23912.758136411372,24115.408850947744,23507.456707338628,23710.107421875,2660471
2019-03-25,23034.606927012235,23642.559087521095,22629.305486672994,23304.806640625,2966299
2019-03-26,23575.006488627,23710.106335487682,23102.156089654636,23169.705078125,1476970
2019-03-27,23541.23136604131,23710.105702629666,23169.704459691096,23575.005859375,1752581
2019-03-28,23271.03094776724,24216.733636642773,23271.03094776724,24047.857421875,3113233
2019-03-29,24047.85532325789,24318.056869322278,24047.85532325789,24182.95703125,2345359
2019-04-01,24182.959304871045,24520.709866766112,23845.208742975974,23980.30859375,1289502
2019-04-02,24318.05990056486,24318.05990056486,23507.45703125,23507.45703125,2060110
2019-04-03,23507.456075847567,24385.6097718883,23271.030871879673,24115.408203125,2686819
2019-04-04,24318.057409975576,24318.057409975576,23743.88168296311,23845.20703125,1500285
2019-04-05,23845.208243621015,24115.407939510675,23507.455818878985,23676.33203125,1045482
2019-04-08,23507.456311160895,24014.083088963504,23507.456311160895,23980.30859375,1477778
2019-04-09,23980.307303722115,24453.15769095408,23980.307303722115,24149.181640625,2950199
2019-04-10,24149.181281598805,24182.957644413153,23777.65625,23777.65625,740575
2019-04-11,23845.20816560711,23980.308013109938,23608.78109507721,23743.8828125,912694
2019-04-12,23710.106845193714,23777.6577050362,23439.907145663754,23473.681640625,1267661
2019-04-15,23473.681640625,23473.681640625,23473.681640625,23473.681640625,0
2019-04-16,23372.35646038687,24047.857584177007,23102.15675883882,23980.30859375,1990648
2019-04-17,23980.309328323692,23980.309328323692,23507.45703125,23507.45703125,1208190
2019-04-18,23507.45703125,23912.75846590743,23406.13167258564,23507.45703125,1440077
2019-04-19,23507.454106783814,23777.655652914123,23439.905122691114,23541.23046875,416506
2019-04-22,23541.23215778468,23541.23215778468,22933.28003781206,23102.15625,974347
2019-04-23,23372.35594559674,23372.35594559674,22933.28003781206,23102.15625,1425451
2019-04-24,23304.804611269014,23507.45531379204,23169.704766226972,23372.35546875,762657
2019-04-25,23372.357503988238,23642.559087521095,23304.806640625,23304.806640625,658513
2019-04-26,23304.806313921286,23575.00789366626,23304.806313921286,23507.45703125,686264
2019-04-29,23507.45703125,23507.45703125,23507.45703125,23507.45703125,0
2019-04-30,23507.45703125,23507.45703125,23507.45703125,23507.45703125,0
2019-05-01,23507.45703125,23507.45703125,23507.45703125,23507.45703125,0
2019-05-02,23642.559087521095,23642.559087521095,23304.806640625,23304.806640625,685215
2019-05-03,23304.80508673757,23507.45579339511,23102.15625,23102.15625,787077
2019-05-06,22730.62855181241,22899.50475821026,22291.55265908188,22359.103515625,1729493
2019-05-07,22494.20335879134,22899.50475821026,22224.001802538758,22359.103515625,1345245
2019-05-08,22088.90175331557,22291.5524511346,21852.4765625,21852.4765625,1598604
2019-05-09,22055.125557503543,22156.450898590007,20940.548675472186,21008.09765625,2746701
2019-05-10,21278.300250750446,21751.150619465854,21210.7493966826,21616.05078125,1556255
2019-05-13,21616.05194947961,22156.4532014686,21616.05194947961,22088.90234375,1103295
2019-05-14,21920.026361287513,22021.351705310466,21616.050329218662,21886.25,1547198
2019-05-15,22021.351186646833,22359.101702128446,21818.700503373915,22224.0,2069365
2019-05-16,22257.77674038038,22291.55123152907,21920.026219134154,22021.3515625,1100120
2019-05-17,22088.901989824597,22088.901989824597,21616.05160313058,21717.376953125,1330292
2019-05-20,21683.600937278272,22224.002189267267,21683.600937278272,22088.90234375,1361841
2019-05-21,22088.90292167903,22460.42984397197,22021.35393211303,22325.328125,2432595
2019-05-22,22325.328938912007,22696.855874749665,22325.328938912007,22426.654296875,1789686
2019-05-23,22291.55235369904,22561.75390625,22021.35267106796,22561.75390625,1127148
2019-05-24,22359.10215602355,22460.427499716938,21953.80078125,21953.80078125,2141450
2019-05-27,21953.80071028284,22088.900544797376,21886.249858065683,22021.3515625,745550
2019-05-28,21953.801008223007,22156.45169770492,21717.375827134045,21818.701171875,1249519
2019-05-29,21818.7014735337,21920.02681967555,21582.27441925616,21616.05078125,1271275
2019-05-30,21751.1508511852,21818.70170597268,21480.951171875,21480.951171875,952195
2019-05-31,21379.62612991804,21548.500464418186,21244.524418414065,21278.30078125,1295639
2019-06-03,21210.74886549994,21278.299717876103,20670.34765625,20670.34765625,1841163
2019-06-04,20670.348173899347,21616.05078125,20636.573681825343,21616.05078125,1228869
2019-06-05,21616.05139609577,21751.151238154398,21210.75,21210.75,684180
2019-06-06,21210.750074978045,21413.40077374228,20872.999533677616,21143.19921875,467147
2019-06-07,21143.198840467023,21413.400390625,21143.198840467023,21413.400390625,650987
2019-06-10,21480.951245644457,21683.600070863115,21413.400390625,21413.400390625,668306
2019-06-11,21480.952962626183,21616.05281354383,21345.851241788525,21548.501953125,828265
2019-06-12,21413.400622834095,21548.500464418186,21244.524418414065,21278.30078125,497917
2019-06-13,21210.74992549801,21447.175115750146,21210.74992549801,21278.30078125,409802
2019-06-14,21413.40090314174,21784.92593984134,21278.30105978915,21717.376953125,2252993
2019-06-17,21751.150462956786,21987.57564561331,21582.27426396223,21683.599609375,983206
2019-06-18,21548.499927182154,21683.59976539801,21413.4000889663,21616.05078125,387890
2019-06-19,21886.25045768171,21886.25045768171,21582.27441925616,21616.05078125,654544
2019-06-20,21616.051070606052,22088.901445651118,21548.50021563396,22055.126953125,1619113
2019-06-21,22088.900616201252,22257.776812330165,21920.026289992133,21953.80078125,711010
2019-06-24,22055.126053648688,22291.55123152907,21886.249858065683,22021.3515625,1063156
2019-06-25,22021.352007364112,22088.90099102608,21683.599609375,21683.599609375,1040947
2019-06-26,21616.05025891197,21987.575272507867,21548.49940647645,21953.80078125,1491738
2019-06-27,21920.02681967555,21920.02681967555,21616.05078125,21616.05078125,942259
2019-06-28,21616.051085763516,21751.15092588257,21210.74969548648,21413.400390625,925776
2019-07-01,21751.151213590485,21953.801911409515,21683.600357677515,21852.4765625,780147
2019-07-02,21683.59870917883,21886.24939159131,21649.82421875,21649.82421875,644510
2019-07-03,21616.050625713036,21886.25030020054,21616.050625713036,21683.599609375,580929
2019-07-04,21886.24963567176,22190.225662680492,21751.149802530024,22156.451171875,1625873
2019-07-05,22055.125829538756,22426.650838158475,22021.351338733264,22156.451171875,1707553
2019-07-08,22224.00136019024,22224.00136019024,21886.25082403706,21987.576171875,799621
2019-07-09,21886.249858065683,22088.900544797376,21886.249858065683,22021.3515625,572141
2019-07-10,22021.351705310466,22190.22603206885,21886.25,21886.25,990831
2019-07-11,22021.353546030627,22629.303791065857,21886.25182942728,22595.529296875,3488070
2019-07-12,22629.30289194783,22831.95358888108,22494.20305063229,22561.75390625,2008336
2019-07-15,22494.205078125,22629.30493161763,22460.430582231853,22494.205078125,1294675
2019-07-16,22595.528154067546,23338.580078125,22595.528154067546,23338.580078125,4660034
2019-07-17,23304.803715722486,23575.005265343312,23135.929383389343,23338.580078125,2199475
2019-07-18,23271.030041806716,23439.90625,23102.15570353336,23439.90625,2044421
2019-07-19,23642.556715962284,23912.756402471616,23439.906016120334,23575.005859375,2427875
2019-07-22,23777.656603502728,24284.283354051197,23642.55675999644,24149.181640625,4057859
2019-07-23,24149.182192063094,24149.182192063094,23439.906595019085,23811.431640625,3022935
2019-07-24,23912.755875595205,23912.755875595205,23102.1549640075,23271.029296875,2673454
2019-07-25,23271.029296875,23271.029296875,23271.029296875,23271.029296875,0
2019-07-26,23271.029296875,23271.029296875,23271.029296875,23271.029296875,0
2019-07-29,23271.029296875,23271.029296875,23271.029296875,23271.029296875,0
2019-07-30,23271.029296875,23271.029296875,23271.029296875,23271.029296875,0
2019-07-31,23642.558031854933,23980.30859375,23439.907320733888,23980.30859375,1323262
2019-08-01,23980.307613753183,23980.307613753183,23676.331559494127,23946.53125,1055432
2019-08-02,23642.555809041056,24318.056869322278,23575.004955045002,24182.95703125,2585311
2019-08-05,23980.30633918167,24182.95703125,23946.529977223723,24182.95703125,2790694
2019-08-06,24182.95703125,24182.95703125,24182.95703125,24182.95703125,0
2019-08-07,23878.982147398623,23980.307498330607,23439.90625,23439.90625,1532656
2019-08-08,23439.90625,23743.88230279595,23406.129886409388,23439.90625,1288311
2019-08-09,23642.556951863968,23642.556951863968,23102.15570353336,23439.90625,1414353
2019-08-12,23541.233797025587,23912.75887182141,23000.832498282507,23878.984375,1946427
2019-08-13,23676.331209295975,23912.756402471616,23473.680509454025,23575.005859375,1158031
2019-08-14,23845.20914484594,23912.758136411372,23473.68221155591,23710.107421875,737925
2019-08-15,23304.805992802252,23710.107421875,23304.805992802252,23710.107421875,781125
2019-08-16,23642.557485568046,24790.908995493373,23575.006626781866,24318.05859375,4587907
2019-08-19,24655.808359790673,24993.558903086447,24520.708516456343,24790.908203125,1605761
2019-08-20,24959.78433404848,24959.78433404848,24689.582778279237,24858.458984375,1134135
2019-08-21,24655.8081847718,25837.93601287565,24655.8081847718,25567.736328125,3814563
2019-08-22,25669.061025699106,25736.61188505262,25331.310468771484,25398.861328125,2294549
2019-08-23,25533.96027503909,25533.96027503909,25094.884379549578,25365.0859375,1384759
2019-08-26,24926.009739442343,25567.736328125,24723.359040919408,25567.736328125,2561061
2019-08-27,25871.7118136094,25939.262673171197,25331.310546875,25331.310546875,1659378
2019-08-28,25331.310468771484,25669.061025699106,25263.761479337947,25398.861328125,1321901
2019-08-29,25398.859075457858,25601.509765625,25229.982877011968,25601.509765625,1885256
2019-08-30,25804.16052715432,26209.460038689656,25635.284328241396,26175.685546875,3099640
2019-09-02,26175.685546875,26175.685546875,26175.685546875,26175.685546875,0
2019-09-03,26209.46109572859,26412.11179462916,26108.137616198204,26141.912109375,1176967
2019-09-04,26141.912184592853,26209.461171140803,25669.059929157695,26074.361328125,1306141
2019-09-05,26209.461330798204,26378.33753803661,26006.8125,26006.8125,1331057
2019-09-06,26006.81296742226,26006.81296742226,25365.086360254387,25669.060546875,2165658
2019-09-09,25669.058522234616,25736.609375,25500.184195200854,25736.609375,1136446
2019-09-10,25635.285741919906,26074.361639402912,25533.96039096845,25871.7109375,1422885
2019-09-11,25669.05845109366,25939.259991486546,25635.28395976447,25804.16015625,735969
2019-09-12,25905.4860268154,26175.685702781644,25669.058972945146,26108.13671875,2499322
2019-09-13,26243.237204734985,26918.73828125,26074.361000646295,26918.73828125,3264162
2019-09-16,26918.737155767212,27560.463712601606,26884.96266432955,27020.0625,1772792
2019-09-17,26817.41268769692,27695.564453125,26614.76199261046,27695.564453125,2220721
2019-09-18,27628.016287366467,27864.441482005364,27391.589222807652,27796.890625,2310663
2019-09-19,27830.66836837378,27864.442863591124,27526.69230165766,27560.466796875,1459112
2019-09-20,27560.463712601606,27763.11440106718,26884.96266432955,27020.0625,3124330
2019-09-23,26817.41316501727,27357.814404893088,26749.862308812833,26783.638671875,1544236
2019-09-24,26884.96425640387,27020.064100074665,26648.5390625,26648.5390625,1163871
2019-09-25,26513.43584921566,26952.51171875,26277.010668684834,26952.51171875,2048134
2019-09-26,26952.512469693625,27492.91369878623,26952.512469693625,27121.388671875,1259015
2019-09-27,27222.711989950694,27290.262839771807,27053.835800357774,27188.9375,1242829
2019-09-30,27155.162943446652,27459.13898294849,26614.76171875,26614.76171875,2025556
2019-10-01,26614.76112306885,27020.0625,26614.76112306885,27020.0625,1222321
2019-10-02,27020.064218238385,27560.465465204757,26986.289724652965,27155.1640625,2133329
2019-10-03,26884.96426689468,27864.44140625,26851.187903523867,27864.44140625,2748401
2019-10-04,27898.215693953545,28134.640886206053,27357.814453125,27357.814453125,1253516
2019-10-07,27628.016168736747,27628.016168736747,27020.06406805866,27290.265625,1144028
2019-10-08,27290.262940515804,27763.11328125,27087.612260224083,27763.11328125,921850
2019-10-09,27763.116055977385,28235.96644396964,27560.46535543216,27864.44140625,2006295
2019-10-10,27864.440655670336,28168.416698300025,27695.564453125,27695.564453125,1494828
2019-10-11,27695.566647664386,27830.66836837378,27492.915936520305,27560.466796875,783265
2019-10-14,27695.565274451914,28337.29187128316,27594.239923903824,27796.890625,1958673
2019-10-15,27695.564078565683,28067.09097117289,27695.564078565683,27965.765625,895474
2019-10-16,27965.76683255345,28134.641170186987,27796.890625,27796.890625,921439
2019-10-17,27931.99185402581,27931.99185402581,27560.466796875,27560.466796875,1135425
2019-10-18,27560.46562702696,27560.46562702696,27020.064376887607,27087.615234375,1737005
2019-10-21,26817.412569603854,27020.06326379792,26547.212890625,26547.212890625,1816318
2019-10-22,26547.212140193522,27020.0625,26547.212140193522,27020.0625,802413
2019-10-23,27020.064376887607,27222.715079429854,26918.739025616484,27087.615234375,645955
2019-10-24,27087.614999864767,27357.814687635233,26851.187935665715,27222.71484375,727323
2019-10-25,27020.064218238385,27391.5892574378,26884.964373976774,27155.1640625,1373052
2019-10-28,27763.115775228303,27830.666631366923,27425.365234375,27425.365234375,1133965
2019-10-29,27628.01593287096,27628.01593287096,27020.06383738308,27425.365234375,1305886
2019-10-30,27357.814763852377,27560.465465204757,27121.389568914576,27155.1640625,1077740
2019-10-31,27155.16367974042,27492.914220593724,27053.838330492443,27425.365234375,1102218
2019-11-01,27357.81391795419,27763.115308127108,27222.714077869838,27695.564453125,1673339
2019-11-04,27763.116024240222,28675.042305731367,27763.116024240222,28506.16796875,2472152
2019-11-05,28573.71470340966,28708.81640625,28472.389361239286,28708.81640625,1273316
2019-11-06,28607.493318906785,28843.918512632645,28506.16796875,28506.16796875,1163658
2019-11-07,28285.983752607583,28628.4288194164,27943.53868579876,28491.451171875,1566218
2019-11-08,28628.42747257327,28765.407009581013,28217.494549281677,28285.982421875,1034470
2019-11-11,28251.73848557834,28696.91724107714,28149.004780777803,28285.982421875,1026774
2019-11-12,28354.473765939663,28902.386256684615,28285.98399363005,28833.896484375,2125278
2019-11-13,28902.38588153747,29381.80859375,28902.38588153747,29381.80859375,2557461
2019-11-14,29450.296607342047,29450.296607342047,28833.894389080055,29107.8515625,1149556
2019-11-15,29210.586977095307,29244.830914812832,28765.408203125,28765.408203125,889578
2019-11-18,28628.42747257327,28902.38465067821,28251.73848557834,28285.982421875,1358454
2019-11-19,28285.982016909176,28559.93919109192,28149.004377773064,28525.693359375,958162
2019-11-20,28696.918386717505,28696.918386717505,28251.739613446247,28457.20703125,349396
2019-11-21,28422.95965133989,28559.939186363845,28183.24830891375,28217.494140625,866957
2019-11-22,28422.96105778542,28422.96105778542,27258.648223842076,27532.603515625,1475879
2019-11-25,27532.603262662666,27806.560447839154,27053.180558492055,27190.158203125,1165671
2019-11-26,27601.09241026949,27772.31398822036,27258.64735845719,27395.625,576195
2019-11-27,27464.11634168678,28354.473906574567,27464.11634168678,27943.5390625,1503502
2019-11-28,28080.516042189684,28080.516042189684,27703.82704137884,27840.8046875,561653
2019-11-29,27738.0703125,28012.027494070873,27738.0703125,27738.0703125,555049
2019-12-02,27601.091667342018,27601.091667342018,26984.689453125,26984.689453125,995026
2019-12-06,27190.157999424042,27532.603056396205,27087.424292741336,27155.9140625,531394
2019-12-09,27395.625,27395.625,27155.913653322445,27395.625,508206
2019-12-10,27395.624533184633,27635.335875777557,27224.401062240817,27327.134765625,589121
2019-12-11,27327.13569459918,27464.115234375,27258.647820621853,27464.115234375,397032
2019-12-12,27806.56033682781,28080.515625,27532.603152745032,28080.515625,1026264
2019-12-13,28080.51572431657,28731.161905914993,28080.51572431657,28696.91796875,2021177
2019-12-16,28902.385383561144,28936.629320726137,28422.96078369828,28696.91796875,1192940
2019-12-17,28628.428148431824,28696.9179185526,28285.983089649133,28388.716796875,822723
2019-12-18,28149.00594874582,29142.097205749636,28149.00594874582,28765.408203125,2095075
2019-12-19,28833.896945345434,29073.608308395393,28354.474219245512,28902.38671875,995735
2019-12-20,28765.409499323305,29313.3220070463,28765.409499323305,29279.076171875,1010461
2019-12-23,29279.075247841807,30785.835070505123,29279.075247841807,30648.857421875,3462020
2019-12-24,30511.880432614395,30922.813387385133,30340.65694619357,30751.591796875,1050967
2019-12-25,30203.678681432135,30991.302531974696,30203.678681432135,30957.05859375,829767
2019-12-26,30854.324330480707,31059.791747969706,30272.166015625,30272.166015625,745281
2019-12-27,30272.16702192619,31641.94921875,30135.18937101701,31641.94921875,1556226
2019-12-30,31710.43852919499,32292.594958992657,31504.971107875663,31573.458984375,1236820
2019-12-31,31641.947061414885,31847.414471725308,31436.479651104466,31607.703125,893489
2020-01-01,31607.703125,31607.703125,31607.703125,31607.703125,0
2020-01-02,31504.97073303646,32326.838512624723,31436.480961441343,32121.37109375,1236777
2020-01-03,32429.575275861676,32532.307093056417,31984.396484375,31984.396484375,855973
2020-01-06,31984.39436813409,31984.39436813409,31367.990234375,31367.990234375,1126043
2020-01-07,31367.992309831658,31984.396484375,30957.059353320597,31984.396484375,746769
2020-01-08,31504.97163698017,32806.262167339126,31367.992089859705,32258.3515625,1744474
2020-01-09,32703.531737312795,34176.04771195417,32600.79612466168,34004.82421875,2229706
2020-01-10,34004.821719813146,35614.31333728276,33970.57778205313,35134.890625,2135058
2020-01-13,34176.04767653585,35271.872723356704,33902.088570964486,34313.0234375,772068
2020-01-14,34313.0234375,35271.872723356704,34176.04767653585,34313.0234375,1066104
2020-01-15,34176.04771953471,35134.89321477627,34176.04771953471,34929.42578125,985445
2020-01-16,34929.423349597164,37052.58541762165,34929.423349597164,36984.09375,1423098
2020-01-17,37052.58325192599,37395.026402733616,36367.69315848969,36641.6484375,912028
2020-01-20,36641.6514215712,37121.07414683837,36436.18399762508,36504.671875,1079498
2020-01-21,36504.6710357548,37326.54071264444,36504.6710357548,36984.09375,863995
2020-01-22,36984.09642337738,38216.901027824526,36847.12066187539,38011.43359375,1107476
2020-01-23,38011.43359375,38011.43359375,38011.43359375,38011.43359375,0
2020-01-24,38011.43359375,38011.43359375,38011.43359375,38011.43359375,0
2020-01-27,38011.43359375,38011.43359375,38011.43359375,38011.43359375,0
2020-01-28,38011.43359375,38011.43359375,38011.43359375,38011.43359375,0
2020-01-29,38011.43359375,38011.43359375,38011.43359375,38011.43359375,0
2020-01-30,37326.542867762764,37600.49817860288,35614.31553932442,36093.73828125,1968240
2020-01-31,35819.781695935475,36710.13926835288,35271.87109375,35271.87109375,1636390
2020-02-03,34107.55167914674,37668.98547356498,32806.259364071455,36641.6484375,2214640
2020-02-04,37258.0546875,37463.522116928245,36710.14027841752,37258.0546875,1993128
2020-02-05,37600.49380994661,37805.96121715961,36641.6484375,36641.6484375,1018638
2020-02-06,36573.163138802855,37052.58585875588,36299.20404869714,36436.18359375,2083354
2020-02-07,36093.73782051851,36504.67267744391,35340.35977736958,35408.84765625,2127589
2020-02-10,34860.93739580333,35066.40482635389,33628.1328125,33628.1328125,1575601
2020-02-11,33628.13241437873,35203.38016873608,33628.13241437873,34792.4453125,1299791
2020-02-12,35271.87183932305,35477.33926744109,34723.95743373447,34792.4453125,998569
2020-02-13,34723.95569910394,34929.423116957885,34176.04511270759,34518.48828125,820370
2020-02-14,34313.02303593055,34655.47001797629,34244.53515625,34244.53515625,888713
2020-02-17,34381.513521332585,35271.87109375,34313.021852193386,35271.87109375,1224178
2020-02-18,35545.8246260901,36025.24732710175,35271.869338629316,35614.3125,1246429
2020-02-19,35614.31333728276,35682.80121280279,35066.40274947997,35134.890625,527595
2020-02-20,35545.82546176272,35614.31333728276,35066.40274947997,35134.890625,783506
2020-02-21,35134.8944896397,35134.8944896397,33388.423137206795,33902.08984375,3711978
2020-02-24,33011.72999954467,33422.664854156516,31710.439453125,31710.439453125,1532415
2020-02-25,30820.082841559393,33422.66796875,30820.082841559393,33422.66796875,1245267
2020-02-26,32600.792239868344,33080.218722074635,32087.125613287204,32189.857421875,887735
2020-02-27,32189.85989302908,32669.28641204003,31813.172774135197,32258.3515625,1024265
2020-02-28,31504.97045374354,31778.925745874123,30854.324265045132,31162.525390625,1378084
2020-03-02,31436.481048611153,31436.481048611153,30820.07879027777,30922.8125,805446
2020-03-03,32052.88321806551,32703.529412531927,31299.50331416174,32121.37109375,1441268
2020-03-05,31881.66056004752,32361.083285857592,31847.41662132128,31950.1484375,1236763
2020-03-06,31162.525469942633,32292.594370701223,31162.525469942633,32087.126953125,788013
2020-03-09,29929.722253200613,30614.612410670965,29861.234375,29861.234375,1337974
2020-03-10,29107.85109435609,30135.186212359513,28285.981483224965,29039.361328125,1936364
2020-03-11,29792.74389960004,29792.74389960004,27018.9375,27018.9375,2157196
2020-03-12,25169.732161731376,25820.378353414395,25135.486328125,25135.486328125,2170108
2020-03-13,23389.01550355782,25135.486685438053,23389.01550355782,23971.173828125,3302756
2020-03-16,23971.17180498744,24621.817951005967,22293.188641092023,22464.412109375,3106174
2020-03-17,20957.654674191883,23217.79446138239,20957.654674191883,23149.3046875,2514799
2020-03-18,23286.28175324412,24313.61885606866,23252.037815120184,23662.97265625,2471755
2020-03-19,23252.036644378924,23423.26011819879,22430.168899411023,22875.34765625,1284754
2020-03-20,23012.32592036919,23320.527044037142,22532.90131824884,22669.880859375,1093203
2020-03-23,21231.610397615845,21848.010736057382,21094.630859375,21094.630859375,3867443
2020-03-24,21231.61196455639,21882.256287621865,21026.14453794173,21642.544921875,1739074
2020-03-25,22875.350649091502,22909.594589971475,22464.4157748886,22738.37109375,2284684
2020-03-26,22601.393886909093,23423.26365177273,22019.237400737908,22806.861328125,1627900
2020-03-27,22669.88039415757,23115.059153905393,22190.455801875683,22601.390625,1599029
2020-03-30,21231.610864376114,21848.01121636873,21026.143448408373,21163.12109375,1940914
2020-03-31,21916.500776150384,22019.23448314592,20204.27359016518,21128.876953125,1443918
2020-04-01,21163.120534989073,22601.390512878614,21094.630766171264,21984.98828125,1687966
2020-04-02,21984.98828125,21984.98828125,21984.98828125,21984.98828125,0
2020-04-03,22327.437103731518,23491.75,22327.437103731518,23491.75,2192615
2020-04-06,24450.59619874623,25135.486328125,24039.66136275472,25135.486328125,2666877
2020-04-07,25683.398181295866,25820.377720542678,24656.063012408264,25340.953125,2541317
2020-04-08,24519.085660226207,26025.843546638047,24039.661058990558,25991.599609375,2063838
2020-04-09,25991.600494305374,26436.779277524285,25786.133071910393,25820.37890625,1911958
2020-04-10,25546.42210030174,25888.867177540516,25135.487249250935,25272.466796875,1698766
2020-04-13,25135.486372462714,25820.378398960223,25066.998496950404,25443.6875,1498031
2020-04-14,25375.19680179168,25717.643750488463,24519.085117781397,24998.5078125,1729635
2020-04-15,25135.487027573352,25820.379071921325,25135.487027573352,25546.421875,1569067
2020-04-16,25477.932101792,25546.421875,25169.732862132692,25546.421875,1715334
2020-04-17,25923.113250493792,26162.824617171504,25477.93256049284,25614.912109375,1632336
2020-04-20,25957.3558386521,26025.843713617607,25306.70965101613,25409.443359375,1944316
2020-04-21,24656.06461466046,25203.977119521565,23765.70703125,23765.70703125,3173341
2020-04-22,22669.882663276407,25375.19942917276,22669.882663276407,24793.04296875,2003800
2020-04-23,25340.955489121643,25477.933145236868,24724.555088647765,24793.04296875,1119580
2020-04-24,24964.265590573432,24964.265590573432,24176.641725479007,24656.064453125,840340
2020-04-27,24793.04203345426,24930.019684402123,24039.662109375,24039.662109375,1708829
2020-04-28,24039.662368086476,24519.086995429512,23628.727514909784,24073.908203125,835493
2020-04-29,23971.1744650341,24587.574848250802,23971.1744650341,24382.107421875,843997
2020-04-30,24382.107421875,24382.107421875,24382.107421875,24382.107421875,0
2020-05-01,24382.107421875,24382.107421875,24382.107421875,24382.107421875,0
2020-05-04,24382.106144702495,24930.018621033894,24039.6610839842,24176.640625,929234
2020-05-05,24176.640625,24519.0856857183,24108.150854492098,24176.640625,606115
2020-05-06,24279.37354205113,24656.064453125,24176.641725479007,24656.064453125,1047849
2020-05-07,24861.530925338422,25751.888468795067,24861.530925338422,25717.64453125,3577942
2020-05-08,25991.599812469376,26916.203188991738,25717.644520403162,26025.84375,3633387
2020-05-11,26368.291015625,26710.736082645883,25991.60011476458,26368.291015625,1714569
2020-05-12,26231.311673469732,26471.024928544237,25991.60031430588,26402.53515625,2332844
2020-05-13,26231.31045000566,27258.64750694956,25888.86539632788,27121.66796875,3863460
2020-05-14,26710.73549895439,27738.070677567383,26710.73549895439,27190.158203125,2827388
2020-05-15,27190.158203125,27190.158203125,27190.158203125,27190.158203125,0
2020-05-18,27190.158203125,27190.158203125,27190.158203125,27190.158203125,0
2020-05-19,27327.134765625,27327.134765625,26642.24467367078,27327.134765625,2389934
2020-05-20,27327.134765625,27327.134765625,27327.134765625,27327.134765625,0
2020-05-21,27053.180558492055,27498.359325482077,27018.936621311466,27190.158203125,3507530
2020-05-22,27190.15758973051,27395.625,26916.202306644893,27395.625,1616916
2020-05-25,26916.202712210543,27258.647769182706,26710.73529884513,27155.9140625,1259001
2020-05-26,27224.40256717705,28765.408203125,27224.40256717705,28765.408203125,4186920
2020-05-27,29279.074891944994,29279.074891944994,27258.6484375,27258.6484375,3250244
2020-05-28,27395.626115252995,28046.27230895679,27258.648468133943,27875.048828125,2712586
2020-05-29,27669.582648128147,27738.07052210547,27258.647820621853,27464.115234375,2366534
2020-06-01,27601.092972083745,28457.206566995774,27566.84903497865,28388.716796875,1565184
2020-06-02,28422.960631233258,28696.917814815435,27738.070516143696,27772.314453125,2121154
2020-06-03,28012.027750912246,28217.495164996682,27738.07056682947,28080.515625,1270099
2020-06-04,28217.4948073255,28970.872788204866,28149.005038195304,28628.427734375,2853594
2020-06-05,28628.429063356813,28902.386256684615,28251.740055430568,28833.896484375,1723682
2020-06-08,28833.896484375,28833.896484375,28833.896484375,28833.896484375,0
2020-06-09,28833.896484375,28833.896484375,28833.896484375,28833.896484375,0
2020-06-10,29518.78694432276,30203.678987123018,29107.853993735414,29792.744140625,1838825
2020-06-11,29792.74253859455,29929.720181424702,27738.0703125,27738.0703125,3382664
2020-06-12,27053.179397537217,29107.8515625,27053.179397537217,29107.8515625,2712161
2020-06-15,28970.87212386145,28970.87212386145,27327.134765625,27327.134765625,2130905
2020-06-16,28422.96131251185,28491.45108402669,27738.071181005947,27875.048828125,1358893
2020-06-17,27875.04904638314,28149.00623867693,27292.89261963598,27601.09375,1158740
2020-06-18,27601.092669669848,27806.56008187036,27395.625257469335,27738.0703125,892129
2020-06-19,28217.495215438947,28388.716796875,27875.04826074566,28388.716796875,1021062
2020-06-22,28422.960062972197,28662.673304780477,27943.537371176735,28285.982421875,882874
2020-06-23,28114.762080471635,28320.2276031949,27738.071181005947,27875.048828125,1573362
2020-06-24,27875.04904638314,28217.496010728042,27532.60397794889,27601.09375,980909
2020-06-25,27395.625,27566.848473861424,27258.64735845719,27395.625,1122258
2020-06-26,28012.026753489743,28012.026753489743,27190.15712641626,27327.134765625,1016753
2020-06-29,26916.20350204054,27053.181149666765,26299.801243856567,26368.291015625,1890996
2020-06-30,26710.73535400889,26744.979291003656,25888.865698849888,25957.35546875,1221811
2020-07-01,25957.35725338703,26984.692497057218,25957.35725338703,26847.71484375,1090355
2020-07-02,27018.93746004944,27018.93746004944,26505.26890684204,26710.736328125,710783
2020-07-03,26881.95832156928,26916.20415624116,26573.75718498644,26779.224609375,775767
2020-07-06,26984.690636980795,27532.603108352327,26779.223223227647,27464.115234375,1073885
2020-07-07,27669.58290175419,27977.782129298357,27566.849193935937,27806.560546875,1555603
2020-07-08,27738.070516143696,27875.04815997949,27395.625458598915,27772.314453125,1089433
2020-07-09,27772.315204439034,28696.918591142417,27772.315204439034,28491.451171875,2171015
2020-07-10,28491.451171875,28491.451171875,28491.451171875,28491.451171875,0
2020-07-13,28525.693767772733,28662.673304780477,28080.515012273932,28285.982421875,1473327
2020-07-14,27977.783039311973,28285.98417279138,27875.04932815217,28251.740234375,1404276
2020-07-15,28559.939806037793,28559.939806037793,28285.98262595627,28320.2265625,978571
2020-07-16,28320.2265625,28354.472394954293,28080.51521487277,28320.2265625,670801
2020-07-17,28354.4735243336,28662.674653234728,28354.4735243336,28491.451171875,1904305
2020-07-20,28559.94132861185,28594.185266981178,27943.5390625,27943.5390625,1179731
2020-07-21,28080.51671188797,28080.51671188797,27635.337929444075,27943.5390625,530898
2020-07-22,28080.5151036246,28080.5151036246,27053.179948187702,27395.625,1063837
2020-07-23,27395.626288090087,27703.82741798535,27155.914930141764,27292.892578125,1083254
2020-07-24,27292.891118911222,27292.891118911222,25854.6211522077,26162.822265625,2562180
2020-07-27,24656.064418262653,25888.867070402583,24347.86328125,24347.86328125,2190362
2020-07-28,24656.062918344596,25923.111328125,24656.062918344596,25923.111328125,1691637
2020-07-29,25203.97722391859,25477.93252952854,24519.087063983014,25306.7109375,1028489
2020-07-30,25683.39906061923,25683.39906061923,24656.063856558718,25477.931640625,595159
2020-07-31,24656.063417411755,25512.17702016934,24656.063417411755,25101.2421875,680155
2020-08-03,24861.53127655295,25580.665350622116,24861.53127655295,25477.931640625,916492
2020-08-04,26025.843342739525,26025.843342739525,25683.398285060135,25957.35546875,700196
2020-08-05,25888.865544270906,26710.735194522636,25751.88790119914,26539.51171875,1292549
2020-08-06,26471.025559167825,26642.24715011648,26162.824420367408,26197.068359375,846505
2020-08-07,26197.06573388743,26436.777074737936,25991.59832861257,26094.33203125,754096
2020-08-10,26334.043372100503,26505.266841799727,26094.33203125,26094.33203125,758008
2020-08-11,26265.55730592767,26436.778891482794,26094.33382446191,26368.291015625,1106583
2020-08-12,26436.77998791764,26950.448557708092,26436.77998791764,26847.71484375,1365314
2020-08-13,27053.180355817294,27190.157999424042,26916.202712210543,27155.9140625,954547
2020-08-14,26950.44768765157,27121.669274780266,26573.75678332926,26710.736328125,1397062
2020-08-17,26642.24522014336,26710.73498910782,26334.044103669134,26505.267578125,894340
2020-08-18,26710.73561281108,26710.73561281108,26299.80078125,26299.80078125,940091
2020-08-19,26299.801647148306,26608.00278096637,26299.801647148306,26436.779296875,490901
2020-08-20,26436.779724249536,26608.00321110889,26197.068359375,26197.068359375,1217913
2020-08-21,26299.801229629,26881.957653658505,26299.801229629,26676.490234375,1556793
2020-08-24,27053.180355817294,27327.13564303079,26847.71294245188,27155.9140625,1333382
2020-08-25,27327.134967945753,27395.624736012458,26984.689919433295,27053.1796875,1256549
2020-08-26,27053.18097465774,27053.18097465774,26916.20332791763,26950.447265625,1178781
2020-08-27,26916.20415624116,26984.69203376356,26710.7367318526,26779.224609375,1552329
2020-08-28,27053.180401054135,28080.515573688477,26916.20275721834,27772.314453125,4298108
2020-08-31,27806.560134986696,28285.982833763308,27772.314302280814,28046.271484375,2843772
2020-09-01,27738.070417319148,28354.47265625,27669.582543600547,28354.47265625,3010690
2020-09-02,28354.47265625,28354.47265625,28354.47265625,28354.47265625,0
2020-09-03,28422.962096739397,28902.38671875,28217.496568347062,28902.38671875,3778804
2020-09-04,28285.98399363005,28970.874133083576,28251.740055430568,28833.896484375,2837239
2020-09-07,28902.385499662654,28902.385499662654,27806.560546875,27806.560546875,3183914
2020-09-08,27943.537313773682,28080.514954589493,27429.868790826215,27977.78125,1787957
2020-09-09,27532.604218425433,28046.27277351864,27464.11634168678,27943.5390625,1139748
2020-09-10,28149.005136901025,28183.24907363092,27738.0703125,27738.0703125,1200197
2020-09-11,27738.0703125,27738.0703125,27738.0703125,27738.0703125,0
2020-09-14,27772.314249229894,27943.537724700513,27703.826375770106,27738.0703125,1320002
2020-09-15,27875.04908784319,28217.496052697425,27669.583563205553,27909.294921875,1572951
2020-09-16,28012.027699725873,28012.027699725873,27703.826579162393,27772.314453125,774279
2020-09-17,27875.047955330152,28149.005136901025,27601.092669669848,27738.0703125,2155255
2020-09-18,27806.56033682781,28080.515625,27738.07056682947,28080.515625,1987062
2020-09-21,28217.496257186598,28422.96178331322,27875.049289850685,27943.5390625,1426556
2020-09-22,27875.048828125,28012.028371154684,27703.82724320384,27875.048828125,1645120
2020-09-23,27943.537830296096,28696.917712574726,27943.537830296096,28354.47265625,2984696
2020-09-24,28217.494754847914,28457.20610249196,27943.537574747177,28012.02734375,2159677
2020-09-25,28080.51671188797,28149.006484537284,27772.315578832044,27943.5390625,1891776
2020-09-28,28114.76084448114,28559.93959997994,27943.537371176735,28285.982421875,2766600
2020-09-29,28422.96110544789,28731.16223115346,27806.560749947366,27840.8046875,2865840
2020-09-30,27875.049289850685,28012.028835149315,27738.071640462716,27943.5390625,1323135
2020-10-01,27943.537778078502,28183.24912746681,27943.537778078502,28046.271484375,1641010
2020-10-02,28080.516042189684,28388.717167895255,26368.290725898652,27840.8046875,2493044
2020-10-05,28080.51693581589,28080.51693581589,27532.604437984028,27669.583984375,2222237
2020-10-06,27772.31404483073,27943.537519041172,27601.092466530845,27703.826171875,2137014
2020-10-07,27669.582235397134,28012.027287907462,27601.092466530845,27703.826171875,1669200
2020-10-08,27806.561634855298,27840.805573497702,27258.649137023436,27669.583984375,2683531
2020-10-09,27601.09200159896,27738.069641113638,27464.11436208429,27635.3359375,1203768
2020-10-12,28491.450246356304,28731.161595744612,27875.048008577312,28046.271484375,5008155
2020-10-13,28080.516750471776,28662.67507901421,27806.561451319412,28251.740234375,2807333
2020-10-14,28628.428691765577,29416.05442741563,28422.961273414316,29381.80859375,9667580
2020-10-15,29758.49855372246,29758.49855372246,28902.384969575505,28936.62890625,4192136
2020-10-16,28936.630657496942,29587.276869152938,28628.429521042417,28902.38671875,3418069
2020-10-19,29073.6069652967,29073.6069652967,28559.94032417944,28696.91796875,3812933
2020-10-20,28422.96124230726,29107.85326803211,28422.96124230726,28765.408203125,2726050
2020-10-21,29039.363077848622,29792.74296814244,28868.139599909326,29005.119140625,4280208
2020-10-22,28970.875936762273,29416.056640625,28696.920622289123,29416.056640625,2456236
2020-10-23,29724.255228109134,29724.255228109134,29313.322265625,29313.322265625,2749592
2020-10-26,29107.85269542218,29450.297753592713,28080.515625,28080.515625,4789832
2020-10-27,28080.516246758896,28422.96131251185,27875.048828125,27875.048828125,3735987
2020-10-28,27738.070895155317,27875.04854086277,26916.203125,26916.203125,4109506
2020-10-29,26573.75524628876,27053.179833522376,26334.043900627228,26471.0234375,4001351
2020-10-30,26710.736082645883,26847.713730272106,26128.577762390807,26368.291015625,2378638
2020-11-02,26368.290800730214,26779.22374025989,26368.290800730214,26642.24609375,1537404
2020-11-03,26710.734177413324,27053.17922000817,26710.734177413324,26984.689453125,1467247
2020-11-04,26984.69098987336,27464.115593537248,26950.447052436873,27224.40234375,1527497
2020-11-05,27224.401203294816,27224.401203294816,26744.978515625,26744.978515625,1814490
2020-11-06,27018.93569137242,27018.93569137242,26608.000875706555,26744.978515625,916521
2020-11-09,27018.93657154122,27018.93657154122,26779.223323986884,26881.95703125,1683218
2020-11-10,27292.890560233507,27395.62426260301,26984.689453125,26984.689453125,1929235
2020-11-11,26984.689453125,27155.912922377673,26813.467879782827,26984.689453125,1025909
2020-11-12,27053.180095560783,27258.64750694956,26984.690326461,27121.66796875,1595954
2020-11-13,27190.158909514637,27601.09375,27155.914971444407,27601.09375,2598435
2020-11-16,27635.335875777557,27943.536985930114,27327.134765625,27327.134765625,2749039
2020-11-17,27395.626329757317,27601.09375,27224.402847584868,27601.09375,2062973
2020-11-18,27601.094581078043,27635.33852017937,27395.62715464867,27429.87109375,2228317
2020-11-19,27464.116560699218,27943.53928533559,27464.116560699218,27669.583984375,2533423
2020-11-20,27875.047198975633,28251.73807642573,27875.047198975633,28217.494140625,3575448
2020-11-23,28422.959179933205,28422.959179933205,27772.313035047482,28149.00390625,1864166
2020-11-24,28114.762080471635,28149.00601827374,27669.583305401735,27875.048828125,2775826
2020-11-25,28080.515012273932,28388.716126675536,27772.313897872325,28285.982421875,3933050
2020-11-26,28285.984228994712,29176.341796875,28080.516806266853,29176.341796875,6174365
2020-11-27,29313.32067352624,29347.564611229005,28799.652128431615,29073.607421875,3293302
2020-11-30,29073.60607857586,29107.851910606976,28559.939453125,28559.939453125,2421044
2020-12-01,28080.514867884187,28628.427325366163,27943.537227491324,28559.939453125,4129306
2020-12-02,28594.184416072672,28765.40789464534,28354.473062799414,28422.9609375,2598109
2020-12-03,28457.20723396731,28696.918591142417,28354.4735243336,28491.451171875,2603311
2020-12-04,28491.449423568603,28970.87210850025,28422.95965604529,28525.693359375,3632636
2020-12-07,28765.408686794835,29587.2764772089,28662.674976004244,29450.298828125,5840516
2020-12-08,29655.766883190445,29655.766883190445,29073.60854430458,29244.83203125,3049694
2020-12-09,29381.808680623682,30135.188584835636,29279.074971144295,29998.2109375,5215480
2020-12-10,29998.211600749208,30683.101748480694,29929.72182761179,30100.9453125,5429537
2020-12-11,30066.69788507963,31367.990234375,29861.232368374032,31367.990234375,6472809
2020-12-14,31607.70465727896,31881.659953699964,31402.237237007885,31847.416015625,4160515
2020-12-15,31607.704818535327,32189.859352422336,31402.237397215995,31573.458984375,4850592
2020-12-16,31573.458903955485,32498.06229753745,31573.458903955485,32463.818359375,4383828
2020-12-17,32052.88296959617,32600.793554467262,31778.92578125,31778.92578125,5519849
2020-12-18,31984.393804699408,32532.30436747648,31778.924499792192,32189.857421875,3447677
2020-12-21,32874.75340577631,32874.75340577631,31847.416295396055,32498.0625,3509613
2020-12-22,32498.061788277442,32498.061788277442,31915.90347317461,32087.126953125,3876684
2020-12-23,32189.859596773244,32532.306565512055,31778.926646925876,31915.904296875,2984328
2020-12-24,31915.903391939417,32052.882933915324,30066.698534370815,31162.525390625,4443539
2020-12-25,31162.526274199492,31984.395965715565,30820.079305460684,31915.904296875,2215122
2020-12-28,32155.61553259947,32874.75340577631,32052.88371747211,32498.0625,4473445
2020-12-29,32395.32696888964,33319.932266307056,32395.32696888964,33114.46484375,4296266
2020-12-30,33148.71137979721,33422.6667007338,32874.75605886063,32909.0,2043995
2020-12-31,32812.57891385242,33263.96875,32638.966551167017,33263.96875,1902576
2021-01-01,33263.96875,33263.96875,33263.96875,33263.96875,0
2021-01-04,33159.802568069514,33645.9140921066,33159.802568069514,33507.0234375,282584
2021-01-05,33263.96875,33402.85940909315,33090.36023203872,33263.96875,305530
2021-01-06,33541.7478918822,35138.97306656138,33020.91083761969,33888.96875,520792
2021-01-07,33888.96675765382,34652.859521106395,33680.632717141634,33958.41015625,237896
2021-01-08,34236.19153701331,34236.19153701331,33472.29877139797,33680.6328125,288409
2021-01-11,33680.63579457725,33750.07919951854,33263.967675481465,33507.0234375,391009
2021-01-12,33507.025266888035,34027.862366555986,33263.96949159934,33854.25,310292
2021-01-13,33888.969824304666,34166.74728854943,33611.192360059904,33645.9140625,233885
2021-01-14,33680.635645308656,34027.860357924284,33333.41477741701,33923.69140625,269970
2021-01-15,34236.19441654887,34375.08122581593,33923.69140625,33923.69140625,340821
2021-01-18,33958.40927322609,34027.85651474007,33750.075238131234,33784.80078125,238831
2021-01-19,33750.07797526036,33750.07797526036,31423.685546875,31423.685546875,382831
2021-01-20,31423.68452983942,32291.742410918585,29513.95834488237,31597.296875,326903
2021-01-21,31666.741971402924,32291.744140625,31388.964511101094,32291.744140625,190912
2021-01-22,32291.743456049084,32326.465157260227,31319.518520879632,31423.685546875,313481
2021-01-25,31250.074339577273,31388.96499422791,30833.408142711363,30972.296875,194441
2021-01-26,30798.682021503733,30798.682021503733,29027.84458068101,29548.6796875,260332
2021-01-27,29548.680954678886,30138.959486146283,28194.51154123855,28680.623046875,297933
2021-01-28,27083.3975696571,27777.843118982128,26701.451171875,26701.451171875,381541
2021-01-29,25347.282361637335,28368.122301362473,25347.282361637335,27708.3984375,284625
2021-02-01,27708.39863770157,28472.289534133357,26840.342635829147,27152.841796875,218975
2021-02-02,27013.95205332155,27743.12122057127,26770.896305025606,27326.453125,353946
2021-02-03,27847.289688810855,28819.512732420615,27569.510303235213,28715.345703125,262472
2021-02-04,28750.068316570123,28888.957043291804,28402.845538584956,28819.51171875,195376
2021-02-05,28819.511652341578,29236.179753908425,28680.622925939933,29027.845703125,181359
2021-02-08,29027.846138149194,29166.736788994232,27118.119873830365,27847.2890625,265732
2021-02-09,27847.2890625,27847.2890625,27847.2890625,27847.2890625,0
2021-02-10,27847.2890625,27847.2890625,27847.2890625,27847.2890625,0
2021-02-11,27847.2890625,27847.2890625,27847.2890625,27847.2890625,0
2021-02-12,27847.2890625,27847.2890625,27847.2890625,27847.2890625,0
2021-02-15,27847.2890625,27847.2890625,27847.2890625,27847.2890625,0
2021-02-16,27847.2890625,27847.2890625,27847.2890625,27847.2890625,0
2021-02-17,28368.12178532812,29236.1796875,28368.12178532812,29236.1796875,203951
2021-02-18,29305.62471396322,30208.404307893437,28958.401941094824,30138.958984375,331609
2021-02-19,29861.18139982829,30902.84971371732,29757.014376203195,30625.072265625,287318
2021-02-22,30625.073334277608,30902.850792062887,30347.29395413037,30382.017578125,215970
2021-02-23,30382.016528596952,30625.07227635335,30000.070134383852,30555.626953125,217288
2021-02-24,30486.182839469326,30694.516895058376,29583.403213491427,29895.904296875,232439
2021-02-25,29965.349667311417,30416.739480969987,29305.625797754736,29826.4609375,245649
2021-02-26,29722.29278871753,30347.293010481,29375.068093739952,30277.849609375,195518
2021-03-01,30277.849494328657,30833.406312875184,30277.849494328657,30625.072265625,319094
2021-03-02,30902.85069012406,30972.296015522283,30451.46088094051,30590.349609375,301037
2021-03-03,30590.348706076104,30694.515729916522,30347.292957902424,30416.73828125,224474
2021-03-04,30555.628238749327,30729.24059294398,29375.069228366803,29687.5703125,296148
2021-03-05,29687.569422571993,30069.515821406043,29166.736220324703,29444.513671875,263223
2021-03-08,30138.960199890433,30138.960199890433,29375.069299827195,29479.236328125,226104
2021-03-09,29444.514803653194,29444.514803653194,28819.512630098532,29062.5703125,344506
2021-03-10,29166.736328125,29305.625054413482,28750.06822689763,29166.736328125,291470
2021-03-11,29652.84945409509,30277.851640139957,29548.68242308761,30069.517578125,237031
2021-03-12,30208.40530879811,30347.29403807493,29930.6259278825,30104.23828125,359487
2021-03-15,30208.404414721303,30277.849738485325,29722.292915458856,29861.181640625,393971
2021-03-16,29861.181771562362,30000.070497337514,29375.06834780647,29444.513671875,315168
2021-03-17,29513.960720205792,30138.960983888635,29132.014299057697,30069.517578125,616036
2021-03-18,30555.628637629867,31458.40827755844,30243.127549417208,31250.07421875,803121
2021-03-19,31250.07421875,31527.85360461525,31041.74015994156,31250.07421875,408952
2021-03-22,31250.07333238692,31250.07333238692,30902.850551675325,31007.017578125,363229
2021-03-23,30902.85177752366,30937.57540262559,29930.626799547998,30347.294921875,644779
2021-03-24,29861.180820502675,30069.514863711047,29097.289969525922,29270.900390625,473652
2021-03-25,29513.96001121257,29826.46109672801,29132.013599239708,29340.34765625,335762
2021-03-26,29132.012662344896,29444.5137378102,28125.066034086856,29236.1796875,346547
2021-03-29,29513.957987832684,29618.125009196483,29270.900323075923,29548.6796875,191039
2021-03-30,29861.182652996613,29895.904354874827,29375.069214891755,29757.015625,326577
2021-03-31,29826.4609375,30173.68372320952,29722.29390955095,29826.4609375,307571
2021-04-01,29861.182386039978,30555.627951567807,29861.182386039978,30520.90625,525328
2021-04-02,30833.408023495118,31597.298931672063,30590.350339977274,31250.07421875,821206
2021-04-05,31736.186557022702,31875.07528393233,31319.51845393189,31632.01953125,846052
2021-04-06,31527.8524508637,32118.13098097856,31284.796698602397,31770.908203125,583055
2021-04-07,31736.186557022702,31770.908258159627,31493.13080434037,31632.01953125,369777
2021-04-08,31736.187724503197,31805.631129331665,31041.740219684532,31111.185546875,625376
2021-04-09,31041.73838512125,31111.183708207507,30590.348590965303,30763.9609375,636332
2021-04-12,30902.85053915855,31458.407372544472,30625.07308364656,31076.462890625,729818
2021-04-13,31250.071575477898,31319.51689666071,30208.4032919067,30312.5703125,560123
2021-04-14,30208.404181707017,30763.961000448166,29861.181410289035,30555.626953125,402418
2021-04-15,30625.07349143667,30694.516895058376,29861.182595064147,29895.904296875,525129
2021-04-16,29757.01485662249,30208.404658831496,29062.569302818156,29166.736328125,661503
2021-04-19,29166.73609243239,29930.625042027117,29027.845444904346,29861.181640625,452690
2021-04-20,29930.624988859337,30555.627134539594,29826.459886941197,30000.0703125,379287
2021-04-21,30000.0703125,30000.0703125,30000.0703125,30000.0703125,0
2021-04-22,30000.070830056407,30000.070830056407,28472.2890625,28472.2890625,415230
2021-04-23,28472.288851958747,29270.90143106992,28368.121826651906,29166.736328125,436278
2021-04-26,28993.1243199084,29166.736671584855,28125.06640625,28125.06640625,471725
2021-04-27,28125.067420916515,28333.401481499543,27916.73336033349,28020.900390625,280415
2021-04-28,28020.899367151393,28402.845771723547,28020.899367151393,28194.51171875,195476
2021-04-29,28194.511607868983,29097.291218962695,28194.511607868983,28472.2890625,276248
2021-04-30,28472.2890625,28472.2890625,28472.2890625,28472.2890625,0
2021-05-03,28472.2890625,28472.2890625,28472.2890625,28472.2890625,0
2021-05-04,27777.843437914773,29027.845825524168,27777.843437914773,28680.623046875,307826
2021-05-05,28958.40228928007,29409.792091672527,28819.511640573226,29097.291015625,381569
2021-05-06,29097.290180055155,29097.290180055155,28611.17869062633,28645.900390625,318343
2021-05-07,28194.510721727893,28611.17881294066,28125.06539907181,28229.232421875,525342
2021-05-10,28125.066204654002,28819.51176165827,28020.89917886717,28750.068359375,429134
2021-05-11,29166.736285637875,30208.404614826977,29027.845637189796,29236.1796875,758164
2021-05-12,29166.737138376393,29652.848655071208,29027.84648586761,29618.126953125,472178
2021-05-13,29513.958942169906,30138.959168200305,29166.736167183706,29583.40234375,493778
2021-05-14,29722.292080238713,29861.18080150197,29375.067393537796,29409.791015625,386161
2021-05-17,29513.959129073628,29861.181906258695,28958.40230110514,29027.845703125,424117
2021-05-18,28958.40253559204,28958.40253559204,28333.400378180893,28402.845703125,553192
2021-05-19,28472.28910570717,28750.068483121657,28194.51165065462,28402.845703125,407067
2021-05-20,28402.84643675741,29097.292014687933,27777.844263202747,29062.5703125,495351
2021-05-21,29166.736636303758,31076.462890625,29062.56960989628,31076.462890625,1846407
2021-05-24,31597.29676450494,32222.296975701305,31597.29676450494,31944.51953125,991284
2021-05-25,31944.52132696624,32534.799871378338,31562.57491642279,32430.634765625,897104
2021-05-26,32430.63374867781,32708.411200033548,32083.409050940274,32395.908203125,1044533
2021-05-27,32500.07847986619,32500.07847986619,31284.7977551552,31527.853515625,830872
2021-05-28,31666.740866087035,33125.07921003578,31180.62936634539,32743.1328125,1113584
2021-05-31,33194.525148574285,33888.970750528155,32986.19108351571,33819.52734375,793399
2021-06-01,33923.690678673054,34027.859628113176,33333.4140625,33333.4140625,580546
2021-06-02,32847.2988455875,33298.6886573861,32777.855442148924,32916.74609375,856568
2021-06-03,33194.52318904053,34375.08025819925,32916.745733601514,33888.96875,951784
2021-06-04,33819.52532239333,34375.08023286187,33333.41381455239,34027.859375,841828
2021-06-07,33680.633188137406,33750.076587704694,31666.739998172736,32500.076171875,7476481
2021-06-08,32500.076171875,32500.076171875,32500.076171875,32500.076171875,0
2021-06-09,31250.073141311736,31736.186569225236,30555.627584134658,31562.57421875,6313149
2021-06-10,31562.575600137883,31666.74263050968,30486.18359375,30486.18359375,6326046
2021-06-11,30555.62860928917,31423.6865460652,30208.405819051157,31388.96484375,9057072
2021-06-14,31597.296998372796,31666.740398818678,31007.016560411543,31180.62890625,4810794
2021-06-15,31076.4618832193,31354.23932972658,30555.62676806581,31180.62890625,4616197
2021-06-16,31041.738159238226,32430.633076685375,30694.515391057375,31458.40625,5977670
2021-06-17,30972.29653827083,32187.577257898436,30972.29653827083,31875.076171875,5072997
2021-06-18,32118.130901982757,32291.743251663494,31736.186423991825,32048.6875,4535693
2021-06-21,31875.076395175318,31944.52172223213,31145.90718934578,31250.07421875,6006016
2021-06-22,31458.40827755844,31562.57530696266,31180.630814055185,31250.07421875,3942830
2021-06-23,31180.630726045,32222.299094784998,31180.630726045,31527.853515625,3648453
2021-06-24,31527.853575372807,31875.07636561082,31250.0741897652,31388.96484375,2991528
2021-06-25,31319.51845393189,31944.520608568106,31041.739077750706,31632.01953125,3645761
2021-06-28,31944.5212397515,32708.41213639086,31701.463559904725,32569.521484375,9474896
2021-06-29,32638.964888020964,33263.96705500643,32361.18742871318,32569.521484375,5592302
2021-06-30,32569.518483658565,32951.46485796949,32534.796785034585,32812.57421875,5671813
2021-07-01,32986.1875182687,33090.35646190114,32534.797733550047,32847.296875,6521919
2021-07-02,32986.18860486901,33159.80095349293,32569.52050606112,32673.689453125,5959387
2021-07-05,32673.689453125,32673.689453125,32673.689453125,32673.689453125,0
2021-07-06,32673.689453125,32673.689453125,32673.689453125,32673.689453125,0
2021-07-07,32673.689453125,32673.689453125,32673.689453125,32673.689453125,0
2021-07-08,32673.689453125,32673.689453125,32673.689453125,32673.689453125,0
2021-07-09,31388.962952311398,31944.519767687834,30555.62676806581,31180.62890625,5085045
2021-07-12,31180.62890625,31180.62890625,31180.62890625,31180.62890625,0
2021-07-13,29513.958995943532,29687.569422571993,28854.23514555918,29444.513671875,2809828
2021-07-14,29444.513671875,29444.513671875,29444.513671875,29444.513671875,0
2021-07-15,29201.457856705925,29965.348730325568,29166.736155929273,29652.84765625,2541530
2021-07-16,29652.84765625,29652.84765625,29652.84765625,29652.84765625,0
2021-07-19,28541.735747662784,29097.292605765084,27534.7890625,27534.7890625,4196388
2021-07-20,27569.509451406288,28472.2890625,27013.952619782318,28472.2890625,3846027
2021-07-21,28750.06652172101,28750.06652172101,28125.064406949055,28263.953125,1640826
2021-07-22,28194.511607868983,28541.73438733872,28194.511607868983,28472.2890625,2410712
2021-07-23,28402.845854348045,28819.512039145295,27916.732421875,27916.732421875,2584475
2021-07-26,27777.84375,28020.899505548965,27430.620967449766,27777.84375,2036540
2021-07-27,28055.623072502698,28333.400529034196,27882.01072039905,27916.732421875,2025202
2021-07-28,27916.73235318303,28125.06640625,27777.84362525903,28125.06640625,1747975
2021-07-29,28333.40033518449,28472.2890625,28194.511607868983,28472.2890625,1672290
2021-07-30,28680.623102255468,28715.34480347885,28437.567348967914,28541.734375,2879276
2021-08-02,29166.73522407397,29826.459051924077,29166.73522407397,29548.6796875,5614554
2021-08-03,29375.06908841324,30104.23828125,29236.180359136415,30104.23828125,3919728
2021-08-04,30104.23828125,30104.23828125,30104.23828125,30104.23828125,0
2021-08-05,29583.403257377566,30208.405425071884,29375.06920147946,29826.4609375,2999890
2021-08-06,29826.45995120109,30138.959102352586,29583.402279116068,29791.736328125,2647970
2021-08-09,29548.681498384394,29965.349609375,29409.792768841515,29965.349609375,2471515
2021-08-10,29965.349609375,29965.349609375,29965.349609375,29965.349609375,0
2021-08-11,30069.51564733302,30625.072469579405,29791.73627502888,29930.625,3882169
2021-08-12,30104.237444232178,30138.959144995493,29722.29296875,29722.29296875,2422759
2021-08-13,29618.125009196483,29861.180751591397,29027.84458068101,29548.6796875,3273432
2021-08-16,29409.79368919831,30208.406312014296,29166.73792430154,30069.517578125,4657724
2021-08-17,30069.517578125,30069.517578125,30069.517578125,30069.517578125,0
2021-08-18,29791.737385218017,29861.182711472407,29513.9599249244,29618.126953125,2146524
2021-08-19,29583.4023860544,29583.4023860544,29270.90131141137,29513.958984375,2556695
2021-08-20,29583.402855356857,29791.736908423827,27777.84362525903,28125.06640625,6184456
2021-08-23,28125.06672111012,28333.400776509392,27291.732421875,27291.732421875,3886704
2021-08-24,27291.730429635772,27569.50786831632,27013.951068593404,27361.173828125,3601257
2021-08-25,27430.622093596914,27465.34379656883,27083.399296791667,27395.900390625,1564149
2021-08-26,27534.788338751532,27534.788338751532,26388.951027409843,26805.619140625,2899260
2021-08-27,26736.175722912045,27083.398509625426,26250.06228362373,26875.064453125,2702112
2021-08-30,27083.399296791667,27430.622093596914,26944.508640179945,27395.900390625,1998698
2021-08-31,27500.063625446386,27500.063625446386,27048.673828125,27048.673828125,2572144
2021-09-01,26944.505842186074,27152.83988310763,26840.340744087127,27083.396484375,1924572
2021-09-02,27083.396484375,27083.396484375,27083.396484375,27083.396484375,0
2021-09-03,27083.396484375,27083.396484375,27083.396484375,27083.396484375,0
2021-09-06,27118.12009506145,27430.621178469268,27048.674769072393,27152.841796875,1934068
2021-09-07,27291.73230782806,27916.73254905215,27187.56528056372,27569.509765625,2423326
2021-09-08,27569.509765625,27569.509765625,27569.509765625,27569.509765625,0
2021-09-09,27500.064426930556,27638.955078125,27465.342725312923,27638.955078125,1190261
2021-09-10,27777.844827476874,27777.844827476874,27500.065437244713,27534.7890625,1125065
2021-09-13,27534.787225984615,27534.787225984615,27083.397429030927,27187.564453125,2458617
2021-09-14,27152.841913550918,27187.565537875635,26805.619126837537,26875.064453125,2005926
2021-09-15,26805.619082516685,27083.39846484529,26805.619082516685,26944.5078125,1495409
2021-09-16,27152.839787933677,27430.619148976046,27118.118088689065,27361.173828125,2077217
2021-09-17,27500.064370542645,28090.344831003793,27500.064370542645,27777.84375,2528632
2021-09-20,27812.565464549967,27986.177817087228,27708.3984375,27708.3984375,2773686
2021-09-21,27708.3984375,27708.3984375,27708.3984375,27708.3984375,0
2021-09-22,27708.3984375,27708.3984375,27708.3984375,27708.3984375,0
2021-09-23,27638.956156152468,27708.399562096303,27395.900390625,27395.900390625,1537220
2021-09-24,27430.62103672653,27638.95509125521,27430.62103672653,27569.509765625,136756787
2021-09-27,27569.50786831632,27847.28722935869,27222.285108784727,27361.173828125,1716085
2021-09-28,27361.17562926626,28020.899492513377,27222.28690078317,27847.2890625,3100661
2021-09-29,27812.565464549967,27812.565464549967,27291.732251662084,27708.3984375,1676826
2021-09-30,27673.677859124386,27777.844890402164,27326.45506231914,27395.900390625,1555220
2021-10-01,27291.73252100125,27395.89954907923,26944.5078125,26944.5078125,2350051
2021-10-04,26979.231423112236,27500.064640876557,26736.17566517396,27013.953125,149540974
2021-10-05,27083.39836647573,27465.342853133083,27083.39836647573,27291.732421875,1034782
2021-10-06,27291.732421875,27291.732421875,27291.732421875,27291.732421875,0
2021-10-07,27361.17487837386,27430.620201890542,27187.564453125,27187.564453125,1447787
2021-10-08,27187.564453125,27187.564453125,27187.564453125,27187.564453125,0
2021-10-11,27187.564453125,27187.564453125,27187.564453125,27187.564453125,0
2021-10-12,27916.731455489124,28298.677847950632,27812.564432305244,27951.455078125,2814647
2021-10-13,27986.177817087228,28090.344844137195,27500.064383400066,27708.3984375,2017690
2021-10-14,27708.3984375,27708.3984375,27708.3984375,27708.3984375,0
2021-10-15,27465.34279545631,27673.67685041808,27430.62109375,27430.62109375,1565992
2021-10-18,27430.62109375,27430.62109375,27430.62109375,27430.62109375,0
2021-10-19,27291.73125917761,28159.787223210555,27083.3972126539,27812.564453125,3135527
2021-10-20,27812.564515742753,27916.731539239132,27291.73132062275,27604.23046875,1530133
2021-10-21,27604.231524643503,27708.39855212439,27430.62109375,27430.62109375,896026
2021-10-22,27430.62115135386,27569.50988083272,27291.732421875,27291.732421875,1495126
2021-10-25,27291.732421875,27291.732421875,27291.732421875,27291.732421875,0
2021-10-26,27291.732421875,27291.732421875,27291.732421875,27291.732421875,0
2021-10-27,27291.732421875,27291.732421875,27291.732421875,27291.732421875,0
2021-10-28,27777.84280470641,27916.731528527664,27569.508757793592,27673.67578125,1753361
2021-10-29,27777.8433847945,28958.402367833605,27708.398060252697,28819.51171875,5287012
2021-11-01,28819.51171875,28819.51171875,28819.51171875,28819.51171875,0
2021-11-02,29027.84556080965,29132.01258569066,28888.95683508894,29513.958984375,2165233
2021-11-03,29375.06915790238,30625.07349143667,29166.737024675294,29895.904296875,793937709
2021-11-04,29965.34843395062,30729.239300014935,29652.84736296587,30555.626953125,6208126
2021-11-05,30555.627058522787,30833.40643003247,30034.791938418315,30277.849609375,2750867
2021-11-08,30277.85145536842,30833.408309897328,29965.350364253034,30486.18359375,3808043
2021-11-09,30555.627188817605,30659.794213282687,29861.181640625,29861.181640625,3601399
2021-11-10,29930.625042027117,30208.404414721303,29409.791842063612,29861.181640625,3030929
2021-11-11,30138.959144995493,30208.40446888403,29305.6248701426,29722.29296875,3460801
2021-11-12,29409.791789821025,30069.515636140663,29409.791789821025,30000.0703125,2661718
2021-11-15,30104.237444232178,30208.40446888403,29166.736144727438,29722.29296875,2158996
2021-11-16,29652.847644861464,29930.625095691794,29479.23529632108,29722.29296875,1795597
2021-11-17,29618.125764696633,30416.738333948895,29479.235117760847,30277.849609375,3465053
2021-11-18,30555.62683925104,31180.628978891295,30138.958746157536,30902.849609375,4975911
2021-11-19,30937.573273412676,31979.24158517755,29166.735797759073,30833.40625,5747356
2021-11-22,30833.40694856723,32083.409335477736,30555.627572386045,31632.01953125,7005649
2021-11-23,31597.29701935727,31597.29701935727,30694.515511704365,31041.73828125,2544081
2021-11-24,31215.35130887328,32013.96388850424,30972.29555711976,31979.2421875,5850112
2021-11-25,32222.29811869622,32222.29811869622,31458.407235815466,31493.130859375,3808043
2021-11-26,32013.964023151297,32083.409347813777,30555.627584134658,31562.57421875,5856490
2021-11-29,30902.849609375,31250.072379498957,30625.072162220582,30902.849609375,4621157
2021-11-30,31180.62902058829,31701.462215289786,30277.849432586358,30833.40625,3602958
2021-12-01,30833.406260586256,31041.73838512125,30347.29284370624,30763.9609375,2488381
2021-12-02,30729.239247736044,31527.85181287493,30555.626901141473,30694.515625,1937895
2021-12-03,30902.85021263583,30902.85021263583,29166.736328125,29166.736328125,3116818
2021-12-06,29861.180871217697,29861.180871217697,28923.6776751878,29132.01171875,4050829
2021-12-07,29201.457668613057,30382.016633395895,29201.457668613057,30277.849609375,2343531
2021-12-08,30347.29290580183,30763.961000448166,30173.682481273787,30555.626953125,1622826
2021-12-09,30520.905252691766,30659.793976786583,30243.125882140248,30555.626953125,1388544
2021-12-10,30763.962815386047,31388.96499422791,30763.962815386047,30972.296875,2926189
2021-12-13,31597.296875,31805.62899788608,31319.51750721544,31597.296875,3511399
2021-12-14,31736.1856179618,31736.1856179618,31388.96284978095,31458.40625,2425027
2021-12-15,31388.962952311398,31597.296998372796,31076.4618832193,31180.62890625,2022084
2021-12-16,31250.07230669588,31250.07230669588,30555.62676806581,31180.62890625,2373295
2021-12-17,31180.62890625,31597.296998372796,30625.072090873568,31180.62890625,2624443
2021-12-20,31111.185607288637,31215.352637095613,30902.85154767468,30972.296875,1742306
2021-12-21,30902.84977759736,31007.016801437778,30416.73828125,30416.73828125,3951050
2021-12-22,30555.62910791855,30729.24146705169,29826.461813228227,30069.517578125,4007885
2021-12-23,30541.410821417052,30629.174700688367,29576.02167088422,30278.123046875,2613055
2021-12-24,30278.121961161254,31067.987188100346,30278.121961161254,30716.935546875,1718522
2021-12-27,30892.46071361917,31155.7484731475,30716.93489672167,30980.22265625,1354646
2021-12-28,31155.748698936408,31155.748698936408,30629.173176063596,30892.4609375,1532471
2021-12-29,31199.629670569833,31199.629670569833,30804.69899423315,30892.4609375,1782305
2021-12-30,31067.98828125,31331.276055615042,30892.46245446132,31067.98828125,1112250
2021-12-31,31243.51044151317,33086.5266913654,31155.748498810048,32559.951171875,5473353
2022-01-03,32559.951171875,32559.951171875,32559.951171875,32559.951171875,0
2022-01-04,32998.7660799877,33349.817728234935,32691.597336498307,32823.2421875,1993711
2022-01-05,33262.054532606686,33262.054532606686,32384.425444953977,32516.068359375,2166127
2022-01-06,32033.375674960393,34051.91581164145,31813.968886412127,33349.81640625,6760047
2022-01-07,33920.27225158877,34622.37554686477,33042.64892740152,34402.96875,4921961
2022-01-10,34402.96953118113,35368.35868665265,34051.917875571875,34095.80078125,3584218
2022-01-11,34051.91665460302,35017.30577545945,33613.10306664357,34578.4921875,4819187
2022-01-12,34578.49389691127,36991.96875,34578.49389691127,36991.96875,9047091
2022-01-13,37299.13730313547,39580.9672883796,37299.13730313547,38615.578125,10891263
2022-01-14,38001.24007834737,39580.96672410055,38001.24007834737,38834.984375,3679779
2022-01-17,38615.574977409735,41248.45640653028,38264.52334753934,38308.40625,8723445
2022-01-18,38089.00065068359,39888.13403199463,38089.00065068359,39405.44140625,5464563
2022-01-19,39537.08502291058,40195.301516919084,38220.64430835031,38308.40625,3350048
2022-01-20,37825.71093006596,40985.16796875,37079.72860837652,40985.16796875,6353349
2022-01-21,41292.33531262791,42828.18280799796,40809.64270347459,41555.625,5149933
2022-01-24,41160.6953125,42564.89799762661,41116.81240913566,41160.6953125,4693651
2022-01-25,40634.11527922446,43003.70703125,40283.06751097746,43003.70703125,5300036
2022-01-26,43442.52262890424,43837.45718149038,42213.84765625,42213.84765625,4567213
2022-01-27,42126.08681331837,42564.90041883585,41599.50739607985,41775.03515625,2164887
2022-01-28,41775.03437950351,43003.70936148947,41511.744675779744,42082.203125,3332130
2022-01-31,42082.203125,42082.203125,42082.203125,42082.203125,0
2022-02-01,42082.203125,42082.203125,42082.203125,42082.203125,0
2022-02-02,42082.203125,42082.203125,42082.203125,42082.203125,0
2022-02-03,42082.203125,42082.203125,42082.203125,42082.203125,0
2022-02-04,42082.203125,42082.203125,42082.203125,42082.203125,0
2022-02-07,42477.1350323202,42652.662794247415,41423.98391384475,41599.5078125,3918456
2022-02-08,41599.5040390476,42477.13117925906,40809.64270347459,41555.625,3011752
2022-02-09,41511.74369380262,42915.94639947806,41248.45785957885,42477.1328125,5140917
2022-02-10,42652.660565254286,42915.94639947806,42126.08503353497,42477.1328125,3089396
2022-02-11,42301.61001680338,42564.89972110676,41950.558365489494,42038.3203125,1933873
2022-02-14,41423.981914469594,41775.03355810817,39273.796875,39273.796875,8033670
2022-02-15,39273.796875,39273.796875,39273.796875,39273.796875,0
2022-02-16,40458.59191138332,40458.59191138332,39229.91311702498,39624.84765625,3150587
2022-02-17,40107.542324978574,40370.83203125,39229.91512176967,40370.83203125,2017376
2022-02-18,39888.134447133685,40414.70998218627,39229.9140625,39229.9140625,3375516
2022-02-21,39317.678701278586,39888.13326037137,38352.28574192104,39712.609375,3332468
2022-02-22,39405.44288037459,40370.83203125,39229.91512176967,40370.83203125,2580939
2022-02-23,40809.642539419365,41160.69416674704,39932.01540273598,40019.77734375,3328862
2022-02-24,39756.493690926865,39975.89662380283,38264.52515915889,39142.15234375,3815570
2022-02-25,39142.15247891799,40019.77966653978,39054.39053281018,39098.2734375,2645397
2022-02-28,38878.86453086615,39098.27131586568,38352.28515625,38352.28515625,3041503
2022-03-01,38396.171093128476,39493.205104828136,38264.52623907013,38703.33984375,2699601
2022-03-02,38352.287954260384,38615.57766077689,37167.4920014799,37255.2578125,3482233
2022-03-03,37167.49122967627,37913.47742822493,36860.322487300145,37562.42578125,2787612
2022-03-04,37562.4247009694,38176.76216805355,37299.135007492354,38001.23828125,1871555
2022-03-07,37562.42698167559,37562.42698167559,36991.968520019516,37079.73046875,2553668
2022-03-08,36684.797323264596,37343.017689789376,36333.745688463714,36509.2734375,2913938
2022-03-09,36509.27583748165,36772.56168343596,35543.8828125,35543.8828125,2220781
2022-03-10,36421.509042439655,36860.32263712398,35938.81640625,35938.81640625,1761457
2022-03-11,35938.814444549826,36728.67578125,35938.814444549826,36728.67578125,1663867
2022-03-14,36728.67700087054,37035.849601200236,36245.984375,36245.984375,1507003
2022-03-15,36245.98647823726,37035.85175027082,35982.69676646875,36948.0859375,1707591
2022-03-16,37123.61090094779,37123.61090094779,36421.507631346016,36509.2734375,1500354
2022-03-17,37035.84874141091,38834.98208142428,35982.69384316906,38176.76171875,6558445
2022-03-18,38352.28864432347,39142.15391481294,38176.76474566891,38527.81640625,3140219
2022-03-21,38527.81272218541,38703.33660405622,38001.23721330138,38440.05078125,1441305
2022-03-22,38440.05140912838,38571.6923910459,37913.475891643284,38176.76171875,3183492
2022-03-23,38132.882903077916,38966.627155384886,37869.59321115378,38089.0,2249179
2022-03-24,38089.00063380531,38132.883537613445,37737.94899315548,37825.7109375,1450320
2022-03-25,37869.59312120126,38483.93058320275,37386.896641577456,38132.8828125,2218866
2022-03-28,37737.94836439557,38132.88290227345,36377.628591540706,36509.2734375,4489456
2022-03-29,36597.03750095514,37299.13694796756,36421.5097417481,37211.375,1953819
2022-03-30,36948.082848457285,39493.20235077106,36597.035079811234,38220.64453125,3958574
2022-03-31,38396.168506308095,38571.6923910459,38088.9997763811,38176.76171875,1627243
2022-04-01,38176.7637490346,39054.39094594021,38089.00180199842,38922.74609375,3567652
2022-04-04,39449.32187113648,39449.32187113648,38834.984375,38834.984375,2346093
2022-04-05,38176.76216805355,38440.0518615306,37869.59343451148,38001.23828125,3273644
2022-04-06,37737.94814363381,38440.05140912838,37430.77941370681,38176.76171875,3654085
2022-04-07,38176.7627138399,38922.74503832736,37781.83203125,37781.83203125,3552890
2022-04-08,37737.94767434625,37913.47542017296,36684.796652472454,36772.55859375,3545340
2022-04-11,36772.55859375,36772.55859375,36772.55859375,36772.55859375,0
2022-04-12,37123.61348399354,37123.61348399354,35500.00390625,35500.00390625,3591993
2022-04-13,35543.881944445704,36333.74718956241,35192.83415841326,35894.93359375,2249405
2022-04-14,36333.74807690683,36333.74807690683,35543.8828125,35543.8828125,2130855
2022-04-15,35631.64735023532,36158.22288658554,34227.44463221079,34490.73046875,2827054
2022-04-18,34710.1362716209,34841.78111776198,33174.28874760892,33305.93359375,3178534
2022-04-19,33656.98522903565,34402.96753947284,32911.00291859845,33305.93359375,2617225
2022-04-20,33305.93359375,34051.9159041872,33218.17165074651,33305.93359375,1643358
2022-04-21,33262.05724854783,34008.0396194194,33042.65044162843,33788.6328125,2359841
2022-04-22,33876.39476261336,34315.20837645217,33349.81919866119,33788.6328125,2962507
2022-04-25,33788.63075299159,33876.39269775562,31462.91796875,31462.91796875,3319171
2022-04-26,30848.580173907347,32691.596448027223,30848.580173907347,32384.42578125,2093554
2022-04-27,32472.190949047214,32911.00454907606,31989.49637534267,32647.71484375,843033
2022-04-28,32647.714000813154,32647.714000813154,32208.90234375,32208.90234375,1098614
2022-04-29,32340.546004569183,33130.411255033054,32296.665031018063,32691.59765625,1711310
2022-05-02,32691.59765625,32691.59765625,32691.59765625,32691.59765625,0
2022-05-03,32691.59765625,32691.59765625,32691.59765625,32691.59765625,0
2022-05-04,32691.59765625,33086.528349846,32428.30795167142,32691.59765625,1759090
2022-05-05,32998.76433092561,33525.33984375,32472.18881810121,33525.33984375,2243207
2022-05-06,32779.35818634023,33218.1717661539,32472.189453125,32472.189453125,1780051
2022-05-09,32121.13952189027,32384.427297428916,30234.2421875,30234.2421875,2720449
2022-05-10,29927.07245320489,31506.800986090584,29400.494987819067,31419.037109375,1946832
2022-05-11,31375.155485709827,31682.32421875,30760.816087993633,31682.32421875,972402
2022-05-12,31067.9883467834,31419.038069465296,29488.259765625,29488.259765625,1699252
2022-05-13,29663.785662438924,29839.30955837405,27908.53125,27908.53125,2652609
2022-05-16,29137.207278694044,29181.09018295676,28259.58203125,28259.58203125,1443220
2022-05-17,28522.870680680815,30234.2421875,28127.938051554866,30234.2421875,1258521
2022-05-18,30629.173828125,31155.74936220803,30014.834417270875,30629.173828125,1452348
2022-05-19,29839.30912962466,30716.93632323384,29751.547182918115,30409.767578125,1008688
2022-05-20,30190.361099239635,30629.174700688367,30102.59721996832,30278.123046875,1271255
2022-05-23,30190.359696395786,30453.647458703745,28961.68282841336,29268.8515625,1130055
2022-05-24,29576.021370378166,29707.666222129596,29049.445826644318,29619.90234375,865459
2022-05-25,29839.30859536457,30804.699650031307,29839.30859536457,30629.173828125,1202176
2022-05-26,31243.510869918344,31375.155717413953,30716.93534320764,30804.69921875,1345631
2022-05-27,30804.698770988336,31067.98653051667,30629.172954090835,30980.22265625,1004067
2022-05-30,31155.749454873516,31462.918195396232,30892.461687048915,31375.15625,1226179
2022-05-31,31155.7484731475,31243.510415778335,30716.93489672167,30980.22265625,1157664
2022-06-01,30804.69910633189,31199.62978410573,30673.0542593167,30848.580078125,1207022
2022-06-02,30848.580078125,30848.580078125,30848.580078125,30848.580078125,0
2022-06-03,30453.64724758218,30497.528219056654,29839.307852031976,30146.478515625,643121
2022-06-06,30146.478831815024,30409.76659505921,29663.784277261373,30014.833984375,1035395
2022-06-07,29927.07336770433,30014.835315465818,29049.44616354567,29488.259765625,1321290
2022-06-08,29576.020180574575,30541.4092824623,29532.139208968016,30102.595703125,1107630
2022-06-09,30146.48012542195,30497.52984759937,29927.073324697583,30278.123046875,444449
2022-06-10,29883.191954060865,30102.596820235805,29663.78515625,29663.78515625,885743
2022-06-13,29005.564924339345,29268.852696851354,28040.17578125,28040.17578125,1630511
2022-06-14,27996.29210851867,28786.15733603372,27294.190757191896,28347.34375,1328502
2022-06-15,28084.056640625,28522.870236907445,27206.42944806011,28084.056640625,1539458
2022-06-16,28084.055984706945,28786.15733603372,28084.055984706945,28347.34375,1457645
2022-06-17,28040.174570615192,28040.174570615192,27381.954201935874,27733.00390625,1373353
2022-06-20,27820.768463032866,27908.530408353767,25889.98828125,25889.98828125,1096022
2022-06-21,25538.938765235816,26899.26051801323,25407.293914603586,26592.08984375,1581829
2022-06-22,26592.089413583388,27733.00435127503,26153.275827422305,26767.615234375,1727199
2022-06-23,26767.61608735562,27206.4296875,26372.683460898486,27206.4296875,475889
2022-06-24,27381.955078125,28303.46323743601,27294.191200511243,27381.955078125,1496748
2022-06-27,27469.71775987467,27908.531364789265,27338.07483738187,27864.650390625,931157
2022-06-28,27733.00524977777,29795.428398899556,27733.00524977777,29532.140625,2718871
2022-06-29,28961.683349104824,30629.173828125,28961.683349104824,30629.173828125,2639425
2022-06-30,30716.934868701643,30716.934868701643,29400.494140625,29400.494140625,1688546
2022-07-01,28873.91915358593,31331.27483823906,28171.817805347306,30760.81640625,3967476
2022-07-04,31155.749018270435,31375.15581032225,30629.173490000434,30760.81640625,2059409
2022-07-05,30760.817561056654,32911.004590212804,30716.936587326112,31857.8515625,5559561
2022-07-06,31419.037542967584,32384.426678710435,31155.749772459167,31243.51171875,3078240
2022-07-07,31067.98824044236,32165.02031024976,30102.59716019065,31857.8515625,3183154
2022-07-08,31945.612427891952,31989.49533177203,30716.935546875,30716.935546875,2230585
2022-07-11,30629.174700688367,30848.581501412733,28961.68417416475,30278.123046875,2319723
2022-07-12,30278.123046875,30278.123046875,30278.123046875,30278.123046875,0
2022-07-13,31770.088206365497,32647.713436970665,31419.036568814743,31638.443359375,2994285
2022-07-14,31419.03634617166,32384.425445141456,31375.15537469773,31726.205078125,1695082
2022-07-15,31682.324876249968,32252.78331417564,31419.037109375,31419.037109375,1563348
2022-07-18,31594.56359793081,31594.56359793081,31067.98805306821,31155.75,1913926
2022-07-19,31155.749680566114,31462.918423313964,30716.936087134374,31287.39453125,1100868
2022-07-20,31770.089387584463,32384.4268786857,31550.682588866614,31945.61328125,1789291
2022-07-21,31770.089182688796,32340.54569669459,31770.089182688796,32033.376953125,1711873
2022-07-22,32384.426915224707,32384.426915224707,31155.75,31155.75,1405695
2022-07-25,31155.750228826364,31506.801882403717,30541.410800883972,31067.98828125,1348673
2022-07-26,31419.037657538076,31594.563482395723,31155.74988606957,31199.630859375,998208
2022-07-27,31199.630859375,31287.394737621787,30716.936289743415,31199.630859375,817227
2022-07-28,31594.563358519354,32340.54569669459,31331.275588083146,32033.376953125,2309919
2022-07-29,32208.902950432916,33262.055969474866,32165.020045427726,32735.4765625,4704469
2022-08-01,32823.24256656617,34227.4453125,32735.476756036904,34227.4453125,3794723
2022-08-02,33876.39476261336,34227.44642633881,33525.34309888791,33788.6328125,2199483
2022-08-03,33305.934546144046,34490.73046875,33262.05550502341,34490.73046875,2418552
2022-08-04,34490.73046875,34797.899209681644,33788.631041373636,34490.73046875,2729013
2022-08-05,34402.96920701477,34402.96920701477,33788.631712941184,34227.4453125,1160030
2022-08-08,34227.44572867089,34446.852531118064,33964.156020425515,34051.91796875,1113264
2022-08-09,34051.91829287576,34402.96995278713,33876.39439455605,33920.2734375,1766641
2022-08-10,33788.62908495308,34051.914906247584,33700.86328125,33700.86328125,1112250
2022-08-11,34227.4428761153,34490.7286991462,33525.3396214897,33613.1015625,1959791
2022-08-12,33613.10350863246,34402.96875,33481.462521131056,34402.96875,1846989
2022-08-15,34490.730641490176,36114.34016306482,34490.730641490176,35982.6953125,4250892
2022-08-16,35938.817376339386,36070.462230952515,35543.8828125,35543.8828125,1105939
2022-08-17,35543.8799777826,35631.64578270643,35105.06640625,35105.06640625,1571912
2022-08-18,34841.781475153715,35192.833114040295,34754.01953125,34754.01953125,1668826
2022-08-19,34710.13717180909,35105.06785720295,34402.96843169478,34534.61328125,1636033
2022-08-22,34534.61527976902,34534.61527976902,33656.988049641666,33744.75,1985372
2022-08-23,33656.98579287286,34666.2578125,33525.340944526404,34666.2578125,1952354
2022-08-24,34841.782114074085,34929.544059587155,34183.56172781835,34490.73046875,1092867
2022-08-25,34227.44463221079,34666.25822304794,34183.56172781835,34490.73046875,1433529
2022-08-26,34490.730242562466,35236.71256943917,34490.730242562466,34578.4921875,2260786
2022-08-29,33876.39366019857,34490.73115427216,33481.46296590439,34227.4453125,1516131
2022-08-30,34271.322603050256,35500.00139167745,34227.44356329995,34929.54296875,2625338
2022-08-31,34929.54252294561,35280.59415282602,34754.018639641225,35105.06640625,1827944
2022-09-01,35105.06640625,35105.06640625,35105.06640625,35105.06640625,0
2022-09-02,35105.06640625,35105.06640625,35105.06640625,35105.06640625,0
2022-09-05,35105.06753486858,35148.95043874132,34446.85101967983,34666.2578125,905802
2022-09-06,34666.25660926254,35587.76278915948,34622.37370691294,35148.94921875,2005431
2022-09-07,35017.305336153986,35017.305336153986,33174.2890625,33174.2890625,3394222
2022-09-08,33262.05534295489,33656.986027475315,32121.138467028657,32208.90234375,2468361
2022-09-09,32208.901691563966,32559.951396433393,31726.205208460244,32472.189453125,1251985
2022-09-12,32472.189656744576,32911.003239309866,32296.663837391287,32384.42578125,1056806
2022-09-13,32384.426006970414,32691.596675888624,32165.0192141585,32296.6640625,946821
2022-09-14,31594.563358519354,32033.376953125,31550.68238538597,32033.376953125,1051510
2022-09-15,32033.37663537945,32296.66440320405,31287.394304603764,31375.15625,2192496
2022-09-16,31594.56359793081,31770.08942343032,31155.75,31155.75,1098614
2022-09-19,31111.867940922322,31111.867940922322,29927.072040505558,30014.833984375,1437924
2022-09-20,30102.595831098708,30936.342021711218,30102.595831098708,30848.580078125,1258296
2022-09-21,30541.41026990028,30804.699971323793,30497.529296875,30497.529296875,558266
2022-09-22,30322.00262170011,30980.222993504325,30234.240678113892,30848.580078125,1101319
2022-09-23,31243.511633212518,31243.511633212518,30278.12250011268,30497.529296875,885067
2022-09-26,29927.071819328376,30058.71473415962,28435.105263123278,29312.732421875,2272281
2022-09-27,29400.4956585752,29883.192162433636,28961.683991529604,29576.021484375,684366
2022-09-28,29576.019957362387,29751.54577409977,29268.851226798837,29400.494140625,876615
2022-09-29,29839.307716650546,29927.071590837157,29356.613169349614,29400.494140625,1127012
2022-09-30,28786.157744675715,29751.546875,28347.34415241269,29751.546875,2048591
2022-10-03,29049.444761331106,29488.25834222894,27689.123046875,27689.123046875,1773064
2022-10-04,28084.05688778876,28127.93786147601,27118.6677401255,27206.4296875,1347096
2022-10-05,27908.53125,28084.057077571084,27469.71764689027,27908.53125,581593
2022-10-06,28040.17591410151,28040.17591410151,27206.4296875,27206.4296875,1032015
2022-10-07,26767.616148530662,26855.380027741678,25363.41339751384,25626.701171875,1934098
2022-10-10,24705.193171253402,26723.735364539592,24573.550248955846,26328.802734375,1127801
2022-10-11,26328.802132301742,26328.802132301742,25012.36328125,25012.36328125,1023112
2022-10-12,25451.17458342882,26723.734375,25187.886816946895,26723.734375,1663980
2022-10-13,26811.495880010032,28478.986328125,26723.7339365014,28478.986328125,1593098
2022-10-14,28961.68359375,29137.2074855031,28610.631946971982,28961.68359375,1939169
2022-10-17,28917.80133245803,28917.80133245803,27820.769258053828,28698.39453125,1227870
2022-10-18,28961.68402915282,29356.614723170493,28698.39432429312,28786.158203125,994376
2022-10-19,28786.15777036099,29400.495254768655,28435.106123582977,28961.68359375,848893
2022-10-20,28610.631611934627,29839.308497997765,28522.86966708579,29093.326171875,1663642
2022-10-21,29093.32540661882,29093.32540661882,28171.81728340138,28610.630859375,1867611
2022-10-24,28917.800629016452,28917.800629016452,26635.97265625,26635.97265625,1548585
2022-10-25,26328.801850421045,28478.986893815236,25714.464370386075,27469.716796875,1650345
2022-10-26,27645.241761430334,28522.86891326783,27469.715944735668,27820.767578125,770799
2022-10-27,27908.53056014967,29751.546875,27908.53056014967,29751.546875,2292678
2022-10-28,30102.596820235805,30673.055267198415,29663.78515625,29663.78515625,2373476
2022-10-31,29663.785438197126,30585.293611434277,29576.021559257053,30322.00390625,3001385
2022-11-01,30365.885966258083,30848.580526266167,29839.30850218354,29883.19140625,1820168
2022-11-02,29883.192162433636,30146.47993531537,29444.378563752103,29576.021484375,1493367
2022-11-03,29093.326512564825,29663.784955670122,28961.68359375,28961.68359375,1268213
2022-11-04,28961.682939804396,29532.13943839306,27689.12316351297,29224.970703125,2678190
2022-11-07,28786.157120378706,29927.0720491919,28786.157120378706,29224.970703125,1782981
2022-11-08,28961.683349104824,30716.935773260207,28961.683349104824,30629.173828125,3469837
2022-11-09,30804.698882264973,32296.6635021936,30760.8159791552,31726.205078125,5072965
2022-11-10,31550.682425405626,31550.682425405626,29532.140273986457,30453.6484375,2816911
2022-11-11,31594.5625,32033.376082681763,31067.986973436233,31594.5625,2440414
2022-11-14,31243.51108445091,32384.426021248735,30629.173609615384,31506.80078125,1495170
2022-11-15,30716.93510322341,31375.155472287202,29312.732421875,29312.732421875,2128376
2022-11-16,27996.292478967214,31331.275390625,27689.123737333488,31331.275390625,1806420
2022-11-17,31770.08909769773,32033.37686742959,31155.749680566114,31287.39453125,1681560
2022-11-18,31287.393876403763,31638.44358482012,29839.308275733143,31550.681640625,1559178
2022-11-21,32033.377195861616,32033.377195861616,31155.75,31155.75,1448404
2022-11-22,30365.886560589723,32252.78386512249,30365.886560589723,31989.49609375,2376744
2022-11-23,31945.613066881917,33349.817728234935,31550.682377148678,32823.2421875,2721688
2022-11-24,32647.713137586874,33700.864177309886,32296.663434891147,33349.81640625,2016362
2022-11-25,33700.86375,35105.06640625,33525.33986669561,35105.06640625,2889822
2022-11-28,35105.06753486858,35631.6469282544,34227.444226859654,34666.2578125,2936476
2022-11-29,34666.25839666722,35982.6953125,34095.79995306753,35982.6953125,2872693
2022-11-30,35982.69512872382,37123.61201009614,34666.258219614545,36070.4609375,2315666
2022-12-01,36070.461657992644,36421.509447022196,34227.4453125,34227.4453125,2181114
2022-12-02,34227.444414174715,36245.98460120401,34183.561510061816,36158.22265625,1693730
2022-12-05,36333.746411077474,36860.32194211562,35587.76408683413,36202.1015625,1877190
2022-12-06,36070.4614177969,36070.4614177969,34315.20703125,34315.20703125,3012203
2022-12-07,34666.258912058816,34666.258912058816,33788.631712941184,34227.4453125,2026053
2022-12-08,34402.96920701477,36158.22360525003,34051.91755471335,34227.4453125,3078127
2022-12-09,34139.679048453545,34666.258451546455,33613.10350863246,34402.96875,1830198
2022-12-12,34578.49109984444,35017.30467400115,33437.578125,33437.578125,2235431
2022-12-13,33393.697787127065,34666.259567885456,33393.697787127065,33964.15625,1922942
2022-12-14,34841.7832302142,34841.7832302142,34051.91796875,34051.91796875,743077
2022-12-15,33876.39366019857,34973.42765909561,33876.39366019857,34227.4453125,1645161
2022-12-16,33920.27288652825,34666.25910044974,33920.27288652825,34139.6796875,1127125
2022-12-19,34051.91796875,35543.88268008199,34051.91796875,34051.91796875,2160718
2022-12-20,34051.91866284008,34227.44642633881,32911.005584822386,33788.6328125,1862427
2022-12-21,34095.801336670935,34754.02175293374,33744.749675343046,33876.39453125,1614622
2022-12-22,34095.80045997798,35017.30670108836,34008.038512720595,34227.4453125,1505200
2022-12-23,34666.258912058816,34666.258912058816,34227.4453125,34227.4453125,778237
2022-12-26,34227.44572867089,34315.20767699538,34008.03892622372,34051.91796875,1415048
2022-12-27,34051.91537988041,35105.06640625,33964.15343822821,35105.06640625,1685842
2022-12-28,35192.8320609393,37211.37216340935,34754.018491279945,36772.55859375,4161416
2022-12-29,36860.32069238041,36948.0826340326,35105.06640625,35105.06640625,1426317
2022-12-30,35324.47635641059,36421.51038351526,33876.39453125,33876.39453125,2950449
2023-01-02,33876.39453125,33876.39453125,33876.39453125,33876.39453125,0
2023-01-03,34490.73024903674,36158.22265625,34271.32345501583,36158.22265625,1952805
2023-01-04,36158.22352653722,37035.85072374435,35456.12022346278,35807.171875,2333021
2023-01-05,35982.6958623703,36070.461672935926,35324.475462759394,35763.2890625,1324220
2023-01-06,35763.287134151884,37255.25561078648,35631.64615194526,36553.15234375,3832474
2023-01-09,37035.85025374677,37035.85025374677,35851.05432520699,35982.6953125,1494720
2023-01-10,36509.27407149066,36597.03601589697,35763.2878858577,36245.984375,1041255
2023-01-11,36509.2741636047,37035.849694642835,35894.93282466707,36202.1015625,1725621
2023-01-12,36289.86696260845,36816.44248772944,35982.694364955474,36377.62890625,798070
2023-01-13,36509.27299138019,37035.84850551126,36509.27299138019,36684.796875,1836847
2023-01-16,36860.32222312745,39229.9140625,36816.44318211494,39229.9140625,5339139
2023-01-17,39493.20321617818,39756.49291170379,39142.15157656795,39449.3203125,1689448
2023-01-18,39405.44095698435,39975.895520608574,39317.67901360152,39580.96484375,2065495
2023-01-19,39580.96686695703,40634.117967926875,39449.32201351783,40326.94921875,1867047
2023-01-20,40326.94921875,40326.94921875,40326.94921875,40326.94921875,0
2023-01-23,40326.94921875,40326.94921875,40326.94921875,40326.94921875,0
2023-01-24,40326.94921875,40326.94921875,40326.94921875,40326.94921875,0
2023-01-25,40326.94921875,40326.94921875,40326.94921875,40326.94921875,0
2023-01-26,40326.94921875,40326.94921875,40326.94921875,40326.94921875,0
2023-01-27,40809.64490805374,40897.406854161556,39054.39053281018,39098.2734375,1949311
2023-01-30,38615.57703015327,39405.44227353176,38615.57703015327,39054.390625,1363887
2023-01-31,38834.98253008841,39580.96484375,38220.645063136915,39580.96484375,1852060
2023-02-01,39800.37278708051,39932.01763760508,37386.898026126626,37562.42578125,2829082
2023-02-02,37518.5421101966,38264.52443023399,36948.083678425035,37869.59375,3228005
2023-02-03,38176.76203377549,38440.05172632647,37869.593301313806,38045.1171875,1552755
2023-02-06,38001.2384891907,39493.203125,37650.18685039094,39493.203125,1968919
2023-02-07,39493.201799018054,39800.37052392777,38352.284977043,38440.05078125,1767317
2023-02-08,38527.815083838286,39712.6110172701,38527.815083838286,39054.390625,2024701
2023-02-09,39054.39173228818,39493.20533957636,38615.578125,38615.578125,1335151
2023-02-10,38966.62817582455,39098.27302523408,37694.0703125,37694.0703125,1575406
2023-02-13,37694.071019071474,38966.62890625,37694.071019071474,38966.62890625,1791432
2023-02-14,39054.389098269035,39054.389098269035,38001.23805711585,38089.0,1493255
2023-02-15,37869.59576526449,39010.50882625058,37869.59576526449,38615.578125,681323
2023-02-16,39229.91343008225,39493.203125,38615.57595963647,39493.203125,1203641
2023-02-17,39493.205235649664,40195.3046875,39449.32232972755,40195.3046875,1683250
2023-02-20,40195.30169053246,41555.62531342896,40195.30169053246,41423.98046875,1699703
2023-02-21,41423.982567675936,41511.744514151535,40590.23828125,40590.23828125,1123068
2023-02-22,40239.18544290465,40370.83029036353,39493.203125,39493.203125,1120251
2023-02-23,39449.31902071349,39975.89453125,38352.285097399246,39975.89453125,1442319
2023-02-24,39537.08689477909,39975.89662380283,38966.6284521405,39142.15234375,561083
2023-02-27,39054.39117551615,39054.39117551615,38264.52592100362,38834.984375,1058384
2023-02-28,38834.984697808344,39142.15344842986,38659.460801245164,38703.33984375,290289
2023-03-01,38615.5783763683,40063.6640625,38440.05447761923,40063.6640625,834920
2023-03-02,40063.662424199276,40809.64475828573,39844.25562809903,40721.8828125,1100079
2023-03-03,40721.8839165981,40809.64586476333,39712.611854518094,40283.0703125,828722
2023-03-06,40283.070499344234,41248.45966018341,39756.4949446385,40195.3046875,974655
2023-03-07,39932.01651428732,41336.219199413936,39932.01651428732,41160.6953125,1842030
2023-03-08,40721.88320169239,42126.0859375,40283.06960529803,42126.0859375,1385748
2023-03-09,42126.08667597833,42126.08667597833,41292.33851025016,41818.9140625,1319149
2023-03-10,41643.38734618152,41643.38734618152,41204.57377181009,41380.09765625,971613
2023-03-13,40897.40702555051,41160.696728249146,40590.23828125,40590.23828125,1052186
2023-03-14,40458.5921410459,40677.99893188136,39273.79624318876,39537.0859375,1627807
2023-03-15,40370.83027346608,41599.50521384337,39888.13378740949,41072.9296875,708143
2023-03-16,40414.71052502696,41160.696728249146,40414.71052502696,40590.23828125,986826
2023-03-17,41248.45853732651,41248.45853732651,40370.83134895021,40634.1171875,350127
2023-03-20,40370.82951290479,40370.82951290479,39493.20236444255,39800.37109375,660138
2023-03-21,39844.25399648178,40151.42272578923,39317.67848005876,39800.37109375,835709
2023-03-22,40151.425003269236,40546.35569716995,39888.13529848751,40458.59375,631965
2023-03-23,39756.49476023667,40370.83226066524,39756.49476023667,40283.0703125,467550
2023-03-24,40283.06712039528,40634.114885238545,39932.0154922804,39975.89453125,410867
2023-03-27,39975.89747184286,40502.47688438572,39493.2048280411,40370.83203125,757502
2023-03-28,40809.64563285445,41072.931475853984,40370.83203125,40370.83203125,567957
2023-03-29,40370.83157539892,40678.00032039924,39975.89702045122,40546.35546875,341563
2023-03-30,40590.238373723696,40897.407118724004,40546.35546875,40546.35546875,788491
2023-03-31,40546.35546875,41248.458768698016,40414.71061710077,40546.35546875,725385
2023-04-03,40941.29071864714,41072.93170925904,40195.30450106285,40283.0703125,1424063
2023-04-04,40283.070083583494,40502.47688438572,40107.542324978574,40370.83203125,1002490
2023-04-05,40370.82919578416,40634.115020291676,39756.491741994985,39932.015625,1536866
2023-04-06,39932.01842964555,40809.64563285445,39756.49453431253,40370.83203125,1706915
2023-04-07,40151.42601187454,40370.83281694685,39932.019206802215,40063.6640625,824778
2023-04-10,40195.30318730838,40195.30318730838,39229.9140625,39229.9140625,2035294
2023-04-11,39010.50794802782,39186.0357049547,38747.2221075453,38966.62890625,1385072
2023-04-12,39054.39085307751,39317.680556831896,38791.10114932313,38966.62890625,873910
2023-04-13,38966.6276883987,39493.20321617818,38966.6276883987,39449.3203125,877855
2023-04-14,39493.204313282135,39493.204313282135,39010.5078125,39010.5078125,697213
2023-04-17,39010.50663874137,39580.965068882004,38966.62759843623,39493.203125,807536
2023-04-18,39317.68009863131,39493.20399024081,38878.866506335755,39142.15234375,720877
2023-04-19,39273.79765178221,39273.79765178221,38791.10114932313,38966.62890625,509471
2023-04-20,38922.74554760222,39142.15234375,38747.221655992726,39142.15234375,289500
2023-04-21,39142.15321682106,39142.15321682106,38791.1015625,38791.1015625,399486
2023-04-24,38791.09872624905,38791.09872624905,38352.28515625,38352.28515625,521642
2023-04-25,38264.52357069493,38527.81326045112,37869.592899332296,38220.64453125,607624
2023-04-26,38176.764290788546,38878.867603585095,37913.47844594378,38703.33984375,456507
2023-04-27,38703.34030490456,38703.34030490456,38176.76474566891,38527.81640625,183797
2023-04-28,38571.6923910459,38703.33723623509,38176.76171875,38176.76171875,467212
2023-05-01,38176.76171875,38176.76171875,38176.76171875,38176.76171875,0
2023-05-02,38176.76171875,38176.76171875,38176.76171875,38176.76171875,0
2023-05-03,38176.76171875,38176.76171875,38176.76171875,38176.76171875,0
2023-05-04,38176.76118426367,38791.098635516755,38001.237301983245,38396.16796875,424277
2023-05-05,38440.05154350075,38483.93058320275,38132.8828125,38132.8828125,334125
2023-05-08,38220.64589667911,39932.01735141798,38220.64589667911,39229.9140625,1273960
2023-05-09,39229.913206946985,39800.37163384292,39229.913206946985,39580.96484375,733499
2023-05-10,39756.49281991775,39756.49281991775,39054.38954231824,39493.203125,670505
2023-05-11,39493.203125,39712.60991634088,39317.679237235985,39493.203125,575282
2023-05-12,39493.203125,39580.965068882004,39098.272445895105,39493.203125,482651
2023-05-15,40370.83052101101,40370.83052101101,39405.44140625,39405.44140625,490764
2023-05-16,39580.965068882004,39580.965068882004,39273.79633365912,39493.203125,483665
2023-05-17,39493.2035772741,39580.965522161154,39317.6796875,39317.6796875,975782
2023-05-18,39405.44195188244,39449.320993045854,39054.39030621618,39186.03515625,580015
2023-05-19,39142.152799905016,39449.321545437226,38878.86695942249,38966.62890625,679746
2023-05-22,38966.62890625,39449.321545437226,38966.62890625,38966.62890625,684929
2023-05-23,39405.44372211244,39405.44372211244,38483.93359375,38483.93359375,849119
2023-05-24,38483.93359375,38483.93359375,38483.93359375,38483.93359375,0
2023-05-25,38176.76118426367,38615.57475323633,38132.882145329364,38396.16796875,738570
2023-05-26,38703.337463460746,38703.337463460746,38089.0,38089.0,613935
2023-05-29,38571.69544927766,38571.69544927766,38089.00279634162,38527.81640625,752881
2023-05-30,38615.57466312081,38615.57466312081,38264.52303610759,38440.05078125,902421
2023-05-31,38440.054227393506,38615.578125,38220.64742374942,38615.578125,868614
2023-06-01,38615.57835557728,38615.57835557728,38308.40960129581,38527.81640625,696311
2023-06-02,38615.57658215061,39405.44181636539,38615.57658215061,39229.9140625,1355435
2023-06-05,39405.44181636539,39800.372501836886,39229.9140625,39229.9140625,1080809
2023-06-06,39493.2035772741,39493.2035772741,38878.86609979297,39317.6796875,953470
2023-06-07,39317.680650320646,39405.44259735683,38922.74609375,38922.74609375,1090501
2023-06-08,38966.62647221164,39054.38841355713,38352.28515625,38352.28515625,1865470
2023-06-09,38440.05154350075,38659.45833182581,37825.71021822758,38132.8828125,1453250
2023-06-12,38264.52334753934,38308.40625,37737.94783436956,38308.40625,1268438
2023-06-13,38352.28764310698,39054.39094594021,38308.40860122482,38922.74609375,1496861
2023-06-14,39142.153681091426,39229.91562989467,38615.578125,38615.578125,1504186
2023-06-15,38527.81650015659,38791.10234878016,38352.28873780223,38483.93359375,927889
2023-06-16,38878.86453086615,39054.38841355713,38308.40611721307,38352.28515625,1624426
2023-06-19,38440.0518615306,38483.93090159563,38001.23828125,38001.23828125,897012
2023-06-20,38132.88267920138,38176.76171875,37869.592988823,38176.76171875,915831
2023-06-21,38176.76194288415,38615.575520576596,38001.23805711585,38089.0,915944
2023-06-22,38089.0,38089.0,38089.0,38089.0,0
2023-06-23,38527.81553485871,39449.32177686123,38352.28777690212,38878.8671875,2154520
2023-06-26,39054.3910821847,39361.559829518876,38527.81553485871,38878.8671875,1380565
2023-06-27,38703.33942954341,39010.508176877585,38615.577482201064,38878.8671875,894533
2023-06-28,38878.86490582764,39800.37109375,38747.22006090397,39800.37109375,2634016
2023-06-29,39844.25586837849,40283.06946322522,39054.390625,39054.390625,1782755
2023-06-30,39054.38919124984,39317.678883800814,38045.1171875,38045.1171875,1098727
2023-07-03,38527.815083838286,39054.390625,38352.287327936494,39054.390625,1223137
2023-07-04,38966.62978348493,39098.274638325776,38396.17132135591,38615.578125,1333460
2023-07-05,38791.10124155979,39273.797745166616,38659.46025264144,38922.74609375,1458659
2023-07-06,38791.10211667616,39186.03668215642,38264.52655930777,38571.6953125,1506665
2023-07-07,38352.28777690212,38878.8671875,38352.28777690212,38878.8671875,991784
2023-07-10,38966.62728314404,41204.57421875,38791.09953352855,41204.57421875,5206728
2023-07-11,41423.9818749596,41599.50576497558,40809.64439663189,40853.5234375,2952703
2023-07-12,41204.57476120406,41380.0986498586,40502.47534331413,40985.16796875,2628043
2023-07-13,41160.6953125,41687.27083651351,40853.52271549305,41160.6953125,2123755
2023-07-14,41160.69562908384,41818.91214170957,40414.70944578265,41029.05078125,2936814
2023-07-17,41029.05197037324,41336.22071537355,40546.35546875,40546.35546875,2514677
2023-07-18,40546.35438384189,40985.16796875,40546.35438384189,40985.16796875,1878767
2023-07-19,41160.696728249146,41160.696728249146,40239.18663207577,40590.23828125,2625113
2023-07-20,40546.355376376276,40721.883132599316,40239.18663207577,40590.23828125,1053200
2023-07-21,40590.237197318354,41029.05078125,40458.59234948451,41029.05078125,1602564
2023-07-24,41160.695494617,41775.03296480564,41072.9296875,41072.9296875,2219993
2023-07-25,41029.04988737018,41423.980558995805,40985.166984624375,41380.09765625,1827381
2023-07-26,41380.09725399473,42169.96245283937,41380.09725399473,41555.625,2624662
2023-07-27,41511.74349798538,41599.50544231266,40941.28892822224,40985.16796875,1543514
2023-07-28,40985.16796875,41511.74349798538,40721.88213576818,40985.16796875,1977258
2023-07-31,41248.45658469249,41643.38725545772,40985.166895334565,41423.98046875,2110683
2023-08-01,41731.15093317896,43442.52239537027,41423.98219166664,42301.609375,4298109
2023-08-02,42301.60745445644,43266.99653963895,42257.724551973384,43091.47265625,2654525
2023-08-03,43091.47383113778,43135.35287154556,42477.132495983176,42608.77734375,2360179
2023-08-04,42564.89862051303,42915.94639947806,42301.608923017484,42477.1328125,2474672
2023-08-07,42740.42156042699,43398.641926270335,42521.01477181255,42872.06640625,2259096
2023-08-08,42915.94585319618,43398.64233803645,42608.77711887587,42696.5390625,2372011
2023-08-09,42696.540062191285,42828.18491234565,42169.964524845636,42301.609375,2031011
2023-08-10,42301.60919112269,42477.133081717664,40809.64453125,40809.64453125,2943575
2023-08-11,40809.64408009546,41160.695720676296,40019.778854606506,40985.16796875,2369194
2023-08-14,41248.45960228341,41818.91419883859,40941.29085107556,41775.03515625,2385759
2023-08-15,41599.50480316549,41775.03255239492,41116.81218514585,41248.45703125,1868400
2023-08-16,41204.57692346232,41775.03538643268,41160.69788063195,41687.2734375,1525484
2023-08-17,41687.27038328289,41862.794268288504,41336.21875,41336.21875,1877415
2023-08-18,41336.22122723782,41336.22122723782,38703.33961473771,38791.1015625,3206481
2023-08-21,39142.15020706661,41116.81126460423,39054.38826605259,40019.77734375,2039689
2023-08-22,39405.44328707736,40326.94954199442,39054.39162951623,40195.3046875,1450883
2023-08-23,40546.356577397906,40546.356577397906,39844.25712152443,40107.54296875,1536077
2023-08-24,40107.5427389277,40458.594396488836,39800.37398728868,40195.3046875,1532696
2023-08-25,40195.30208308682,40195.30208308682,39537.085579807055,39668.7265625,1323769
2023-08-28,39800.371003617605,40283.06747948738,39756.49196425686,39844.25390625,834244
2023-08-29,39844.2568932108,40458.594396488836,39800.37398728868,40195.3046875,1532133
2023-08-30,40370.83157539892,40897.407118724004,40195.303818775996,40546.35546875,1266410
2023-08-31,40677.998696446935,41204.57421875,40634.11579322514,41204.57421875,1880683
2023-09-01,41204.57421875,41204.57421875,41204.57421875,41204.57421875,0
2023-09-04,41204.57421875,41204.57421875,41204.57421875,41204.57421875,0
2023-09-05,41248.459829564636,41862.797335365365,41248.459829564636,41687.2734375,1535175
2023-09-06,41862.79381699848,41862.79381699848,41380.097343529116,41511.7421875,1328277
2023-09-07,41687.26984368604,42257.72439420619,41423.980156313955,41555.625,1321515
2023-09-08,41687.270609416046,41731.14964926964,41204.57412812472,41248.45703125,1803828
2023-09-11,41599.50590219919,41599.50590219919,40370.83094149076,40809.64453125,1089937
2023-09-12,41029.05024216697,41248.45703125,40721.88151010508,41248.45703125,1117546
2023-09-13,41336.21897422887,41555.625763311895,40809.643453083954,41248.45703125,1353519
2023-09-14,41248.45757321582,42038.318933675386,41029.05078125,41029.05078125,2111697
2023-09-15,41248.457438462276,41599.50521384337,41072.9296875,41072.9296875,1187752
2023-09-18,41248.459800310375,41248.459800310375,39756.495079697044,40151.42578125,1630173
2023-09-19,40195.30208308682,40502.47467809484,39493.20267672829,39668.7265625,1340560
2023-09-20,39668.729360102094,40107.54296875,39580.967411026904,40107.54296875,758741
2023-09-21,40107.54014020096,40414.7088719373,39580.96461961414,39668.7265625,1031338
2023-09-22,39317.680800450966,40414.7109375,38791.10138967942,40414.7109375,2053775
2023-09-25,40414.70910079442,40414.70910079442,39405.44095698435,39580.96484375,1170060
2023-09-26,39756.494248773444,39756.494248773444,38791.10124155979,38922.74609375,1264156
2023-09-27,38922.746001200314,39229.914746732524,38834.984054372806,38966.62890625,1216826
2023-09-28,38922.74609375,39229.914840012585,38834.98414671381,38922.74609375,783871
2023-09-29,38966.62899890402,39273.797745166616,38791.10124155979,38922.74609375,611455
2023-10-02,38922.74697183624,39186.03668215642,38440.05432061187,38571.6953125,775419
2023-10-03,38308.40688319295,38396.16882629324,36465.390625,36465.390625,1505876
2023-10-04,35982.69591751084,37694.07127708488,35982.69591751084,37299.13671875,1006209
2023-10-05,37299.134786712384,37606.30351843628,36465.39053442301,36509.2734375,592862
2023-10-06,36509.27600490468,37299.137409661686,36158.22434541714,37035.8515625,625654
2023-10-09,37035.84819054467,37123.61013160821,36684.79656301888,36816.44140625,788604
2023-10-10,37035.85188762248,37299.137737095436,36772.56217487752,36904.20703125,987840
2023-10-11,37299.13387951021,37299.13387951021,36640.91352899489,36860.3203125,1259310
2023-10-12,36904.20680072389,37211.37555482625,36772.56194517375,36991.96875,1144817
2023-10-13,37035.8508764653,37299.13671875,36948.08506576518,37299.13671875,1157326
2023-10-16,37299.134650431464,37299.134650431464,36202.10071023176,36553.15234375,1096924
2023-10-17,36772.559904709575,37035.849601200236,36245.984375,36245.984375,1102671
2023-10-18,36245.98323754342,36289.86614000533,35105.06640625,35105.06640625,1640315
2023-10-19,35280.59375,35631.64537587218,34841.78018347768,35280.59375,1318022
2023-10-20,35280.59696654569,35543.8828125,34710.138505403425,35543.8828125,1102558
2023-10-23,35368.359375,35543.88327458476,35192.835475415246,35368.359375,796492
2023-10-24,35236.71235614813,36377.629223245334,35236.71235614813,36245.984375,1031564
2023-10-25,36245.985567523414,36509.27527267653,35763.2890625,35763.2890625,835934
2023-10-26,35105.06911377685,35894.93437610931,34227.44576629537,35587.765625,2226754
2023-10-27,35587.762513479014,36860.3203125,35280.593789226186,36860.3203125,1008012
2023-10-30,36772.56055261712,36772.56055261712,35982.6953125,35982.6953125,609202
2023-10-31,35982.69313847277,36421.506704995096,35280.59375,35280.59375,614160
2023-11-01,35894.93160766301,35894.93160766301,34841.78058129342,35105.06640625,395429
2023-11-02,35851.052939985195,36553.15234375,35631.64615194526,36553.15234375,777786
2023-11-03,37079.72818229865,37079.72818229865,36421.5078125,36421.5078125,634895
2023-11-06,36553.152030649326,37035.84850551126,36509.27299138019,36684.796875,661377
2023-11-07,36860.32075861981,36860.32075861981,36421.507186298644,36684.796875,598721
2023-11-08,36553.15352436758,37737.94944539623,36465.39157897134,37650.1875,1089374
2023-11-09,37737.94953755172,37869.59438760345,37386.897891837725,37606.3046875,852725
2023-11-10,37211.37546060779,37650.18906914922,36948.08575017415,37035.8515625,707017
2023-11-13,37035.85175027082,37474.66536103703,36816.44494488772,36948.0859375,534037
2023-11-14,37079.72883732368,38132.883765568855,37079.72883732368,37737.94921875,1771036
2023-11-15,38089.002250814745,38747.22265625,37913.47835467411,38747.22265625,1633103
2023-11-16,38834.98153772266,38966.62638106878,38132.882145329364,38396.16796875,1093431
2023-11-17,38615.57662590217,38615.57662590217,37343.01875947728,37650.1875,1363210
2023-11-20,36860.32173429212,38483.93122220215,36860.32173429212,37869.59375,912563
2023-11-21,38352.28850832384,38571.6953125,37737.95100193938,38571.6953125,928790
2023-11-22,38571.692165631895,38615.57506819573,38088.99955378795,38264.5234375,831764
2023-11-23,38615.57639398509,38615.57639398509,37737.94921875,37737.94921875,851147
2023-11-24,37737.94783436956,38308.40625,37211.37232119978,38308.40625,913915
2023-11-27,38308.407655307165,38308.407655307165,37562.42532901169,37737.94921875,842470
2023-11-28,38570.90431949807,38570.90431949807,37779.70628217504,38422.5546875,833900
2023-11-29,38570.9061903626,38867.60546875,38472.006430900125,38867.60546875,811800
2023-11-30,38570.90431949807,39065.40309282497,38373.104810167315,38422.5546875,726300
2023-12-01,38472.00512571383,39065.40366235723,38422.55524766022,38966.50390625,761100
2023-12-04,39065.40618129711,39362.10546875,38917.056537570665,39362.10546875,711900
2023-12-05,39362.10354271753,39461.00330036255,38966.50451213745,39213.75390625,654400
2023-12-06,39213.753198242186,39955.5013671875,38966.50380859375,39559.90234375,1157100
2023-12-07,39906.05139220289,40548.89980372537,39559.90224753695,40153.30078125,1955000
2023-12-08,40153.3031026253,41537.89976133651,40153.3031026253,41439.0,2406400
2023-12-11,41537.89855072464,41735.69806763285,40895.05012077295,40944.5,1589400
2023-12-12,41043.40095465394,41587.349642004774,40746.70167064439,41439.0,956500
2023-12-13,41439.00006573017,41537.89982722356,40153.30316631611,41142.30078125,793400
2023-12-14,41191.750661996695,41340.10030423678,40845.601496769836,41142.30078125,779800
2023-12-15,40993.94855986445,41241.197948042165,40796.14904932229,41043.3984375,562000
2023-12-18,40598.352224657014,41043.40115282012,40054.40353467988,40548.90234375,678400
2023-12-19,40548.89970797937,41043.39848490595,40103.85080874545,40746.69921875,823300
2023-12-20,41439.000132415254,41537.8998940678,40351.10275423729,40845.6015625,1024900
2023-12-21,40449.99985982356,41438.99741140849,40449.99985982356,41340.09765625,1136900
2023-12-22,41340.09691548881,41982.9453125,40944.49790194346,41982.9453125,1189100
2023-12-25,42032.39700882523,42823.59507016782,41537.89822048611,42724.6953125,1173400
2023-12-26,42724.69404069767,43070.8431822311,42230.19526707849,42526.89453125,1163800
2023-12-27,42329.09502180233,42724.69404069767,42329.09502180233,42526.89453125,938900
2023-12-28,42526.894576990635,42675.24420923595,42230.1953125,42230.1953125,1099500
2023-12-29,42230.19776965726,42922.49609375,41834.598727318546,42922.49609375,882100
2024-01-01,42922.49609375,42922.49609375,42922.49609375,42922.49609375,0
2024-01-02,42922.49355014535,43120.29305959302,42230.19526707849,42526.89453125,1112000
2024-01-03,42922.494720319635,43614.79302226027,42526.89569063927,43318.09375,1559300
2024-01-04,43416.99549863975,44504.89288015464,43120.29621277205,43169.74609375,3213200
2024-01-05,43219.192591292136,44455.43951896067,43219.192591292136,44010.390625,1329800
2024-01-08,44307.09213362069,45988.388040476835,44158.74249478044,45889.48828125,1949000
2024-01-09,46482.88757125407,46482.88757125407,45543.33984375,45543.33984375,1741100
2024-01-10,45543.33766811709,47274.0833992616,45493.88779008439,46878.484375,2141800
2024-01-11,46680.68501344086,46730.13489163306,45691.68744959677,45988.38671875,3385600
2024-01-12,45394.98696501359,46680.68376358696,44554.339058254074,45493.88671875,3074500
2024-01-15,45543.34037184817,46482.88811024678,45543.34037184817,46087.2890625,1335700
2024-01-16,45543.34030600346,46433.43816214686,45543.34030600346,46383.98828125,1130700
2024-01-17,46037.835891642215,46482.8847885539,45790.58650446905,46334.53515625,1463000
2024-01-18,46334.538268914475,47323.535884046054,46136.73874588816,46977.38671875,2278300
2024-01-19,47372.98214173772,49301.52734375,46680.68386409228,49301.52734375,2954000
2024-01-22,49400.427757906626,49647.67714608434,48164.18081701807,49252.078125,2365400
2024-01-23,48955.380226783906,49252.07950088563,48114.7322834957,48856.48046875,2182200
2024-01-24,47966.381446510735,48658.67973542945,47916.931568730826,48361.98046875,1868700
2024-01-25,48361.98046875,48361.98046875,48361.98046875,48361.98046875,0
2024-01-26,47867.481039325845,48411.4296875,47867.481039325845,48411.4296875,812400
2024-01-29,48361.983115695584,48658.682398613964,47966.384071804416,48164.18359375,984500
2024-01-30,48263.08275283798,48361.9825125774,47669.684194401445,47916.93359375,1121300
2024-01-31,47966.38164144392,48263.08090932914,46977.38408182652,47175.18359375,1673600
2024-02-01,46977.38611937831,47422.43504050926,46631.23695849868,46730.13671875,1542600
2024-02-02,46730.13671875,46730.13671875,46730.13671875,46730.13671875,0
2024-02-05,46581.78427704265,48856.47862602775,46532.3343998908,48114.73046875,2249900
2024-02-06,48263.08203125,48263.08203125,47471.883965163935,48263.08203125,1527400
2024-02-07,48263.08005617977,48510.32944171348,48065.28054775281,48411.4296875,1859200
2024-02-08,48411.4296875,48411.4296875,48411.4296875,48411.4296875,0
2024-02-09,48411.4296875,48411.4296875,48411.4296875,48411.4296875,0
2024-02-15,48411.4296875,48708.12895014045,47916.93091643258,48411.4296875,1625600
2024-02-16,48460.880937821836,48460.880937821836,47768.5826387101,48015.83203125,1353000
2024-02-19,48213.63334733139,49746.57963837475,47719.13454376902,48757.58203125,3283300
2024-02-20,48955.380226783906,49647.67853302125,48856.48046875,48856.48046875,1569300
2024-02-21,49202.62890625,49252.07878454774,48361.98097518844,49202.62890625,1850900
2024-02-22,49252.07878454774,49350.97854114322,48955.379514761305,49202.62890625,1596200
2024-02-23,49252.08028846154,52614.672115384616,48757.58149038462,51427.875,6935200
2024-02-26,52219.07147854478,53900.36734054338,51427.873425839556,53010.26953125,1533000
2024-02-27,53109.16939121462,53405.868661556604,52416.87109375,52416.87109375,1742700
2024-02-28,52614.670454545456,54197.06655844156,51724.5726461039,53306.96875,2342300
2024-02-29,53306.968904775946,53405.868661556604,52416.87109375,52416.87109375,1337300
2024-03-01,52713.57157564253,53702.56916617991,51823.47374415888,52911.37109375,1246100
2024-03-04,53010.27085280374,53900.36868428739,51922.37350321262,52911.37109375,2330400
2024-03-05,52911.370921415444,53801.46875,52317.97236902574,53801.46875,1200400
2024-03-06,53405.86971507353,54197.06778492647,52911.370921415444,53801.46875,1585300
2024-03-07,53801.46763602251,53801.46763602251,52614.670555816134,52713.5703125,2125200
2024-03-08,52812.47182301859,52812.47182301859,49054.28094422701,50537.77734375,2740700
2024-03-11,51230.075788985145,51823.474350247525,49944.37890625,49944.37890625,1478700
2024-03-12,50043.27836538462,51526.774759615386,49944.378605769234,51427.875,1210100
2024-03-13,51625.67439995247,52021.2734375,51230.07536240494,52021.2734375,1398100
2024-03-14,52911.37145641925,52911.37145641925,50834.47650205513,51131.17578125,1482400
2024-03-15,51032.27334770115,52219.07040229885,50438.8748204023,51625.671875,1433700
2024-03-18,51427.875,52219.07307692308,49350.980048076926,51427.875,1481000
2024-03-19,51526.77221111918,51526.77221111918,50438.87490915698,51032.2734375,765300
2024-03-20,51032.274498820756,52515.77085053066,49944.37717423349,52416.87109375,3132600
2024-03-21,52614.67060731132,52812.47012087264,52219.071580188676,52416.87109375,1857100
2024-03-22,52713.57016115083,56076.16187874769,52713.57016115083,53603.66796875,4361200
2024-03-25,53603.66817511792,54889.365013266506,52120.17182340802,52416.87109375,1262200
2024-03-26,52416.87109375,53306.968904775946,52416.87109375,52416.87109375,1409500
2024-03-27,52713.56912946429,52713.56912946429,51922.37109375,51922.37109375,1607900
2024-03-28,52614.67199382129,53306.97030952947,51922.373678113116,52021.2734375,1358700
2024-03-29,52614.67076535509,52614.67076535509,51427.873680422264,51526.7734375,1788300
2024-04-01,51625.673194577736,52120.17197996641,51131.174409189065,51526.7734375,1362900
2024-04-02,51328.97265625,51823.4714294316,50933.373637704724,51328.97265625,1576300
2024-04-03,51427.87254901961,51724.57181372549,50438.875,50438.875,1496500
2024-04-04,51230.073039215684,51230.073039215684,50438.875,50438.875,1093500
2024-04-05,50339.97800983566,50339.97800983566,49647.6796875,49647.6796875,1654900
2024-04-08,49647.679564468504,51032.27620570866,49449.88004429134,50241.078125,904800
2024-04-09,50537.77576494307,52120.171875,50241.0764943074,52120.171875,1751000
2024-04-10,52219.07307692308,52219.07307692308,51328.975240384614,51427.875,1193200
2024-04-11,50933.37474204009,52812.47012087264,50735.575228478774,52416.87109375,2276400
2024-04-12,52416.86973314607,53900.36604634832,52219.0702247191,52812.46875,3374100
2024-04-15,52713.57097271127,53900.36806778169,49153.1796875,49153.1796875,2541500
2024-04-16,49153.17957877734,50636.675944334,48905.93018451789,49746.578125,2349900
2024-04-17,50339.97847095894,50438.87823219854,47471.885395010395,47570.78515625,1973200
2024-04-19,47372.98235522234,48955.37842554292,46581.78432006205,47818.03125,2170000
2024-04-22,48263.080526447106,49548.77734375,48263.080526447106,49548.77734375,1298900
2024-04-23,48658.68095268219,49944.377807122975,47966.382646444836,48856.48046875,2273300
2024-04-24,48905.93023828125,49845.4779375,48807.03048046875,49449.87890625,1416800
2024-04-25,49202.630890877015,49746.57957409274,48757.58196824597,49054.28125,1053600
2024-04-26,49054.27870934959,49548.77748666159,48559.7799320376,48658.6796875,774500
2024-04-29,48658.6796875,48658.6796875,48658.6796875,48658.6796875,0
2024-04-30,48658.6796875,48658.6796875,48658.6796875,48658.6796875,0
2024-05-02,48757.5794429624,49153.178464811994,48312.5305433816,48658.6796875,568700
2024-05-03,49103.72858708079,49350.97797573679,48460.88017657521,48658.6796875,700800
2024-05-06,48757.58178372525,49944.37890625,48757.58178372525,49944.37890625,1192000
2024-05-07,50043.277453125,50438.876484375,49449.87890625,49449.87890625,1069500
2024-05-08,49548.77739081325,50241.07567771084,49252.078125,49252.078125,1057600
2024-05-09,49746.57694917929,49746.57694917929,48955.37890625,48955.37890625,970600
2024-05-10,49054.280708460756,49202.630347700055,48411.432271757134,48510.33203125,827700
2024-05-13,48658.67978395062,48955.37905092593,47966.381494341564,48065.28125,1663700
2024-05-14,48263.083484927236,48658.68252988566,47521.3352756302,47570.78515625,1948300
2024-05-15,47916.931616512345,48411.43039480453,47818.03186085391,48065.28125,1393000
2024-05-16,48609.232327368954,49746.57957409274,48510.33256678427,49054.28125,2097300
2024-05-17,49103.7305281155,49153.18040780142,48658.68161094225,48807.03125,1518300
2024-05-20,49054.28125,50142.178616431454,48955.381489415326,49054.28125,2191900
2024-05-21,49449.87890625,49746.5781796875,48856.480359375,49449.87890625,1794700
2024-05-22,49944.37641189759,50636.67469879518,49202.62824736445,49252.078125,2428000
2024-05-23,49252.07817234848,49647.67719381313,48856.47915088384,48955.37890625,1788900
2024-05-24,49054.27870934959,50043.27626397358,47966.38139926321,48658.6796875,2175600
2024-05-27,48856.479246549075,48856.479246549075,48015.831324290644,48361.98046875,763200
2024-05-28,48460.88149185336,48658.68100814664,48065.282459266804,48559.78125,1230700
2024-05-29,48905.92917309671,48905.92917309671,48065.28125,48065.28125,1388900
2024-05-30,47867.48188548218,47966.38164144392,46878.48432586478,47175.18359375,2092000
2024-05-31,47175.183693272294,47768.58223029459,46581.78515625,46581.78515625,1967800
2024-06-03,46581.78515625,46581.78515625,46581.78515625,46581.78515625,0
2024-06-04,47323.534553079044,47669.683708639706,47026.835276884194,47076.28515625,1112900
2024-06-05,47372.98376836306,47669.68304039874,47125.734375,47125.734375,1799400
2024-06-06,47175.18485777662,47570.783892223386,47175.18485777662,47372.984375,1413000
2024-06-07,47570.78195353403,47768.58146269633,47175.18293520942,47224.6328125,1233400
2024-06-10,47323.53388969045,48015.83219110703,47026.83461765477,47125.734375,2062700
2024-06-11,47274.084064809926,47323.53394353881,46680.68552006336,46829.03515625,2535500
2024-06-12,47076.285099164925,47422.434254305845,46482.88654749478,47372.984375,2649200
2024-06-13,47818.03125,47818.03125,47372.98235522234,47818.03125,2615400
2024-06-14,47867.48457236842,48213.63373766447,46977.38671875,46977.38671875,2240900
2024-06-17,46977.38428259408,46977.38428259408,45988.38671875,45988.38671875,2812800
2024-06-18,46186.18623151882,46532.33537886425,45988.38671875,45988.38671875,1468000
2024-06-19,46285.08737798264,46285.08737798264,45345.53966411334,45592.7890625,2599500
2024-06-20,45493.88942307692,45691.688942307694,44851.040985576925,44999.390625,2671200
2024-06-21,45098.2890625,45938.936994586074,45048.839184141994,45098.2890625,1540200
2024-06-24,45493.888194444444,45840.037343749995,44504.890625,44504.890625,1951000
2024-06-25,44900.48845800339,45197.18772094174,43070.84300321691,43713.69140625,2891100
2024-06-26,43763.14123946629,44307.08988764045,43515.89185393258,44010.390625,1689800
2024-06-27,44208.191512542515,44504.89078443877,43614.79296875,43614.79296875,1573600
2024-06-28,43614.79245845376,44109.29123916185,42774.14453125,42774.14453125,2120500
2024-07-01,42823.59366101936,43416.9921875,42526.89439777904,43416.9921875,1236800
2024-07-02,43763.14421106557,45296.090505464475,43565.344689207646,45246.640625,3612500
2024-07-03,45493.89036016949,46680.6875,45048.841432733054,46680.6875,4601800
2024-07-04,46482.8866609408,46878.48569635306,46285.08714323467,46779.5859375,2666100
2024-07-05,46829.03581692653,47669.68376717759,46581.78641979387,46779.5859375,4622000
2024-07-08,47026.83539311835,47274.08479055851,46235.63732130984,46482.88671875,1981700
2024-07-09,46977.38671875,47471.88552631579,46383.98814967105,46977.38671875,2572300
2024-07-10,47323.536018290244,47372.9858991871,46383.98828125,46383.98828125,2019900
2024-07-11,46927.93435329861,46927.93435329861,46285.0859375,46285.0859375,1293700
2024-07-12,46383.988348310086,46680.68763412017,45741.139895721564,46087.2890625,1435600
2024-07-15,46482.884834854995,46532.33471233888,45790.58655008056,46037.8359375,1185400
2024-07-16,46285.085233297985,47768.58155487805,45988.38596898197,46631.234375,4079700
2024-07-17,47372.98305664063,49449.8779296875,47026.83391113282,47471.8828125,7855000
2024-07-18,48065.28257087629,48757.58087951031,47323.534383054124,47966.3828125,3362700
2024-07-19,48263.08090932914,48460.88042125262,46977.38408182652,47175.18359375,3082700
2024-07-22,47175.18359375,48164.181153367404,46680.6848139413,47175.18359375,3438100
2024-07-23,47274.08228600543,47719.13117781929,44010.390412703804,45493.88671875,3359700
2024-07-24,44504.8917095987,46334.53725765998,44504.8917095987,45592.7890625,2478000
2024-07-25,45938.93561056386,45938.93561056386,44999.38795006793,45493.88671875,1465000
2024-07-26,45790.586596283785,46037.835983952704,45345.537698479726,45741.13671875,1238300
2024-07-29,45840.03698497213,46730.13479050557,45840.03698497213,46581.78515625,1045400
2024-07-30,46829.034597021906,46829.034597021906,45988.386668669875,46285.0859375,2282100
2024-07-31,46482.886603860294,47867.483226102944,46383.986845128675,47076.28515625,3161200
2024-08-01,47372.983256543805,48361.9808193109,46285.0859375,46285.0859375,3825500
2024-08-02,45988.385880235604,47224.6328125,45988.385880235604,47224.6328125,1968800
2024-08-05,46383.98713733731,46680.6864154013,44504.8917095987,45592.7890625,2723100
2024-08-06,45889.487566844924,47125.73453793449,45345.53889956551,46235.63671875,1806100
2024-08-07,46878.485873518315,46878.485873518315,45493.889244342674,45889.48828125,2145000
2024-08-08,45988.38548743207,46285.084748641304,45197.187457540764,45493.88671875,1424000
2024-08-09,46482.88677730193,46482.88677730193,45840.03834314775,46186.1875,1050900
2024-08-12,46186.18618122329,46829.034597021906,45988.386668669875,46285.0859375,1358400
2024-08-13,46482.88744306002,46631.237083835746,45988.38864047427,46136.73828125,1015400
2024-08-14,46285.08654357067,47224.63424050213,46285.08654357067,46532.3359375,1703800
2024-08-15,46532.3373233186,46927.93636538719,46136.73828125,46136.73828125,1004300
2024-08-16,46235.638507401316,47521.335407072365,46235.638507401316,46977.38671875,2382200
2024-08-19,47274.08461638831,47966.38292667014,47076.285099164925,47372.984375,2107200
2024-08-20,47768.5825359232,48658.68034715158,47620.23290071847,48609.23046875,4359400
2024-08-21,48905.930131392044,50241.07685894269,48510.33110100667,50043.27734375,6170900
2024-08-22,50438.87642892644,50735.57570203777,49350.97909418489,49746.578125,2738000
2024-08-23,49647.67962561881,50241.07818688119,49548.77986540842,49944.37890625,2273200
2024-08-26,50241.078249501996,50339.97800983566,49548.77992716634,49647.6796875,2246500
2024-08-27,49746.57957409274,49746.57957409274,48559.78244707661,49054.28125,4159800
2024-08-28,49054.28125,49746.57957409274,48955.381489415326,49054.28125,1206100
2024-08-29,48757.58203125,50043.27892051217,48757.58203125,48757.58203125,1686100
2024-08-30,49004.8288798888,49153.17851322853,48361.98046875,48361.98046875,1798000
2024-09-04,47966.38079353933,48905.92845856742,47620.231653792136,48411.4296875,1971000
2024-09-05,48213.6334742364,48955.38168153234,48065.283832777204,48164.18359375,1899400
2024-09-06,48164.183466975155,48955.38155267495,48114.73358661892,48757.58203125,2361500
2024-09-09,48658.6816704893,49004.83082871432,48361.9823920107,48510.33203125,1202400
2024-09-10,48757.58087951031,48757.58087951031,47916.93293331186,47966.3828125,2399900
2024-09-11,47916.93166488742,48114.731176403984,47471.882763975154,47768.58203125,1405800
2024-09-12,47966.38088159256,48164.18039038263,47818.03125,47818.03125,1105200
2024-09-13,47669.68359375,48015.8327484764,47669.68359375,47669.68359375,747400
2024-09-16,47669.68170811518,48065.28072643979,47224.6328125,47224.6328125,1570700
2024-09-17,47274.08574499487,48164.18359375,46977.38646207649,48164.18359375,1363300
2024-09-18,48263.08263251784,48905.93106922146,47966.383354039244,48510.33203125,1836300
2024-09-19,48658.67902918781,48856.478537436546,48263.080012690356,48708.12890625,1356100
2024-09-20,48955.38094896789,49350.97998693935,48510.33203125,48510.33203125,2652200
2024-09-23,48510.33275715477,48856.48192055955,48164.18359375,48164.18359375,1217700
2024-09-24,48411.4296438769,48708.12890625,47966.38075031726,48708.12890625,1414200
2024-09-25,49153.1796328125,49845.4779375,48807.03048046875,49449.87890625,5257900
2024-09-26,49746.5781796875,50241.07696875,49301.52926953125,49449.87890625,4232600
2024-09-27,49746.57685410429,51131.17342658433,49449.877588572854,49548.77734375,3204000
2024-09-30,49548.778719190144,49647.67847711268,49054.27992957747,49153.1796875,2190600
2024-10-01,49153.1796875,50142.17726672535,49153.1796875,49153.1796875,2817700
2024-10-02,49153.178369728914,49647.67714608434,49054.27861445783,49252.078125,1835200
2024-10-03,49252.07817234848,50241.0757260101,48955.37890625,48955.37890625,3503800
2024-10-04,48955.37895388719,49054.27870934959,48609.2298097688,48658.6796875,2164800
2024-10-07,48955.38094896789,48955.38094896789,48460.88215150357,48510.33203125,1492500
2024-10-08,48510.33010208972,48807.029368769174,48263.08071319018,48361.98046875,1900100
2024-10-09,48658.680295753285,49054.27932254803,48263.081268958544,48905.9296875,2190900
2024-10-10,49400.428419440956,49400.428419440956,48856.47975816583,49202.62890625,2650400
2024-10-11,49301.52937990258,49301.52937990258,48757.580710716094,48856.48046875,1539800
2024-10-14,48955.380226783906,49202.62962186868,48856.48046875,48856.48046875,1161900
2024-10-15,48955.3801171875,50438.876484375,48955.3801171875,49449.87890625,6928400
2024-10-16,49449.87697467402,49944.375744420766,49252.07746677533,49301.52734375,1791000
2024-10-17,49647.67836729622,49746.578125,49004.82994222167,49746.578125,2118900
2024-10-18,50142.17715581511,50438.87642892644,49746.578125,49746.578125,3395100
2024-10-21,49449.87962613293,49647.67914463746,49103.73046875,49103.73046875,2125200
2024-10-22,49153.180528846155,49153.180528846155,48164.18293269231,48213.6328125,3371900
2024-10-23,48213.6335388688,48213.6335388688,47471.88533057851,47867.484375,2397200
2024-10-24,47570.78256835938,48312.53073730469,47471.8828125,47471.8828125,1465200
2024-10-25,47521.335407072365,47768.58481085526,46977.38671875,46977.38671875,1696500
2024-10-28,46977.38671875,47224.636122532895,46779.58719572368,46977.38671875,1726200
2024-10-29,47175.18557768139,47916.933778588325,46977.38605743954,47026.8359375,2176400
2024-10-30,47125.73371576913,47669.6823735587,47125.73371576913,47175.18359375,1415800
2024-10-31,47471.88219895288,47916.93109456806,47125.73305791885,47224.6328125,1792200
2024-11-01,47471.88219895288,47570.78195353403,47026.8333033377,47224.6328125,1543200
2024-11-04,47224.63347173087,47669.6823735587,47026.83395980739,47175.18359375,1337100
2024-11-05,47175.1836431962,47372.983155327005,46829.0344969673,46878.484375,1526000
2024-11-06,47076.28313605619,47620.23178573751,47076.28313605619,47521.33203125,1082600
2024-11-07,47867.483226102944,47867.483226102944,47076.28515625,47076.28515625,1263600
2024-11-08,47175.1836431962,47372.983155327005,46482.8853507384,46878.484375,2648700
2024-11-11,46878.48452620968,46977.38428259408,45889.48696236559,45988.38671875,2600300
2024-11-12,45988.38544478942,46334.53458254589,45790.5859375,45790.5859375,1686200
2024-11-13,45790.5879181338,45988.387433978874,45345.539007482395,45642.23828125,1816400
2024-11-14,45741.13882211538,45741.13882211538,44999.390625,44999.390625,1998500
2024-11-15,45098.28921979866,45098.28921979866,44208.19140625,44208.19140625,2255800
2024-11-18,44158.7409176392,45098.28859673791,43960.94140625,43960.94140625,1914300
2024-11-19,44702.69152886771,44702.69152886771,44109.29296875,44109.29296875,1457400
2024-11-20,44208.191354166665,45345.53855902777,44010.39184027778,44504.890625,2188800
2024-11-21,44603.78967406285,45147.73832862459,44603.78967406285,44851.0390625,1472400
2024-11-22,45296.087253829326,45296.087253829326,44752.13860776806,45197.1875,1874700
2024-11-25,45197.18948099616,45296.08923916026,44999.38996466795,45048.83984375,1110400
2024-11-26,44999.388555743244,45741.13671875,44999.388555743244,45741.13671875,1839300
2024-11-27,45741.13930184735,45938.93882315264,45543.33978054207,45840.0390625,1214900
2024-11-28,45988.38809991866,46037.837979595985,45592.7890625,45592.7890625,1284700
2024-11-29,45592.78829378342,46235.63671875,45345.53889956551,46235.63671875,1443200
2024-12-02,46383.98574428763,46581.78525705645,45988.38671875,45988.38671875,1314100
2024-12-03,45988.38876730456,45988.38876730456,45543.33984375,45543.33984375,1400100
2024-12-04,45592.78991901993,45642.239799626244,44653.2421875,44653.2421875,2399100
2024-12-05,44801.58844259511,46285.084748641304,44801.58844259511,45493.88671875,2427400
2024-12-06,45889.48953862661,46433.43822927843,45889.48953862661,46087.2890625,2497200
2024-12-09,46136.73762044968,46482.88677730193,46087.28774089936,46186.1875,1717700
2024-12-10,46285.08659759358,46829.035264873,46235.63671875,46235.63671875,1943300
2024-12-11,46433.43822927843,46482.88811024678,45988.3893005633,46087.2890625,1286600
2024-12-12,38170.40320825534,38538.20985439353,38088.66796875,38088.66796875,2341713
2024-12-13,38047.80015196154,38252.14019167662,37925.19921875,37925.19921875,1673309
2024-12-16,38415.60956504431,38619.94573556684,38170.4038424542,38211.26953125,3929112
2024-12-17,38415.60892677137,38538.20985439353,38088.66796875,38088.66796875,2721048
2024-12-18,38293.00390625,38415.60869640866,38170.40297936303,38293.00390625,2009931
2024-12-19,38129.53297609204,38211.26821413806,37925.19681261281,37966.0625,3274260
2024-12-20,38006.93205065883,38170.40252675087,37884.32726195398,37966.0625,3622014
2024-12-23,38472.00394672927,38570.9036998057,38076.404934423575,38175.3046875,2895400
2024-12-24,38274.207154281496,38422.55679441437,37631.35871370571,37680.80859375,3216000
2024-12-25,37779.70888583441,39362.10506953428,37680.80912435317,38224.7578125,5277300
2024-12-26,38521.45637019231,38917.05540865385,38373.106730769236,38570.90625,3884200
2024-12-27,38818.153660799806,39065.40304717433,38669.80402897509,38719.25390625,2859500
2024-12-30,38669.80416666666,38719.254044117646,37829.15625,37829.15625,4011800
2024-12-31,38076.407082223704,38323.65647886152,37136.859375,37136.859375,3416900
2025-01-02,37779.70703125,38224.75593606839,37483.007761371075,37779.70703125,3160500
2025-01-03,37779.70703125,38175.30605775523,37779.70703125,37779.70703125,3698500
2025-01-06,37878.60668693621,38719.25461601965,37779.706930573455,38373.10546875,4820800
2025-01-07,38669.80699837562,40054.40366839418,38620.35711730352,39955.50390625,10448400
2025-01-08,39955.50065830235,39955.50065830235,39213.75250251704,39906.05078125,3125200
2025-01-09,39461.00324624531,39609.35288250939,38917.05457994368,39510.453125,3599100
2025-01-10,39461.002737372124,39461.002737372124,38669.8046875,38669.8046875,3114500
2025-01-13,38669.805949825066,38917.05534848123,37977.50763358779,38867.60546875,2461400
2025-01-14,38768.70576923077,38768.70576923077,38472.006490384614,38570.90625,957600
2025-01-15,38768.70703125,38768.70703125,38175.30845424107,38768.70703125,1485800
2025-01-16,38768.70703125,38768.70703125,38175.30845424107,38768.70703125,1485800
2025-01-17,38768.70696202532,39065.40625,38620.357318037975,39065.40625,1572900
2025-01-20,39015.9549900141,39658.80342457707,38966.50511043233,39461.00390625,2854300
2025-01-21,39609.35487496074,39609.35487496074,39065.40618129711,39362.10546875,2139600
2025-01-22,39362.10553797468,39362.10553797468,39015.956368670886,39065.40625,2020900
2025-01-23,39065.40486959586,39658.80342457707,39015.9549900141,39461.00390625,2925500
2025-01-24,39461.00258789062,39559.90234375,39312.65295410156,39559.90234375,2333900
2025-01-27,39559.90234375,39559.90234375,39559.90234375,39559.90234375,0
2025-01-28,39559.90234375,39559.90234375,39559.90234375,39559.90234375,0
2025-01-29,39559.90234375,39559.90234375,39559.90234375,39559.90234375,0
2025-01-30,39559.90234375,39559.90234375,39559.90234375,39559.90234375,0
2025-01-31,39559.90234375,39559.90234375,39559.90234375,39559.90234375,0
2025-02-03,39263.2031745717,39461.00268678617,38669.804637928304,38966.50390625,3550500
2025-02-04,39065.40426978247,39658.80281565258,38719.25511802491,39213.75390625,4270900
2025-02-05,39461.00396543561,39510.45384509154,39114.854807844065,39164.3046875,2370300
2025-02-06,39213.75582502355,39559.90499371859,39164.30594378141,39362.10546875,3976100
2025-02-07,39362.104031635805,40351.10162037037,39362.104031635805,40054.40234375,8054000
2025-02-10,40054.40041240706,40746.69869114002,39658.80139598822,39906.05078125,4596700
2025-02-11,40054.4030052534,40301.6524065204,39658.80396322621,40004.953125,2873800
2025-02-12,39906.051489257814,40004.95124511719,39461.00258789062,39559.90234375,4336000
2025-02-13,39559.90234375,39807.15173339844,39461.00258789062,39559.90234375,2430100
2025-02-14,39906.05073800738,40400.54950799508,39708.2512300123,40202.75,4557800
2025-02-17,40202.75204057836,40202.75204057836,39708.253245491294,39757.703125,2273100
2025-02-18,39658.803308256174,40202.75198206019,39609.35342881944,40054.40234375,3320100
2025-02-19,40054.40163134945,40450.00065980722,39955.50187423501,40400.55078125,5452400
2025-02-20,40548.899755501225,40598.34963325183,40202.75061124694,40450.0,3398400
2025-02-21,40400.55012224939,40598.34963325183,40202.75061124694,40450.0,2988800
2025-02-24,40450.001264066304,40944.50005702555,40252.2017468826,40647.80078125,4168600
2025-02-25,40697.24868371212,40895.048191287875,40548.899053030305,40796.1484375,4348800
2025-02-26,40746.69921875,40796.149096442656,40499.449830286714,40746.69921875,3020100
2025-02-27,40746.698603479854,40845.5983573718,40449.999341804025,40499.44921875,2552300
2025-02-28,40499.44921875,40499.44921875,40252.199834020146,40499.44921875,3051600
2025-03-03,40499.44921875,40746.698603479854,40400.54946485806,40499.44921875,1966100
2025-03-04,40351.1015625,40450.00132123162,39955.50252757353,40351.1015625,3340100
2025-03-05,40252.19987699877,40697.2487699877,40004.95049200492,40202.75,2829800
2025-03-06,40202.751924402575,40450.00132123162,40103.852165670956,40351.1015625,2390500
2025-03-07,40351.10085054678,40697.25,40252.20109356015,40697.25,4622400
2025-03-10,40845.60024154589,41537.89855072464,40746.70048309179,40944.5,4881700
2025-03-11,40499.45108695652,40944.5,40301.65157004831,40944.5,3352200
2025-03-12,40895.0488997555,40944.498777506116,40400.55012224939,40450.0,3968100
2025-03-13,40450.00143812189,40450.00143812189,39658.80336598259,39757.703125,3981300
2025-03-14,39757.70438196163,39955.50390625,39609.35473874536,39955.50390625,2298100
2025-03-17,39955.50065830235,40103.85028945941,39708.25127304058,39906.05078125,3319900
2025-03-18,40054.401123046875,40153.30087890625,39559.90234375,39559.90234375,3419200
2025-03-19,39757.704518687184,39757.704518687184,39114.85606253926,39362.10546875,3182000
2025-03-20,39114.85606253926,39461.005231234296,39114.85606253926,39362.10546875,2255800
2025-03-21,39164.302756654,39362.10226552599,39015.953125,39015.953125,2407600
2025-03-24,39015.95383431905,39065.40371243606,38570.904931265984,38669.8046875,3733500
2025-03-25,38768.70434508816,39263.203125,38768.70434508816,39263.203125,2936500
2025-03-26,39164.30534924146,39411.5547516988,38966.5058272756,39114.85546875,2603800
2025-03-27,39213.75334678708,39213.75334678708,38669.8046875,38669.8046875,1862400
2025-03-28,38719.25456561701,38818.15432185102,38620.354809382996,38669.8046875,1401500
2025-03-31,38570.90564516129,38570.90564516129,38076.40685483871,38323.65625,2899600
2025-04-01,38472.006490384614,38570.90625,38274.20697115385,38570.90625,1367000
2025-04-02,38818.15570998869,38818.15570998869,38274.20703125,38274.20703125,3026000
2025-04-03,36592.91167534722,37483.00952690972,35603.9140625,35603.9140625,7520100
2025-04-04,33180.8699110243,35603.9140625,33180.8699110243,35603.9140625,6883200
2025-04-08,34614.91429570896,35109.41307136194,33131.41796875,33131.41796875,4706500
2025-04-09,30856.723757704163,34120.41569361518,30856.723757704163,32092.970703125,6519100
2025-04-10,34318.21484375,34318.21484375,34318.21484375,34318.21484375,635800
2025-04-11,36494.00978954082,36494.00978954082,35158.86308992347,36345.66015625,6947500
2025-04-14,36592.91015625,36592.91015625,35603.91258445946,36592.91015625,3547400
2025-04-15,36197.30991010274,36345.65954088185,35603.9113869863,36098.41015625,2999100
2025-04-16,35702.81382378472,35999.513107638886,35307.21477864583,35603.9140625,2914600
2025-04-17,34812.71408647141,35455.5625,34565.46469665272,35455.5625,3126800
2025-04-18,35801.71425156468,35851.16413312761,35455.56508062413,35554.46484375,3477600
2025-04-21,35554.462355939715,35603.91223404255,34713.814428191494,34862.1640625,2105600
2025-04-22,34763.26628717058,34812.71616809117,32439.12188390313,34713.81640625,3599300
2025-04-23,35356.661509900994,35356.661509900994,34614.91336633664,34961.0625,1849600
2025-04-24,34961.06508396509,35059.96484375,34516.016164933004,35059.96484375,2028700
2025-04-25,34911.61332589286,35010.513080357145,34614.9140625,34614.9140625,2684500
2025-04-28,34911.615389833576,34911.615389833576,34021.51754703328,34169.8671875,3320200
2025-04-29,34219.317067655575,34367.666708122284,33972.067666877716,34169.8671875,2440200
2025-04-30,34169.8671875,34169.8671875,34169.8671875,34169.8671875,0
2025-05-01,34169.8671875,34169.8671875,34169.8671875,34169.8671875,0
2025-05-02,34169.8671875,34169.8671875,34169.8671875,34169.8671875,0
2025-05-05,34169.8671875,34169.8671875,34169.8671875,34169.8671875,0
2025-05-06,34268.76688598458,34466.56640625,33922.61772552009,34466.56640625,1834700
2025-05-07,34516.01496557582,34812.714234620886,34169.86581835658,34565.46484375,2972100
2025-05-08,34417.11586676218,34516.015625,34219.316350286535,34516.015625,2129800
2025-05-09,34516.016164933004,35158.86460353491,34318.21664536319,35059.96484375,4666200
2025-05-12,35059.96484375,35059.96484375,35059.96484375,35059.96484375,0
2025-05-13,34713.814428191494,34911.61394060284,34614.91467198582,34862.1640625,3137300
2025-05-14,35059.96412905901,35406.11328125,34911.61449240572,35406.11328125,6592100
2025-05-15,35554.46450475634,37087.41081859145,35505.01462366489,37037.9609375,11855500
2025-05-16,37087.40756600936,37285.207073028076,36741.25842872661,36988.5078125,6223800
2025-05-19,36098.41019941298,36147.86007639848,35702.811183529004,35801.7109375,2742800
2025-05-20,36098.41019941298,36147.86007639848,35702.811183529004,35801.7109375,2742800
2025-05-21,35851.1608144855,35999.51044544199,35455.56179860152,35801.7109375,4650500
2025-05-22,35950.060568456494,36444.55933831146,35603.91142955801,35801.7109375,3685900
2025-05-23,35801.71358506945,35801.71358506945,35455.56442057292,35603.9140625,3481000
2025-05-26,35455.5625,35505.012377963736,34614.91457461646,35455.5625,2512800
2025-05-27,35455.5625,35505.012377963736,34614.91457461646,35455.5625,2512800
2025-05-28,35603.91399793388,35999.51304235537,35406.11447572314,35900.61328125,3546900
2025-05-29,36543.45904858733,36543.45904858733,35653.36126391267,36098.41015625,4671900
2025-05-30,36098.41081532922,36098.41081532922,35702.81179269547,36048.9609375,3029800
2025-06-02,35406.11460521709,35455.56448595063,35109.415320815824,35307.21484375,2796500
2025-06-03,35406.11460521709,35455.56448595063,35109.415320815824,35307.21484375,2796500
2025-06-04,35505.01171875,35752.26110397806,35406.111964658776,35505.01171875,2729300
2025-06-05,35603.91346153846,35702.81322115385,35257.764302884614,35356.6640625,3010300
2025-06-06,35505.013094190144,35505.013094190144,35059.96418353873,35109.4140625,250100
2025-06-09,34862.1640625,34961.063818705676,34614.91467198582,34862.1640625,1659900
2025-06-10,34862.1640625,34961.063818705676,34614.91467198582,34862.1640625,1659900
2025-06-11,34862.16472278942,35059.96423894709,34812.71484375,34812.71484375,1865600
2025-06-12,34911.61266271398,35010.51241529957,34614.9134049572,34664.36328125,1236800
2025-06-13,34713.813772574365,35010.51303558782,34713.813772574365,34911.61328125,1416400
2025-06-16,35158.863232217576,35505.012377963736,35059.9634762901,35455.5625,2707600
2025-06-17,35158.863232217576,35505.012377963736,35059.9634762901,35455.5625,2707600
2025-06-18,35603.911472841224,35801.71098102367,35455.56184170439,35505.01171875,3745800
2025-06-19,35505.01503330996,35653.36467829593,35208.31574333801,35257.765625,2595800
2025-06-20,35307.21352348114,35505.01303901886,35109.41400794344,35406.11328125,1873000
2025-06-23,35257.76298814505,35603.912133891215,35158.863232217576,35455.5625,2289600
2025-06-24,35257.76298814505,35603.912133891215,35158.863232217576,35455.5625,2289600
2025-06-25,35653.36394314236,35801.71358506945,35307.21477864583,35603.9140625,4416300
2025-06-26,35653.36201185495,35851.1615237099,35455.5625,35455.5625,3395300
2025-06-27,35505.014366684176,35554.464247417716,35208.31508228291,35307.21484375,2340200
2025-06-30,35950.06316180268,35950.06316180268,35801.71352014463,35900.61328125,4550000
2025-07-01,35950.06316180268,35950.06316180268,35801.71352014463,35900.61328125,4550000
2025-07-02,35950.063097677594,36444.561902322406,35851.163336748636,36197.3125,7013400
2025-07-03,36197.31123368819,36246.76111242273,35900.611961280905,35999.51171875,3804400
2025-07-04,36098.41280346074,36395.112086776855,35752.26363959194,35900.61328125,6056200
2025-07-07,36246.76225428427,36790.7109375,36246.76225428427,36790.7109375,11238100
2025-07-08,36246.76225428427,36790.7109375,36246.76225428427,36790.7109375,11238100
2025-07-09,36790.710875000004,37087.41015625,36592.91135416667,37087.41015625,7363100
2025-07-10,37235.7583698053,38026.95642281577,37087.408734865836,37779.70703125,11136600
2025-07-11,38076.4056372549,38274.20514705882,37631.356740196075,37829.15625,7732900
2025-07-14,38076.40817027813,38917.05614286869,37878.608647315654,38224.7578125,8309600
2025-07-15,38076.40817027813,38917.05614286869,37878.608647315654,38224.7578125,8309600
2025-07-16,38175.30739419291,38323.657034325784,37680.80859375,37680.80859375,5787900
2025-07-17,37483.00901285807,37977.5078125,37433.559132893875,37977.5078125,7121600
2025-07-18,38373.104234660575,38373.104234660575,37730.255838976824,37878.60546875,5679300
2025-07-21,38026.95775406004,38224.75727423721,37631.35871370571,37680.80859375,6201500
2025-07-22,38026.95775406004,38224.75727423721,37631.35871370571,37680.80859375,6201500
2025-07-23,37631.3560059849,38867.60291813946,37581.90612949872,38472.00390625,10824300
2025-07-24,38669.806070332685,38768.70583010336,38125.85739159399,38274.20703125,6983000
2025-07-25,38570.90431949807,39213.75272482304,38274.20505550193,38422.5546875,10953100
2025-07-28,38669.804637928304,39362.102930678935,38472.00512571383,38966.50390625,11057400
2025-07-29,38669.804637928304,39362.102930678935,38472.00512571383,38966.50390625,11057400
2025-07-30,39213.752266460564,39213.752266460564,36988.5078125,36988.5078125,15396400
2025-07-31,36988.51027312992,38373.10691437008,36889.61051304134,37680.80859375,9305000
2025-08-01,38076.40702402576,38076.40702402576,37087.40943898613,37433.55859375,6291400
2025-08-04,36790.71139947438,37829.158898653084,36790.71139947438,37631.359375,4467900
2025-08-05,36790.71139947438,37829.158898653084,36790.71139947438,37631.359375,4467900
2025-08-06,37977.50709677419,39757.702741935485,37779.70758064516,38323.65625,28540100
2025-08-07,38570.90743670886,39461.00530063291,38521.45755537975,39065.40625,6984500
2025-08-08,39263.20492119901,40054.4030052534,39065.40540018542,40004.953125,12283900
2025-08-11,40548.89995277078,40548.89995277078,38917.05397906171,39263.203125,16734500
2025-08-12,40548.89995277078,40548.89995277078,38917.05397906171,39263.203125,16734500
2025-08-13,40054.40088478915,41488.44733621988,40004.95100715361,41043.3984375,15346900
2025-08-14,41340.09970148126,41340.09970148126,39856.6033007104,40895.05078125,11836100
2025-08-15,41142.29744958482,42180.7448611729,40697.24855890421,41686.24609375,15166900
2025-08-18,40598.350959329044,40845.60035615809,40153.30204503676,40351.1015625,7511900
2025-08-19,40598.350959329044,40845.60035615809,40153.30204503676,40351.1015625,7511900
2025-08-20,40450.00065980722,41043.39920249388,40252.201145578336,40400.55078125,9924300
2025-08-21,40548.90241093366,41389.5503877457,39164.30574324325,40252.203125,14543200
2025-08-22,40548.9008015662,42131.2969304078,40450.00104351359,41834.59765625,17322300
2025-08-25,43416.99543635671,43416.99543635671,40548.90234375,40548.90234375,11310800
2025-08-26,43416.99543635671,43416.99543635671,40548.90234375,40548.90234375,11310800
2025-08-27,40548.89961498205,41389.547533829245,40103.85071676884,41340.09765625,11173900
2025-08-28,41686.24921053592,44010.39359119451,41389.54992789865,42329.09765625,14870300
2025-08-29,42576.347123161766,42774.14664522059,41785.14903492647,42032.3984375,5841200
2025-09-01,42032.3984375,42032.3984375,42032.3984375,42032.3984375,0
2025-09-02,42032.3984375,42032.3984375,42032.3984375,42032.3984375,0
2025-09-03,42625.795501077584,43416.993561422416,41587.348046875,43021.39453125,11349700
2025-09-04,42625.795501077584,43416.993561422416,41587.348046875,43021.39453125,11349700
2025-09-05,43268.64525579637,43466.44477696573,42675.24669228831,42922.49609375,7236000
2025-09-08,41241.197416974166,41389.54704797048,40202.75,40202.75,9074900
2025-09-09,41241.197416974166,41389.54704797048,40202.75,40202.75,9074900
2025-09-10,40202.75,40548.899138991386,39906.05073800738,40202.75,4248700
2025-09-11,40252.203125,40895.05157785627,40103.85348203317,40252.203125,5472700
2025-09-12,40351.09963099631,40351.09963099631,39411.55196801968,40202.75,5782600
2025-09-15,40598.35196515847,41735.69921875,40598.35196515847,41735.69921875,7330300
2025-09-16,40598.35196515847,41735.69921875,40598.35196515847,41735.69921875,7330300
2025-09-17,42032.39656101367,42230.196074241976,41537.897777942926,41587.34765625,7340200
2025-09-18,41537.899961890245,41933.49900914634,40548.90234375,40548.90234375,3700300
2025-09-19,40548.90107996324,40993.94999425551,40103.852165670956,40351.1015625,4684500
2025-09-22,39757.7042492378,40548.90234375,39164.30567835366,40548.90234375,7994300
2025-09-23,39757.7042492378,40548.90234375,39164.30567835366,40548.90234375,7994300
2025-09-24,40252.201145578336,40450.00065980722,40054.40163134945,40400.55078125,3466500
2025-09-25,40400.550074901395,40746.69921875,39757.70166489684,40746.69921875,4669500
2025-09-26,40697.24938875306,40697.24938875306,40351.100244498775,40450.0,2009200
2025-09-29,39807.151684630895,40103.85095184553,39658.80205102357,39856.6015625,2110500
2025-09-30,39807.151684630895,40103.85095184553,39658.80205102357,39856.6015625,2110500
2025-10-01,39757.70185546875,40103.85100097657,39164.3033203125,39559.90234375,3683900
2025-10-02,39559.90168539326,40202.7500877809,39362.10217696629,39609.3515625,1783000
2025-10-03,39708.254568656484,40252.20326137781,39559.90492518703,39658.8046875,2735400
2025-10-06,39856.603422162574,40450.00198427914,39609.35402128068,40301.65234375,3058100
2025-10-07,39856.603422162574,40450.00198427914,39609.35402128068,40301.65234375,3058100
2025-10-08,40548.90113811728,40548.90113811728,40004.95246431327,40054.40234375,2418400
2025-10-09,40450.00204728059,40450.00204728059,39807.1536039864,40004.953125,4602600
2025-10-10,40103.852165670956,40499.451200597425,39955.50252757353,40351.1015625,4346900
2025-10-13,40548.899755501225,40697.24938875306,40301.65036674817,40450.0,4326200
2025-10-14,41000.0,41150.0,40750.0,40900.0,4326200
2025-10-15,40600.0,40750.0,39600.0,39600.0,7724500
2025-10-16,39700.0,40150.0,39350.0,39350.0,4329400
2025-10-17,39350.0,39750.0,39200.0,39750.0,3801100
2025-10-20,38950.0,39050.0,36500.0,36500.0,7393700
2025-10-21,38950.0,39050.0,36500.0,36500.0,7393700
2025-10-22,36550.0,37500.0,36550.0,37050.0,4500300
2025-10-23,37500.0,37500.0,36500.0,37200.0,3971100
2025-10-24,37000.0,37450.0,36850.0,36900.0,2708600
2025-10-27,36950.0,37200.0,36500.0,36500.0,2062600
2025-10-28,36950.0,37200.0,36500.0,36500.0,2062600
2025-10-29,36600.0,37150.0,36600.0,37100.0,2793500
2025-10-30,37500.0,37900.0,37300.0,37800.0,3204200
2025-10-31,37950.0,38250.0,37600.0,37900.0,2599600
2025-11-03,37600.0,37800.0,37100.0,37100.0,2453800
2025-11-04,37100.0,38000.0,36900.0,37900.0,3482600
2025-11-05,37100.0,38000.0,36900.0,37900.0,3482600
2025-11-06,38700.0,38900.0,38350.0,38500.0,2392700
2025-11-07,38350.0,38650.0,37450.0,37500.0,3220900
2025-11-10,37500.0,38000.0,37300.0,37400.0,2337400
2025-11-11,37600.0,38150.0,37600.0,38000.0,2393800
2025-11-12,38200.0,38400.0,37800.0,38250.0,2029800
2025-11-13,38250.0,38450.0,38000.0,38300.0,1942700
2025-11-14,38200.0,38500.0,38200.0,38350.0,2234600
2025-11-17,38350.0,38550.0,38300.0,38400.0,1422700
2025-11-18,38500.0,38500.0,38250.0,38400.0,1451400
2025-11-19,38300.0,38450.0,38100.0,38100.0,1302400
2025-11-20,38200.0,38200.0,37900.0,37950.0,1467900
2025-11-21,37900.0,37900.0,37400.0,37600.0,1247000
2025-11-24,37600.0,37950.0,37600.0,37650.0,1091700
2025-11-25,37800.0,37800.0,37000.0,37000.0,1798100
2025-11-26,37050.0,37550.0,37050.0,37350.0,1237300
2025-11-27,37450.0,37700.0,37300.0,37550.0,1071300
2025-11-28,37550.0,37600.0,37100.0,37100.0,878600
2025-12-01,37200.0,37300.0,36950.0,36950.0,1458900
2025-12-02,36950.0,37050.0,36650.0,36850.0,1590300
2025-12-03,37000.0,38450.0,37000.0,38400.0,4011700
2025-12-04,37000.0,38450.0,37000.0,38400.0,4011700
2025-12-05,38300.0,38450.0,37800.0,37800.0,1626100
2025-12-08,37800.0,37950.0,37450.0,37500.0,1702000
2025-12-09,37500.0,37950.0,37100.0,37450.0,3264300
2025-12-10,37500.0,37900.0,37450.0,37700.0,1904100
2025-12-11,37700.0,38100.0,37600.0,37600.0,1133200
2025-12-12,37700.0,37700.0,37000.0,37000.0,1877500
2025-12-15,37050.0,37150.0,36900.0,37000.0,1243400
2025-12-16,37100.0,37750.0,36850.0,37400.0,2060100
2025-12-17,37450.0,38500.0,37450.0,38000.0,4085100
2025-12-18,37450.0,38500.0,37450.0,38000.0,4085100
2025-12-19,38000.0,38150.0,37600.0,37700.0,2050700
2025-12-22,37700.0,38450.0,37650.0,38400.0,2714700
2025-12-23,38500.0,38800.0,37900.0,38000.0,1919100
2025-12-24,38000.0,38450.0,37800.0,38400.0,1986000
2025-12-25,38000.0,38450.0,37800.0,38400.0,1986000
2025-12-26,38450.0,38800.0,38000.0,38800.0,2657200
2025-12-29,38800.0,38900.0,38600.0,38800.0,1644300
2025-12-30,38800.0,39850.0,38650.0,39400.0,5379000
2025-12-31,39500.0,39550.0,38900.0,38900.0,1630700
2026-01-01,38900.0,38900.0,38900.0,38900.0,0
2026-01-02,38900.0,38900.0,38900.0,38900.0,0
2026-01-05,38850.0,38900.0,37900.0,38450.0,3885400
2026-01-06,38300.0,38900.0,37800.0,38900.0,4854900
2026-01-07,39500.0,41400.0,39500.0,40950.0,13409700
2026-01-08,41300.0,43800.0,40900.0,43050.0,27506700
2026-01-09,43800.0,46050.0,43700.0,46050.0,22918600
2026-01-12,47900.0,49250.0,47000.0,49250.0,7783600
2026-01-13,49350.0,51600.0,48600.0,51000.0,21869900
2026-01-14,50800.0,54500.0,50200.0,54500.0,17646800
2026-01-15,52600.0,54000.0,50700.0,50700.0,26455700
2026-01-16,51000.0,54200.0,50400.0,51100.0,13973800
2026-01-19,51100.0,52600.0,50500.0,52000.0,9409600
2026-01-20,52900.0,55300.0,52200.0,53200.0,15547500
2026-01-21,52600.0,53900.0,51100.0,53000.0,11935000
2026-01-22,53500.0,56600.0,51600.0,52000.0,18089900
2026-01-23,51800.0,52800.0,50700.0,50800.0,10080300
2026-01-26,51000.0,52600.0,50800.0,52500.0,11947600
2026-01-27,52500.0,52800.0,49500.0,52600.0,12478800
2026-01-28,53400.0,55900.0,51400.0,51900.0,17897800
2026-01-29,51800.0,52800.0,51000.0,51900.0,7082200
2026-01-30,52300.0,54500.0,51900.0,53900.0,13696100
2026-02-02,53800.0,55200.0,52100.0,55000.0,11934200
2026-02-03,55700.0,56500.0,54000.0,54100.0,11573700
2026-02-04,54000.0,54400.0,52600.0,53000.0,9645300
2026-02-05,53000.0,53300.0,51500.0,51500.0,9817200
2026-02-06,50700.0,52300.0,50700.0,51400.0,9885700
2026-02-09,51800.0,51800.0,50600.0,50600.0,3595300
2026-02-10,50200.0,50500.0,47100.0,47100.0,22973600
2026-02-11,46550.0,48750.0,46100.0,48500.0,8738800
2026-02-12,48300.0,48500.0,47350.0,47550.0,4806600
2026-02-13,47550.0,47700.0,46800.0,46900.0,6762700
2026-02-16,46900.0,46900.0,46900.0,46900.0,0
2026-02-17,46900.0,46900.0,46900.0,46900.0,0
2026-02-18,46900.0,46900.0,46900.0,46900.0,0
2026-02-19,46900.0,46900.0,46900.0,46900.0,0
2026-02-20,46900.0,46900.0,46900.0,46900.0,0
2026-02-23,47600.0,49700.0,47150.0,49100.0,7557400
2026-02-24,49450.0,49450.0,48450.0,48750.0,5739400
2026-02-25,48950.0,49950.0,48500.0,48500.0,8375400
2026-02-26,48550.0,48900.0,47750.0,48450.0,4690300
2026-02-27,48450.0,49100.0,47500.0,47900.0,6519700
2026-03-02,46050.0,47400.0,45200.0,45200.0,11738000
2026-03-03,46050.0,47400.0,45200.0,45200.0,11738000
2026-03-04,43400.0,45600.0,43400.0,45600.0,10734400
2026-03-05,46100.0,46100.0,44400.0,44400.0,6063200
2026-03-06,44000.0,45000.0,43000.0,43550.0,5423100
2026-03-09,40550.0,41000.0,40550.0,40550.0,6134800
2026-03-10,41500.0,42800.0,39500.0,41800.0,14055500
2026-03-11,41300.0,42350.0,41300.0,41700.0,6154500
2026-03-12,41800.0,41900.0,40650.0,40750.0,6452900
2026-03-13,40600.0,41250.0,39950.0,40650.0,7923500
2026-03-16,40500.0,41200.0,40000.0,40300.0,5174500
2026-03-17,40800.0,41300.0,40350.0,40450.0,6922000
2026-03-18,41100.0,43000.0,41000.0,41300.0,14609300
2026-03-19,40900.0,41100.0,40100.0,40650.0,6392700
2026-03-20,40650.0,41100.0,39600.0,39750.0,10147300
2026-03-23,39400.0,39450.0,38100.0,38450.0,10634100
2026-03-24,39300.0,39600.0,38500.0,39100.0,6990400
2026-03-25,39500.0,39650.0,38900.0,39500.0,8722100
2026-03-26,39500.0,39700.0,38900.0,38900.0,6156000
2026-03-27,38900.0,39900.0,38900.0,39850.0,8196600
2026-03-30,39100.0,39550.0,38950.0,39450.0,6075800
2026-03-31,39600.0,39800.0,39100.0,39400.0,7278600
2026-04-01,40000.0,40600.0,39700.0,40250.0,10071800
2026-04-02,40000.0,40000.0,39400.0,39700.0,7101700
2026-04-03,39700.0,39750.0,39050.0,39050.0,7279600
2026-04-06,39050.0,39400.0,38650.0,39350.0,5679400
2026-04-07,39400.0,39500.0,39000.0,39400.0,4798100
2026-04-08,40500.0,41450.0,40050.0,41450.0,15053900
2026-04-09,41000.0,41150.0,40500.0,40600.0,8138800
2026-04-10,41100.0,41950.0,40650.0,40800.0,8968200
2026-04-13,40500.0,40750.0,40250.0,40350.0,5770800
2026-04-14,40750.0,40850.0,40250.0,40400.0,5565300
2026-04-15,40750.0,41000.0,40300.0,40300.0,6296700
2026-04-16,40400.0,40600.0,40150.0,40200.0,4295800
2026-04-17,40300.0,40700.0,40100.0,40300.0,5789600
2026-04-20,40450.0,40750.0,40250.0,40550.0,5993200
2026-04-21,40750.0,41300.0,40400.0,40400.0,7980700
2026-04-22,40600.0,40600.0,40200.0,40250.0,3619600
2026-04-23,40250.0,43050.0,40250.0,41600.0,23927000
2026-04-24,41600.0,41650.0,40750.0,40750.0,4703800
2026-04-27,40750.0,40750.0,40750.0,40750.0,0
2026-04-28,40900.0,41100.0,40050.0,40150.0,6600700
2026-04-29,40200.0,40350.0,39700.0,40100.0,6693000
2026-04-30,40100.0,40100.0,40100.0,40100.0,0
2026-05-01,40100.0,40100.0,40100.0,40100.0,0
2026-05-04,40400.0,41300.0,40100.0,40850.0,6495500
2026-05-05,40600.0,40800.0,40200.0,40550.0,3474000
2026-05-06,40700.0,41000.0,40550.0,40900.0,4399100
2026-05-07,41200.0,41300.0,40800.0,40850.0,7167000
2026-05-08,40850.0,42800.0,40850.0,42400.0,23775900
2026-05-11,42700.0,42700.0,41500.0,41500.0,6557100
2026-05-12,41550.0,41750.0,41050.0,41750.0,6207800
2026-05-13,41800.0,43000.0,41150.0,42800.0,15229800
2026-05-14,42900.0,44250.0,42850.0,43550.0,11071100
2026-05-15,44000.0,44000.0,42850.0,42950.0,10515600
2026-05-18,42800.0,45500.0,42200.0,45300.0,17432500
2026-05-19,45400.0,46400.0,43200.0,44250.0,19441800
2026-05-20,43750.0,44200.0,41900.0,43900.0,10319200
2026-05-21,44400.0,44700.0,43500.0,43800.0,7402400
2026-05-22,43850.0,43850.0,42650.0,43000.0,6357600
2026-05-25,43050.0,43100.0,42400.0,43000.0,5080600
2026-05-26,42950.0,43800.0,42750.0,43600.0,4349700
2026-05-27,43850.0,43850.0,43200.0,43300.0,3843400
2026-05-28,43300.0,43500.0,42500.0,42500.0,4024000
2026-05-29,42450.0,42550.0,41800.0,42000.0,5960400
2026-06-01,42050.0,42450.0,41600.0,41900.0,4502300
2026-06-02,41800.0,42250.0,41100.0,41700.0,4522400
