Date,Open,High,Low,Close,Volume
2021-06-04,33819.52532239333,34375.08023286187,33333.41381455239,34027.859375,841828
2021-06-07,33680.63723628094,33750.08064419477,31666.743804262373,32500.080078125,7476481
2021-06-08,32500.080078125,32500.080078125,32500.080078125,32500.080078125,0
2021-06-09,31250.073141311736,31736.186569225236,30555.627584134658,31562.57421875,6313149
2021-06-10,31562.573578052856,31666.740601751095,30486.181640625,30486.181640625,6326046
2021-06-11,30555.626708017102,31423.684590779703,30208.403939384436,31388.962890625,9057072
2021-06-14,31597.296998372796,31666.740398818678,31007.016560411543,31180.62890625,4810794
2021-06-15,31076.4618832193,31354.23932972658,30555.62676806581,31180.62890625,4616197
2021-06-16,31041.740086493995,32430.635090172003,30694.517296755486,31458.408203125,5977670
2021-06-17,30972.29464046308,32187.57528562513,30972.29464046308,31875.07421875,5072997
2021-06-18,32118.130901982757,32291.743251663494,31736.186423991825,32048.6875,4535693
2021-06-21,31875.074402987775,31944.519725704264,31145.905242731205,31250.072265625,6006016
2021-06-22,31458.406311412593,31562.573334306388,31180.628865270384,31250.072265625,3942830
2021-06-23,31180.628794430173,32222.297098639658,31180.628794430173,31527.8515625,3648453
2021-06-24,31527.851613605693,31875.07438223836,31250.072245282434,31388.962890625,2991528
2021-06-25,31319.51845393189,31944.520608568106,31041.739077750706,31632.01953125,3645761
2021-06-28,31944.5212397515,32708.41213639086,31701.463559904725,32569.521484375,9474896
2021-06-29,32638.964888020964,33263.96705500643,32361.18742871318,32569.521484375,5592302
2021-06-30,32569.518483658565,32951.46485796949,32534.796785034585,32812.57421875,5671813
2021-07-01,32986.1875182687,33090.35646190114,32534.797733550047,32847.296875,6521919
2021-07-02,32986.19057667418,33159.80293567607,32569.522452959245,32673.69140625,5959387
2021-07-05,32673.69140625,32673.69140625,32673.69140625,32673.69140625,0
2021-07-06,32673.69140625,32673.69140625,32673.69140625,32673.69140625,0
2021-07-07,32673.69140625,32673.69140625,32673.69140625,32673.69140625,0
2021-07-08,32673.69140625,32673.69140625,32673.69140625,32673.69140625,0
2021-07-09,31388.962952311398,31944.519767687834,30555.62676806581,31180.62890625,5085045
2021-07-12,31180.62890625,31180.62890625,31180.62890625,31180.62890625,0
2021-07-13,29513.958995943532,29687.569422571993,28854.23514555918,29444.513671875,2809828
2021-07-14,29444.513671875,29444.513671875,29444.513671875,29444.513671875,0
2021-07-15,29201.457856705925,29965.348730325568,29166.736155929273,29652.84765625,2541530
2021-07-16,29652.84765625,29652.84765625,29652.84765625,29652.84765625,0
2021-07-19,28541.733723112044,29097.29054180703,27534.787109375,27534.787109375,4196388
2021-07-20,27569.509451406288,28472.2890625,27013.952619782318,28472.2890625,3846027
2021-07-21,28750.068508437922,28750.068508437922,28125.066350476423,28263.955078125,1640826
2021-07-22,28194.511607868983,28541.73438733872,28194.511607868983,28472.2890625,2410712
2021-07-23,28402.845854348045,28819.512039145295,27916.732421875,27916.732421875,2584475
2021-07-26,27777.84375,28020.899505548965,27430.620967449766,27777.84375,2036540
2021-07-27,28055.623072502698,28333.400529034196,27882.01072039905,27916.732421875,2025202
2021-07-28,27916.73235318303,28125.06640625,27777.84362525903,28125.06640625,1747975
2021-07-29,28333.40033518449,28472.2890625,28194.511607868983,28472.2890625,1672290
2021-07-30,28680.623102255468,28715.34480347885,28437.567348967914,28541.734375,2879276
2021-08-02,29166.73522407397,29826.459051924077,29166.73522407397,29548.6796875,5614554
2021-08-03,29375.06908841324,30104.23828125,29236.180359136415,30104.23828125,3919728
2021-08-04,30104.23828125,30104.23828125,30104.23828125,30104.23828125,0
2021-08-05,29583.4013201687,30208.403446936027,29375.067277912927,29826.458984375,2999890
2021-08-06,29826.45995120109,30138.959102352586,29583.402279116068,29791.736328125,2647970
2021-08-09,29548.681498384394,29965.349609375,29409.792768841515,29965.349609375,2471515
2021-08-10,29965.349609375,29965.349609375,29965.349609375,29965.349609375,0
2021-08-11,30069.51564733302,30625.072469579405,29791.73627502888,29930.625,3882169
2021-08-12,30104.239422455692,30138.961125500653,29722.294921875,29722.294921875,2422759
2021-08-13,29618.125009196483,29861.180751591397,29027.84458068101,29548.6796875,3273432
2021-08-16,29409.791778924788,30208.404349867968,29166.736029815373,30069.515625,4657724
2021-08-17,30069.515625,30069.515625,30069.515625,30069.515625,0
2021-08-18,29791.737385218017,29861.182711472407,29513.9599249244,29618.126953125,2146524
2021-08-19,29583.4023860544,29583.4023860544,29270.90131141137,29513.958984375,2556695
2021-08-20,29583.402855356857,29791.736908423827,27777.84362525903,28125.06640625,6184456
2021-08-23,28125.06672111012,28333.400776509392,27291.732421875,27291.732421875,3886704
2021-08-24,27291.73237780369,27569.50983631285,27013.952996932574,27361.17578125,3601257
2021-08-25,27430.620137996517,27465.34183849303,27083.397365945682,27395.8984375,1564149
2021-08-26,27534.788338751532,27534.788338751532,26388.951027409843,26805.619140625,2899260
2021-08-27,26736.175722912045,27083.398509625426,26250.06228362373,26875.064453125,2702112
2021-08-30,27083.397365945682,27430.620137996517,26944.506719235836,27395.8984375,1998698
2021-08-31,27500.063625446386,27500.063625446386,27048.673828125,27048.673828125,2572144
2021-09-01,26944.505842186074,27152.83988310763,26840.340744087127,27083.396484375,1924572
2021-09-02,27083.396484375,27083.396484375,27083.396484375,27083.396484375,0
2021-09-03,27083.396484375,27083.396484375,27083.396484375,27083.396484375,0
2021-09-06,27118.12009506145,27430.621178469268,27048.674769072393,27152.841796875,1934068
2021-09-07,27291.73230782806,27916.73254905215,27187.56528056372,27569.509765625,2423326
2021-09-08,27569.509765625,27569.509765625,27569.509765625,27569.509765625,0
2021-09-09,27500.064426930556,27638.955078125,27465.342725312923,27638.955078125,1190261
2021-09-10,27777.8428571112,27777.8428571112,27500.063486582763,27534.787109375,1125065
2021-09-13,27534.787225984615,27534.787225984615,27083.397429030927,27187.564453125,2458617
2021-09-14,27152.841913550918,27187.565537875635,26805.619126837537,26875.064453125,2005926
2021-09-15,26805.619082516685,27083.39846484529,26805.619082516685,26944.5078125,1495409
2021-09-16,27152.84172618715,27430.62110705827,27118.120024464,27361.17578125,2077217
2021-09-17,27500.064370542645,28090.344831003793,27500.064370542645,27777.84375,2528632
2021-09-20,27812.565464549967,27986.177817087228,27708.3984375,27708.3984375,2773686
2021-09-21,27708.3984375,27708.3984375,27708.3984375,27708.3984375,0
2021-09-22,27708.3984375,27708.3984375,27708.3984375,27708.3984375,0
2021-09-23,27638.954185699393,27708.397586692423,27395.8984375,27395.8984375,1537220
2021-09-24,27430.62103672653,27638.95509125521,27430.62103672653,27569.509765625,136756787
2021-09-27,27569.50983631285,27847.289217183967,27222.287051995423,27361.17578125,1716085
2021-09-28,27361.17371023579,28020.897527211862,27222.284991493936,27847.287109375,3100661
2021-09-29,27812.565464549967,27812.565464549967,27291.732251662084,27708.3984375,1676826
2021-09-30,27673.67588619591,27777.842910047348,27326.453114145075,27395.8984375,1555220
2021-10-01,27291.73252100125,27395.89954907923,26944.5078125,26944.5078125,2350051
2021-10-04,26979.231423112236,27500.064640876557,26736.17566517396,27013.953125,149540974
2021-10-05,27083.39836647573,27465.342853133083,27083.39836647573,27291.732421875,1034782
2021-10-06,27291.732421875,27291.732421875,27291.732421875,27291.732421875,0
2021-10-07,27361.17487837386,27430.620201890542,27187.564453125,27187.564453125,1447787
2021-10-08,27187.564453125,27187.564453125,27187.564453125,27187.564453125,0
2021-10-11,27187.564453125,27187.564453125,27187.564453125,27187.564453125,0
2021-10-12,27916.731455489124,28298.677847950632,27812.564432305244,27951.455078125,2814647
2021-10-13,27986.177817087228,28090.344844137195,27500.064383400066,27708.3984375,2017690
2021-10-14,27708.3984375,27708.3984375,27708.3984375,27708.3984375,0
2021-10-15,27465.34279545631,27673.67685041808,27430.62109375,27430.62109375,1565992
2021-10-18,27430.62109375,27430.62109375,27430.62109375,27430.62109375,0
2021-10-19,27291.73125917761,28159.787223210555,27083.3972126539,27812.564453125,3135527
2021-10-20,27812.564515742753,27916.731539239132,27291.73132062275,27604.23046875,1530133
2021-10-21,27604.231524643503,27708.39855212439,27430.62109375,27430.62109375,896026
2021-10-22,27430.62115135386,27569.50988083272,27291.732421875,27291.732421875,1495126
2021-10-25,27291.732421875,27291.732421875,27291.732421875,27291.732421875,0
2021-10-26,27291.732421875,27291.732421875,27291.732421875,27291.732421875,0
2021-10-27,27291.732421875,27291.732421875,27291.732421875,27291.732421875,0
2021-10-28,27777.84280470641,27916.731528527664,27569.508757793592,27673.67578125,1753361
2021-10-29,27777.8433847945,28958.402367833605,27708.398060252697,28819.51171875,5287012
2021-11-01,28819.51171875,28819.51171875,28819.51171875,28819.51171875,0
2021-11-02,29027.84556080965,29132.01258569066,28888.95683508894,29513.958984375,2165233
2021-11-03,29375.06915790238,30625.07349143667,29166.737024675294,29895.904296875,793937709
2021-11-04,29965.34843395062,30729.239300014935,29652.84736296587,30555.626953125,6208126
2021-11-05,30555.627058522787,30833.40643003247,30034.791938418315,30277.849609375,2750867
2021-11-08,30277.84951559041,30833.406334527062,29965.34844449569,30486.181640625,3808043
2021-11-09,30555.627188817605,30659.794213282687,29861.181640625,29861.181640625,3601399
2021-11-10,29930.625042027117,30208.404414721303,29409.791842063612,29861.181640625,3030929
2021-11-11,30138.961125500653,30208.40645395261,29305.626795887318,29722.294921875,3460801
2021-11-12,29409.791789821025,30069.515636140663,29409.791789821025,30000.0703125,2661718
2021-11-15,30104.239422455692,30208.40645395261,29166.738061345433,29722.294921875,2158996
2021-11-16,29652.84959342304,29930.62706250681,29479.237233474163,29722.294921875,1795597
2021-11-17,29618.125764696633,30416.738333948895,29479.235117760847,30277.849609375,3465053
2021-11-18,30555.62683925104,31180.628978891295,30138.958746157536,30902.849609375,4975911
2021-11-19,30937.575233136078,31979.243610884852,29166.737645309757,30833.408203125,5747356
2021-11-22,30833.40694856723,32083.409335477736,30555.627572386045,31632.01953125,7005649
2021-11-23,31597.29701935727,31597.29701935727,30694.515511704365,31041.73828125,2544081
2021-11-24,31215.35130887328,32013.96388850424,30972.29555711976,31979.2421875,5850112
2021-11-25,32222.29811869622,32222.29811869622,31458.407235815466,31493.130859375,3808043
2021-11-26,32013.964023151297,32083.409347813777,30555.627584134658,31562.57421875,5856490
2021-11-29,30902.849609375,31250.072379498957,30625.072162220582,30902.849609375,4621157
2021-11-30,31180.630995707925,31701.464223401308,30277.85135051992,30833.408203125,3602958
2021-12-01,30833.406260586256,31041.73838512125,30347.29284370624,30763.9609375,2488381
2021-12-02,30729.24120307055,31527.853819026008,30555.628845428837,30694.517578125,1937895
2021-12-03,30902.85021263583,30902.85021263583,29166.736328125,29166.736328125,3116818
2021-12-06,29861.182873229074,29861.182873229074,28923.679614345263,29132.013671875,4050829
2021-12-07,29201.457668613057,30382.016633395895,29201.457668613057,30277.849609375,2343531
2021-12-08,30347.29290580183,30763.961000448166,30173.682481273787,30555.626953125,1622826
2021-12-09,30520.905252691766,30659.793976786583,30243.125882140248,30555.626953125,1388544
2021-12-10,30763.962815386047,31388.96499422791,30763.962815386047,30972.296875,2926189
2021-12-13,31597.298828125,31805.63096388872,31319.519443170055,31597.298828125,3511399
2021-12-14,31736.187588333,31736.187588333,31388.96479859449,31458.408203125,2425027
2021-12-15,31388.962952311398,31597.296998372796,31076.4618832193,31180.62890625,2022084
2021-12-16,31250.07230669588,31250.07230669588,30555.62676806581,31180.62890625,2373295
2021-12-17,31180.62890625,31597.296998372796,30625.072090873568,31180.62890625,2624443
2021-12-20,31111.185607288637,31215.352637095613,30902.85154767468,30972.296875,1742306
2021-12-21,30902.84977759736,31007.016801437778,30416.73828125,30416.73828125,3951050
2021-12-22,30555.62712321883,30729.239471075212,29826.459875890585,30069.515625,4007885
2021-12-23,30541.410821417052,30629.174700688367,29576.02167088422,30278.123046875,2613055
2021-12-24,30278.121961161254,31067.987188100346,30278.121961161254,30716.935546875,1718522
2021-12-27,30892.46071361917,31155.7484731475,30716.93489672167,30980.22265625,1354646
2021-12-28,31155.748698936408,31155.748698936408,30629.173176063596,30892.4609375,1532471
2021-12-29,31199.629670569833,31199.629670569833,30804.69899423315,30892.4609375,1782305
2021-12-30,31067.98828125,31331.276055615042,30892.46245446132,31067.98828125,1112250
2021-12-31,31243.51044151317,33086.5266913654,31155.748498810048,32559.951171875,5473353
2022-01-03,32559.951171875,32559.951171875,32559.951171875,32559.951171875,0
2022-01-04,32998.7660799877,33349.817728234935,32691.597336498307,32823.2421875,1993711
2022-01-05,33262.054532606686,33262.054532606686,32384.425444953977,32516.068359375,2166127
2022-01-06,32033.375674960393,34051.91581164145,31813.968886412127,33349.81640625,6760047
2022-01-07,33920.27225158877,34622.37554686477,33042.64892740152,34402.96875,4921961
2022-01-10,34402.96953118113,35368.35868665265,34051.917875571875,34095.80078125,3584218
2022-01-11,34051.91665460302,35017.30577545945,33613.10306664357,34578.4921875,4819187
2022-01-12,34578.49389691127,36991.96875,34578.49389691127,36991.96875,9047091
2022-01-13,37299.13730313547,39580.9672883796,37299.13730313547,38615.578125,10891263
2022-01-14,38001.24007834737,39580.96672410055,38001.24007834737,38834.984375,3679779
2022-01-17,38615.574977409735,41248.45640653028,38264.52334753934,38308.40625,8723445
2022-01-18,38089.00065068359,39888.13403199463,38089.00065068359,39405.44140625,5464563
2022-01-19,39537.08502291058,40195.301516919084,38220.64430835031,38308.40625,3350048
2022-01-20,37825.71093006596,40985.16796875,37079.72860837652,40985.16796875,6353349
2022-01-21,41292.33531262791,42828.18280799796,40809.64270347459,41555.625,5149933
2022-01-24,41160.6953125,42564.89799762661,41116.81240913566,41160.6953125,4693651
2022-01-25,40634.11527922446,43003.70703125,40283.06751097746,43003.70703125,5300036
2022-01-26,43442.52262890424,43837.45718149038,42213.84765625,42213.84765625,4567213
2022-01-27,42126.08681331837,42564.90041883585,41599.50739607985,41775.03515625,2164887
2022-01-28,41775.03437950351,43003.70936148947,41511.744675779744,42082.203125,3332130
2022-01-31,42082.203125,42082.203125,42082.203125,42082.203125,0
2022-02-01,42082.203125,42082.203125,42082.203125,42082.203125,0
2022-02-02,42082.203125,42082.203125,42082.203125,42082.203125,0
2022-02-03,42082.203125,42082.203125,42082.203125,42082.203125,0
2022-02-04,42082.203125,42082.203125,42082.203125,42082.203125,0
2022-02-07,42477.1350323202,42652.662794247415,41423.98391384475,41599.5078125,3918456
2022-02-08,41599.5040390476,42477.13117925906,40809.64270347459,41555.625,3011752
2022-02-09,41511.74369380262,42915.94639947806,41248.45785957885,42477.1328125,5140917
2022-02-10,42652.660565254286,42915.94639947806,42126.08503353497,42477.1328125,3089396
2022-02-11,42301.61001680338,42564.89972110676,41950.558365489494,42038.3203125,1933873
2022-02-14,41423.981914469594,41775.03355810817,39273.796875,39273.796875,8033670
2022-02-15,39273.796875,39273.796875,39273.796875,39273.796875,0
2022-02-16,40458.59191138332,40458.59191138332,39229.91311702498,39624.84765625,3150587
2022-02-17,40107.542324978574,40370.83203125,39229.91512176967,40370.83203125,2017376
2022-02-18,39888.134447133685,40414.70998218627,39229.9140625,39229.9140625,3375516
2022-02-21,39317.678701278586,39888.13326037137,38352.28574192104,39712.609375,3332468
2022-02-22,39405.44288037459,40370.83203125,39229.91512176967,40370.83203125,2580939
2022-02-23,40809.642539419365,41160.69416674704,39932.01540273598,40019.77734375,3328862
2022-02-24,39756.493690926865,39975.89662380283,38264.52515915889,39142.15234375,3815570
2022-02-25,39142.15247891799,40019.77966653978,39054.39053281018,39098.2734375,2645397
2022-02-28,38878.86453086615,39098.27131586568,38352.28515625,38352.28515625,3041503
2022-03-01,38396.171093128476,39493.205104828136,38264.52623907013,38703.33984375,2699601
2022-03-02,38352.287954260384,38615.57766077689,37167.4920014799,37255.2578125,3482233
2022-03-03,37167.49122967627,37913.47742822493,36860.322487300145,37562.42578125,2787612
2022-03-04,37562.4247009694,38176.76216805355,37299.135007492354,38001.23828125,1871555
2022-03-07,37562.42698167559,37562.42698167559,36991.968520019516,37079.73046875,2553668
2022-03-08,36684.797323264596,37343.017689789376,36333.745688463714,36509.2734375,2913938
2022-03-09,36509.27583748165,36772.56168343596,35543.8828125,35543.8828125,2220781
2022-03-10,36421.509042439655,36860.32263712398,35938.81640625,35938.81640625,1761457
2022-03-11,35938.814444549826,36728.67578125,35938.814444549826,36728.67578125,1663867
2022-03-14,36728.67700087054,37035.849601200236,36245.984375,36245.984375,1507003
2022-03-15,36245.98647823726,37035.85175027082,35982.69676646875,36948.0859375,1707591
2022-03-16,37123.61090094779,37123.61090094779,36421.507631346016,36509.2734375,1500354
2022-03-17,37035.84874141091,38834.98208142428,35982.69384316906,38176.76171875,6558445
2022-03-18,38352.28864432347,39142.15391481294,38176.76474566891,38527.81640625,3140219
2022-03-21,38527.81272218541,38703.33660405622,38001.23721330138,38440.05078125,1441305
2022-03-22,38440.05140912838,38571.6923910459,37913.475891643284,38176.76171875,3183492
2022-03-23,38132.882903077916,38966.627155384886,37869.59321115378,38089.0,2249179
2022-03-24,38089.00063380531,38132.883537613445,37737.94899315548,37825.7109375,1450320
2022-03-25,37869.59312120126,38483.93058320275,37386.896641577456,38132.8828125,2218866
2022-03-28,37737.94836439557,38132.88290227345,36377.628591540706,36509.2734375,4489456
2022-03-29,36597.03750095514,37299.13694796756,36421.5097417481,37211.375,1953819
2022-03-30,36948.082848457285,39493.20235077106,36597.035079811234,38220.64453125,3958574
2022-03-31,38396.168506308095,38571.6923910459,38088.9997763811,38176.76171875,1627243
2022-04-01,38176.7637490346,39054.39094594021,38089.00180199842,38922.74609375,3567652
2022-04-04,39449.32187113648,39449.32187113648,38834.984375,38834.984375,2346093
2022-04-05,38176.76216805355,38440.0518615306,37869.59343451148,38001.23828125,3273644
2022-04-06,37737.94814363381,38440.05140912838,37430.77941370681,38176.76171875,3654085
2022-04-07,38176.7627138399,38922.74503832736,37781.83203125,37781.83203125,3552890
2022-04-08,37737.94767434625,37913.47542017296,36684.796652472454,36772.55859375,3545340
2022-04-11,36772.55859375,36772.55859375,36772.55859375,36772.55859375,0
2022-04-12,37123.61348399354,37123.61348399354,35500.00390625,35500.00390625,3591993
2022-04-13,35543.881944445704,36333.74718956241,35192.83415841326,35894.93359375,2249405
2022-04-14,36333.74807690683,36333.74807690683,35543.8828125,35543.8828125,2130855
2022-04-15,35631.64735023532,36158.22288658554,34227.44463221079,34490.73046875,2827054
2022-04-18,34710.1362716209,34841.78111776198,33174.28874760892,33305.93359375,3178534
2022-04-19,33656.98522903565,34402.96753947284,32911.00291859845,33305.93359375,2617225
2022-04-20,33305.93359375,34051.9159041872,33218.17165074651,33305.93359375,1643358
2022-04-21,33262.05724854783,34008.0396194194,33042.65044162843,33788.6328125,2359841
2022-04-22,33876.39476261336,34315.20837645217,33349.81919866119,33788.6328125,2962507
2022-04-25,33788.63075299159,33876.39269775562,31462.91796875,31462.91796875,3319171
2022-04-26,30848.580173907347,32691.596448027223,30848.580173907347,32384.42578125,2093554
2022-04-27,32472.190949047214,32911.00454907606,31989.49637534267,32647.71484375,843033
2022-04-28,32647.714000813154,32647.714000813154,32208.90234375,32208.90234375,1098614
2022-04-29,32340.546004569183,33130.411255033054,32296.665031018063,32691.59765625,1711310
2022-05-02,32691.59765625,32691.59765625,32691.59765625,32691.59765625,0
2022-05-03,32691.59765625,32691.59765625,32691.59765625,32691.59765625,0
2022-05-04,32691.59765625,33086.528349846,32428.30795167142,32691.59765625,1759090
2022-05-05,32998.76433092561,33525.33984375,32472.18881810121,33525.33984375,2243207
2022-05-06,32779.35818634023,33218.1717661539,32472.189453125,32472.189453125,1780051
2022-05-09,32121.13952189027,32384.427297428916,30234.2421875,30234.2421875,2720449
2022-05-10,29927.07245320489,31506.800986090584,29400.494987819067,31419.037109375,1946832
2022-05-11,31375.155485709827,31682.32421875,30760.816087993633,31682.32421875,972402
2022-05-12,31067.9883467834,31419.038069465296,29488.259765625,29488.259765625,1699252
2022-05-13,29663.785662438924,29839.30955837405,27908.53125,27908.53125,2652609
2022-05-16,29137.207278694044,29181.09018295676,28259.58203125,28259.58203125,1443220
2022-05-17,28522.870680680815,30234.2421875,28127.938051554866,30234.2421875,1258521
2022-05-18,30629.173828125,31155.74936220803,30014.834417270875,30629.173828125,1452348
2022-05-19,29839.30912962466,30716.93632323384,29751.547182918115,30409.767578125,1008688
2022-05-20,30190.361099239635,30629.174700688367,30102.59721996832,30278.123046875,1271255
2022-05-23,30190.359696395786,30453.647458703745,28961.68282841336,29268.8515625,1130055
2022-05-24,29576.021370378166,29707.666222129596,29049.445826644318,29619.90234375,865459
2022-05-25,29839.30859536457,30804.699650031307,29839.30859536457,30629.173828125,1202176
2022-05-26,31243.510869918344,31375.155717413953,30716.93534320764,30804.69921875,1345631
2022-05-27,30804.698770988336,31067.98653051667,30629.172954090835,30980.22265625,1004067
2022-05-30,31155.749454873516,31462.918195396232,30892.461687048915,31375.15625,1226179
2022-05-31,31155.7484731475,31243.510415778335,30716.93489672167,30980.22265625,1157664
2022-06-01,30804.69910633189,31199.62978410573,30673.0542593167,30848.580078125,1207022
2022-06-02,30848.580078125,30848.580078125,30848.580078125,30848.580078125,0
2022-06-03,30453.64724758218,30497.528219056654,29839.307852031976,30146.478515625,643121
2022-06-06,30146.478831815024,30409.76659505921,29663.784277261373,30014.833984375,1035395
2022-06-07,29927.07336770433,30014.835315465818,29049.44616354567,29488.259765625,1321290
2022-06-08,29576.020180574575,30541.4092824623,29532.139208968016,30102.595703125,1107630
2022-06-09,30146.48012542195,30497.52984759937,29927.073324697583,30278.123046875,444449
2022-06-10,29883.191954060865,30102.596820235805,29663.78515625,29663.78515625,885743
2022-06-13,29005.564924339345,29268.852696851354,28040.17578125,28040.17578125,1630511
2022-06-14,27996.29210851867,28786.15733603372,27294.190757191896,28347.34375,1328502
2022-06-15,28084.056640625,28522.870236907445,27206.42944806011,28084.056640625,1539458
2022-06-16,28084.055984706945,28786.15733603372,28084.055984706945,28347.34375,1457645
2022-06-17,28040.174570615192,28040.174570615192,27381.954201935874,27733.00390625,1373353
2022-06-20,27820.768463032866,27908.530408353767,25889.98828125,25889.98828125,1096022
2022-06-21,25538.938765235816,26899.26051801323,25407.293914603586,26592.08984375,1581829
2022-06-22,26592.089413583388,27733.00435127503,26153.275827422305,26767.615234375,1727199
2022-06-23,26767.61608735562,27206.4296875,26372.683460898486,27206.4296875,475889
2022-06-24,27381.955078125,28303.46323743601,27294.191200511243,27381.955078125,1496748
2022-06-27,27469.71775987467,27908.531364789265,27338.07483738187,27864.650390625,931157
2022-06-28,27733.00524977777,29795.428398899556,27733.00524977777,29532.140625,2718871
2022-06-29,28961.683349104824,30629.173828125,28961.683349104824,30629.173828125,2639425
2022-06-30,30716.934868701643,30716.934868701643,29400.494140625,29400.494140625,1688546
2022-07-01,28873.91915358593,31331.27483823906,28171.817805347306,30760.81640625,3967476
2022-07-04,31155.749018270435,31375.15581032225,30629.173490000434,30760.81640625,2059409
2022-07-05,30760.817561056654,32911.004590212804,30716.936587326112,31857.8515625,5559561
2022-07-06,31419.037542967584,32384.426678710435,31155.749772459167,31243.51171875,3078240
2022-07-07,31067.98824044236,32165.02031024976,30102.59716019065,31857.8515625,3183154
2022-07-08,31945.612427891952,31989.49533177203,30716.935546875,30716.935546875,2230585
2022-07-11,30629.174700688367,30848.581501412733,28961.68417416475,30278.123046875,2319723
2022-07-12,30278.123046875,30278.123046875,30278.123046875,30278.123046875,0
2022-07-13,31770.088206365497,32647.713436970665,31419.036568814743,31638.443359375,2994285
2022-07-14,31419.03634617166,32384.425445141456,31375.15537469773,31726.205078125,1695082
2022-07-15,31682.324876249968,32252.78331417564,31419.037109375,31419.037109375,1563348
2022-07-18,31594.56359793081,31594.56359793081,31067.98805306821,31155.75,1913926
2022-07-19,31155.749680566114,31462.918423313964,30716.936087134374,31287.39453125,1100868
2022-07-20,31770.089387584463,32384.4268786857,31550.682588866614,31945.61328125,1789291
2022-07-21,31770.089182688796,32340.54569669459,31770.089182688796,32033.376953125,1711873
2022-07-22,32384.426915224707,32384.426915224707,31155.75,31155.75,1405695
2022-07-25,31155.750228826364,31506.801882403717,30541.410800883972,31067.98828125,1348673
2022-07-26,31419.037657538076,31594.563482395723,31155.74988606957,31199.630859375,998208
2022-07-27,31199.630859375,31287.394737621787,30716.936289743415,31199.630859375,817227
2022-07-28,31594.563358519354,32340.54569669459,31331.275588083146,32033.376953125,2309919
2022-07-29,32208.902950432916,33262.055969474866,32165.020045427726,32735.4765625,4704469
2022-08-01,32823.24256656617,34227.4453125,32735.476756036904,34227.4453125,3794723
2022-08-02,33876.39476261336,34227.44642633881,33525.34309888791,33788.6328125,2199483
2022-08-03,33305.934546144046,34490.73046875,33262.05550502341,34490.73046875,2418552
2022-08-04,34490.73046875,34797.899209681644,33788.631041373636,34490.73046875,2729013
2022-08-05,34402.96920701477,34402.96920701477,33788.631712941184,34227.4453125,1160030
2022-08-08,34227.44572867089,34446.852531118064,33964.156020425515,34051.91796875,1113264
2022-08-09,34051.91829287576,34402.96995278713,33876.39439455605,33920.2734375,1766641
2022-08-10,33788.62908495308,34051.914906247584,33700.86328125,33700.86328125,1112250
2022-08-11,34227.4428761153,34490.7286991462,33525.3396214897,33613.1015625,1959791
2022-08-12,33613.10350863246,34402.96875,33481.462521131056,34402.96875,1846989
2022-08-15,34490.730641490176,36114.34016306482,34490.730641490176,35982.6953125,4250892
2022-08-16,35938.817376339386,36070.462230952515,35543.8828125,35543.8828125,1105939
2022-08-17,35543.8799777826,35631.64578270643,35105.06640625,35105.06640625,1571912
2022-08-18,34841.781475153715,35192.833114040295,34754.01953125,34754.01953125,1668826
2022-08-19,34710.13717180909,35105.06785720295,34402.96843169478,34534.61328125,1636033
2022-08-22,34534.61527976902,34534.61527976902,33656.988049641666,33744.75,1985372
2022-08-23,33656.98579287286,34666.2578125,33525.340944526404,34666.2578125,1952354
2022-08-24,34841.782114074085,34929.544059587155,34183.56172781835,34490.73046875,1092867
2022-08-25,34227.44463221079,34666.25822304794,34183.56172781835,34490.73046875,1433529
2022-08-26,34490.730242562466,35236.71256943917,34490.730242562466,34578.4921875,2260786
2022-08-29,33876.39366019857,34490.73115427216,33481.46296590439,34227.4453125,1516131
2022-08-30,34271.322603050256,35500.00139167745,34227.44356329995,34929.54296875,2625338
2022-08-31,34929.54252294561,35280.59415282602,34754.018639641225,35105.06640625,1827944
2022-09-01,35105.06640625,35105.06640625,35105.06640625,35105.06640625,0
2022-09-02,35105.06640625,35105.06640625,35105.06640625,35105.06640625,0
2022-09-05,35105.06753486858,35148.95043874132,34446.85101967983,34666.2578125,905802
2022-09-06,34666.25660926254,35587.76278915948,34622.37370691294,35148.94921875,2005431
2022-09-07,35017.305336153986,35017.305336153986,33174.2890625,33174.2890625,3394222
2022-09-08,33262.05534295489,33656.986027475315,32121.138467028657,32208.90234375,2468361
2022-09-09,32208.901691563966,32559.951396433393,31726.205208460244,32472.189453125,1251985
2022-09-12,32472.189656744576,32911.003239309866,32296.663837391287,32384.42578125,1056806
2022-09-13,32384.426006970414,32691.596675888624,32165.0192141585,32296.6640625,946821
2022-09-14,31594.563358519354,32033.376953125,31550.68238538597,32033.376953125,1051510
2022-09-15,32033.37663537945,32296.66440320405,31287.394304603764,31375.15625,2192496
2022-09-16,31594.56359793081,31770.08942343032,31155.75,31155.75,1098614
2022-09-19,31111.867940922322,31111.867940922322,29927.072040505558,30014.833984375,1437924
2022-09-20,30102.595831098708,30936.342021711218,30102.595831098708,30848.580078125,1258296
2022-09-21,30541.41026990028,30804.699971323793,30497.529296875,30497.529296875,558266
2022-09-22,30322.00262170011,30980.222993504325,30234.240678113892,30848.580078125,1101319
2022-09-23,31243.511633212518,31243.511633212518,30278.12250011268,30497.529296875,885067
2022-09-26,29927.071819328376,30058.71473415962,28435.105263123278,29312.732421875,2272281
2022-09-27,29400.4956585752,29883.192162433636,28961.683991529604,29576.021484375,684366
2022-09-28,29576.019957362387,29751.54577409977,29268.851226798837,29400.494140625,876615
2022-09-29,29839.307716650546,29927.071590837157,29356.613169349614,29400.494140625,1127012
2022-09-30,28786.157744675715,29751.546875,28347.34415241269,29751.546875,2048591
2022-10-03,29049.444761331106,29488.25834222894,27689.123046875,27689.123046875,1773064
2022-10-04,28084.05688778876,28127.93786147601,27118.6677401255,27206.4296875,1347096
2022-10-05,27908.53125,28084.057077571084,27469.71764689027,27908.53125,581593
2022-10-06,28040.17591410151,28040.17591410151,27206.4296875,27206.4296875,1032015
2022-10-07,26767.616148530662,26855.380027741678,25363.41339751384,25626.701171875,1934098
2022-10-10,24705.193171253402,26723.735364539592,24573.550248955846,26328.802734375,1127801
2022-10-11,26328.802132301742,26328.802132301742,25012.36328125,25012.36328125,1023112
2022-10-12,25451.17458342882,26723.734375,25187.886816946895,26723.734375,1663980
2022-10-13,26811.495880010032,28478.986328125,26723.7339365014,28478.986328125,1593098
2022-10-14,28961.68359375,29137.2074855031,28610.631946971982,28961.68359375,1939169
2022-10-17,28917.80133245803,28917.80133245803,27820.769258053828,28698.39453125,1227870
2022-10-18,28961.68402915282,29356.614723170493,28698.39432429312,28786.158203125,994376
2022-10-19,28786.15777036099,29400.495254768655,28435.106123582977,28961.68359375,848893
2022-10-20,28610.631611934627,29839.308497997765,28522.86966708579,29093.326171875,1663642
2022-10-21,29093.32540661882,29093.32540661882,28171.81728340138,28610.630859375,1867611
2022-10-24,28917.800629016452,28917.800629016452,26635.97265625,26635.97265625,1548585
2022-10-25,26328.801850421045,28478.986893815236,25714.464370386075,27469.716796875,1650345
2022-10-26,27645.241761430334,28522.86891326783,27469.715944735668,27820.767578125,770799
2022-10-27,27908.53056014967,29751.546875,27908.53056014967,29751.546875,2292678
2022-10-28,30102.596820235805,30673.055267198415,29663.78515625,29663.78515625,2373476
2022-10-31,29663.785438197126,30585.293611434277,29576.021559257053,30322.00390625,3001385
2022-11-01,30365.885966258083,30848.580526266167,29839.30850218354,29883.19140625,1820168
2022-11-02,29883.192162433636,30146.47993531537,29444.378563752103,29576.021484375,1493367
2022-11-03,29093.326512564825,29663.784955670122,28961.68359375,28961.68359375,1268213
2022-11-04,28961.682939804396,29532.13943839306,27689.12316351297,29224.970703125,2678190
2022-11-07,28786.157120378706,29927.0720491919,28786.157120378706,29224.970703125,1782981
2022-11-08,28961.683349104824,30716.935773260207,28961.683349104824,30629.173828125,3469837
2022-11-09,30804.698882264973,32296.6635021936,30760.8159791552,31726.205078125,5072965
2022-11-10,31550.682425405626,31550.682425405626,29532.140273986457,30453.6484375,2816911
2022-11-11,31594.5625,32033.376082681763,31067.986973436233,31594.5625,2440414
2022-11-14,31243.51108445091,32384.426021248735,30629.173609615384,31506.80078125,1495170
2022-11-15,30716.93510322341,31375.155472287202,29312.732421875,29312.732421875,2128376
2022-11-16,27996.292478967214,31331.275390625,27689.123737333488,31331.275390625,1806420
2022-11-17,31770.08909769773,32033.37686742959,31155.749680566114,31287.39453125,1681560
2022-11-18,31287.393876403763,31638.44358482012,29839.308275733143,31550.681640625,1559178
2022-11-21,32033.377195861616,32033.377195861616,31155.75,31155.75,1448404
2022-11-22,30365.886560589723,32252.78386512249,30365.886560589723,31989.49609375,2376744
2022-11-23,31945.613066881917,33349.817728234935,31550.682377148678,32823.2421875,2721688
2022-11-24,32647.713137586874,33700.864177309886,32296.663434891147,33349.81640625,2016362
2022-11-25,33700.86375,35105.06640625,33525.33986669561,35105.06640625,2889822
2022-11-28,35105.06753486858,35631.6469282544,34227.444226859654,34666.2578125,2936476
2022-11-29,34666.25839666722,35982.6953125,34095.79995306753,35982.6953125,2872693
2022-11-30,35982.69512872382,37123.61201009614,34666.258219614545,36070.4609375,2315666
2022-12-01,36070.461657992644,36421.509447022196,34227.4453125,34227.4453125,2181114
2022-12-02,34227.444414174715,36245.98460120401,34183.561510061816,36158.22265625,1693730
2022-12-05,36333.746411077474,36860.32194211562,35587.76408683413,36202.1015625,1877190
2022-12-06,36070.4614177969,36070.4614177969,34315.20703125,34315.20703125,3012203
2022-12-07,34666.258912058816,34666.258912058816,33788.631712941184,34227.4453125,2026053
2022-12-08,34402.96920701477,36158.22360525003,34051.91755471335,34227.4453125,3078127
2022-12-09,34139.679048453545,34666.258451546455,33613.10350863246,34402.96875,1830198
2022-12-12,34578.49109984444,35017.30467400115,33437.578125,33437.578125,2235431
2022-12-13,33393.697787127065,34666.259567885456,33393.697787127065,33964.15625,1922942
2022-12-14,34841.7832302142,34841.7832302142,34051.91796875,34051.91796875,743077
2022-12-15,33876.39366019857,34973.42765909561,33876.39366019857,34227.4453125,1645161
2022-12-16,33920.27288652825,34666.25910044974,33920.27288652825,34139.6796875,1127125
2022-12-19,34051.91796875,35543.88268008199,34051.91796875,34051.91796875,2160718
2022-12-20,34051.91866284008,34227.44642633881,32911.005584822386,33788.6328125,1862427
2022-12-21,34095.801336670935,34754.02175293374,33744.749675343046,33876.39453125,1614622
2022-12-22,34095.80045997798,35017.30670108836,34008.038512720595,34227.4453125,1505200
2022-12-23,34666.258912058816,34666.258912058816,34227.4453125,34227.4453125,778237
2022-12-26,34227.44572867089,34315.20767699538,34008.03892622372,34051.91796875,1415048
2022-12-27,34051.91537988041,35105.06640625,33964.15343822821,35105.06640625,1685842
2022-12-28,35192.8320609393,37211.37216340935,34754.018491279945,36772.55859375,4161416
2022-12-29,36860.32069238041,36948.0826340326,35105.06640625,35105.06640625,1426317
2022-12-30,35324.47635641059,36421.51038351526,33876.39453125,33876.39453125,2950449
2023-01-02,33876.39453125,33876.39453125,33876.39453125,33876.39453125,0
2023-01-03,34490.73024903674,36158.22265625,34271.32345501583,36158.22265625,1952805
2023-01-04,36158.22352653722,37035.85072374435,35456.12022346278,35807.171875,2333021
2023-01-05,35982.6958623703,36070.461672935926,35324.475462759394,35763.2890625,1324220
2023-01-06,35763.287134151884,37255.25561078648,35631.64615194526,36553.15234375,3832474
2023-01-09,37035.85025374677,37035.85025374677,35851.05432520699,35982.6953125,1494720
2023-01-10,36509.27407149066,36597.03601589697,35763.2878858577,36245.984375,1041255
2023-01-11,36509.2741636047,37035.849694642835,35894.93282466707,36202.1015625,1725621
2023-01-12,36289.86696260845,36816.44248772944,35982.694364955474,36377.62890625,798070
2023-01-13,36509.27299138019,37035.84850551126,36509.27299138019,36684.796875,1836847
2023-01-16,36860.32222312745,39229.9140625,36816.44318211494,39229.9140625,5339139
2023-01-17,39493.20321617818,39756.49291170379,39142.15157656795,39449.3203125,1689448
2023-01-18,39405.44095698435,39975.895520608574,39317.67901360152,39580.96484375,2065495
2023-01-19,39580.96686695703,40634.117967926875,39449.32201351783,40326.94921875,1867047
2023-01-20,40326.94921875,40326.94921875,40326.94921875,40326.94921875,0
2023-01-23,40326.94921875,40326.94921875,40326.94921875,40326.94921875,0
2023-01-24,40326.94921875,40326.94921875,40326.94921875,40326.94921875,0
2023-01-25,40326.94921875,40326.94921875,40326.94921875,40326.94921875,0
2023-01-26,40326.94921875,40326.94921875,40326.94921875,40326.94921875,0
2023-01-27,40809.64490805374,40897.406854161556,39054.39053281018,39098.2734375,1949311
2023-01-30,38615.57703015327,39405.44227353176,38615.57703015327,39054.390625,1363887
2023-01-31,38834.98253008841,39580.96484375,38220.645063136915,39580.96484375,1852060
2023-02-01,39800.37278708051,39932.01763760508,37386.898026126626,37562.42578125,2829082
2023-02-02,37518.5421101966,38264.52443023399,36948.083678425035,37869.59375,3228005
2023-02-03,38176.76203377549,38440.05172632647,37869.593301313806,38045.1171875,1552755
2023-02-06,38001.2384891907,39493.203125,37650.18685039094,39493.203125,1968919
2023-02-07,39493.201799018054,39800.37052392777,38352.284977043,38440.05078125,1767317
2023-02-08,38527.815083838286,39712.6110172701,38527.815083838286,39054.390625,2024701
2023-02-09,39054.39173228818,39493.20533957636,38615.578125,38615.578125,1335151
2023-02-10,38966.62817582455,39098.27302523408,37694.0703125,37694.0703125,1575406
2023-02-13,37694.071019071474,38966.62890625,37694.071019071474,38966.62890625,1791432
2023-02-14,39054.389098269035,39054.389098269035,38001.23805711585,38089.0,1493255
2023-02-15,37869.59576526449,39010.50882625058,37869.59576526449,38615.578125,681323
2023-02-16,39229.91343008225,39493.203125,38615.57595963647,39493.203125,1203641
2023-02-17,39493.205235649664,40195.3046875,39449.32232972755,40195.3046875,1683250
2023-02-20,40195.30169053246,41555.62531342896,40195.30169053246,41423.98046875,1699703
2023-02-21,41423.982567675936,41511.744514151535,40590.23828125,40590.23828125,1123068
2023-02-22,40239.18544290465,40370.83029036353,39493.203125,39493.203125,1120251
2023-02-23,39449.31902071349,39975.89453125,38352.285097399246,39975.89453125,1442319
2023-02-24,39537.08689477909,39975.89662380283,38966.6284521405,39142.15234375,561083
2023-02-27,39054.39117551615,39054.39117551615,38264.52592100362,38834.984375,1058384
2023-02-28,38834.984697808344,39142.15344842986,38659.460801245164,38703.33984375,290289
2023-03-01,38615.5783763683,40063.6640625,38440.05447761923,40063.6640625,834920
2023-03-02,40063.662424199276,40809.64475828573,39844.25562809903,40721.8828125,1100079
2023-03-03,40721.8839165981,40809.64586476333,39712.611854518094,40283.0703125,828722
2023-03-06,40283.070499344234,41248.45966018341,39756.4949446385,40195.3046875,974655
2023-03-07,39932.01651428732,41336.219199413936,39932.01651428732,41160.6953125,1842030
2023-03-08,40721.88320169239,42126.0859375,40283.06960529803,42126.0859375,1385748
2023-03-09,42126.08667597833,42126.08667597833,41292.33851025016,41818.9140625,1319149
2023-03-10,41643.38734618152,41643.38734618152,41204.57377181009,41380.09765625,971613
2023-03-13,40897.40702555051,41160.696728249146,40590.23828125,40590.23828125,1052186
2023-03-14,40458.5921410459,40677.99893188136,39273.79624318876,39537.0859375,1627807
2023-03-15,40370.83027346608,41599.50521384337,39888.13378740949,41072.9296875,708143
2023-03-16,40414.71052502696,41160.696728249146,40414.71052502696,40590.23828125,986826
2023-03-17,41248.45853732651,41248.45853732651,40370.83134895021,40634.1171875,350127
2023-03-20,40370.82951290479,40370.82951290479,39493.20236444255,39800.37109375,660138
2023-03-21,39844.25399648178,40151.42272578923,39317.67848005876,39800.37109375,835709
2023-03-22,40151.425003269236,40546.35569716995,39888.13529848751,40458.59375,631965
2023-03-23,39756.49476023667,40370.83226066524,39756.49476023667,40283.0703125,467550
2023-03-24,40283.06712039528,40634.114885238545,39932.0154922804,39975.89453125,410867
2023-03-27,39975.89747184286,40502.47688438572,39493.2048280411,40370.83203125,757502
2023-03-28,40809.64563285445,41072.931475853984,40370.83203125,40370.83203125,567957
2023-03-29,40370.83157539892,40678.00032039924,39975.89702045122,40546.35546875,341563
2023-03-30,40590.238373723696,40897.407118724004,40546.35546875,40546.35546875,788491
2023-03-31,40546.35546875,41248.458768698016,40414.71061710077,40546.35546875,725385
2023-04-03,40941.29071864714,41072.93170925904,40195.30450106285,40283.0703125,1424063
2023-04-04,40283.070083583494,40502.47688438572,40107.542324978574,40370.83203125,1002490
2023-04-05,40370.82919578416,40634.115020291676,39756.491741994985,39932.015625,1536866
2023-04-06,39932.01842964555,40809.64563285445,39756.49453431253,40370.83203125,1706915
2023-04-07,40151.42601187454,40370.83281694685,39932.019206802215,40063.6640625,824778
2023-04-10,40195.30318730838,40195.30318730838,39229.9140625,39229.9140625,2035294
2023-04-11,39010.50794802782,39186.0357049547,38747.2221075453,38966.62890625,1385072
2023-04-12,39054.39085307751,39317.680556831896,38791.10114932313,38966.62890625,873910
2023-04-13,38966.6276883987,39493.20321617818,38966.6276883987,39449.3203125,877855
2023-04-14,39493.204313282135,39493.204313282135,39010.5078125,39010.5078125,697213
2023-04-17,39010.50663874137,39580.965068882004,38966.62759843623,39493.203125,807536
2023-04-18,39317.68009863131,39493.20399024081,38878.866506335755,39142.15234375,720877
2023-04-19,39273.79765178221,39273.79765178221,38791.10114932313,38966.62890625,509471
2023-04-20,38922.74554760222,39142.15234375,38747.221655992726,39142.15234375,289500
2023-04-21,39142.15321682106,39142.15321682106,38791.1015625,38791.1015625,399486
2023-04-24,38791.09872624905,38791.09872624905,38352.28515625,38352.28515625,521642
2023-04-25,38264.52357069493,38527.81326045112,37869.592899332296,38220.64453125,607624
2023-04-26,38176.764290788546,38878.867603585095,37913.47844594378,38703.33984375,456507
2023-04-27,38703.34030490456,38703.34030490456,38176.76474566891,38527.81640625,183797
2023-04-28,38571.6923910459,38703.33723623509,38176.76171875,38176.76171875,467212
2023-05-01,38176.76171875,38176.76171875,38176.76171875,38176.76171875,0
2023-05-02,38176.76171875,38176.76171875,38176.76171875,38176.76171875,0
2023-05-03,38176.76171875,38176.76171875,38176.76171875,38176.76171875,0
2023-05-04,38176.76118426367,38791.098635516755,38001.237301983245,38396.16796875,424277
2023-05-05,38440.05154350075,38483.93058320275,38132.8828125,38132.8828125,334125
2023-05-08,38220.64589667911,39932.01735141798,38220.64589667911,39229.9140625,1273960
2023-05-09,39229.913206946985,39800.37163384292,39229.913206946985,39580.96484375,733499
2023-05-10,39756.49281991775,39756.49281991775,39054.38954231824,39493.203125,670505
2023-05-11,39493.203125,39712.60991634088,39317.679237235985,39493.203125,575282
2023-05-12,39493.203125,39580.965068882004,39098.272445895105,39493.203125,482651
2023-05-15,40370.83052101101,40370.83052101101,39405.44140625,39405.44140625,490764
2023-05-16,39580.965068882004,39580.965068882004,39273.79633365912,39493.203125,483665
2023-05-17,39493.2035772741,39580.965522161154,39317.6796875,39317.6796875,975782
2023-05-18,39405.44195188244,39449.320993045854,39054.39030621618,39186.03515625,580015
2023-05-19,39142.152799905016,39449.321545437226,38878.86695942249,38966.62890625,679746
2023-05-22,38966.62890625,39449.321545437226,38966.62890625,38966.62890625,684929
2023-05-23,39405.44372211244,39405.44372211244,38483.93359375,38483.93359375,849119
2023-05-24,38483.93359375,38483.93359375,38483.93359375,38483.93359375,0
2023-05-25,38176.76118426367,38615.57475323633,38132.882145329364,38396.16796875,738570
2023-05-26,38703.337463460746,38703.337463460746,38089.0,38089.0,613935
2023-05-29,38571.69544927766,38571.69544927766,38089.00279634162,38527.81640625,752881
2023-05-30,38615.57466312081,38615.57466312081,38264.52303610759,38440.05078125,902421
2023-05-31,38440.054227393506,38615.578125,38220.64742374942,38615.578125,868614
2023-06-01,38615.57835557728,38615.57835557728,38308.40960129581,38527.81640625,696311
2023-06-02,38615.57658215061,39405.44181636539,38615.57658215061,39229.9140625,1355435
2023-06-05,39405.44181636539,39800.372501836886,39229.9140625,39229.9140625,1080809
2023-06-06,39493.2035772741,39493.2035772741,38878.86609979297,39317.6796875,953470
2023-06-07,39317.680650320646,39405.44259735683,38922.74609375,38922.74609375,1090501
2023-06-08,38966.62647221164,39054.38841355713,38352.28515625,38352.28515625,1865470
2023-06-09,38440.05154350075,38659.45833182581,37825.71021822758,38132.8828125,1453250
2023-06-12,38264.52334753934,38308.40625,37737.94783436956,38308.40625,1268438
2023-06-13,38352.28764310698,39054.39094594021,38308.40860122482,38922.74609375,1496861
2023-06-14,39142.153681091426,39229.91562989467,38615.578125,38615.578125,1504186
2023-06-15,38527.81650015659,38791.10234878016,38352.28873780223,38483.93359375,927889
2023-06-16,38878.86453086615,39054.38841355713,38308.40611721307,38352.28515625,1624426
2023-06-19,38440.0518615306,38483.93090159563,38001.23828125,38001.23828125,897012
2023-06-20,38132.88267920138,38176.76171875,37869.592988823,38176.76171875,915831
2023-06-21,38176.76194288415,38615.575520576596,38001.23805711585,38089.0,915944
2023-06-22,38089.0,38089.0,38089.0,38089.0,0
2023-06-23,38527.81553485871,39449.32177686123,38352.28777690212,38878.8671875,2154520
2023-06-26,39054.3910821847,39361.559829518876,38527.81553485871,38878.8671875,1380565
2023-06-27,38703.33942954341,39010.508176877585,38615.577482201064,38878.8671875,894533
2023-06-28,38878.86490582764,39800.37109375,38747.22006090397,39800.37109375,2634016
2023-06-29,39844.25586837849,40283.06946322522,39054.390625,39054.390625,1782755
2023-06-30,39054.38919124984,39317.678883800814,38045.1171875,38045.1171875,1098727
2023-07-03,38527.815083838286,39054.390625,38352.287327936494,39054.390625,1223137
2023-07-04,38966.62978348493,39098.274638325776,38396.17132135591,38615.578125,1333460
2023-07-05,38791.10124155979,39273.797745166616,38659.46025264144,38922.74609375,1458659
2023-07-06,38791.10211667616,39186.03668215642,38264.52655930777,38571.6953125,1506665
2023-07-07,38352.28777690212,38878.8671875,38352.28777690212,38878.8671875,991784
2023-07-10,38966.62728314404,41204.57421875,38791.09953352855,41204.57421875,5206728
2023-07-11,41423.9818749596,41599.50576497558,40809.64439663189,40853.5234375,2952703
2023-07-12,41204.57476120406,41380.0986498586,40502.47534331413,40985.16796875,2628043
2023-07-13,41160.6953125,41687.27083651351,40853.52271549305,41160.6953125,2123755
2023-07-14,41160.69562908384,41818.91214170957,40414.70944578265,41029.05078125,2936814
2023-07-17,41029.05197037324,41336.22071537355,40546.35546875,40546.35546875,2514677
2023-07-18,40546.35438384189,40985.16796875,40546.35438384189,40985.16796875,1878767
2023-07-19,41160.696728249146,41160.696728249146,40239.18663207577,40590.23828125,2625113
2023-07-20,40546.355376376276,40721.883132599316,40239.18663207577,40590.23828125,1053200
2023-07-21,40590.237197318354,41029.05078125,40458.59234948451,41029.05078125,1602564
2023-07-24,41160.695494617,41775.03296480564,41072.9296875,41072.9296875,2219993
2023-07-25,41029.04988737018,41423.980558995805,40985.166984624375,41380.09765625,1827381
2023-07-26,41380.09725399473,42169.96245283937,41380.09725399473,41555.625,2624662
2023-07-27,41511.74349798538,41599.50544231266,40941.28892822224,40985.16796875,1543514
2023-07-28,40985.16796875,41511.74349798538,40721.88213576818,40985.16796875,1977258
2023-07-31,41248.45658469249,41643.38725545772,40985.166895334565,41423.98046875,2110683
2023-08-01,41731.15093317896,43442.52239537027,41423.98219166664,42301.609375,4298109
2023-08-02,42301.60745445644,43266.99653963895,42257.724551973384,43091.47265625,2654525
2023-08-03,43091.47383113778,43135.35287154556,42477.132495983176,42608.77734375,2360179
2023-08-04,42564.89862051303,42915.94639947806,42301.608923017484,42477.1328125,2474672
2023-08-07,42740.42156042699,43398.641926270335,42521.01477181255,42872.06640625,2259096
2023-08-08,42915.94585319618,43398.64233803645,42608.77711887587,42696.5390625,2372011
2023-08-09,42696.540062191285,42828.18491234565,42169.964524845636,42301.609375,2031011
2023-08-10,42301.60919112269,42477.133081717664,40809.64453125,40809.64453125,2943575
2023-08-11,40809.64408009546,41160.695720676296,40019.778854606506,40985.16796875,2369194
2023-08-14,41248.45960228341,41818.91419883859,40941.29085107556,41775.03515625,2385759
2023-08-15,41599.50480316549,41775.03255239492,41116.81218514585,41248.45703125,1868400
2023-08-16,41204.57692346232,41775.03538643268,41160.69788063195,41687.2734375,1525484
2023-08-17,41687.27038328289,41862.794268288504,41336.21875,41336.21875,1877415
2023-08-18,41336.22122723782,41336.22122723782,38703.33961473771,38791.1015625,3206481
2023-08-21,39142.15020706661,41116.81126460423,39054.38826605259,40019.77734375,2039689
2023-08-22,39405.44328707736,40326.94954199442,39054.39162951623,40195.3046875,1450883
2023-08-23,40546.356577397906,40546.356577397906,39844.25712152443,40107.54296875,1536077
2023-08-24,40107.5427389277,40458.594396488836,39800.37398728868,40195.3046875,1532696
2023-08-25,40195.30208308682,40195.30208308682,39537.085579807055,39668.7265625,1323769
2023-08-28,39800.371003617605,40283.06747948738,39756.49196425686,39844.25390625,834244
2023-08-29,39844.2568932108,40458.594396488836,39800.37398728868,40195.3046875,1532133
2023-08-30,40370.83157539892,40897.407118724004,40195.303818775996,40546.35546875,1266410
2023-08-31,40677.998696446935,41204.57421875,40634.11579322514,41204.57421875,1880683
2023-09-01,41204.57421875,41204.57421875,41204.57421875,41204.57421875,0
2023-09-04,41204.57421875,41204.57421875,41204.57421875,41204.57421875,0
2023-09-05,41248.459829564636,41862.797335365365,41248.459829564636,41687.2734375,1535175
2023-09-06,41862.79381699848,41862.79381699848,41380.097343529116,41511.7421875,1328277
2023-09-07,41687.26984368604,42257.72439420619,41423.980156313955,41555.625,1321515
2023-09-08,41687.270609416046,41731.14964926964,41204.57412812472,41248.45703125,1803828
2023-09-11,41599.50590219919,41599.50590219919,40370.83094149076,40809.64453125,1089937
2023-09-12,41029.05024216697,41248.45703125,40721.88151010508,41248.45703125,1117546
2023-09-13,41336.21897422887,41555.625763311895,40809.643453083954,41248.45703125,1353519
2023-09-14,41248.45757321582,42038.318933675386,41029.05078125,41029.05078125,2111697
2023-09-15,41248.457438462276,41599.50521384337,41072.9296875,41072.9296875,1187752
2023-09-18,41248.459800310375,41248.459800310375,39756.495079697044,40151.42578125,1630173
2023-09-19,40195.30208308682,40502.47467809484,39493.20267672829,39668.7265625,1340560
2023-09-20,39668.729360102094,40107.54296875,39580.967411026904,40107.54296875,758741
2023-09-21,40107.54014020096,40414.7088719373,39580.96461961414,39668.7265625,1031338
2023-09-22,39317.680800450966,40414.7109375,38791.10138967942,40414.7109375,2053775
2023-09-25,40414.70910079442,40414.70910079442,39405.44095698435,39580.96484375,1170060
2023-09-26,39756.494248773444,39756.494248773444,38791.10124155979,38922.74609375,1264156
2023-09-27,38922.746001200314,39229.914746732524,38834.984054372806,38966.62890625,1216826
2023-09-28,38922.74609375,39229.914840012585,38834.98414671381,38922.74609375,783871
2023-09-29,38966.62899890402,39273.797745166616,38791.10124155979,38922.74609375,611455
2023-10-02,38922.74697183624,39186.03668215642,38440.05432061187,38571.6953125,775419
2023-10-03,38308.40688319295,38396.16882629324,36465.390625,36465.390625,1505876
2023-10-04,35982.69591751084,37694.07127708488,35982.69591751084,37299.13671875,1006209
2023-10-05,37299.134786712384,37606.30351843628,36465.39053442301,36509.2734375,592862
2023-10-06,36509.27600490468,37299.137409661686,36158.22434541714,37035.8515625,625654
2023-10-09,37035.84819054467,37123.61013160821,36684.79656301888,36816.44140625,788604
2023-10-10,37035.85188762248,37299.137737095436,36772.56217487752,36904.20703125,987840
2023-10-11,37299.13387951021,37299.13387951021,36640.91352899489,36860.3203125,1259310
2023-10-12,36904.20680072389,37211.37555482625,36772.56194517375,36991.96875,1144817
2023-10-13,37035.8508764653,37299.13671875,36948.08506576518,37299.13671875,1157326
2023-10-16,37299.134650431464,37299.134650431464,36202.10071023176,36553.15234375,1096924
2023-10-17,36772.559904709575,37035.849601200236,36245.984375,36245.984375,1102671
2023-10-18,36245.98323754342,36289.86614000533,35105.06640625,35105.06640625,1640315
2023-10-19,35280.59375,35631.64537587218,34841.78018347768,35280.59375,1318022
2023-10-20,35280.59696654569,35543.8828125,34710.138505403425,35543.8828125,1102558
2023-10-23,35368.359375,35543.88327458476,35192.835475415246,35368.359375,796492
2023-10-24,35236.71235614813,36377.629223245334,35236.71235614813,36245.984375,1031564
2023-10-25,36245.985567523414,36509.27527267653,35763.2890625,35763.2890625,835934
2023-10-26,35105.06911377685,35894.93437610931,34227.44576629537,35587.765625,2226754
2023-10-27,35587.762513479014,36860.3203125,35280.593789226186,36860.3203125,1008012
2023-10-30,36772.56055261712,36772.56055261712,35982.6953125,35982.6953125,609202
2023-10-31,35982.69313847277,36421.506704995096,35280.59375,35280.59375,614160
2023-11-01,35894.93160766301,35894.93160766301,34841.78058129342,35105.06640625,395429
2023-11-02,35851.052939985195,36553.15234375,35631.64615194526,36553.15234375,777786
2023-11-03,37079.72818229865,37079.72818229865,36421.5078125,36421.5078125,634895
2023-11-06,36553.152030649326,37035.84850551126,36509.27299138019,36684.796875,661377
2023-11-07,36860.32075861981,36860.32075861981,36421.507186298644,36684.796875,598721
2023-11-08,36553.15352436758,37737.94944539623,36465.39157897134,37650.1875,1089374
2023-11-09,37737.94953755172,37869.59438760345,37386.897891837725,37606.3046875,852725
2023-11-10,37211.37546060779,37650.18906914922,36948.08575017415,37035.8515625,707017
2023-11-13,37035.85175027082,37474.66536103703,36816.44494488772,36948.0859375,534037
2023-11-14,37079.72883732368,38132.883765568855,37079.72883732368,37737.94921875,1771036
2023-11-15,38089.002250814745,38747.22265625,37913.47835467411,38747.22265625,1633103
2023-11-16,38834.98153772266,38966.62638106878,38132.882145329364,38396.16796875,1093431
2023-11-17,38615.57662590217,38615.57662590217,37343.01875947728,37650.1875,1363210
2023-11-20,36860.32173429212,38483.93122220215,36860.32173429212,37869.59375,912563
2023-11-21,38352.28850832384,38571.6953125,37737.95100193938,38571.6953125,928790
2023-11-22,38571.692165631895,38615.57506819573,38088.99955378795,38264.5234375,831764
2023-11-23,38615.57639398509,38615.57639398509,37737.94921875,37737.94921875,851147
2023-11-24,37737.94783436956,38308.40625,37211.37232119978,38308.40625,913915
2023-11-27,38308.407655307165,38308.407655307165,37562.42532901169,37737.94921875,842470
2023-11-28,38570.90431949807,38570.90431949807,37779.70628217504,38422.5546875,833900
2023-11-29,38570.9061903626,38867.60546875,38472.006430900125,38867.60546875,811800
2023-11-30,38570.90431949807,39065.40309282497,38373.104810167315,38422.5546875,726300
2023-12-01,38472.00512571383,39065.40366235723,38422.55524766022,38966.50390625,761100
2023-12-04,39065.40618129711,39362.10546875,38917.056537570665,39362.10546875,711900
2023-12-05,39362.10354271753,39461.00330036255,38966.50451213745,39213.75390625,654400
2023-12-06,39213.753198242186,39955.5013671875,38966.50380859375,39559.90234375,1157100
2023-12-07,39906.05139220289,40548.89980372537,39559.90224753695,40153.30078125,1955000
2023-12-08,40153.3031026253,41537.89976133651,40153.3031026253,41439.0,2406400
2023-12-11,41537.89855072464,41735.69806763285,40895.05012077295,40944.5,1589400
2023-12-12,41043.40095465394,41587.349642004774,40746.70167064439,41439.0,956500
2023-12-13,41439.00006573017,41537.89982722356,40153.30316631611,41142.30078125,793400
2023-12-14,41191.750661996695,41340.10030423678,40845.601496769836,41142.30078125,779800
2023-12-15,40993.94855986445,41241.197948042165,40796.14904932229,41043.3984375,562000
2023-12-18,40598.352224657014,41043.40115282012,40054.40353467988,40548.90234375,678400
2023-12-19,40548.89970797937,41043.39848490595,40103.85080874545,40746.69921875,823300
2023-12-20,41439.000132415254,41537.8998940678,40351.10275423729,40845.6015625,1024900
2023-12-21,40449.99985982356,41438.99741140849,40449.99985982356,41340.09765625,1136900
2023-12-22,41340.09691548881,41982.9453125,40944.49790194346,41982.9453125,1189100
2023-12-25,42032.39700882523,42823.59507016782,41537.89822048611,42724.6953125,1173400
2023-12-26,42724.69404069767,43070.8431822311,42230.19526707849,42526.89453125,1163800
2023-12-27,42329.09502180233,42724.69404069767,42329.09502180233,42526.89453125,938900
2023-12-28,42526.894576990635,42675.24420923595,42230.1953125,42230.1953125,1099500
2023-12-29,42230.19776965726,42922.49609375,41834.598727318546,42922.49609375,882100
2024-01-01,42922.49609375,42922.49609375,42922.49609375,42922.49609375,0
2024-01-02,42922.49355014535,43120.29305959302,42230.19526707849,42526.89453125,1112000
2024-01-03,42922.494720319635,43614.79302226027,42526.89569063927,43318.09375,1559300
2024-01-04,43416.99549863975,44504.89288015464,43120.29621277205,43169.74609375,3213200
2024-01-05,43219.192591292136,44455.43951896067,43219.192591292136,44010.390625,1329800
2024-01-08,44307.09213362069,45988.388040476835,44158.74249478044,45889.48828125,1949000
2024-01-09,46482.88757125407,46482.88757125407,45543.33984375,45543.33984375,1741100
2024-01-10,45543.33766811709,47274.0833992616,45493.88779008439,46878.484375,2141800
2024-01-11,46680.68501344086,46730.13489163306,45691.68744959677,45988.38671875,3385600
2024-01-12,45394.98696501359,46680.68376358696,44554.339058254074,45493.88671875,3074500
2024-01-15,45543.34037184817,46482.88811024678,45543.34037184817,46087.2890625,1335700
2024-01-16,45543.34030600346,46433.43816214686,45543.34030600346,46383.98828125,1130700
2024-01-17,46037.835891642215,46482.8847885539,45790.58650446905,46334.53515625,1463000
2024-01-18,46334.538268914475,47323.535884046054,46136.73874588816,46977.38671875,2278300
2024-01-19,47372.98214173772,49301.52734375,46680.68386409228,49301.52734375,2954000
2024-01-22,49400.427757906626,49647.67714608434,48164.18081701807,49252.078125,2365400
2024-01-23,48955.380226783906,49252.07950088563,48114.7322834957,48856.48046875,2182200
2024-01-24,47966.381446510735,48658.67973542945,47916.931568730826,48361.98046875,1868700
2024-01-25,48361.98046875,48361.98046875,48361.98046875,48361.98046875,0
2024-01-26,47867.481039325845,48411.4296875,47867.481039325845,48411.4296875,812400
2024-01-29,48361.983115695584,48658.682398613964,47966.384071804416,48164.18359375,984500
2024-01-30,48263.08275283798,48361.9825125774,47669.684194401445,47916.93359375,1121300
2024-01-31,47966.38164144392,48263.08090932914,46977.38408182652,47175.18359375,1673600
2024-02-01,46977.38611937831,47422.43504050926,46631.23695849868,46730.13671875,1542600
2024-02-02,46730.13671875,46730.13671875,46730.13671875,46730.13671875,0
2024-02-05,46581.78427704265,48856.47862602775,46532.3343998908,48114.73046875,2249900
2024-02-06,48263.08203125,48263.08203125,47471.883965163935,48263.08203125,1527400
2024-02-07,48263.08005617977,48510.32944171348,48065.28054775281,48411.4296875,1859200
2024-02-08,48411.4296875,48411.4296875,48411.4296875,48411.4296875,0
2024-02-09,48411.4296875,48411.4296875,48411.4296875,48411.4296875,0
2024-02-15,48411.4296875,48708.12895014045,47916.93091643258,48411.4296875,1625600
2024-02-16,48460.880937821836,48460.880937821836,47768.5826387101,48015.83203125,1353000
2024-02-19,48213.63334733139,49746.57963837475,47719.13454376902,48757.58203125,3283300
2024-02-20,48955.380226783906,49647.67853302125,48856.48046875,48856.48046875,1569300
2024-02-21,49202.62890625,49252.07878454774,48361.98097518844,49202.62890625,1850900
2024-02-22,49252.07878454774,49350.97854114322,48955.379514761305,49202.62890625,1596200
2024-02-23,49252.08028846154,52614.672115384616,48757.58149038462,51427.875,6935200
2024-02-26,52219.07147854478,53900.36734054338,51427.873425839556,53010.26953125,1533000
2024-02-27,53109.16939121462,53405.868661556604,52416.87109375,52416.87109375,1742700
2024-02-28,52614.670454545456,54197.06655844156,51724.5726461039,53306.96875,2342300
2024-02-29,53306.968904775946,53405.868661556604,52416.87109375,52416.87109375,1337300
2024-03-01,52713.57157564253,53702.56916617991,51823.47374415888,52911.37109375,1246100
2024-03-04,53010.27085280374,53900.36868428739,51922.37350321262,52911.37109375,2330400
2024-03-05,52911.370921415444,53801.46875,52317.97236902574,53801.46875,1200400
2024-03-06,53405.86971507353,54197.06778492647,52911.370921415444,53801.46875,1585300
2024-03-07,53801.46763602251,53801.46763602251,52614.670555816134,52713.5703125,2125200
2024-03-08,52812.47182301859,52812.47182301859,49054.28094422701,50537.77734375,2740700
2024-03-11,51230.075788985145,51823.474350247525,49944.37890625,49944.37890625,1478700
2024-03-12,50043.27836538462,51526.774759615386,49944.378605769234,51427.875,1210100
2024-03-13,51625.67439995247,52021.2734375,51230.07536240494,52021.2734375,1398100
2024-03-14,52911.37145641925,52911.37145641925,50834.47650205513,51131.17578125,1482400
2024-03-15,51032.27334770115,52219.07040229885,50438.8748204023,51625.671875,1433700
2024-03-18,51427.875,52219.07307692308,49350.980048076926,51427.875,1481000
2024-03-19,51526.77221111918,51526.77221111918,50438.87490915698,51032.2734375,765300
2024-03-20,51032.274498820756,52515.77085053066,49944.37717423349,52416.87109375,3132600
2024-03-21,52614.67060731132,52812.47012087264,52219.071580188676,52416.87109375,1857100
2024-03-22,52713.57016115083,56076.16187874769,52713.57016115083,53603.66796875,4361200
2024-03-25,53603.66817511792,54889.365013266506,52120.17182340802,52416.87109375,1262200
2024-03-26,52416.87109375,53306.968904775946,52416.87109375,52416.87109375,1409500
2024-03-27,52713.56912946429,52713.56912946429,51922.37109375,51922.37109375,1607900
2024-03-28,52614.67199382129,53306.97030952947,51922.373678113116,52021.2734375,1358700
2024-03-29,52614.67076535509,52614.67076535509,51427.873680422264,51526.7734375,1788300
2024-04-01,51625.673194577736,52120.17197996641,51131.174409189065,51526.7734375,1362900
2024-04-02,51328.97265625,51823.4714294316,50933.373637704724,51328.97265625,1576300
2024-04-03,51427.87254901961,51724.57181372549,50438.875,50438.875,1496500
2024-04-04,51230.073039215684,51230.073039215684,50438.875,50438.875,1093500
2024-04-05,50339.97800983566,50339.97800983566,49647.6796875,49647.6796875,1654900
2024-04-08,49647.679564468504,51032.27620570866,49449.88004429134,50241.078125,904800
2024-04-09,50537.77576494307,52120.171875,50241.0764943074,52120.171875,1751000
2024-04-10,52219.07307692308,52219.07307692308,51328.975240384614,51427.875,1193200
2024-04-11,50933.37474204009,52812.47012087264,50735.575228478774,52416.87109375,2276400
2024-04-12,52416.86973314607,53900.36604634832,52219.0702247191,52812.46875,3374100
2024-04-15,52713.57097271127,53900.36806778169,49153.1796875,49153.1796875,2541500
2024-04-16,49153.17957877734,50636.675944334,48905.93018451789,49746.578125,2349900
2024-04-17,50339.97847095894,50438.87823219854,47471.885395010395,47570.78515625,1973200
2024-04-19,47372.98235522234,48955.37842554292,46581.78432006205,47818.03125,2170000
2024-04-22,48263.080526447106,49548.77734375,48263.080526447106,49548.77734375,1298900
2024-04-23,48658.68095268219,49944.377807122975,47966.382646444836,48856.48046875,2273300
2024-04-24,48905.93023828125,49845.4779375,48807.03048046875,49449.87890625,1416800
2024-04-25,49202.630890877015,49746.57957409274,48757.58196824597,49054.28125,1053600
2024-04-26,49054.27870934959,49548.77748666159,48559.7799320376,48658.6796875,774500
2024-04-29,48658.6796875,48658.6796875,48658.6796875,48658.6796875,0
2024-04-30,48658.6796875,48658.6796875,48658.6796875,48658.6796875,0
2024-05-02,48757.5794429624,49153.178464811994,48312.5305433816,48658.6796875,568700
2024-05-03,49103.72858708079,49350.97797573679,48460.88017657521,48658.6796875,700800
2024-05-06,48757.58178372525,49944.37890625,48757.58178372525,49944.37890625,1192000
2024-05-07,50043.277453125,50438.876484375,49449.87890625,49449.87890625,1069500
2024-05-08,49548.77739081325,50241.07567771084,49252.078125,49252.078125,1057600
2024-05-09,49746.57694917929,49746.57694917929,48955.37890625,48955.37890625,970600
2024-05-10,49054.280708460756,49202.630347700055,48411.432271757134,48510.33203125,827700
2024-05-13,48658.67978395062,48955.37905092593,47966.381494341564,48065.28125,1663700
2024-05-14,48263.083484927236,48658.68252988566,47521.3352756302,47570.78515625,1948300
2024-05-15,47916.931616512345,48411.43039480453,47818.03186085391,48065.28125,1393000
2024-05-16,48609.232327368954,49746.57957409274,48510.33256678427,49054.28125,2097300
2024-05-17,49103.7305281155,49153.18040780142,48658.68161094225,48807.03125,1518300
2024-05-20,49054.28125,50142.178616431454,48955.381489415326,49054.28125,2191900
2024-05-21,49449.87890625,49746.5781796875,48856.480359375,49449.87890625,1794700
2024-05-22,49944.37641189759,50636.67469879518,49202.62824736445,49252.078125,2428000
2024-05-23,49252.07817234848,49647.67719381313,48856.47915088384,48955.37890625,1788900
2024-05-24,49054.27870934959,50043.27626397358,47966.38139926321,48658.6796875,2175600
2024-05-27,48856.479246549075,48856.479246549075,48015.831324290644,48361.98046875,763200
2024-05-28,48460.88149185336,48658.68100814664,48065.282459266804,48559.78125,1230700
2024-05-29,48905.92917309671,48905.92917309671,48065.28125,48065.28125,1388900
2024-05-30,47867.48188548218,47966.38164144392,46878.48432586478,47175.18359375,2092000
2024-05-31,47175.183693272294,47768.58223029459,46581.78515625,46581.78515625,1967800
2024-06-03,46581.78515625,46581.78515625,46581.78515625,46581.78515625,0
2024-06-04,47323.534553079044,47669.683708639706,47026.835276884194,47076.28515625,1112900
2024-06-05,47372.98376836306,47669.68304039874,47125.734375,47125.734375,1799400
2024-06-06,47175.18485777662,47570.783892223386,47175.18485777662,47372.984375,1413000
2024-06-07,47570.78195353403,47768.58146269633,47175.18293520942,47224.6328125,1233400
2024-06-10,47323.53388969045,48015.83219110703,47026.83461765477,47125.734375,2062700
2024-06-11,47274.084064809926,47323.53394353881,46680.68552006336,46829.03515625,2535500
2024-06-12,47076.285099164925,47422.434254305845,46482.88654749478,47372.984375,2649200
2024-06-13,47818.03125,47818.03125,47372.98235522234,47818.03125,2615400
2024-06-14,47867.48457236842,48213.63373766447,46977.38671875,46977.38671875,2240900
2024-06-17,46977.38428259408,46977.38428259408,45988.38671875,45988.38671875,2812800
2024-06-18,46186.18623151882,46532.33537886425,45988.38671875,45988.38671875,1468000
2024-06-19,46285.08737798264,46285.08737798264,45345.53966411334,45592.7890625,2599500
2024-06-20,45493.88942307692,45691.688942307694,44851.040985576925,44999.390625,2671200
2024-06-21,45098.2890625,45938.936994586074,45048.839184141994,45098.2890625,1540200
2024-06-24,45493.888194444444,45840.037343749995,44504.890625,44504.890625,1951000
2024-06-25,44900.48845800339,45197.18772094174,43070.84300321691,43713.69140625,2891100
2024-06-26,43763.14123946629,44307.08988764045,43515.89185393258,44010.390625,1689800
2024-06-27,44208.191512542515,44504.89078443877,43614.79296875,43614.79296875,1573600
2024-06-28,43614.79245845376,44109.29123916185,42774.14453125,42774.14453125,2120500
2024-07-01,42823.59366101936,43416.9921875,42526.89439777904,43416.9921875,1236800
2024-07-02,43763.14421106557,45296.090505464475,43565.344689207646,45246.640625,3612500
2024-07-03,45493.89036016949,46680.6875,45048.841432733054,46680.6875,4601800
2024-07-04,46482.8866609408,46878.48569635306,46285.08714323467,46779.5859375,2666100
2024-07-05,46829.03581692653,47669.68376717759,46581.78641979387,46779.5859375,4622000
2024-07-08,47026.83539311835,47274.08479055851,46235.63732130984,46482.88671875,1981700
2024-07-09,46977.38671875,47471.88552631579,46383.98814967105,46977.38671875,2572300
2024-07-10,47323.536018290244,47372.9858991871,46383.98828125,46383.98828125,2019900
2024-07-11,46927.93435329861,46927.93435329861,46285.0859375,46285.0859375,1293700
2024-07-12,46383.988348310086,46680.68763412017,45741.139895721564,46087.2890625,1435600
2024-07-15,46482.884834854995,46532.33471233888,45790.58655008056,46037.8359375,1185400
2024-07-16,46285.085233297985,47768.58155487805,45988.38596898197,46631.234375,4079700
2024-07-17,47372.98305664063,49449.8779296875,47026.83391113282,47471.8828125,7855000
2024-07-18,48065.28257087629,48757.58087951031,47323.534383054124,47966.3828125,3362700
2024-07-19,48263.08090932914,48460.88042125262,46977.38408182652,47175.18359375,3082700
2024-07-22,47175.18359375,48164.181153367404,46680.6848139413,47175.18359375,3438100
2024-07-23,47274.08228600543,47719.13117781929,44010.390412703804,45493.88671875,3359700
2024-07-24,44504.8917095987,46334.53725765998,44504.8917095987,45592.7890625,2478000
2024-07-25,45938.93561056386,45938.93561056386,44999.38795006793,45493.88671875,1465000
2024-07-26,45790.586596283785,46037.835983952704,45345.537698479726,45741.13671875,1238300
2024-07-29,45840.03698497213,46730.13479050557,45840.03698497213,46581.78515625,1045400
2024-07-30,46829.034597021906,46829.034597021906,45988.386668669875,46285.0859375,2282100
2024-07-31,46482.886603860294,47867.483226102944,46383.986845128675,47076.28515625,3161200
2024-08-01,47372.983256543805,48361.9808193109,46285.0859375,46285.0859375,3825500
2024-08-02,45988.385880235604,47224.6328125,45988.385880235604,47224.6328125,1968800
2024-08-05,46383.98713733731,46680.6864154013,44504.8917095987,45592.7890625,2723100
2024-08-06,45889.487566844924,47125.73453793449,45345.53889956551,46235.63671875,1806100
2024-08-07,46878.485873518315,46878.485873518315,45493.889244342674,45889.48828125,2145000
2024-08-08,45988.38548743207,46285.084748641304,45197.187457540764,45493.88671875,1424000
2024-08-09,46482.88677730193,46482.88677730193,45840.03834314775,46186.1875,1050900
2024-08-12,46186.18618122329,46829.034597021906,45988.386668669875,46285.0859375,1358400
2024-08-13,46482.88744306002,46631.237083835746,45988.38864047427,46136.73828125,1015400
2024-08-14,46285.08654357067,47224.63424050213,46285.08654357067,46532.3359375,1703800
2024-08-15,46532.3373233186,46927.93636538719,46136.73828125,46136.73828125,1004300
2024-08-16,46235.638507401316,47521.335407072365,46235.638507401316,46977.38671875,2382200
2024-08-19,47274.08461638831,47966.38292667014,47076.285099164925,47372.984375,2107200
2024-08-20,47768.5825359232,48658.68034715158,47620.23290071847,48609.23046875,4359400
2024-08-21,48905.930131392044,50241.07685894269,48510.33110100667,50043.27734375,6170900
2024-08-22,50438.87642892644,50735.57570203777,49350.97909418489,49746.578125,2738000
2024-08-23,49647.67962561881,50241.07818688119,49548.77986540842,49944.37890625,2273200
2024-08-26,50241.078249501996,50339.97800983566,49548.77992716634,49647.6796875,2246500
2024-08-27,49746.57957409274,49746.57957409274,48559.78244707661,49054.28125,4159800
2024-08-28,49054.28125,49746.57957409274,48955.381489415326,49054.28125,1206100
2024-08-29,48757.58203125,50043.27892051217,48757.58203125,48757.58203125,1686100
2024-08-30,49004.8288798888,49153.17851322853,48361.98046875,48361.98046875,1798000
2024-09-04,47966.38079353933,48905.92845856742,47620.231653792136,48411.4296875,1971000
2024-09-05,48213.6334742364,48955.38168153234,48065.283832777204,48164.18359375,1899400
2024-09-06,48164.183466975155,48955.38155267495,48114.73358661892,48757.58203125,2361500
2024-09-09,48658.6816704893,49004.83082871432,48361.9823920107,48510.33203125,1202400
2024-09-10,48757.58087951031,48757.58087951031,47916.93293331186,47966.3828125,2399900
2024-09-11,47916.93166488742,48114.731176403984,47471.882763975154,47768.58203125,1405800
2024-09-12,47966.38088159256,48164.18039038263,47818.03125,47818.03125,1105200
2024-09-13,47669.68359375,48015.8327484764,47669.68359375,47669.68359375,747400
2024-09-16,47669.68170811518,48065.28072643979,47224.6328125,47224.6328125,1570700
2024-09-17,47274.08574499487,48164.18359375,46977.38646207649,48164.18359375,1363300
2024-09-18,48263.08263251784,48905.93106922146,47966.383354039244,48510.33203125,1836300
2024-09-19,48658.67902918781,48856.478537436546,48263.080012690356,48708.12890625,1356100
2024-09-20,48955.38094896789,49350.97998693935,48510.33203125,48510.33203125,2652200
2024-09-23,48510.33275715477,48856.48192055955,48164.18359375,48164.18359375,1217700
2024-09-24,48411.4296438769,48708.12890625,47966.38075031726,48708.12890625,1414200
2024-09-25,49153.1796328125,49845.4779375,48807.03048046875,49449.87890625,5257900
2024-09-26,49746.5781796875,50241.07696875,49301.52926953125,49449.87890625,4232600
2024-09-27,49746.57685410429,51131.17342658433,49449.877588572854,49548.77734375,3204000
2024-09-30,49548.778719190144,49647.67847711268,49054.27992957747,49153.1796875,2190600
2024-10-01,49153.1796875,50142.17726672535,49153.1796875,49153.1796875,2817700
2024-10-02,49153.178369728914,49647.67714608434,49054.27861445783,49252.078125,1835200
2024-10-03,49252.07817234848,50241.0757260101,48955.37890625,48955.37890625,3503800
2024-10-04,48955.37895388719,49054.27870934959,48609.2298097688,48658.6796875,2164800
2024-10-07,48955.38094896789,48955.38094896789,48460.88215150357,48510.33203125,1492500
2024-10-08,48510.33010208972,48807.029368769174,48263.08071319018,48361.98046875,1900100
2024-10-09,48658.680295753285,49054.27932254803,48263.081268958544,48905.9296875,2190900
2024-10-10,49400.428419440956,49400.428419440956,48856.47975816583,49202.62890625,2650400
2024-10-11,49301.52937990258,49301.52937990258,48757.580710716094,48856.48046875,1539800
2024-10-14,48955.380226783906,49202.62962186868,48856.48046875,48856.48046875,1161900
2024-10-15,48955.3801171875,50438.876484375,48955.3801171875,49449.87890625,6928400
2024-10-16,49449.87697467402,49944.375744420766,49252.07746677533,49301.52734375,1791000
2024-10-17,49647.67836729622,49746.578125,49004.82994222167,49746.578125,2118900
2024-10-18,50142.17715581511,50438.87642892644,49746.578125,49746.578125,3395100
2024-10-21,49449.87962613293,49647.67914463746,49103.73046875,49103.73046875,2125200
2024-10-22,49153.180528846155,49153.180528846155,48164.18293269231,48213.6328125,3371900
2024-10-23,48213.6335388688,48213.6335388688,47471.88533057851,47867.484375,2397200
2024-10-24,47570.78256835938,48312.53073730469,47471.8828125,47471.8828125,1465200
2024-10-25,47521.335407072365,47768.58481085526,46977.38671875,46977.38671875,1696500
2024-10-28,46977.38671875,47224.636122532895,46779.58719572368,46977.38671875,1726200
2024-10-29,47175.18557768139,47916.933778588325,46977.38605743954,47026.8359375,2176400
2024-10-30,47125.73371576913,47669.6823735587,47125.73371576913,47175.18359375,1415800
2024-10-31,47471.88219895288,47916.93109456806,47125.73305791885,47224.6328125,1792200
2024-11-01,47471.88219895288,47570.78195353403,47026.8333033377,47224.6328125,1543200
2024-11-04,47224.63347173087,47669.6823735587,47026.83395980739,47175.18359375,1337100
2024-11-05,47175.1836431962,47372.983155327005,46829.0344969673,46878.484375,1526000
2024-11-06,47076.28313605619,47620.23178573751,47076.28313605619,47521.33203125,1082600
2024-11-07,47867.483226102944,47867.483226102944,47076.28515625,47076.28515625,1263600
2024-11-08,47175.1836431962,47372.983155327005,46482.8853507384,46878.484375,2648700
2024-11-11,46878.48452620968,46977.38428259408,45889.48696236559,45988.38671875,2600300
2024-11-12,45988.38544478942,46334.53458254589,45790.5859375,45790.5859375,1686200
2024-11-13,45790.5879181338,45988.387433978874,45345.539007482395,45642.23828125,1816400
2024-11-14,45741.13882211538,45741.13882211538,44999.390625,44999.390625,1998500
2024-11-15,45098.28921979866,45098.28921979866,44208.19140625,44208.19140625,2255800
2024-11-18,44158.7409176392,45098.28859673791,43960.94140625,43960.94140625,1914300
2024-11-19,44702.69152886771,44702.69152886771,44109.29296875,44109.29296875,1457400
2024-11-20,44208.191354166665,45345.53855902777,44010.39184027778,44504.890625,2188800
2024-11-21,44603.78967406285,45147.73832862459,44603.78967406285,44851.0390625,1472400
2024-11-22,45296.087253829326,45296.087253829326,44752.13860776806,45197.1875,1874700
2024-11-25,45197.18948099616,45296.08923916026,44999.38996466795,45048.83984375,1110400
2024-11-26,44999.388555743244,45741.13671875,44999.388555743244,45741.13671875,1839300
2024-11-27,45741.13930184735,45938.93882315264,45543.33978054207,45840.0390625,1214900
2024-11-28,45988.38809991866,46037.837979595985,45592.7890625,45592.7890625,1284700
2024-11-29,45592.78829378342,46235.63671875,45345.53889956551,46235.63671875,1443200
2024-12-02,46383.98574428763,46581.78525705645,45988.38671875,45988.38671875,1314100
2024-12-03,45988.38876730456,45988.38876730456,45543.33984375,45543.33984375,1400100
2024-12-04,45592.78991901993,45642.239799626244,44653.2421875,44653.2421875,2399100
2024-12-05,44801.58844259511,46285.084748641304,44801.58844259511,45493.88671875,2427400
2024-12-06,45889.48953862661,46433.43822927843,45889.48953862661,46087.2890625,2497200
2024-12-09,46136.73762044968,46482.88677730193,46087.28774089936,46186.1875,1717700
2024-12-10,46285.08659759358,46829.035264873,46235.63671875,46235.63671875,1943300
2024-12-11,46433.43822927843,46482.88811024678,45988.3893005633,46087.2890625,1286600
2024-12-12,38170.40320825534,38538.20985439353,38088.66796875,38088.66796875,2341713
2024-12-13,38047.80015196154,38252.14019167662,37925.19921875,37925.19921875,1673309
2024-12-16,38415.60956504431,38619.94573556684,38170.4038424542,38211.26953125,3929112
2024-12-17,38415.60892677137,38538.20985439353,38088.66796875,38088.66796875,2721048
2024-12-18,38293.00390625,38415.60869640866,38170.40297936303,38293.00390625,2009931
2024-12-19,38129.53297609204,38211.26821413806,37925.19681261281,37966.0625,3274260
2024-12-20,38006.93205065883,38170.40252675087,37884.32726195398,37966.0625,3622014
2024-12-23,38472.00394672927,38570.9036998057,38076.404934423575,38175.3046875,2895400
2024-12-24,38274.207154281496,38422.55679441437,37631.35871370571,37680.80859375,3216000
2024-12-25,37779.70888583441,39362.10506953428,37680.80912435317,38224.7578125,5277300
2024-12-26,38521.45637019231,38917.05540865385,38373.106730769236,38570.90625,3884200
2024-12-27,38818.153660799806,39065.40304717433,38669.80402897509,38719.25390625,2859500
2024-12-30,38669.80416666666,38719.254044117646,37829.15625,37829.15625,4011800
2024-12-31,38076.407082223704,38323.65647886152,37136.859375,37136.859375,3416900
2025-01-02,37779.70703125,38224.75593606839,37483.007761371075,37779.70703125,3160500
2025-01-03,37779.70703125,38175.30605775523,37779.70703125,37779.70703125,3698500
2025-01-06,37878.60668693621,38719.25461601965,37779.706930573455,38373.10546875,4820800
2025-01-07,38669.80699837562,40054.40366839418,38620.35711730352,39955.50390625,10448400
2025-01-08,39955.50065830235,39955.50065830235,39213.75250251704,39906.05078125,3125200
2025-01-09,39461.00324624531,39609.35288250939,38917.05457994368,39510.453125,3599100
2025-01-10,39461.002737372124,39461.002737372124,38669.8046875,38669.8046875,3114500
2025-01-13,38669.805949825066,38917.05534848123,37977.50763358779,38867.60546875,2461400
2025-01-14,38768.70576923077,38768.70576923077,38472.006490384614,38570.90625,957600
2025-01-15,38768.70703125,38768.70703125,38175.30845424107,38768.70703125,1485800
2025-01-16,38768.70703125,38768.70703125,38175.30845424107,38768.70703125,1485800
2025-01-17,38768.70696202532,39065.40625,38620.357318037975,39065.40625,1572900
2025-01-20,39015.9549900141,39658.80342457707,38966.50511043233,39461.00390625,2854300
2025-01-21,39609.35487496074,39609.35487496074,39065.40618129711,39362.10546875,2139600
2025-01-22,39362.10553797468,39362.10553797468,39015.956368670886,39065.40625,2020900
2025-01-23,39065.40486959586,39658.80342457707,39015.9549900141,39461.00390625,2925500
2025-01-24,39461.00258789062,39559.90234375,39312.65295410156,39559.90234375,2333900
2025-01-27,39559.90234375,39559.90234375,39559.90234375,39559.90234375,0
2025-01-28,39559.90234375,39559.90234375,39559.90234375,39559.90234375,0
2025-01-29,39559.90234375,39559.90234375,39559.90234375,39559.90234375,0
2025-01-30,39559.90234375,39559.90234375,39559.90234375,39559.90234375,0
2025-01-31,39559.90234375,39559.90234375,39559.90234375,39559.90234375,0
2025-02-03,39263.2031745717,39461.00268678617,38669.804637928304,38966.50390625,3550500
2025-02-04,39065.40426978247,39658.80281565258,38719.25511802491,39213.75390625,4270900
2025-02-05,39461.00396543561,39510.45384509154,39114.854807844065,39164.3046875,2370300
2025-02-06,39213.75582502355,39559.90499371859,39164.30594378141,39362.10546875,3976100
2025-02-07,39362.104031635805,40351.10162037037,39362.104031635805,40054.40234375,8054000
2025-02-10,40054.40041240706,40746.69869114002,39658.80139598822,39906.05078125,4596700
2025-02-11,40054.4030052534,40301.6524065204,39658.80396322621,40004.953125,2873800
2025-02-12,39906.051489257814,40004.95124511719,39461.00258789062,39559.90234375,4336000
2025-02-13,39559.90234375,39807.15173339844,39461.00258789062,39559.90234375,2430100
2025-02-14,39906.05073800738,40400.54950799508,39708.2512300123,40202.75,4557800
2025-02-17,40202.75204057836,40202.75204057836,39708.253245491294,39757.703125,2273100
2025-02-18,39658.803308256174,40202.75198206019,39609.35342881944,40054.40234375,3320100
2025-02-19,40054.40163134945,40450.00065980722,39955.50187423501,40400.55078125,5452400
2025-02-20,40548.899755501225,40598.34963325183,40202.75061124694,40450.0,3398400
2025-02-21,40400.55012224939,40598.34963325183,40202.75061124694,40450.0,2988800
2025-02-24,40450.001264066304,40944.50005702555,40252.2017468826,40647.80078125,4168600
2025-02-25,40697.24868371212,40895.048191287875,40548.899053030305,40796.1484375,4348800
2025-02-26,40746.69921875,40796.149096442656,40499.449830286714,40746.69921875,3020100
2025-02-27,40746.698603479854,40845.5983573718,40449.999341804025,40499.44921875,2552300
2025-02-28,40499.44921875,40499.44921875,40252.199834020146,40499.44921875,3051600
2025-03-03,40499.44921875,40746.698603479854,40400.54946485806,40499.44921875,1966100
2025-03-04,40351.1015625,40450.00132123162,39955.50252757353,40351.1015625,3340100
2025-03-05,40252.19987699877,40697.2487699877,40004.95049200492,40202.75,2829800
2025-03-06,40202.751924402575,40450.00132123162,40103.852165670956,40351.1015625,2390500
2025-03-07,40351.10085054678,40697.25,40252.20109356015,40697.25,4622400
2025-03-10,40845.60024154589,41537.89855072464,40746.70048309179,40944.5,4881700
2025-03-11,40499.45108695652,40944.5,40301.65157004831,40944.5,3352200
2025-03-12,40895.0488997555,40944.498777506116,40400.55012224939,40450.0,3968100
2025-03-13,40450.00143812189,40450.00143812189,39658.80336598259,39757.703125,3981300
2025-03-14,39757.70438196163,39955.50390625,39609.35473874536,39955.50390625,2298100
2025-03-17,39955.50065830235,40103.85028945941,39708.25127304058,39906.05078125,3319900
2025-03-18,40054.401123046875,40153.30087890625,39559.90234375,39559.90234375,3419200
2025-03-19,39757.704518687184,39757.704518687184,39114.85606253926,39362.10546875,3182000
2025-03-20,39114.85606253926,39461.005231234296,39114.85606253926,39362.10546875,2255800
2025-03-21,39164.302756654,39362.10226552599,39015.953125,39015.953125,2407600
2025-03-24,39015.95383431905,39065.40371243606,38570.904931265984,38669.8046875,3733500
2025-03-25,38768.70434508816,39263.203125,38768.70434508816,39263.203125,2936500
2025-03-26,39164.30534924146,39411.5547516988,38966.5058272756,39114.85546875,2603800
2025-03-27,39213.75334678708,39213.75334678708,38669.8046875,38669.8046875,1862400
2025-03-28,38719.25456561701,38818.15432185102,38620.354809382996,38669.8046875,1401500
2025-03-31,38570.90564516129,38570.90564516129,38076.40685483871,38323.65625,2899600
2025-04-01,38472.006490384614,38570.90625,38274.20697115385,38570.90625,1367000
2025-04-02,38818.15570998869,38818.15570998869,38274.20703125,38274.20703125,3026000
2025-04-03,36592.91167534722,37483.00952690972,35603.9140625,35603.9140625,7520100
2025-04-04,33180.8699110243,35603.9140625,33180.8699110243,35603.9140625,6883200
2025-04-08,34614.91429570896,35109.41307136194,33131.41796875,33131.41796875,4706500
2025-04-09,30856.723757704163,34120.41569361518,30856.723757704163,32092.970703125,6519100
2025-04-10,34318.21484375,34318.21484375,34318.21484375,34318.21484375,635800
2025-04-11,36494.00978954082,36494.00978954082,35158.86308992347,36345.66015625,6947500
2025-04-14,36592.91015625,36592.91015625,35603.91258445946,36592.91015625,3547400
2025-04-15,36197.30991010274,36345.65954088185,35603.9113869863,36098.41015625,2999100
2025-04-16,35702.81382378472,35999.513107638886,35307.21477864583,35603.9140625,2914600
2025-04-17,34812.71408647141,35455.5625,34565.46469665272,35455.5625,3126800
2025-04-18,35801.71425156468,35851.16413312761,35455.56508062413,35554.46484375,3477600
2025-04-21,35554.462355939715,35603.91223404255,34713.814428191494,34862.1640625,2105600
2025-04-22,34763.26628717058,34812.71616809117,32439.12188390313,34713.81640625,3599300
2025-04-23,35356.661509900994,35356.661509900994,34614.91336633664,34961.0625,1849600
2025-04-24,34961.06508396509,35059.96484375,34516.016164933004,35059.96484375,2028700
2025-04-25,34911.61332589286,35010.513080357145,34614.9140625,34614.9140625,2684500
2025-04-28,34911.615389833576,34911.615389833576,34021.51754703328,34169.8671875,3320200
2025-04-29,34219.317067655575,34367.666708122284,33972.067666877716,34169.8671875,2440200
2025-04-30,34169.8671875,34169.8671875,34169.8671875,34169.8671875,0
2025-05-01,34169.8671875,34169.8671875,34169.8671875,34169.8671875,0
2025-05-02,34169.8671875,34169.8671875,34169.8671875,34169.8671875,0
2025-05-05,34169.8671875,34169.8671875,34169.8671875,34169.8671875,0
2025-05-06,34268.76688598458,34466.56640625,33922.61772552009,34466.56640625,1834700
2025-05-07,34516.01496557582,34812.714234620886,34169.86581835658,34565.46484375,2972100
2025-05-08,34417.11586676218,34516.015625,34219.316350286535,34516.015625,2129800
2025-05-09,34516.016164933004,35158.86460353491,34318.21664536319,35059.96484375,4666200
2025-05-12,35059.96484375,35059.96484375,35059.96484375,35059.96484375,0
2025-05-13,34713.814428191494,34911.61394060284,34614.91467198582,34862.1640625,3137300
2025-05-14,35059.96412905901,35406.11328125,34911.61449240572,35406.11328125,6592100
2025-05-15,35554.46450475634,37087.41081859145,35505.01462366489,37037.9609375,11855500
2025-05-16,37087.40756600936,37285.207073028076,36741.25842872661,36988.5078125,6223800
2025-05-19,36098.41019941298,36147.86007639848,35702.811183529004,35801.7109375,2742800
2025-05-20,36098.41019941298,36147.86007639848,35702.811183529004,35801.7109375,2742800
2025-05-21,35851.1608144855,35999.51044544199,35455.56179860152,35801.7109375,4650500
2025-05-22,35950.060568456494,36444.55933831146,35603.91142955801,35801.7109375,3685900
2025-05-23,35801.71358506945,35801.71358506945,35455.56442057292,35603.9140625,3481000
2025-05-26,35455.5625,35505.012377963736,34614.91457461646,35455.5625,2512800
2025-05-27,35455.5625,35505.012377963736,34614.91457461646,35455.5625,2512800
2025-05-28,35603.91399793388,35999.51304235537,35406.11447572314,35900.61328125,3546900
2025-05-29,36543.45904858733,36543.45904858733,35653.36126391267,36098.41015625,4671900
2025-05-30,36098.41081532922,36098.41081532922,35702.81179269547,36048.9609375,3029800
2025-06-02,35406.11460521709,35455.56448595063,35109.415320815824,35307.21484375,2796500
2025-06-03,35406.11460521709,35455.56448595063,35109.415320815824,35307.21484375,2796500
2025-06-04,35505.01171875,35752.26110397806,35406.111964658776,35505.01171875,2729300
2025-06-05,35603.91346153846,35702.81322115385,35257.764302884614,35356.6640625,3010300
2025-06-06,35505.013094190144,35505.013094190144,35059.96418353873,35109.4140625,250100
2025-06-09,34862.1640625,34961.063818705676,34614.91467198582,34862.1640625,1659900
2025-06-10,34862.1640625,34961.063818705676,34614.91467198582,34862.1640625,1659900
2025-06-11,34862.16472278942,35059.96423894709,34812.71484375,34812.71484375,1865600
2025-06-12,34911.61266271398,35010.51241529957,34614.9134049572,34664.36328125,1236800
2025-06-13,34713.813772574365,35010.51303558782,34713.813772574365,34911.61328125,1416400
2025-06-16,35158.863232217576,35505.012377963736,35059.9634762901,35455.5625,2707600
2025-06-17,35158.863232217576,35505.012377963736,35059.9634762901,35455.5625,2707600
2025-06-18,35603.911472841224,35801.71098102367,35455.56184170439,35505.01171875,3745800
2025-06-19,35505.01503330996,35653.36467829593,35208.31574333801,35257.765625,2595800
2025-06-20,35307.21352348114,35505.01303901886,35109.41400794344,35406.11328125,1873000
2025-06-23,35257.76298814505,35603.912133891215,35158.863232217576,35455.5625,2289600
2025-06-24,35257.76298814505,35603.912133891215,35158.863232217576,35455.5625,2289600
2025-06-25,35653.36394314236,35801.71358506945,35307.21477864583,35603.9140625,4416300
2025-06-26,35653.36201185495,35851.1615237099,35455.5625,35455.5625,3395300
2025-06-27,35505.014366684176,35554.464247417716,35208.31508228291,35307.21484375,2340200
2025-06-30,35950.06316180268,35950.06316180268,35801.71352014463,35900.61328125,4550000
2025-07-01,35950.06316180268,35950.06316180268,35801.71352014463,35900.61328125,4550000
2025-07-02,35950.063097677594,36444.561902322406,35851.163336748636,36197.3125,7013400
2025-07-03,36197.31123368819,36246.76111242273,35900.611961280905,35999.51171875,3804400
2025-07-04,36098.41280346074,36395.112086776855,35752.26363959194,35900.61328125,6056200
2025-07-07,36246.76225428427,36790.7109375,36246.76225428427,36790.7109375,11238100
2025-07-08,36246.76225428427,36790.7109375,36246.76225428427,36790.7109375,11238100
2025-07-09,36790.710875000004,37087.41015625,36592.91135416667,37087.41015625,7363100
2025-07-10,37235.7583698053,38026.95642281577,37087.408734865836,37779.70703125,11136600
2025-07-11,38076.4056372549,38274.20514705882,37631.356740196075,37829.15625,7732900
2025-07-14,38076.40817027813,38917.05614286869,37878.608647315654,38224.7578125,8309600
2025-07-15,38076.40817027813,38917.05614286869,37878.608647315654,38224.7578125,8309600
2025-07-16,38175.30739419291,38323.657034325784,37680.80859375,37680.80859375,5787900
2025-07-17,37483.00901285807,37977.5078125,37433.559132893875,37977.5078125,7121600
2025-07-18,38373.104234660575,38373.104234660575,37730.255838976824,37878.60546875,5679300
2025-07-21,38026.95775406004,38224.75727423721,37631.35871370571,37680.80859375,6201500
2025-07-22,38026.95775406004,38224.75727423721,37631.35871370571,37680.80859375,6201500
2025-07-23,37631.3560059849,38867.60291813946,37581.90612949872,38472.00390625,10824300
2025-07-24,38669.806070332685,38768.70583010336,38125.85739159399,38274.20703125,6983000
2025-07-25,38570.90431949807,39213.75272482304,38274.20505550193,38422.5546875,10953100
2025-07-28,38669.804637928304,39362.102930678935,38472.00512571383,38966.50390625,11057400
2025-07-29,38669.804637928304,39362.102930678935,38472.00512571383,38966.50390625,11057400
2025-07-30,39213.752266460564,39213.752266460564,36988.5078125,36988.5078125,15396400
2025-07-31,36988.51027312992,38373.10691437008,36889.61051304134,37680.80859375,9305000
2025-08-01,38076.40702402576,38076.40702402576,37087.40943898613,37433.55859375,6291400
2025-08-04,36790.71139947438,37829.158898653084,36790.71139947438,37631.359375,4467900
2025-08-05,36790.71139947438,37829.158898653084,36790.71139947438,37631.359375,4467900
2025-08-06,37977.50709677419,39757.702741935485,37779.70758064516,38323.65625,28540100
2025-08-07,38570.90743670886,39461.00530063291,38521.45755537975,39065.40625,6984500
2025-08-08,39263.20492119901,40054.4030052534,39065.40540018542,40004.953125,12283900
2025-08-11,40548.89995277078,40548.89995277078,38917.05397906171,39263.203125,16734500
2025-08-12,40548.89995277078,40548.89995277078,38917.05397906171,39263.203125,16734500
2025-08-13,40054.40088478915,41488.44733621988,40004.95100715361,41043.3984375,15346900
2025-08-14,41340.09970148126,41340.09970148126,39856.6033007104,40895.05078125,11836100
2025-08-15,41142.29744958482,42180.7448611729,40697.24855890421,41686.24609375,15166900
2025-08-18,40598.350959329044,40845.60035615809,40153.30204503676,40351.1015625,7511900
2025-08-19,40598.350959329044,40845.60035615809,40153.30204503676,40351.1015625,7511900
2025-08-20,40450.00065980722,41043.39920249388,40252.201145578336,40400.55078125,9924300
2025-08-21,40548.90241093366,41389.5503877457,39164.30574324325,40252.203125,14543200
2025-08-22,40548.9008015662,42131.2969304078,40450.00104351359,41834.59765625,17322300
2025-08-25,43416.99543635671,43416.99543635671,40548.90234375,40548.90234375,11310800
2025-08-26,43416.99543635671,43416.99543635671,40548.90234375,40548.90234375,11310800
2025-08-27,40548.89961498205,41389.547533829245,40103.85071676884,41340.09765625,11173900
2025-08-28,41686.24921053592,44010.39359119451,41389.54992789865,42329.09765625,14870300
2025-08-29,42576.347123161766,42774.14664522059,41785.14903492647,42032.3984375,5841200
2025-09-01,42032.3984375,42032.3984375,42032.3984375,42032.3984375,0
2025-09-02,42032.3984375,42032.3984375,42032.3984375,42032.3984375,0
2025-09-03,42625.795501077584,43416.993561422416,41587.348046875,43021.39453125,11349700
2025-09-04,42625.795501077584,43416.993561422416,41587.348046875,43021.39453125,11349700
2025-09-05,43268.64525579637,43466.44477696573,42675.24669228831,42922.49609375,7236000
2025-09-08,41241.197416974166,41389.54704797048,40202.75,40202.75,9074900
2025-09-09,41241.197416974166,41389.54704797048,40202.75,40202.75,9074900
2025-09-10,40202.75,40548.899138991386,39906.05073800738,40202.75,4248700
2025-09-11,40252.203125,40895.05157785627,40103.85348203317,40252.203125,5472700
2025-09-12,40351.09963099631,40351.09963099631,39411.55196801968,40202.75,5782600
2025-09-15,40598.35196515847,41735.69921875,40598.35196515847,41735.69921875,7330300
2025-09-16,40598.35196515847,41735.69921875,40598.35196515847,41735.69921875,7330300
2025-09-17,42032.39656101367,42230.196074241976,41537.897777942926,41587.34765625,7340200
2025-09-18,41537.899961890245,41933.49900914634,40548.90234375,40548.90234375,3700300
2025-09-19,40548.90107996324,40993.94999425551,40103.852165670956,40351.1015625,4684500
2025-09-22,39757.7042492378,40548.90234375,39164.30567835366,40548.90234375,7994300
2025-09-23,39757.7042492378,40548.90234375,39164.30567835366,40548.90234375,7994300
2025-09-24,40252.201145578336,40450.00065980722,40054.40163134945,40400.55078125,3466500
2025-09-25,40400.550074901395,40746.69921875,39757.70166489684,40746.69921875,4669500
2025-09-26,40697.24938875306,40697.24938875306,40351.100244498775,40450.0,2009200
2025-09-29,39807.151684630895,40103.85095184553,39658.80205102357,39856.6015625,2110500
2025-09-30,39807.151684630895,40103.85095184553,39658.80205102357,39856.6015625,2110500
2025-10-01,39757.70185546875,40103.85100097657,39164.3033203125,39559.90234375,3683900
2025-10-02,39559.90168539326,40202.7500877809,39362.10217696629,39609.3515625,1783000
2025-10-03,39708.254568656484,40252.20326137781,39559.90492518703,39658.8046875,2735400
2025-10-06,39856.603422162574,40450.00198427914,39609.35402128068,40301.65234375,3058100
2025-10-07,39856.603422162574,40450.00198427914,39609.35402128068,40301.65234375,3058100
2025-10-08,40548.90113811728,40548.90113811728,40004.95246431327,40054.40234375,2418400
2025-10-09,40450.00204728059,40450.00204728059,39807.1536039864,40004.953125,4602600
2025-10-10,40103.852165670956,40499.451200597425,39955.50252757353,40351.1015625,4346900
2025-10-13,40548.899755501225,40697.24938875306,40301.65036674817,40450.0,4326200
2025-10-14,41000.0,41150.0,40750.0,40900.0,4326200
2025-10-15,40600.0,40750.0,39600.0,39600.0,7724500
2025-10-16,39700.0,40150.0,39350.0,39350.0,4329400
2025-10-17,39350.0,39750.0,39200.0,39750.0,3801100
2025-10-20,38950.0,39050.0,36500.0,36500.0,7393700
2025-10-21,38950.0,39050.0,36500.0,36500.0,7393700
2025-10-22,36550.0,37500.0,36550.0,37050.0,4500300
2025-10-23,37500.0,37500.0,36500.0,37200.0,3971100
2025-10-24,37000.0,37450.0,36850.0,36900.0,2708600
2025-10-27,36950.0,37200.0,36500.0,36500.0,2062600
2025-10-28,36950.0,37200.0,36500.0,36500.0,2062600
2025-10-29,36600.0,37150.0,36600.0,37100.0,2793500
2025-10-30,37500.0,37900.0,37300.0,37800.0,3204200
2025-10-31,37950.0,38250.0,37600.0,37900.0,2599600
2025-11-03,37600.0,37800.0,37100.0,37100.0,2453800
2025-11-04,37100.0,38000.0,36900.0,37900.0,3482600
2025-11-05,37100.0,38000.0,36900.0,37900.0,3482600
2025-11-06,38700.0,38900.0,38350.0,38500.0,2392700
2025-11-07,38350.0,38650.0,37450.0,37500.0,3220900
2025-11-10,37500.0,38000.0,37300.0,37400.0,2337400
2025-11-11,37600.0,38150.0,37600.0,38000.0,2393800
2025-11-12,38200.0,38400.0,37800.0,38250.0,2029800
2025-11-13,38250.0,38450.0,38000.0,38300.0,1942700
2025-11-14,38200.0,38500.0,38200.0,38350.0,2234600
2025-11-17,38350.0,38550.0,38300.0,38400.0,1422700
2025-11-18,38500.0,38500.0,38250.0,38400.0,1451400
2025-11-19,38300.0,38450.0,38100.0,38100.0,1302400
2025-11-20,38200.0,38200.0,37900.0,37950.0,1467900
2025-11-21,37900.0,37900.0,37400.0,37600.0,1247000
2025-11-24,37600.0,37950.0,37600.0,37650.0,1091700
2025-11-25,37800.0,37800.0,37000.0,37000.0,1798100
2025-11-26,37050.0,37550.0,37050.0,37350.0,1237300
2025-11-27,37450.0,37700.0,37300.0,37550.0,1071300
2025-11-28,37550.0,37600.0,37100.0,37100.0,878600
2025-12-01,37200.0,37300.0,36950.0,36950.0,1458900
2025-12-02,36950.0,37050.0,36650.0,36850.0,1590300
2025-12-03,37000.0,38450.0,37000.0,38400.0,4011700
2025-12-04,37000.0,38450.0,37000.0,38400.0,4011700
2025-12-05,38300.0,38450.0,37800.0,37800.0,1626100
2025-12-08,37800.0,37950.0,37450.0,37500.0,1702000
2025-12-09,37500.0,37950.0,37100.0,37450.0,3264300
2025-12-10,37500.0,37900.0,37450.0,37700.0,1904100
2025-12-11,37700.0,38100.0,37600.0,37600.0,1133200
2025-12-12,37700.0,37700.0,37000.0,37000.0,1877500
2025-12-15,37050.0,37150.0,36900.0,37000.0,1243400
2025-12-16,37100.0,37750.0,36850.0,37400.0,2060100
2025-12-17,37450.0,38500.0,37450.0,38000.0,4085100
2025-12-18,37450.0,38500.0,37450.0,38000.0,4085100
2025-12-19,38000.0,38150.0,37600.0,37700.0,2050700
2025-12-22,37700.0,38450.0,37650.0,38400.0,2714700
2025-12-23,38500.0,38800.0,37900.0,38000.0,1919100
2025-12-24,38000.0,38450.0,37800.0,38400.0,1986000
2025-12-25,38000.0,38450.0,37800.0,38400.0,1986000
2025-12-26,38450.0,38800.0,38000.0,38800.0,2657200
2025-12-29,38800.0,38900.0,38600.0,38800.0,1644300
2025-12-30,38800.0,39850.0,38650.0,39400.0,5379000
2025-12-31,39500.0,39550.0,38900.0,38900.0,1630700
2026-01-01,38900.0,38900.0,38900.0,38900.0,0
2026-01-02,38900.0,38900.0,38900.0,38900.0,0
2026-01-05,38850.0,38900.0,37900.0,38450.0,3885400
2026-01-06,38300.0,38900.0,37800.0,38900.0,4854900
2026-01-07,39500.0,41400.0,39500.0,40950.0,13409700
2026-01-08,41300.0,43800.0,40900.0,43050.0,27506700
2026-01-09,43800.0,46050.0,43700.0,46050.0,22918600
2026-01-12,47900.0,49250.0,47000.0,49250.0,7783600
2026-01-13,49350.0,51600.0,48600.0,51000.0,21869900
2026-01-14,50800.0,54500.0,50200.0,54500.0,17646800
2026-01-15,52600.0,54000.0,50700.0,50700.0,26455700
2026-01-16,51000.0,54200.0,50400.0,51100.0,13973800
2026-01-19,51100.0,52600.0,50500.0,52000.0,9409600
2026-01-20,52900.0,55300.0,52200.0,53200.0,15547500
2026-01-21,52600.0,53900.0,51100.0,53000.0,11935000
2026-01-22,53500.0,56600.0,51600.0,52000.0,18089900
2026-01-23,51800.0,52800.0,50700.0,50800.0,10080300
2026-01-26,51000.0,52600.0,50800.0,52500.0,11947600
2026-01-27,52500.0,52800.0,49500.0,52600.0,12478800
2026-01-28,53400.0,55900.0,51400.0,51900.0,17897800
2026-01-29,51800.0,52800.0,51000.0,51900.0,7082200
2026-01-30,52300.0,54500.0,51900.0,53900.0,13696100
2026-02-02,53800.0,55200.0,52100.0,55000.0,11934200
2026-02-03,55700.0,56500.0,54000.0,54100.0,11573700
2026-02-04,54000.0,54400.0,52600.0,53000.0,9645300
2026-02-05,53000.0,53300.0,51500.0,51500.0,9817200
2026-02-06,50700.0,52300.0,50700.0,51400.0,9885700
2026-02-09,51800.0,51800.0,50600.0,50600.0,3595300
2026-02-10,50200.0,50500.0,47100.0,47100.0,22973600
2026-02-11,46550.0,48750.0,46100.0,48500.0,8738800
2026-02-12,48300.0,48500.0,47350.0,47550.0,4806600
2026-02-13,47550.0,47700.0,46800.0,46900.0,6762700
2026-02-16,46900.0,46900.0,46900.0,46900.0,0
2026-02-17,46900.0,46900.0,46900.0,46900.0,0
2026-02-18,46900.0,46900.0,46900.0,46900.0,0
2026-02-19,46900.0,46900.0,46900.0,46900.0,0
2026-02-20,46900.0,46900.0,46900.0,46900.0,0
2026-02-23,47600.0,49700.0,47150.0,49100.0,7557400
2026-02-24,49450.0,49450.0,48450.0,48750.0,5739400
2026-02-25,48950.0,49950.0,48500.0,48500.0,8375400
2026-02-26,48550.0,48900.0,47750.0,48450.0,4690300
2026-02-27,48450.0,49100.0,47500.0,47900.0,6519700
2026-03-02,46050.0,47400.0,45200.0,45200.0,11738000
2026-03-03,46050.0,47400.0,45200.0,45200.0,11738000
2026-03-04,43400.0,45600.0,43400.0,45600.0,10734400
2026-03-05,46100.0,46100.0,44400.0,44400.0,6063200
2026-03-06,44000.0,45000.0,43000.0,43550.0,5423100
2026-03-09,40550.0,41000.0,40550.0,40550.0,6134800
2026-03-10,41500.0,42800.0,39500.0,41800.0,14055500
2026-03-11,41300.0,42350.0,41300.0,41700.0,6154500
2026-03-12,41800.0,41900.0,40650.0,40750.0,6452900
2026-03-13,40600.0,41250.0,39950.0,40650.0,7923500
2026-03-16,40500.0,41200.0,40000.0,40300.0,5174500
2026-03-17,40800.0,41300.0,40350.0,40450.0,6922000
2026-03-18,41100.0,43000.0,41000.0,41300.0,14609300
2026-03-19,40900.0,41100.0,40100.0,40650.0,6392700
2026-03-20,40650.0,41100.0,39600.0,39750.0,10147300
2026-03-23,39400.0,39450.0,38100.0,38450.0,10634100
2026-03-24,39300.0,39600.0,38500.0,39100.0,6990400
2026-03-25,39500.0,39650.0,38900.0,39500.0,8722100
2026-03-26,39500.0,39700.0,38900.0,38900.0,6156000
2026-03-27,38900.0,39900.0,38900.0,39850.0,8196600
2026-03-30,39100.0,39550.0,38950.0,39450.0,6075800
2026-03-31,39600.0,39800.0,39100.0,39400.0,7278600
2026-04-01,40000.0,40600.0,39700.0,40250.0,10071800
2026-04-02,40000.0,40000.0,39400.0,39700.0,7101700
2026-04-03,39700.0,39750.0,39050.0,39050.0,7279600
2026-04-06,39050.0,39400.0,38650.0,39350.0,5679400
2026-04-07,39400.0,39500.0,39000.0,39400.0,4798100
2026-04-08,40500.0,41450.0,40050.0,41450.0,15053900
2026-04-09,41000.0,41150.0,40500.0,40600.0,8138800
2026-04-10,41100.0,41950.0,40650.0,40800.0,8968200
2026-04-13,40500.0,40750.0,40250.0,40350.0,5770800
2026-04-14,40750.0,40850.0,40250.0,40400.0,5565300
2026-04-15,40750.0,41000.0,40300.0,40300.0,6296700
2026-04-16,40400.0,40600.0,40150.0,40200.0,4295800
2026-04-17,40300.0,40700.0,40100.0,40300.0,5789600
2026-04-20,40450.0,40750.0,40250.0,40550.0,5993200
2026-04-21,40750.0,41300.0,40400.0,40400.0,7980700
2026-04-22,40600.0,40600.0,40200.0,40250.0,3619600
2026-04-23,40250.0,43050.0,40250.0,41600.0,23927000
2026-04-24,41600.0,41650.0,40750.0,40750.0,4703800
2026-04-27,40750.0,40750.0,40750.0,40750.0,0
2026-04-28,40900.0,41100.0,40050.0,40150.0,6600700
2026-04-29,40200.0,40350.0,39700.0,40100.0,6693000
2026-04-30,40100.0,40100.0,40100.0,40100.0,0
2026-05-01,40100.0,40100.0,40100.0,40100.0,0
2026-05-04,40400.0,41300.0,40100.0,40850.0,6495500
2026-05-05,40600.0,40800.0,40200.0,40550.0,3474000
2026-05-06,40700.0,41000.0,40550.0,40900.0,4399100
2026-05-07,41200.0,41300.0,40800.0,40850.0,7167000
2026-05-08,40850.0,42800.0,40850.0,42400.0,23775900
2026-05-11,42700.0,42700.0,41500.0,41500.0,6557100
2026-05-12,41550.0,41750.0,41050.0,41750.0,6207800
2026-05-13,41800.0,43000.0,41150.0,42800.0,15229800
2026-05-14,42900.0,44250.0,42850.0,43550.0,11071100
2026-05-15,44000.0,44000.0,42850.0,42950.0,10515600
2026-05-18,42800.0,45500.0,42200.0,45300.0,17432500
2026-05-19,45400.0,46400.0,43200.0,44250.0,19441800
2026-05-20,43750.0,44200.0,41900.0,43900.0,10319200
2026-05-21,44400.0,44700.0,43500.0,43800.0,7402400
2026-05-22,43850.0,43850.0,42650.0,43000.0,6357600
2026-05-25,43050.0,43100.0,42400.0,43000.0,5080600
2026-05-26,42950.0,43800.0,42750.0,43600.0,4349700
2026-05-27,43850.0,43850.0,43200.0,43300.0,3843400
2026-05-28,43300.0,43500.0,42500.0,42500.0,4024000
2026-05-29,42450.0,42550.0,41800.0,42000.0,5960400
2026-06-01,42050.0,42450.0,41600.0,41900.0,4502300
2026-06-02,41800.0,42250.0,41100.0,41700.0,4522400
