Date,Open,High,Low,Close,Volume
2016-06-06,35499.35065319769,35499.35065319769,35242.109375,35242.109375,275652
2016-06-07,35242.110277713175,35499.3515625,34984.86899292635,35499.3515625,313578
2016-06-08,35499.34977635149,36013.8359375,35242.10850450775,36013.8359375,503118
2016-06-09,35756.59375,36013.83865874246,35499.352458718844,35756.59375,206136
2016-06-10,35756.59104819522,36013.8359375,35499.34977635149,36013.8359375,730350
2016-06-13,36013.83774953487,36013.83774953487,35499.3515625,35499.3515625,418932
2016-06-14,35499.3515625,35756.592847286825,35242.110277713175,35499.3515625,208998
2016-06-15,35499.35065319769,35499.35065319769,34984.86809680231,35242.109375,152892
2016-06-16,35242.109375,35756.59193139538,35242.109375,35242.109375,361818
2016-06-17,35499.34775986306,36528.31640625,34984.86524540001,36528.31640625,2732310
2016-06-20,35499.352458718844,36013.83865874246,35242.111167437695,35756.59375,386334
2016-06-21,35756.592847286825,36013.83774953487,35499.3515625,35499.3515625,195516
2016-06-22,35499.3515625,36013.83774953487,35499.3515625,35499.3515625,98190
2016-06-23,35499.3515625,35499.3515625,35242.110277713175,35499.3515625,373230
2016-06-24,35499.35278723511,35499.35278723511,33955.905025264896,34727.62890625,576954
2016-06-27,34470.3828125,34727.6240703402,33955.90029681959,34470.3828125,272052
2016-06-28,34470.3828125,34470.3828125,33955.90029681959,34470.3828125,530100
2016-06-29,34470.3828125,34727.6240703402,33955.90029681959,34470.3828125,749106
2016-06-30,34470.38581147054,34470.38581147054,34213.14453125,34213.14453125,375552
2016-07-01,34213.14155465979,36013.83397700207,34213.14155465979,34470.3828125,662616
2016-07-04,34470.3828125,34727.6240703402,34213.14155465979,34470.3828125,226728
2016-07-05,34727.62890625,34984.870199911704,34470.387612588296,34727.62890625,107892
2016-07-06,34470.3828125,34470.3828125,34213.14155465979,34470.3828125,345528
2016-07-07,34470.3828125,34727.6240703402,34213.14155465979,34470.3828125,452160
2016-07-08,34213.14155465979,34470.3828125,33955.90029681959,34470.3828125,841716
2016-07-11,33955.90029681959,34470.3828125,33955.90029681959,34470.3828125,501624
2016-07-12,34470.3828125,34470.3828125,33955.90029681959,34470.3828125,194346
2016-07-13,34213.14155465979,34727.6240703402,34213.14155465979,34470.3828125,549900
2016-07-14,34470.387612588296,35756.59408089681,34213.14631892659,34727.62890625,1291050
2016-07-15,34984.870199911704,34984.870199911704,34470.387612588296,34727.62890625,316566
2016-07-18,34984.86899292635,35499.3515625,34984.86899292635,35499.3515625,323244
2016-07-19,35499.35278723511,35499.35278723511,34727.62890625,34727.62890625,554004
2016-07-20,34727.6240703402,34984.86532818041,34470.3828125,34470.3828125,405612
2016-07-21,34727.62890625,34984.870199911704,34470.387612588296,34727.62890625,313218
2016-07-22,34727.6240703402,34727.6240703402,33955.90029681959,34470.3828125,570762
2016-07-25,34213.14155465979,34727.6240703402,33955.90029681959,34470.3828125,230508
2016-07-26,34727.627091691094,34727.627091691094,33441.4170731272,34213.14453125,774540
2016-07-27,34213.14453125,34213.14453125,34213.14453125,34213.14453125,0
2016-07-28,33698.66107040277,33955.90234375,31897.968539511116,33955.90234375,3410982
2016-07-29,33184.17486679137,33955.902303376526,32926.93359375,32926.93359375,1307196
2016-08-01,33441.416139832734,33441.416139832734,32669.69232070863,32926.93359375,435708
2016-08-02,32669.69364964673,32669.69364964673,31640.728515625,31640.728515625,987642
2016-08-03,31383.48723211957,31897.969799130435,31126.242331152935,31640.728515625,425448
2016-08-04,31126.24130740477,31897.96875,31126.24130740477,31897.96875,128088
2016-08-05,31640.728515625,31640.728515625,30354.518480636638,31640.728515625,1504656
2016-08-08,31383.487233639884,31383.487233639884,30354.51848210711,30611.759765625,562302
2016-08-09,30354.520245245825,31126.244140625,30354.520245245825,31126.244140625,537498
2016-08-10,30869.002842165275,31126.244140625,30869.002842165275,31126.244140625,508572
2016-08-11,31126.243371683828,31897.970865459694,30869.00207957898,31383.48828125,1047636
2016-08-12,31383.489056546136,31640.73035500586,30611.76154370555,31126.244140625,690228
2016-08-15,30869.0,30869.0,30869.0,30869.0,200808
2016-08-16,30869.001049142895,30869.001049142895,30354.51848210711,30611.759765625,727758
2016-08-17,30869.001049142895,30869.001049142895,30097.277198589214,30611.759765625,1847034
2016-08-18,30869.0026188474,32669.6953125,30354.520025649912,32669.6953125,3537522
2016-08-19,34470.387612588296,34727.62890625,34213.14631892659,34727.62890625,4129092
2016-08-22,34727.62802176097,34727.62802176097,33441.41796875,33441.41796875,434286
2016-08-23,32926.933719929286,33441.41626798357,32155.209897847857,32412.451171875,1174554
2016-08-24,32412.452366141297,32669.69364964673,31640.728515625,31640.728515625,906678
2016-08-25,32155.211082635866,32155.211082635866,31126.242331152935,31640.728515625,1361664
2016-08-26,32155.209897847857,33184.17499395643,32155.209897847857,32412.451171875,1674828
2016-08-29,33184.17290583814,34470.3828125,32926.93164799793,34470.3828125,2267100
2016-08-30,34213.14341713279,36528.31848118748,33955.90214528906,36013.8359375,1477566
2016-08-31,36013.83774953487,36271.079034321694,34984.86899292635,35499.3515625,2390364
2016-09-01,34984.86532818041,35242.106586020614,34213.14155465979,34470.3828125,3071340
2016-09-05,34984.86532818041,35499.347843860814,34213.14155465979,34470.3828125,1507770
2016-09-06,34984.8671875,35242.10845901165,34470.3846444767,34984.8671875,905742
2016-09-07,34984.8671875,35242.10845901165,34727.62591598835,34984.8671875,1286514
2016-09-08,34984.86809680231,35242.109375,34470.38554040694,35242.109375,1917720
2016-09-09,35242.110277713175,35499.3515625,34984.86899292635,35499.3515625,933480
2016-09-12,34984.86899292635,35499.3515625,34470.386423352706,35499.3515625,1626336
2016-09-13,35036.315628949626,35447.903121050374,34779.07435075194,35242.109375,556416
2016-09-14,34984.86954495685,34984.86954495685,34367.48828125,34367.48828125,561348
2016-09-15,33955.904160431135,34007.35169436088,33287.07536696079,33441.41796875,934902
2016-09-16,32978.382928459854,33441.41796875,32978.382928459854,33441.41796875,1318878
2016-09-19,34470.3846444767,35190.66092820153,34110.24469388377,34984.8671875,648918
2016-09-20,35087.76539648907,36116.73046875,34830.52051096285,36116.73046875,1885680
2016-09-21,36013.8407252084,36322.52956896602,35602.25318855723,36271.08203125,750420
2016-09-22,36116.72894769523,36631.21146215828,36013.83389178695,36528.31640625,501444
2016-09-23,36219.6240036035,36528.31640625,35550.79890527804,36528.31640625,1142802
2016-09-26,35808.046171968,36476.875,35808.046171968,36476.875,644004
2016-09-27,36013.83851890349,36322.52734375,35808.04476318539,36322.52734375,997992
2016-09-28,36013.83899201986,36219.629132980146,34727.62890625,34727.62890625,889704
2016-09-29,35242.10821636771,35345.00689474053,34881.97188571537,35087.765625,988398
2016-09-30,34984.8683521688,36168.1796875,34933.42081964595,36168.1796875,1002348
2016-10-03,36013.8359375,36013.8359375,34984.86723266401,36013.8359375,1044864
2016-10-04,35499.35168109459,35962.38671875,35293.55792908538,35962.38671875,957798
2016-10-05,35910.939185113006,35962.38671875,35499.35168109459,35962.38671875,970434
2016-10-06,35962.382403455755,36013.83354838012,35602.24609375,35602.24609375,431172
2016-10-07,35910.93814529844,35910.93814529844,35242.109375,35242.109375,301860
2016-10-10,35242.1099096055,35705.144940877566,35036.31616043333,35139.21484375,265158
2016-10-11,35396.45612584991,35396.45612584991,34984.86862750558,35139.21484375,319356
2016-10-12,35036.314718310125,35242.10845901165,34984.8671875,34984.8671875,87408
2016-10-13,34984.8671875,35036.314718310125,34933.419656689875,34984.8671875,268182
2016-10-14,34984.86694662718,35242.10821636771,34933.41941617128,35087.765625,246024
2016-10-17,35087.770502714025,35139.218040321895,34316.04296875,34316.04296875,452844
2016-10-18,34007.354125641294,34676.18296692808,34007.354125641294,34316.04296875,175122
2016-10-19,34213.14453125,34316.03959635376,34213.14453125,34213.14453125,225684
2016-10-20,34933.42083935976,34933.42083935976,33955.90325102946,34213.14453125,122850
2016-10-21,34213.144777054185,34213.144777054185,34058.798560828494,34110.24609375,156510
2016-10-24,33492.86732823278,33955.90234375,32669.692359552802,33955.90234375,248292
2016-10-25,33184.17490624726,33955.90234375,32978.38116407726,33955.90234375,552546
2016-10-26,33441.41474973579,33801.5546875,33029.830900455,33801.5546875,323316
2016-10-27,33184.177852663364,33801.5591339905,32978.384092220986,33698.6640625,474642
2016-10-28,33184.17348738746,33801.5546875,32926.93222503913,33801.5546875,381006
2016-10-31,33647.20848310664,35139.212145680045,33595.76095412915,33801.5546875,836748
2016-11-01,33955.905358687625,34058.800430178126,33441.41914885099,33698.6640625,214596
2016-11-02,33647.21290929337,33853.00666973575,33184.177852663364,33698.6640625,134136
2016-11-03,33698.66431472204,33698.66431472204,32875.48926679136,33595.765625,732762
2016-11-04,33595.762249422114,33595.762249422114,33029.83217392839,33492.8671875,177228
2016-11-07,33492.86912014099,33492.86912014099,33081.281613780586,33441.41796875,150030
2016-11-08,33184.17668164006,33441.41796875,33184.17668164006,33441.41796875,358074
2016-11-09,33081.281613780586,33441.41796875,32669.694107420175,33441.41796875,534888
2016-11-10,33441.41796875,33441.41796875,33081.281613780586,33441.41796875,1055358
2016-11-11,33441.42099791115,33698.66592578387,33184.1796875,33184.1796875,96660
2016-11-14,33132.727593706855,33132.727593706855,31640.72747495528,31897.96875,1172718
2016-11-15,32412.451171875,32412.451171875,32052.31121776036,32412.451171875,102996
2016-11-16,32412.45090660784,32772.59085777505,32412.45090660784,32463.8984375,143316
2016-11-17,32566.798828125,32669.693895316443,32412.452609876607,32566.798828125,400014
2016-11-18,32566.800510621346,32978.38441811198,32463.901820652627,32618.248046875,434970
2016-11-21,32669.69558312865,32669.69558312865,32412.454284398977,32618.248046875,132066
2016-11-22,32618.243115163885,33029.830577886016,32618.243115163885,32875.484375,244422
2016-11-23,32926.93317124194,35139.2131554559,32926.93317124194,35087.765625,3885876
2016-11-24,36682.66291950388,36991.35535521704,35139.21521078293,35499.3515625,1146726
2016-11-25,35859.48968111623,35910.93721192636,34984.8671875,34984.8671875,611874
2016-11-28,34727.62612250064,34830.52118473276,32926.93359375,32926.93359375,1295082
2016-11-29,32926.93623236386,33441.41881967487,32103.764816158502,32258.107421875,1043190
2016-11-30,33441.417851162005,33441.417851162005,32412.452706340326,32978.3828125,898218
2016-12-01,32978.38035529253,34367.485367776826,32978.38035529253,33132.7265625,579546
2016-12-02,33338.519738330026,33338.519738330026,32309.5546875,32309.5546875,697932
2016-12-05,32412.452589124434,32875.48762611193,32412.452589124434,32515.34765625,549522
2016-12-06,32515.34767706805,32926.93518075628,32515.34767706805,32566.798828125,627678
2016-12-07,32618.24491458893,32824.03865730286,32206.657429161074,32412.451171875,540072
2016-12-08,32669.693895316443,32669.693895316443,32412.452609876607,32566.798828125,381348
2016-12-09,32824.040113564835,32875.48764716056,32463.90014347233,32566.798828125,478314
2016-12-12,32721.13997721536,32824.03865730286,32155.209897847857,32412.451171875,542232
2016-12-13,32412.453449669392,32412.453449669392,31383.48828125,31383.48828125,699372
2016-12-14,31640.72914588685,32258.10679161315,31486.382925724636,31949.41796875,424422
2016-12-15,32052.313037217293,32206.659257379502,31589.27799419193,31949.41796875,465984
2016-12-16,31949.41778002009,33441.41796875,31743.624026839883,33441.41796875,1766808
2016-12-19,32926.936609098746,33389.971666468766,32515.3490875562,32669.6953125,283194
2016-12-20,32515.346634598744,32515.346634598744,31795.070334967615,31846.521484375,619434
2016-12-21,31897.967980188547,32412.450517861686,31846.52044991343,32103.76171875,353232
2016-12-22,32721.14304093901,33698.66431472204,32669.695504808693,33595.765625,1103940
2016-12-23,33698.66431472204,33698.66431472204,33338.52432688702,33595.765625,405486
2016-12-26,33595.765625,34367.48951933895,33595.765625,33595.765625,268038
2016-12-27,33595.76418800047,33698.6628733212,33235.62783303105,33441.41796875,225108
2016-12-28,33595.76516930369,33698.663857629996,32772.59375,32772.59375,585738
2016-12-29,33029.830577886016,33081.27810636107,32824.03684652495,32875.484375,221382
2016-12-30,32926.932066490175,33441.414588709515,32926.932066490175,33338.51953125,602316
2017-01-03,33338.5221236569,33955.90336880427,33338.5221236569,33647.2109375,715968
2017-01-04,33970.74291302587,34240.3515625,33808.97620679037,34240.3515625,803664
2017-01-05,34509.9603923657,34509.9603923657,33916.82211869766,34024.6640625,411084
2017-01-06,33808.97340412564,34078.58203125,33647.210502677364,34078.58203125,607824
2017-01-09,34078.58035965427,34078.58035965427,33701.129816745466,33755.05078125,420588
2017-01-10,34186.42861561127,35049.17548580402,34186.42861561127,34348.1953125,880038
2017-01-11,34348.19547893766,34509.95838523289,34132.5078125,34132.5078125,453618
2017-01-12,34240.351922748196,34240.351922748196,33808.9765625,33808.9765625,296586
2017-01-13,33808.9765625,33916.82229825085,33701.13461812675,33808.9765625,407610
2017-01-16,33970.74327043747,33970.74327043747,33701.13461812675,33808.9765625,224928
2017-01-17,33808.9765625,33970.74327043747,33593.288882375906,33808.9765625,265302
2017-01-18,33862.90343677054,33862.90343677054,33647.21574320243,33701.13671875,172224
2017-01-19,33755.05303752987,33755.05303752987,33431.5234375,33431.5234375,548532
2017-01-20,33593.28558908139,33593.28558908139,33161.9140625,33161.9140625,807840
2017-01-23,33647.213098107284,33808.97601203339,33161.916773573896,33323.6796875,266352
2017-01-24,32717.05928183327,33485.44639280364,32717.05928183327,33323.6796875,179700
2017-01-25,33364.1171875,33364.1171875,32919.26355545899,33364.1171875,202032
2017-01-26,33364.1171875,33364.1171875,33364.1171875,33364.1171875,0
2017-02-03,34132.50916863884,34941.335106382976,34132.50916863884,34213.390625,425556
2017-02-06,34536.92051951148,34536.92051951148,33970.74273767605,34456.0390625,319968
2017-02-07,34456.0390625,34456.0390625,34213.39090008802,34456.0390625,523056
2017-02-08,34456.0390625,34456.0390625,34334.71498129401,34456.0390625,208944
2017-02-09,34375.15625,34456.03770382214,34253.83217357809,34375.15625,477732
2017-02-10,34375.15704876273,34375.15704876273,33728.094029017855,33970.7421875,411336
2017-02-13,33970.74327043747,33970.74327043747,33525.88956283142,33808.9765625,443856
2017-02-14,33566.328125,33647.21337400382,33404.56520974749,33566.328125,450756
2017-02-15,33485.44707186558,34132.5101148246,33404.565613262304,33930.30078125,395760
2017-02-16,33970.74340624044,34779.56936640601,33728.095239053015,33930.30078125,650676
2017-02-17,33970.74584082734,34213.394025404676,33647.21619185018,33728.09765625,463308
2017-02-20,33768.53665255737,34779.568118647985,33485.44587053572,33970.7421875,377268
2017-02-21,34132.510651002805,34456.04028187574,33808.97722875219,34415.59765625,699276
2017-02-22,34375.1559633202,34536.91886961542,34092.06519023752,34132.5078125,499092
2017-02-23,34213.38926564761,34213.38926564761,33849.41703941732,34132.5078125,356772
2017-02-24,33970.74584082734,33970.74584082734,33606.77356396133,33728.09765625,446316
2017-02-27,33485.44365528035,33485.44365528035,32433.9696352113,33161.9140625,1056720
2017-02-28,33161.9140625,33323.676963201564,33040.58999128522,33161.9140625,944748
2017-03-01,33000.14737042121,33161.9140625,32797.94184885565,33161.9140625,441540
2017-03-02,33000.149793709876,33081.03125,32797.94425729582,33081.03125,412452
2017-03-03,33081.02882077199,33161.9140625,32797.94184885565,33161.9140625,488760
2017-03-06,33000.14737042121,33161.9140625,32959.70474955721,33161.9140625,500136
2017-03-07,33161.9140625,33161.9140625,32838.38067834243,33161.9140625,482292
2017-03-08,33161.919822695505,33970.74584082734,32919.27163811817,33728.09765625,474384
2017-03-09,33647.211082384885,33808.97398662016,33566.325838889934,33768.53515625,284820
2017-03-10,33849.41660836764,33849.41660836764,33566.325838889934,33768.53515625,279792
2017-03-13,33768.54028413885,33768.54028413885,33566.33093607248,33728.09765625,491940
2017-03-14,33728.091335720484,35264.861619598814,33647.209886477576,34941.33203125,1850532
2017-03-15,35345.74866899772,35831.044972044016,35183.9819708565,35386.1875,1037256
2017-03-16,35588.39925229829,35588.39925229829,35183.984375,35183.984375,267756
2017-03-17,35183.981053358846,35871.48286762056,35103.09960208608,35669.27734375,3587028
2017-03-20,35911.930964052284,37691.34970298298,35911.930964052284,37125.171875,1357416
2017-03-21,37206.04670595283,38985.46891904717,37206.04670595283,38095.7578125,1182216
2017-03-22,38014.878007702864,39228.11875484894,37529.58170884443,38419.2890625,858048
2017-03-23,38095.76252441406,38985.473741006084,38095.76252441406,38823.70703125,1196892
2017-03-24,38823.70419795058,38985.47089590116,38176.64119752562,38661.9375,517848
2017-03-27,38581.05604671339,39147.23380247438,38419.28934876281,38661.9375,635580
2017-03-28,38500.17685822784,38500.17685822784,37206.05078125,37206.05078125,755844
2017-03-29,37206.04919478298,38014.87890625,37125.167740187244,38014.87890625,617496
2017-03-30,38742.824188859704,38742.824188859704,37610.46484375,37610.46484375,423816
2017-03-31,37448.696039564944,38419.288626261034,37448.696039564944,38055.31640625,395412
2017-04-03,38823.70567511399,38904.58713147797,38661.93897100851,38742.82421875,879528
2017-04-04,38823.70361572112,38985.47031124573,38176.640625,38176.640625,594120
2017-04-05,38257.53132234381,38419.29424955161,37044.290411396105,37125.171875,887436
2017-04-07,37125.16801416596,38338.408798942626,36558.99024506267,38257.52734375,650400
2017-04-10,38095.761164314514,38419.29078089836,37610.46484375,37610.46484375,164892
2017-04-11,37610.46319616109,37610.46319616109,37206.048349614226,37286.93359375,294936
2017-04-12,37610.466869866716,37853.11504322069,36397.226003096825,37044.2890625,600120
2017-04-13,36599.43275686996,37367.81992827869,36478.10866619373,37003.84765625,281772
2017-04-14,36558.99245338764,37003.846170884404,36235.45903031938,36801.640625,553812
2017-04-17,36801.63925024003,37286.935575336036,35588.3984375,35588.3984375,410976
2017-04-18,35992.80995369427,37206.05078125,35507.51362267197,37206.05078125,564444
2017-04-19,37206.05198381752,37206.05198381752,36397.226003096825,37044.2890625,248184
2017-04-20,37044.29223872687,37044.29223872687,36316.34765625,36316.34765625,399864
2017-04-21,36963.40041155477,36963.40041155477,36397.22265625,36397.22265625,308244
2017-04-24,36801.643069328224,36801.643069328224,36235.46143704239,36720.7578125,172500
2017-04-25,36963.40354515645,36963.40354515645,36558.99245338764,36801.640625,189528
2017-04-26,36720.75268972789,36963.40084360577,36639.871235561055,36761.1953125,174132
2017-04-27,37084.72859933725,37084.72859933725,36518.55078125,36518.55078125,121416
2017-04-28,36518.55078125,36518.55078125,36518.55078125,36518.55078125,0
2017-05-03,35952.37095720499,35992.80979035494,35588.398710590016,35831.046875,1193040
2017-05-04,35264.86502651763,35831.04660004801,35183.98356946081,35588.3984375,567120
2017-05-05,35264.86419209262,35588.39759541964,34860.453125,34860.453125,385836
2017-05-08,34698.685999828325,34900.89153090665,34496.48046875,34496.48046875,522384
2017-05-09,34172.94935247184,34779.56977761263,33970.74380788413,34294.2734375,450564
2017-05-10,34294.27262898137,34779.5689576527,34294.27262898137,34698.6875,419580
2017-05-11,34698.684662203035,34698.684662203035,34496.47913891968,34536.91796875,543744
2017-05-12,34456.0390625,34577.36314370598,34375.15760548852,34456.0390625,516276
2017-05-15,34375.15760548852,34536.92051951148,34213.39090008802,34456.0390625,254532
2017-05-16,34375.15749151642,35992.80937464782,34375.15749151642,35467.07421875,686688
2017-05-17,35467.07516824656,35790.60479525862,34941.33620689655,35183.984375,492588
2017-05-18,34779.56949770171,35588.39925229829,34779.56949770171,35183.984375,453084
2017-05-19,35183.98124760106,35386.18677258795,34779.56640625,34779.56640625,229824
2017-05-22,35022.21435943603,35992.80694021835,34820.00883556547,35669.27734375,484380
2017-05-23,36073.692182868384,36478.10323060951,35345.74774728165,35669.27734375,710232
2017-05-24,35992.81033821895,35992.81033821895,35183.984375,35183.984375,729324
2017-05-25,35183.98124760106,35426.629394136246,34375.15535627623,34779.56640625,1154916
2017-05-26,34456.03798714815,35426.630606504434,34456.03798714815,34617.8046875,289848
2017-05-29,34617.80350281141,35345.74794241694,34617.80350281141,34779.56640625,499836
2017-05-30,35143.539828733046,35143.539828733046,34617.8046875,34617.8046875,222072
2017-05-31,34779.56534138701,34941.33203125,34456.035753038195,34941.33203125,579300
2017-06-01,34860.45634139991,35507.515625,34860.45634139991,35507.515625,386100
2017-06-02,35507.51427202366,35911.929152397264,34941.33647260274,35426.6328125,419616
2017-06-05,35426.63200385751,35831.046875,35426.63200385751,35831.046875,419568
2017-06-06,35992.80694021835,35992.80694021835,35588.39589247723,35669.27734375,157056
2017-06-07,35669.28343250275,35669.28343250275,35183.98705927142,35224.4296875,531348
2017-06-08,35224.425360209825,35224.425360209825,34820.01050173976,34860.453125,478248
2017-06-09,34779.56534138701,35183.9801703559,34779.56534138701,34941.33203125,445848
2017-06-12,34860.45193896748,35143.53891802555,34820.00931708319,35022.21484375,249120
2017-06-13,35103.10250871123,35103.10250871123,34617.806178136314,34820.01171875,719160
2017-06-14,35022.21659153437,35426.63145642765,34860.45367867907,35345.75,159696
2017-06-15,35507.50990979469,35507.50990979469,34941.332179930796,35062.65625,486192
2017-06-16,34981.77773025232,34981.77773025232,34213.390625,34213.390625,2986428
2017-06-19,34779.56698017144,35305.30590346567,34617.80407406348,35264.86328125,801456
2017-06-20,35264.86528632403,35264.86528632403,34698.6875,34698.6875,732420
2017-06-21,34536.91996016584,34536.91996016584,33728.094029017855,33970.7421875,1618236
2017-06-22,33970.744479764704,34213.39265462017,33161.91849403908,33647.21484375,1054260
2017-06-23,33647.21444547493,33647.21444547493,33161.91810150836,33283.2421875,1085952
2017-06-26,33202.35404010434,34132.5078125,33202.35404010434,34132.5078125,529008
2017-06-27,34051.62594092395,34051.62594092395,33566.32959121303,33647.21484375,793428
2017-06-28,33485.44813005378,33728.096304909246,33404.56666889454,33647.21484375,274944
2017-06-29,33889.862348324576,34536.921607556316,33889.862348324576,34294.2734375,914304
2017-06-30,34617.80520724487,34617.80520724487,33970.7421875,33970.7421875,617892
2017-07-03,33889.86153826015,34051.62445351266,33566.328125,33566.328125,466860
2017-07-04,33647.21201258474,33647.21201258474,33323.67861241526,33485.4453125,428904
2017-07-05,33566.32540213045,33566.32540213045,33323.677257557516,33404.5625,526464
2017-07-06,33566.32554877065,33566.32554877065,33404.5626459335,33525.88671875,462240
2017-07-07,33525.88700851976,33849.41660836764,33404.56293465465,33768.53515625,878256
2017-07-10,33566.328125,33687.652207128165,33485.44666737375,33566.328125,1078128
2017-07-11,33566.33215331167,33687.65625,33364.12658929046,33687.65625,408528
2017-07-12,33647.21079156649,33687.64962158714,33404.5626459335,33525.88671875,366720
2017-07-13,33525.88671875,33525.88671875,33525.88671875,33525.88671875,0
2017-07-14,33404.56520974749,33647.21337400382,33242.79850311741,33566.328125,128208
2017-07-17,33566.330032332866,33606.77265913284,32272.207679889296,32878.828125,1050588
2017-07-18,32514.85108556208,33161.9140625,32353.084393483292,33161.9140625,824760
2017-07-19,33161.9140625,33323.676963201564,33000.14737042121,33161.9140625,1403544
2017-07-20,33283.24085470724,33323.6796875,33161.916773573896,33323.6796875,499392
2017-07-21,33323.6796875,33364.1223116703,33202.355606366655,33323.6796875,1329072
2017-07-24,33323.67740313766,33525.88671875,33161.91450030052,33525.88671875,583572
2017-07-25,33566.32959121303,33647.21484375,33364.12404262605,33647.21484375,628824
2017-07-26,33525.891973404534,33647.216065236666,33323.68262609907,33606.7734375,823860
2017-07-27,33323.67996074367,33647.21337400382,33323.67996074367,33566.328125,428856
2017-07-28,33647.21484375,33647.21484375,33525.89075632227,33647.21484375,352716
2017-07-31,33161.91575846557,34617.8046875,32838.38235776186,34617.8046875,1264776
2017-08-01,34132.50930634257,34577.36300518993,33889.861144902636,34334.71484375,627840
2017-08-02,34294.27100480047,34456.03770382214,34132.508097156184,34375.15625,565920
2017-08-03,34375.15760548852,34496.481686694504,34375.15760548852,34456.0390625,688308
2017-08-04,34051.620483283645,34577.359375,34051.620483283645,34577.359375,607368
2017-08-07,34779.56611324093,34779.56611324093,34536.91796875,34536.91796875,389136
2017-08-08,34456.036517712106,34617.80321116515,34375.15506667422,34536.91796875,303876
2017-08-09,34536.91996016584,34617.80520724487,33970.7421875,33970.7421875,464508
2017-08-10,33970.74139813451,34536.91915764429,33970.74139813451,34375.15625,479856
2017-08-11,34375.15506667422,34577.36058995757,34375.15506667422,34536.91796875,228948
2017-08-14,34213.390919268786,35588.3984375,34092.06683799478,35588.3984375,903540
2017-08-15,35183.981053358846,35750.15879502277,35183.981053358846,35669.27734375,755832
2017-08-16,35507.509885397936,36397.22099575319,35507.509885397936,36073.69140625,538680
2017-08-17,36235.46239727832,36478.11059143728,35911.93273552573,36316.34765625,1412808
2017-08-18,35588.39512630662,36356.77837529884,35588.39512630662,36073.69140625,690876
2017-08-21,35992.807807388104,36478.10410947144,35992.807807388104,36397.22265625,690456
2017-08-22,36558.98935407023,36720.7522605131,36397.22265625,36397.22265625,415740
2017-08-23,36397.223221628294,36882.51953125,36397.223221628294,36882.51953125,35727600
2017-08-24,37165.611947916535,37286.93603067211,36882.52115769433,37206.05078125,31420800
2017-08-25,37206.04997948706,37610.46484375,37206.04997948706,37610.46484375,260496
2017-08-28,37610.464050516486,38014.87890625,36639.871429858,38014.87890625,543612
2017-08-29,37206.0514461752,38055.32004064186,36558.9921875,36558.9921875,871308
2017-08-30,37206.05025196604,37933.99473814392,36882.52063301282,37853.11328125,369804
2017-08-31,38095.75946038683,38823.70390867447,37933.99276364157,38419.2890625,587196
2017-09-01,38419.294933066274,39228.12474900648,37893.55972322085,38985.4765625,830040
2017-09-04,38985.4765625,38985.4765625,38985.4765625,38985.4765625,0
2017-09-05,38985.47237921946,39066.353835583446,38500.17605828054,38742.82421875,1151484
2017-09-06,38742.82557206078,39632.53299727516,38742.82557206078,38823.70703125,610836
2017-09-07,39228.12242072628,40441.36328125,38864.15016256916,40441.36328125,1065168
2017-09-08,40603.12388608783,43272.253627016216,40603.12388608783,43029.60546875,1510980
2017-09-11,43191.3724500985,46022.268911931154,42867.84283411498,43272.25390625,2233728
2017-09-12,43676.671572235944,44889.9124492425,43676.671572235944,44566.3828125,1374276
2017-09-13,45132.56140813166,45779.62448422722,43676.67233044999,45294.328125,745896
2017-09-14,44970.791088261445,46103.15043286105,44970.791088261445,45536.97265625,679212
2017-09-15,45536.97765918034,45536.97765918034,44081.088538191034,45375.2109375,1983396
2017-09-18,45375.2059523422,45698.7355687803,44647.26147182334,45536.97265625,1010208
2017-09-19,44809.02869904027,46103.15097128379,44809.02869904027,44889.91015625,610428
2017-09-20,44566.38023731652,44889.90985536448,43514.90234375,43514.90234375,681360
2017-09-21,43110.48614659006,43353.13427913864,41411.94921875,41411.94921875,871248
2017-09-22,41169.308179937616,42706.078687081696,41169.308179937616,42059.015625,776724
2017-09-25,43676.667182435,44485.49308868764,43434.01903142147,44081.08203125,697332
2017-09-26,44081.08579898612,45213.44140625,43191.374572097906,45213.44140625,458640
2017-09-27,44161.96512124317,44647.26144125683,44161.96512124317,44404.61328125,390240
2017-09-28,44889.90518710993,45051.671875,44566.37560270692,45051.671875,638940
2017-09-29,45294.32733870393,46184.034787590244,44081.08646169738,44566.3828125,558684
2017-10-02,44647.2591728995,44728.140625,44081.0814254414,44728.140625,173904
2017-10-03,44323.731825040224,44889.90960126366,43757.55025743928,44404.61328125,149760
2017-10-04,43838.436841589006,44889.91096988384,43676.670132859945,44485.49609375,220668
2017-10-05,44485.494687396196,46831.094828615,44485.494687396196,46669.328125,703284
2017-10-06,46750.21281015335,46750.21281015335,45941.38309318498,46184.03125,173484
2017-10-09,46507.56220654917,46831.09180148897,45779.61777440167,46264.9140625,344400
2017-10-10,46103.147369341474,46507.56220654917,45698.732532133785,46264.9140625,635496
2017-10-11,46103.1523607001,46264.91907137231,44970.79296875,44970.79296875,208236
2017-10-12,44970.78942119882,46345.796875,44970.78942119882,46345.796875,450492
2017-10-13,46345.801566527065,47478.16098377755,45536.97557784971,47073.74609375,410280
2017-10-16,46345.796875,47073.74132853403,46264.915421733116,46345.796875,3401604
2017-10-17,46184.0303944602,46345.7970931327,45456.0859375,45456.0859375,3182172
2017-10-18,45375.2037037037,46103.148148148146,45375.2037037037,45860.5,1875732
2017-10-19,46103.1541265861,46103.1541265861,45294.328125,45294.328125,3464424
2017-10-20,45294.32718454274,45698.73828125,45132.5604710332,45698.73828125,1926564
2017-10-23,44485.49833203609,45617.85776735888,44161.96868967722,45294.328125,350568
2017-10-24,45294.328125,45294.328125,44566.383586159165,45294.328125,591180
2017-10-25,44728.14558294821,45698.73828125,44728.14558294821,45698.73828125,255792
2017-10-26,45860.49922529231,46264.9140625,45294.321486303335,46264.9140625,452820
2017-10-27,46184.031294968205,47316.390625,45860.50168269231,47316.390625,417552
2017-10-30,47316.38818359375,48529.62890625,47154.62149011383,48529.62890625,1031268
2017-10-31,48529.629688278095,48610.511140632785,46103.148203864184,48125.21484375,919380
2017-11-01,48367.86221277008,48529.62890625,47316.38818359375,48529.62890625,603204
2017-11-02,48529.63416518392,49095.81196665184,48529.63416518392,48610.515625,1015272
2017-11-03,48610.517090118374,48691.40234375,47720.809631192715,48691.40234375,669132
2017-11-06,48125.22073383973,49338.46162453634,48044.33927158588,48691.40234375,767952
2017-11-07,48691.39423146264,48691.39423146264,48286.97940481586,48448.74609375,554508
2017-11-08,48448.74609375,48529.6275425285,48206.09795603736,48448.74609375,461976
2017-11-09,48448.75080346001,48529.63226010101,46911.97658763847,48044.3359375,790668
2017-11-10,48610.511140632785,48691.396384364794,47720.80379059923,48125.21484375,301260
2017-11-13,48448.74914650571,48448.74914650571,46911.974983242064,47720.8046875,350928
2017-11-14,47639.92104601144,47639.92104601144,46507.56548813422,46911.9765625,443376
2017-11-15,46588.44951848588,46911.979154127235,45698.73828125,45698.73828125,556392
2017-11-16,45375.20461135581,47720.8046875,44566.378698475266,47720.8046875,469968
2017-11-17,46831.09510590235,49338.45817420479,46103.15062239092,46911.9765625,651264
2017-11-20,46911.97631657975,48286.98381979695,46507.56524433396,47801.6875,286884
2017-11-21,47882.568147265214,51117.87941884055,47801.68669245793,50470.81640625,1550220
2017-11-22,50875.230142582215,52412.000498339854,50875.230142582215,51764.9375,2920332
2017-11-23,52573.76719576916,53787.00794804554,51684.05604697402,51764.9375,1076196
2017-11-24,51603.17875463571,52169.35655422231,50956.11570412412,52007.58984375,1184976
2017-11-27,51764.93504675595,55000.24609375,51603.172148370264,55000.24609375,1593504
2017-11-28,55000.25048254805,56617.90234375,53382.594829968635,56617.90234375,512652
2017-11-29,56617.90234375,56860.550502068036,55809.07641314902,56617.90234375,988476
2017-11-30,56860.54911901887,57345.84542385083,54272.3046875,54272.3046875,1630152
2017-12-01,54191.42321593885,56132.608570436685,53787.01212800356,55404.6640625,870444
2017-12-04,56617.904080410364,56617.904080410364,55647.31141736689,55809.078125,1429200
2017-12-05,55809.07676866208,56698.78795195499,55485.54715263625,55728.1953125,932484
2017-12-06,55728.194182270294,55809.07563679201,53382.59408736627,54757.6015625,1300680
2017-12-07,55485.54850111137,56456.14116415485,54434.07058856254,55809.078125,1874364
2017-12-08,56537.023947387344,58397.32785894801,56213.49431591588,58154.6796875,1994436
2017-12-11,58235.55859375,59934.09571940105,57831.14372861201,58235.55859375,1384116
2017-12-12,59044.38344135847,59044.38344135847,54514.953717589386,58397.32421875,1544688
2017-12-13,57103.19763627739,58397.32365168261,57022.31618208109,57912.02734375,974952
2017-12-14,57507.61386889505,59125.26953125,57507.61386889505,59125.26953125,833016
2017-12-15,58235.55831589958,58801.73609128944,57992.91015625,57992.91015625,3633828
2017-12-18,58235.55674181381,61228.216032809,58235.55674181381,61066.453125,1152072
2017-12-19,61066.456106852864,61956.16351737863,60823.807941913554,61470.8671875,1268160
2017-12-20,61066.453689333444,62198.80921997045,60742.920287970795,61551.75,1289880
2017-12-21,61713.51545517093,62037.0488698803,59206.15234375,59206.15234375,1178220
2017-12-22,60176.742984115845,60419.39114130986,58235.55772656372,59772.328125,1230720
2017-12-25,59125.26917621811,60985.569195809316,59044.38392919069,60014.9765625,248844
2017-12-26,60581.15681881822,61066.453125,60095.86051263644,61066.453125,484452
2017-12-27,60581.15760754248,61228.21682995752,60500.27236120752,60662.0390625,621504
2017-12-28,60662.04096478783,61470.86691385915,60257.62609456339,61228.21875,452436
2017-12-29,60500.27268299137,62279.69503254058,60500.27268299137,62037.046875,731616
2018-01-01,62037.046875,62037.046875,62037.046875,62037.046875,0
2018-01-02,62279.690366514624,64706.16796875,62037.04222715337,64706.16796875,640740
2018-01-03,64706.16413908203,68184.123125,64706.16413908203,66728.234375,839412
2018-01-04,66242.938125,67456.17874999999,65919.40476408204,66728.234375,899892
2018-01-05,66728.24175478742,68750.31221433559,66162.06020625279,68507.6640625,664704
2018-01-08,68669.43311866555,71823.859375,67617.95517230225,71823.859375,680496
2018-01-09,71823.85270833333,73279.74161458334,71338.55640625,72794.4453125,620976
2018-01-10,72794.45043103448,72794.45043103448,70206.20583218278,70367.96875,829368
2018-01-11,69316.48595331787,72794.4453125,69316.48595331787,72794.4453125,780720
2018-01-12,73117.98149263876,75625.34076038543,72794.44808467741,75220.9296875,616644
2018-01-15,75463.5751207713,75787.1085170412,72875.3306988764,75059.1640625,1057032
2018-01-16,74007.68833705357,75059.16621806117,73117.98095020403,74735.6328125,789636
2018-01-17,74816.51855330964,74897.39621816744,72956.2109375,72956.2109375,400980
2018-01-18,72794.44965334408,74412.1015625,70772.3790798328,74412.1015625,592836
2018-01-19,74412.09727284723,74573.86776236581,70772.375,70772.375,1537584
2018-01-22,70772.375,70772.375,70772.375,70772.375,0
2018-01-23,70772.375,70772.375,70772.375,70772.375,0
2018-01-24,70772.375,70772.375,70772.375,70772.375,0
2018-01-25,75220.93340084876,78860.6559847608,75220.93340084876,78618.0078125,1241820
2018-01-26,78698.89332886718,79426.83784809796,76919.47086538462,78860.65625,755172
2018-01-29,78860.6535218254,79265.06460204459,76191.52371031746,76434.171875,435972
2018-01-30,76434.1791345739,76676.8273223027,72794.45631864181,73441.515625,780756
2018-01-31,73441.50649793076,76838.58070395682,73279.74358713355,74492.984375,1299324
2018-02-01,76029.7585672158,76029.7585672158,73198.85834035747,74492.984375,869772
2018-02-02,74412.10343353762,74816.52210806178,70125.3215959711,73603.28125,803076
2018-02-05,69154.72327314333,70367.96403232128,68507.6640625,68507.6640625,793284
2018-02-06,63735.57729565568,69559.1328125,63735.57729565568,69559.1328125,2245056
2018-02-07,69559.13789256332,69963.55655482729,67132.65625,67132.65625,679740
2018-02-08,67860.59755106948,69882.66801901956,66728.24203204992,68750.3125,566004
2018-02-09,65515.001140510954,67132.65296207445,64301.76037864964,66485.59375,1138008
2018-02-12,67941.48279626902,68750.3125,65595.88651303036,68750.3125,1196856
2018-02-13,68750.31306532185,70367.96490333072,68750.31306532185,69235.609375,583104
2018-02-14,69235.609375,69235.609375,69235.609375,69235.609375,0
2018-02-15,69235.609375,69235.609375,69235.609375,69235.609375,0
2018-02-16,69235.609375,69235.609375,69235.609375,69235.609375,0
2018-02-19,69235.609375,69235.609375,69235.609375,69235.609375,0
2018-02-20,69235.609375,69235.609375,69235.609375,69235.609375,0
2018-02-21,69235.60541740313,72794.44229069684,69235.60541740313,72390.03125,391452
2018-02-22,71176.796875,72794.44876440168,71176.796875,71176.796875,482748
2018-02-23,71985.62840623873,73360.63989497688,71257.68382376186,72632.6953125,783732
2018-02-26,73603.28538017435,75220.93742077786,72713.5703125,72713.5703125,711084
2018-02-27,74007.68993632693,74412.10101495133,73117.9825302512,73926.8046875,681156
2018-02-28,73926.8046875,73926.8046875,73926.8046875,73926.8046875,0
2018-03-01,72794.45148370702,74007.69234176881,72228.2698890264,73603.28125,823764
2018-03-02,73603.28420449779,75382.69914591205,72390.0432977355,74007.6953125,318588
2018-03-05,75220.93319983059,75220.93319983059,73603.28125,73603.28125,845520
2018-03-06,73603.28588750528,74088.58226130695,73198.8671875,73198.8671875,1016088
2018-03-07,73279.74544514994,74169.45285122567,73117.9825302512,73926.8046875,1369104
2018-03-08,73926.80207923672,76838.57994121219,73765.03917004525,76029.7578125,995796
2018-03-09,76838.57725252207,77647.406935687,75948.86990896885,76110.6328125,478080
2018-03-12,76838.57327209436,77404.75477925569,76191.51410873444,77000.34375,229368
2018-03-13,77000.3486131226,77000.3486131226,75625.33737785392,76838.578125,315684
2018-03-14,76191.52072169147,77162.11334234996,76029.7578125,76029.7578125,378708
2018-03-15,76838.58156179672,76838.58156179672,75220.9296875,75220.9296875,548352
2018-03-16,76191.52397050013,76191.52397050013,74412.1015625,74412.1015625,4422276
2018-03-19,74412.09866501509,76272.40625,74412.09866501509,76272.40625,442548
2018-03-20,76595.93257036278,81287.1328125,76272.40674866707,81287.1328125,1178280
2018-03-21,81287.12440377429,83632.72049082584,80559.18000612855,82823.8984375,1081584
2018-03-22,82904.79275913065,84522.45235648092,82904.79275913065,83794.5078125,927240
2018-03-23,80478.3044577091,83309.20473346737,80478.3044577091,82500.375,1136136
2018-03-26,82500.36885599131,88243.0390625,81610.66152336447,88243.0390625,1592004
2018-03-27,89779.81587500527,92206.29738514055,88162.1640625,88162.1640625,1162812
2018-03-28,88162.16787801527,89294.5234375,86544.50841274559,89294.5234375,540816
2018-03-29,90184.22999239218,90588.64864630645,87353.33732876713,88566.578125,618480
2018-03-30,88162.16818941967,93015.13143686012,86382.74580443982,91801.890625,750192
2018-04-02,91397.46774946571,95441.60865760237,91397.46774946571,92691.59375,1241484
2018-04-03,93015.13611483994,93015.13611483994,90426.8838641982,91397.4765625,1116408
2018-04-04,91397.47386154778,92934.24811602978,88970.9921875,88970.9921875,1519596
2018-04-05,90588.64864630645,91235.70787671233,88162.1670538407,88566.578125,739776
2018-04-06,88566.57555740871,90588.64602009428,84926.85327422753,86382.7421875,1056120
2018-04-09,84926.8559412049,88809.22649851714,82500.37434288477,86544.5078125,1971300
2018-04-10,88162.17083115653,88162.17083115653,84198.91486607143,84926.859375,975648
2018-04-11,84926.86375723417,86140.1046680518,79265.0703125,79265.0703125,2026440
2018-04-12,79265.06364888557,83147.43423712086,78456.24149817326,82500.375,906756
2018-04-13,82500.37019818202,83551.84803221432,80882.71840815549,82904.78125,847932
2018-04-16,84118.03151238471,86382.75034104598,83713.6204147777,84360.6796875,1031856
2018-04-17,85735.69080089309,85735.69080089309,83713.62015365445,84118.03125,789012
2018-04-18,84118.03046872634,84926.86023666062,80154.78204618576,80882.7265625,1306200
2018-04-19,80882.72262167103,80882.72262167103,75220.9296875,75220.9296875,2559912
2018-04-20,73198.85696757033,77809.171875,70206.2014687946,77809.171875,2882472
2018-04-23,77809.17072271687,79265.05961929215,76029.75601540573,76838.578125,1788672
2018-04-24,76838.58162107809,77647.41135022798,71985.61841168885,77485.6484375,1689816
2018-04-25,77485.6484375,77485.6484375,77485.6484375,77485.6484375,0
2018-04-26,76838.57513011638,76838.57513011638,72066.4975715913,72147.3828125,1734252
2018-04-27,70610.62101715687,75220.93647875817,70367.97283496732,74250.34375,896400
2018-04-30,74250.34375,74250.34375,74250.34375,74250.34375,0
2018-05-01,74250.34375,74250.34375,74250.34375,74250.34375,0
2018-05-02,74816.51647744728,75787.1090908509,74250.33492537691,75544.4609375,1075680
2018-05-03,75544.4647233888,75625.34239005574,74007.69048089981,74412.1015625,1377732
2018-05-04,74412.10642050221,75948.88076331967,73279.75076844262,74007.6953125,468972
2018-05-07,74007.69434934243,78456.24681049466,73603.28324660334,78051.828125,825432
2018-05-08,78051.8312980644,79669.49094029507,75301.82355523281,78456.25,1053432
2018-05-09,78456.23750969788,79265.05961929215,76434.16707020286,76838.578125,1118340
2018-05-10,76838.57994121219,78051.8207170353,74412.09838956596,76029.7578125,748236
2018-05-11,76029.75242774452,76676.8116014377,74816.51173784836,75948.8671875,382332
2018-05-14,76434.17738151076,79669.48900460967,75625.3475800471,79265.0703125,867144
2018-05-15,80073.89049746265,80397.4238957444,77647.40896723652,77809.171875,886668
2018-05-16,77809.16863459127,77809.16863459127,74897.39091958261,75140.0390625,553980
2018-05-17,74978.28394396552,75948.8766163793,70367.96875,70367.96875,1371504
2018-05-18,71176.80079863928,74816.5234375,70772.38211692887,74816.5234375,1062768
2018-05-21,74816.51740000473,75625.33953264474,71985.6171875,71985.6171875,595020
2018-05-22,71176.79402843818,72713.56060794584,66970.89018489374,68750.3125,1351668
2018-05-23,67294.42358293709,68912.07540764428,67132.65309253804,68750.3125,1703496
2018-05-24,68750.30924911982,68992.95739048994,67132.64991814939,68345.890625,1264260
2018-05-25,67941.48136446552,68345.89241643103,66728.24062581435,67537.0703125,932052
2018-05-28,65919.40866555629,66728.23832434525,62845.868094565165,64706.16796875,1887072
2018-05-29,63088.51623392642,66728.23832434525,61066.449669708345,64706.16796875,1409724
2018-05-30,64706.16796875,65919.40866555629,62441.453265170676,64706.16796875,1605036
2018-05-31,63897.34820659722,68345.89253414351,63897.34820659722,65515.0,1757856
2018-06-01,66323.83489214975,67860.6015625,65515.00514060657,67860.6015625,1232904
2018-06-04,68669.43158660301,68669.43158660301,67617.95366369892,68103.25,1240188
2018-06-05,68103.24335953628,70206.19900029401,68022.36569987565,69073.8359375,2444088
2018-06-06,69073.83351042695,69154.71875,68345.88910253221,69154.71875,1405008
2018-06-07,69882.67268041238,72309.15437070448,69559.13926078833,70610.6171875,1377960
2018-06-08,70610.61064173731,71015.02169171108,69235.60700562282,69559.1328125,807408
2018-06-11,69559.13462097621,70125.31617186338,68750.3125,68750.3125,1057488
2018-06-12,67941.48543467406,67941.48543467406,64301.76300067366,66647.359375,1666008
2018-06-13,67132.65167777987,67617.94797324033,66647.3553823194,67537.0703125,798504
2018-06-14,68345.890625,68992.95739048994,67213.53515952424,68345.890625,905040
2018-06-15,67860.59755106948,68750.3125,67213.53833773755,68750.3125,1350564
2018-06-18,67941.484375,68750.31409752546,65919.41386006383,67941.484375,991008
2018-06-19,66323.82728632794,66323.82728632794,63897.34589271539,64706.16796875,1803228
2018-06-20,64706.17031192129,66242.94444444444,63088.51851851852,65515.0,1183716
2018-06-21,65515.0,65838.5333917824,64463.522163773145,65515.0,731172
2018-06-22,65515.0,65515.0,63978.22586747685,65515.0,728304
2018-06-25,67537.07491226397,67537.07491226397,65919.41542871835,67132.65625,549792
2018-06-26,66728.234375,66728.234375,65434.10851408203,66728.234375,310248
2018-06-27,66728.24074074074,67132.65179340278,64706.17031192129,65515.0,501828
2018-06-28,64706.17371030359,65434.11819297983,62279.69589276028,63897.3515625,973056
2018-06-29,62441.458805769995,64301.76263640179,62441.458805769995,63897.3515625,820476
2018-07-02,62603.22655434265,63816.46737903921,59448.80041013159,61470.8671875,1804548
2018-07-03,61470.86272542074,61875.27756808958,58316.4368101848,59853.2109375,1469652
2018-07-04,59044.38259248284,60338.50860184914,57426.73076784104,59934.09375,1160892
2018-07-05,59206.150355339785,59934.09482692183,58073.79102464189,59772.328125,1521876
2018-07-06,58073.78866285896,59934.092389482845,57507.61091622443,59853.2109375,1793700
2018-07-09,59853.2136512001,61470.86551246397,59125.26917621811,60014.9765625,497976
2018-07-10,59853.2136512001,60581.15812618208,59772.32840417267,60014.9765625,595116
2018-07-11,59853.2109375,60014.97384146569,58720.851652853635,59853.2109375,1154652
2018-07-12,58801.73310483648,59853.2109375,58720.851652853635,59853.2109375,625836
2018-07-13,59853.21565687467,60985.571239429,59448.800782318074,60581.16015625,543852
2018-07-16,60257.62472082733,60823.80628450941,59772.32840417267,60014.9765625,1214016
2018-07-17,59287.02851886341,60257.62109375,59287.02851886341,60257.62109375,659232
2018-07-18,60257.626362803436,62279.69693154943,60014.978197864126,61470.8671875,1476228
2018-07-19,62279.693298388374,65110.58965466246,62117.926600739826,63978.2265625,913212
2018-07-20,64382.645202310036,64706.171014852414,63169.40065701198,63978.2265625,920388
2018-07-23,63897.34890074176,65676.76361798898,63573.81550544467,63978.2265625,1394220
2018-07-24,63978.2265625,63978.2265625,63978.2265625,63978.2265625,0
2018-07-25,65110.58894733796,67941.48148148147,64625.292651041666,65515.0,1122336
2018-07-26,66242.94444444444,66404.70734895833,64706.17031192129,65515.0,520572
2018-07-27,65353.245147511385,65919.41917444432,64625.300613378546,65757.65625,631032
2018-07-30,66162.06489939327,66162.06489939327,64706.17588510769,65838.5390625,619164
2018-07-31,65515.00540064598,68426.78341845247,65515.00540064598,68103.25,1093020
2018-08-01,68345.89816815054,68345.89816815054,66890.0091592473,68103.25,359748
2018-08-02,68103.25,68588.54633630108,67456.19074585031,68103.25,589728
2018-08-03,68831.19016244475,68912.07540764428,68103.2457039133,68750.3125,574260
2018-08-06,68750.3147147163,71500.32214703153,68345.8960584455,70691.5,763236
2018-08-07,70691.4971977238,73279.74161458334,70367.96380208334,72794.4453125,810528
2018-08-08,72794.4453125,72794.4453125,71581.20455729167,72794.4453125,486636
2018-08-09,72794.4555684947,73522.40012417965,71904.74808357614,72713.5703125,399948
2018-08-10,71742.96903115702,72390.0358365749,71015.02456212806,71985.6171875,1063416
2018-08-13,71419.44248564325,74250.33508663367,71095.90908622113,73522.390625,893760
2018-08-14,73522.3954720052,75625.34375,72713.56571150475,75625.34375,717564
2018-08-15,75625.3473272645,75867.99550861696,74007.6953125,74007.6953125,386676
2018-08-16,72875.3305570988,73684.15267206788,71662.08980189047,72794.4453125,623676
2018-08-17,73441.50669540292,73845.92534761578,72390.03639826139,72470.9140625,427812
2018-08-20,73198.86668295662,73198.86668295662,72228.27394204336,72713.5703125,307356
2018-08-21,73441.51266482899,74250.34245224253,72794.4533845515,73037.1015625,350712
2018-08-22,73441.50890045542,74654.74972801114,73198.86073494426,74412.1015625,433860
2018-08-23,75059.16508240951,75140.0427455099,73765.0390625,73765.0390625,322944
2018-08-24,73765.0463576159,74412.10564018523,73279.75,73279.75,560292
2018-08-27,73279.74275287829,74250.33537212171,73198.85750702306,73765.0390625,380820
2018-08-28,74412.10101495133,74412.10101495133,73603.27885770253,73926.8046875,378072
2018-08-29,74412.10343353762,75382.69611998704,73603.28125,73603.28125,912888
2018-08-30,74412.10847717918,78456.25,74007.69735799944,78456.25,892776
2018-08-31,77323.87442385843,78618.0004150658,76676.81521963209,76838.578125,899616
2018-09-03,76838.578125,76838.578125,76838.578125,76838.578125,0
2018-09-04,76838.57994121219,77890.05780784383,76029.7578125,76029.7578125,986568
2018-09-05,75787.1112557436,76515.05573659038,74897.39627953865,75220.9296875,650136
2018-09-06,75220.92365506329,77242.99402283796,75140.03841387089,76676.8125,601500
2018-09-07,76272.40416483495,76838.578125,75706.22262191522,76838.578125,262008
2018-09-10,76110.64368996942,76838.5882340268,74007.6953125,74007.6953125,471276
2018-09-11,74412.1047557896,74897.40110763768,72794.45277721444,74816.5234375,599988
2018-09-12,75706.22818933005,76434.17269115054,74897.3984375,74897.3984375,376992
2018-09-13,74169.45124845668,76029.75885198974,74169.45124845668,74735.6328125,289452
2018-09-14,74735.63739302548,74735.63739302548,74007.69287296354,74088.578125,507540
2018-09-17,73684.1594475731,74088.578125,71904.74456481419,74088.578125,588408
2018-09-18,74007.69153171159,74007.69153171159,72066.50618006014,72875.3359375,336912
2018-09-19,74412.09828107734,75220.92799136514,73603.27615354439,73765.0390625,536940
2018-09-20,74007.69365683467,74978.28636053087,74007.69365683467,74816.5234375,765576
2018-09-21,74816.52210806178,76595.93697804882,73603.28125,73603.28125,4454436
2018-09-24,75220.93105158731,76838.58295521919,75140.04580244141,76434.171875,669804
2018-09-25,77242.99617969668,77566.52198799129,75948.87019825444,76353.28125,347712
2018-09-26,75625.34375,76191.52534062584,75463.58083100204,75625.34375,791520
2018-09-27,75625.34563540983,76029.76431712024,74412.1047557896,74816.5234375,531540
2018-09-28,75544.46036552747,75544.46036552747,74007.68621168891,75059.1640625,824340
2018-10-01,75059.15987582758,75948.8671875,74088.56732391065,75948.8671875,1550328
2018-10-02,75948.87256652684,76110.63547571831,73279.742859716,76029.7578125,2768664
2018-10-03,75625.33564386562,75787.10612827903,74816.51355281656,75382.6875,725472
2018-10-04,75463.57091154154,75948.8671875,75059.15987582758,75948.8671875,1729716
2018-10-05,75867.99246321175,75867.99246321175,73522.39599854409,73603.28125,1909428
2018-10-08,73117.99170081792,73603.28808913584,70853.27269441562,72632.6953125,2350236
2018-10-09,72632.68585028803,72794.44876440168,71176.796875,71176.796875,803988
2018-10-10,71176.79066282106,71176.79066282106,68345.890625,68345.890625,1588224
2018-10-11,65272.3534858063,66242.94610269561,63573.81640625,63573.81640625,2850012
2018-10-12,60985.57415133656,65757.65625,60985.57415133656,65757.65625,1733556
2018-10-15,65515.0082998605,65515.0082998605,63088.52651097678,63492.94140625,1490952
2018-10-16,63412.04970630931,64059.11271469465,62684.10524364233,63573.81640625,1021500
2018-10-17,64706.17031192129,66162.05920081018,64301.759259259255,65515.0,1192044
2018-10-18,65515.00061311562,65757.64876353457,64544.40801143983,64867.94140625,773184
2018-10-19,63978.22586747685,65515.0,63492.933362557866,65515.0,1343496
2018-10-22,65515.00221946022,65838.53562220301,64059.11328125,64059.11328125,661932
2018-10-23,63897.35401745106,63897.35401745106,60742.92401328255,62684.109375,2332188
2018-10-24,61551.75023254248,62603.2243125,60014.97604870752,60662.0390625,2127132
2018-10-25,57426.734881267024,62684.109375,57426.734881267024,62684.109375,2541216
2018-10-26,62279.696116733685,62603.225735294116,61713.51454503102,61875.28125,942780
2018-10-29,60662.04044117647,61956.16270679572,60419.39227941177,61875.28125,874260
2018-10-30,60904.68993389423,63654.70502157546,60823.808475330996,63088.5234375,983124
2018-10-31,63897.352448419,67132.65625,63492.9375775326,67132.65625,1209600
2018-11-01,66728.23916813113,67617.9464961214,65676.76135668486,66323.828125,997308
2018-11-02,66890.00177677926,68345.890625,66323.82783541859,68345.890625,1191888
2018-11-05,66890.0075773152,68912.078125,66890.0075773152,68912.078125,644088
2018-11-06,69720.90673145403,70367.96595982143,67941.484375,67941.484375,1194552
2018-11-07,68345.89357277312,69073.83802827989,67698.83436212978,68507.6640625,1071288
2018-11-08,68750.30924911982,69559.13133185061,67941.4795836346,68345.890625,175020
2018-11-09,67941.49243772242,68345.90355559977,66890.01443193428,68184.140625,692664
2018-11-12,67213.54204222272,68103.24945743482,66647.36046013037,67617.953125,289260
2018-11-13,66323.83317142082,66404.71083654817,63897.3515625,63897.3515625,691380
2018-11-14,63978.229227627344,65191.47003208775,62279.69589276028,63897.3515625,397740
2018-11-15,64544.41232267051,64625.29757246444,63412.05294795393,64220.87890625,460656
2018-11-16,65434.11875523056,65434.11875523056,63897.352111545864,64382.6484375,479880
2018-11-19,64382.647713352315,66323.83299533525,64382.647713352315,66162.0625,312288
2018-11-20,65676.76617950427,66647.35882049573,65676.76617950427,66162.0625,400908
2018-11-21,64706.17299220318,65919.41378319921,64706.17299220318,65676.765625,338508
2018-11-22,65676.76135668486,66728.23916813113,65514.998455983296,66323.828125,662388
2018-11-23,66323.83026961921,66566.47841989495,65919.41163065653,66000.296875,540024
2018-11-26,66000.2998629834,66566.48143351068,65676.7664537171,66404.7109375,419604
2018-11-27,66404.70578397356,67132.65021126225,66242.942883272,66323.828125,505176
2018-11-28,66000.30442804428,66323.8378596885,65515.008071955715,65757.65625,388440
2018-11-29,66728.24074074074,66728.24074074074,65515.0,65515.0,431592
2018-11-30,65514.99762753897,65838.53100760543,64301.75693073269,64706.16796875,773772
2018-12-03,65919.41220021313,66647.35665732992,65757.64929288322,66485.59375,887640
2018-12-04,66728.24885819526,68345.90084838451,66647.36360472137,68022.375,1366164
2018-12-05,67537.07864466766,68022.375,66728.24885819526,68022.375,771120
2018-12-06,67941.48948607214,68992.96744617986,67537.07838576403,67779.7265625,755640
2018-12-07,67941.48492907801,69073.84048364431,67941.48492907801,68426.78125,973896
2018-12-10,68345.89441875351,69559.13519294887,68022.36860080465,69235.609375,582432
2018-12-11,68912.0762546538,69640.02072213254,68912.0762546538,69478.2578125,775836
2018-12-12,69478.2578125,69478.2578125,69478.2578125,69478.2578125,0
2018-12-13,71176.80393484699,71338.5668650055,70206.21118838433,70448.859375,756828
2018-12-14,70691.49280536252,70691.49280536252,69154.71875,69154.71875,440844
2018-12-17,68103.24278098054,69073.8353506988,66323.828125,66323.828125,727092
2018-12-18,64948.821150402386,65838.53611896944,64948.821150402386,65676.765625,714444
2018-12-19,65595.88823870024,66566.48087560947,65515.002991372814,65919.4140625,390840
2018-12-20,65515.0,66323.8296880787,65515.0,65515.0,404832
2018-12-21,65353.238731465346,66242.94610269561,63573.81640625,63573.81640625,2888688
2018-12-24,64706.17371030359,65434.11819297983,63897.3515625,63897.3515625,454980
2018-12-25,63816.46065201019,65029.70134881646,63007.63478459839,64706.16796875,674484
2018-12-26,64706.17371030359,64867.94420606833,63897.3515625,63897.3515625,692640
2018-12-27,64706.17371030359,65110.59236696041,63897.3515625,63897.3515625,511140
2018-12-28,63897.3515625,63897.3515625,63897.3515625,63897.3515625,0
2018-12-31,63897.3515625,63897.3515625,63897.3515625,63897.3515625,0
2019-01-01,63897.3515625,63897.3515625,63897.3515625,63897.3515625,0
2019-01-02,63816.46456047233,63816.46456047233,63250.286797746034,63573.81640625,520404
2019-01-03,63816.46793870192,63816.46793870192,62764.993811869455,63088.5234375,678768
2019-01-04,62279.69189084295,62684.10293875843,61066.45116434196,61632.62890625,555684
2019-01-07,63169.40381394476,63492.93722541064,62441.45932521283,63250.2890625,403656
2019-01-08,63250.28853632861,63978.229227627344,63169.403288446236,63897.3515625,335772
2019-01-09,63897.3515625,64544.41079729388,63816.46631461763,63897.3515625,407436
2019-01-10,63897.34880457421,65595.88585750683,63897.34880457421,64867.94140625,541080
2019-01-11,64948.81817215182,65676.76261336928,64706.17002507933,65272.3515625,542760
2019-01-14,65272.352750490965,65757.64905346859,64948.8193542543,65110.58984375,322572
2019-01-15,65191.46746249445,66323.83055719419,65029.7045558608,66242.9453125,484560
2019-01-16,66323.8354005952,66809.13173869038,65838.5390625,65838.5390625,579720
2019-01-17,65757.64876353457,66404.7079704002,64867.94140625,64867.94140625,384072
2019-01-18,64867.94079918981,65838.5333917824,64867.94079918981,65515.0,430896
2019-01-21,65515.00510461769,65757.65327167182,65191.47168762709,65353.2421875,319200
2019-01-22,65353.24016023168,65434.117824904075,64787.05859375,64787.05859375,138936
2019-01-23,64787.06060697115,64787.06060697115,63088.5234375,63088.5234375,849228
2019-01-24,63654.70502157546,63816.46793870192,62684.10856192862,63088.5234375,522828
2019-01-25,63088.52370689655,63573.82004310345,62926.75699770171,63331.171875,813048
2019-01-28,63331.16735466053,64139.9970515259,63331.16735466053,63978.2265625,898884
2019-01-29,64706.16885606298,64706.16885606298,64059.10966981132,64301.7578125,725376
2019-01-30,63978.2265625,64382.645202310036,63978.2265625,63978.2265625,709680
2019-01-31,64220.87475483144,64382.645243962,62845.87109375,62845.87109375,866280
2019-02-01,63088.52505358189,63573.82140014791,62684.11016765098,63412.0546875,815448
2019-02-04,63412.0546875,63412.0546875,63412.0546875,63412.0546875,0
2019-02-05,63412.0546875,63412.0546875,63412.0546875,63412.0546875,0
2019-02-06,63412.0546875,63412.0546875,63412.0546875,63412.0546875,0
2019-02-07,63412.0546875,63412.0546875,63412.0546875,63412.0546875,0
2019-02-08,63412.0546875,63412.0546875,63412.0546875,63412.0546875,0
2019-02-11,64625.29325583105,66485.59321479141,64544.40801143983,64867.94140625,1313340
2019-02-12,65919.41752787432,67132.65838779075,65353.24351508357,66566.484375,1239372
2019-02-13,66566.47994258505,69478.2578125,66566.47994258505,69478.2578125,1633788
2019-02-14,69478.25515215799,69882.66620213176,67941.48102985033,69559.1328125,1742196
2019-02-15,69397.37142497892,69397.37142497892,68426.77881763656,68507.6640625,935820
2019-02-18,68507.6640625,68507.6640625,68507.6640625,68507.6640625,0
2019-02-19,68831.18387663545,70044.42453005884,68831.18387663545,69963.546875,1346064
2019-02-20,69559.1328125,69882.66620213176,69397.36990906141,69559.1328125,1357752
2019-02-21,69801.78949617459,72713.56761072308,69801.78949617459,72551.8046875,2669952
2019-02-22,72713.56108467339,73603.27603943709,71500.3203125,71500.3203125,1481052
2019-02-25,74412.09828107734,74412.09828107734,73198.85750702306,73765.0390625,1367976
2019-02-26,73603.27501022379,73765.03791666667,71500.31931269287,72794.4453125,1083276
2019-02-27,72875.3408244894,73522.40012417965,72632.69263926108,72713.5703125,946692
2019-02-28,72713.5643501017,72713.5643501017,71581.20877280622,71904.7421875,1002264
2019-03-01,71985.6171875,72147.38768023191,71338.557964837,71985.6171875,820128
2019-03-04,72066.49786778988,73926.79775430066,71985.61262654874,72390.03125,1541268
2019-03-05,72390.03368145794,73522.38918309564,72228.26319354206,72309.1484375,926508
2019-03-06,72794.4453125,72956.20821894288,72228.26376581787,72794.4453125,834624
2019-03-07,73360.62685918213,73603.27501022379,72632.68240605714,72794.4453125,1137012
2019-03-08,72794.4453125,72794.4453125,72794.4453125,72794.4453125,0
2019-03-11,71257.67327137134,72551.79930949355,71257.67327137134,72470.9140625,722820
2019-03-12,72470.91046676543,72794.4438559322,71257.66973583322,71581.203125,784788
2019-03-13,71581.20612117999,72390.0358365749,71581.20612117999,71985.6171875,1217568
2019-03-14,71985.61958070988,72228.26774511987,71662.09375,71662.09375,242112
2019-03-15,71662.08378979274,71985.60957553626,68992.9543522613,69963.546875,1647072
2019-03-18,69963.55496625317,70853.26235407322,68588.54367818452,70206.203125,919500
2019-03-19,70610.61691810345,70610.61691810345,69559.13899540342,70367.96875,530952
2019-03-20,68912.07540764428,69720.90511137526,67941.48279626902,68750.3125,709872
2019-03-21,68831.19016244475,69073.83831528858,68184.13094911283,68750.3125,798072
2019-03-22,68669.42400774498,68992.95739048994,68345.890625,68345.890625,911028
2019-03-25,67132.65296207445,67698.83451186132,66404.70850495766,66485.59375,585780
2019-03-26,66485.60232400721,67941.49142599278,66485.60232400721,67213.546875,585984
2019-03-27,67213.53833773755,68912.07540764428,67213.53833773755,68750.3125,547092
2019-03-28,68750.3125,68750.3125,68103.2457039133,68750.3125,474876
2019-03-29,68750.32225623296,70287.08905382041,68184.140625,68184.140625,907212
2019-04-01,69235.61157461595,71176.796875,68912.07816363359,71176.796875,618852
2019-04-02,71419.44236581704,71662.09051928783,69801.78295417533,71257.671875,471840
2019-04-03,71257.67426447324,71257.67426447324,70367.96686616424,70934.1484375,364416
2019-04-04,70448.85722038327,71257.67942919448,70448.85722038327,71015.03125,403536
2019-04-05,71015.02665152634,71823.85639071856,71015.02665152634,71419.4453125,277332
2019-04-08,71176.79714901785,71581.2082272364,69397.37475589698,71419.4453125,698928
2019-04-09,71742.9676060926,71742.9676060926,70367.963941713,70772.375,336456
2019-04-10,68912.07179930796,70367.96064013841,68912.07179930796,70125.3125,350460
2019-04-11,70125.31870455678,71176.79659910746,70125.31870455678,70934.1484375,225864
2019-04-12,71015.03125,71257.67942919448,70367.97196639991,71015.03125,114756
2019-04-15,71015.03125,71015.03125,71015.03125,71015.03125,0
2019-04-16,69559.1421748331,71257.67942919448,69073.84581644414,71015.03125,348960
2019-04-17,71015.02637813127,71257.67454067928,70367.96713892162,71176.796875,876372
2019-04-18,69640.01805559659,71095.90693480766,69559.1328125,69559.1328125,489264
2019-04-19,69559.13952435553,71176.79904584994,69559.13952435553,70853.265625,68976
2019-04-22,70853.26589163822,71176.7993137057,70772.38064043252,71095.9140625,350688
2019-04-23,70448.85480112038,71176.7993137057,70448.85480112038,71095.9140625,406224
2019-04-24,70044.43372793925,71257.67454067928,70044.43372793925,71176.796875,688212
2019-04-25,71176.79632132093,71176.79632132093,70448.85183933954,70691.5,325692
2019-04-26,70367.9633691011,70691.49676275083,69882.66707000385,70287.078125,340980
2019-04-29,70287.078125,70287.078125,70287.078125,70287.078125,0
2019-04-30,70287.078125,70287.078125,70287.078125,70287.078125,0
2019-05-01,70287.078125,70287.078125,70287.078125,70287.078125,0
2019-05-02,70367.9623940678,71581.203125,69963.55134467524,71581.203125,814392
2019-05-03,71742.9714162999,73117.98273645989,70610.61584330503,71662.09375,1041744
2019-05-06,71500.324340231,71500.324340231,69963.55766407934,70367.96875,108216
2019-05-07,70367.96954991468,71742.97332387962,70367.96954991468,71095.9140625,404904
2019-05-08,70367.97196639991,71581.21286237233,70367.97196639991,71015.03125,611820
2019-05-09,71015.02610286578,71338.55951259409,70772.37794125832,70934.1484375,265800
2019-05-10,70448.84918647229,71419.44179256489,70448.84918647229,70772.375,226884
2019-05-13,70772.37167945097,71095.90506055363,70125.3125,70125.3125,350328
2019-05-14,68022.36182952258,71015.01705279754,68022.36182952258,69963.546875,393360
2019-05-15,69963.56086199431,71581.21286237233,69963.56086199431,71015.03125,243024
2019-05-16,71015.0280040241,71419.44667270003,70367.96875,70367.96875,431184
2019-05-17,69720.89874431532,71015.01705279754,69720.89874431532,69963.546875,503112
2019-05-20,70044.43372793925,71338.55978911364,69963.55606225997,71176.796875,476376
2019-05-21,71176.79979015369,74088.57785998604,71176.79979015369,73845.9296875,1171620
2019-05-22,73845.92316126547,74088.57131230713,72632.68240605714,72794.4453125,523872
2019-05-23,72632.68240605714,73441.5045210262,71985.61561477621,72794.4453125,305760
2019-05-24,72794.44516178488,73198.85621843212,70529.7265625,70529.7265625,824928
2019-05-27,70448.85003178628,71823.85371266451,70448.85003178628,71500.3203125,424608
2019-05-28,71176.79850459658,71581.20959051725,69963.55766407934,70367.96875,770808
2019-05-29,70044.43559884676,70934.15060712404,69963.5579310072,70610.6171875,376584
2019-05-30,70610.60756578947,71015.01859814624,69154.71875,69154.71875,371028
2019-05-31,69235.6120846946,70206.20474203725,69235.6120846946,69397.375,556128
2019-06-03,69397.37171333192,69882.66801901956,68750.3125,68750.3125,458076
2019-06-04,68750.3125,69235.60880568763,67537.0717357809,68750.3125,391896
2019-06-05,69478.25695853145,69478.25695853145,68750.3125,68750.3125,257232
2019-06-06,68426.78180017605,69154.72628741196,68426.78180017605,68912.078125,305532
2019-06-07,69154.72176252623,70287.07725210553,68750.31071255245,69559.1328125,351624
2019-06-10,70367.96064013841,70367.96064013841,69235.60518041062,70125.3125,522384
2019-06-11,70125.31434866694,70206.19959176354,69559.1328125,69559.1328125,272232
2019-06-12,69963.5532642191,69963.5532642191,68750.3125,68750.3125,251628
2019-06-13,68750.30924911982,69720.90181460032,68184.12772500473,68345.890625,133776
2019-06-14,68750.31683690495,68750.31683690495,67617.95366369892,68103.25,297924
2019-06-17,67375.2998255101,68588.54056416127,67132.65167777987,67537.0703125,400968
2019-06-18,67456.18359541983,67698.83173784941,66000.29474084242,66323.828125,566124
2019-06-19,66323.83140741586,67456.18693387682,66323.83140741586,66970.890625,320784
2019-06-20,66728.234375,68345.88601408203,66566.47148591797,66728.234375,376104
2019-06-21,66728.24358258929,67941.484375,66647.35833551026,67941.484375,887772
2019-06-24,67941.48974652609,69154.73063485691,63250.29290877283,68022.375,350400
2019-06-25,67941.484375,68507.66593904332,67941.484375,67941.484375,295800
2019-06-26,67779.71517378358,69154.71875,67779.71517378358,69154.71875,328368
2019-06-27,68507.66140686611,69235.60583415482,66323.828125,66323.828125,718644
2019-06-28,67132.65625,67132.65625,65919.41542871835,67132.65625,615852
2019-07-01,67941.48335494,69235.609375,67860.59810907538,69235.609375,395664
2019-07-02,69235.61097912164,69235.61097912164,68426.78125,68426.78125,172620
2019-07-03,68426.77586637485,68669.42400774498,67294.42040089908,68345.890625,470340
2019-07-04,68345.89655178704,68912.078125,68184.13363776408,68912.078125,366864
2019-07-05,68669.42725480047,68912.07540764428,68103.2457039133,68750.3125,115920
2019-07-08,68022.36482500946,68507.6611077497,67537.0685422692,68345.890625,474516
2019-07-09,68345.890625,68345.890625,68345.890625,68345.890625,0
2019-07-10,68103.25,68426.78341845247,67779.72416430278,68103.25,325356
2019-07-11,68103.23788908203,68345.88601408203,66728.234375,66728.234375,702276
2019-07-12,66728.24378750935,67779.72167174601,65919.4140625,65919.4140625,536664
2019-07-15,65919.41536120493,65919.41536120493,64220.87821315022,64625.296875,815160
2019-07-16,64706.1736229125,65434.1181046056,64706.1736229125,65029.70703125,330528
2019-07-17,65272.35858200188,65272.35858200188,64301.7658893327,64544.4140625,652440
2019-07-18,63816.46455894491,64706.171930153876,60662.03855413014,61309.1015625,2020368
2019-07-19,61470.8636412912,62926.75254693792,61309.10073491536,62845.87109375,614508
2019-07-22,62845.87249940814,64625.29484036116,62845.87249940814,64059.11328125,568332
2019-07-23,63250.2890798145,64463.52610332229,63088.52237403728,64382.6484375,907608
2019-07-24,64625.29236455823,65434.1144662968,64382.64421748574,65272.3515625,627732
2019-07-25,65272.3515625,65272.3515625,65272.3515625,65272.3515625,0
2019-07-26,65272.3515625,65272.3515625,65272.3515625,65272.3515625,0
2019-07-29,65272.3515625,65272.3515625,65272.3515625,65272.3515625,0
2019-07-30,65272.3515625,65272.3515625,65272.3515625,65272.3515625,0
2019-07-31,63897.34589271539,64706.16796875,63573.81251264893,64706.16796875,830352
2019-08-01,64706.17334632262,65272.3549128043,64625.29568165022,64787.05859375,441288
2019-08-02,63897.3515625,64706.17371030359,63897.3515625,63897.3515625,394728
2019-08-05,63250.289044554236,63897.35207592488,62117.9296875,62117.9296875,953808
2019-08-06,62117.9296875,62117.9296875,62117.9296875,62117.9296875,0
2019-08-07,60662.04014167029,61794.3994881073,59529.680795233275,60500.2734375,1068396
2019-08-08,59529.680795233275,60500.2734375,58882.621561307125,60500.2734375,960420
2019-08-09,60500.2734375,60500.2734375,60500.2734375,60500.2734375,0
2019-08-12,61470.8671875,61875.28205952471,61066.456106852864,61470.8671875,310668
2019-08-13,61470.865551683695,61470.865551683695,60581.15816483416,61147.3359375,422904
2019-08-14,61875.28041294643,61875.28041294643,61147.3359375,61147.3359375,519576
2019-08-15,60742.920287970795,61551.75,60338.50922333362,61551.75,584472
2019-08-16,61551.75,61551.75,61551.75,61551.75,0
2019-08-19,61551.75,61551.75,61551.75,61551.75,0
2019-08-20,61551.75,61551.75,61551.75,61551.75,0
2019-08-21,61147.339810321835,62522.34739260048,61147.339810321835,62279.69921875,477600
2019-08-22,62279.697477734844,63088.5234375,61875.28260216346,63088.5234375,478620
2019-08-23,63331.17337497619,63331.17337497619,62279.69921875,62279.69921875,160956
2019-08-26,61470.8671875,61875.28205952471,60823.807941913554,61470.8671875,489936
2019-08-27,61470.86498620752,61875.27984375,60662.0390625,60662.0390625,435876
2019-08-28,60662.04014167029,61309.10316697394,60338.51052470721,60500.2734375,321588
2019-08-29,60500.27236120752,61066.45392004248,60500.27236120752,60662.0390625,233556
2019-08-30,60662.04069259865,61309.103723778884,60581.159235467705,60985.5703125,217692
2019-09-02,60985.5703125,60985.5703125,60985.5703125,60985.5703125,0
2019-09-03,60985.56643076905,60985.56643076905,59853.2109375,59853.2109375,349116
2019-09-04,59853.21313879248,61066.45392004248,59853.21313879248,60662.0390625,306840
2019-09-05,60662.035930411825,60823.80262335201,59691.44335552524,60257.62109375,366696
2019-09-06,60257.62198879153,60662.03683146037,59853.2109375,59853.2109375,291024
2019-09-09,59610.56279017415,60500.270136117375,59610.56279017415,59853.2109375,320556
2019-09-10,59853.21291266707,61794.39815533327,59853.21291266707,61551.75,504852
2019-09-11,61632.63443509615,63250.290146004074,61551.75297653292,63088.5234375,683100
2019-09-12,63088.52233886719,63088.52233886719,62117.9296875,62117.9296875,350244
2019-09-13,61632.63308823529,62037.04795496898,61389.98492647059,61875.28125,519132
2019-09-16,61875.27982658419,63088.5206074976,61875.27982658419,62926.75390625,400464
2019-09-17,63088.517099056604,64382.64305431438,62926.75040680507,64301.7578125,725100
2019-09-18,64301.76164832206,65434.1171875,63897.35058063457,65434.1171875,1087536
2019-09-19,65434.11536872441,65515.00061311562,64544.40801143983,64867.94140625,658548
2019-09-20,64787.05616185878,64867.94140625,63978.226466210726,64867.94140625,979452
2019-09-23,64867.93845016041,65434.11238683377,64625.29031079915,64706.16796875,582780
2019-09-24,64625.29604517625,64625.29604517625,63412.05144933832,63897.3515625,673512
2019-09-25,63897.3515625,64059.11447550971,63573.818153725544,63897.3515625,308580
2019-09-26,63735.585793760576,63897.356301523214,63331.174689865155,63492.94140625,264024
2019-09-27,63897.3530725847,64625.29757246444,63654.70490595812,64220.87890625,684948
2019-09-30,64220.88215153732,64301.76740541864,63492.94140625,63492.94140625,675456
2019-10-01,63897.35252946283,63978.230195814096,63169.40424439297,63735.58203125,296244
2019-10-02,63897.35497487913,63897.35497487913,62279.69921875,62279.69921875,840372
2019-10-03,62279.697477734844,63088.5234375,61794.401143600226,63088.5234375,468684
2019-10-04,63088.522892441855,63492.937764519265,62360.57839752907,62603.2265625,198780
2019-10-07,62603.225735294116,62845.873897058824,61875.28125,61875.28125,429096
2019-10-08,62117.9310410828,62684.108836258456,61956.16433187077,62198.8125,309684
2019-10-09,62198.81396654803,62441.46214039851,61956.165792697546,62279.69921875,267636
2019-10-10,62279.69921875,62684.110314248996,62037.05104489952,62279.69921875,501072
2019-10-11,62522.34739260048,62603.22885342474,62117.93250572377,62279.69921875,672684
2019-10-14,62441.46039664851,62603.22710515722,61956.1640625,61956.1640625,239568
2019-10-15,61956.16299939155,63654.70393114359,61956.16299939155,63250.2890625,494220
2019-10-16,63492.93546492789,63492.93546492789,62926.75390625,62926.75390625,388008
2019-10-17,62926.75848809948,63088.5252011257,62279.69921875,62279.69921875,982056
2019-10-18,62279.69693154943,62684.108012196564,61470.8671875,61470.8671875,538332
2019-10-21,61470.86498620752,61470.86498620752,60419.39090625,60662.0390625,923088
2019-10-22,60662.038495463705,60985.56810364704,59934.094033518144,60176.7421875,517980
2019-10-23,60257.6236999768,61470.8644710594,60257.6236999768,61309.1015625,465120
2019-10-24,61470.865551683695,61470.865551683695,60823.806323316305,61147.3359375,327324
2019-10-25,61147.33371423982,61147.33371423982,60257.622568361876,60338.5078125,575280
2019-10-28,60419.38778669018,60662.035930411825,60257.62109375,60257.62109375,603012
2019-10-29,60257.62198879153,60581.155379477525,59853.2109375,59853.2109375,579876
2019-10-30,60338.50723215168,60500.270136117375,59691.444242157006,59853.2109375,765996
2019-10-31,60662.03958183203,60904.68774015937,59691.446948522724,60014.9765625,1090368
2019-11-01,60257.62609456339,61470.86691385915,60257.62609456339,61228.21875,1916400
2019-11-04,61632.63026565838,62360.574717614974,61632.63026565838,61713.51171875,1068672
2019-11-05,61713.51535243931,61794.4006016708,61147.33756470677,61470.8671875,917676
2019-11-06,61389.98572964609,62037.04876661011,61389.98572964609,61470.8671875,645312
2019-11-07,61470.866383266315,61875.28125,61228.21822150161,61875.28125,517908
2019-11-08,62441.45930749655,62603.226013183594,61956.16298181296,62117.9296875,703512
2019-11-11,62037.04334196024,62037.04334196024,60257.62109375,60257.62109375,1368336
2019-11-12,60338.50945129248,60823.80576379248,60257.624204957516,60662.0390625,478896
2019-11-13,60823.80777405904,60823.80777405904,60095.86328125,60095.86328125,775092
2019-11-14,60176.74554985153,60904.6900524707,60176.74554985153,60823.80859375,572736
2019-11-15,60823.80262335201,60823.80262335201,60257.62109375,60257.62109375,330192
2019-11-18,60662.038495463705,60662.038495463705,60176.7421875,60176.7421875,266508
2019-11-19,60257.62198879153,60581.155379477525,59772.32569413985,59853.2109375,651480
2019-11-20,59853.213089820245,60257.6241556544,59529.6796875,59529.6796875,339744
2019-11-21,59044.38535212502,59691.448387050885,57831.14453125,57831.14453125,1011912
2019-11-22,58720.853490691494,58963.5016456117,56537.02009640958,57022.31640625,956412
2019-11-25,57103.200038724994,57912.029780226716,57022.318581125845,57831.14453125,373716
2019-11-26,58073.79269542501,58720.85573035087,57831.14453125,57831.14453125,674016
2019-11-27,57831.14152711549,58235.55637685835,57345.845223975004,57426.73046875,256320
2019-11-28,57103.199588203875,57426.73299880304,55485.547700718176,56213.4921875,730452
2019-11-29,56213.49127413825,56941.435749092365,55728.19495750217,56617.90234375,362772
2019-12-02,57022.318953804344,57022.318953804344,55809.078125,55809.078125,328260
2019-12-06,49742.87327482183,51522.291868014814,49581.106569485186,50551.69921875,1941240
2019-12-09,50389.93583533345,50470.81729155947,48772.28017117045,48934.046875,1707336
2019-12-10,48934.051370516056,49257.58101651996,45779.625,45779.625,3266568
2019-12-11,45456.08290765948,46507.56069187924,44000.19409078024,45051.671875,2796228
2019-12-12,45294.32391336514,47559.038782051284,45294.32391336514,47316.390625,2249400
2019-12-13,47720.80629398661,48044.335911754744,46103.15062239092,46911.9765625,2083320
2019-12-16,46345.79629629629,46750.21114033565,45860.5,45860.5,1556856
2019-12-17,45941.38877631431,46022.27403284344,45051.68128551724,45375.2109375,1359480
2019-12-18,45294.32584269325,46103.151803523935,44485.49609048494,45617.85546875,1332876
2019-12-19,45294.32639009441,45617.856020061154,44889.911509102734,44970.79296875,998352
2019-12-20,44970.79242855956,45051.67767861289,44161.9664676695,44485.49609375,2159604
2019-12-23,44970.791977486544,45213.440142457475,41735.484375,41735.484375,2670120
2019-12-24,41816.36342753883,44242.84493767411,40603.122672471196,44081.08203125,1682268
2019-12-25,44323.727466560376,45456.08290765948,44081.079330413835,45051.671875,1572900
2019-12-26,44485.49661175569,46992.86356505352,44404.61515213816,46103.15234375,2280300
2019-12-27,45698.73611953521,46426.68060882716,45294.32504195805,46022.26953125,755388
2019-12-30,46103.149794854144,46911.975720445065,45941.38309318498,46184.03125,1064844
2019-12-31,46184.03463040089,46345.80134391043,45213.4419320991,45698.73828125,834900
2020-01-01,45698.73828125,45698.73828125,45698.73828125,45698.73828125,0
2020-01-02,46022.270884132464,46426.6819735978,45536.97454367194,46103.15234375,622644
2020-01-03,46264.91824028936,46669.3293226387,45941.38482475676,46507.56640625,933228
2020-01-06,46507.56954704217,46507.56954704217,45779.625,45779.625,698424
2020-01-07,45941.3828125,46345.79766851336,45860.5013578483,45941.3828125,383616
2020-01-08,45456.09105049054,45698.73923010415,44970.79469126332,45294.328125,885228
2020-01-09,45779.6227139022,46264.919054362734,45698.73746290701,46103.15234375,606816
2020-01-10,46103.15316933498,46669.330979551785,45698.73828125,45698.73828125,629916
2020-01-13,45779.6227139022,46184.033803367536,45617.856003289475,46103.15234375,496572
2020-01-14,46103.1546460039,46345.80282835129,45779.625,45779.625,419292
2020-01-15,46103.15316933498,46103.15316933498,45294.32718454274,45698.73828125,447948
2020-01-16,45698.734089820064,46022.267487165074,45456.0859375,45456.0859375,348252
2020-01-17,45375.20730469339,45617.85547209817,44485.49609375,44485.49609375,596328
2020-01-20,44485.490218712235,44566.37545808335,42867.838510569534,43919.3125,649788
2020-01-21,43919.315333448525,44404.61163547558,43757.54863564706,44081.08203125,443196
2020-01-22,43838.43409677467,44161.96370259831,43110.48964013843,43191.37109375,648252
2020-01-23,43191.37109375,43191.37109375,43191.37109375,43191.37109375,0
2020-01-24,43191.37109375,43191.37109375,43191.37109375,43191.37109375,0
2020-01-27,43191.37109375,43191.37109375,43191.37109375,43191.37109375,0
2020-01-28,43191.37109375,43191.37109375,43191.37109375,43191.37109375,0
2020-01-29,43191.37109375,43191.37109375,43191.37109375,43191.37109375,0
2020-01-30,42867.83816810873,42867.83816810873,40441.356833902144,40522.23828125,1909332
2020-01-31,40441.356833902144,41816.36039570115,40441.356833902144,40522.23828125,949620
2020-02-03,37772.23338809781,40441.36328125,37691.34813647777,40441.36328125,1548684
2020-02-04,40522.24474149235,41250.18925780659,40036.94839728286,40441.36328125,893880
2020-02-05,40845.77437383945,40845.77437383945,39794.30022517812,40441.36328125,900852
2020-02-06,40400.91918683991,40400.91918683991,38419.29125622541,40360.4765625,2867964
2020-02-07,40279.595105197746,40360.4765625,39470.769158042516,40360.4765625,1118748
2020-02-10,40360.4765625,40360.4765625,39470.769158042516,40360.4765625,720336
2020-02-11,39794.2987786291,41816.365542205946,39794.2987786291,40360.4765625,2498232
2020-02-12,40441.36235418118,41007.540145654086,40441.36235418118,40845.7734375,965664
2020-02-13,41007.53592684063,41169.30261835233,40522.239643682755,40603.12109375,657564
2020-02-14,40603.1233597015,40603.1233597015,39996.5029719003,40279.59375,1344372
2020-02-17,40279.59238934883,40279.59238934883,39592.09057019053,40198.7109375,1790784
2020-02-18,39794.29609550125,40198.7109375,39794.29609550125,40198.7109375,709464
2020-02-19,40117.82760525513,41816.36471463013,40117.82760525513,40764.890625,2182416
2020-02-20,41169.303502640956,41573.71455304085,40764.88866086377,41331.06640625,1638576
2020-02-21,41654.602924918654,43676.66970292837,41654.602924918654,42867.84375,2473260
2020-02-24,41735.48124802719,42463.42568839976,41250.184954445474,41331.06640625,1714848
2020-02-25,40845.76710652114,41492.83004746696,40279.58940280418,40926.65234375,1076052
2020-02-26,40279.5949679521,40684.009835840516,39632.531937606145,40239.15234375,1502940
2020-02-27,39794.29609550125,40279.59238934883,39470.76649672863,40198.7109375,1970496
2020-02-28,40198.71677555012,40198.71677555012,38581.060964000666,39632.53515625,2706732
2020-03-02,39106.799955814255,39632.53515625,38702.38505508243,39632.53515625,1905780
2020-03-03,39794.301874818295,40279.59823914535,39228.12404689602,39632.53515625,1470876
2020-03-05,39996.50275000591,42059.01205708752,39753.854596231606,41169.3046875,2137080
2020-03-06,41088.41759789241,44000.1953125,40522.239861622234,44000.1953125,3353256
2020-03-09,42867.845400446546,45941.3864147347,41250.18964093118,42059.015625,5046156
2020-03-10,42786.9618940985,43514.90644687926,42059.01734131775,42382.55078125,2864208
2020-03-11,43110.49030752371,43110.49030752371,39794.29757882883,40400.91796875,3165096
2020-03-12,38176.64194191323,40400.91796875,37610.46417511261,40400.91796875,4887252
2020-03-13,37610.46290871167,40400.91660839028,37610.46290871167,40320.03515625,4539996
2020-03-16,39632.53432648519,40279.597395833334,38419.29344106852,40036.94921875,3860184
2020-03-17,38823.708333333336,40036.94921875,38581.06015625,40036.94921875,4652580
2020-03-18,40036.9478654179,40198.71457513132,39470.770068487356,39956.06640625,2604408
2020-03-19,39228.11911821319,39794.296875,38864.14689069794,39794.296875,4020372
2020-03-20,39632.53017675632,39794.296875,38661.937570049005,39794.296875,4944984
2020-03-23,38904.58572172584,39794.296875,37529.58205647538,39794.296875,6030024
2020-03-24,39228.12163426987,39713.41796875,39066.35492565062,39713.41796875,4270020
2020-03-25,39632.53271875157,40198.71430323013,39228.12163426987,39713.41796875,3428748
2020-03-26,39632.53515625,39794.301874818295,39268.562883004706,39632.53515625,3316188
2020-03-27,39389.88336760597,41250.18719099224,39228.1204552263,39875.1796875,3105504
2020-03-30,39228.12163426987,39713.41796875,39147.23638427144,39713.41796875,1654728
2020-03-31,39713.42041122307,40360.47970274058,38985.47586473249,39632.53515625,4400520
2020-04-01,39470.76726989002,40441.35987659734,39470.76726989002,39794.296875,2071056
2020-04-02,39794.296875,39794.296875,39794.296875,39794.296875,0
2020-04-03,40117.83047968948,42301.6640625,40036.94901819279,42301.6640625,2209776
2020-04-06,43110.493111972675,45213.44140625,42948.726400344545,45213.44140625,3068196
2020-04-07,45941.38482475676,47235.510904131945,44566.38107856482,46507.56640625,2519640
2020-04-08,45375.20692845944,47639.921875,44889.91059767378,47639.921875,1605648
2020-04-09,47720.8063195585,48286.9840988005,46992.861835656986,48044.3359375,2457468
2020-04-10,47720.809631192715,50551.70251523295,47154.628021282435,48691.40234375,2297208
2020-04-13,48691.39641516413,49661.98900954363,46992.859375,46992.859375,2528340
2020-04-14,46911.97547575611,49338.45703125,46264.916255209355,49338.45703125,1739856
2020-04-15,49338.455671244505,50389.933510559684,49095.807522383664,49257.57421875,1327620
2020-04-16,48206.102666801824,49500.224930606884,48206.102666801824,49176.6953125,1177776
2020-04-17,49338.45931273387,49661.99272934534,48934.048229035936,49014.9296875,1700580
2020-04-20,49014.92858270202,49338.458200643516,48044.3359375,48044.3359375,2212428
2020-04-21,46992.865911736946,47559.04374008824,45375.21009896174,45779.625,2226048
2020-04-22,44889.91251208119,47397.27573094539,44889.91251208119,47073.74609375,1275564
2020-04-23,48125.22025816833,48367.86843390931,47073.74609375,47073.74609375,1011504
2020-04-24,46750.21119683367,48125.21484375,46264.91489995089,48125.21484375,1462428
2020-04-27,48529.631410256414,48934.04626913437,47316.390625,47316.390625,1347024
2020-04-28,47316.391724246234,48772.28070037688,46911.976855972986,48286.984375,1314276
2020-04-29,48286.98353794643,48448.750240727015,47559.0390625,47559.0390625,996636
2020-04-30,47559.0390625,47559.0390625,47559.0390625,47559.0390625,0
2020-05-01,47559.0390625,47559.0390625,47559.0390625,47559.0390625,0
2020-05-04,46264.915421733116,47478.15617762317,46184.03017708888,46345.796875,1378572
2020-05-05,46264.91851224112,46507.56667962809,45617.85546875,45617.85546875,1318776
2020-05-06,46103.15062239092,46911.9765625,45051.676521111345,46911.9765625,1223976
2020-05-07,47559.0390625,47720.80576528059,46911.97604275513,47559.0390625,936720
2020-05-08,47720.80518850569,50470.81635427296,47639.919942404274,49338.45703125,3983820
2020-05-11,49742.873811234,51036.99609375,49014.92931643545,51036.99609375,2206740
2020-05-12,50956.115021267266,51117.88172957176,49985.522354195506,50147.2890625,1233924
2020-05-13,49581.10602445234,50551.69866304767,48934.04679297378,50066.40234375,1918488
2020-05-14,49742.869534917845,52735.528714689586,49338.45469767081,51684.0546875,3088212
2020-05-15,51684.0546875,51684.0546875,51684.0546875,51684.0546875,0
2020-05-18,51684.0546875,51684.0546875,51684.0546875,51684.0546875,0
2020-05-19,51198.76147736895,52088.47265625,50551.69845714841,52088.47265625,2308128
2020-05-20,52088.47265625,52088.47265625,52088.47265625,52088.47265625,0
2020-05-21,51603.17578125,51764.93869102384,50794.34606687103,51603.17578125,1816164
2020-05-22,51360.5298963397,51522.292813266584,50147.2890625,50147.2890625,1573020
2020-05-25,50309.049138209964,50713.463990442964,49742.87137818568,49985.51953125,1625544
2020-05-26,50147.284557663916,50794.34375,50066.39931508896,50794.34375,1263888
2020-05-27,51117.8807917395,52250.23635496343,50551.69921875,50551.69921875,2626896
2020-05-28,51279.64003994069,51279.64003994069,50470.81415383196,50794.34375,956976
2020-05-29,50794.34629900655,50875.23154564057,50309.0499847123,50713.46484375,837720
2020-06-01,50713.466470965395,51522.2924236157,50713.466470965395,51036.99609375,1292256
2020-06-02,51441.406543427234,53220.82500283513,51279.63985025297,51684.0546875,5028096
2020-06-03,52169.352347884575,52169.352347884575,51441.407896518744,51764.9375,899640
2020-06-04,52250.234716762745,52250.234716762745,51198.76064348522,51360.52734375,1833612
2020-06-05,50956.11328125,51198.761439732145,50551.69841998727,50956.11328125,2192016
2020-06-08,50956.11328125,50956.11328125,50956.11328125,50956.11328125,0
2020-06-09,50956.11328125,50956.11328125,50956.11328125,50956.11328125,0
2020-06-10,50875.23046875,50956.11192229451,50551.69707181718,50875.23046875,1452720
2020-06-11,51198.76113782052,51845.82415374975,47316.390625,47316.390625,3162840
2020-06-12,46103.14983974359,47478.15732682667,46103.14983974359,47316.390625,3650472
2020-06-15,47316.39264045878,47639.92226651553,44728.144257871914,45617.85546875,3123876
2020-06-16,46426.67861359469,46750.21201140531,45698.73415558688,46588.4453125,1790904
2020-06-17,46911.977488599354,47073.744196365646,46022.270074328706,46507.56640625,1387176
2020-06-18,46103.15234375,46426.6819735978,45213.441122446486,46103.15234375,1113948
2020-06-19,46588.448684210525,46669.33014382806,46103.15234375,46103.15234375,2903796
2020-06-22,46507.565760671925,47316.39170552079,46507.565760671925,47154.625,1946136
2020-06-23,46911.97829763779,48125.219148364435,46911.97829763779,47235.51171875,1743948
2020-06-24,47235.506638696665,47559.03623363647,45698.732532133785,46264.9140625,1123068
2020-06-25,45779.618547743055,46103.148148148146,45456.085155960645,45860.5,1848012
2020-06-26,45860.50363613697,46831.09630568484,45617.85546875,45617.85546875,689964
2020-06-29,45617.85697544643,45617.85697544643,43595.790110894755,44566.3828125,2064528
2020-06-30,45213.43975871907,45375.20646445259,43676.66932407201,43757.55078125,1654716
2020-07-01,44000.19896143271,45375.206482263515,43676.66934121622,44889.91015625,1159044
2020-07-02,45294.321486303335,46588.443657439806,44889.90664909565,46264.9140625,1313256
2020-07-03,46264.9140625,46831.09180148897,45860.49922529231,46264.9140625,839916
2020-07-06,46264.91570606677,46911.974918933236,46184.03046092542,46588.4453125,1026936
2020-07-07,46831.09685444079,47235.511735283784,46103.15234375,46103.15234375,1151100
2020-07-08,46103.15234375,46507.567224592996,46103.15234375,46103.15234375,560604
2020-07-09,46184.03152921798,46669.32784578201,46022.268617948284,46426.6796875,1317180
2020-07-10,46426.6796875,46426.6796875,46426.6796875,46426.6796875,0
2020-07-13,46103.1546460039,46507.56954704217,45698.73974496564,45779.625,669504
2020-07-14,45617.85776735888,45779.62448422722,45051.67994538639,45294.328125,1115088
2020-07-15,45294.328125,45294.328125,45294.328125,45294.328125,0
2020-07-16,45294.326373441676,46103.15234375,44889.91149259869,46103.15234375,1174440
2020-07-17,45860.50078849257,45941.382242140135,45294.323030204876,45456.0859375,911532
2020-07-20,45294.32584601767,45294.32584601767,44485.49609375,44485.49609375,1133328
2020-07-21,44485.49189449978,44970.78818349933,43919.31415445939,44242.84375,2005152
2020-07-22,44242.84464854479,44647.25949471692,43838.43359375,43838.43359375,1000512
2020-07-23,43838.43330407444,44161.96290404792,43353.13700842556,43595.78515625,914436
2020-07-24,43434.02321015695,43595.7899235218,41088.422927566324,42059.015625,2454936
2020-07-27,39551.65286458333,41654.60499643148,39551.65286458333,40036.94921875,3383100
2020-07-28,40441.36235418118,41250.18831219642,40036.947479484756,40845.7734375,1582524
2020-07-29,40036.945170022795,40441.36002139125,39632.530318654346,39915.62109375,1623204
2020-07-30,40360.475204581024,40522.241905120485,40036.94559487952,40279.59375,985980
2020-07-31,39713.41785455419,41573.717937126996,39713.41785455419,40845.7734375,2634072
2020-08-03,40845.77525847976,42625.19775337186,40845.77525847976,42544.3125,1674528
2020-08-04,43029.60495727234,43919.31612413195,43029.60495727234,43676.66796875,2017308
2020-08-05,43272.255256726115,44485.49609375,43029.60708932133,44485.49609375,2172936
2020-08-06,44081.08145189888,44404.611051872365,43434.0184605746,43595.78515625,1413624
2020-08-07,43676.66932407201,44323.732355628556,43514.902618338485,43757.55078125,1151076
2020-08-10,43838.43388023647,44404.61163547558,43838.43388023647,44081.08203125,1144428
2020-08-11,44323.73154653059,44323.73154653059,43757.54998248727,44161.96484375,790512
2020-08-12,43919.31504643349,44323.72989260562,43595.785444322195,43838.43359375,1177584
2020-08-13,43838.43241149551,44161.96200488172,43676.665719113786,44000.1953125,1143672
2020-08-14,44000.1970039978,44081.08224898674,42867.84148792635,43191.37109375,2155812
2020-08-17,43191.37337289583,43272.2548307754,42301.66217071032,42867.84375,1319592
2020-08-18,42867.8471497705,42867.8471497705,42301.665525578,42382.55078125,925548
2020-08-19,42382.54714903487,42786.95822722505,42139.898985569744,42625.1953125,1040460
2020-08-20,42625.19722608813,42706.078687081696,42059.015625,42059.015625,1703928
2020-08-21,42059.01614527993,42786.96067736003,42059.01614527993,42544.3125,1162644
2020-08-24,42706.077579696896,43676.670251962736,42706.077579696896,43353.140625,2056572
2020-08-25,43676.670251962736,44000.19987892547,43353.140625,43353.140625,2038536
2020-08-26,43353.139153779004,43595.787313611014,43110.49099394699,43272.25390625,1060464
2020-08-27,43272.2553747261,43434.02208389628,43191.37391582982,43353.140625,979584
2020-08-28,43595.785729222946,44889.907937502634,43434.01903142147,44081.08203125,2856000
2020-08-31,44485.49609375,44889.91096988384,44000.19975894045,44485.49609375,1553580
2020-09-01,44485.494457933695,44485.494457933695,43919.316685267855,44161.96484375,1949808
2020-09-02,44161.96484375,44161.96484375,44161.96484375,44161.96484375,0
2020-09-03,44809.02734375,44889.9087985134,44242.84578627388,44809.02734375,2104836
2020-09-04,44000.19844756963,45698.7355687803,44000.19844756963,45536.97265625,3168228
2020-09-07,45779.62049742344,46184.031567308695,44161.96484375,44161.96484375,2718600
2020-09-08,44242.84522363778,44485.49337621967,44000.197071055896,44323.73046875,1752048
2020-09-09,43757.55159153567,44809.029511208115,43757.55159153567,44485.49609375,1298892
2020-09-10,44809.02677391376,44889.9082276486,44242.84522363778,44323.73046875,882672
2020-09-11,44323.73046875,44323.73046875,44323.73046875,44323.73046875,0
2020-09-14,44485.496628111054,45132.55967942221,44485.496628111054,44970.79296875,1133508
2020-09-15,44970.790253276806,45132.55695418104,44566.379188082356,44809.02734375,953544
2020-09-16,44809.02814505388,44809.02814505388,44161.96512124317,44404.61328125,1090644
2020-09-17,44404.61243489583,44404.61243489583,43676.66796875,43676.66796875,1489788
2020-09-18,43676.666897005685,44161.9631958613,43676.666897005685,43838.43359375,1346820
2020-09-21,44000.196786660585,44323.73018226353,44000.196786660585,44081.08203125,1055904
2020-09-22,44081.07918736512,44161.960635359115,43757.54581263488,43919.3125,912420
2020-09-23,44161.964331510484,44809.02734375,44000.19763060624,44809.02734375,1541844
2020-09-24,44566.38134380334,45051.67767861289,44485.49609375,44485.49609375,1057236
2020-09-25,44485.49189449978,44728.140038999554,44081.080847918325,44242.84375,850008
2020-09-28,44242.84375,44566.37713691787,44081.080847918325,44242.84375,748032
2020-09-29,44404.61475616211,44404.61475616211,43353.140625,43353.140625,1539720
2020-09-30,43353.138912602015,44161.96484375,43353.138912602015,44161.96484375,1012488
2020-10-01,44242.84657745295,44485.494737459776,44161.96512124317,44404.61328125,1157064
2020-10-02,44404.61381280654,44485.49526998453,43514.902618338485,43757.55078125,1779744
2020-10-05,44161.96868967722,45456.09105049054,43757.553793195264,45294.328125,3921624
2020-10-06,45617.854300049956,47154.62472367048,45536.972843452306,46911.9765625,5280684
2020-10-07,46911.97626831518,50147.287591217944,46831.09481222473,50066.40234375,7723020
2020-10-08,49742.869534917845,51684.0546875,49014.92510269953,51684.0546875,5815764
2020-10-09,51360.52892302526,55162.01426943069,50309.05102603862,55081.1328125,6407592
2020-10-12,55000.24943865002,56779.66796875,53787.00867008699,56779.66796875,6982440
2020-10-13,56617.9028684331,60742.92159806668,55000.25099224023,60500.2734375,5597088
2020-10-14,60419.38670095261,64706.16796875,59125.264554818306,64706.16796875,6080268
2020-10-15,64706.17562029646,67051.77963332734,63331.17186223906,65595.890625,6837756
2020-10-16,65514.99762753897,65514.99762753897,61066.449669708345,64706.16796875,7846980
2020-10-19,61632.62817711021,66323.828125,61632.62817711021,66323.828125,3687552
2020-10-20,66162.06174586187,67698.8359375,64706.17280096938,67698.8359375,5850372
2020-10-21,67132.65437579018,68669.42856742832,66323.8322393532,67698.8359375,2107740
2020-10-22,66970.89018489374,68750.3125,66728.24203204992,68750.3125,6156804
2020-10-23,68831.18837289447,69640.01805559659,68345.8920798241,69559.1328125,4103832
2020-10-26,68507.66943422618,71095.9140625,68507.66943422618,71095.9140625,5599824
2020-10-27,71176.7993137057,71985.6214947414,68750.31760508796,71095.9140625,4851492
2020-10-28,71015.02169171108,71015.02169171108,68103.24393328892,69559.1328125,5558376
2020-10-29,67132.65465247454,68750.31409752546,64706.17306765311,67941.484375,8049444
2020-10-30,66485.59542410714,67941.484375,64301.761997767855,67941.484375,4872072
2020-11-02,67941.4795836346,68345.890625,66566.47597678872,68345.890625,4615080
2020-11-03,67941.484375,68184.13253348214,67294.42514663261,67941.484375,3813960
2020-11-04,67941.48708215139,68507.6686687544,67213.54257769977,68103.25,2410392
2020-11-05,68345.89893181477,71095.9140625,67779.72492164085,71095.9140625,2153868
2020-11-06,71015.03301590179,72713.5703125,70367.97371621153,72713.5703125,1461960
2020-11-09,72794.44537115734,77323.875,72632.68246458413,77323.875,2964012
2020-11-10,77647.41352201259,79265.06544280276,76757.70610299126,77162.1171875,4187580
2020-11-11,75787.11343396611,77162.1171875,74412.10209767698,77162.1171875,2430540
2020-11-12,77242.99771948223,77242.99771948223,75301.8125,75301.8125,580896
2020-11-13,74978.28420753732,74978.28420753732,72713.56543635885,72875.3359375,1313364
2020-11-16,72390.03907183555,72875.3354062104,67860.6015625,67860.6015625,2945976
2020-11-17,67941.48279626902,69478.25695853145,67779.71988862474,68750.3125,976452
2020-11-18,68831.18811697219,68831.18811697219,66890.0029519083,67051.7734375,1182588
2020-11-19,67132.65021126225,67456.18359541983,65514.998455983296,66323.828125,1446492
2020-11-20,66081.17998257044,67860.59463855096,65595.8836977113,66323.828125,1400136
2020-11-23,66323.83939581629,67456.19505866426,66323.83939581629,67213.546875,1045644
2020-11-24,67213.53545299027,67213.53545299027,64706.168786966584,66323.828125,815460
2020-11-25,66323.83620301672,67132.65838779075,66323.83620301672,66566.484375,823980
2020-11-26,66081.18408187112,67860.59884823642,66000.29883512545,67698.8359375,612792
2020-11-27,67698.8359375,67698.8359375,66970.89146505376,67698.8359375,504684
2020-11-30,66404.70578397356,67537.06883714785,66081.17998257044,66323.828125,1157616
2020-12-01,65110.59326970066,67132.65625,65110.59326970066,67132.65625,1261908
2020-12-02,67132.65918242605,67941.48895952941,66323.83698807815,67294.4296875,889356
2020-12-03,67375.3100567223,67941.49168165468,66728.25075876799,67456.1953125,650484
2020-12-04,67941.48102985033,70772.3735451759,67537.06997987656,69559.1328125,2373648
2020-12-07,69963.55144522835,70448.84773829872,69154.72176252623,69559.1328125,990252
2020-12-08,69640.01502192982,69882.66315789474,68992.95585360815,69154.71875,1027056
2020-12-09,69154.72117991514,69316.48408199093,68750.31013334844,69073.8359375,1009092
2020-12-10,69073.84239843716,69073.84239843716,67617.95339531256,67860.6015625,1719492
2020-12-11,67860.59434225976,68426.77586637485,67294.42040089908,68345.890625,949320
2020-12-14,68507.6611077497,68831.18690774025,67860.59434225976,68345.890625,1295220
2020-12-15,68345.890625,68588.53876637013,67860.59434225976,68345.890625,1122012
2020-12-16,67941.4795836346,68426.77586637485,67860.59434225976,68345.890625,778248
2020-12-17,68345.90192541503,69000.71037946428,67772.93973214286,68755.15625,1415676
2020-12-18,68509.60753531482,69000.71583305902,68509.60753531482,68837.015625,1700964
2020-12-21,69573.67752527533,69573.67752527533,68264.05285038585,68591.4609375,992424
2020-12-22,68591.45379577814,68755.15398550725,67527.38337862318,67772.9375,966300
2020-12-23,67691.0835683523,69000.70810688406,67609.2373102709,67772.9375,1092180
2020-12-24,67772.93205006546,67936.63222663068,66954.41582010798,67691.078125,766680
2020-12-25,67936.6292603267,68018.48318181818,67445.52107850852,67527.375,718308
2020-12-28,67936.63950588244,68100.34737355425,67199.97712205877,67445.53125,663780
2020-12-29,68755.16005276592,68755.16005276592,67936.6436847583,68100.3515625,1728252
2020-12-30,68673.29881103303,68918.85292796588,67609.23608670144,68345.8984375,1151664
2020-12-31,67936.6387548329,72929.57519229558,67936.6387548329,72765.875,4567392
2021-01-01,72765.875,72765.875,72765.875,72765.875,0
2021-01-04,74484.7538765861,74484.7538765861,72765.875,72765.875,229884
2021-01-05,72847.7193188146,73666.23560562135,72111.05696275839,73093.2734375,152976
2021-01-06,73093.2742473089,74484.75271765335,72029.21150359408,72274.765625,281328
2021-01-07,72274.769737705,75712.52763300927,72274.769737705,75303.265625,363420
2021-01-08,76121.77887950528,77267.69557359934,75303.26257025727,76203.6328125,316752
2021-01-11,76203.6328125,76203.6328125,76203.6328125,76203.6328125,0
2021-01-12,77022.14313622208,77185.8510057994,76203.6344826018,76940.296875,219708
2021-01-13,77103.9983420418,77185.8522781798,75876.22766780546,76367.3359375,306432
2021-01-14,76285.48272402026,76367.33666093367,75057.71203815316,75548.8203125,173688
2021-01-15,76121.78125,76449.18931860825,75712.5269194147,76121.78125,257388
2021-01-18,77758.80231859043,80296.1974566246,77676.95606074712,77840.65625,448884
2021-01-19,78413.61829286642,78413.61829286642,72438.46547545379,74402.8984375,289992
2021-01-20,74894.00667801156,75139.56079826732,70392.17858213358,74402.8984375,277776
2021-01-21,74894.015625,75385.12392418033,73175.13657786885,74894.015625,261708
2021-01-22,75303.26546197294,77922.5146827216,74484.75679485986,76367.3359375,367236
2021-01-25,77758.81098084232,80214.35246101172,76940.30226983059,79395.84375,464388
2021-01-26,80378.05756839046,80378.05756839046,74730.3123588926,78168.0703125,297024
2021-01-27,77349.55207536642,77595.106208939,73829.94026963704,75057.7109375,269244
2021-01-28,69819.2265625,73175.13043394158,69819.2265625,69819.2265625,458016
2021-01-29,65890.35590215358,74484.74981662726,65890.35590215358,69982.921875,340620
2021-02-01,70310.32838444346,72274.76123640868,66299.60875382589,67118.125,215064
2021-02-02,67118.13127809361,69573.67257273647,65481.09863262067,68755.15625,231300
2021-02-03,69982.92568957657,72847.72125936458,69982.92568957657,72765.875,184716
2021-02-04,72029.20604845567,74075.48512281908,71619.94409473042,73256.9765625,169824
2021-02-05,73256.98186718088,73666.23617697532,72929.57381520556,73338.828125,145140
2021-02-08,73338.83121336112,73584.38534429153,68755.1566605156,70064.78125,271296
2021-02-09,70064.78125,70064.78125,70064.78125,70064.78125,0
2021-02-10,70064.78125,70064.78125,70064.78125,70064.78125,0
2021-02-11,70064.78125,70064.78125,70064.78125,70064.78125,0
2021-02-12,70064.78125,70064.78125,70064.78125,70064.78125,0
2021-02-15,70064.78125,70064.78125,70064.78125,70064.78125,0
2021-02-16,70064.78125,70064.78125,70064.78125,70064.78125,0
2021-02-17,73502.5404145994,75303.265625,72684.02407214756,75303.265625,137148
2021-02-18,75303.26111196582,78577.31861198739,74484.75249213513,77840.65625,264864
2021-02-19,76612.88275115639,78168.06134776383,76612.88275115639,77676.953125,170316
2021-02-22,77676.96038433028,77840.66058269488,76776.59010940815,77431.40625,142344
2021-02-23,77349.55135012136,77349.55135012136,75712.52636617539,75876.2265625,191148
2021-02-24,75876.2265625,75876.2265625,75876.2265625,75876.2265625,0
2021-02-25,75876.2265625,75876.2265625,75876.2265625,75876.2265625,0
2021-02-26,72520.32595901845,73993.6508136696,72438.47202034884,73911.796875,178236
2021-03-01,73993.65007997886,75221.4207800141,73911.79614212089,74730.3125,103104
2021-03-02,75958.07709030867,75958.07709030867,73666.23607673268,74402.8984375,123312
2021-03-03,74402.90809402306,74484.76203592065,73666.2456376466,74075.5,96384
2021-03-04,74484.75013579466,74484.75013579466,71619.94703631708,72356.609375,197712
2021-03-05,72029.20547163034,73666.23025272456,71619.94352118255,73011.421875,136944
2021-03-08,73993.64271826584,73993.64271826584,71210.69351720919,71538.1015625,193524
2021-03-09,71783.65691555438,71783.65691555438,66545.16646842561,70965.140625,140004
2021-03-10,70965.14119073276,71210.6953125,69819.2245136744,71210.6953125,98088
2021-03-11,71865.50431499677,72356.61256241945,71128.84194386276,71456.25,105360
2021-03-12,72029.21217984858,72111.05843870812,71374.3960675741,71456.25,104652
2021-03-15,72029.20665390046,73011.42307339198,71456.24451800848,72438.4609375,142620
2021-03-16,72684.01936491409,72684.01936491409,71374.39483651968,72029.2109375,64224
2021-03-17,71701.80288700984,72111.05719494786,71210.69464805772,72029.2109375,69168
2021-03-18,71947.36266722408,73584.38770134171,71783.66246588237,73420.6875,146700
2021-03-19,72847.71817733772,73175.1262216434,70801.43900273404,72602.1640625,137856
2021-03-22,72602.16290937529,72684.01683754317,71619.9464656247,72111.0546875,86796
2021-03-23,72111.05430229437,72192.90823002499,70392.17553491282,70801.4375,122748
2021-03-24,69737.37737725387,70801.44789978597,69573.67717131319,69655.5234375,104292
2021-03-25,69982.92537183595,70392.1796875,68755.15475127743,70392.1796875,129168
2021-03-26,69982.92786914553,70392.18219941363,68509.60307190035,70310.3359375,109536
2021-03-29,69982.93077635017,70801.44714445554,69573.67642908098,70474.0390625,110256
2021-03-30,70064.7738149174,73256.97717826486,69901.06596262497,72438.4609375,173232
2021-03-31,72438.47339734888,76121.78560399373,72438.47339734888,75712.53125,377448
2021-04-01,76039.92858684684,76121.78252376025,75385.12011223998,75548.8203125,244488
2021-04-02,76121.78069377023,76367.33482504045,75548.81849628416,75876.2265625,258636
2021-04-05,77758.80624590788,77840.66018145162,75958.0810524792,76121.78125,308604
2021-04-06,76121.77660426495,76285.47679179507,74730.30582634345,75221.4140625,216960
2021-04-07,75221.41495362477,77185.84792152299,74321.04472762723,76776.5859375,234864
2021-04-08,77349.55191532258,77349.55191532258,75630.67298387097,76121.78125,144696
2021-04-09,75958.07937653085,75958.07937653085,74975.86286594452,75385.1171875,127476
2021-04-12,75385.11425003012,75712.52229865655,74812.15208332542,75221.4140625,184344
2021-04-13,75794.36768166162,78577.31687898088,75303.25945116798,77103.9921875,583692
2021-04-14,77431.39960450992,82424.328125,76694.7372647426,82424.328125,796464
2021-04-15,84716.17856355691,85943.94926737658,81851.3828125,81851.3828125,348408
2021-04-16,81687.67242927216,83079.15096660769,77922.51416882307,81933.2265625,369324
2021-04-19,83079.14599127043,87662.8203125,81360.26716161358,87662.8203125,775308
2021-04-20,87662.82775956244,91264.28591265055,85207.28636573715,86353.203125,514872
2021-04-21,86353.203125,86353.203125,86353.203125,86353.203125,0
2021-04-22,85125.42943280663,87908.37880574151,80378.0546875,80378.0546875,416928
2021-04-23,80378.0579679164,83079.15351631967,78577.32504445859,81851.3828125,601260
2021-04-26,83079.14924631428,83242.84944055426,77758.8046875,77758.8046875,449328
2021-04-27,77758.81010983605,80705.4598530328,76612.89332311522,80214.3515625,285960
2021-04-28,80214.35081966959,81687.67567762414,79805.09647253787,81032.8671875,219696
2021-04-29,81196.56814356557,81360.27602278788,79395.8428606567,80214.3515625,216432
2021-04-30,80214.3515625,80214.3515625,80214.3515625,80214.3515625,0
2021-05-03,80214.3515625,80214.3515625,80214.3515625,80214.3515625,0
2021-05-04,80214.33970017202,80214.33970017202,77840.65253814691,78495.4609375,278748
2021-05-05,78495.466379319,80951.00763908462,78413.62011970444,78577.3203125,214644
2021-05-06,78577.31428403877,79886.93874662805,78249.90625,78249.90625,183480
2021-05-07,77840.65862140324,79068.42926211939,77185.8501708768,77758.8046875,307992
2021-05-10,79723.2345307038,83160.9921875,78986.57217567606,83160.9921875,469188
2021-05-11,85125.42770306108,86598.75245757693,83079.1484375,83079.1484375,407520
2021-05-12,83079.15037423618,85943.9460169455,83079.15037423618,85125.4296875,294576
2021-05-13,84879.87640513355,85780.24667860058,84143.21400333325,84306.921875,290892
2021-05-14,84961.72437379383,90036.50689414192,84961.72437379383,88481.3359375,433176
2021-05-17,89218.00686993563,89627.26121259414,85289.140625,85289.140625,283824
2021-05-18,86762.4592430821,90036.50909662506,85780.24275230596,86025.796875,354312
2021-05-19,86762.45944442952,89218.00067706841,86025.79707463786,88399.484375,251316
2021-05-20,89217.99824497013,93310.56429661543,88317.62803516923,92983.15625,339180
2021-05-21,92082.79574396783,93146.86616375357,91346.1333780161,91591.6875,310128
2021-05-24,91591.69293828982,92983.1638209623,90855.03052859848,91673.546875,258348
2021-05-25,91264.27743400971,94538.33487946563,90855.02313091503,92983.15625,208080
2021-05-26,93310.56429661543,93310.56429661543,91673.53941067055,92983.15625,175116
2021-05-27,92983.16531098436,93146.87318702809,86516.91139356326,90036.515625,197064
2021-05-28,90036.50994214453,92082.796875,88890.59325,92082.796875,245496
2021-05-31,91673.5459275195,91837.2461256812,89627.25891944823,90118.3671875,121404
2021-06-01,90036.51000162211,90036.51000162211,85698.38968161185,87580.96875,291144
2021-06-02,88563.19351406966,88808.74766214339,86353.20618140609,86516.9140625,224136
2021-06-03,86435.05357142857,86516.90750577218,84306.92034059361,85943.9453125,314964
2021-06-04,85534.69003702277,87826.5234375,84306.9194033505,87826.5234375,187260
2021-06-07,87580.97471245006,87826.52885432942,85125.43329365645,85534.6953125,1086720
2021-06-08,85534.6953125,85534.6953125,85534.6953125,85534.6953125,0
2021-06-09,84306.9246031032,85943.94965777663,84306.9246031032,85534.6953125,1284000
2021-06-10,85125.42800486974,85862.09038473947,84306.91936516989,84388.765625,1051920
2021-06-11,84388.76592272327,86844.30719761887,84306.9196626044,86762.4609375,2149320
2021-06-14,87580.96344188259,88399.47970067002,85943.93859787364,87499.1171875,1786320
2021-06-15,87580.97308768431,88317.63549965614,86926.16461267606,87171.71875,1193160
2021-06-16,86762.46546685086,87580.97415216787,85125.43274908309,85289.140625,1237800
2021-06-17,84306.921875,86762.4632143343,84306.921875,84306.921875,1661280
2021-06-18,86271.3561376678,87580.97308768431,84306.92303907625,87171.71875,1812960
2021-06-21,87171.71254249907,90036.5080494206,85943.94194330894,88972.4453125,2151960
2021-06-22,89299.85045337294,90036.51285218234,87908.37959125517,88808.7421875,1475760
2021-06-23,88399.48209269662,88890.59032654495,87171.71150807584,87417.265625,893160
2021-06-24,87171.71875,88317.63549965614,86435.05633802817,87171.71875,919920
2021-06-25,87008.01311671383,87580.96761898226,85943.9426968968,87089.859375,935520
2021-06-28,87580.96205991332,89954.6568708718,87335.40795350836,89136.140625,1788000
2021-06-29,89627.25852181045,89954.66659024794,88072.07978869061,88808.7421875,1188120
2021-06-30,89217.99678704087,92082.79220902176,89217.99678704087,91182.4296875,2702160
2021-07-01,92008.36403453878,94155.7738393234,90934.65526060971,93742.8125,2047680
2021-07-02,94155.76723430002,94486.14092842715,93495.02758911873,94073.171875,1553280
2021-07-05,94073.171875,94073.171875,94073.171875,94073.171875,0
2021-07-06,94073.171875,94073.171875,94073.171875,94073.171875,0
2021-07-07,94073.171875,94073.171875,94073.171875,94073.171875,0
2021-07-08,94073.171875,94073.171875,94073.171875,94073.171875,0
2021-07-09,97459.48671435114,101176.16195672376,94981.70321943607,96550.9609375,2566920
2021-07-12,96550.9609375,96550.9609375,96550.9609375,96550.9609375,0
2021-07-13,99028.73618857523,99028.73618857523,93495.02533931169,94981.6953125,1826280
2021-07-14,94981.6953125,94981.6953125,94981.6953125,94981.6953125,0
2021-07-15,94155.76496859334,97376.88324383469,93742.8036681764,94981.6953125,1265400
2021-07-16,94981.6953125,94981.6953125,94981.6953125,94981.6953125,0
2021-07-19,97872.44621545226,103240.97443949484,97872.44621545226,98615.78125,1717560
2021-07-20,98698.38012167493,101589.125,97129.11463414635,101589.125,2135760
2021-07-21,101589.11786857371,102580.23121363297,100763.1875,100763.1875,1671960
2021-07-22,100763.19617719347,101589.12661689195,99111.3430408702,101506.53125,1318440
2021-07-23,100019.85464113572,100928.3803890175,98285.40625,98285.40625,1976880
2021-07-26,99028.73822664344,100350.2252554765,97211.70227295505,100019.8515625,1508520
2021-07-27,99524.30099780264,104479.86798098075,99524.30099780264,103653.9453125,2318760
2021-07-28,103240.97696214821,103571.35067771084,102415.0542878518,102828.015625,1007880
2021-07-29,102828.01020649007,105718.75490034696,101589.11851725525,105470.9765625,1408560
2021-07-30,105718.75361577503,112821.73770979613,105058.01397056936,110674.3203125,3185280
2021-08-02,110509.1481277533,113978.04515418502,108196.54752910759,112491.375,1521720
2021-08-03,112326.18925722674,113978.04236261696,111500.25883299485,113812.859375,1626600
2021-08-04,113812.859375,113812.859375,113812.859375,113812.859375,0
2021-08-05,111582.84535880208,113069.51535880208,110922.09797453125,111500.25,1618680
2021-08-06,111582.84573081885,112326.18073329712,111087.2890625,111087.2890625,804600
2021-08-09,110674.32310603236,116455.8203125,110674.32310603236,116455.8203125,1830480
2021-08-10,116455.8203125,116455.8203125,116455.8203125,116455.8203125,0
2021-08-11,114803.9689448612,116455.82199497112,112821.7421875,112821.7421875,1192200
2021-08-12,114390.99533504373,114390.99533504373,110674.3203125,110674.3203125,2335200
2021-08-13,109435.42900839515,110674.32068676593,108857.28472053744,110261.359375,1673520
2021-08-16,111087.28974160485,112739.14273174157,109187.65067272099,110261.359375,1163760
2021-08-17,110261.359375,110261.359375,110261.359375,110261.359375,0
2021-08-18,111500.2503717414,113069.5157357754,110674.32001018566,111087.2890625,1563360
2021-08-19,112326.19039452903,112573.96875,111087.29861717421,112573.96875,1010880
2021-08-20,111748.0323360426,112160.99365869907,109765.80559837444,110509.140625,1573680
2021-08-23,109848.40286772719,110261.36419755501,104892.8359375,104892.8359375,2063880
2021-08-24,104892.83484287187,107205.4275574622,104892.83484287187,106131.7265625,1562640
2021-08-25,107205.42297453125,112739.14166666666,106627.27869213541,111500.25,1395720
2021-08-26,111582.84603561489,113317.29437946863,109105.0626872524,110674.3203125,1164960
2021-08-27,109105.06293675464,112656.54724881379,109105.06293675464,112243.5859375,2312400
2021-08-30,114391.00291011427,114391.00291011427,109518.03125,109518.03125,3236160
2021-08-31,109518.02333333333,112326.18035880208,109022.46666666666,111500.25,3752760
2021-09-01,110839.51471672601,111913.21570800367,109848.40134442465,110096.1796875,1229880
2021-09-02,110096.1796875,110096.1796875,110096.1796875,110096.1796875,0
2021-09-03,110096.1796875,110096.1796875,110096.1796875,110096.1796875,0
2021-09-06,110674.32879769402,110674.32879769402,108279.140625,108279.140625,1822680
2021-09-07,108361.73381084274,108361.73381084274,106957.65133865134,107205.4296875,1847160
2021-09-08,107205.4296875,107205.4296875,107205.4296875,107205.4296875,0
2021-09-09,105553.58030900716,109187.66030513152,105388.39731834314,108196.546875,1231920
2021-09-10,108609.51679714202,109352.85187542724,107370.625,107370.625,853560
2021-09-13,108196.54566513388,109022.47609536572,107453.21060084729,107866.1796875,1517280
2021-09-14,108857.28333188409,112078.40165455749,108031.35297581533,111913.2109375,3080280
2021-09-15,111500.25960791926,119676.9453125,111500.25960791926,119676.9453125,3355320
2021-09-16,121411.39166990588,123889.17517337335,119924.7215678254,123723.9921875,2743800
2021-09-17,122237.32176418627,123476.21351266425,120172.49960236513,120585.4609375,2867760
2021-09-20,120668.0585974226,122650.28543269854,118107.6796875,118107.6796875,1263600
2021-09-21,118107.6796875,118107.6796875,118107.6796875,118107.6796875,0
2021-09-22,118107.6796875,118107.6796875,118107.6796875,118107.6796875,0
2021-09-23,120998.43081920492,122650.28391378699,118107.67822484445,119759.5390625,1118880
2021-09-24,119759.5346486932,120172.49597135042,117612.1171875,117612.1171875,139320000
2021-09-27,117859.89130786457,118520.63869213541,111500.25,111500.25,1455720
2021-09-28,111417.65397532552,116208.03763883187,110756.91433807643,112326.1796875,1540800
2021-09-29,114721.37192486702,116455.8203125,113978.03690159575,116455.8203125,676200
2021-09-30,116538.41301036316,119263.97470006421,116455.81765086304,117777.3046875,905520
2021-10-01,117281.75140427772,118107.67405084339,115629.890625,115629.890625,1031160
2021-10-04,117199.15202724752,118107.67000457396,115712.48202267356,116621.0,59448000
2021-10-05,117859.8916704783,118025.0823885907,116125.44333180868,116621.0,719160
2021-10-06,116621.0,116621.0,116621.0,116621.0,0
2021-10-07,118107.66969959336,118107.66969959336,116455.8167242454,117033.96875,657960
2021-10-08,117033.96875,117033.96875,117033.96875,117033.96875,0
2021-10-11,117033.96875,117033.96875,117033.96875,117033.96875,0
2021-10-12,121824.35308907862,122650.28350515464,119759.53866349872,120172.5,810840
2021-10-13,121411.39200078616,121411.39200078616,118107.6780728015,118190.2734375,1367520
2021-10-14,118190.2734375,118190.2734375,118190.2734375,118190.2734375,0
2021-10-15,117446.9336768617,118438.04704122341,116455.8203125,116455.8203125,1069920
2021-10-18,116455.8203125,116455.8203125,116455.8203125,116455.8203125,0
2021-10-19,118685.82538231384,118685.82538231384,116373.22495111215,116455.8203125,918000
2021-10-20,116951.38168238993,118438.051788522,115629.89456258138,118190.2734375,1184520
2021-10-21,118107.67076268837,118190.26612227474,115795.078125,115795.078125,1302720
2021-10-22,116125.44569253024,116868.78070992853,115712.484375,115712.484375,559320
2021-10-25,115712.484375,115712.484375,115712.484375,115712.484375,0
2021-10-26,115712.484375,115712.484375,115712.484375,115712.484375,0
2021-10-27,115712.484375,115712.484375,115712.484375,115712.484375,0
2021-10-28,121246.20877017673,125953.99743010975,118933.60825093952,125293.25,2105400
2021-10-29,123889.17277584494,125541.02583183176,121824.35064855641,124632.5078125,1856400
2021-11-01,124632.5078125,124632.5078125,124632.5078125,124632.5078125,0
2021-11-02,120172.49456587287,120172.49456587287,120089.89920507814,122815.4609375,1226160
2021-11-03,120172.5,122237.32216865335,118933.60824742269,120172.5,1622880
2021-11-04,120420.27041075051,123476.20577997631,119759.53076729883,122154.71875,1377840
2021-11-05,122237.31572034507,123806.57336211197,121576.56832511086,122072.125,1482720
2021-11-08,123889.17041301749,126036.58011915207,122898.05704971334,125541.0234375,2252400
2021-11-09,126284.35673655767,126284.35673655767,121989.5373829005,122072.125,1774200
2021-11-10,122237.31740335608,123723.98744849254,121328.79165816835,121989.5390625,1581000
2021-11-11,122898.05443537387,124715.09814380291,120585.45405583443,121328.7890625,2089080
2021-11-12,121328.79947610284,123971.77377758561,121246.21185254463,123558.8046875,1748040
2021-11-15,123889.16905663212,127192.8828125,122402.49902795254,127192.8828125,2187000
2021-11-16,127027.69348245622,128101.40220706008,123889.17041301749,125541.0234375,2037600
2021-11-17,124715.10187951068,125541.02452738563,123971.76685057931,124302.1328125,434640
2021-11-18,124302.13470672604,125541.02644049098,122237.3203125,122237.3203125,1269480
2021-11-19,123063.23710343888,123806.57210824436,121741.7578125,121741.7578125,1561920
2021-11-22,121824.3513491864,123806.578125,121411.39001858301,123806.578125,761520
2021-11-23,122732.87841434868,129505.48147459622,122732.87841434868,129257.703125,2237280
2021-11-24,128431.7801301531,131900.66927265102,127275.47600624706,129670.671875,1558200
2021-11-25,129670.67147983398,131322.52455357142,128101.40602678571,130083.6328125,1260480
2021-11-26,128844.74107142857,130083.6328125,128184.00139054826,130083.6328125,1358160
2021-11-29,128018.80652719675,128844.73690891932,125623.61848619634,125953.9921875,1765080
2021-11-30,126119.17439114497,127110.28774588875,123228.4296875,123228.4296875,1785600
2021-12-01,123063.24308406991,125541.0265538369,123063.24308406991,123806.578125,1513320
2021-12-02,123889.17041301749,126697.3275234036,123889.17041301749,125541.0234375,1205160
2021-12-03,125541.02420827554,128431.77669770953,124715.1015625,124715.1015625,1378560
2021-12-06,124715.1015625,126366.95459712428,119759.53471555395,124715.1015625,1317960
2021-12-07,124302.13339860576,125953.99418829089,124302.13339860576,125458.4375,683640
2021-12-08,124880.2906783647,125541.0303760617,124797.6953125,124797.6953125,778080
2021-12-09,123889.16905663212,127192.8828125,123889.16905663212,127192.8828125,941280
2021-12-10,126366.95731605894,127192.88772267854,124054.35682336804,126945.109375,1195680
2021-12-13,127275.46900351092,130001.03843528582,127027.69066817439,128844.734375,1750200
2021-12-14,128762.14610006334,130083.6332089245,128596.96311510821,129670.671875,1130760
2021-12-15,129050.22286295719,133186.453125,129050.22286295719,133186.453125,1473240
2021-12-16,133186.45851740864,133930.9790640696,125906.69947602738,132359.203125,1148760
2021-12-17,132111.03558864674,133682.81159885324,130042.92803571429,130291.1015625,3581520
2021-12-20,134013.703125,134758.22369791666,130291.10026041667,134013.703125,6040320
2021-12-21,134013.69369048972,137901.75046784087,132359.19847464672,137819.015625,9026400
2021-12-22,138977.17650819203,141458.9118029812,137488.13533131854,140631.671875,10415160
2021-12-23,140548.93150734992,144767.88134287624,137819.02279024466,141458.90625,11844240
2021-12-24,141458.90625,144767.88134287624,139059.89038892885,141458.90625,9273000
2021-12-27,141376.18216274364,144767.876477939,139059.88571580916,139804.40625,8538960
2021-12-28,140218.0359796634,144602.4399150908,138315.36719431856,141872.53125,9225840
2021-12-29,141872.52844871618,144023.35519575633,140218.0332110477,142286.140625,7462800
2021-12-30,142286.14343445064,142947.9446447542,139804.40828436808,141872.53125,6112080
2021-12-31,140466.21217105264,141955.25328947368,139556.23742840256,141458.90625,7852800
2022-01-03,141458.90625,141458.90625,141458.90625,141458.90625,0
2022-01-04,141458.9118029812,141458.9118029812,139804.41643617323,140631.671875,1197600
2022-01-05,141458.89813824152,141458.89813824152,133186.453125,133186.453125,1513200
2022-01-06,133186.46131638164,133186.46131638164,127230.2890625,127230.2890625,1980480
2022-01-07,128967.50263568903,131945.59261558222,127395.7421875,127395.7421875,1569000
2022-01-10,128967.5002385929,128967.5002385929,126568.4921875,126568.4921875,534480
2022-01-11,126568.49767080745,127395.74533876407,119867.8125,119867.8125,1614000
2022-01-12,120364.15954968944,122266.82065502474,119702.36606857773,119867.8125,1269960
2022-01-13,119950.54012507826,121439.58128074644,117137.90424589746,119785.0859375,1169400
2022-01-14,117551.52420399772,119950.54012507826,117551.52420399772,119785.0859375,588960
2022-01-17,119950.53994318364,120612.33342622506,113249.8547528378,117468.8046875,995880
2022-01-18,115814.30876721466,125658.53040244665,115400.68881181141,117551.5234375,1047120
2022-01-19,116807.0043599228,125327.6313893566,116807.0043599228,122018.6484375,1522440
2022-01-20,124086.76223008624,124914.00989676104,122432.2746521593,123424.96875,1049760
2022-01-21,126072.14832218237,126072.14832218237,123424.96669058446,124914.0078125,1043280
2022-01-24,122680.44297916263,124252.2033972064,118296.0390625,118296.0390625,1143240
2022-01-25,119123.28676470589,126568.4921875,116724.27871361299,126568.4921875,1260120
2022-01-26,127726.6342771041,127726.6342771041,121605.0234375,121605.0234375,1163280
2022-01-27,121191.40757102545,121191.40757102545,117468.8046875,117468.8046875,873240
2022-01-28,118378.76615228946,121770.4682577454,118296.0390625,118296.0390625,428280
2022-01-31,118296.0390625,118296.0390625,118296.0390625,118296.0390625,0
2022-02-01,118296.0390625,118296.0390625,118296.0390625,118296.0390625,0
2022-02-02,118296.0390625,118296.0390625,118296.0390625,118296.0390625,0
2022-02-03,118296.0390625,118296.0390625,118296.0390625,118296.0390625,0
2022-02-04,118296.0390625,118296.0390625,118296.0390625,118296.0390625,0
2022-02-07,119950.53873710165,122845.89392114605,118296.04341299977,122349.546875,734280
2022-02-08,121108.67680412371,122184.09796744322,119950.53630507208,120364.15625,602400
2022-02-09,121191.40566306128,122845.89322232889,119950.53805475493,121274.125,702600
2022-02-10,122432.27243875609,123755.859375,121522.2976952381,123755.859375,1720200
2022-02-11,124086.75892676154,125327.62651602915,122514.99072854841,123921.3125,585000
2022-02-14,122845.88933468236,125410.3515625,122514.98873113167,125410.3515625,1110840
2022-02-15,125410.3515625,125410.3515625,125410.3515625,125410.3515625,0
2022-02-16,132359.20577215982,132359.20577215982,130291.09827146585,130787.4453125,987840
2022-02-17,130704.72260527838,134840.9375,130456.5490911613,134840.9375,2007720
2022-02-18,132359.20075283572,136495.4311082146,131366.50670841234,135089.109375,1419600
2022-02-21,135171.84496955786,135171.84496955786,132441.9363322408,132607.375,1148640
2022-02-22,129298.40745535714,132193.77043813895,129298.40745535714,130291.1015625,670920
2022-02-23,130208.37605530064,131945.59066050104,129463.84775479243,130042.921875,551520
2022-02-24,129463.85078618152,134840.94115256524,128719.33022366272,131945.59375,1186800
2022-02-25,133186.46177880795,133186.46177880795,130704.7265625,130704.7265625,687000
2022-02-28,130704.72181691612,132276.48222656248,129050.2265625,129050.2265625,512280
2022-03-01,129877.47926999463,130291.09922206668,128636.6116583559,129463.8515625,432000
2022-03-02,128222.98127785714,130704.72420482144,128222.98127785714,129877.4765625,987480
2022-03-03,131283.7946371698,134013.70341034347,129629.3070567509,131614.6875,903480
2022-03-04,131945.5994357967,134675.5082826694,130704.73177812727,133434.640625,1437480
2022-03-07,132111.03165952384,134344.59333416677,130704.7253901268,130870.1640625,1130760
2022-03-08,130704.72989102824,132441.94458668373,130291.10217416177,131366.515625,761160
2022-03-09,131118.33679880315,132276.48505272338,127809.36173011734,128636.609375,1050120
2022-03-10,128802.054609375,130952.89691507324,124086.7578125,124086.7578125,1494120
2022-03-11,123259.51221749074,125327.62746710525,117882.421875,117882.421875,1878600
2022-03-14,117634.2523451105,117634.2523451105,110933.56708494597,112588.0546875,1979520
2022-03-15,112091.7037159819,116724.28125,112091.7037159819,116724.28125,1224600
2022-03-16,118047.87152411457,118047.87152411457,115814.3097855372,116227.9375,604680
2022-03-17,116641.55553668478,117716.97671897238,114159.8203125,114159.8203125,920160
2022-03-18,114987.06726800169,118047.86885546522,113084.3984375,113084.3984375,3054840
2022-03-21,114904.34149451849,120115.98549318996,114821.61440146221,119950.5390625,1068480
2022-03-22,120364.15546085859,124914.00584692531,118296.04023893329,122845.890625,1163280
2022-03-23,121439.57701116122,127230.28724266532,120033.25524330308,121605.0234375,1675200
2022-03-24,122763.16612996762,124086.76083063525,121274.125,121274.125,912360
2022-03-25,121605.02673539959,122266.82021412483,119702.36563692537,121108.6796875,654720
2022-03-28,119950.53577859605,120695.05632945198,118296.04049530126,120446.8828125,756000
2022-03-29,120777.77660322723,121935.92486161651,118709.66911617381,119123.2890625,714240
2022-03-30,118378.76850585938,120364.15665690105,117551.52085778452,119123.2890625,810480
2022-03-31,119040.56404636406,119371.46466244727,117386.07647679326,117634.25,707040
2022-04-01,119123.29097433253,122928.62091004234,117882.42336001656,121191.40625,970440
2022-04-04,123259.51017527588,128222.98048777589,122845.89023437501,124086.7578125,2022480
2022-04-05,125575.79798656418,127230.28549347301,124086.75690371955,125410.3515625,887160
2022-04-06,125658.52860124386,128222.98314557652,124169.48747662907,127230.2890625,1649160
2022-04-07,128222.98291314175,128222.98291314175,124914.0078125,124914.0078125,1335840
2022-04-08,125327.62578914141,125327.62578914141,122845.890625,122845.890625,1403520
2022-04-11,122845.890625,122845.890625,122845.890625,122845.890625,0
2022-04-12,129050.2286433413,129050.2286433413,122994.79483776914,124483.8359375,1373600
2022-04-13,125079.45035460993,128553.87953112688,125079.45035460993,125972.875,989500
2022-04-14,126072.15076819809,126568.49781846658,123590.4155168556,124781.6484375,800000
2022-04-15,125277.9906875,125675.0683125,123193.33315625001,124086.7578125,1015000
2022-04-18,125575.79763104838,125575.79763104838,123094.0625,123094.0625,890800
2022-04-19,123987.48662474066,124583.10305368257,118626.93876426348,119619.6328125,943100
2022-04-20,120513.06214802897,124086.7608608206,119619.63746983105,123391.875,1116500
2022-04-21,121108.68089430894,124086.7632113821,121108.68089430894,122101.375,1507800
2022-04-22,122101.37146441606,124086.759618309,121605.02442594283,122399.1796875,1750600
2022-04-25,123689.68488685346,123689.68488685346,114953.9768049569,115152.515625,1076900
2022-04-26,115847.40149515087,123193.33783674569,108302.92633351294,115152.515625,2206600
2022-04-27,115152.51155462184,120910.13713235295,110189.0412289916,118130.59375,1241700
2022-04-28,118130.59455472103,119024.01921942059,115648.859375,115648.859375,837600
2022-04-29,116145.20972521552,117733.52028556036,114259.09093480604,115152.515625,1098700
2022-05-02,115152.515625,115152.515625,115152.515625,115152.515625,0
2022-05-03,115152.515625,115152.515625,115152.515625,115152.515625,0
2022-05-04,115152.51602564103,115946.67130857648,112174.43371463307,112273.703125,512200
2022-05-05,113167.12342436974,118130.59375,112571.50698529412,118130.59375,933300
2022-05-06,114159.82271634614,117634.25210336538,114159.82271634614,116145.2109375,825300
2022-05-09,115152.51033507397,115351.04914599651,110189.04006201043,114060.546875,1084200
2022-05-10,113266.39311477174,115251.78125,109394.88625107665,115251.78125,1088600
2022-05-11,112869.31811327077,114159.82043118856,110685.3911137176,111082.46875,990800
2022-05-12,111082.46690381844,111876.62216318444,103339.453125,103339.453125,1061600
2022-05-13,102346.75787699949,104232.87659636223,96192.0546875,96192.0546875,1761600
2022-05-16,98276.7158917683,98872.3323517184,89541.0078125,89541.0078125,1052900
2022-05-17,87357.07707253886,95794.9765625,85073.88073996114,95794.9765625,1573900
2022-05-18,97383.29133357559,102446.03125,92816.89846778101,102446.03125,1291600
2022-05-19,101254.79916779892,109593.4296875,99269.41094882246,109593.4296875,1722900
2022-05-20,108997.8100359462,110883.92878884509,106218.26661062153,107012.421875,930900
2022-05-23,107806.5769736842,108104.38519736842,103240.1842105263,103736.53125,700700
2022-05-24,103736.53282683487,109097.08093463304,103240.18577981651,108203.65625,829900
2022-05-25,108203.65419966062,112670.77753817874,106714.61308682126,109692.6953125,829700
2022-05-26,109692.69689514273,109891.23571305248,107210.9616712707,107806.578125,834000
2022-05-27,108005.11863636364,111082.4703622159,107210.96335227272,109196.3515625,771700
2022-05-30,109196.3515625,109196.3515625,108104.388046875,109196.3515625,671100
2022-05-31,107210.95862989324,111578.8125,107210.95862989324,111578.8125,1265300
2022-06-01,109196.34986413043,114159.8203125,109196.34986413043,114159.8203125,1097900
2022-06-02,114159.8203125,114159.8203125,114159.8203125,114159.8203125,0
2022-06-03,113663.47053690159,113663.47053690159,110685.38833942819,111975.890625,394800
2022-06-06,111975.89567307691,116145.2109375,107210.96394230769,116145.2109375,1729500
2022-06-07,114259.08936996396,117038.6328125,112372.97060538593,117038.6328125,1460100
2022-06-08,117137.90391869236,120612.3332722129,117038.63450859179,118428.40625,1318800
2022-06-09,117634.25,119123.29113924051,117237.1723628692,117634.25,711400
2022-06-10,114259.09212740384,117634.25210336538,114259.09212740384,116145.2109375,632500
2022-06-13,112273.70203555046,114159.82081422019,108203.65625,108203.65625,1101100
2022-06-14,103339.45579286218,108997.81216192381,103339.45579286218,105523.3828125,1658900
2022-06-15,106218.2643720519,108203.65249115566,103935.06803508256,105225.5703125,997000
2022-06-16,106218.26628839206,112571.50838414635,106218.26628839206,109891.234375,1394900
2022-06-17,107210.96394230769,116145.2109375,106516.07806490384,116145.2109375,1627200
2022-06-20,114159.81524493244,116641.5503589527,110189.0390625,110189.0390625,862000
2022-06-21,109990.50025337838,112968.5823902027,108402.1897804054,110189.0390625,954600
2022-06-22,110189.04061025944,113167.1227889151,105225.5703125,105225.5703125,802700
2022-06-23,105225.57514204545,109196.3515625,105225.57514204545,109196.3515625,397300
2022-06-24,107707.30593607305,109394.88584474886,107707.30593607305,108700.0,543000
2022-06-27,108997.80866980088,112571.50731471239,107707.30638136063,112174.4296875,882000
2022-06-28,112174.43092105263,113365.66381578946,109494.15690789474,113167.125,1209600
2022-06-29,108203.65460526316,114159.81907894736,108203.65460526316,113167.125,713400
2022-06-30,111380.27318638393,113365.66130022322,110685.38734654018,111181.734375,456000
2022-07-01,111082.46575342465,111181.73515981734,108203.65296803652,108700.0,478200
2022-07-04,109500.0,110000.0,107100.0,107700.0,357800
2022-07-05,107900.0,108500.0,102000.0,102000.0,942500
2022-07-06,102000.0,106200.0,100000.0,100000.0,1181300
2022-07-07,100000.0,104500.0,100000.0,103000.0,444900
2022-07-08,103500.0,104900.0,103500.0,104900.0,609700
2022-07-11,101500.0,103900.0,101500.0,102500.0,565100
2022-07-12,102500.0,102500.0,102500.0,102500.0,0
2022-07-13,100700.0,103700.0,100700.0,101000.0,549100
2022-07-14,101200.0,103000.0,101100.0,102500.0,356200
2022-07-15,101900.0,103500.0,101000.0,101200.0,413900
2022-07-18,101100.0,103800.0,100500.0,102600.0,666600
2022-07-19,102500.0,102500.0,101000.0,102000.0,367200
2022-07-20,102100.0,105500.0,102000.0,103000.0,679400
2022-07-21,103200.0,106900.0,103000.0,105500.0,1032900
2022-07-22,105100.0,109000.0,103700.0,108500.0,1241500
2022-07-25,105700.0,111300.0,105700.0,108600.0,461100
2022-07-26,107000.0,110000.0,107000.0,110000.0,487400
2022-07-27,109200.0,110000.0,108000.0,109900.0,334400
2022-07-28,110000.0,110500.0,108000.0,109900.0,619200
2022-07-29,111000.0,112000.0,106100.0,106100.0,840100
2022-08-01,107000.0,111000.0,106500.0,109400.0,730600
2022-08-02,109600.0,111000.0,107100.0,110000.0,1114600
2022-08-03,109500.0,110200.0,106800.0,110000.0,1452700
2022-08-04,110000.0,110200.0,106700.0,107900.0,1593800
2022-08-05,107900.0,108000.0,104100.0,104500.0,1920800
2022-08-08,104500.0,105800.0,104500.0,104800.0,637400
2022-08-09,106000.0,106100.0,104500.0,105200.0,502900
2022-08-10,105200.0,107000.0,104700.0,105800.0,560100
2022-08-11,106000.0,107500.0,105300.0,106800.0,772100
2022-08-12,106700.0,107200.0,105700.0,107200.0,252200
2022-08-15,107900.0,108800.0,106500.0,108500.0,554600
2022-08-16,108500.0,109200.0,107100.0,109000.0,619600
2022-08-17,109300.0,111700.0,108500.0,111300.0,1170500
2022-08-18,111500.0,114900.0,110600.0,112000.0,1715300
2022-08-19,112000.0,113900.0,110800.0,112000.0,458300
2022-08-22,112000.0,113800.0,111000.0,111800.0,460700
2022-08-23,111200.0,113000.0,111000.0,112600.0,649500
2022-08-24,112800.0,114000.0,111900.0,111900.0,556200
2022-08-25,111200.0,113400.0,111000.0,112800.0,564700
2022-08-26,113500.0,113500.0,112000.0,112200.0,359700
2022-08-29,111000.0,113800.0,111000.0,112200.0,572700
2022-08-30,113000.0,114800.0,112000.0,113700.0,574200
2022-08-31,113800.0,115500.0,113800.0,114500.0,786700
2022-09-01,114500.0,114500.0,114500.0,114500.0,0
2022-09-02,114500.0,114500.0,114500.0,114500.0,0
2022-09-05,113500.0,115800.0,113100.0,115500.0,556800
2022-09-06,115500.0,116600.0,114200.0,115000.0,337200
2022-09-07,114800.0,115400.0,112000.0,112000.0,836300
2022-09-08,113500.0,115000.0,112000.0,115000.0,484100
2022-09-09,115500.0,117000.0,114400.0,116100.0,539300
2022-09-12,116100.0,116500.0,114500.0,115000.0,327700
2022-09-13,114500.0,116400.0,114000.0,114000.0,542200
2022-09-14,114000.0,114000.0,112000.0,112000.0,554500
2022-09-15,114200.0,114500.0,111000.0,112000.0,538400
2022-09-16,111800.0,112800.0,109800.0,112800.0,1709700
2022-09-19,111000.0,113500.0,111000.0,112500.0,548800
2022-09-20,112000.0,113400.0,111800.0,113300.0,302800
2022-09-21,113000.0,113400.0,111100.0,112000.0,332400
2022-09-22,110900.0,111500.0,108100.0,110000.0,435200
2022-09-23,109000.0,110000.0,108300.0,108600.0,353900
2022-09-26,107200.0,109500.0,107000.0,107700.0,658100
2022-09-27,106000.0,108600.0,106000.0,107700.0,343300
2022-09-28,105100.0,105900.0,102100.0,102100.0,415600
2022-09-29,102600.0,104100.0,100000.0,100000.0,443000
2022-09-30,98200.0,103200.0,98200.0,99000.0,893200
2022-10-03,97000.0,98500.0,92200.0,94000.0,752700
2022-10-04,93100.0,95000.0,90400.0,90500.0,991500
2022-10-05,93300.0,93300.0,91000.0,91400.0,559600
2022-10-06,91400.0,91500.0,86000.0,86700.0,948300
2022-10-07,84800.0,86600.0,80700.0,81500.0,1461300
2022-10-10,80000.0,87000.0,77000.0,80500.0,1089700
2022-10-11,80100.0,80100.0,74900.0,79800.0,1971900
2022-10-12,81400.0,82500.0,79800.0,81100.0,2400700
2022-10-13,82000.0,82000.0,78000.0,78700.0,1014100
2022-10-14,81000.0,81000.0,79000.0,79000.0,1554200
2022-10-17,78900.0,80500.0,77000.0,79000.0,1481400
2022-10-18,80000.0,83200.0,79900.0,82000.0,1767000
2022-10-19,82500.0,82500.0,79900.0,80000.0,1401200
2022-10-20,79500.0,80800.0,78500.0,80200.0,1683100
2022-10-21,81000.0,81000.0,74800.0,74800.0,1651200
2022-10-24,74800.0,75800.0,69600.0,72800.0,1295700
2022-10-25,72500.0,75000.0,69100.0,75000.0,1850400
2022-10-26,75000.0,78000.0,73300.0,78000.0,1006000
2022-10-27,78700.0,83000.0,77000.0,83000.0,1607900
2022-10-28,83000.0,83900.0,81500.0,83900.0,1768700
2022-10-31,83900.0,86000.0,82700.0,85500.0,1329900
2022-11-01,86400.0,87200.0,83800.0,86500.0,1128600
2022-11-02,86500.0,87000.0,81000.0,81000.0,893000
2022-11-03,80000.0,85400.0,79900.0,85400.0,737800
2022-11-04,84000.0,85400.0,81000.0,84300.0,952900
2022-11-07,84300.0,88000.0,82500.0,84500.0,1266700
2022-11-08,84000.0,87800.0,81000.0,86000.0,1180600
2022-11-09,86500.0,87500.0,84500.0,87000.0,1227900
2022-11-10,87000.0,87100.0,81000.0,81000.0,1015300
2022-11-11,82000.0,86600.0,82000.0,86500.0,1055100
2022-11-14,85500.0,92500.0,84100.0,89100.0,1292200
2022-11-15,89100.0,89800.0,85800.0,89400.0,1067100
2022-11-16,85500.0,90900.0,84500.0,90900.0,1308900
2022-11-17,90500.0,97000.0,90200.0,97000.0,1525000
2022-11-18,97100.0,97500.0,91500.0,95200.0,1016400
2022-11-21,95200.0,95200.0,93400.0,95100.0,633400
2022-11-22,93600.0,98000.0,88500.0,91800.0,1395000
2022-11-23,88600.0,92900.0,88300.0,92900.0,834200
2022-11-24,91500.0,91500.0,88000.0,89000.0,1043500
2022-11-25,90000.0,94500.0,90000.0,94000.0,923100
2022-11-28,94000.0,97200.0,93500.0,97200.0,2126900
2022-11-29,97200.0,99000.0,95500.0,99000.0,2170100
2022-11-30,99500.0,102000.0,92900.0,102000.0,1501800
2022-12-01,102000.0,102000.0,99000.0,99000.0,1543500
2022-12-02,99000.0,103900.0,98400.0,103900.0,1435000
2022-12-05,102900.0,110000.0,102500.0,105000.0,1024200
2022-12-06,105500.0,105500.0,101600.0,102000.0,1097400
2022-12-07,102000.0,106000.0,100000.0,100000.0,734100
2022-12-08,103800.0,105000.0,96000.0,96000.0,903000
2022-12-09,99000.0,101900.0,96100.0,97000.0,1175300
2022-12-12,100000.0,100000.0,96000.0,97000.0,913300
2022-12-13,96900.0,97500.0,95800.0,97000.0,1493100
2022-12-14,98500.0,98500.0,95100.0,96000.0,1028300
2022-12-15,97000.0,99000.0,95100.0,98200.0,687600
2022-12-16,98000.0,98000.0,93500.0,93500.0,2672500
2022-12-19,94200.0,95300.0,92500.0,95000.0,1257100
2022-12-20,93400.0,95000.0,92100.0,94000.0,568100
2022-12-21,94700.0,94900.0,93000.0,94900.0,582500
2022-12-22,95000.0,95600.0,93000.0,94400.0,371000
2022-12-23,92500.0,95200.0,91400.0,95000.0,552900
2022-12-26,95000.0,95000.0,91500.0,91500.0,613800
2022-12-27,91500.0,95800.0,91200.0,91600.0,617300
2022-12-28,91700.0,96000.0,91100.0,93000.0,661400
2022-12-29,92500.0,95800.0,92500.0,94000.0,629600
2022-12-30,96000.0,96000.0,93000.0,93000.0,453200
2023-01-02,93000.0,93000.0,93000.0,93000.0,0
2023-01-03,95000.0,96000.0,93000.0,96000.0,740400
2023-01-04,97000.0,99300.0,95000.0,99300.0,549400
2023-01-05,100000.0,100100.0,98000.0,99500.0,684600
2023-01-06,99500.0,99500.0,95000.0,95800.0,541300
2023-01-09,96700.0,97300.0,95500.0,96500.0,398200
2023-01-10,96500.0,96900.0,93600.0,95400.0,613400
2023-01-11,96000.0,96300.0,94300.0,96000.0,556800
2023-01-12,96100.0,96300.0,93000.0,93300.0,537400
2023-01-13,94100.0,95000.0,93400.0,95000.0,319700
2023-01-16,95000.0,96000.0,93700.0,94900.0,339600
2023-01-17,94700.0,97500.0,93300.0,97500.0,600000
2023-01-18,97500.0,99900.0,96100.0,99900.0,620900
2023-01-19,98300.0,102000.0,95300.0,102000.0,1021900
2023-01-20,102000.0,102000.0,102000.0,102000.0,0
2023-01-23,102000.0,102000.0,102000.0,102000.0,0
2023-01-24,102000.0,102000.0,102000.0,102000.0,0
2023-01-25,102000.0,102000.0,102000.0,102000.0,0
2023-01-26,102000.0,102000.0,102000.0,102000.0,0
2023-01-27,102000.0,106000.0,101900.0,103700.0,741600
2023-01-30,105000.0,105400.0,102000.0,102000.0,330200
2023-01-31,100100.0,102000.0,100100.0,101100.0,354700
2023-02-01,100200.0,101800.0,95100.0,95200.0,958200
2023-02-02,97900.0,97900.0,95000.0,96700.0,736900
2023-02-03,95600.0,96700.0,93600.0,96500.0,567900
2023-02-06,94200.0,96300.0,93500.0,96300.0,685600
2023-02-07,96000.0,96000.0,93300.0,94100.0,857100
2023-02-08,94100.0,95500.0,93500.0,93500.0,446700
2023-02-09,93500.0,94500.0,91800.0,91800.0,773600
2023-02-10,91800.0,92000.0,89500.0,91200.0,680900
2023-02-13,91200.0,92900.0,90100.0,92900.0,468600
2023-02-14,92900.0,93400.0,91600.0,92900.0,392700
2023-02-15,92000.0,93300.0,92000.0,93000.0,617800
2023-02-16,93000.0,93400.0,92100.0,92900.0,379900
2023-02-17,93000.0,93000.0,91100.0,91300.0,279500
2023-02-20,91400.0,94500.0,91400.0,94500.0,685100
2023-02-21,94000.0,94800.0,93200.0,93800.0,258400
2023-02-22,93000.0,93300.0,91000.0,91000.0,784400
2023-02-23,91500.0,91500.0,87000.0,87600.0,672900
2023-02-24,88800.0,88800.0,84900.0,85900.0,716200
2023-02-27,83900.0,84500.0,79900.0,79900.0,900500
2023-02-28,82000.0,82500.0,80000.0,82000.0,585400
2023-03-01,80000.0,81800.0,79700.0,80500.0,1083200
2023-03-02,80400.0,81300.0,79000.0,79000.0,540200
2023-03-03,79700.0,79800.0,76000.0,76000.0,581000
2023-03-06,76500.0,78000.0,74400.0,74400.0,850800
2023-03-07,76000.0,79600.0,75200.0,78300.0,1893800
2023-03-08,78200.0,81000.0,77800.0,80400.0,1497600
2023-03-09,80500.0,82000.0,80100.0,80800.0,1257800
2023-03-10,80500.0,84500.0,80500.0,83900.0,1407600
2023-03-13,83800.0,85800.0,83800.0,84500.0,1593800
2023-03-14,84100.0,85000.0,82500.0,83600.0,939100
2023-03-15,83700.0,85100.0,83600.0,84700.0,1108600
2023-03-16,84700.0,84700.0,82000.0,83800.0,897900
2023-03-17,83800.0,84000.0,82700.0,83500.0,1173700
2023-03-20,82600.0,82800.0,79400.0,81500.0,1328800
2023-03-21,81500.0,83200.0,79000.0,80100.0,1059400
2023-03-22,80200.0,80600.0,78200.0,80500.0,2038600
2023-03-23,79700.0,79700.0,78500.0,79000.0,1501600
2023-03-24,79000.0,79000.0,77700.0,78000.0,1368800
2023-03-27,78200.0,78200.0,76200.0,76700.0,1640300
2023-03-28,77500.0,77800.0,76800.0,77600.0,1759500
2023-03-29,77600.0,78800.0,76800.0,78800.0,1178200
2023-03-30,79300.0,79600.0,78500.0,79200.0,1105900
2023-03-31,79200.0,79400.0,77800.0,77800.0,1340600
2023-04-03,78800.0,78800.0,76800.0,76800.0,1651800
2023-04-04,76900.0,78600.0,76900.0,78400.0,1319600
2023-04-05,78700.0,79200.0,77600.0,78400.0,835000
2023-04-06,78100.0,78400.0,77000.0,77000.0,1050000
2023-04-07,77000.0,77900.0,76900.0,77600.0,611100
2023-04-10,77700.0,78100.0,77100.0,77200.0,863300
2023-04-11,77600.0,78000.0,77200.0,77900.0,753700
2023-04-12,77900.0,80200.0,77900.0,79500.0,1601300
2023-04-13,80000.0,80500.0,79200.0,79200.0,1223300
2023-04-14,79300.0,79900.0,78100.0,78100.0,1415100
2023-04-17,78000.0,78200.0,77200.0,78100.0,912500
2023-04-18,78200.0,78500.0,77800.0,78200.0,536300
2023-04-19,78200.0,79800.0,78000.0,78700.0,1244600
2023-04-20,79000.0,79100.0,77700.0,78000.0,754800
2023-04-21,78000.0,78100.0,76200.0,76400.0,1126600
2023-04-24,76600.0,76600.0,73300.0,73300.0,1591200
2023-04-25,73900.0,73900.0,71100.0,71300.0,1018400
2023-04-26,71300.0,71900.0,70500.0,71400.0,1167500
2023-04-27,71700.0,72900.0,71300.0,72300.0,466300
2023-04-28,72700.0,73200.0,72300.0,73100.0,612100
2023-05-01,73100.0,73100.0,73100.0,73100.0,0
2023-05-02,73100.0,73100.0,73100.0,73100.0,0
2023-05-03,73100.0,73100.0,73100.0,73100.0,0
2023-05-04,72800.0,72800.0,70600.0,70600.0,824100
2023-05-05,70600.0,73100.0,70500.0,73000.0,950000
2023-05-08,73500.0,75200.0,73100.0,74100.0,1035000
2023-05-09,74100.0,74600.0,73400.0,73600.0,646900
2023-05-10,74000.0,75000.0,73600.0,73600.0,749900
2023-05-11,73700.0,74300.0,73300.0,73800.0,454100
2023-05-12,73300.0,74500.0,73300.0,74400.0,431700
2023-05-15,74400.0,75200.0,74100.0,74100.0,718700
2023-05-16,74100.0,74200.0,73200.0,73300.0,384400
2023-05-17,73300.0,74000.0,73000.0,73100.0,645600
2023-05-18,73200.0,73800.0,72700.0,73200.0,994700
2023-05-19,73200.0,73200.0,71600.0,72400.0,760300
2023-05-22,71400.0,72500.0,71400.0,72000.0,809500
2023-05-23,72000.0,72000.0,70200.0,70400.0,2296900
2023-05-24,70400.0,70400.0,70400.0,70400.0,0
2023-05-25,71800.0,72500.0,70800.0,72000.0,740000
2023-05-26,71800.0,72100.0,71400.0,72000.0,757500
2023-05-29,72100.0,72200.0,71400.0,71600.0,483800
2023-05-30,71600.0,73200.0,71600.0,72800.0,946700
2023-05-31,72900.0,73500.0,72000.0,72000.0,718500
2023-06-01,72000.0,72200.0,71500.0,71800.0,326400
2023-06-02,72000.0,72700.0,71800.0,72300.0,936100
2023-06-05,73000.0,74700.0,72800.0,74100.0,2010900
2023-06-06,74000.0,74600.0,73500.0,73600.0,1265200
2023-06-07,74200.0,75700.0,73500.0,75500.0,2296600
2023-06-08,76300.0,76400.0,74300.0,74400.0,1251100
2023-06-09,75000.0,76900.0,74200.0,76500.0,2410700
2023-06-12,77000.0,78400.0,76600.0,78400.0,2600400
2023-06-13,78600.0,78800.0,77900.0,78800.0,1699700
2023-06-14,78800.0,79400.0,77800.0,78000.0,2339300
2023-06-15,78000.0,78100.0,76700.0,77100.0,1224800
2023-06-16,77500.0,77600.0,75400.0,76600.0,2124500
2023-06-19,76500.0,76500.0,74500.0,74500.0,1152200
2023-06-20,74300.0,75300.0,74300.0,75200.0,605600
2023-06-21,75100.0,76200.0,74600.0,76100.0,1015400
2023-06-22,76100.0,76100.0,76100.0,76100.0,0
2023-06-23,76100.0,77800.0,75700.0,77300.0,1600600
2023-06-26,78000.0,79000.0,77000.0,77700.0,981300
2023-06-27,77800.0,78000.0,76900.0,77700.0,685500
2023-06-28,77900.0,77900.0,76700.0,77000.0,691700
2023-06-29,76800.0,76800.0,75400.0,75400.0,1147500
2023-06-30,75400.0,76200.0,75200.0,75200.0,866600
2023-07-03,75200.0,76000.0,75200.0,75400.0,646200
2023-07-04,75400.0,75900.0,75300.0,75600.0,823200
2023-07-05,75900.0,76300.0,75500.0,75800.0,1395400
2023-07-06,75500.0,76100.0,75500.0,76000.0,964100
2023-07-07,76200.0,76200.0,75200.0,75200.0,1421500
2023-07-10,75400.0,77900.0,75400.0,77900.0,2345800
2023-07-11,78100.0,80100.0,78100.0,79200.0,2849800
2023-07-12,80100.0,80100.0,79000.0,79500.0,1607300
2023-07-13,79600.0,81900.0,79500.0,81800.0,2671400
2023-07-14,82000.0,82700.0,80700.0,81800.0,1690600
2023-07-17,81800.0,81800.0,80500.0,80700.0,1453800
2023-07-18,80600.0,81300.0,80200.0,80500.0,1274400
2023-07-19,80600.0,81300.0,80500.0,80800.0,1370700
2023-07-20,80900.0,80900.0,79100.0,79500.0,2335700
2023-07-21,79500.0,83000.0,79500.0,83000.0,2083200
2023-07-24,84600.0,84700.0,83200.0,84000.0,2678700
2023-07-25,84100.0,84500.0,83000.0,83400.0,1938900
2023-07-26,83400.0,85200.0,83200.0,84600.0,1719300
2023-07-27,84500.0,84700.0,84000.0,84200.0,1846200
2023-07-28,84200.0,86200.0,84000.0,86100.0,2241800
2023-07-31,87000.0,88200.0,86800.0,87300.0,2580800
2023-08-01,87600.0,87600.0,86400.0,86700.0,1843700
2023-08-02,86400.0,86400.0,85100.0,85200.0,2264000
2023-08-03,85500.0,86600.0,85200.0,86100.0,1880500
2023-08-04,86300.0,86700.0,85700.0,86300.0,2037600
2023-08-07,86700.0,88200.0,86000.0,88200.0,2407300
2023-08-08,89300.0,89400.0,87900.0,89200.0,2451900
2023-08-09,89000.0,89000.0,87800.0,88000.0,2415600
2023-08-10,87300.0,87900.0,83000.0,83000.0,4724500
2023-08-11,82800.0,85000.0,82500.0,84500.0,2070900
2023-08-14,84500.0,84500.0,82200.0,82200.0,2720900
2023-08-15,82500.0,83800.0,81400.0,82400.0,2240300
2023-08-16,82300.0,82400.0,81200.0,81800.0,1866300
2023-08-17,81800.0,82800.0,81400.0,82100.0,1885500
2023-08-18,82100.0,82400.0,77800.0,79000.0,4020300
2023-08-21,78300.0,79800.0,78300.0,78400.0,2250500
2023-08-22,78500.0,78900.0,76300.0,77700.0,1849900
2023-08-23,78000.0,78600.0,77000.0,77500.0,1456000
2023-08-24,77300.0,80000.0,77300.0,80000.0,1756900
2023-08-25,80000.0,80500.0,79200.0,79700.0,1178100
2023-08-28,79700.0,80800.0,79500.0,80700.0,1100800
2023-08-29,81200.0,81400.0,79800.0,80000.0,1728500
2023-08-30,80000.0,80100.0,79300.0,79600.0,1580000
2023-08-31,80000.0,81700.0,79500.0,81500.0,2545900
2023-09-01,81500.0,81500.0,81500.0,81500.0,0
2023-09-04,81500.0,81500.0,81500.0,81500.0,0
2023-09-05,82300.0,82400.0,81300.0,81500.0,1426200
2023-09-06,81500.0,82700.0,80800.0,82700.0,1831100
2023-09-07,83500.0,83900.0,82000.0,82000.0,2102600
2023-09-08,82100.0,83500.0,81800.0,81800.0,3064800
2023-09-11,82100.0,82400.0,79600.0,79600.0,3008800
2023-09-12,80000.0,81000.0,79300.0,81000.0,1513100
2023-09-13,81000.0,81400.0,79900.0,80100.0,1618400
2023-09-14,80400.0,80400.0,78300.0,78600.0,1810500
2023-09-15,78800.0,80700.0,78400.0,79700.0,2314600
2023-09-18,79700.0,79700.0,78100.0,78500.0,1009600
2023-09-19,78300.0,79400.0,78000.0,79000.0,1116700
2023-09-20,78800.0,79800.0,78700.0,79700.0,2339000
2023-09-21,79500.0,80100.0,78500.0,78800.0,1493900
2023-09-22,77400.0,78000.0,75400.0,75400.0,2281400
2023-09-25,75000.0,75400.0,70300.0,70300.0,3403100
2023-09-26,70300.0,74900.0,70300.0,73000.0,2269800
2023-09-27,73000.0,76000.0,72600.0,76000.0,2155500
2023-09-28,74500.0,77000.0,73100.0,76500.0,1700600
2023-09-29,76500.0,76500.0,75200.0,76300.0,1276500
2023-10-02,76200.0,78700.0,76000.0,77400.0,2722000
2023-10-03,77400.0,77400.0,74000.0,74000.0,2189000
2023-10-04,73000.0,75000.0,72800.0,73500.0,1448600
2023-10-05,73600.0,74800.0,72800.0,72800.0,877900
2023-10-06,72700.0,72900.0,71000.0,72700.0,2313000
2023-10-09,72200.0,74000.0,72100.0,73500.0,854300
2023-10-10,74000.0,74300.0,73200.0,73200.0,926500
2023-10-11,73500.0,73800.0,72200.0,73800.0,909700
2023-10-12,74000.0,74100.0,73000.0,73100.0,1055400
2023-10-13,72500.0,73500.0,71600.0,72700.0,1242300
2023-10-16,72500.0,72500.0,71600.0,71600.0,1004000
2023-10-17,72000.0,72300.0,71000.0,71000.0,727500
2023-10-18,71000.0,71500.0,67500.0,68300.0,1882700
2023-10-19,68300.0,68400.0,65900.0,66400.0,2406000
2023-10-20,66400.0,69000.0,65900.0,69000.0,1883100
2023-10-23,68000.0,68100.0,65800.0,66000.0,2129600
2023-10-24,66200.0,67300.0,64900.0,66900.0,1638700
2023-10-25,67000.0,67500.0,66000.0,66000.0,1385400
2023-10-26,64800.0,64800.0,61400.0,61400.0,3585400
2023-10-27,62000.0,62000.0,57200.0,57800.0,4376500
2023-10-30,56000.0,59200.0,56000.0,58000.0,2162100
2023-10-31,59000.0,59000.0,56000.0,58200.0,2913300
2023-11-01,58200.0,59500.0,57000.0,59500.0,1807900
2023-11-02,60500.0,62800.0,59800.0,62700.0,1571400
2023-11-03,63000.0,63900.0,61700.0,63900.0,1619400
2023-11-06,64000.0,64600.0,63000.0,64000.0,1132500
2023-11-07,64000.0,64000.0,62000.0,62000.0,1583400
2023-11-08,62000.0,63900.0,60500.0,63800.0,2102400
2023-11-09,63900.0,64500.0,62700.0,62800.0,1616400
2023-11-10,62000.0,63400.0,61700.0,61700.0,1581800
2023-11-13,62000.0,62900.0,61000.0,62000.0,1203300
2023-11-14,62200.0,62800.0,61600.0,62600.0,1533100
2023-11-15,63600.0,66900.0,63500.0,65800.0,3867100
2023-11-16,66800.0,66900.0,65400.0,66000.0,1450600
2023-11-17,66700.0,67000.0,63400.0,64100.0,2889900
2023-11-20,62700.0,65000.0,62700.0,63600.0,1336400
2023-11-21,64900.0,64900.0,63600.0,64600.0,1393000
2023-11-22,64700.0,65500.0,63600.0,64900.0,1764000
2023-11-23,65500.0,65500.0,63300.0,63300.0,1594500
2023-11-24,63400.0,63500.0,60600.0,61800.0,2092400
2023-11-27,62000.0,62300.0,60900.0,60900.0,1253800
2023-11-28,60900.0,61800.0,59900.0,61300.0,1182700
2023-11-29,61500.0,63000.0,61500.0,62900.0,1595200
2023-11-30,62200.0,62900.0,60500.0,60500.0,2262200
2023-12-01,61000.0,61800.0,60800.0,61500.0,1080400
2023-12-04,61500.0,63000.0,61500.0,62200.0,1303600
2023-12-05,62300.0,62400.0,61400.0,61400.0,1426500
2023-12-06,61400.0,62300.0,61400.0,62100.0,1534400
2023-12-07,62200.0,64200.0,62100.0,63500.0,3977500
2023-12-08,63500.0,66900.0,63500.0,66200.0,5420600
2023-12-11,66800.0,68000.0,66700.0,67500.0,2893500
2023-12-12,67700.0,67700.0,65700.0,66200.0,3134200
2023-12-13,66500.0,67400.0,65700.0,65800.0,2727000
2023-12-14,66300.0,66500.0,64800.0,65000.0,1750100
2023-12-15,65000.0,65000.0,63000.0,63000.0,4208100
2023-12-18,63200.0,63800.0,62600.0,62900.0,1640800
2023-12-19,62900.0,63500.0,61800.0,62200.0,2055200
2023-12-20,62800.0,64000.0,62500.0,63900.0,1625900
2023-12-21,63000.0,64400.0,63000.0,63700.0,1375900
2023-12-22,64000.0,64200.0,63000.0,63000.0,2188600
2023-12-25,63200.0,66500.0,63200.0,66400.0,3234900
2023-12-26,66900.0,66900.0,65600.0,66200.0,2681200
2023-12-27,66200.0,67900.0,66000.0,67000.0,2866200
2023-12-28,67100.0,67600.0,66600.0,67000.0,1859800
2023-12-29,67100.0,68300.0,67000.0,67000.0,2217700
2024-01-01,67000.0,67000.0,67000.0,67000.0,0
2024-01-02,67700.0,69300.0,67300.0,68400.0,3624100
2024-01-03,68000.0,68900.0,67700.0,68900.0,1720500
2024-01-04,69000.0,69100.0,68100.0,68100.0,2526000
2024-01-05,68200.0,68300.0,66600.0,67900.0,3405400
2024-01-08,68000.0,68000.0,66600.0,66600.0,2683300
2024-01-09,66700.0,67400.0,66000.0,66100.0,2177500
2024-01-10,66200.0,67500.0,66100.0,66200.0,1883100
2024-01-11,66400.0,66900.0,66000.0,66100.0,2173000
2024-01-12,66000.0,66000.0,64800.0,64800.0,2390500
2024-01-15,65300.0,66100.0,65200.0,65600.0,1312000
2024-01-16,65600.0,67300.0,65300.0,67100.0,1938100
2024-01-17,67100.0,67500.0,66300.0,66300.0,1904200
2024-01-18,66400.0,67000.0,66400.0,66400.0,1290100
2024-01-19,66700.0,68400.0,66700.0,67800.0,3305300
2024-01-22,68500.0,68500.0,67000.0,67700.0,1775900
2024-01-23,67800.0,67800.0,66500.0,67500.0,2445600
2024-01-24,67000.0,67500.0,66200.0,66200.0,2446900
2024-01-25,66200.0,66200.0,66200.0,66200.0,0
2024-01-26,67000.0,67000.0,65800.0,65800.0,1936600
2024-01-29,66000.0,66400.0,65500.0,65600.0,1429100
2024-01-30,65600.0,66600.0,65600.0,66100.0,1170700
2024-01-31,66500.0,66600.0,64400.0,64400.0,2589000
2024-02-01,64400.0,65500.0,64400.0,65100.0,1692500
2024-02-02,65100.0,65100.0,65100.0,65100.0,0
2024-02-05,65400.0,65700.0,64700.0,64900.0,1612700
2024-02-06,65300.0,65300.0,64700.0,64800.0,1607300
2024-02-07,65000.0,65300.0,64600.0,64900.0,1352400
2024-02-08,64900.0,64900.0,64900.0,64900.0,0
2024-02-09,64900.0,64900.0,64900.0,64900.0,0
2024-02-15,65000.0,65700.0,64900.0,64900.0,2030300
2024-02-16,65100.0,66400.0,65100.0,66200.0,2714100
2024-02-19,66500.0,69400.0,66500.0,68900.0,7833600
2024-02-20,69700.0,69700.0,68200.0,68800.0,3375900
2024-02-21,68800.0,68900.0,67700.0,68000.0,3336800
2024-02-22,68100.0,69300.0,67800.0,68100.0,4149500
2024-02-23,68300.0,68900.0,66600.0,66700.0,4792400
2024-02-26,66700.0,67400.0,66100.0,66700.0,2921700
2024-02-27,66700.0,68200.0,66700.0,67600.0,3037600
2024-02-28,68000.0,68400.0,67700.0,68300.0,3481000
2024-02-29,69400.0,71500.0,69100.0,70400.0,8297600
2024-03-01,70400.0,71200.0,70000.0,70500.0,3757800
2024-03-04,70700.0,71100.0,69900.0,70800.0,5315800
2024-03-05,71200.0,75700.0,70900.0,75700.0,12999600
2024-03-06,76800.0,77800.0,75700.0,76900.0,6843400
2024-03-07,77000.0,80800.0,76400.0,80800.0,8721100
2024-03-08,81000.0,81000.0,78000.0,78500.0,7454600
2024-03-11,78500.0,81100.0,76600.0,77500.0,7103800
2024-03-12,77500.0,79400.0,77200.0,78700.0,5975700
2024-03-13,79000.0,81000.0,78900.0,80900.0,7035500
2024-03-14,81500.0,81600.0,78700.0,78900.0,6416700
2024-03-15,78300.0,79200.0,76800.0,78500.0,6908900
2024-03-18,77800.0,78900.0,73900.0,77900.0,7516900
2024-03-19,77900.0,79400.0,77200.0,77400.0,3129300
2024-03-20,77400.0,77800.0,76500.0,77300.0,4238700
2024-03-21,78500.0,78800.0,77600.0,78000.0,4982600
2024-03-22,79300.0,80900.0,78300.0,78500.0,6018700
2024-03-25,78000.0,78500.0,75400.0,75500.0,8724000
2024-03-26,75900.0,76200.0,74000.0,74000.0,6370600
2024-03-27,75000.0,76100.0,74100.0,75400.0,6073600
2024-03-28,76900.0,77700.0,75700.0,76000.0,6237000
2024-03-29,76500.0,76500.0,74200.0,74200.0,8324900
2024-04-01,74400.0,74900.0,72600.0,73400.0,7701100
2024-04-02,73400.0,75000.0,73300.0,74500.0,3738600
2024-04-03,74500.0,75400.0,73200.0,73400.0,4986800
2024-04-04,73100.0,74500.0,73000.0,73400.0,3739000
2024-04-05,72800.0,73200.0,71900.0,71900.0,5609400
2024-04-08,72100.0,72800.0,71700.0,71900.0,2804400
2024-04-09,72400.0,73500.0,72200.0,73500.0,4123400
2024-04-10,73500.0,73900.0,72500.0,72500.0,3030600
2024-04-11,71900.0,72200.0,71500.0,71800.0,3576900
2024-04-12,71800.0,72600.0,71700.0,71900.0,3572900
2024-04-15,71900.0,71900.0,66900.0,66900.0,10945300
2024-04-16,66900.0,67400.0,64600.0,66100.0,8049800
2024-04-17,66400.0,68900.0,65500.0,66800.0,7216500
2024-04-19,66000.0,67900.0,65900.0,66500.0,4767700
2024-04-22,67300.0,67500.0,66700.0,66900.0,2931700
2024-04-23,67700.0,67700.0,64500.0,64700.0,5047400
2024-04-24,65500.0,67500.0,65200.0,66900.0,3276700
2024-04-25,67200.0,68500.0,66200.0,68100.0,6074900
2024-04-26,67500.0,68300.0,67100.0,67200.0,3593000
2024-04-29,67200.0,67200.0,67200.0,67200.0,0
2024-04-30,67200.0,67200.0,67200.0,67200.0,0
2024-05-02,67800.0,68000.0,67100.0,68000.0,2279400
2024-05-03,68600.0,70900.0,68100.0,69800.0,7049300
2024-05-06,70700.0,71300.0,70100.0,71100.0,5105300
2024-05-07,71400.0,71500.0,70500.0,71200.0,3244000
2024-05-08,70900.0,73200.0,70200.0,72300.0,6123100
2024-05-09,72100.0,73800.0,70600.0,71400.0,7165500
2024-05-10,71400.0,71900.0,70600.0,70800.0,3714800
2024-05-13,70900.0,71700.0,70300.0,70800.0,2571500
2024-05-14,71000.0,71400.0,70100.0,70600.0,3692100
2024-05-15,72000.0,73300.0,71900.0,72200.0,6888800
2024-05-16,72900.0,73000.0,72000.0,72400.0,4045400
2024-05-17,72600.0,76000.0,72400.0,75500.0,12300700
2024-05-20,76500.0,77300.0,75700.0,76400.0,7869900
2024-05-21,76200.0,76500.0,74900.0,75800.0,5878600
2024-05-22,76000.0,76400.0,73800.0,73900.0,8354500
2024-05-23,73900.0,75800.0,73200.0,75800.0,6128100
2024-05-24,75500.0,76300.0,73100.0,73500.0,7669800
2024-05-27,73500.0,74000.0,72700.0,73500.0,3881500
2024-05-28,74200.0,75500.0,73800.0,75500.0,5100400
2024-05-29,75700.0,76900.0,75000.0,75000.0,8003700
2024-05-30,74300.0,77400.0,74100.0,77200.0,11161400
2024-05-31,78000.0,78400.0,76600.0,76600.0,5592200
2024-06-03,76600.0,76600.0,76600.0,76600.0,0
2024-06-04,78000.0,78000.0,77100.0,77500.0,4403700
2024-06-05,77500.0,79400.0,77500.0,78100.0,7549800
2024-06-06,78400.0,78800.0,77500.0,78100.0,4727200
2024-06-07,78500.0,78600.0,77000.0,77600.0,4621100
2024-06-10,77600.0,78000.0,76800.0,77100.0,5324000
2024-06-11,77200.0,77500.0,75700.0,75800.0,6573500
2024-06-12,76000.0,78100.0,76000.0,77800.0,5837700
2024-06-13,78500.0,78800.0,78000.0,78600.0,6210400
2024-06-14,78700.0,80300.0,78000.0,78000.0,9028100
2024-06-17,78000.0,78000.0,76200.0,76200.0,6242500
2024-06-18,76200.0,77300.0,76200.0,76200.0,4126300
2024-06-19,76700.0,76700.0,74900.0,75600.0,6657600
2024-06-20,75600.0,76200.0,75100.0,75800.0,4159400
2024-06-21,75800.0,77500.0,75500.0,76200.0,3974100
2024-06-24,75500.0,76300.0,73700.0,73700.0,8305600
2024-06-25,74200.0,74500.0,73600.0,73900.0,5262400
2024-06-26,73900.0,74500.0,73100.0,74000.0,3527400
2024-06-27,73900.0,75200.0,73600.0,74500.0,3765600
2024-06-28,74600.0,76200.0,74500.0,74700.0,6405900
2024-07-01,74700.0,76200.0,74700.0,76000.0,2944600
2024-07-02,76100.0,76800.0,76000.0,76300.0,2695600
2024-07-03,76500.0,76600.0,75800.0,76500.0,2551200
2024-07-04,76900.0,77800.0,76500.0,76800.0,6265500
2024-07-05,77000.0,77000.0,76300.0,76700.0,2539100
2024-07-08,77000.0,77000.0,75700.0,76200.0,5961700
2024-07-09,76200.0,76500.0,75500.0,76500.0,5982100
2024-07-10,76600.0,77500.0,76400.0,76800.0,5381900
2024-07-11,77200.0,77200.0,75800.0,75800.0,3833600
2024-07-12,75800.0,76100.0,74600.0,74800.0,4442000
2024-07-15,74800.0,75000.0,74200.0,74500.0,2888200
2024-07-16,74700.0,75300.0,73800.0,74000.0,4286400
2024-07-17,74300.0,74300.0,71000.0,71800.0,5875500
2024-07-18,71800.0,72300.0,70200.0,71200.0,7523700
2024-07-19,71500.0,71600.0,70700.0,71000.0,4785600
2024-07-22,71100.0,72600.0,70400.0,72200.0,4068800
2024-07-23,72400.0,72400.0,70100.0,71000.0,3375900
2024-07-24,70800.0,72200.0,70200.0,71500.0,3435000
2024-07-25,71100.0,71400.0,70800.0,71000.0,1645300
2024-07-26,71000.0,74000.0,71000.0,74000.0,7229400
2024-07-29,74800.0,74900.0,73700.0,74000.0,3719200
2024-07-30,74000.0,75300.0,73800.0,74600.0,5717400
2024-07-31,75000.0,75000.0,74100.0,74100.0,3565400
2024-08-01,74100.0,74900.0,70800.0,71800.0,7659500
2024-08-02,71000.0,73200.0,71000.0,72200.0,5314700
2024-08-05,71300.0,72700.0,70200.0,70500.0,6260600
2024-08-06,71000.0,73400.0,70500.0,73200.0,5272100
2024-08-07,73300.0,73500.0,72200.0,73000.0,3653400
2024-08-08,73000.0,75600.0,72700.0,74500.0,9533100
2024-08-09,74600.0,75300.0,74500.0,75200.0,3965800
2024-08-12,75500.0,76200.0,74300.0,75200.0,4458500
2024-08-13,75000.0,75200.0,73800.0,74800.0,4760200
2024-08-14,75200.0,77300.0,74900.0,76500.0,10253700
2024-08-15,76700.0,76700.0,75000.0,75000.0,3319900
2024-08-16,75400.0,77500.0,75200.0,77300.0,8146700
2024-08-19,77800.0,79000.0,77100.0,77800.0,5460700
2024-08-20,77700.0,79100.0,77500.0,77600.0,5748400
2024-08-21,77600.0,78500.0,77100.0,77500.0,4523300
2024-08-22,77700.0,79600.0,77300.0,78000.0,6729800
2024-08-23,78400.0,79000.0,77400.0,77900.0,4063000
2024-08-26,78100.0,78200.0,76200.0,76200.0,7989100
2024-08-27,76300.0,76800.0,75600.0,76800.0,5246000
2024-08-28,77000.0,77900.0,76800.0,77100.0,4558700
2024-08-29,77400.0,77500.0,76800.0,76900.0,1890900
2024-08-30,77100.0,77600.0,76500.0,76500.0,3214000
2024-09-04,75300.0,76000.0,75200.0,75300.0,4905100
2024-09-05,75200.0,75900.0,74100.0,74100.0,5019900
2024-09-06,74200.0,76000.0,74000.0,76000.0,4443500
2024-09-09,75800.0,75900.0,75100.0,75400.0,3747400
2024-09-10,75500.0,77000.0,75200.0,75200.0,5918100
2024-09-11,75200.0,75700.0,74800.0,75100.0,2637200
2024-09-12,75600.0,75800.0,74900.0,75100.0,1664500
2024-09-13,75100.0,75400.0,74200.0,74200.0,2857800
2024-09-16,74200.0,74600.0,72800.0,72900.0,5065500
2024-09-17,73000.0,74500.0,72800.0,74500.0,2785100
2024-09-18,74700.0,75300.0,74400.0,74400.0,2719900
2024-09-19,74500.0,74800.0,74000.0,74400.0,2663300
2024-09-20,75000.0,75700.0,74600.0,74700.0,4014300
2024-09-23,74700.0,75300.0,74400.0,74400.0,1836800
2024-09-24,74400.0,74800.0,74000.0,74800.0,3044400
2024-09-25,75100.0,75800.0,75100.0,75500.0,5135300
2024-09-26,75800.0,76400.0,75700.0,76100.0,4617400
2024-09-27,76300.0,76400.0,75200.0,75900.0,3725200
2024-09-30,75900.0,76600.0,75600.0,75700.0,3473400
2024-10-01,75800.0,77400.0,75800.0,76600.0,6912000
2024-10-02,76300.0,76500.0,76000.0,76000.0,2345800
2024-10-03,76000.0,77300.0,76000.0,76000.0,7165200
2024-10-04,76000.0,76400.0,75500.0,75600.0,3189400
2024-10-07,76000.0,76300.0,74500.0,74800.0,4123200
2024-10-08,75000.0,75400.0,74600.0,75200.0,2771300
2024-10-09,75300.0,77100.0,75100.0,77000.0,8346300
2024-10-10,78000.0,80500.0,77900.0,80000.0,19870800
2024-10-11,80200.0,81100.0,79500.0,81100.0,6900400
2024-10-14,82000.0,82100.0,80100.0,80300.0,5907400
2024-10-15,80300.0,81500.0,80200.0,80800.0,6647800
2024-10-16,80800.0,82300.0,80000.0,80400.0,8065600
2024-10-17,80600.0,81000.0,79300.0,81000.0,5878300
2024-10-18,81300.0,81400.0,80300.0,80400.0,5100500
2024-10-21,80100.0,81200.0,79700.0,80200.0,5181300
2024-10-22,80000.0,80400.0,78500.0,78900.0,7311400
2024-10-23,79000.0,80100.0,78300.0,79400.0,4189400
2024-10-24,79500.0,80600.0,78500.0,78500.0,5506000
2024-10-25,79100.0,79300.0,77200.0,77200.0,10132900
2024-10-28,77200.0,77900.0,76300.0,77900.0,5735500
2024-10-29,78100.0,78200.0,77300.0,78000.0,3292200
2024-10-30,78000.0,78100.0,76800.0,78100.0,5638600
2024-10-31,77300.0,77400.0,76000.0,76600.0,8540200
2024-11-01,76100.0,76400.0,74200.0,74500.0,13047900
2024-11-04,74500.0,74700.0,73100.0,73200.0,8323700
2024-11-05,73200.0,73700.0,73000.0,73100.0,4967700
2024-11-06,73500.0,74400.0,73300.0,74200.0,6268000
2024-11-07,74300.0,74400.0,73300.0,73300.0,4433800
2024-11-08,73300.0,73600.0,72200.0,72300.0,7811800
2024-11-11,72300.0,73700.0,71300.0,73500.0,8239800
2024-11-12,73500.0,73900.0,72400.0,72500.0,3990400
2024-11-13,72300.0,73100.0,71900.0,73000.0,4122600
2024-11-14,72600.0,73200.0,71400.0,71400.0,4521100
2024-11-15,71100.0,71700.0,70600.0,70600.0,5685500
2024-11-18,70600.0,71100.0,69300.0,70300.0,5225100
2024-11-19,70600.0,71400.0,70000.0,70000.0,3920200
2024-11-20,69900.0,70900.0,69100.0,70300.0,3919900
2024-11-21,70500.0,71500.0,70100.0,71300.0,3799900
2024-11-22,71300.0,71600.0,70800.0,71000.0,3658600
2024-11-25,71200.0,72500.0,71000.0,72200.0,4915500
2024-11-26,72300.0,73100.0,72100.0,72700.0,4756300
2024-11-27,72500.0,72900.0,72400.0,72700.0,2239300
2024-11-28,72900.0,73000.0,72200.0,72400.0,3106100
2024-11-29,72500.0,73600.0,72200.0,73200.0,4424300
2024-12-02,73200.0,73500.0,72500.0,72600.0,2724700
2024-12-03,72400.0,73000.0,72400.0,72700.0,2928400
2024-12-04,72500.0,72500.0,71400.0,72100.0,4106400
2024-12-05,71900.0,73700.0,71800.0,73700.0,5390800
2024-12-06,74100.0,74200.0,73200.0,73400.0,5635400
2024-12-09,73400.0,73600.0,73100.0,73200.0,2810900
2024-12-10,73000.0,73300.0,72700.0,72700.0,2512300
2024-12-11,73000.0,73700.0,72200.0,72700.0,2857600
2024-12-12,72500.0,72700.0,72100.0,72100.0,2674500
2024-12-13,72000.0,72000.0,71000.0,71100.0,3536600
2024-12-16,71200.0,71700.0,70900.0,71100.0,2462600
2024-12-17,71000.0,71300.0,71000.0,71000.0,1652300
2024-12-18,71100.0,71400.0,71000.0,71400.0,2486900
2024-12-19,71000.0,71200.0,70300.0,70400.0,3513100
2024-12-20,70500.0,70600.0,70000.0,70300.0,2753800
2024-12-23,70900.0,71000.0,70300.0,70300.0,1755400
2024-12-24,70400.0,70600.0,69900.0,70200.0,3833400
2024-12-25,70200.0,71200.0,70200.0,70700.0,3713100
2024-12-26,71100.0,71300.0,70500.0,70500.0,2134200
2024-12-27,70500.0,71100.0,70400.0,70400.0,2398100
2024-12-30,70300.0,70800.0,70000.0,70100.0,1654300
2024-12-31,70200.0,70800.0,70000.0,70000.0,2800400
2025-01-02,70100.0,70900.0,70000.0,70800.0,2326400
2025-01-03,70800.0,70800.0,69600.0,69700.0,2679200
2025-01-06,69800.0,70200.0,67200.0,67200.0,5156900
2025-01-07,67300.0,68200.0,66500.0,66800.0,5735600
2025-01-08,66900.0,68000.0,66600.0,67700.0,2812900
2025-01-09,67800.0,68100.0,66800.0,67300.0,1886700
2025-01-10,67300.0,67400.0,65500.0,65500.0,2905200
2025-01-13,65400.0,65500.0,64400.0,65000.0,3672000
2025-01-14,65000.0,65300.0,63700.0,63700.0,3586600
2025-01-15,64500.0,66400.0,64000.0,65800.0,4159100
2025-01-16,64500.0,66400.0,64000.0,65800.0,4159100
2025-01-17,66300.0,66400.0,65700.0,65900.0,1689700
2025-01-20,66000.0,66300.0,65500.0,65500.0,1814200
2025-01-21,65600.0,66400.0,65400.0,65700.0,2258500
2025-01-22,65800.0,66200.0,65200.0,65200.0,2338800
2025-01-23,65300.0,66100.0,65200.0,65400.0,3685200
2025-01-24,65500.0,68000.0,65400.0,68000.0,6680300
2025-01-27,68000.0,68000.0,68000.0,68000.0,0
2025-01-28,68000.0,68000.0,68000.0,68000.0,0
2025-01-29,68000.0,68000.0,68000.0,68000.0,0
2025-01-30,68000.0,68000.0,68000.0,68000.0,0
2025-01-31,68000.0,68000.0,68000.0,68000.0,0
2025-02-03,67800.0,68400.0,67000.0,68000.0,4360300
2025-02-04,68100.0,68800.0,68100.0,68600.0,3948000
2025-02-05,68700.0,68700.0,67300.0,67500.0,4852700
2025-02-06,67500.0,68100.0,67200.0,67400.0,2799000
2025-02-07,67700.0,68000.0,67200.0,67700.0,2265600
2025-02-10,67800.0,69700.0,67800.0,68800.0,6909800
2025-02-11,68800.0,68900.0,68100.0,68700.0,2435600
2025-02-12,68700.0,69100.0,68300.0,69000.0,2088500
2025-02-13,68800.0,69000.0,68300.0,68900.0,1824000
2025-02-14,69200.0,69400.0,67800.0,68100.0,2983400
2025-02-17,68100.0,68400.0,66200.0,66400.0,5693000
2025-02-18,66400.0,67200.0,66000.0,66400.0,2602400
2025-02-19,66600.0,67700.0,66600.0,67700.0,3261800
2025-02-20,68000.0,68000.0,67500.0,68000.0,2935400
2025-02-21,68000.0,68000.0,67200.0,67600.0,2315500
2025-02-24,67200.0,67700.0,66800.0,67600.0,3245600
2025-02-25,67800.0,68900.0,67800.0,68400.0,5119200
2025-02-26,68400.0,68600.0,68000.0,68300.0,2082800
2025-02-27,68500.0,69300.0,68200.0,68400.0,4565500
2025-02-28,68400.0,68500.0,67500.0,67700.0,3925400
2025-03-03,67800.0,68400.0,67700.0,68000.0,2758100
2025-03-04,68000.0,69100.0,67400.0,69100.0,5946400
2025-03-05,69300.0,70200.0,68200.0,68200.0,6222600
2025-03-06,68400.0,69200.0,68200.0,69200.0,4342500
2025-03-07,69200.0,70000.0,68400.0,69000.0,4410100
2025-03-10,69000.0,69900.0,68700.0,68900.0,5117800
2025-03-11,68200.0,68900.0,68100.0,68900.0,4533500
2025-03-12,68900.0,69700.0,68700.0,68700.0,4987800
2025-03-13,68700.0,71200.0,68700.0,70400.0,11573600
2025-03-14,70500.0,71900.0,70400.0,71100.0,7301100
2025-03-17,71400.0,71400.0,70300.0,70500.0,4528900
2025-03-18,70700.0,71300.0,69600.0,69600.0,6175200
2025-03-19,69500.0,69600.0,68500.0,68500.0,6651600
2025-03-20,68500.0,69100.0,68200.0,68400.0,3437000
2025-03-21,68600.0,68600.0,67500.0,67900.0,3804100
2025-03-24,67800.0,68800.0,67800.0,68500.0,2426900
2025-03-25,68500.0,69000.0,68100.0,68500.0,2767600
2025-03-26,68600.0,69600.0,68300.0,68300.0,3801800
2025-03-27,68600.0,70700.0,68500.0,69400.0,7235300
2025-03-28,69400.0,69600.0,68300.0,68500.0,3797400
2025-03-31,68500.0,69700.0,66800.0,66800.0,6976700
2025-04-01,67800.0,67800.0,65600.0,66200.0,6498900
2025-04-02,66700.0,67000.0,66000.0,66000.0,3637800
2025-04-03,63000.0,63900.0,61400.0,61400.0,10609500
2025-04-04,57200.0,58700.0,57200.0,58000.0,14296500
2025-04-08,55100.0,56800.0,54000.0,54000.0,5452200
2025-04-09,50300.0,52900.0,50300.0,50300.0,13474100
2025-04-10,53800.0,53800.0,53800.0,53800.0,491600
2025-04-11,55400.0,57500.0,53100.0,57100.0,14118700
2025-04-14,57700.0,60300.0,56900.0,60000.0,7927500
2025-04-15,59000.0,60900.0,58100.0,58500.0,6076700
2025-04-16,58300.0,58800.0,56400.0,56400.0,6391100
2025-04-17,55000.0,57600.0,55000.0,57300.0,4980400
2025-04-18,57900.0,59000.0,57900.0,58000.0,3630300
2025-04-21,58000.0,58500.0,56900.0,58100.0,3787400
2025-04-22,57500.0,59100.0,54100.0,58700.0,9268700
2025-04-23,59700.0,59900.0,58900.0,59600.0,5295500
2025-04-24,60000.0,60000.0,58300.0,59900.0,4948200
2025-04-25,60000.0,62000.0,59900.0,62000.0,10545400
2025-04-28,62400.0,62500.0,61000.0,62500.0,4247600
2025-04-29,61800.0,62500.0,61800.0,62500.0,3854100
2025-04-30,62500.0,62500.0,62500.0,62500.0,0
2025-05-01,62500.0,62500.0,62500.0,62500.0,0
2025-05-02,62500.0,62500.0,62500.0,62500.0,0
2025-05-05,62500.0,62500.0,62500.0,62500.0,0
2025-05-06,62700.0,62800.0,61600.0,62500.0,2950500
2025-05-07,62400.0,62400.0,61800.0,62000.0,3955400
2025-05-08,61600.0,61800.0,60900.0,60900.0,3353100
2025-05-09,61000.0,63000.0,60700.0,63000.0,4439500
2025-05-12,63000.0,63000.0,63000.0,63000.0,0
2025-05-13,62800.0,63300.0,62000.0,62000.0,3820500
2025-05-14,62400.0,63200.0,62100.0,62100.0,4735700
2025-05-15,62300.0,63700.0,62200.0,62300.0,5676400
2025-05-16,62600.0,63500.0,62400.0,62800.0,5773200
2025-05-19,62400.0,62400.0,61400.0,62000.0,6012400
2025-05-20,62400.0,62400.0,61400.0,62000.0,6012400
2025-05-21,62000.0,63100.0,61500.0,62700.0,5378500
2025-05-22,63100.0,64300.0,63100.0,63600.0,8645400
2025-05-23,63600.0,64600.0,63200.0,64000.0,7955100
2025-05-26,63200.0,63800.0,61500.0,63800.0,4405400
2025-05-27,63200.0,63800.0,61500.0,63800.0,4405400
2025-05-28,63900.0,64800.0,63500.0,64000.0,4747700
2025-05-29,64100.0,64500.0,63500.0,63900.0,4017900
2025-05-30,64100.0,64200.0,62900.0,63400.0,3507500
2025-06-02,62000.0,62500.0,61700.0,62100.0,2287700
2025-06-03,62000.0,62500.0,61700.0,62100.0,2287700
2025-06-04,62300.0,63600.0,62300.0,63300.0,4281300
2025-06-05,63500.0,64400.0,63000.0,64100.0,6891000
2025-06-06,64400.0,65800.0,63900.0,65800.0,11745400
2025-06-09,65000.0,65000.0,63500.0,64100.0,5031500
2025-06-10,65000.0,65000.0,63500.0,64100.0,5031500
2025-06-11,64500.0,65500.0,64100.0,64800.0,5622000
2025-06-12,64800.0,65200.0,64100.0,64800.0,2850500
2025-06-13,65300.0,66000.0,65200.0,65800.0,6866200
2025-06-16,65700.0,67000.0,65400.0,66800.0,7846900
2025-06-17,65700.0,67000.0,65400.0,66800.0,7846900
2025-06-18,67000.0,67900.0,66200.0,67900.0,5760000
2025-06-19,67900.0,67900.0,66600.0,67500.0,5472800
2025-06-20,67000.0,67500.0,66100.0,67500.0,5629600
2025-06-23,66800.0,68000.0,66200.0,68000.0,5818700
2025-06-24,66800.0,68000.0,66200.0,68000.0,5818700
2025-06-25,68900.0,69300.0,68300.0,69200.0,6555800
2025-06-26,69700.0,70400.0,69100.0,70300.0,7935800
2025-06-27,70400.0,72000.0,70200.0,72000.0,8616800
2025-06-30,76600.0,77400.0,76000.0,76800.0,8361100
2025-07-01,76600.0,77400.0,76000.0,76800.0,8361100
2025-07-02,76200.0,76700.0,74900.0,75200.0,6823100
2025-07-03,75000.0,76300.0,74600.0,75200.0,4787500
2025-07-04,74800.0,76300.0,74100.0,74500.0,5988200
2025-07-07,75000.0,75700.0,74300.0,74800.0,5874900
2025-07-08,75000.0,75700.0,74300.0,74800.0,5874900
2025-07-09,74900.0,76200.0,74600.0,75600.0,7088700
2025-07-10,76500.0,76500.0,75400.0,75800.0,7231700
2025-07-11,76000.0,78400.0,75900.0,76900.0,12326900
2025-07-14,76900.0,77100.0,74600.0,75300.0,6527400
2025-07-15,76900.0,77100.0,74600.0,75300.0,6527400
2025-07-16,75300.0,76700.0,74500.0,74500.0,8071700
2025-07-17,74300.0,75500.0,74000.0,75000.0,6128400
2025-07-18,75800.0,77300.0,75600.0,76200.0,10772700
2025-07-21,79600.0,79800.0,77500.0,77500.0,7866900
2025-07-22,79600.0,79800.0,77500.0,77500.0,7866900
2025-07-23,77300.0,78400.0,76600.0,77700.0,7375500
2025-07-24,78700.0,79300.0,77200.0,77300.0,8228200
2025-07-25,77500.0,77500.0,75400.0,76000.0,16440600
2025-07-28,76200.0,78600.0,75900.0,77600.0,12672700
2025-07-29,76200.0,78600.0,75900.0,77600.0,12672700
2025-07-30,78500.0,78500.0,72200.0,72200.0,16023900
2025-07-31,73000.0,73500.0,71000.0,73000.0,9483500
2025-08-01,73100.0,73400.0,70800.0,72500.0,9176600
2025-08-04,72100.0,74000.0,71800.0,73900.0,5917800
2025-08-05,72100.0,74000.0,71800.0,73900.0,5917800
2025-08-06,74000.0,77200.0,73500.0,74600.0,18436200
2025-08-07,75600.0,76800.0,75200.0,76000.0,9656300
2025-08-08,76400.0,77800.0,75800.0,76200.0,9815900
2025-08-11,77900.0,82000.0,77800.0,82000.0,29731100
2025-08-12,77900.0,82000.0,77800.0,82000.0,29731100
2025-08-13,85000.0,86000.0,82300.0,83600.0,13213200
2025-08-14,84400.0,87400.0,82100.0,85900.0,24211400
2025-08-15,86600.0,86800.0,83800.0,84800.0,13527300
2025-08-18,83100.0,84400.0,83000.0,83900.0,8972500
2025-08-19,83100.0,84400.0,83000.0,83900.0,8972500
2025-08-20,84500.0,86500.0,83200.0,85000.0,14531000
2025-08-21,86800.0,87400.0,81000.0,83900.0,19059400
2025-08-22,83900.0,84800.0,83300.0,84300.0,9701000
2025-08-25,81300.0,81800.0,78300.0,79500.0,10287200
2025-08-26,81300.0,81800.0,78300.0,79500.0,10287200
2025-08-27,78700.0,81100.0,78200.0,81100.0,8579900
2025-08-28,81300.0,82800.0,81200.0,82200.0,8098600
2025-08-29,82500.0,83300.0,81900.0,83100.0,6539900
2025-09-01,83100.0,83100.0,83100.0,83100.0,0
2025-09-02,83100.0,83100.0,83100.0,83100.0,0
2025-09-03,83500.0,85300.0,82900.0,83000.0,9531800
2025-09-04,83500.0,85300.0,82900.0,83000.0,9531800
2025-09-05,83500.0,85300.0,82000.0,84800.0,13228500
2025-09-08,82600.0,83300.0,80000.0,81000.0,13945500
2025-09-09,82600.0,83300.0,80000.0,81000.0,13945500
2025-09-10,81000.0,81300.0,79800.0,81000.0,6003800
2025-09-11,81400.0,81400.0,80000.0,81000.0,4256100
2025-09-12,80800.0,82300.0,79100.0,82000.0,10202400
2025-09-15,82000.0,82000.0,82000.0,82000.0,0
2025-09-16,86800.0,89000.0,86300.0,88500.0,16596700
2025-09-17,89000.0,89000.0,86800.0,86800.0,13155500
2025-09-18,86600.0,86900.0,84200.0,84200.0,11516500
2025-09-19,84400.0,85200.0,83500.0,84000.0,6725200
2025-09-22,83900.0,84000.0,81000.0,81900.0,8824400
2025-09-23,83900.0,84000.0,81000.0,81900.0,8824400
2025-09-24,81900.0,82600.0,81500.0,81900.0,3808100
2025-09-25,82000.0,83700.0,81100.0,82900.0,5235500
2025-09-26,83500.0,83600.0,82200.0,82200.0,4585800
2025-09-29,82200.0,82500.0,81300.0,81800.0,4298200
2025-09-30,82200.0,82500.0,81300.0,81800.0,4298200
2025-10-01,82000.0,82000.0,80500.0,81000.0,4726100
2025-10-02,81100.0,82300.0,81100.0,81300.0,3192800
2025-10-03,81500.0,82100.0,81000.0,81500.0,3777300
2025-10-06,81400.0,83300.0,81000.0,83000.0,8979600
2025-10-07,81400.0,83300.0,81000.0,83000.0,8979600
2025-10-08,83300.0,83400.0,82500.0,82500.0,5203300
2025-10-09,83700.0,84400.0,82600.0,82600.0,11323000
2025-10-10,82900.0,84200.0,82700.0,83100.0,7329600
2025-10-13,83600.0,85800.0,83600.0,85000.0,12632300
2025-10-14,83600.0,85800.0,83600.0,85000.0,12632300
2025-10-15,85600.0,85600.0,82500.0,82500.0,12780300
2025-10-16,83000.0,83700.0,82500.0,82500.0,6589100
2025-10-17,85000.0,88200.0,84800.0,88200.0,17212400
2025-10-20,87000.0,88800.0,81900.0,81900.0,31684600
2025-10-21,87000.0,88800.0,81900.0,81900.0,31684600
2025-10-22,79900.0,80000.0,76200.0,78000.0,28573200
2025-10-23,79900.0,80600.0,77400.0,79000.0,13805300
2025-10-24,79600.0,80000.0,77600.0,78200.0,9732300
2025-10-27,79600.0,79800.0,77400.0,78500.0,7509000
2025-10-28,79600.0,79800.0,77400.0,78500.0,7509000
2025-10-29,78600.0,79000.0,76200.0,79000.0,7889400
2025-10-30,79100.0,80600.0,78500.0,79200.0,8381100
2025-10-31,79700.0,80600.0,79300.0,79300.0,6826300
2025-11-03,79600.0,79800.0,77000.0,77000.0,7670000
2025-11-04,76800.0,80500.0,74400.0,80000.0,12598000
2025-11-05,76800.0,80500.0,74400.0,80000.0,12598000
2025-11-06,80100.0,80100.0,78800.0,78800.0,4652600
2025-11-07,78200.0,79700.0,76800.0,76800.0,7306800
2025-11-10,77100.0,78300.0,76000.0,76000.0,5025900
2025-11-11,76500.0,78900.0,76400.0,78200.0,7667500
2025-11-12,78500.0,79500.0,78300.0,79200.0,5010800
2025-11-13,79300.0,79700.0,78900.0,79000.0,4590600
2025-11-14,78600.0,79300.0,77600.0,78000.0,5137900
2025-11-17,78800.0,80000.0,78300.0,79700.0,5528700
2025-11-18,79800.0,80300.0,78500.0,79000.0,4594500
2025-11-19,79000.0,79600.0,78500.0,78800.0,3470500
2025-11-20,78900.0,79100.0,78500.0,78500.0,3398600
2025-11-21,78400.0,78400.0,77200.0,77500.0,4020000
2025-11-24,77700.0,79000.0,77700.0,77800.0,3380300
2025-11-25,78000.0,78700.0,77000.0,77000.0,3736600
2025-11-26,77500.0,78600.0,77300.0,78600.0,3197800
2025-11-27,78900.0,79800.0,78400.0,78500.0,4485400
2025-11-28,78800.0,79000.0,77400.0,77400.0,4238900
2025-12-01,77800.0,79200.0,77700.0,78800.0,5362600
2025-12-02,78900.0,79500.0,78000.0,78600.0,4648900
2025-12-03,79200.0,81200.0,78900.0,80600.0,12175800
2025-12-04,79200.0,81200.0,78900.0,80600.0,12175800
2025-12-05,80200.0,80600.0,78200.0,78200.0,6658500
2025-12-08,78000.0,78800.0,77900.0,77900.0,4073000
2025-12-09,77900.0,78000.0,76600.0,77000.0,6841600
2025-12-10,77100.0,77400.0,76600.0,77000.0,3186100
2025-12-11,77400.0,77600.0,76000.0,76100.0,3520000
2025-12-12,76500.0,76600.0,73100.0,73500.0,8979200
2025-12-15,73200.0,74300.0,73000.0,73500.0,4188700
2025-12-16,73900.0,75200.0,73000.0,74500.0,4400000
2025-12-17,74600.0,75000.0,74000.0,74000.0,3573600
2025-12-18,74600.0,75000.0,74000.0,74000.0,3573600
2025-12-19,74300.0,75800.0,74000.0,75800.0,4350100
2025-12-22,76000.0,76200.0,75500.0,76000.0,3463700
2025-12-23,76300.0,77300.0,75600.0,76100.0,5203600
2025-12-24,75600.0,76200.0,75100.0,76200.0,3229900
2025-12-25,75600.0,76200.0,75100.0,76200.0,3229900
2025-12-26,76000.0,76000.0,73100.0,75300.0,6065600
2025-12-29,75300.0,75500.0,74600.0,75500.0,2513400
2025-12-30,75700.0,76900.0,75500.0,76900.0,4153700
2025-12-31,76700.0,77200.0,76100.0,77000.0,4728800
2026-01-01,77000.0,77000.0,77000.0,77000.0,0
2026-01-02,77000.0,77000.0,77000.0,77000.0,0
2026-01-05,76900.0,77000.0,75000.0,76800.0,4140400
2026-01-06,76700.0,77200.0,75900.0,77000.0,3765300
2026-01-07,77100.0,78400.0,76700.0,78400.0,8379800
2026-01-08,79000.0,79000.0,77700.0,78300.0,4525700
2026-01-09,78500.0,78600.0,76500.0,76500.0,5786600
2026-01-12,76600.0,78800.0,75900.0,78600.0,8295600
2026-01-13,79500.0,82200.0,79300.0,79300.0,10133600
2026-01-14,79100.0,82000.0,78600.0,80600.0,13858700
2026-01-15,80500.0,82500.0,79800.0,81000.0,9103300
2026-01-16,81300.0,85500.0,79900.0,81400.0,15818700
2026-01-19,82100.0,82300.0,80200.0,80200.0,6226700
2026-01-20,80200.0,81400.0,79100.0,80000.0,11205300
2026-01-21,79000.0,79900.0,78500.0,79900.0,6385500
2026-01-22,79600.0,80600.0,79100.0,79900.0,5049500
2026-01-23,80000.0,80200.0,79000.0,79000.0,4123600
2026-01-26,79100.0,79500.0,76000.0,77300.0,5784500
2026-01-27,77400.0,77500.0,76700.0,76700.0,3805800
2026-01-28,77200.0,79500.0,77100.0,79500.0,8819900
2026-01-29,80300.0,85000.0,80200.0,84100.0,24722400
2026-01-30,84600.0,85000.0,83300.0,84000.0,10777800
2026-02-02,83900.0,85500.0,82200.0,83800.0,11833900
2026-02-03,84500.0,84800.0,83300.0,83800.0,8426800
2026-02-04,84100.0,84900.0,82500.0,82700.0,8323300
2026-02-05,82800.0,82900.0,79400.0,79400.0,10434400
2026-02-06,78400.0,79500.0,77700.0,78200.0,9419400
2026-02-09,79000.0,79200.0,78000.0,78200.0,3681100
2026-02-10,78200.0,78400.0,75600.0,76800.0,6018600
2026-02-11,77300.0,78600.0,76900.0,78000.0,5600000
2026-02-12,78400.0,78400.0,78000.0,78000.0,2759900
2026-02-13,78000.0,78300.0,77700.0,78000.0,3963900
2026-02-16,78000.0,78000.0,78000.0,78000.0,0
2026-02-17,78000.0,78000.0,78000.0,78000.0,0
2026-02-18,78000.0,78000.0,78000.0,78000.0,0
2026-02-19,78000.0,78000.0,78000.0,78000.0,0
2026-02-20,78000.0,78000.0,78000.0,78000.0,0
2026-02-23,78800.0,79200.0,78300.0,79200.0,3791500
2026-02-24,79300.0,80900.0,78600.0,80900.0,8479700
2026-02-25,81300.0,81600.0,80300.0,80300.0,5852200
2026-02-26,80700.0,81200.0,79900.0,80400.0,4991400
2026-02-27,80500.0,80600.0,79000.0,79000.0,5053900
2026-03-02,77800.0,80700.0,77300.0,78400.0,10248500
2026-03-03,77800.0,80700.0,77300.0,78400.0,10248500
2026-03-04,77100.0,77600.0,74000.0,76000.0,11189700
2026-03-05,76800.0,77500.0,75300.0,75300.0,6074200
2026-03-06,74900.0,75000.0,73200.0,73300.0,7955900
2026-03-09,68200.0,70000.0,68200.0,68200.0,4325700
2026-03-10,69000.0,69800.0,66100.0,68300.0,13574400
2026-03-11,69300.0,73000.0,69100.0,73000.0,10575800
2026-03-12,73200.0,74500.0,71800.0,73100.0,8489100
2026-03-13,73400.0,74700.0,72700.0,73900.0,8344100
2026-03-16,74700.0,75200.0,73400.0,73500.0,4578400
2026-03-17,74000.0,75700.0,73800.0,75400.0,8479300
2026-03-18,75800.0,75800.0,74000.0,75300.0,5029900
2026-03-19,73600.0,75700.0,73500.0,75400.0,8216000
2026-03-20,75100.0,75500.0,71300.0,71300.0,8880900
2026-03-23,70600.0,72800.0,70600.0,70800.0,8307600
2026-03-24,72500.0,72800.0,71700.0,72100.0,3692600
2026-03-25,73500.0,73500.0,72200.0,73200.0,4078200
2026-03-26,73000.0,73200.0,71800.0,72100.0,4014500
2026-03-27,72200.0,73400.0,72200.0,73300.0,4263900
2026-03-30,72000.0,75300.0,71800.0,74800.0,6573900
2026-03-31,75500.0,76400.0,75000.0,75500.0,5911100
2026-04-01,76800.0,77400.0,75900.0,76900.0,8282500
2026-04-02,76600.0,76700.0,75300.0,76100.0,5420300
2026-04-03,76200.0,77100.0,74800.0,75300.0,5241600
2026-04-06,75100.0,76200.0,74500.0,75300.0,4242400
2026-04-07,75400.0,75700.0,74300.0,75100.0,3191700
2026-04-08,77200.0,77800.0,76300.0,77700.0,10008300
2026-04-09,77600.0,79500.0,76800.0,78000.0,6333100
2026-04-10,78500.0,78700.0,77500.0,78000.0,3896000
2026-04-13,77200.0,77600.0,76400.0,77000.0,5031600
2026-04-14,77700.0,78000.0,77000.0,77600.0,4522400
2026-04-15,78400.0,78400.0,77000.0,77200.0,4323100
2026-04-16,77200.0,78800.0,76700.0,78000.0,7346700
2026-04-17,78300.0,82500.0,78300.0,79500.0,13601600
2026-04-20,80000.0,80400.0,79300.0,79800.0,5211800
2026-04-21,80000.0,80900.0,78800.0,79000.0,7452100
2026-04-22,78900.0,79200.0,78100.0,79000.0,4824100
2026-04-23,79200.0,79300.0,77100.0,78200.0,6071800
2026-04-24,79000.0,79600.0,77200.0,77200.0,7800700
2026-04-27,77200.0,77200.0,77200.0,77200.0,0
2026-04-28,77200.0,77900.0,76700.0,77400.0,3730200
2026-04-29,77000.0,77400.0,76100.0,76800.0,4028900
2026-04-30,76800.0,76800.0,76800.0,76800.0,0
2026-05-01,76800.0,76800.0,76800.0,76800.0,0
2026-05-04,77200.0,77500.0,76200.0,76800.0,3381400
2026-05-05,76900.0,78400.0,76600.0,76600.0,4691700
2026-05-06,77300.0,78500.0,76900.0,78400.0,5808400
2026-05-07,79700.0,82300.0,79200.0,81000.0,15769900
2026-05-08,81000.0,82400.0,80000.0,80200.0,8819100
2026-05-11,80800.0,80800.0,77500.0,77500.0,8192600
2026-05-12,77700.0,78000.0,76600.0,77700.0,6062900
2026-05-13,77700.0,79300.0,77500.0,78900.0,6479900
2026-05-14,79300.0,79500.0,78600.0,79100.0,4324500
2026-05-15,79100.0,79100.0,77100.0,77500.0,4808600
2026-05-18,77100.0,77300.0,76400.0,76500.0,5621700
2026-05-19,76800.0,77400.0,76300.0,76500.0,5113200
2026-05-20,76400.0,76800.0,74400.0,75600.0,7861100
2026-05-21,76000.0,76900.0,75800.0,76200.0,3550000
2026-05-22,76100.0,76700.0,75600.0,76000.0,2603200
2026-05-25,76000.0,77300.0,75700.0,77200.0,4612600
2026-05-26,77300.0,77300.0,76700.0,77000.0,2637100
2026-05-27,77300.0,77500.0,76500.0,76500.0,3270300
2026-05-28,76600.0,76900.0,75500.0,75500.0,3042800
2026-05-29,75800.0,75800.0,74700.0,74700.0,3638900
2026-06-01,74800.0,75200.0,74200.0,74700.0,2089100
2026-06-02,74700.0,74800.0,73200.0,73200.0,3422300
