Date,Open,High,Low,Close,Volume
2016-12-06,47315.1328125,47315.1328125,47315.1328125,47315.1328125,6020
2016-12-07,50612.8515625,50612.8515625,50612.8515625,50612.8515625,60
2016-12-08,54125.6484375,54125.6484375,54125.6484375,54125.6484375,2000
2016-12-09,54125.63298181114,57889.3359375,54125.63298181114,57889.3359375,6020
2016-12-12,61939.81640624999,61939.81640624999,61939.81640624999,61939.81640625,71380
2016-12-13,66241.1875,66241.1875,66241.1875,66241.1875,193660
2016-12-14,70865.1484375,70865.1484375,70865.1484375,70865.1484375,308760
2016-12-15,75811.75,75811.75,75274.0780141844,75811.75,760100
2016-12-16,81116.77925694444,81116.77925694444,71689.59722222222,80650.796875,775040
2016-12-19,75990.9765625,80650.80059699292,75990.9765625,75990.9765625,336380
2016-12-20,75632.5193331643,75811.74331262677,70685.9375,70685.9375,799420
2016-12-21,70685.95422995518,72944.17690565862,66312.88809605328,71976.3671875,483500
2016-12-22,75238.220401016,75238.220401016,72764.9296875,72764.9296875,104920
2016-12-23,72764.921796875,72764.921796875,70650.0792421875,71689.578125,109620
2016-12-26,72053.50816941625,72053.50816941625,69142.2553140863,71689.6015625,339740
2016-12-27,71689.57788825758,72708.51605113636,70270.34258996212,72053.484375,139760
2016-12-28,72708.5393806561,72708.5393806561,71725.99155118778,72381.0234375,57060
2016-12-29,72053.50816941625,72053.50816941625,70233.97513483503,71689.6015625,197120
2016-12-30,72053.48444613049,72053.48444613049,71143.71822837632,71944.3125,193480
2017-01-03,71944.33618734137,71944.33618734137,71289.30429489214,71689.6015625,126340
2017-01-04,71689.6015625,72271.85213356599,70961.78834866751,71689.6015625,174980
2017-01-05,71689.60152682649,72053.50813356166,71325.69492009132,71725.9921875,54340
2017-01-06,72017.09941216627,76383.97759784588,71762.36485133496,74964.7421875,424780
2017-01-09,74964.75030487805,75692.56341463415,74600.84375,74600.84375,62780
2017-01-10,75292.27426268338,75292.27426268338,73327.17865602078,74418.8984375,89080
2017-01-11,74236.94330357143,76420.3828125,73509.13013392857,76420.3828125,456960
2017-01-12,77512.09446225071,77512.09446225071,76420.37482193732,76638.71875,110580
2017-01-13,76675.11682232648,77220.97669529037,76638.7261641289,77075.4140625,75340
2017-01-16,76784.28184808612,76784.28184808612,75692.56220095693,76056.46875,67780
2017-01-17,75874.51331553118,79113.28150981525,75728.95070005774,78785.765625,227520
2017-01-18,78349.09078278598,81878.9847939008,78349.09078278598,81442.296875,206960
2017-01-19,81878.9847939008,81878.9847939008,80059.45179848079,81442.296875,80080
2017-01-20,81151.1715957328,81915.3754538092,81151.1715957328,81442.296875,155880
2017-01-23,81442.30538429054,81442.30538429054,80241.41348184121,80787.2734375,88720
2017-01-24,80059.46016328828,81515.08671171172,80059.46016328828,80787.2734375,274200
2017-01-25,80787.2649966488,81442.296875,80059.45179848079,81442.296875,37600
2017-01-26,81442.296875,81442.296875,81442.296875,81442.296875,0
2017-02-03,79113.28919210829,81114.77534922236,78749.38261808756,78967.7265625,103400
2017-02-06,79877.48568313953,79877.48568313953,76966.23335755814,78239.90625,100140
2017-02-07,78239.90596064815,80059.4386574074,77512.09288194444,78603.8125,153160
2017-02-08,78603.82054110544,78967.72711768463,78239.91396452625,78349.0859375,72700
2017-02-09,78349.08737040877,78349.08737040877,75692.56931279621,76784.2890625,300140
2017-02-10,76784.28060506567,77876.00023452158,76784.28060506567,77584.875,71760
2017-02-13,77584.87494142455,78130.73475574038,76420.37400421743,77657.65625,50480
2017-02-14,77657.65549768519,78931.32838541667,77548.48353587963,78603.8125,144440
2017-02-15,78603.82100280504,78603.82100280504,77439.31995091164,77839.6171875,168600
2017-02-16,77875.99959377901,78603.8126740947,77875.99959377901,78385.46875,88460
2017-02-17,78239.91416074755,78239.91416074755,77876.0075832557,78130.7421875,68860
2017-02-20,77621.27956565368,79331.640625,77584.88890481651,79331.640625,207860
2017-02-21,79186.06967213115,80059.44544057378,79186.06967213115,79913.8828125,69860
2017-02-22,79877.49068281877,81697.02350019505,79877.49068281877,81624.2421875,200720
2017-02-23,81842.58528703194,82606.7890625,81515.06938325992,82606.7890625,260040
2017-02-24,82970.6956222467,83698.5087417401,82242.8825027533,82606.7890625,215680
2017-02-27,81697.03104175921,82934.31347179032,81515.07774322524,81915.375,122540
2017-02-28,82060.93763882719,82315.67225677476,81915.375,81915.375,101440
2017-03-01,82242.8828436255,82242.8828436255,81878.97628237051,82206.4921875,138880
2017-03-02,82606.7897190418,82606.7897190418,79768.31853045798,81842.5859375,60500
2017-03-03,81151.16331383097,82024.5390625,80423.35018994012,82024.5390625,41340
2017-03-06,81878.98454899777,82060.93784799555,80787.26475501113,81697.03125,65980
2017-03-07,81842.61034366577,81879.00101078166,81005.625,81005.625,71440
2017-03-08,81005.61069552306,81005.61069552306,79477.20294655093,79659.15625,28240
2017-03-09,78640.20315393519,80423.34519675926,77148.1863425926,78603.8125,112900
2017-03-10,78603.82197867299,78603.82197867299,76784.2890625,76784.2890625,35100
2017-03-13,76784.29042119565,76784.29042119565,75110.32010869565,75328.6640625,61120
2017-03-14,75328.66931950935,78967.73547021029,73945.824182243,77876.015625,108520
2017-03-15,77876.00860999528,78239.91519228497,76784.28886312617,77002.6328125,26500
2017-03-16,77002.63238316111,77876.00817578676,74782.80224357093,77475.7109375,14900
2017-03-17,77475.6966008113,77475.6966008113,75692.5546875,75692.5546875,28500
2017-03-20,75692.56220095693,76383.98464413875,75692.56220095693,76056.46875,15340
2017-03-21,76056.46990740742,76056.46990740742,74528.06237816764,74673.625,122200
2017-03-22,74673.6256773399,74928.36026785715,72963.26485529557,73873.03125,85260
2017-03-23,73618.31261602722,74528.07920792079,72963.28066986386,73509.140625,41680
2017-03-24,73509.117734375,73545.50838671875,72453.78881640626,72781.3046875,203540
2017-03-27,72781.3046875,72963.25794921875,72417.3981640625,72781.3046875,51660
2017-03-28,73145.21148712312,73509.11801193467,72417.3984375,72417.3984375,110160
2017-03-29,72089.88229296876,74600.8373046875,72053.491640625,72781.3046875,71700
2017-03-30,72781.32735148515,73509.140625,72781.32735148515,73509.140625,23400
2017-03-31,73509.117734375,73509.117734375,72781.3046875,72781.3046875,21660
2017-04-03,72781.3123752495,73472.73484281436,72781.3123752495,72926.875,40960
2017-04-04,72562.96843812375,72926.875,72562.96843812375,72926.875,22140
2017-04-05,73691.07797105912,73873.03125,72999.65551108374,73873.03125,48960
2017-04-07,73873.0306402439,74600.84375,73509.12408536585,74600.84375,44160
2017-04-10,74236.93600478469,76056.46875,74200.54534988038,76056.46875,82440
2017-04-11,76056.46920180724,76238.42247740964,75328.65609939759,75510.609375,95840
2017-04-12,75328.65748152709,75510.61076046799,73873.03125,73873.03125,15660
2017-04-13,73509.12408536585,74964.75030487805,73509.12408536585,74600.84375,35520
2017-04-14,75292.27443704044,75292.27443704044,73691.08542049633,74236.9453125,49220
2017-04-17,74600.85088315218,75328.6640625,74236.94429347826,75328.6640625,121980
2017-04-18,74964.75030487805,74964.75030487805,74054.98391768293,74600.84375,99200
2017-04-19,74600.85278380894,74600.85278380894,72963.27308855459,73327.1796875,19900
2017-04-20,73327.16447265625,73327.16447265625,72781.3046875,72781.3046875,47820
2017-04-21,72781.31218905472,73145.21875,72053.49906716417,73145.21875,57460
2017-04-24,73145.2112109375,73327.16447265625,72781.3046875,72781.3046875,109880
2017-04-25,72417.3984375,72781.30496231155,72417.3984375,72417.3984375,25440
2017-04-26,72599.36683681421,72963.2734375,72417.41353647131,72963.2734375,30760
2017-04-27,72963.28148449224,73145.23480490244,72744.9375,72744.9375,132400
2017-04-28,72744.9375,72744.9375,72744.9375,72744.9375,0
2017-05-03,72744.9375,72744.9375,72417.42152326163,72744.9375,11760
2017-05-04,72744.9143098304,72744.9143098304,72162.6638701319,72417.3984375,78580
2017-05-05,72344.63263610136,72562.97659777974,72344.63263610136,72526.5859375,2280
2017-05-08,72599.35169990578,72599.35169990578,72417.3984375,72417.3984375,76180
2017-05-09,72417.41488465937,72417.41488465937,71580.4296875,71580.4296875,30080
2017-05-10,71507.64052972561,72417.40694867886,71507.64052972561,71616.8125,15660
2017-05-11,71616.8127871363,72162.67264069678,71289.296875,71289.296875,37420
2017-05-12,71325.68734096692,72017.10982029262,71325.68734096692,71507.640625,14760
2017-05-15,71507.64143041236,71507.64143041236,70597.875,70597.875,47420
2017-05-16,70597.86801739926,70597.86801739926,69542.5390625,69542.5390625,17300
2017-05-17,68414.4372681505,70961.78333664547,68414.4372681505,68669.171875,43640
2017-05-18,68705.56990521327,69142.25784952607,68705.56990521327,69105.8671875,17720
2017-05-19,69142.2421875,69142.2421875,68741.94499588816,69142.2421875,37460
2017-05-22,69142.24207261029,69870.05514705883,68960.28880399816,69287.8046875,136720
2017-05-23,71143.73485824742,71216.5161726804,69506.15528350516,70597.875,468600
2017-05-24,70597.86804646597,70597.86804646597,69251.41386207461,69506.1484375,76100
2017-05-25,69142.24190117801,69506.1484375,69105.85124754581,69506.1484375,97980
2017-05-26,70452.3218337731,70452.3218337731,68414.44475593668,68960.3046875,56300
2017-05-29,68960.28891858553,69324.19545641448,68960.28891858553,69142.2421875,159540
2017-05-30,69506.1484375,69542.5390911322,69142.24190117801,69506.1484375,99940
2017-05-31,69215.03947150978,69542.55543115415,68814.7421875,68814.7421875,267940
2017-06-01,68851.11695723684,69578.93003289474,68851.11695723684,69142.2421875,39580
2017-06-02,69142.24190117801,69506.1484375,68778.33536485603,69506.1484375,23280
2017-06-05,69215.0232084424,69506.1484375,69142.24190117801,69506.1484375,42140
2017-06-06,69506.14835173811,69615.3203125,68887.50724075406,69615.3203125,80420
2017-06-07,69615.33571765893,69833.6796875,69142.25711633664,69833.6796875,65860
2017-06-08,69688.101705661,69688.101705661,69324.19516933901,69506.1484375,3680
2017-06-09,68851.11667212042,69870.054973822,68851.11667212042,69506.1484375,15660
2017-06-12,69506.14761958484,70561.4765625,69142.24108754513,70561.4765625,111860
2017-06-13,70925.390625,70925.390625,70052.01485537455,70925.390625,39000
2017-06-14,70961.77207031251,73509.117734375,70925.38141796875,72781.3046875,280380
2017-06-15,73509.117734375,73509.117734375,72781.3046875,72781.3046875,27360
2017-06-16,72781.31240639043,73873.03209248628,72781.31240639043,72890.484375,26860
2017-06-19,73145.21875,73145.21875,72781.31218905472,73145.21875,94420
2017-06-20,73145.21813423645,73873.03125,68378.04222598522,73873.03125,97340
2017-06-21,73873.03841050512,74564.4609375,73509.13181734992,74564.4609375,39240
2017-06-22,74564.4530945122,74891.96899390244,73909.4212957317,74600.84375,11780
2017-06-23,74528.06959884003,75292.2734375,74346.11630392098,75292.2734375,72480
2017-06-26,75328.67172432499,75510.62503766877,74964.76509763743,75474.234375,27260
2017-06-27,75474.234375,75692.57835101255,75146.71841098121,75474.234375,32800
2017-06-28,75474.23460166829,75474.23460166829,73218.01350942941,75255.890625,16560
2017-06-29,75255.89073849878,75510.62537832929,73545.52958535109,75146.71875,132760
2017-06-30,75146.71032990278,76056.4767987878,75146.71032990278,75801.7421875,162800
2017-07-03,76420.3828125,76602.33610491072,74236.94330357143,76420.3828125,101860
2017-07-04,74600.85718942627,76747.90625,74600.85718942627,76747.90625,89860
2017-07-05,76056.47622767858,76420.3828125,76056.47622767858,76420.3828125,17160
2017-07-06,76420.3828125,76420.3828125,75547.00700892857,76420.3828125,10720
2017-07-07,76420.3828125,76456.77347098214,75910.91359375,76420.3828125,22880
2017-07-10,76420.3828125,76565.94544642857,76056.47622767858,76420.3828125,130080
2017-07-11,76420.39043942992,76747.90639845605,76238.43712885985,76602.34375,170860
2017-07-12,76820.70352640342,76966.26620480494,76420.40616079923,76493.1875,19160
2017-07-13,76493.1875,76493.1875,76493.1875,76493.1875,0
2017-07-14,76966.2421875,77075.41416223404,76784.2888962766,76966.2421875,101360
2017-07-17,77148.20045558087,80787.26651480638,77148.20045558087,79877.5,89900
2017-07-18,81151.17083794248,82970.70381637168,80423.3576465708,82242.890625,175780
2017-07-19,82934.31108627748,85881.95443774236,82606.79515833693,84462.71875,343200
2017-07-20,84462.71811565172,85518.04720886753,82242.88795405983,85154.140625,186460
2017-07-21,85154.14012738853,86427.81316348194,84426.32696390657,85700.0,235180
2017-07-24,85700.0,86027.51592356687,81515.07430997877,85700.0,222880
2017-07-25,85518.0467091295,85881.95329087049,84717.45222929936,85700.0,38780
2017-07-26,85881.94555165817,85881.94555165817,79841.09683912627,85590.8203125,57740
2017-07-27,83698.50625797194,85663.60162228954,83698.50625797194,85590.8203125,50880
2017-07-28,85590.8203125,85590.8203125,85590.8203125,85590.8203125,0
2017-07-31,84426.32650907556,86209.46875,84426.32650907556,86209.46875,191040
2017-08-01,87337.58421804818,89120.7265625,86609.77101623111,89120.7265625,138900
2017-08-02,89120.71859082111,89339.06253183578,87519.52969004687,89302.671875,28680
2017-08-03,89157.1015625,89448.22679209184,88465.6791422194,89157.1015625,11820
2017-08-04,89448.234375,89448.234375,87519.52956544956,89448.234375,31100
2017-08-07,89157.11577303291,95707.43448288839,89157.11577303291,90649.1328125,67240
2017-08-08,94069.85343070653,94069.85343070653,90649.13148777174,92068.3671875,82440
2017-08-09,91704.46448863637,94433.76402698863,88065.3984375,88065.3984375,123600
2017-08-10,90612.7265625,91158.58636106928,88247.33410203314,90612.7265625,39140
2017-08-11,90612.72684601815,91158.58664629537,89193.49136529738,90248.8203125,50280
2017-08-14,89557.41480212602,90940.25989049692,88793.2109375,88793.2109375,51940
2017-08-15,89484.63387389359,89484.63387389359,86245.86510009263,88392.9140625,160700
2017-08-16,89339.0537270239,90612.7265907493,87373.95845156188,90576.3359375,78920
2017-08-17,90903.86610054348,95707.43308423914,90903.86610054348,92068.3671875,171280
2017-08-18,89521.02105978261,92796.18036684782,89521.02105978261,92068.3671875,96080
2017-08-21,90248.82538910506,93523.984375,89157.10572714008,93523.984375,118960
2017-08-22,94215.4102800061,94215.4102800061,88247.34257590373,89593.796875,80200
2017-08-23,90903.85020980565,92759.77349271202,87701.47278047704,92686.9921875,9226000
2017-08-24,92686.9921875,92796.16414531802,89521.00541077739,92686.9921875,13532000
2017-08-25,90248.83423913043,92395.88311820652,89557.41171875,92068.3671875,20120
2017-08-28,92068.36735767327,92068.36735767327,89157.114634901,91886.4140625,47800
2017-08-29,89884.91349774097,90976.63309487952,89812.13219126506,90612.7265625,33140
2017-08-30,90940.24996875,90976.640625,89957.70224999999,90976.640625,21720
2017-08-31,89921.31897721613,92905.35303473605,89921.31897721613,91340.5546875,99480
2017-09-01,91340.55350564833,92614.2265625,91340.55350564833,92614.2265625,37360
2017-09-04,92614.2265625,92614.2265625,92614.2265625,92614.2265625,0
2017-09-05,92614.22639399511,95707.43238357843,92614.22639399511,92796.1796875,85120
2017-09-06,93160.0608365019,95707.40625,93160.0608365019,95707.40625,44920
2017-09-07,95707.44224165745,98691.4765625,94324.59706858407,98691.4765625,215760
2017-09-08,99710.41128638624,102512.4921875,99346.50467585197,102512.4921875,96040
2017-09-11,102512.49101151315,105169.00923793859,102512.49101151315,103713.3828125,58560
2017-09-12,101893.8356316726,105168.99463411921,101893.8356316726,102257.7421875,57000
2017-09-13,102257.75916764334,103676.99497103768,100911.3046875,100911.3046875,54620
2017-09-14,101529.93173738531,101529.93173738531,98800.63249713302,99164.5390625,73820
2017-09-15,97163.04543887867,98982.578125,97163.04543887867,98982.578125,48700
2017-09-18,101857.4621863698,101857.4621863698,97526.97344032548,100620.1796875,38200
2017-09-19,100620.16453124999,101166.024375,98982.58499999999,100074.3046875,41160
2017-09-20,100802.12637362638,100802.12637362638,98946.20274725276,99346.5,25720
2017-09-21,98982.58018867923,98982.58018867923,96435.234375,96435.234375,105320
2017-09-22,98582.30648067713,98582.30648067713,96435.25735466754,96871.9453125,11900
2017-09-25,96871.93123207457,96871.93123207457,90976.64465822179,95161.5703125,29240
2017-09-26,95161.5714783188,95161.5714783188,93560.38251271802,93887.8984375,11200
2017-09-27,93887.89944852941,93887.89944852941,92068.3665134804,92796.1796875,30100
2017-09-28,92796.17610273392,98254.7746970124,91558.89375469748,96835.5390625,33920
2017-09-29,96799.16640625,99164.5595703125,94615.7265625,94615.7265625,27280
2017-10-02,94615.71160368217,95671.04069464632,93160.08527131783,93887.8984375,7160
2017-10-03,95343.52517766746,95343.52517766746,93196.47632824669,93451.2109375,14660
2017-10-04,92868.96687788019,94761.28125,92868.96687788019,94761.28125,6500
2017-10-05,92796.193359375,96362.4784375,92796.193359375,94615.7265625,4440
2017-10-06,95307.12554065745,95307.12554065745,92868.95165321032,94652.09375,3840
2017-10-09,95634.64143598617,95634.64143598617,92978.12361831988,94652.09375,24600
2017-10-10,95234.3442305844,95270.73488562093,94397.35916474434,94652.09375,41800
2017-10-11,94579.31968881302,95307.13284532563,94542.92903098739,95270.7421875,30600
2017-10-12,95016.00622944078,96908.32040942198,95016.00622944078,96799.1484375,38940
2017-10-13,96799.13890165441,98982.578125,95015.99686925551,98982.578125,114300
2017-10-16,98982.578125,99237.31270105699,97890.8585133272,98982.578125,94840
2017-10-17,98982.57616487455,101529.921875,97599.73135080645,101529.921875,81260
2017-10-18,100838.50646924957,102621.6485901421,100802.11581372115,102439.6953125,355400
2017-10-19,103640.6040467626,103713.38536982914,101166.0390625,101166.0390625,77980
2017-10-20,100292.64224537037,103349.45717592593,98254.765625,98254.765625,55060
2017-10-23,100438.21741071428,101893.84375,98291.16856026786,101893.84375,72760
2017-10-24,101893.82798573974,102585.2503899287,98291.1533533868,102075.78125,109340
2017-10-25,102075.78155757874,102075.78155757874,99710.389115068,101675.484375,11440
2017-10-26,102075.80414727394,102621.6640625,100074.31779144504,102621.6640625,91120
2017-10-27,102621.64104278074,102621.64104278074,99018.9664104278,102075.78125,52920
2017-10-30,101893.83384146342,104441.1796875,100802.11419316202,104441.1796875,220300
2017-10-31,104441.19581035539,104441.19581035539,103021.96004847252,103931.7265625,6120
2017-11-01,103931.71054810038,104441.17971745381,102148.56845536336,104404.7890625,37860
2017-11-02,104404.8039495026,105169.0078125,103349.47480536332,105169.0078125,87880
2017-11-03,103895.31128771552,105532.890625,102294.12260237068,105532.890625,24300
2017-11-06,105532.890625,106260.7036637931,104805.0775862069,105532.890625,15540
2017-11-07,105168.98544370396,105532.89196773061,103749.75,103749.75,100940
2017-11-08,105096.21316607461,108771.66937444494,101056.85040242008,102439.6953125,159840
2017-11-09,102439.69636315622,102949.16554577938,101056.85143889338,101202.4140625,9360
2017-11-10,101202.43027520343,101202.43027520343,99674.02248248192,100620.1796875,33300
2017-11-13,100620.15633485698,102912.76749185372,100438.20306842867,100510.984375,74740
2017-11-14,100510.99281432349,101893.83775528811,99783.1796875,99783.1796875,36800
2017-11-15,99746.79007763474,101347.978973445,98145.60118182447,98582.2890625,88420
2017-11-16,97526.96473214286,101893.84375,97526.96473214286,101893.84375,110120
2017-11-17,102257.75033482142,103313.07943080357,100183.48280133928,101893.84375,162060
2017-11-20,100438.22489754099,102184.97663488952,100183.49026917765,102112.1953125,92100
2017-11-21,102112.17605055461,108808.0564473123,102075.78539622441,106624.6171875,233740
2017-11-22,106624.61289619812,112447.11735469359,106624.61289619812,112228.7734375,227140
2017-11-23,112228.79666262136,112811.0472289644,109535.88779328478,112447.140625,69880
2017-11-24,112811.04385586573,116304.54714946674,110991.51089044855,116013.421875,110580
2017-11-27,112847.42407178217,116086.19245049504,109244.74913366337,110263.6875,55680
2017-11-28,109535.86208496093,116450.08593749999,109535.86208496093,116450.0859375,82180
2017-11-29,121544.77216998524,124601.58679941003,117541.8006314528,123364.3046875,229940
2017-11-30,124383.2861132219,126275.60058890579,119725.28125,119725.28125,119760
2017-12-01,119725.28087121212,120635.04744318181,118306.04501893939,120089.1875,82980
2017-12-04,120089.17111796568,124092.14348856454,120089.17111796568,120926.15625,154900
2017-12-05,122600.14323863636,123000.44053030302,120089.1875,120089.1875,129920
2017-12-06,120089.17254192074,121180.89229230183,114994.48037347561,119361.359375,131780
2017-12-07,120089.17550485284,121180.89528216969,114630.57661826862,116231.765625,100240
2017-12-08,114994.48685275081,116268.1599666262,111901.2807190534,112447.140625,171720
2017-12-11,113174.93496693687,113174.93496693687,106624.6171875,106624.6171875,285820
2017-12-12,114084.68762480032,114084.68762480032,112083.2018769968,113902.734375,622320
2017-12-13,116340.94743978902,116814.02604996019,113902.77306429141,114266.6796875,266360
2017-12-14,115358.3934567152,115358.3934567152,112447.140625,112447.140625,262960
2017-12-15,112447.117131913,112811.02365984798,111719.304076043,112519.8984375,276960
2017-12-18,112519.89843749999,115685.88523053443,112519.89843749999,112519.8984375,511860
2017-12-19,112519.91329102921,112811.03855180806,104659.53125,104659.53125,724680
2017-12-20,97526.96109813084,101893.83995327103,97345.0078125,97345.0078125,552540
2017-12-21,91704.46190308988,96435.24763618578,90576.35145904393,90685.5234375,1166120
2017-12-22,93887.90083416335,95343.52720368525,91340.5546875,91340.5546875,453560
2017-12-25,92759.7859121079,96762.75823471749,91704.45684523809,96289.6796875,239080
2017-12-26,96071.33025291828,96144.11156371595,93160.07782101167,93523.984375,348380
2017-12-27,93160.08723235528,94615.71359536084,91777.2421875,91777.2421875,313580
2017-12-28,92432.27509279695,92432.27509279695,90685.5234375,90685.5234375,354660
2017-12-29,92359.4778316787,92359.4778316787,90685.50778429603,90721.8984375,340700
2018-01-01,90721.8984375,90721.8984375,90721.8984375,90721.8984375,0
2018-01-02,92432.27401654776,92687.00862997919,90940.2569950208,91813.6328125,232380
2018-01-03,91813.62125589621,96435.234375,91813.62125589621,96435.234375,463000
2018-01-04,97526.96109813084,97781.69569801402,95707.42824182243,97345.0078125,477600
2018-01-05,97526.97006242906,97708.92336478434,95743.82769934734,96180.515625,263740
2018-01-08,95707.422473659,96071.3290229885,94251.79627634099,94979.609375,231380
2018-01-09,96071.3290229885,96071.3290229885,94615.7028256705,94979.609375,254260
2018-01-10,94979.61768424856,95343.52426541426,94251.80452191715,94433.7578125,164380
2018-01-11,94979.609375,96071.3290229885,94360.96824113984,94979.609375,368000
2018-01-12,95707.4304456751,95707.4304456751,94251.8041271097,94870.4453125,188780
2018-01-15,96272.11684261035,96272.11684261035,90407.26374760077,96087.6875,163940
2018-01-16,96087.67860159266,96087.67860159266,95165.53197393822,95534.390625,304880
2018-01-17,95534.390625,95534.390625,95534.390625,95534.390625,0
2018-01-18,95091.7578125,95091.7578125,93431.89392516001,95091.7578125,209840
2018-01-19,95091.75768713307,95165.52941536203,94058.95349192759,94243.3828125,401860
2018-01-22,94243.3828125,94243.3828125,94243.3828125,94243.3828125,0
2018-01-23,94243.3828125,94243.3828125,94243.3828125,94243.3828125,0
2018-01-24,94243.3828125,94243.3828125,94243.3828125,94243.3828125,0
2018-01-25,96640.97377664728,96640.97377664728,94796.68038396318,95165.5390625,189980
2018-01-26,95165.52366372471,95202.40952560988,92989.2578125,92989.2578125,206020
2018-01-29,92989.27962053572,93173.70897321429,90370.3828125,90370.3828125,329200
2018-01-30,90001.50927337399,90739.2265625,89817.07995109248,90739.2265625,190440
2018-01-31,90739.22728997975,92952.3791751012,90739.22728997975,91108.0859375,248620
2018-02-01,91108.1002232143,91108.1002232143,89853.98062500001,90370.3828125,276000
2018-02-02,90370.3686424595,91108.0859375,88931.81991713056,91108.0859375,155800
2018-02-05,90370.37381618877,91034.31941973629,87050.64579845124,88120.3359375,252680
2018-02-06,88120.32181658251,88120.32181658251,81997.26889839386,85833.3984375,268500
2018-02-07,85870.2890625,88894.92982844716,85759.63147350193,85870.2890625,91500
2018-02-08,85870.28466666667,86312.91500000001,82993.1875,82993.1875,134960
2018-02-09,82993.1875,82993.1875,79673.46,82993.1875,192600
2018-02-12,84837.49429989271,85944.0703125,82993.20094554721,85944.0703125,217620
2018-02-13,86312.93274369389,87419.50880451048,85944.07405675502,86276.046875,41740
2018-02-14,86276.046875,86276.046875,86276.046875,86276.046875,0
2018-02-15,86276.046875,86276.046875,86276.046875,86276.046875,0
2018-02-16,86276.046875,86276.046875,86276.046875,86276.046875,0
2018-02-19,86276.046875,86276.046875,86276.046875,86276.046875,0
2018-02-20,86276.046875,86276.046875,86276.046875,86276.046875,0
2018-02-21,87788.35379927386,90370.36420513484,86312.919281639,88894.9296875,104100
2018-02-22,88526.07495794786,89263.79224926408,87714.5859375,87714.5859375,243340
2018-02-23,89632.65410156251,89632.65410156251,87345.73041666667,88526.078125,88360
2018-02-26,88526.0738566131,90001.50842089,87419.49793340544,89521.9921875,441640
2018-02-27,90370.37250905798,90370.37250905798,88267.878128235,89079.3671875,404480
2018-02-28,89079.3671875,89079.3671875,89079.3671875,89079.3671875,0
2018-03-01,85944.06960533405,86755.55867456897,84800.6077350485,85575.2109375,209980
2018-03-02,84579.29754660088,84837.49862938597,84026.0095120614,84099.78125,178160
2018-03-05,84099.77198561947,85132.57620298673,83362.0546875,83362.0546875,161140
2018-03-06,83362.0586026077,83435.83033588436,80964.47727111678,81333.3359375,519200
2018-03-07,81333.32849618212,82587.44784714366,81148.89917986425,81517.7578125,169000
2018-03-08,81886.61261926398,81886.61261926398,81148.8953884598,81185.78125,97000
2018-03-09,81886.61914416969,81923.50500864905,80927.58666770645,81296.4453125,99540
2018-03-12,81886.62529802452,81886.62529802452,81148.90795299728,81222.6796875,83680
2018-03-13,81517.77070132489,81517.77070132489,79489.04790106567,80042.3359375,201160
2018-03-14,79673.47244874184,80005.4452506116,76722.60309878844,79157.0703125,430480
2018-03-15,77829.18176839953,78935.7578125,75542.25794392523,78935.7578125,392640
2018-03-16,80780.04588347921,84394.86072210065,77460.31797045951,84284.203125,885640
2018-03-19,84837.48055555556,86608.00188888889,82993.1875,82993.1875,207320
2018-03-20,81554.64730710731,84431.74476977323,80853.81587389381,83362.0546875,179220
2018-03-21,83730.91333655974,84099.77198561947,81886.62009126107,83362.0546875,212380
2018-03-22,83362.05823863637,86866.21555397728,82255.48224431818,85206.3515625,398460
2018-03-23,84874.38487348662,87419.50984361726,83398.9501081935,86829.3359375,324020
2018-03-26,86312.93055128992,90370.37600455568,86312.93055128992,90075.2890625,349440
2018-03-27,91808.91514152152,91808.91514152152,88562.95912205431,90001.5078125,166840
2018-03-28,90001.50891363446,90370.36755672313,87788.35705510247,88194.1015625,209340
2018-03-29,89263.79162745713,89263.79162745713,88157.21569819114,88194.1015625,157680
2018-03-30,88194.10265352244,89263.79273171238,88194.10265352244,88747.390625,152160
2018-04-02,89817.07397255777,90370.36190257352,87788.3515625,87788.3515625,177120
2018-04-03,87788.36073962881,88157.2193981987,84468.6328125,84468.6328125,131700
2018-04-04,85206.34793279867,85206.34793279867,82255.4787403208,83362.0546875,111080
2018-04-05,83398.95852360255,86128.51311482173,82255.49646511883,83804.703125,87360
2018-04-06,83362.07265074823,84837.50756492077,83362.07265074823,83804.703125,64980
2018-04-09,82624.3288888889,84468.62194444444,82624.3288888889,82993.1875,87500
2018-04-10,83325.1640013587,85796.51680706521,82439.90329483696,84837.484375,174300
2018-04-11,83767.79435461956,86644.89165081522,83767.79435461956,84837.484375,93520
2018-04-12,84837.484375,85206.34300271739,84099.76711956522,84837.484375,111680
2018-04-13,84505.51624231781,85575.2063213345,83915.34240561895,84026.0,146740
2018-04-16,84468.62537445534,84985.0274509804,83915.33743532136,84653.0546875,62580
2018-04-17,84911.26320278384,85206.35012963973,84099.77415393014,84468.6328125,49220
2018-04-18,85206.35731907895,85206.35731907895,83804.69429824561,84099.78125,102140
2018-04-19,84394.86663524977,84394.86663524977,78271.8125,78271.8125,154380
2018-04-20,78271.81002252252,82292.36953828829,78271.81002252252,81886.625,109100
2018-04-23,82624.33908045977,84099.77370689655,79673.46982758622,80226.7578125,108220
2018-04-24,80042.3359375,82255.48808323733,79304.61855558756,80042.3359375,92620
2018-04-25,80042.3359375,80042.3359375,80042.3359375,80042.3359375,0
2018-04-26,81517.76419805936,81517.76419805936,80042.32955194064,80780.046875,66720
2018-04-27,80595.6211671068,81333.33852332746,78566.8984375,78566.8984375,179520
2018-04-30,78566.8984375,78566.8984375,78566.8984375,78566.8984375,0
2018-05-01,78566.8984375,78566.8984375,78566.8984375,78566.8984375,0
2018-05-02,79304.59694685593,79673.45553730644,78566.87976595496,78603.765625,96940
2018-05-03,78566.89218534285,80226.75610475149,78308.69113121262,80152.984375,61060
2018-05-04,80780.046875,80780.046875,79673.47089041096,80780.046875,39560
2018-05-07,81148.90698356809,86423.5859375,81112.02111675737,86423.5859375,131260
2018-05-08,86423.5832435345,89226.90903376437,84837.49102011495,86644.8984375,121200
2018-05-09,88157.22305689103,88194.10892427884,85317.01126802884,86312.9296875,149740
2018-05-10,85575.2123397436,87603.93504607372,81148.90825320513,86312.9296875,132220
2018-05-11,86312.90783898305,87050.625,84173.5280720339,87050.625,106000
2018-05-14,87788.35740599594,90739.2265625,84874.37411394817,90739.2265625,193660
2018-05-15,91292.5096875,95165.52525,89263.78725,92214.65625,244340
2018-05-16,92214.66548859127,92952.3828125,90001.51351686507,92952.3828125,97620
2018-05-17,92030.23649391823,92657.2962215321,89079.3671875,89079.3671875,194780
2018-05-18,90554.82002463848,93099.9453125,89153.15682262777,93099.9453125,153940
2018-05-21,93099.93341633466,94095.85187998008,91292.52583416335,92583.53125,245460
2018-05-22,91366.29076744655,92140.89395925777,90370.372377975,91440.0625,159680
2018-05-23,91845.8002507716,92251.5447498714,88968.70289351852,89632.6484375,275240
2018-05-24,90001.51320531301,90370.37186599051,85944.06793786037,89558.8828125,206740
2018-05-25,87345.73397435898,90296.60336538462,86312.9296875,86312.9296875,142580
2018-05-28,84099.7762661638,87677.7053441541,84099.7762661638,85575.2109375,103220
2018-05-29,86386.69783706332,86386.69783706332,81886.62220251092,84468.6328125,199660
2018-05-30,83251.39923921943,84837.49147106986,81628.42114151201,84468.6328125,208080
2018-05-31,84468.63287760418,90370.37141927084,82624.33958333333,88526.078125,421840
2018-06-01,89632.66540178572,90370.3828125,87124.42620535714,90370.3828125,154960
2018-06-04,90001.52654180463,90370.38525713989,88157.2329651283,89116.265625,101880
2018-06-05,88931.8172991973,92214.6591654887,88157.2141622072,91329.3984375,104160
2018-06-06,90370.3686424595,92140.89015055668,90001.50999493926,91108.0859375,63500
2018-06-07,91108.0788810484,92214.65473790323,89632.64440524194,91476.9375,71960
2018-06-08,90370.3828125,91845.81763392857,89632.66540178572,90370.3828125,90160
2018-06-11,89632.6484375,91403.16988811728,89337.56152906378,89632.6484375,113320
2018-06-12,89632.65337343096,89632.65337343096,87050.64278242677,88157.21875,77080
2018-06-13,88157.21272198002,88157.21272198002,86312.91956880051,86718.6640625,50140
2018-06-14,86755.56418918919,87788.36852477476,85980.9609375,85980.9609375,91020
2018-06-15,85944.06056852089,86608.0061008099,84210.4250119885,86534.234375,128960
2018-06-18,86312.9282731681,87419.50427667027,85206.35226966595,85575.2109375,59720
2018-06-19,85021.90986111111,86460.45844444445,79636.57413888889,82993.1875,224000
2018-06-20,79673.46506143046,84062.8828125,79673.46506143046,84062.8828125,183540
2018-06-21,84062.8861207135,84062.8861207135,81886.62009126107,83362.0546875,107960
2018-06-22,83362.0546875,83730.91333655974,82071.04941579093,83362.0546875,65160
2018-06-25,83362.05261040834,83694.02538629051,82403.02014674878,83103.8515625,60760
2018-06-26,82993.18730354737,82993.18730354737,81702.18216771442,82144.8125,65740
2018-06-27,81923.4973338572,82919.41558149978,81702.18216771442,82144.8125,109260
2018-06-28,81591.53149213764,81886.61840530994,80079.21106212967,80927.5859375,91040
2018-06-29,80927.5948517184,83177.6328125,79710.36120080377,83177.6328125,139640
2018-07-02,82993.19123641304,84837.484375,81407.09913722826,84837.484375,115760
2018-07-03,84837.50342503289,84837.50342503289,83103.86748547787,84136.671875,104420
2018-07-04,82624.33738938054,84099.77198561947,82624.33738938054,83362.0546875,94960
2018-07-05,83694.014921875,83694.014921875,81148.890625,81148.890625,51640
2018-07-06,81148.890625,81849.721953125,79673.45625,81148.890625,69540
2018-07-09,82218.59056765406,82255.47643152469,80890.69946831105,81407.1015625,32740
2018-07-10,82218.580546875,82218.580546875,80300.51585937501,81148.890625,163240
2018-07-11,81407.091640625,81407.091640625,80079.20070312501,81148.890625,157960
2018-07-12,80411.18444807429,81517.76038084595,80411.18444807429,80448.0703125,51720
2018-07-13,80411.1875,80816.93202408258,78935.75286697249,80411.1875,228060
2018-07-16,80411.17492255622,80411.17492255622,78935.74052030749,80374.2890625,148680
2018-07-17,79673.47018348624,80411.1875,78972.63873279816,80411.1875,126160
2018-07-18,80411.17492255622,80411.17492255622,79304.59912086967,80374.2890625,114420
2018-07-19,79710.35388808139,80411.18531976744,79304.609375,79304.609375,136860
2018-07-20,79304.6228515625,79857.91091796875,73771.7421875,73771.7421875,335000
2018-07-23,75616.02731591449,77644.75,75062.7393111639,77644.75,243680
2018-07-24,77644.75,77644.75,77644.75,77644.75,0
2018-07-25,75874.22593221618,77091.45950332125,75652.9107374698,76353.7421875,178240
2018-07-26,74730.76409269324,76353.7421875,74583.22062952898,76353.7421875,226580
2018-07-27,74915.19342164854,76353.7421875,74915.19342164854,76353.7421875,142260
2018-07-30,76353.7326598767,76353.7326598767,75616.01543610977,76279.9609375,83680
2018-07-31,75284.0432519769,76353.73323448906,75247.15739051095,75800.4453125,225000
2018-08-01,75616.0234375,75984.88208841464,75136.50719131097,75616.0234375,66700
2018-08-02,75284.04992723653,75947.99549249388,74878.3054151348,75247.1640625,82580
2018-08-03,75062.73488306653,75616.02285517758,73587.30029077038,73734.84375,167180
2018-08-06,73734.83995367461,73771.72581658291,72738.92165515076,73402.8671875,117100
2018-08-07,72849.57924387562,73402.8671875,71484.80231626885,73402.8671875,154760
2018-08-08,72665.1660546875,73771.7421875,71927.4486328125,73771.7421875,145240
2018-08-09,73771.73227163461,76722.6015625,73402.87361027644,76722.6015625,268380
2018-08-10,76722.59449760766,77275.88243869616,75247.15998803827,77091.453125,158100
2018-08-13,77091.44609375,77460.3046875,76021.75617187501,77460.3046875,169160
2018-08-14,77460.3046875,77460.3046875,76538.158203125,77460.3046875,67120
2018-08-15,77460.31324052133,78161.1446460308,76722.59597156399,77829.171875,89220
2018-08-16,77829.18038767688,78198.0390625,76464.40329083137,78198.0390625,113720
2018-08-17,78198.03975938966,78566.8984375,77460.32240316902,78566.8984375,91460
2018-08-20,77497.20827098005,78566.8984375,77460.32240316902,78566.8984375,69320
2018-08-21,78566.8984375,78566.8984375,76943.92025381455,78566.8984375,142360
2018-08-22,78566.8984375,78566.8984375,77497.20827098005,78566.8984375,85100
2018-08-23,78198.03941176471,78566.89808823529,77570.97966176471,78382.46875,158560
2018-08-24,77829.18108127934,78566.8984375,77460.32240316902,78566.8984375,191100
2018-08-27,78935.7535673516,82181.70978881279,78640.66663812786,80780.046875,134980
2018-08-28,80780.04898648648,82255.48367117117,80669.39138513514,81886.625,76720
2018-08-29,81886.62009126107,83362.0546875,81148.90279314159,83362.0546875,50920
2018-08-30,81960.39182107302,83362.0546875,81960.39182107302,83362.0546875,74480
2018-08-31,83362.0546875,83362.0546875,82366.13633503873,83362.0546875,94740
2018-09-03,83362.0546875,83362.0546875,83362.0546875,83362.0546875,0
2018-09-04,83362.04360757372,83362.04360757372,82476.7829674933,82550.5546875,121440
2018-09-05,82550.55869364065,82550.55869364065,81554.64042521872,82218.5859375,77220
2018-09-06,81886.63178859964,82218.60462017504,80780.0556833483,82181.71875,83260
2018-09-07,81148.91438509875,82218.60462017504,80853.82742369839,82181.71875,65580
2018-09-10,82144.8267727018,82255.484375,81185.79421945068,82255.484375,62960
2018-09-11,82255.484375,82255.484375,81222.68008688341,82255.484375,39540
2018-09-12,81923.51765877468,82218.60462017504,81259.57199562388,82181.71875,23060
2018-09-13,81517.76632882883,82144.82606981981,81517.76632882883,81886.625,14460
2018-09-14,81886.63178859964,82993.20789385098,81886.63178859964,82181.71875,84300
2018-09-17,82993.19000450247,82993.19000450247,81702.18482665466,81923.5,10820
2018-09-18,82624.34304932735,82624.34304932735,81886.62570067264,82255.484375,49360
2018-09-19,82255.46640625001,82255.46640625001,81148.890625,81148.890625,39540
2018-09-20,81148.90930536608,81886.62666268759,80595.62128737495,81112.0234375,19440
2018-09-21,80595.61754423517,81849.73699343608,80152.98715039955,80780.046875,61620
2018-09-24,80780.04993004797,80780.04993004797,80226.76191682846,80743.1640625,52840
2018-09-25,80743.16100884703,80780.046875,80337.41648116439,80780.046875,36360
2018-09-26,80780.04993004797,80780.04993004797,80042.33257908863,80743.1640625,45120
2018-09-27,80743.146171875,81886.6078125,80484.94515625,81148.890625,69580
2018-09-28,81517.75891853933,82071.046875,81148.90028089889,82071.046875,132180
2018-10-01,81997.28430538366,81997.28430538366,81148.9093440594,81960.3984375,41560
2018-10-02,81960.38338888889,82993.1875,81075.12272222222,82993.1875,206440
2018-10-03,82993.19737898759,83730.91468902303,82993.19737898759,83251.3984375,34460
2018-10-04,83362.0546875,83620.25574184181,82993.19603844026,83362.0546875,9880
2018-10-05,82255.48607610886,83325.17625378024,81886.62739415323,82329.2578125,44580
2018-10-08,81775.96978956653,82329.2578125,81112.02416204636,82329.2578125,49900
2018-10-09,81775.96978956653,82329.2578125,81185.7958984375,82329.2578125,55420
2018-10-10,81775.96249654314,83362.0546875,81775.96249654314,83362.0546875,36900
2018-10-11,83362.05968468469,83362.05968468469,80558.73378378378,81886.625,42460
2018-10-12,81886.61755617979,82255.47619382023,80780.04164325843,82071.046875,81980
2018-10-15,81333.33768918162,82956.31585622198,81148.90835201794,82255.484375,91920
2018-10-16,81921.26482967341,83258.14857122747,81884.1291701858,82441.1640625,44100
2018-10-17,82441.15905269058,82923.92259669282,82106.9381376121,82812.515625,73100
2018-10-18,83146.74159276464,83146.74159276464,82144.0787865991,82441.1640625,20420
2018-10-19,81698.4296875,82701.09223366478,80955.71669034091,81698.4296875,49220
2018-10-22,81698.45087274774,82626.84235993806,80955.73768299549,82441.1640625,63200
2018-10-23,82441.14632402423,83183.85935397039,81698.43329407806,82775.3671875,69200
2018-10-24,82589.70670045045,83221.01291173986,81884.1291701858,82441.1640625,108440
2018-10-25,80621.51674760698,82441.1640625,80584.38108811936,82441.1640625,53360
2018-10-26,82961.05473694621,82961.05473694621,81401.35719936709,82144.0703125,65940
2018-10-29,82441.1640625,82626.84235993806,82144.0787865991,82441.1640625,134100
2018-10-30,82441.1661791179,82775.3871230873,78727.6001350135,82515.4375,181740
2018-10-31,82515.42116573034,82626.828125,80250.14632724719,82626.828125,110320
2018-11-01,82626.84235993806,82626.84235993806,81030.00900197071,82441.1640625,22640
2018-11-02,81698.45087274774,82626.84235993806,81141.41598043355,82441.1640625,162700
2018-11-05,81327.08933576233,82812.515625,80992.86842068385,82812.515625,84740
2018-11-06,82812.50710227272,82998.18536931818,81401.35227272726,82923.9140625,53720
2018-11-07,82923.91265277778,83555.21875,81735.57176388889,83555.21875,80140
2018-11-08,83555.22441484063,84223.66621015935,82998.18958540837,83889.4453125,52360
2018-11-09,83926.58096779548,83926.58096779548,82849.64696422643,83889.4453125,65940
2018-11-12,83889.4541342543,87640.15571351931,83183.87660944206,86526.0859375,100960
2018-11-13,86266.145784012,89868.30512152778,86154.73879419193,88234.3359375,98220
2018-11-14,88382.85789609053,91539.38853523662,88234.31527777777,90239.640625,154480
2018-11-15,90053.97568558673,92430.6579304847,89125.58418367348,90982.3671875,93980
2018-11-16,90982.3671875,91687.94472895408,89868.29738520409,90982.3671875,85100
2018-11-19,90982.36857179226,92282.11669424643,89868.29875254583,91168.046875,46580
2018-11-20,90165.37851642711,90611.00641683779,89162.71574050307,90425.328125,56540
2018-11-21,89868.28125,89868.28125,88382.85511363635,89868.28125,123200
2018-11-22,89868.28125,90239.63778409091,88754.21164772726,89868.28125,25600
2018-11-23,89496.93109472051,90239.64421583852,88568.539693323,89682.609375,28260
2018-11-26,89869.83672826542,89869.83672826542,89120.92142219655,89158.3671875,42760
2018-11-27,88409.44989669422,90993.2076446281,88409.44989669422,90618.75,63940
2018-11-28,90618.7528125,93614.4140625,89982.174796875,93614.4140625,127360
2018-11-29,94363.329375,95861.16,93427.18523437499,93614.4140625,229420
2018-11-30,93427.18523437499,93988.87171875,92303.812265625,93614.4140625,110160
2018-12-03,95486.71361429284,95486.71361429284,92865.50971115539,93988.8828125,38620
2018-12-04,93239.9498172883,94363.32270665323,92865.4921875,92865.4921875,64640
2018-12-05,93539.53532968432,93539.53532968432,91929.3671875,91929.3671875,48840
2018-12-06,91817.02305161944,92753.16725075911,90618.75847672066,92491.046875,30920
2018-12-07,92116.60337899314,93951.44629182674,91405.13367809847,92603.3984375,61920
2018-12-10,90993.20403855847,93202.50405430947,90993.20403855847,92865.4921875,89140
2018-12-11,92266.36847826086,94737.7890625,92266.36847826086,94737.7890625,57920
2018-12-12,94737.7890625,94737.7890625,94737.7890625,94737.7890625,0
2018-12-13,94850.13131994405,95112.25169864109,93689.3125,93689.3125,61740
2018-12-14,93726.74173821886,94662.8857827476,93277.39259684505,93764.1875,62740
2018-12-17,92865.4892172524,93764.1875,92828.04345547126,93764.1875,118920
2018-12-18,93764.1875,93764.1875,92116.5739816294,93764.1875,90340
2018-12-19,93614.4140625,93764.19712499999,91966.80037499999,93614.4140625,204540
2018-12-20,93614.41991396762,93614.41991396762,92303.81803517207,92491.046875,179280
2018-12-21,91742.13151568826,92491.046875,91105.55346027328,92491.046875,135480
2018-12-24,89869.8511543135,93202.52480128595,89869.8511543135,92453.609375,87000
2018-12-25,90693.65812322803,92453.609375,90693.65812322803,92453.609375,81620
2018-12-26,90955.76912336847,93239.9609375,90955.76912336847,93239.9609375,46720
2018-12-27,93576.96468488338,93951.42232667963,92491.03752367425,93913.9765625,71700
2018-12-28,93913.9765625,93913.9765625,93913.9765625,93913.9765625,0
2018-12-31,93913.9765625,93913.9765625,93913.9765625,93913.9765625,0
2019-01-01,93913.9765625,93913.9765625,93913.9765625,93913.9765625,0
2019-01-02,100167.4288930617,100167.4288930617,93165.0703125,93165.0703125,93980
2019-01-03,93165.07762219959,95486.7154086049,87323.53738543788,91929.3671875,197600
2019-01-04,92116.582994963,92116.582994963,88034.99456144635,91068.1015625,17080
2019-01-07,91068.10573770491,92865.50256147541,90244.29886014345,91367.671875,24540
2019-01-08,91068.10573770491,91367.671875,89532.82928406763,91367.671875,23200
2019-01-09,91367.671875,92865.50256147541,89495.38351690574,91367.671875,50300
2019-01-10,90094.518359375,91292.78294270833,89607.72337239583,89869.84375,57120
2019-01-11,89869.84375,90057.07259114583,88409.4587890625,89869.84375,77640
2019-01-14,90805.98795572916,90805.98795572916,89083.4826171875,89869.84375,90580
2019-01-15,89120.93019616028,89832.39980696996,89120.93019616028,89720.0625,47000
2019-01-16,89233.26244442991,90244.29814984309,89120.92514382846,89495.3828125,60600
2019-01-17,89120.90625,90169.3875,87810.3046875,87810.3046875,82800
2019-01-18,87810.3046875,88896.23169642857,87772.85892857143,87810.3046875,28680
2019-01-21,88821.34017857142,88821.34017857142,87810.3046875,87810.3046875,9540
2019-01-22,87997.56018097732,87997.56018097732,87061.41592373289,87548.2109375,29140
2019-01-23,87548.2109375,87810.33132952843,86911.63284257377,87548.2109375,33000
2019-01-24,87922.67233100858,87997.56387473176,86874.19071888413,87248.6484375,71840
2019-01-25,86874.19071888413,87585.6603842543,86537.17877212983,87248.6484375,53700
2019-01-28,87248.6484375,87922.67233100858,86499.73300026824,87248.6484375,48740
2019-01-29,87810.33501542383,87810.33501542383,86537.17877212983,87248.6484375,37240
2019-01-30,87248.6484375,87922.67233100858,86761.85340329936,87248.6484375,72020
2019-01-31,87248.6484375,87435.87729680794,86911.63649074572,87248.6484375,42400
2019-02-01,87248.6484375,87922.67233100858,86499.73300026824,87248.6484375,160960
2019-02-04,87248.6484375,87248.6484375,87248.6484375,87248.6484375,0
2019-02-05,87248.6484375,87248.6484375,87248.6484375,87248.6484375,0
2019-02-06,87248.6484375,87248.6484375,87248.6484375,87248.6484375,0
2019-02-07,87248.6484375,87248.6484375,87248.6484375,87248.6484375,0
2019-02-08,87248.6484375,87248.6484375,87248.6484375,87248.6484375,0
2019-02-11,87623.08910201458,87697.9806311616,86649.49922310331,87360.96875,85620
2019-02-12,89495.38044049621,89495.38044049621,87435.86331738856,89046.03125,22400
2019-02-13,89046.03114411267,89083.47690994282,88072.4412325286,88409.453125,236000
2019-02-14,89120.9140625,89120.9140625,88371.99881827731,89120.9140625,246540
2019-02-15,89682.60653707005,89794.94383127097,88783.90818346267,89270.703125,96440
2019-02-18,89270.703125,89270.703125,89270.703125,89270.703125,0
2019-02-19,89495.37380057054,90693.63821965767,89120.9161696058,90244.2890625,51100
2019-02-20,89495.38351690574,91367.671875,89495.38351690574,91367.671875,78840
2019-02-21,91367.66166834677,92865.4921875,91367.66166834677,92865.4921875,49100
2019-02-22,92865.50455465587,93127.62493041498,92491.046875,92491.046875,28080
2019-02-25,92491.03545576069,92790.6015625,92116.57782233656,92790.6015625,62280
2019-02-26,92116.58919534413,92865.50455465587,92116.58919534413,92491.046875,52720
2019-02-27,92865.50227272727,92865.50227272727,92116.5869318182,92678.2734375,15540
2019-02-28,91854.46946614583,92678.2763671875,89869.84375,89869.84375,63860
2019-03-01,88484.34142561983,92116.5805785124,88484.34142561983,90618.75,62500
2019-03-04,89869.8347107438,91929.35175619835,89495.3770661157,90618.75,88180
2019-03-05,91554.89514887064,91667.23244353183,89907.28149383984,91180.4375,20440
2019-03-06,90019.63240569906,91742.13785106601,89869.84932349324,91330.234375,45820
2019-03-07,90618.75408284944,90955.76597819889,90057.06759060037,90281.7421875,50680
2019-03-08,90281.7421875,90281.7421875,90281.7421875,90281.7421875,0
2019-03-11,91742.1328125,92228.92780293367,90468.97668367346,91742.1328125,40680
2019-03-12,91742.12456597223,94588.00271577381,91629.78727058532,94363.328125,85240
2019-03-13,93352.29446691177,96610.07610294118,87960.10417279412,95486.703125,108280
2019-03-14,94737.7890625,96422.84855175395,94363.33139822134,94737.7890625,52240
2019-03-15,95486.70074246454,95486.70074246454,92790.6056626773,95037.3515625,81100
2019-03-18,93651.86654044267,95037.35996787026,91779.578125,91779.578125,151060
2019-03-19,91779.56506111391,93427.17863218246,91779.56506111391,92865.4921875,74640
2019-03-20,91742.12800601202,93614.41633266534,91742.12800601202,93427.1875,35640
2019-03-21,93951.44440720229,93988.89018018244,91966.8184392542,93389.7578125,35340
2019-03-22,91742.13660981077,93988.8828125,91742.13660981077,93988.8828125,61620
2019-03-25,93614.41952622589,93614.41952622589,91742.13113570136,93165.0703125,11280
2019-03-26,93165.0612789075,93951.42232667963,92565.9290520335,93913.9765625,83180
2019-03-27,93913.9765625,93988.86809085925,92603.37481621312,93913.9765625,24040
2019-03-28,93913.9801875,93913.9801875,92715.7156875,93614.4140625,16640
2019-03-29,94325.88498072687,94325.88498072687,92491.04243842611,93502.078125,245180
2019-04-01,93764.19848818582,93764.19848818582,92678.27126927313,93502.078125,46100
2019-04-02,94026.32003620427,94026.32003620427,92116.5859375,92116.5859375,43780
2019-04-03,93090.18748734306,93090.18748734306,91891.92280528555,92453.609375,2400
2019-04-04,92453.60394565652,93913.98894115291,92154.03779273419,93539.53125,77480
2019-04-05,92528.48032069052,93876.52778792843,92528.48032069052,92865.4921875,26080
2019-04-08,93576.98667740075,93576.98667740075,92865.51699077786,93389.7578125,4780
2019-04-09,92341.2646496328,93389.7461622807,91779.578125,91779.578125,45540
2019-04-10,93239.96223431174,93239.96223431174,89907.2888853745,92491.046875,79260
2019-04-11,92491.04460227273,93539.52607954547,90319.19011363637,92678.2734375,65880
2019-04-12,92678.27280405405,93052.73047194922,91442.5625,91442.5625,11780
2019-04-15,91442.5625,91442.5625,91442.5625,91442.5625,0
2019-04-16,91442.5612370532,92491.0426926787,90319.18824888302,92191.4765625,26500
2019-04-17,91405.12050496353,92678.27662834279,91405.12050496353,92416.15625,24680
2019-04-18,92378.70396374459,92491.04126082252,86499.71875,86499.71875,82300
2019-04-19,90993.21449454263,90993.21449454263,88783.91422492205,90057.0703125,16340
2019-04-22,90057.06679205247,90993.2109375,88559.23615933642,90993.2109375,36000
2019-04-23,89869.84147609147,90618.75682172558,89308.15496686591,90057.0703125,46820
2019-04-24,90244.30143229166,90618.75911458333,89570.27760416667,89869.84375,99520
2019-04-25,89907.2862480387,89907.2862480387,88559.23864082113,89495.3828125,87100
2019-04-26,88746.45883413461,90618.7469951923,88034.98933293269,89570.265625,54540
2019-04-29,89570.265625,89570.265625,89570.265625,89570.265625,0
2019-04-30,89570.265625,89570.265625,89570.265625,89570.265625,0
2019-05-01,89570.265625,89570.265625,89570.265625,89570.265625,0
2019-05-02,89570.27639002872,91367.67324066476,89570.27639002872,91255.3359375,96400
2019-05-03,91255.3359375,91292.78170522158,89757.50522863666,91255.3359375,161880
2019-05-06,91180.44333095115,91180.44333095115,89233.2634323025,90057.0703125,40480
2019-05-07,89570.27811982615,90993.21732072641,89570.27811982615,90468.9765625,14640
2019-05-08,89869.84155656483,90993.21457602188,89869.84155656483,90693.6484375,56980
2019-05-09,89682.6111058181,92453.59783727134,89682.6111058181,92116.5859375,41260
2019-05-10,92491.03455771168,93389.73286920362,90993.20403855847,92865.4921875,46460
2019-05-13,93427.17863218246,94363.32270665323,92865.4921875,92865.4921875,30600
2019-05-14,92865.50074110672,96984.53504817194,91779.57351469861,94737.7890625,30440
2019-05-15,94363.33139822134,96460.29431818181,94363.33139822134,94737.7890625,216720
2019-05-16,95112.25197704081,95299.4808195153,91742.1328125,91742.1328125,40640
2019-05-17,95449.2638618677,96610.0826848249,92678.27699416342,96235.625,63060
2019-05-20,96235.62880228137,99231.29039923954,94363.34030418251,98482.375,61260
2019-05-21,97920.67752773038,98856.82167235496,97471.32833831059,98744.484375,35520
2019-05-22,98707.03860921503,98744.484375,97621.11140145051,98744.484375,49340
2019-05-23,98744.49627776713,98744.49627776713,97359.0027767139,97770.90625,29560
2019-05-24,97396.44031154289,98819.37946257657,97396.44031154289,97808.34375,74200
2019-05-27,98781.92427476415,99231.2734375,97358.98525943396,99231.2734375,41840
2019-05-28,99231.28846153847,99231.28846153847,97359.0,97359.0,57460
2019-05-29,97358.9908278909,98482.36379898195,96947.08740515751,97471.328125,27800
2019-05-30,98107.90725806452,99980.19556451614,95861.16129032259,98669.59375,43360
2019-05-31,98632.15544241574,99980.203125,97396.44506671348,99980.203125,17660
2019-06-03,98669.59547164352,102601.4009837963,96235.62063078705,101103.5703125,196720
2019-06-04,99268.72209249085,102226.9375,99268.72209249085,102226.9375,60320
2019-06-05,101141.01356922902,104848.14438868614,100541.88131557939,102601.3984375,56420
2019-06-06,102601.3984375,102975.85609603103,100354.65248631388,102601.3984375,71800
2019-06-07,102638.84890839815,103537.54733006965,100878.89783262483,103500.1015625,81160
2019-06-10,103500.10044801277,105559.61764216643,103350.31737934706,105522.171875,211540
2019-06-11,104848.1589673913,104848.1589673913,103350.328125,103350.328125,90360
2019-06-12,103350.31375456206,103350.31375456206,99980.19482778285,102601.3984375,154800
2019-06-13,102601.3984375,102788.62726676551,101478.02546190695,102601.3984375,25160
2019-06-14,99942.7458562271,102601.39514652014,99942.7458562271,102226.9375,27100
2019-06-17,102226.9375,102226.9375,99980.19162087912,102226.9375,74900
2019-06-18,102226.9375,102226.9375,99792.96279761905,102226.9375,9020
2019-06-19,102226.93404038114,103163.078125,101552.91029945554,103163.078125,38260
2019-06-20,100729.10571022728,106158.74151988637,100729.10571022728,102975.8515625,153260
2019-06-21,105185.16164006294,105185.16164006294,102975.86134217626,104099.234375,18440
2019-06-24,104099.23632117438,105222.60937500001,104099.23632117438,105222.609375,32960
2019-06-25,105222.60573766856,105522.171875,104099.23272267566,105522.171875,79100
2019-06-26,103350.31648936169,106720.43550531914,103350.31648936169,105597.0625,31460
2019-06-27,104923.06135684744,105597.08530560663,101852.5078125,101852.5078125,78240
2019-06-28,102226.93627840909,104848.13977272729,101141.00911647727,102975.8515625,45180
2019-07-01,104436.25458235877,104473.70035309464,103387.77300175423,104061.796875,34340
2019-07-02,104099.23146802325,104773.25526889534,103013.30423328489,103050.75,18960
2019-07-03,103050.76195652173,103724.78583559782,102975.87041440216,103350.328125,54560
2019-07-04,103350.328125,103350.328125,103350.328125,103350.328125,0
2019-07-05,103350.328125,103350.328125,103350.328125,103350.328125,0
2019-07-08,103350.328125,103350.328125,103350.328125,103350.328125,0
2019-07-09,103350.328125,103350.328125,103350.328125,103350.328125,0
2019-07-10,103350.328125,103350.328125,103350.328125,103350.328125,0
2019-07-11,103350.328125,103350.328125,103350.328125,103350.328125,0
2019-07-12,103350.328125,103350.328125,103350.328125,103350.328125,0
2019-07-15,103350.328125,103350.328125,103350.328125,103350.328125,0
2019-07-16,106720.4375,106720.4375,105597.06447368421,106720.4375,1452000
2019-07-17,106720.43296547203,107469.34828452798,105784.2888166521,107094.890625,86160
2019-07-18,106345.984375,107094.89975792254,105222.6113006162,106345.984375,91340
2019-07-19,106720.43429718513,106720.43429718513,103762.21875,103762.21875,40240
2019-07-22,103762.21829624368,105222.6031802399,103537.5436987058,103799.6640625,57340
2019-07-23,103799.65579922465,104848.137170934,103799.65579922465,103837.1015625,13800
2019-07-24,103837.10846846846,105222.6018018018,103350.31351351351,103912.0,111400
2019-07-25,103912.0,103912.0,103912.0,103912.0,0
2019-07-26,103912.0,103912.0,103912.0,103912.0,0
2019-07-29,103912.0,103912.0,103912.0,103912.0,0
2019-07-30,103912.0,103912.0,103912.0,103912.0,0
2019-07-31,104848.13732078853,105597.0525873656,104473.6796875,104473.6796875,93960
2019-08-01,105372.38236012433,105409.828125,103649.8771758437,105409.828125,33200
2019-08-02,104174.13238839286,105222.61395089285,104099.24084821428,104848.15625,67400
2019-08-05,103837.11182024001,105559.61710106621,103837.11182024001,104923.0390625,26960
2019-08-06,104923.0390625,104923.0390625,104923.0390625,104923.0390625,0
2019-08-07,103649.89160714285,104848.15625,102601.41004464285,104848.15625,138220
2019-08-08,104848.15625,104848.15625,102638.85581473213,104848.15625,123660
2019-08-09,104848.15625,104848.15625,104848.15625,104848.15625,0
2019-08-12,104660.92167000729,104660.92167000729,102751.1875,102751.1875,13820
2019-08-13,104848.14643501806,105222.60410085741,102826.07503948556,103724.7734375,71320
2019-08-14,103799.66497066787,104398.79723601084,103350.31577166065,103724.7734375,58000
2019-08-15,103724.77609649123,106720.4375,103163.08958333333,106720.4375,30960
2019-08-16,106720.4375,106720.4375,106720.4375,106720.4375,0
2019-08-19,104548.59837251357,104548.59837251357,103163.10476943942,103537.5625,1110000
2019-08-20,103537.5625,103537.5625,103537.5625,103537.5625,0
2019-08-21,104099.24264573588,104099.24264573588,102788.64066998022,104061.796875,16620
2019-08-22,104099.24354619565,104623.4843410326,103350.328125,103350.328125,36500
2019-08-23,103537.53530649038,104286.45057091345,103200.5234375,103200.5234375,71960
2019-08-26,103350.31650054864,103350.31650054864,102264.38926195592,102376.7265625,101040
2019-08-27,102376.72592326916,102601.40052295447,101141.015625,101141.015625,116260
2019-08-28,101066.14653894762,103238.00148494945,101066.14653894762,101852.5078125,6860
2019-08-29,102039.70867673993,102788.62396978022,102039.70867673993,102226.9375,72880
2019-08-30,103275.41891025641,103275.41891025641,101852.47985347985,102226.9375,55180
2019-09-02,102226.9375,102226.9375,102226.9375,102226.9375,0
2019-09-03,102226.94804859582,102226.94804859582,101515.4784467924,102002.2734375,9460
2019-09-04,102002.26693548387,102788.62802419355,98669.59375,98669.59375,131760
2019-09-05,99234.50397967575,100929.21087875939,99234.50397967575,100176.0078125,41520
2019-09-06,99648.76566611842,100552.6093456297,99648.76566611842,100176.0078125,16300
2019-09-09,100891.55072544643,100891.55072544643,100063.02735256108,100176.0078125,33140
2019-09-10,100552.60925617871,100552.60925617871,98669.60159220532,99046.203125,14820
2019-09-11,99046.19136904762,100138.3356845238,98669.58988095238,98857.890625,25180
2019-09-12,98970.8749042879,98970.8749042879,98292.99219946402,98368.3125,16480
2019-09-13,98368.30493607954,99422.7890625,98104.68390447444,99422.7890625,44320
2019-09-16,98104.68390447444,100477.27318892046,98104.68390447444,99422.7890625,7980
2019-09-17,100176.0039018428,100176.0039018428,98368.3166133885,100138.34375,5240
2019-09-18,100138.33589332832,100477.27723332077,99648.75395778364,99912.375,16540
2019-09-19,99799.4023481705,99912.382803659,98669.59779328555,99837.0625,47420
2019-09-20,99912.3867684925,100891.55075491572,99799.4063085206,100552.609375,49920
2019-09-23,101192.83194006493,101192.83194006493,98707.26182170086,100025.3671875,11220
2019-09-24,99799.40619058935,101305.81232176805,99046.203125,99046.203125,43220
2019-09-25,100627.92956273764,102812.21845294676,99046.203125,99046.203125,56860
2019-09-26,99046.19924098671,102699.2339658444,99046.19924098671,99234.5,25400
2019-09-27,100929.20696529081,100929.20696529081,99234.5001319184,100364.3046875,19660
2019-09-30,100552.6092742318,100552.6092742318,99234.50390921377,99272.1640625,16260
2019-10-01,99272.16401479008,99799.40616054389,98669.6015625,98669.6015625,39540
2019-10-02,99799.4101547754,99799.4101547754,98669.60551151379,99761.75,15080
2019-10-03,99761.74600727577,99987.70692688454,98669.6015625,98669.6015625,14600
2019-10-04,98707.26953125,99573.453125,91777.80078125,97163.203125,35240
2019-10-07,97163.19537259615,98669.60150240385,96447.6524609375,97916.3984375,22720
2019-10-08,98594.28510638297,98669.60541586073,97351.5,97351.5,9640
2019-10-09,96824.24204979437,97690.42546758715,96033.37892920095,96146.359375,11520
2019-10-10,96146.359375,97050.20294139248,96146.359375,96146.359375,33140
2019-10-11,96033.39457217696,97163.19921420257,96033.39457217696,97050.21875,27520
2019-10-14,95694.45319148936,97539.8007736944,95694.45319148936,97351.5,54360
2019-10-15,97163.18742698598,97276.16787748247,96334.664123345,96711.265625,19860
2019-10-16,96372.33203430175,97539.79678344727,96372.33203430175,96409.9921875,23900
2019-10-17,97163.18719120554,97539.78869194664,95280.1796875,95280.1796875,56980
2019-10-18,96221.6873419526,96786.5896159758,94941.2421875,94941.2421875,19220
2019-10-21,95280.18724489796,96033.39030612244,92267.375,92267.375,27400
2019-10-22,90760.98029972211,94865.9375,90760.98029972211,94865.9375,44960
2019-10-23,94715.28517175099,95619.12884734623,94338.68364025299,94903.5859375,60120
2019-10-24,95242.51953742589,95543.80073801878,94564.6368360919,95280.1796875,20180
2019-10-25,95656.78912353516,96937.23433227539,95656.78912353516,96409.9921875,90020
2019-10-28,97916.3865291262,97916.3865291262,96598.28132584952,96974.8828125,42220
2019-10-29,97012.55475961538,98857.90226862981,96974.89460637019,97916.3984375,110180
2019-10-30,98669.5936901341,98669.5936901341,97200.84782986112,98292.9921875,46160
2019-10-31,98292.9960712572,98782.57804402591,98104.6953125,98104.6953125,52500
2019-11-01,97916.3984375,98631.94134915865,97916.3984375,97916.3984375,41960
2019-11-04,98631.94134915865,98631.94134915865,97916.3984375,97916.3984375,28500
2019-11-05,98292.99996995192,98368.3202764423,97841.07813100962,97916.3984375,26420
2019-11-06,98594.28119591346,98631.94134915865,97577.45705829326,97916.3984375,37500
2019-11-07,97916.3984375,98744.92180889423,97539.79690504808,97916.3984375,68260
2019-11-08,98669.60150240385,98669.60150240385,97916.3984375,97916.3984375,82180
2019-11-11,97916.38634359074,98669.58931546452,95732.0977251568,96071.0390625,42780
2019-11-12,96409.9843137255,97163.18731617647,96033.3828125,96033.3828125,32320
2019-11-13,96786.59359499009,96786.59359499009,94338.68364025299,94903.5859375,93020
2019-11-14,94903.5859375,95995.73037884425,94338.68364025299,94903.5859375,58380
2019-11-15,94903.5859375,95656.78900049604,88275.39898313493,94903.5859375,72680
2019-11-18,95317.83983757411,96033.38268898221,95280.1796875,95280.1796875,23820
2019-11-19,94564.64452813745,96033.390500498,94526.984375,94526.984375,18060
2019-11-20,94526.9802451279,94526.9802451279,92681.63282201583,92756.953125,31160
2019-11-21,93020.56992349586,94338.67516532677,90760.9609375,90760.9609375,171080
2019-11-22,92267.37466755319,92643.97619680851,88124.75784574468,88501.359375,109540
2019-11-25,90346.70679989271,90346.70679989271,87446.87502682404,87748.15625,58040
2019-11-26,90384.35869565218,90384.35869565218,86618.34375,86618.34375,184960
2019-11-27,86618.34768167028,88124.75372830803,86618.34768167028,86806.6484375,106560
2019-11-28,86806.64449728261,87936.44898097827,86618.34375,86618.34375,196120
2019-11-29,86618.35142422566,87748.15600801991,85111.9453125,85111.9453125,140220
2019-12-02,85111.94541484716,86618.35152838427,85111.94541484716,86241.75,45300
2019-12-06,87296.23441523605,88877.96083690987,87183.25395654506,87748.15625,66340
2019-12-09,88463.70703125,89442.87109375,88162.42578125,88802.6484375,76340
2019-12-10,88802.63658301158,88840.29673423423,87785.8125,87785.8125,52660
2019-12-11,88501.35537323037,88802.63658301158,87748.15234877735,87785.8125,14320
2019-12-12,88727.31233919383,89028.59353559178,87823.46875,87823.46875,31660
2019-12-13,88840.29278784305,88840.29278784305,87823.46875,87823.46875,21280
2019-12-16,87823.476555794,88501.35930793991,87748.15625,87748.15625,13260
2019-12-17,87861.13670869099,88576.67961373391,87748.15625,87748.15625,48860
2019-12-18,87898.79686158798,88200.07808476395,87559.85548551501,87748.15625,71340
2019-12-19,87974.11716738198,88501.35930793991,87748.15625,87748.15625,26880
2019-12-20,88087.08595418624,88388.36713744125,87785.80477093122,88162.40625,103660
2019-12-23,88501.3515358589,88727.31243339727,88275.39063832055,88350.7109375,42460
2019-12-24,88388.37884924893,88539.0194608369,87748.15625,87748.15625,50800
2019-12-25,87748.16014784946,88388.38277553764,87559.859375,87559.859375,108520
2019-12-26,87371.5547343616,87936.45702790274,86994.95320533418,87898.796875,49220
2019-12-27,87898.79282131237,87898.79282131237,86806.6484375,86806.6484375,72680
2019-12-30,87559.84748641305,87559.84748641305,84923.63702445652,86618.34375,81520
2019-12-31,86618.3514939693,86618.3514939693,84358.7423245614,85865.1484375,85800
2020-01-01,85865.1484375,85865.1484375,85865.1484375,85865.1484375,0
2020-01-02,85865.15625,85865.15625,84358.75,84358.75,57200
2020-01-03,84358.73441674087,85488.5388955365,84358.73441674087,84584.6953125,35180
2020-01-06,83982.13286835345,84547.03510737825,83793.83212201185,84283.4140625,71700
2020-01-07,83831.5078125,84697.69140625,83831.5078125,84358.75,31160
2020-01-08,84547.04292324709,84547.04292324709,83831.50002100135,84057.4609375,61220
2020-01-09,83605.531594163,85827.48040680066,83228.93010049559,85488.5390625,108060
2020-01-10,85488.55848501071,88313.07032922913,85488.55848501071,87936.46875,111540
2020-01-13,87936.45314504062,88614.33586735785,87936.45314504062,88087.09375,45180
2020-01-14,87371.55472103004,88087.09762607297,87371.55472103004,87748.15625,18680
2020-01-15,87748.15628338675,88313.05857705662,87748.15628338675,88124.7578125,45080
2020-01-16,87748.1445563652,88463.6873660523,87748.1445563652,87861.125,18540
2020-01-17,87861.11732742538,88313.0390625,87748.13689365672,88313.0390625,25160
2020-01-20,87748.14092293431,88877.9453125,87748.14092293431,88877.9453125,34340
2020-01-21,88877.96083690987,88877.96083690987,87748.15625,87748.15625,104320
2020-01-22,87748.16014784946,88877.96478494623,87032.61721102151,87559.859375,23020
2020-01-23,87559.859375,87559.859375,87559.859375,87559.859375,0
2020-01-24,87559.859375,87559.859375,87559.859375,87559.859375,0
2020-01-27,87559.859375,87559.859375,87559.859375,87559.859375,0
2020-01-28,87559.859375,87559.859375,87559.859375,87559.859375,0
2020-01-29,87559.859375,87559.859375,87559.859375,87559.859375,0
2020-01-30,87145.59326978211,87145.59326978211,82099.1328125,82099.1328125,76280
2020-01-31,79839.5234375,84961.30418632075,76826.71123231133,79839.5234375,49460
2020-02-03,74265.81706258976,79839.51935734802,74265.81706258976,78672.0546875,33760
2020-02-04,78672.04228756158,78672.04228756158,75320.28940886699,76450.09375,334280
2020-02-05,76450.10901256443,76450.10901256443,73060.6953125,73060.6953125,87740
2020-02-06,73060.68717105263,74943.69457236842,71290.66021381579,71554.28125,330160
2020-02-07,72307.5,74943.7109375,71930.8984375,73437.3046875,95900
2020-02-10,74943.7109375,74943.7109375,73437.3046875,73437.3046875,139140
2020-02-11,73437.29683472938,73437.29683472938,73060.6953125,73060.6953125,52600
2020-02-12,73776.24609375,73776.24609375,71930.8984375,71930.8984375,114820
2020-02-13,73580.51454515707,73580.51454515707,72122.714986911,73273.609375,153540
2020-02-14,74002.49956780164,74040.86270910168,72544.70019839963,72813.2421875,77300
2020-02-17,72813.2367607527,72889.96303763441,71355.4375,71355.4375,62920
2020-02-18,70012.73196102527,70204.54766502809,68286.390625,68286.390625,172640
2020-02-19,67902.75921699438,69053.65344101124,67135.49640098315,68286.390625,211120
2020-02-20,69053.65625,69245.47196180555,68631.66168402779,69053.65625,560380
2020-02-21,69053.64150747508,69667.4516542082,69053.64150747508,69283.8203125,90760
2020-02-24,69130.37972261236,69130.37972261236,67941.12235779494,68286.390625,87560
2020-02-25,69053.65344101124,69053.65344101124,67672.580372191,68286.390625,32460
2020-02-26,68823.46525423728,68823.46525423728,67595.84491525423,67902.75,159760
2020-02-27,67902.76829532332,67979.49458718245,66444.96875,66444.96875,92600
2020-02-28,66099.68847173997,66099.68847173997,62148.28515625,62148.28515625,153820
2020-03-02,62148.29227941177,66368.23805147059,62148.29227941177,65217.34375,358980
2020-03-03,66176.42233455883,66176.42233455883,64833.712316176476,65217.34375,258540
2020-03-05,64833.70703125,65217.33843380177,64833.70703125,64833.70703125,130760
2020-03-06,64833.70983241082,64833.70983241082,62148.28989852398,62378.46875,76340
2020-03-09,58695.60865059562,60997.397225128785,58043.43522114456,59577.9609375,215140
2020-03-10,59577.9609375,61342.66551130876,57928.3457924179,59577.9609375,79240
2020-03-11,59616.323406661184,61381.02796052632,58311.9765625,58311.9765625,146240
2020-03-12,57276.173212201764,61342.66642083766,54514.02688180758,55473.10546875,76800
2020-03-13,52941.13720703126,58695.60864257813,52941.13720703126,55242.92578125,109120
2020-03-16,54475.66338541667,57544.71484375,53324.76908854167,57544.71484375,93600
2020-03-17,54092.03138842133,57544.71424300142,54092.03138842133,54130.39453125,50640
2020-03-18,54130.40341796875,55971.83457605699,52173.8828125,52173.8828125,98460
2020-03-19,50063.89739173229,52941.132874015755,48721.1875,48721.1875,81480
2020-03-20,48721.19001116071,50255.71568080357,46074.13323102678,48337.55859375,103880
2020-03-23,46419.400930567404,48145.74228748933,44961.6015625,44961.6015625,76460
2020-03-24,42966.71590909091,45959.04076704545,42774.900213068184,44309.42578125,49040
2020-03-25,44501.243880208334,47186.66376953125,44462.88073893229,46035.76953125,275820
2020-03-26,46611.215859375,48567.736031249995,46035.768749999996,47953.92578125,376160
2020-03-27,47953.92448519483,50754.43367513021,47953.92448519483,49718.62890625,291140
2020-03-30,49718.628561106525,49872.08111839389,46265.94602214079,46457.76171875,48420
2020-03-31,46457.76052782012,49450.08531821646,46457.76052782012,47186.66015625,38440
2020-04-01,46879.75519140942,49066.45408331641,46265.94497613728,47225.0234375,67500
2020-04-02,47225.0234375,47225.0234375,47225.0234375,47225.0234375,0
2020-04-03,49680.267109374996,49833.719671875,47953.92578125,47953.92578125,135600
2020-04-06,49488.445756392044,51214.78688742898,48721.18303148674,50639.33984375,171400
2020-04-07,52941.131386861314,53324.76277372263,50639.34306569343,52557.5,135060
2020-04-08,52941.13671875,54667.478133491844,52173.873867753624,52941.13671875,173400
2020-04-09,53708.40234375,56624.001328125,53708.40234375,53708.40234375,472620
2020-04-10,55319.65181737588,56355.45667109929,53708.399822695035,54092.03125,66620
2020-04-13,54859.29410460993,55818.37267287234,54092.03125,54092.03125,80060
2020-04-14,55933.44562303871,55933.44562303871,54207.104708747385,55012.73046875,108680
2020-04-15,55051.09976256127,58849.050199142155,55051.09976256127,58695.59765625,420060
2020-04-16,58695.604155099936,62608.6444321066,58695.604155099936,60460.30859375,316560
2020-04-17,64258.2547871637,64450.070473095526,63299.17635750454,63452.62890625,256600
2020-04-20,65984.61206896552,67864.40625,64488.449353448275,67864.40625,217520
2020-04-21,67864.40064338235,72583.06727941177,65217.34375,65217.34375,409300
2020-04-22,63299.18571428571,67135.5,61304.302285714286,67135.5,207780
2020-04-23,71700.69776526163,71700.69776526163,68554.92076325443,69283.8203125,238480
2020-04-24,69283.83510416668,70971.81336805556,67212.22541666667,69053.65625,155760
2020-04-27,69053.65625,69053.65625,67135.49913194445,69053.65625,162100
2020-04-28,67519.13235294117,69015.29494485294,65217.34375,65217.34375,146420
2020-04-29,65217.34375,65217.34375,65217.34375,65217.34375,0
2020-04-30,65217.34375,65217.34375,65217.34375,65217.34375,0
2020-05-01,65217.34375,65217.34375,65217.34375,65217.34375,0
2020-05-04,62531.91839717742,62723.73409778226,59462.8671875,59462.8671875,396060
2020-05-05,59462.86642015491,59462.86642015491,57889.97769549275,58196.8828125,235240
2020-05-06,62071.56105122627,62071.56105122627,58311.97329905064,60613.76171875,173060
2020-05-07,62109.924073132395,64833.70703125,61381.02440828402,64833.70703125,127360
2020-05-08,65217.32331031976,69053.63644622093,65217.32331031976,65984.5859375,491060
2020-05-11,65984.59922010398,67519.12478336222,64833.70504766031,66406.59375,223340
2020-05-12,66483.32059618155,67173.85710554755,66368.23117795389,66560.046875,118220
2020-05-13,64450.060683139534,66751.84856468023,63682.7980559593,65984.5859375,231480
2020-05-14,65984.6018437863,66368.23324985482,65600.97043771777,66061.328125,91580
2020-05-15,66061.328125,66061.328125,66061.328125,66061.328125,0
2020-05-18,66061.328125,66061.328125,66061.328125,66061.328125,0
2020-05-19,67135.48728813558,67902.75,65984.59322033898,67902.75,362200
2020-05-20,67902.75,67902.75,67902.75,67902.75,0
2020-05-21,68286.3798828125,68286.3798828125,66368.22314453125,67519.1171875,257420
2020-05-22,67519.13002873563,67519.13002873563,66368.23576688218,66751.8671875,90440
2020-05-25,66751.86857142857,67557.49457142857,66368.23714285714,67135.5,118440
2020-05-26,67173.8685579609,68670.03125,66943.68968226257,68670.03125,195720
2020-05-27,67365.67130422374,67519.12385844749,67135.49247288813,67212.21875,144280
2020-05-28,67710.93955122717,67979.48152111872,66368.2297017694,67212.21875,147980
2020-05-29,67058.7678925737,67902.75696215987,66751.86277636055,67672.578125,122760
2020-06-01,67672.59158694428,69820.92782779966,67250.59696820485,68171.3125,173620
2020-06-02,68171.30043545082,72506.33529713115,68171.30043545082,70204.546875,288920
2020-06-03,70396.36623263889,70971.81336805556,69053.65625,69053.65625,109400
2020-06-04,69744.19933659218,70204.55708798883,68670.03125,68670.03125,103320
2020-06-05,68670.03125,69782.5624825419,68670.03125,68670.03125,52540
2020-06-08,68670.03125,68670.03125,68670.03125,68670.03125,0
2020-06-09,68670.03125,68670.03125,68670.03125,68670.03125,0
2020-06-10,68554.93261060392,69053.65344101124,68094.57492099718,68286.390625,89980
2020-06-11,68286.3813559322,69245.45974576271,67902.75,67902.75,122460
2020-06-12,66751.84856468023,68209.64755632267,65639.31775526889,65984.5859375,190800
2020-06-15,65984.60495105422,67135.49922345633,63491.000694182985,63682.81640625,79280
2020-06-16,64641.891144735855,66329.86931112657,63682.812641104756,63721.17578125,125140
2020-06-17,66675.13757243377,66675.13757243377,63721.17578125,63721.17578125,75000
2020-06-18,63721.17216156795,64987.15571444679,63682.80902360193,63797.8984375,49060
2020-06-19,63797.8984375,64833.703162582686,63797.8984375,63797.8984375,53300
2020-06-22,64833.71067865211,64833.71067865211,63682.81640625001,63682.81640625,105320
2020-06-23,63299.182188452745,64104.808143578506,62915.55078125,62915.55078125,77400
2020-06-24,63299.18444824219,63682.81586914062,61381.02734375,61381.02734375,164760
2020-06-25,61381.02734375,62915.55302734375,60997.39592285156,61381.02734375,113020
2020-06-26,61381.02245145631,63414.268820160796,61381.02245145631,63222.453125,157620
2020-06-29,61764.65946261682,62915.55373831776,61572.84375,61572.84375,118080
2020-06-30,61572.83479299363,62915.544585987256,60230.125,60230.125,125060
2020-07-01,59846.49817868099,63299.18076591258,59846.49817868099,62531.91796875,117240
2020-07-02,62531.911909264534,64066.43735489065,62340.09622856127,64028.07421875,93920
2020-07-03,64450.08,67480.76828571428,63299.18571428571,67135.5,400680
2020-07-06,68209.67164993074,69820.92373614958,68209.67164993074,69245.4765625,292700
2020-07-07,70396.3693822596,72352.8897302134,70204.55366187196,71010.1796875,489280
2020-07-08,70971.8082091969,74309.40135200777,69590.7351845855,74040.859375,714860
2020-07-09,74769.76033536585,79219.88460365853,74769.76033536585,78644.4375,571920
2020-07-10,78644.4375,78644.4375,78644.4375,78644.4375,0
2020-07-13,79028.077734375,80485.8772265625,76726.2890625,76726.2890625,301620
2020-07-14,75575.39571314103,76534.47433894231,73273.60701121794,74808.1328125,361380
2020-07-15,74808.1328125,74808.1328125,74808.1328125,74808.1328125,0
2020-07-16,73273.59658354922,74040.859375,72889.96518782384,74040.859375,717100
2020-07-17,75575.3915201823,75575.3915201823,73465.41866048178,73657.234375,179180
2020-07-20,74079.23544666231,74424.503763089,73081.79364365184,73273.609375,259700
2020-07-21,73120.15193116132,74577.95139253809,72889.97306883868,73005.0625,147400
2020-07-22,73005.04658321278,74002.48810247896,72928.3203125,72928.3203125,213700
2020-07-23,72889.96563831203,72889.96563831203,71815.79772364217,72045.9765625,274320
2020-07-24,71355.43432495858,71739.06569229707,68708.37789032303,69475.640625,471160
2020-07-27,66368.2421875,67519.13656069365,64641.90062770954,66368.2421875,472520
2020-07-28,66368.23628472222,70971.81336805556,64450.07916666667,69053.65625,474000
2020-07-29,67135.49433479532,70166.18236476608,65600.96875,65600.96875,439600
2020-07-30,65600.97924933863,66943.68935093327,64833.71633414168,65255.7109375,162960
2020-07-31,64833.713471912204,65984.60779389882,63682.8191499256,64450.08203125,403140
2020-08-03,65140.61215329142,65946.23809865015,64450.07562869822,64833.70703125,327840
2020-08-04,64833.70623722255,66329.86868885077,64833.70623722255,65677.6953125,484740
2020-08-05,66751.8544921875,69437.27392578125,65831.13925781251,67519.1171875,597100
2020-08-06,68631.64594178082,70396.35008561645,67902.7464041096,70012.71875,427680
2020-08-07,69820.91686480978,70779.99539317256,69053.65404211957,70588.1796875,321100
2020-08-10,70242.90159463591,71355.4325319622,69015.28125,69015.28125,303240
2020-08-11,69015.28707107843,69398.91846113445,67941.11917892157,68478.203125,294140
2020-08-12,68478.20369270543,69245.46647917831,68478.20369270543,68631.65625,277500
2020-08-13,69322.1946465164,70588.17827868853,69322.1946465164,70204.546875,145160
2020-08-14,70204.55739020271,72467.98301097973,69820.92592905405,70971.8203125,484140
2020-08-17,70588.17940696409,70779.99511187432,69283.83261357453,70511.453125,182160
2020-08-18,70588.16687430786,70588.16687430786,69053.64150747508,69283.8203125,135860
2020-08-19,69283.8203125,69935.99359340394,69207.09404415837,69283.8203125,153440
2020-08-20,69283.84240151726,69820.92645114142,68900.2109375,68900.2109375,235260
2020-08-21,69053.6635231069,69782.5633047397,68900.2109375,68900.2109375,221220
2020-08-24,69092.01580430329,70588.17827868853,69092.01580430329,70204.546875,193380
2020-08-25,70204.55554624664,72161.07594671582,70204.55554624664,71547.265625,269820
2020-08-26,71739.08213728285,72122.71359256243,70664.9140625,70664.9140625,176640
2020-08-27,70664.90455942623,71355.44108606558,70204.546875,70204.546875,153180
2020-08-28,71163.61598557692,71355.43166208791,69820.90625,69820.90625,194260
2020-08-31,70933.43924608355,74002.49015992167,70242.90279046998,73465.40625,542920
2020-09-01,74424.48643092105,74424.48643092105,72889.9609375,72889.9609375,263420
2020-09-02,72889.9609375,72889.9609375,72889.9609375,72889.9609375,0
2020-09-03,73618.85822610294,74693.02603763544,73388.67940934598,74347.7578125,297540
2020-09-04,73657.22684703434,74999.9367114334,73503.77429110302,73733.953125,280080
2020-09-07,74424.48962669095,75191.75240634756,73733.953125,73733.953125,376560
2020-09-08,73772.33054801909,74040.87257289488,72889.97818057008,73350.3359375,213180
2020-09-09,73235.22917351974,73311.95544819078,72122.69819078947,72889.9609375,246140
2020-09-10,73657.23809523809,73657.23809523809,72506.34375,72506.34375,158120
2020-09-11,72506.34375,72506.34375,72506.34375,72506.34375,0
2020-09-14,72506.33480838203,72698.15050893331,71739.07200617694,72199.4296875,98100
2020-09-15,72506.33480838203,73273.59761058714,72199.4296875,72199.4296875,72720
2020-09-16,73273.59761058714,73273.59761058714,72199.4296875,72199.4296875,87140
2020-09-17,72199.4296875,72851.60306937434,72199.4296875,72199.4296875,202440
2020-09-18,72199.43053164725,73081.78276449947,72199.43053164725,72429.609375,91280
2020-09-21,72621.41897615131,73580.49740953947,72621.41897615131,72889.9609375,199060
2020-09-22,73273.6066468254,73810.69067460317,72506.34375,72506.34375,299220
2020-09-23,73542.13427220394,73542.13427220394,72698.14525082237,72889.9609375,71280
2020-09-24,72889.97242647059,73043.425,71739.078125,71739.078125,141660
2020-09-25,71815.80441176471,72314.5252757353,71739.078125,71739.078125,287800
2020-09-28,71739.06395445479,72122.6953125,71739.06395445479,72122.6953125,161920
2020-09-29,72122.71469594595,72199.44098817567,70971.8203125,70971.8203125,264900
2020-09-30,70971.80616646208,71163.62185880388,69859.27515087971,70319.6328125,298120
2020-10-01,70319.65003810976,71010.18669969513,70319.65003810976,70780.0078125,44660
2020-10-02,70549.82892530487,70933.46040396341,70396.37633384146,70780.0078125,91020
2020-10-05,71355.4550304878,71355.4550304878,70780.0078125,70780.0078125,148540
2020-10-06,71048.55223429951,71662.36262077294,70818.37333937197,71470.546875,110740
2020-10-07,71470.52485608553,72889.9609375,71355.43544407895,72889.9609375,129840
2020-10-08,72889.95802859042,72889.95802859042,72122.6953125,72122.6953125,92280
2020-10-09,72506.33379209845,74040.859375,71969.2498380829,74040.859375,241520
2020-10-12,74424.48763955342,75115.02412280702,72161.0625,72161.0625,474220
2020-10-13,73235.23642578124,73235.23642578124,70204.54827615489,70588.1796875,468200
2020-10-14,70588.17269736841,75153.38604029606,70588.17269736841,72889.9609375,239660
2020-10-15,73273.59231085527,73849.03937088816,72314.5138774671,72889.9609375,337720
2020-10-16,73081.78628564323,73427.0545673077,72314.5234375,72314.5234375,259380
2020-10-19,72122.70661294619,72314.52232202319,71777.43833660762,72007.6171875,250280
2020-10-20,72007.61027579472,72007.61027579472,70971.8055462015,71201.984375,306720
2020-10-21,72506.31929018578,72506.31929018578,71010.15714610259,71240.3359375,173880
2020-10-22,71240.36233530406,71739.0832347973,70856.7308741554,70971.8203125,68520
2020-10-23,71163.61372275297,71547.24506357643,70971.79805234123,71278.703125,358200
2020-10-26,71355.45177364865,72314.53042652027,70971.8203125,70971.8203125,176960
2020-10-27,70971.81654342248,71662.35313681794,70856.7271111899,71010.1796875,81240
2020-10-28,70664.91836890244,71355.4550304878,70588.19207317074,70780.0078125,212000
2020-10-29,70051.10800304878,71278.72873475609,70051.10800304878,70780.0078125,196100
2020-10-30,70895.0656538253,71355.42322300597,70626.52373846988,70703.25,128520
2020-11-02,70703.2673180593,71317.0775606469,67519.12668463612,71163.625,167700
2020-11-03,71240.35128032345,71355.44070080863,70588.17789757412,71163.625,159980
2020-11-04,71355.44070080863,71432.16698113208,70933.44615902966,71163.625,118600
2020-11-05,70971.82355182926,71470.54447408537,70780.0078125,70780.0078125,90120
2020-11-06,70971.82301568441,70971.82301568441,70626.5546875,70626.5546875,142200
2020-11-09,71125.25929674742,71163.62243552667,70396.35965994149,70473.0859375,197460
2020-11-10,71125.25285027473,71163.61598557692,69820.90625,69820.90625,227800
2020-11-11,70588.18447469747,70588.18447469747,69705.83216876375,69744.1953125,187600
2020-11-12,69744.18200483915,70549.80786958152,69744.18200483915,70357.9921875,72460
2020-11-13,70204.55739020271,70971.8203125,70204.55739020271,70971.8203125,84320
2020-11-16,71355.44734942244,71739.07878678493,69744.1953125,69744.1953125,407360
2020-11-17,70626.54028025521,70626.54028025521,69705.82492624862,69897.640625,371320
2020-11-18,69897.64259089052,71163.62623825572,69897.64259089052,70434.7265625,335620
2020-11-19,70588.17404491482,74309.3984375,70588.17404491482,74309.3984375,449960
2020-11-20,72889.9715169271,74040.86580403647,72889.9715169271,73657.234375,305280
2020-11-23,73657.22047244094,73810.67301509186,72851.59462352362,73081.7734375,229100
2020-11-24,73005.06490734011,73657.23837209302,72352.8914425872,72583.0703125,220420
2020-11-25,72583.0589555151,74501.21590465661,72583.0589555151,73733.953125,388440
2020-11-26,74040.86991185897,75191.7642628205,74040.86991185897,74808.1328125,505880
2020-11-27,74808.12681686046,75383.57394622093,74155.95340358527,74232.6796875,124960
2020-11-30,74814.1288348564,74814.1288348564,73651.2149151436,74232.671875,379760
2020-12-01,74155.14952357882,75007.953125,73689.98392280361,75007.953125,214180
2020-12-02,75007.95856754955,76442.21927400914,74620.32053877668,76287.1640625,359760
2020-12-03,76248.40657852564,76248.40657852564,75240.54762019232,75589.421875,192820
2020-12-04,75589.41657642326,79078.1588799505,75589.41657642326,78302.8828125,319620
2020-12-07,78302.87258454107,80822.51947463768,78302.87258454107,80241.0625,153000
2020-12-08,80279.83149651093,81016.34371207525,79853.4296875,79853.4296875,244520
2020-12-09,78729.27279847258,79465.7849516833,77527.59507481297,77721.4140625,204700
2020-12-10,78302.8820671378,78806.81150618375,76791.09375,76791.09375,122500
2020-12-11,76791.09671546775,79349.5078125,76791.09671546775,79349.5078125,97680
2020-12-14,79349.50286458334,79349.50286458334,78690.51822916666,79078.15625,107940
2020-12-15,79078.15891959799,79271.97793655779,76984.91353643217,77139.96875,233240
2020-12-16,77139.96276211702,78651.75097705299,77139.96276211702,77178.7265625,59600
2020-12-17,77527.60416666666,78302.88020833333,71790.56145833334,76752.328125,413240
2020-12-18,76752.31943756195,78302.87134539148,76170.86247212587,78225.34375,211060
2020-12-21,78225.357859375,78264.12166406249,77178.7351328125,77527.609375,94740
2020-12-22,77527.609375,77527.609375,77527.609375,77527.609375,0
2020-12-23,77333.79043067893,77527.60945431472,76364.6953125,76364.6953125,189720
2020-12-24,76752.328125,77333.78515625,75589.4140625,76752.328125,143520
2020-12-25,76946.14713541666,76946.14713541666,75977.05208333333,76752.328125,88020
2020-12-28,76829.86279965752,77178.7370505137,76170.87810359588,76403.4609375,222340
2020-12-29,76403.44954117683,78302.87573474237,76170.86674196472,77488.8359375,161260
2020-12-30,77527.609375,78225.357859375,77062.44371875,77527.609375,195080
2020-12-31,77527.61217948719,77798.95882211538,75589.421875,75589.421875,292200
2021-01-01,75589.421875,75589.421875,75589.421875,75589.421875,0
2021-01-04,76946.14143210882,77915.23641236208,75666.93605817453,77295.015625,31940
2021-01-05,77295.02396356784,77372.55157035176,76674.80310929648,77139.96875,24660
2021-01-06,76597.26643576827,76984.90442380353,75589.40766687658,76946.140625,32920
2021-01-07,76868.60804395223,77139.95461798535,76015.80452556245,76674.7890625,25980
2021-01-08,76674.79636257568,77488.83616217836,76674.79636257568,76829.8515625,30580
2021-01-11,77139.95871694265,79465.786617956,76907.37592684131,78419.1640625,34140
2021-01-12,79349.49897354015,79853.42837591241,78496.69536952555,79659.609375,38580
2021-01-13,80241.06432580878,81791.61629345726,79853.42633389667,80279.828125,45280
2021-01-14,81403.97903963414,81403.97903963414,79465.7890625,79465.7890625,31020
2021-01-15,79465.7849516833,79620.84014183292,77527.59507481297,77721.4140625,45900
2021-01-18,77333.78204528443,77682.65625,76442.21463323354,77682.65625,27380
2021-01-19,77682.66207901554,77682.66207901554,72488.31241904145,74814.140625,26940
2021-01-20,74814.13259983309,75473.1171875,73651.21862159733,75473.1171875,45360
2021-01-21,75705.71071198453,75705.71071198453,74426.50515463918,75201.78125,33040
2021-01-22,75201.78125,75473.12788337629,74775.37939755154,75201.78125,26200
2021-01-25,75201.78125,75822.00212628866,74426.50515463918,75201.78125,28840
2021-01-26,75163.01489720395,75163.01489720395,72100.67442434211,73651.2265625,45480
2021-01-27,72294.48984542291,73612.45909729657,70666.41018134367,72410.78125,45520
2021-01-28,69774.83997410817,70240.00557393556,67371.484375,67371.484375,56880
2021-01-29,65898.46600572047,71247.87089324366,62681.0703125,62681.0703125,101720
2021-02-01,67061.3671875,67061.3671875,67061.3671875,67061.3671875,21800
2021-02-02,69232.15571752793,69774.84898743017,68805.75386260475,69387.2109375,91980
2021-02-03,69387.2109375,69774.84898743017,68999.57288756983,69387.2109375,48100
2021-02-04,69387.20496121637,71713.03306047502,69387.20496121637,70588.8828125,59220
2021-02-05,70550.12317894447,70627.65078683342,70317.54035527763,70511.359375,22500
2021-02-08,71247.8599766523,71247.8599766523,66673.73186063218,67449.0078125,28220
2021-02-09,67449.0078125,67449.0078125,67449.0078125,67449.0078125,0
2021-02-10,67449.0078125,67449.0078125,67449.0078125,67449.0078125,0
2021-02-11,67449.0078125,67449.0078125,67449.0078125,67449.0078125,0
2021-02-12,67449.0078125,67449.0078125,67449.0078125,67449.0078125,0
2021-02-15,67449.0078125,67449.0078125,67449.0078125,67449.0078125,0
2021-02-16,67449.0078125,67449.0078125,67449.0078125,67449.0078125,0
2021-02-17,69852.3734237183,70550.12188189085,69774.84581725468,70317.5390625,32400
2021-02-18,70356.30200892857,74620.3203125,70162.48299512987,74620.3203125,39100
2021-02-19,74038.86431435838,74620.32136394757,73263.58824823944,74310.2109375,30040
2021-02-22,72914.714296875,74193.91981085527,72914.714296875,73651.2265625,20220
2021-02-23,73651.22395833333,73651.22395833333,71713.03385416666,72100.671875,44800
2021-02-24,72875.95082298975,72875.95082298975,71713.03671411226,71829.328125,1162000
2021-02-25,72100.66025,73263.574125,71868.077475,72682.1171875,1854000
2021-02-26,72100.66156914894,72875.9375,71868.07878989361,72875.9375,12420
2021-03-01,72875.94166001065,72914.70545876598,71713.0276973509,72798.4140625,22300
2021-03-02,73071.95679105987,73071.95679105987,70766.47794043284,72446.7421875,21100
2021-03-03,72446.73139189005,72446.73139189005,71313.53009180115,71430.7578125,20640
2021-03-04,71508.90458216293,71587.05639044943,67601.31416783707,69555.109375,43980
2021-03-05,69555.12305240793,69555.12305240793,68578.22525672805,68968.984375,35720
2021-03-08,68968.97453125,69164.3540625,67992.076875,68382.8359375,40620
2021-03-09,68578.21007947977,68578.21007947977,67405.93298410405,67601.3125,33500
2021-03-10,67601.32695289959,67992.08606823428,67601.32695289959,67718.5546875,36420
2021-03-11,68773.59375,68968.97327769887,67992.07563920454,68773.59375,38700
2021-03-12,69437.88166257023,69555.109375,68968.97081285113,69555.109375,13180
2021-03-15,69555.11061087571,69633.26242055085,68968.97203831215,69164.3515625,22820
2021-03-16,69164.35332745017,70649.23774916944,69086.20151578073,70571.0859375,18240
2021-03-17,69945.87162562778,70571.08612060547,69867.71981375558,70024.0234375,18640
2021-03-18,70336.6305024917,70649.23774916944,70258.47869082226,70571.0859375,13360
2021-03-19,70336.6328125,70336.6328125,69164.35559895833,70336.6328125,15020
2021-03-22,70336.64193435754,70336.64193435754,69242.51639315643,69945.8828125,8140
2021-03-23,68500.05996313202,69633.26118328652,68500.05996313202,69555.109375,8380
2021-03-24,68382.84699964387,69555.12437678062,68265.6192619302,68578.2265625,10080
2021-03-25,69555.11312499999,69555.11312499999,67992.076875,68382.8359375,29220
2021-03-26,67874.84382225433,68382.83056358382,67405.93298410405,67601.3125,21700
2021-03-29,67601.32695289959,67992.08606823428,67523.17512983266,67718.5546875,20460
2021-03-30,67601.3178125,68578.21546875,67405.93828125,68382.8359375,20000
2021-03-31,68382.83745659722,70336.6328125,66819.80117187499,70336.6328125,33740
2021-04-01,70336.64193435754,70336.64193435754,69594.19960282822,69945.8828125,35520
2021-04-02,69945.87374131945,70336.6328125,69828.64601996528,70336.6328125,17120
2021-04-05,73853.45277681058,73853.45277681058,69945.86268279944,70141.2421875,57000
2021-04-06,70141.24793714887,70336.62745786516,68226.52863412921,69555.109375,34480
2021-04-07,69555.11061087571,69555.11061087571,68773.59251412429,69164.3515625,25400
2021-04-08,69164.35533405172,69164.35533405172,67796.69859015805,67992.078125,29460
2021-04-09,68304.68538074713,68500.06491558909,67992.078125,67992.078125,36600
2021-04-12,69359.73359375,69359.73359375,68226.5323125,68382.8359375,33620
2021-04-13,68968.97815743944,68968.97815743944,67640.3972750865,67757.625,34640
2021-04-14,67757.62510856977,67953.00465040533,67171.48648306311,67484.09375,36660
2021-04-15,67405.93536145893,68304.68116627839,67015.17631588527,67093.328125,31800
2021-04-16,66819.79371488764,66819.79371488764,65647.51663217031,66077.3515625,33060
2021-04-19,66038.2877757353,66429.046875,64905.08638786765,66429.046875,30720
2021-04-20,66507.19869485294,66858.88188419117,66038.2877757353,66429.046875,37340
2021-04-21,66429.046875,66429.046875,66429.046875,66429.046875,0
2021-04-22,66429.05238477029,66624.43195060785,65256.774989744925,65491.23046875,22520
2021-04-23,65569.37685661764,66429.046875,65178.61775735294,66429.046875,35180
2021-04-26,67210.5650735294,67210.5650735294,64279.87182904412,66429.046875,36880
2021-04-27,66429.04243963487,66429.04243963487,64631.55070303298,66350.890625,17740
2021-04-28,66350.890625,66350.890625,65139.5374981596,66350.890625,28380
2021-04-29,66350.8972593133,66350.8972593133,64553.40534298324,65295.84765625,34020
2021-04-30,65295.84765625,65295.84765625,65295.84765625,65295.84765625,0
2021-05-03,65295.84765625,65295.84765625,65295.84765625,65295.84765625,0
2021-05-04,65295.83778884926,65295.83778884926,62912.207564361044,62990.359375,55640
2021-05-05,63107.58494389027,63107.58494389027,62560.52228802992,62677.75,52880
2021-05-06,62677.75796274038,62677.75796274038,60411.35524338942,60958.41796875,72540
2021-05-07,60919.334022671566,61231.94125306373,59395.373774509804,59786.1328125,39980
2021-05-10,58613.85875207641,59512.604586274916,58613.85875207641,58809.23828125,47040
2021-05-11,59004.620359724046,62521.45203679369,59004.620359724046,59473.53125,47620
2021-05-12,59473.524045196114,59707.97946193144,59004.613211725446,59278.14453125,18280
2021-05-13,59199.99741609922,60645.80593385214,58848.31426313229,60255.046875,78980
2021-05-14,60255.05456141059,61349.18006576824,60176.90273967075,60528.5859375,48500
2021-05-17,60958.423847087375,60958.423847087375,60372.28515624999,60372.28515625,42840
2021-05-18,60372.27797788149,60567.65751826298,59981.518897118505,60176.8984375,49620
2021-05-19,60176.902992671006,60255.054814739415,59590.76432715798,59981.5234375,36100
2021-05-20,59981.519752116204,59981.519752116204,59200.001579450196,59434.45703125,24420
2021-05-21,59004.618971579555,59395.37803761651,58652.9358121463,58692.01171875,34100
2021-05-24,59200.002398574565,60645.8110380117,58731.09148848684,60137.82421875,36520
2021-05-25,60958.41325601647,61739.93137468335,60606.73010261638,61700.85546875,34840
2021-05-26,61661.781507554944,64201.71547332875,60958.41517857143,64006.3359375,32180
2021-05-27,64006.33380943252,64084.48562116565,62521.449386503074,63693.7265625,45820
2021-05-28,62521.44736842105,64006.33174342105,62521.44736842105,63107.5859375,37220
2021-05-31,62130.69589027331,62716.83453074758,60176.90042202572,60763.0390625,33860
2021-06-01,59864.29117288961,61036.56841517857,59395.38027597402,60176.8984375,25460
2021-06-02,59512.606627775494,60176.897049753294,59239.075277549346,59395.37890625,29860
2021-06-03,59395.381944444445,60176.900127923975,59395.381944444445,60137.82421875,41520
2021-06-04,60841.19005164281,60841.19005164281,59590.760969014314,60059.671875,39480
2021-06-07,60059.675524359285,60958.421482108315,59786.144145913924,60606.73828125,327000
2021-06-08,60606.73828125,60606.73828125,60606.73828125,60606.73828125,0
2021-06-09,61779.00853698614,62521.45076481836,60958.4144956979,61310.09765625,189800
2021-06-10,61466.39592285156,63498.34289550781,61466.39592285156,62521.4453125,1381200
2021-06-11,62912.19790238422,64436.157975796006,62912.19790238422,64123.55078125,718800
2021-06-14,64123.566184384435,64866.008449773406,64123.566184384435,64670.62890625,277200
2021-06-15,64279.862272811566,66624.4165198442,63850.02732752225,65842.8984375,537200
2021-06-16,65647.52218934911,66038.28125,64866.00406804733,66038.28125,471600
2021-06-17,64670.63605986445,65608.45797251505,64670.63605986445,64866.015625,165400
2021-06-18,65256.76502263435,67210.56038259345,65061.385486638435,66897.953125,327600
2021-06-21,67210.5650735294,67210.5650735294,66038.2877757353,66429.046875,238400
2021-06-22,67210.56730625374,67210.56730625374,65295.84765625,65295.84765625,414800
2021-06-23,65295.84216638514,66819.80257601352,65295.84216638514,66507.1953125,372000
2021-06-24,66702.58124727312,67327.7958342423,66429.04986547411,67171.4921875,296200
2021-06-25,67171.4921875,67210.56809918558,65842.91119019051,67171.4921875,221400
2021-06-28,67171.4900962522,67210.56600672122,66429.04779734074,66858.8828125,368600
2021-06-29,66858.87294553361,66858.87294553361,66233.65847029776,66272.734375,181600
2021-06-30,66038.27565974275,66272.73107628622,65647.51663217031,66077.3515625,173600
2021-07-01,66233.65136544051,66233.65136544051,64983.22254910182,65530.28515625,314000
2021-07-02,66155.51340868794,66155.51340868794,64983.23614804965,66116.4375,208000
2021-07-05,66116.4375,66116.4375,66116.4375,66116.4375,0
2021-07-06,66116.4375,66116.4375,66116.4375,66116.4375,0
2021-07-07,66116.4375,66116.4375,66116.4375,66116.4375,0
2021-07-08,66116.4375,66116.4375,66116.4375,66116.4375,0
2021-07-09,63693.722412109375,63693.722412109375,62521.4453125,62521.4453125,116600
2021-07-12,62521.4453125,62521.4453125,62521.4453125,62521.4453125,0
2021-07-13,61739.93093152867,61935.310459793,60997.48872412421,61349.171875,167400
2021-07-14,61349.171875,61349.171875,61349.171875,61349.171875,0
2021-07-15,61739.9404901501,62482.3828125,60958.42225609756,62482.3828125,268800
2021-07-16,62482.3828125,62482.3828125,62482.3828125,62482.3828125,0
2021-07-19,61349.182974312294,61349.182974312294,59981.52602902507,60372.28515625,254000
2021-07-20,60372.26892641129,61153.78697076613,60176.889415322585,60567.6484375,388600
2021-07-21,61153.79571408642,61544.55479213169,60958.41617506377,61271.0234375,221000
2021-07-22,60763.03726557502,61153.796347668744,60684.88544915627,61075.64453125,219000
2021-07-23,60958.419494628906,61700.86178334554,60020.59765625,60020.59765625,513600
2021-07-26,60020.599348534204,60215.97890370521,59786.143882328994,59981.5234375,182000
2021-07-27,60958.423847087375,62130.70122876213,60176.90559263754,60372.28515625,148000
2021-07-28,60450.43698169498,60958.423847087375,60372.28515624999,60372.28515625,77000
2021-07-29,60411.35013933121,61349.171875,60411.35013933121,61349.171875,209600
2021-07-30,62286.99503242925,62521.45047169812,60958.41420990566,62130.69140625,1002600
2021-08-02,61661.78788382495,61661.78788382495,60567.66237004352,60606.73828125,474400
2021-08-03,60958.414158081134,60958.414158081134,60684.8828125,60684.8828125,242000
2021-08-04,60684.8828125,60684.8828125,60684.8828125,60684.8828125,0
2021-08-05,60763.03568561336,61349.17429351316,60528.580242453434,60841.1875,331800
2021-08-06,61388.24292998953,61388.24292998953,60606.72487868476,60645.80078125,201800
2021-08-09,60645.81419245648,61349.180594173115,60606.73828125,60606.73828125,298200
2021-08-10,60606.73828125,60606.73828125,60606.73828125,60606.73828125,0
2021-08-11,60567.65412208171,60684.881839737354,60255.046875,60255.046875,371800
2021-08-12,60215.966058234,60255.041960932394,59825.20703125,59825.20703125,424000
2021-08-13,59825.217290946144,59825.217290946144,59239.07864995059,59317.23046875,362400
2021-08-16,59317.22994310686,59590.761306480876,59160.92630689314,59239.078125,397200
2021-08-17,59239.078125,59239.078125,59239.078125,59239.078125,0
2021-08-18,56972.67630565068,58223.10541523973,56972.67630565068,57050.828125,689600
2021-08-19,57246.20513091217,57832.34375000001,56738.21832770271,57832.34375,946600
2021-08-20,57715.11449956294,57715.11449956294,55878.546875,55878.546875,694200
2021-08-23,55878.55072544643,55878.55072544643,54706.2734375,54706.2734375,603000
2021-08-24,55097.034898393606,55839.47721262728,54628.12396308813,55644.09765625,388600
2021-08-25,55644.09464164402,57754.193736200745,55644.09464164402,57519.73828125,480000
2021-08-26,57480.66341939786,57793.27069836128,57246.20796017531,57676.04296875,289800
2021-08-27,57558.811766098486,58223.10219381313,56933.59724589646,58027.72265625,274600
2021-08-30,58027.72510030995,58418.484191894524,57441.58646293308,57519.73828125,235600
2021-08-31,57519.73016666667,58613.85546875,57246.19884114583,58613.85546875,325400
2021-09-01,58496.63407868191,58496.63407868191,57832.343644922665,58105.875,137000
2021-09-02,58105.875,58105.875,58105.875,58105.875,0
2021-09-03,58105.875,58105.875,58105.875,58105.875,0
2021-09-06,57636.95961796247,58613.8572386059,57636.95961796247,58301.25,231600
2021-09-07,58418.48226294553,58926.46906523201,58027.72318426362,58105.875,257800
2021-09-08,58105.875,58105.875,58105.875,58105.875,0
2021-09-09,58652.9360062794,58652.9360062794,57871.41787161878,58144.94921875,159400
2021-09-10,58105.87624618147,59356.305324781206,58105.87624618147,59160.92578125,315800
2021-09-13,61153.79070723684,63263.88955592105,60763.031661184206,63107.5859375,1900000
2021-09-14,63263.90319088855,66038.29301581325,62716.84040850904,64866.015625,736000
2021-09-15,64866.015625,64866.015625,61935.322147966865,64866.015625,479400
2021-09-16,63732.79707880435,63771.87298136646,61935.30556094721,62912.203125,400400
2021-09-17,62521.44409937888,62912.203125,61583.6224378882,62912.203125,1593400
2021-09-20,63302.96870064751,63302.96870064751,61857.16015625,61857.16015625,207000
2021-09-21,61857.16015625,61857.16015625,61857.16015625,61857.16015625,0
2021-09-22,61857.16015625,61857.16015625,61857.16015625,61857.16015625,0
2021-09-23,62834.051596080906,62834.051596080906,61700.850416798356,61818.078125,162000
2021-09-24,62404.21760253906,62521.4453125,62130.686279296875,62521.4453125,16420000
2021-09-27,62521.45047169812,62599.60228478774,61661.78052771227,62130.69140625,161000
2021-09-28,61739.93709221833,61896.24073042648,61349.17799669797,61388.25390625,261000
2021-09-29,61466.40297652264,61466.40297652264,60215.97392677774,61271.0234375,249000
2021-09-30,61153.79074838156,61349.170271539326,61036.56303448689,61114.71484375,160000
2021-10-01,61153.79271035992,61153.79271035992,60176.895063229575,60255.046875,298800
2021-10-04,60294.11712197581,62130.68452620968,60255.041219758066,60567.6484375,9580000
2021-10-05,61896.230257009345,62873.12783051013,60606.72545998832,62716.82421875,303200
2021-10-06,62716.82421875,62716.82421875,62716.82421875,62716.82421875,0
2021-10-07,62130.69034225252,62326.06987163067,61466.39994236681,61974.38671875,88000
2021-10-08,61974.38671875,61974.38671875,61974.38671875,61974.38671875,0
2021-10-11,61974.38671875,61974.38671875,61974.38671875,61974.38671875,0
2021-10-12,64279.865150498474,64436.16877396473,63302.96750383436,63693.7265625,111400
2021-10-13,64045.40429930125,64436.16332492236,62834.051319875776,62912.203125,315800
2021-10-14,62912.203125,62912.203125,62912.203125,62912.203125,0
2021-10-15,62599.608362446255,63693.73385192721,62599.608362446255,63615.58203125,105800
2021-10-18,63615.58203125,63615.58203125,63615.58203125,63615.58203125,0
2021-10-19,62560.52701104101,62560.52701104101,60958.414826498425,61935.3125,496400
2021-10-20,61935.30556590287,62638.671812077155,60606.72487868476,60645.80078125,807200
2021-10-21,61036.567007606915,61935.312872635695,59395.37890625,59395.37890625,449400
2021-10-22,60372.270991413745,61153.78906250001,60333.19508785943,61153.7890625,103600
2021-10-25,61153.78906250001,61153.78906250001,61153.78906250001,61153.7890625,0
2021-10-26,61153.78906250001,61153.78906250001,61153.78906250001,61153.7890625,0
2021-10-27,61153.78906250001,61153.78906250001,61153.78906250001,61153.7890625,0
2021-10-28,63302.964003645204,64397.08930741191,62599.597736938034,64318.9375,411800
2021-10-29,64318.93623929128,64318.93623929128,62716.82421875,62716.82421875,444400
2021-11-01,62716.82421875,62716.82421875,62716.82421875,62716.82421875,0
2021-11-02,63615.57937122356,64553.401180135945,63302.9721015861,64670.62890625,252600
2021-11-03,64553.39850086906,67523.1674391657,64084.48761587485,67445.015625,68840000
2021-11-04,66272.7286088475,67445.0056479191,65491.210582799766,67132.3984375,212800
2021-11-05,65686.60970657703,67210.5703125,65686.60970657703,67210.5703125,206600
2021-11-08,67210.56886873921,67953.01119926598,66507.20245034543,67874.859375,279800
2021-11-09,67757.62268318966,67992.078125,66819.80091594828,67992.078125,125400
2021-11-10,67992.078125,67992.078125,66819.80091594828,67992.078125,75200
2021-11-11,67913.9367460029,68343.77178869913,67210.5703125,67210.5703125,112600
2021-11-12,67210.5703125,67953.01265897529,67171.49439952761,67210.5703125,71600
2021-11-15,67171.48916360294,67601.32417279412,66429.046875,66429.046875,58600
2021-11-16,66819.80363423213,66819.80363423213,65061.38774912075,66663.5,94000
2021-11-17,66702.58151118035,66702.58151118035,66038.29100989737,66624.4296875,89000
2021-11-18,66780.72130462248,66780.72130462248,65725.671875,65725.671875,206800
2021-11-19,65725.68267972022,66116.44179196589,65256.771745025435,65295.84765625,84200
2021-11-22,65256.77213541667,66350.89765625,64084.49479166667,65647.53125,310200
2021-11-23,65686.60716145833,66350.89765625,65373.99986979167,65647.53125,61200
2021-11-24,65647.53125,66038.29036458333,64123.570703125,65647.53125,216400
2021-11-25,65647.52329545455,65647.52329545455,64475.24609375,64475.24609375,201200
2021-11-26,64709.69241573034,64709.69241573034,62521.441947565545,62599.59375,423600
2021-11-29,62521.46060217809,62521.46060217809,60997.5,60997.5,368600
2021-11-30,61075.64432325486,62521.452922077915,60176.89843749999,60176.8984375,718600
2021-12-01,61739.927615814704,61739.927615814704,60411.346894968054,61153.7890625,104000
2021-12-02,61153.79374262972,62521.45047169812,61153.79374262972,62130.69140625,413200
2021-12-03,62130.689988057326,62130.689988057326,61349.171875,61349.171875,204200
2021-12-06,61271.025395778364,61271.025395778364,59239.078125,59239.078125,243200
2021-12-07,59317.22196691176,60372.271369485294,59317.22196691176,59786.1328125,392800
2021-12-08,59825.2221376308,60020.60170045781,59668.91848736919,59747.0703125,289000
2021-12-09,59786.13734631147,60255.04822745902,59551.68190573771,59590.7578125,415800
2021-12-10,59590.76510433766,60176.90377749508,59356.30963507469,59512.61328125,300400
2021-12-13,59786.1446620568,59903.37239668828,59512.61328125001,59512.61328125,350200
2021-12-14,59512.60873844487,60176.899183982336,59395.38101276178,59707.98828125,252800
2021-12-15,59786.13734631147,59786.13734631147,59473.530092213114,59590.7578125,157800
2021-12-16,59512.61183774834,59668.915480132455,58848.321357615896,59004.625,180800
2021-12-17,59004.61450520833,59121.84221614583,58613.85546875,58613.85546875,378600
2021-12-20,58652.94441065436,58652.94441065436,58144.957550335566,58223.109375,234200
2021-12-21,58223.09934309939,58496.63068229516,58144.9475319006,58184.0234375,244000
2021-12-22,58223.105706935974,58223.105706935974,57636.96705887957,57676.04296875,258800
2021-12-23,57558.80752478302,57676.03523868278,57363.42800161675,57402.50390625,285400
2021-12-24,57246.202500531464,58144.94834183674,57128.97478210034,57441.58203125,275600
2021-12-27,57558.80629595588,59004.61473651961,57519.73039215686,57793.26171875,156600
2021-12-28,58418.48513623146,58418.48513623146,57636.96694042903,57949.57421875,204000
2021-12-29,57949.57421875,57949.57421875,57715.118760009274,57949.57421875,100600
2021-12-30,58223.09934309939,58223.09934309939,58027.71981510241,58184.0234375,164200
2021-12-31,58184.03087748345,62169.77375827815,58184.03087748345,59004.625,553200
2022-01-03,59004.625,59004.625,59004.625,59004.625,0
2022-01-04,59395.37659235669,61544.55140326433,59395.37659235669,61349.171875,790600
2022-01-05,61739.942816227245,62404.23334019931,61739.942816227245,62247.9296875,644600
2022-01-06,62130.68494073276,62208.83674568966,60958.40786637931,61192.86328125,150600
2022-01-07,61232.45172007588,61232.45172007588,60203.33488444435,60638.73046875,228200
2022-01-10,60994.96762438322,60994.96762438322,59807.525035978615,60163.7578125,391800
2022-01-11,60163.75163505559,60559.56579054938,59570.03040181491,60519.984375,259400
2022-01-12,60480.39843749999,60519.979850089985,59728.351598290246,60480.3984375,326600
2022-01-13,60559.569769246686,60599.15118739652,59767.94140625,59767.94140625,240000
2022-01-14,59372.11724407505,60203.326885492104,59372.11724407505,60124.1640625,160800
2022-01-17,60163.75729166667,61311.61845052084,58976.314713541666,59372.12890625,370000
2022-01-18,59411.70864290149,60519.98835109685,59411.70864290149,59767.94140625,538800
2022-01-19,60163.75729166667,60163.75729166667,58976.314713541666,59372.12890625,223000
2022-01-20,58382.59342447917,60797.060000000005,57947.1978125,59372.12890625,476200
2022-01-21,60124.17132865287,60124.17132865287,57393.05360536317,58580.49609375,217400
2022-01-24,58699.24144935345,58699.24144935345,57195.14760237069,57393.0546875,323200
2022-01-25,57353.47327047414,58778.40428340517,56561.8449299569,57393.0546875,311800
2022-01-26,57393.05057193807,57393.05057193807,56601.4222881872,56878.4921875,260200
2022-01-27,57393.054592993954,58936.72985446068,56997.2404233871,58897.1484375,315000
2022-01-28,58897.15173167451,59292.96592341964,58224.2676057078,58857.5703125,329600
2022-01-31,58857.5703125,58857.5703125,58857.5703125,58857.5703125,0
2022-02-01,58857.5703125,58857.5703125,58857.5703125,58857.5703125,0
2022-02-02,58857.5703125,58857.5703125,58857.5703125,58857.5703125,0
2022-02-03,58857.5703125,58857.5703125,58857.5703125,58857.5703125,0
2022-02-04,58857.5703125,58857.5703125,58857.5703125,58857.5703125,0
2022-02-07,59174.219083867516,61351.19704347468,59174.219083867516,60203.3359375,151400
2022-02-08,60757.48059492087,61272.0390625,60124.1778655927,61272.0390625,246200
2022-02-09,61113.71117116385,61272.03684777309,59767.94291998538,60876.22265625,151800
2022-02-10,61272.025348328025,62142.81640624999,59886.67593799761,62142.81640625,417000
2022-02-11,62182.40598321977,63171.94140625,61549.103312480416,63171.94140625,447600
2022-02-14,61430.35564324003,66457.1953125,61430.35564324003,66457.1953125,685000
2022-02-15,66457.1953125,66457.1953125,66457.1953125,66457.1953125,0
2022-02-16,67407.15633350653,67407.15633350653,65309.341133461996,66655.109375,215000
2022-02-17,66457.20340450881,68159.2044446481,66298.87772635631,67486.3203125,623000
2022-02-18,66496.78202479339,67248.8289643595,66021.80501033057,67050.921875,378200
2022-02-21,66892.58964106721,67288.4037809552,66100.96136129128,67130.078125,211000
2022-02-22,66853.01646934383,66853.01646934383,63330.27019002375,66655.109375,236800
2022-02-23,66536.36587161367,67446.73851590106,66536.36587161367,67209.25,301600
2022-02-24,65744.71776940925,67446.71828962876,65507.229324727465,67169.6484375,325400
2022-02-25,66971.75246904482,67288.4037809552,66496.77550117925,67130.078125,176000
2022-02-28,66892.59864546526,67248.83141931685,65942.64458186102,67209.25,141200
2022-03-01,67209.25465959821,67209.25465959821,66298.88195219495,66496.7890625,85800
2022-03-02,66696.46648483728,67495.2265625,66297.08644600592,67495.2265625,186400
2022-03-03,67295.55407502993,67455.30613218133,66736.421875,66736.421875,47400
2022-03-04,66297.08891601562,66297.08891601562,63900.80859375,63900.80859375,223400
2022-03-07,62902.35442523043,63860.86649266251,61145.08230160495,61744.15234375,572800
2022-03-08,61224.95335345036,62143.52734375,61185.01535387211,62143.52734375,193600
2022-03-09,61784.09223790322,64300.18649193548,61504.52620967742,61903.90625,357600
2022-03-10,61903.90401074841,63501.4241142516,61903.90401074841,62702.6640625,286000
2022-03-11,63421.54754464285,63421.54754464285,61384.70943080357,61504.5234375,267400
2022-03-14,61105.143415178565,61863.965457589286,60306.38337053571,61504.5234375,309000
2022-03-15,61504.52928783873,61504.52928783873,60106.69907675149,60426.203125,276200
2022-03-16,60506.07338169643,61544.46143973214,60186.569363839284,61504.5234375,286000
2022-03-17,61504.5234375,61504.5234375,60785.63939732143,61504.5234375,83400
2022-03-18,61784.094296617164,61863.97030734324,60506.078125,60506.078125,480400
2022-03-21,61464.59062653992,61464.59062653992,60745.70652564472,60785.64453125,133000
2022-03-22,61424.64743303571,61664.27544642857,61025.26741071428,61504.5234375,234600
2022-03-23,61504.52916666667,63900.80952380952,61065.21110119047,62902.359375,290800
2022-03-24,63022.16796875,63062.10597126505,61903.90389832858,63022.16796875,190400
2022-03-25,63102.0494047619,63102.0494047619,62263.351279761904,62902.359375,245200
2022-03-28,63141.99082179965,63141.99082179965,61504.53248929251,62942.30078125,156200
2022-03-29,62942.29096123418,63461.4849856606,62023.716918018195,63102.04296875,340200
2022-03-30,63102.051288394556,63102.051288394556,62463.0431740817,63062.11328125,319800
2022-03-31,63062.1038620283,63501.42187499999,62862.41385613207,63501.421875,393800
2022-04-01,64100.49157781307,66297.08163188143,63541.35956405021,66017.515625,700400
2022-04-04,66616.59527027026,66816.28530405405,66097.40118243243,66496.78125,442800
2022-04-05,66496.78277301445,66696.47281137184,66297.09273465704,66376.96875,138800
2022-04-06,66297.09928097346,67974.49576880531,65138.896944137174,67694.9296875,593200
2022-04-07,67415.3554054054,67415.3554054054,66496.78125,66496.78125,179200
2022-04-08,64539.81501218027,66337.02520744519,64539.81501218027,65578.203125,290400
2022-04-11,65578.203125,65578.203125,65578.203125,65578.203125,0
2022-04-12,65538.26575656385,66696.46789363901,65218.76171875001,65218.76171875,223400
2022-04-13,65258.70261850153,65897.71072247706,64779.44654051987,65298.640625,265600
2022-04-14,65458.383411661176,66696.4614383613,64539.809391851406,66656.5234375,200600
2022-04-15,66297.08073843416,68214.10475978647,66297.08073843416,67335.46875,440200
2022-04-18,67255.59354779411,69092.74159007352,67095.84154411765,67894.6015625,1559600
2022-04-19,67894.60710849614,68293.98715031083,66297.08694123742,67455.2890625,638600
2022-04-20,67455.28905795785,69052.80922510901,66696.46697856105,68693.3671875,645000
2022-04-21,67934.53323880378,68613.4791912198,66656.51732837361,67774.78125,1003400
2022-04-22,67734.8480622431,72447.5320665737,63062.1020579492,68014.4140625,746400
2022-04-25,67575.10120738635,67575.10120738635,63261.79687499999,63261.796875,517800
2022-04-26,60306.385863535506,67615.04057414942,60306.385863535506,67495.2265625,880600
2022-04-27,64779.44229844675,67495.2265625,64779.44229844675,67495.2265625,293000
2022-04-28,65937.64112689394,66696.46316287879,65178.81909090909,65897.703125,87400
2022-04-29,65658.08987507712,66297.0980490438,63900.817396668725,64739.515625,323000
2022-05-02,64739.515625,64739.515625,64739.515625,64739.515625,0
2022-05-03,64739.515625,64739.515625,64739.515625,64739.515625,0
2022-05-04,63820.934384556575,65498.33065749235,63820.934384556575,65298.640625,151800
2022-05-05,65298.641943993505,67654.984375,64380.06777597403,67654.984375,224600
2022-05-06,66297.09393656717,67615.0482136194,65897.71385261194,66896.1640625,310000
2022-05-09,65218.774208502495,66696.48066638039,63900.81980012492,63940.7578125,372200
2022-05-10,62822.48491036234,65897.71144443602,62702.670889554276,65857.7734375,294000
2022-05-11,65817.83470948011,66017.52474197248,64699.570527522934,65298.640625,318800
2022-05-12,65298.64134039569,66536.71955541238,64659.63322941934,65857.7734375,478800
2022-05-13,65498.33867931776,65897.71879321605,61464.599528945146,64979.14453125,663200
2022-05-16,63501.42399893061,64659.626071867075,61704.21388575333,63022.16796875,199400
2022-05-17,61424.65910120846,66097.40625,61105.15502265861,66097.40625,344600
2022-05-18,64699.57285216718,65019.07691563467,63501.432614164085,64499.8828125,310800
2022-05-19,62303.28556629834,65059.0078125,62303.28556629834,65059.0078125,277200
2022-05-20,63221.856686801126,64180.36872753595,62303.28264776358,62502.97265625,333400
2022-05-23,62542.91892439974,63102.05102206359,61504.53074302401,61544.46875,192800
2022-05-24,61544.46143973214,61903.90345982143,61105.143415178565,61504.5234375,356200
2022-05-25,61504.5234375,62143.53147321428,61145.081417410714,61504.5234375,392400
2022-05-26,61504.53242442811,62183.47856158089,60905.46230341095,61105.15234375,454800
2022-05-27,61145.081417410714,61784.089453124994,60985.32940848214,61504.5234375,457400
2022-05-30,61504.53430573663,61863.976389341595,60985.340184973924,61264.90625,281800
2022-05-31,61264.90183733714,61784.0959207044,60665.83174114414,61304.83984375,341800
2022-06-01,60945.39201808459,61704.214068113164,60945.39201808459,61145.08203125,718200
2022-06-02,61145.08203125,61145.08203125,61145.08203125,61145.08203125,0
2022-06-03,61105.1528773357,62622.797197164946,61105.1528773357,61983.7890625,517400
2022-06-06,61903.90809838328,63461.49030214905,61903.90809838328,63301.73828125,442600
2022-06-07,63062.11869478971,63860.87890625,62662.73858905957,63860.87890625,275400
2022-06-08,63860.868195248906,64779.44228436131,63062.10811775987,63780.9921875,397800
2022-06-09,63780.99013236465,63820.92813495223,62702.6640625,62702.6640625,222000
2022-06-10,62702.68389346862,63221.878091312625,62502.993817374765,62982.25,153600
2022-06-13,61903.912505106215,61903.912505106215,60585.958238868465,61105.15234375,303000
2022-06-14,60705.77583333334,60865.52787500001,59747.26358333334,59907.015625,392800
2022-06-15,60705.7734375,60985.339499383226,59907.01326069079,60705.7734375,233600
2022-06-16,60905.45688638907,63102.04713475064,60905.45688638907,62463.0390625,313400
2022-06-17,61065.207053786056,62702.66518930288,60306.38499098558,62303.28515625,301600
2022-06-20,61105.15352590461,61784.09967619243,60506.0833932977,60705.7734375,104800
2022-06-21,61304.83618951613,63102.046370967735,59507.626008064515,61903.90625,365800
2022-06-22,62982.2312124399,62982.2312124399,61504.52509014423,62303.28515625,271000
2022-06-23,60546.02208279009,61863.976389341595,60546.02208279009,61264.90625,47000
2022-06-24,60785.635358089654,62223.403342906495,60785.635358089654,62143.52734375,168000
2022-06-27,62303.29280931122,62662.734883211095,61903.91272720025,62622.796875,198200
2022-06-28,62622.79925206875,62822.489300704176,61025.27886298536,62742.61328125,138200
2022-06-29,62742.601506696425,62742.601506696425,61304.83342633928,61504.5234375,78600
2022-06-30,61504.52432689197,62303.28438308538,61504.52432689197,61744.15234375,48600
2022-07-01,62183.47393548977,62183.47393548977,60905.457772396854,61464.58984375,123000
2022-07-04,61504.52987581433,61903.909939943,60905.459779621335,61304.83984375,41600
2022-07-05,61824.03593335544,61863.97394106432,60226.515625,60226.515625,302600
2022-07-06,60226.51045421035,61105.146548369914,59907.00641997051,60945.39453125,120600
2022-07-07,61065.21753961268,62383.171875,60466.147387163895,62383.171875,104200
2022-07-08,61065.21151928191,62423.10373095986,61065.21151928191,61943.84765625,183000
2022-07-11,61344.77756286266,61943.84765625,61105.14952550773,61943.84765625,109000
2022-07-12,61943.84765625,61943.84765625,61943.84765625,61943.84765625,0
2022-07-13,61185.021423339844,62223.40951538086,61185.021423339844,61344.7734375,83400
2022-07-14,61105.154383876696,61903.91457190123,61105.154383876696,61863.9765625,44800
2022-07-15,61504.5234375,61624.337444196426,60945.39140625,61504.5234375,77000
2022-07-18,61224.96807362597,61584.41015625,61185.03006444553,61584.41015625,24000
2022-07-19,61704.22268614477,62662.734883211095,61185.02857940051,62622.796875,278000
2022-07-20,62902.36330569462,63820.9375,62622.7972465582,63820.9375,214400
2022-07-21,63900.80303030303,66297.0831439394,63900.80303030303,65897.703125,446600
2022-07-22,65498.33358433735,67055.91590737952,64300.193335843374,66297.09375,392800
2022-07-25,66297.0831439394,66297.0831439394,65098.94308712122,65897.703125,261800
2022-07-26,64699.565071556346,67095.84525939178,64699.565071556346,66976.03125,330200
2022-07-27,67015.96925313059,67015.96925313059,66217.20919051878,66976.03125,233400
2022-07-28,67575.09813945087,69891.50221278901,67575.09813945087,69092.7421875,466600
2022-07-29,70051.265703125,73685.62441406249,70051.265703125,71888.4140625,340600
2022-08-01,72687.17460724043,73485.93476775957,72008.22847079918,73086.5546875,429200
2022-08-02,72687.18125998402,75043.52394918131,72687.18125998402,75003.5859375,460200
2022-08-03,74284.69120260663,76281.59150375197,73805.43513033175,75842.2734375,480400
2022-08-04,75083.46858108108,76002.04293074325,71888.42736486487,73885.328125,585400
2022-08-05,72727.11464180586,75882.21736377328,72527.42459611173,72926.8046875,439400
2022-08-08,73246.3090987569,75083.45752762431,71489.03668853591,72287.796875,295200
2022-08-09,73485.94131520532,73485.94131520532,71968.296875,71968.296875,277600
2022-08-10,72687.1640625,72687.1640625,71409.14799107143,72687.1640625,270800
2022-08-11,73006.66808035714,73765.49012276785,71888.40401785714,72687.1640625,397400
2022-08-12,72487.47405133928,72886.85407366071,72128.03203125,72687.1640625,218800
2022-08-15,72687.15969422043,74684.05968581988,72327.71769573253,74284.6796875,485800
2022-08-16,74843.81729554522,75283.135326629,74324.62325880985,75083.4453125,385600
2022-08-17,75083.45059681697,75363.01663627321,73485.93037135278,75283.140625,401600
2022-08-18,75243.2160368217,79037.32724886951,74324.64174337855,77280.0546875,660000
2022-08-19,76321.5271875,78318.42742788461,76321.5271875,77879.109375,208600
2022-08-22,78038.86647873711,78038.86647873711,76760.8502416237,77479.734375,175600
2022-08-23,77280.04113898026,77879.11122532895,75882.2109375,75882.2109375,178800
2022-08-24,75882.21047794117,76800.78460477942,74484.38028492648,74684.0703125,246200
2022-08-25,74724.01359166668,77000.48006666667,74604.19956666668,74883.765625,122800
2022-08-26,74803.87929271942,75283.135326629,73605.73920794549,75083.4453125,183000
2022-08-29,73286.2351853391,75842.26736619016,73286.2351853391,75083.4453125,212600
2022-08-30,75283.1358310604,75482.8258465274,74604.18977847259,75043.5078125,114800
2022-08-31,75003.56980940659,75243.197827967,74084.99573825838,75043.5078125,252000
2022-09-01,75043.5078125,75043.5078125,75043.5078125,75043.5078125,0
2022-09-02,75043.5078125,75043.5078125,75043.5078125,75043.5078125,0
2022-09-05,75043.50730967421,75123.3833153258,74324.62325880985,75083.4453125,211800
2022-09-06,75083.45009278896,76161.7762377386,75003.57408205196,75323.078125,207000
2022-09-07,75323.0733294548,75482.82534075799,74005.11923620346,75083.4453125,256800
2022-09-08,75482.83010563381,77120.28832485655,75083.45005216484,76561.15625,336400
2022-09-09,76880.6730319595,78078.81339089913,76561.16893624226,77399.8671875,453600
2022-09-12,77399.85331730769,78997.37350961538,77399.85331730769,77879.109375,455000
2022-09-13,77879.11403795812,78558.06016034032,76281.59375,76281.59375,326200
2022-09-14,75882.21807065218,75882.21807065218,73485.9375,73485.9375,474800
2022-09-15,73685.62095250945,75083.45116028063,73086.55086346465,74005.125,399600
2022-09-16,75442.8932137075,75442.8932137075,73086.55086346465,74005.125,378200
2022-09-19,74005.125,74883.76113059903,73845.37297625472,74005.125,294600
2022-09-20,74284.6955,75682.52579166667,74204.81948333334,74883.765625,163600
2022-09-21,74084.99524185505,75682.51535488697,73965.18123337766,75083.4453125,93400
2022-09-22,75642.58244485295,75642.58244485295,74204.81424632353,74684.0703125,205600
2022-09-23,75083.45036764706,75083.45036764706,74164.87624080882,74684.0703125,280400
2022-09-26,74284.70827702704,75083.46858108108,73485.94797297298,73885.328125,261400
2022-09-27,74444.4430652995,74444.4430652995,73086.55086346465,74005.125,181000
2022-09-28,73485.93476775957,73805.43883196721,69891.5140454235,73086.5546875,157600
2022-09-29,74124.94392778994,74124.94392778994,72088.10549011898,73006.6796875,126600
2022-09-30,71089.66706081081,74484.39835304054,71089.66706081081,73885.328125,190400
2022-10-03,72287.80632546652,74284.70705268935,72287.80632546652,72767.0625,154800
2022-10-04,72767.04114860373,75442.88733793219,72767.04114860373,75083.4453125,412400
2022-10-05,75722.46398809525,76281.5961061508,74724.01377728175,75482.8359375,530200
2022-10-06,73965.18447255113,74484.37853202368,73885.30846340151,74204.8125,108200
2022-10-07,73086.55009191176,74684.0703125,73086.55009191176,74684.0703125,356200
2022-10-10,74284.69512195121,74324.63313008129,72367.67073170732,73685.625,423000
2022-10-11,73286.2421875,74085.00232033379,72727.11009451635,73286.2421875,316600
2022-10-12,74883.76245316757,74883.76245316757,73286.2421875,73286.2421875,120400
2022-10-13,73286.24056332237,75882.2109375,72487.48044819079,75882.2109375,391200
2022-10-14,77080.35139662951,77080.35139662951,73485.93086518046,75243.203125,198200
2022-10-17,74084.99419654916,75802.32829382767,73326.17215356564,73925.2421875,133400
2022-10-18,75642.58391234193,75802.3359375,74005.1256544718,75802.3359375,360600
2022-10-19,75882.22195848612,76241.6640625,75283.15178512965,76241.6640625,227800
2022-10-20,75882.21216675379,76641.03428842133,75562.70811552535,76401.40625,228800
2022-10-21,76481.28147263601,77879.11168231865,75642.58334682642,77080.3515625,355000
2022-10-24,78278.49827348067,81074.15892610498,72287.796875,72287.796875,558600
2022-10-25,73326.18944688498,76880.67248652157,73286.25143520367,75003.5859375,504200
2022-10-26,77319.9752821064,77319.9752821064,74324.625,74324.625,301200
2022-10-27,74364.56175991218,75442.887843434,73286.23567639037,75043.5078125,444000
2022-10-28,75882.20714669533,76121.83516926384,74324.625,74324.625,171600
2022-10-31,75283.14118996222,75283.14118996222,72886.86083378305,74005.125,211400
2022-11-01,74005.13368055555,74644.1418504902,73166.43545751635,73326.1875,341400
2022-11-02,73326.18019414169,73326.18019414169,71928.34996168256,73286.2421875,330000
2022-11-03,73086.54408482142,73086.54408482142,72128.03203125,72687.1640625,126000
2022-11-04,72687.1640625,73885.30412946428,71489.02399553571,72687.1640625,235000
2022-11-07,72727.11531929347,73485.9375,72327.73522418478,73485.9375,393600
2022-11-08,73485.93476775957,73565.81078381148,73006.67867144808,73086.5546875,338400
2022-11-09,73126.49288617885,74204.81910569106,73126.49288617885,73685.625,290600
2022-11-10,74085.00508130081,74284.69512195121,73086.55487804877,73685.625,335200
2022-11-11,75083.46196086262,76641.04441643371,74204.82570387381,75003.5859375,324000
2022-11-14,75003.57302884615,78238.55141826923,72687.16875,77879.109375,480000
2022-11-15,77839.16722520108,77839.16722520108,74484.375,74484.375,318000
2022-11-16,72687.17799363939,74284.69838910399,72207.921875,72207.921875,542800
2022-11-17,73046.61667947404,77240.10752219945,71688.72440659153,73086.5546875,565200
2022-11-18,74045.07068743024,74085.00869750977,71289.34799194336,71568.9140625,590800
2022-11-21,72687.17663266703,73485.9368154436,71888.41644989047,72926.8046875,146600
2022-11-22,72167.98183119482,73885.31620791943,71928.35377862859,72367.671875,206200
2022-11-23,72207.90803571428,73086.54408482142,72207.90803571428,72687.1640625,107800
2022-11-24,73086.5596433518,73086.5596433518,71888.41932132964,72088.109375,305200
2022-11-25,72088.1041015625,72767.050234375,71848.47605468749,71888.4140625,288800
2022-11-28,66856.2242288961,71888.41314935066,66856.2242288961,70730.2109375,595400
2022-11-29,70770.14669744318,71848.47286044034,69611.94452237216,70290.890625,621400
2022-11-30,71808.538046875,72167.9801171875,70330.8317578125,71888.4140625,576600
2022-12-01,71489.03390464652,72088.1040211659,69891.51359392816,70051.265625,755200
2022-12-02,70091.19557733051,72207.9097457627,70091.19557733051,70690.265625,615000
2022-12-05,70730.21333733306,72287.79567508347,70730.21333733306,71768.6015625,334400
2022-12-06,71728.65397408964,71888.40598739496,71049.70791754202,71289.3359375,501000
2022-12-07,70530.519099162,71848.47330656425,70490.5810928771,71489.03125,428200
2022-12-08,71848.46263167135,71888.40063202247,70690.26062148876,71089.640625,376000
2022-12-09,71608.8346295646,71608.8346295646,70690.26062148876,71089.640625,435200
2022-12-12,71089.65472518228,71848.47688236118,71089.65472518228,71209.46875,471400
2022-12-13,71209.45462605338,71688.71063026685,71089.640625,71089.640625,723800
2022-12-14,71648.78327513966,71768.5972939944,70810.08514315642,71489.03125,504400
2022-12-15,71528.96925628491,71808.53530027933,71249.4032122905,71489.03125,279200
2022-12-16,71489.0330762987,71489.0330762987,70730.2109375,70730.2109375,851800
2022-12-19,70770.14391071428,71289.33796875,69891.5078125,69891.5078125,324200
2022-12-20,70053.56912481936,71714.75844472543,69688.91781069365,70094.0859375,612800
2022-12-21,69891.50926339286,71471.665125,69891.50926339286,70904.4296875,346000
2022-12-22,71025.9765625,72079.4137505348,71025.9765625,71025.9765625,246400
2022-12-23,71674.24920982143,71714.76602678571,70904.4296875,70904.4296875,150600
2022-12-26,71309.59031791908,71674.2416320448,70094.0859375,70094.0859375,441600
2022-12-27,71025.9908391035,71471.67589285714,69486.3515625,69486.3515625,276800
2022-12-28,69607.90455913598,71512.1953125,69526.87091005666,71512.1953125,314000
2022-12-29,70296.67903231637,71188.04902580971,70053.578125,70053.578125,206800
2022-12-30,70499.26443603955,71269.08399022618,67622.5703125,67622.5703125,334600
2023-01-02,67622.5703125,67622.5703125,67622.5703125,67622.5703125,0
2023-01-03,69324.2750462278,70296.67867048817,68149.28733357988,68473.421875,243400
2023-01-04,68554.4646319242,70499.27213921283,68473.43098578717,69486.3515625,233800
2023-01-05,69688.92688002296,74348.36094467566,69486.34279025545,70580.296875,510600
2023-01-06,71795.80198533481,73983.71017224682,70580.29743705037,73213.890625,260200
2023-01-09,72727.69411626531,73740.61464713252,71228.57173058184,72768.2109375,93800
2023-01-10,72808.73859401619,73011.32273033788,71350.1328125,71350.1328125,202400
2023-01-11,72930.27710635359,73700.09669803178,72930.27710635359,73335.4453125,310000
2023-01-12,73740.61222538931,73740.61222538931,72525.10762826752,72849.2421875,60400
2023-01-13,72849.24725154653,75523.35755110274,72849.24725154653,75320.7734375,436200
2023-01-16,76171.61903183024,76941.43858587534,75401.79947778514,76374.203125,210600
2023-01-17,76171.61346925133,76374.197547627,73862.15497576872,75766.4453125,177200
2023-01-18,77792.28609625668,77792.28609625668,75766.4453125,75766.4453125,150400
2023-01-19,76981.94963314486,78197.45410103662,75239.7265625,75239.7265625,403400
2023-01-20,75239.7265625,75239.7265625,75239.7265625,75239.7265625,0
2023-01-23,75239.7265625,75239.7265625,75239.7265625,75239.7265625,0
2023-01-24,75239.7265625,75239.7265625,75239.7265625,75239.7265625,0
2023-01-25,75239.7265625,75239.7265625,75239.7265625,75239.7265625,0
2023-01-26,75239.7265625,75239.7265625,75239.7265625,75239.7265625,0
2023-01-27,75280.25632767996,79007.80400375453,75280.25632767996,78237.984375,267200
2023-01-30,78237.97446546053,78237.97446546053,76779.36903782895,76981.953125,355600
2023-01-31,75766.45267030422,77306.09181547619,75563.86857225529,76576.7890625,111000
2023-02-01,76576.78162600267,77184.53386112968,75604.37804979946,75766.4453125,341400
2023-02-02,76981.95958333333,77589.71189583333,75401.80357083333,75969.0390625,177400
2023-02-03,75280.25978993776,78116.4375,75280.25978993776,78116.4375,210600
2023-02-06,77184.53536815506,79169.859375,77022.46810229018,79169.859375,157600
2023-02-07,77792.29864016736,79818.13975058838,77468.1640625,77468.1640625,57800
2023-02-08,76576.80000475406,80425.89841769144,76576.80000475406,79899.1796875,219400
2023-02-09,79939.69034200851,80628.47632062693,77792.29876160991,78521.6015625,99800
2023-02-10,79412.96149023231,79412.96149023231,76657.81792832629,76738.8515625,141800
2023-02-13,76576.79341453883,77751.78125,75523.35604481501,77751.78125,175800
2023-02-14,78156.94125249334,78156.94125249334,75806.96582862367,76171.6171875,102800
2023-02-15,76212.1376860119,77589.70955274471,76171.62086640211,76576.7890625,154000
2023-02-16,76212.13714088034,77184.54080455983,76171.62032156036,76860.40625,55400
2023-02-17,76860.40604957243,76981.9565072154,75604.38465392838,75806.96875,90600
2023-02-20,77387.13459516299,78156.95425867508,76374.21398527865,77063.0,139600
2023-02-21,76009.5436351706,77306.08169291339,76009.5436351706,77184.53125,169000
2023-02-22,77387.11793950535,77387.11793950535,75766.4453125,75766.4453125,164200
2023-02-23,76576.78831507215,76617.30513428648,74956.1155464992,75806.96875,155400
2023-02-24,75806.96948991402,76819.88998015872,74956.11627810846,76576.7890625,197600
2023-02-27,76981.95451632488,76981.95451632488,74996.63042616703,75077.6640625,115200
2023-02-28,76981.9535405585,77103.50399351728,75158.69674617685,76171.6171875,193800
2023-03-01,75361.28181818181,77994.875,75199.21454545454,77994.875,82800
2023-03-02,76813.75917896067,77383.9567550505,76202.83320457868,76610.1171875,76600
2023-03-03,77098.84677473262,77098.84677473262,75428.98268716577,76162.09375,184800
2023-03-06,78157.79052364864,78157.79052364864,75347.53125,75347.53125,152600
2023-03-07,75754.81164727127,76976.66344803371,75428.98450040129,76121.3671875,245400
2023-03-08,75103.1568699732,75958.453125,75103.1568699732,75958.453125,194600
2023-03-09,75958.453125,76202.8234835791,75917.7247319035,75958.453125,433400
2023-03-10,75225.35844474004,76202.84009209994,75225.35844474004,75591.9140625,533400
2023-03-13,76080.63696524064,76162.09375,75754.80982620321,76162.09375,707000
2023-03-14,76447.19229029605,77383.9453125,76162.0935444079,77383.9453125,522600
2023-03-15,77628.31701022427,77994.87254699868,77017.39111560026,77180.3046875,467600
2023-03-16,77343.22203043193,79827.65412303664,76162.09857657067,77791.234375,616200
2023-03-17,77791.23946126302,78198.5234375,77058.12830403645,78198.5234375,813800
2023-03-20,77424.6685350529,78279.96471560847,75795.53295304232,76976.65625,84800
2023-03-21,76976.66431451612,77383.94825268818,75714.0841061828,75754.8125,283200
2023-03-22,75551.17427083333,76935.93972916667,74736.60635416667,76365.7421875,363200
2023-03-23,76365.74083693484,76650.83960272606,75021.70379820478,76569.3828125,173000
2023-03-24,75347.5345696885,76650.84327575879,75347.5345696885,76487.9296875,261200
2023-03-27,75795.5408938172,76569.38037634408,75591.89892473118,75754.8125,116800
2023-03-28,75754.8125,75958.45446908602,75428.98534946237,75754.8125,119600
2023-03-29,76080.6428499191,76080.6428499191,74980.97617061084,75510.4453125,119800
2023-03-30,75877.00038851351,75877.00038851351,75103.16087837837,75347.53125,140200
2023-03-31,75347.52110686248,75673.34822516242,74736.59526005008,75225.3359375,132800
2023-04-03,74940.25828729282,75143.90029350828,73718.40625,73718.40625,187800
2023-04-04,73799.85558286517,73962.76917134832,72415.09008075843,72496.546875,330000
2023-04-05,72537.27939093485,72537.27939093485,71478.34100566573,71885.625,334200
2023-04-06,72700.1855744771,72700.1855744771,71885.61766888072,72048.53125,294600
2023-04-07,72089.265625,72455.82121292372,71722.71003707626,72089.265625,130800
2023-04-10,72333.62768969421,72333.62768969421,71681.97338618347,71926.34375,387400
2023-04-11,71600.51464285715,71763.42821428571,71274.6875,71274.6875,262800
2023-04-12,70948.87127192982,70948.87127192982,69523.37730263158,69645.5625,672000
2023-04-13,69849.20075129055,70337.9415145649,68627.34884310472,69034.6328125,373200
2023-04-14,69034.63178330839,69238.27376497006,68016.421875,68016.421875,553200
2023-04-17,67853.50068597561,68016.41425304877,66794.5625,66794.5625,465200
2023-04-18,67079.6595766737,68423.6964716526,67038.93118591676,67527.671875,359000
2023-04-19,68301.51310794454,69645.55003851232,67690.58723041373,69401.1796875,658200
2023-04-20,69930.65480663489,70623.03752749266,69441.9140625,69441.9140625,492400
2023-04-21,70256.48196939149,70297.21036473608,69441.9140625,69441.9140625,339800
2023-04-24,69441.91088909993,69727.00964348334,69441.91088909993,69686.28125,253000
2023-04-25,69686.2908991228,69727.01929824562,68830.99451754386,69645.5625,395200
2023-04-26,69645.5625,69849.20449561403,69564.1057017544,69645.5625,355000
2023-04-27,69645.55441810345,70867.40625,69034.62850215517,70867.40625,309200
2023-04-28,70989.59689316861,71193.23888081395,70052.84375,70052.84375,150600
2023-05-01,70052.84375,70052.84375,70052.84375,70052.84375,0
2023-05-02,70052.84375,70052.84375,70052.84375,70052.84375,0
2023-05-03,70052.84375,70052.84375,70052.84375,70052.84375,0
2023-05-04,70052.84926470589,70052.84926470589,67649.87362132352,67853.515625,216000
2023-05-05,67934.96131042296,68220.06006891995,67324.035399358,67405.4921875,220400
2023-05-08,67609.13147522522,67934.95861486487,67527.67469031531,67812.7734375,135800
2023-05-09,68016.41760675347,68016.41760675347,67201.8497312235,67242.578125,158800
2023-05-10,67242.58410260291,67527.68288438256,67242.58410260291,67283.3125,202600
2023-05-11,67324.03025265958,68830.9807180851,66794.56117021276,66998.203125,328600
2023-05-12,67364.76183076571,67486.94700941886,66346.55200865619,66753.8359375,299400
2023-05-15,67079.66724748629,67446.22280621572,66794.56847958562,66835.296875,238000
2023-05-16,67201.84911809817,67201.84911809817,66305.82446319019,66387.28125,146800
2023-05-17,66387.27475961538,66387.27475961538,66020.71925480769,66183.6328125,206000
2023-05-18,66183.6521151032,66387.29412161122,65817.09650338879,66102.1953125,359800
2023-05-19,66102.18557482887,66102.18557482887,65206.16087818917,65450.53125,151400
2023-05-22,65450.53125,65898.54359831985,65246.889273490975,65450.53125,133000
2023-05-23,65776.35435092374,65898.5395292846,64432.317388954405,64758.14453125,289200
2023-05-24,64758.14453125,64758.14453125,64758.14453125,64758.14453125,0
2023-05-25,64554.50525365902,64676.69043710443,63536.29539161392,64350.86328125,195000
2023-05-26,64350.866157556266,64350.866157556266,63129.01426848875,63332.65625,141200
2023-05-29,63373.38832099163,64106.499496941404,63210.47472633613,63251.203125,181800
2023-05-30,63291.92650240385,63658.482061298084,63251.198106971155,63536.296875,291200
2023-05-31,63536.29539161392,64554.50525365902,63536.29539161392,64350.86328125,315800
2023-06-01,63699.20148546144,64758.13961757269,63699.20148546144,64432.3125,252200
2023-06-02,64961.78919847706,64961.78919847706,64187.94970332279,64350.86328125,277400
2023-06-05,65165.43679422836,65287.621988217536,64798.88121226082,64921.06640625,226600
2023-06-06,65124.69348632812,65206.15026367187,64880.32315429687,65165.421875,253600
2023-06-07,65206.165663622494,65287.62246020416,65002.52367216833,65083.98046875,410200
2023-06-08,65246.89406191333,65246.89406191333,64961.795273877506,65083.98046875,316400
2023-06-09,65577.3397943038,65577.3397943038,64960.625,64960.625,54800
2023-06-12,65001.74453125,66687.43177083334,65001.74453125,66605.203125,218200
2023-06-13,66646.3195351128,66687.43385931705,66029.60467204882,66522.9765625,169200
2023-06-14,66522.97447916667,67221.91796875,66029.60260416666,66605.203125,406400
2023-06-15,66934.11770833333,66934.11770833333,65371.7734375,65371.7734375,217200
2023-06-16,66194.05854334678,66194.05854334678,63727.19921875,63727.19921875,469800
2023-06-19,64549.48254643654,64549.48254643654,64097.22502541055,64467.25390625,258800
2023-06-20,64467.25780746942,64467.25780746942,63809.42864616871,63850.54296875,195600
2023-06-21,63850.54218497984,64056.1137953629,63480.51328629032,63727.19921875,273600
2023-06-22,63727.19921875,63727.19921875,63727.19921875,63727.19921875,0
2023-06-23,63644.97445087859,64343.91796875,63480.517152555905,64343.91796875,397200
2023-06-26,64919.51193159054,64919.51193159054,64138.33984375,64138.33984375,279800
2023-06-27,63973.87963487695,64549.480094316714,63480.50781250001,63480.5078125,389200
2023-06-28,63891.6635675905,63891.6635675905,63562.74895462993,63603.86328125,169600
2023-06-29,63809.422605519474,63809.422605519474,63316.05078125,63316.05078125,359600
2023-06-30,63480.512227376305,63480.512227376305,63110.483334859215,63151.59765625,305400
2023-07-03,63316.05389964216,63644.968465354585,63110.48229607189,63192.7109375,156200
2023-07-04,63192.71197764079,63439.39790598552,63069.36901346843,63151.59765625,198000
2023-07-05,63233.8359375,63644.979214076724,63151.607282184654,63233.8359375,160000
2023-07-06,63233.8323011734,63316.060951760104,63069.375,63069.375,182800
2023-07-07,63151.605298013244,63480.5199089404,62041.518486134104,62082.6328125,407200
2023-07-10,62123.74271249169,62205.97135936461,61671.48515469062,61794.828125,395600
2023-07-11,61671.484375,62000.39895833334,61671.484375,61671.484375,407000
2023-07-12,61671.489548841055,62493.77607615894,61671.489548841055,62082.6328125,198000
2023-07-13,62164.85881514658,63316.05990431596,62164.85881514658,63110.48828125,413400
2023-07-14,63151.607282184654,63233.8359375,62946.03564389629,63233.8359375,238400
2023-07-17,63439.40287815554,63768.31747506108,62904.91665818404,63110.48828125,242200
2023-07-18,63233.82367529393,63398.28095403331,62740.451839075766,62946.0234375,246400
2023-07-19,62946.03047284031,63151.60209424084,62822.6875,62822.6875,302200
2023-07-20,62822.68333877285,63274.94087589752,62781.56901721606,62987.140625,222000
2023-07-21,62946.0234375,62987.13775718485,62658.22319970607,62946.0234375,244800
2023-07-24,63028.25574344758,63932.770829133064,63028.25574344758,63727.19921875,464200
2023-07-25,64056.10996835443,65001.739319620254,63809.424050632915,64960.625,758600
2023-07-26,64919.519956683165,66522.9786509901,64919.519956683165,66440.75,398400
2023-07-27,66194.06303643882,66399.6346607756,65577.34816342853,65865.1484375,302600
2023-07-28,65782.91799363057,65865.14664112261,64549.48828125,64549.48828125,648800
2023-07-31,64508.36822634327,65659.56918895488,64385.02526606346,64467.25390625,551000
2023-08-01,65412.88619101168,65782.91508838384,64960.62864977904,65125.0859375,264800
2023-08-02,65495.11353445563,65495.11353445563,64837.284396633106,65330.65625,244200
2023-08-03,65618.46066176471,66399.6328125,65371.774719427245,66399.6328125,560400
2023-08-04,66810.77869450934,66810.77869450934,65577.34893399532,65988.4921875,491800
2023-08-07,65865.14790372671,66687.43439440994,65618.46195652174,66194.0625,570200
2023-08-08,66728.55027846534,66728.55027846534,66029.6067450495,66440.75,337200
2023-08-09,66440.74844720497,66481.86277173914,65906.26222826086,66194.0625,255000
2023-08-10,66317.4018183764,66317.4018183764,65782.91562889166,66029.6015625,361800
2023-08-11,65782.91536050156,66029.60129310345,65166.20052899686,65577.34375,374600
2023-08-14,65371.76819620253,65618.45411392405,64960.625,64960.625,326000
2023-08-15,64960.62445367133,64960.62445367133,64426.13830310315,64672.82421875,295200
2023-08-16,65371.76764641608,65577.33924278847,64549.48126092657,64672.82421875,437000
2023-08-17,64672.82915863841,64672.82915863841,63932.7713551702,64015.0,651600
2023-08-18,63932.76976267497,65166.199404398605,62781.56876373291,63151.59765625,610800
2023-08-21,63521.62811579077,63521.62811579077,62493.7700556647,62781.5703125,416600
2023-08-22,62781.571093750004,63069.371354166666,61671.484375,61671.484375,781400
2023-08-23,62699.34138959444,62822.68435626249,61671.48333402732,61712.59765625,706400
2023-08-24,63686.08882583469,63727.20315044788,62987.14530741042,63110.48828125,1218800
2023-08-25,63850.54918573944,65042.864656690144,63603.863226232395,64220.578125,861200
2023-08-28,64960.634946817016,64960.634946817016,64097.23410258717,64261.69140625,573400
2023-08-29,64343.91691127056,65495.11798060958,64097.23096784076,65001.74609375,550800
2023-08-30,65577.35233006101,66111.83858729662,65248.43771022372,65700.6953125,558600
2023-08-31,65782.91139240506,65988.48299050632,64960.625,64960.625,590200
2023-09-01,64960.625,64960.625,64960.625,64960.625,0
2023-09-04,64960.625,64960.625,64960.625,64960.625,0
2023-09-05,65371.77161228747,65947.37211704974,65166.200003443795,65289.54296875,670800
2023-09-06,65083.97317708334,65782.91666666667,65083.97317708334,65371.7734375,478600
2023-09-07,65536.23460864487,66194.06381425234,65495.120283294396,65988.4921875,470400
2023-09-08,66111.83020703611,66522.97342971669,65782.91562889166,66029.6015625,571400
2023-09-11,66440.74708955224,69853.23595615671,66440.74708955224,68866.4921875,1689200
2023-09-12,69853.2448517984,70099.93082537745,68989.84394427176,69442.1015625,965600
2023-09-13,69524.31688399281,69812.11713129497,68455.3445368705,68578.6875,1370200
2023-09-14,72361.20671948357,72361.20671948357,69154.28960350645,70058.8046875,1162600
2023-09-15,70716.63056558363,70716.63056558363,68332.0,68332.0,511300
2023-09-18,68332.00897277228,68332.00897277228,66111.8353960396,66440.75,483600
2023-09-19,66358.51186708861,67263.02689873418,64549.48180379747,64960.625,665800
2023-09-20,65042.86141304347,66605.2057453416,64960.632763975154,66194.0625,523000
2023-09-21,66276.28591796875,67263.02962890625,65782.9140625,65782.9140625,480400
2023-09-22,64960.62549697838,65289.540056456746,63480.5099793257,64631.7109375,463700
2023-09-25,64713.94292249178,65289.54343133223,62493.76953125,62493.76953125,226500
2023-09-26,62493.776352921646,62987.14827149734,61671.48982196215,61918.17578125,414000
2023-09-27,61918.173488107284,62164.85943825911,60766.97238739879,60931.4296875,509500
2023-09-28,61013.6546745511,61260.340609892955,59533.5390625,59533.5390625,452200
2023-09-29,60026.91670258621,60273.60266163793,59533.54478448276,59615.7734375,361200
2023-10-02,60273.59608839897,60273.59608839897,59697.99558005136,60026.91015625,218300
2023-10-03,60191.36902115932,60191.36902115932,57806.73828125,57806.73828125,608100
2023-10-04,57560.05078125,57724.50806919643,56984.4502734375,57560.05078125,335600
2023-10-05,57724.50674460432,58382.33588129497,57148.90625,57148.90625,185000
2023-10-06,57148.90807403915,57560.05129759339,56162.16433750898,57231.13671875,320300
2023-10-09,57313.36245230741,57395.59109284157,56573.3046875,56573.3046875,438200
2023-10-10,56737.76196856831,57395.59109284157,55915.47556322674,56573.3046875,596000
2023-10-11,56573.3096507353,56655.53829848346,55751.02317325368,55915.48046875,532600
2023-10-12,56244.395818214805,56655.5390625,56079.93852050073,56655.5390625,526200
2023-10-13,56491.08402616798,57888.97111269615,56079.94076542439,57642.28515625,605600
2023-10-16,57642.276352036315,59040.163225052886,57642.276352036315,58300.10546875,664200
2023-10-17,58793.47857430258,58875.707215665236,57477.8203125,57477.8203125,352500
2023-10-18,57477.82237143118,57477.82237143118,55504.334908034405,56162.1640625,511400
2023-10-19,56162.1640625,56573.307284040995,55751.020840959,56162.1640625,289500
2023-10-20,56244.39247767857,57560.05078125,55915.477901785714,57560.05078125,209500
2023-10-23,57560.049663532445,57560.049663532445,55751.01953125,55751.01953125,315200
2023-10-24,55668.79501515014,57395.59663304993,55668.79501515014,56819.99609375,175100
2023-10-25,56737.76536533599,57313.36588353504,56326.622138050945,56902.22265625,223500
2023-10-26,55915.47889916918,56326.62212636896,54270.90599037009,54435.36328125,389100
2023-10-27,54188.675428387476,54188.675428387476,51063.98701218304,51886.2734375,997300
2023-10-30,51886.27849378084,51886.27849378084,49995.01953125,49995.01953125,379900
2023-10-31,50077.24782986112,50159.476479828045,46623.64453125,46623.64453125,840800
2023-11-01,46870.331486824914,47528.160700675086,45143.529800468204,47199.24609375,735700
2023-11-02,47610.387902076545,50488.390625,47610.387902076545,50488.390625,719700
2023-11-03,50488.38929235133,53201.93464519757,50488.38929235133,52544.10546875,745600
2023-11-06,53037.47630877077,54435.36328125,52544.10443613104,54435.36328125,571800
2023-11-07,54517.595370103685,54928.73862327189,53366.39426123272,53530.8515625,441800
2023-11-08,53859.76616503456,53859.76616503456,51475.135296658984,53530.8515625,924800
2023-11-09,53859.763821645145,54106.44976281299,52297.41952758216,52544.10546875,1035500
2023-11-10,52461.87684044471,52461.87684044471,51228.447134164664,51310.67578125,740700
2023-11-13,51310.67924143556,52215.194420371125,50241.706757238986,50406.1640625,573500
2023-11-14,50817.30442288307,52050.734141885085,50735.0757749496,50981.76171875,734800
2023-11-15,51968.5078125,53037.48028332674,51886.27916089794,51968.5078125,1323600
2023-11-16,52379.64972132983,53119.707566686135,51968.506473909656,52790.79296875,740900
2023-11-17,52873.02032231161,53777.535444466244,52132.96249509419,52379.6484375,978300
2023-11-20,51557.3609375,52297.418750000004,51392.903645833336,51804.046875,659500
2023-11-21,51968.50208003169,52461.87393522187,51721.81615243661,51886.2734375,563600
2023-11-22,51886.27293307087,52544.10206692914,51886.27293307087,52215.1875,474900
2023-11-23,52297.418201572844,52544.10413648593,49666.1015625,49666.1015625,617600
2023-11-24,49748.33072916667,51804.046875,49748.33072916667,51804.046875,764100
2023-11-27,51392.90389895995,52955.248177488334,51310.675252721616,52873.01953125,946000
2023-11-28,53037.476044876734,53366.390625,52132.96094953775,53366.390625,497100
2023-11-29,53366.39089053059,54928.73515388973,52790.79037245091,54435.36328125,770200
2023-11-30,54106.446322115386,54599.81817307692,53448.6171875,53448.6171875,549900
2023-12-01,53448.6171875,53613.07447115384,52708.55941105769,53448.6171875,288000
2023-12-04,53448.6195300425,54188.67733892002,52790.79036659583,53201.93359375,552500
2023-12-05,53859.76168823242,53859.76168823242,52626.33203125,52626.33203125,401700
2023-12-06,52626.33052147239,53695.3028601898,52626.33052147239,53613.07421875,288500
2023-12-07,54188.678127381856,54188.678127381856,53448.62030773628,53941.9921875,626200
2023-12-08,54270.90677400915,54270.90677400915,53530.848954363566,53941.9921875,555900
2023-12-11,54024.21900644084,54353.13358182252,53530.84714336832,53859.76171875,383500
2023-12-12,53859.760396634614,54188.67496394231,53366.38854567308,53448.6171875,360800
2023-12-13,53613.07575683594,54106.44761962891,52626.33203125,52626.33203125,745900
2023-12-14,52955.24791666667,53366.39114583333,51804.046875,51804.046875,427100
2023-12-15,51886.27578249403,52297.41901373408,51639.58984375,51639.58984375,844700
2023-12-18,51721.822224339434,51721.822224339434,50406.16378938008,50570.62109375,591300
2023-12-19,50899.53669488545,51392.90861761455,50570.62207973272,51146.22265625,528200
2023-12-20,51146.21901461694,51557.36225428428,50899.533070816535,50981.76171875,565300
2023-12-21,50570.61847908267,51146.21901461694,50570.61847908267,50981.76171875,445100
2023-12-22,50981.7643546748,51063.99300685975,50570.62109375,50570.62109375,639900
2023-12-25,50488.389831149194,51886.27684601815,50488.389831149194,50981.76171875,546700
2023-12-26,51228.44868296452,51804.04922996412,51228.44868296452,51557.36328125,357500
2023-12-27,51721.81743785225,52050.732016153386,51063.98828125,51063.98828125,646500
2023-12-28,51475.13727140273,51886.28054034365,51146.22265625,51146.22265625,868500
2023-12-29,51804.046875,52215.19010416667,51557.3609375,51804.046875,1568600
2024-01-01,51804.046875,51804.046875,51804.046875,51804.046875,0
2024-01-02,52544.10206692914,52873.01663385827,52050.730216535434,52215.1875,770100
2024-01-03,52379.64478346457,52379.64478346457,51968.50157480315,52215.1875,557100
2024-01-04,52383.62640224359,52720.498597756414,52383.62640224359,52552.0625,773600
2024-01-05,52552.06290387722,52552.06290387722,51878.31850767366,52130.97265625,708500
2024-01-08,52130.97015901771,52467.842340982286,52130.97015901771,52299.40625,654700
2024-01-09,52215.18859070617,52467.842729048294,51794.09836013596,51878.31640625,558500
2024-01-10,51878.31861636513,51878.31861636513,51036.13811934622,51204.57421875,822000
2024-01-11,51204.57451140065,52046.7550132329,51204.57451140065,51709.8828125,489400
2024-01-12,51709.88070274141,51709.88070274141,50951.918282017185,51457.2265625,497900
2024-01-15,51373.01143418874,51794.10169184602,50867.703125,50867.703125,443100
2024-01-16,50951.921176531454,51036.139228062915,50615.04897040562,50867.703125,266500
2024-01-17,50867.703125,51036.139228062915,50699.267021937085,50867.703125,469900
2024-01-18,51120.357980371904,51120.357980371904,50867.703822314055,50951.921875,446200
2024-01-19,52046.7550132329,52046.7550132329,51204.57451140065,51709.8828125,714800
2024-01-22,51878.315373563215,51878.315373563215,51204.571018062394,51288.7890625,360100
2024-01-23,51288.7926772388,51373.01072761194,50783.484375,50783.484375,346300
2024-01-24,50783.484375,50951.920475746265,50615.04827425373,50783.484375,472300
2024-01-25,50783.484375,50783.484375,50783.484375,50783.484375,0
2024-01-26,49688.64821934991,49772.86626717932,47920.06921493237,48256.94140625,2066000
2024-01-29,48256.94557561528,49688.652512413646,48256.94557561528,48762.25390625,701800
2024-01-30,48846.46702906468,48846.46702906468,48172.72265625,48172.72265625,732100
2024-01-31,48256.94221109014,48762.25050649423,47414.76171875,47414.76171875,1095600
2024-02-01,47498.98035326087,48593.81500679348,47498.98035326087,48425.37890625,592000
2024-02-02,48425.37890625,48425.37890625,48425.37890625,48425.37890625,0
2024-02-05,48172.72516447368,48341.16126644737,47920.07101151316,48004.2890625,882600
2024-02-06,48004.287262761776,48341.1594540794,47835.85116710296,48256.94140625,671200
2024-02-07,48256.94101427336,48762.24929714533,48088.5049199827,48678.03125,568300
2024-02-08,48678.03125,48678.03125,48678.03125,48678.03125,0
2024-02-09,48678.03125,48678.03125,48678.03125,48678.03125,0
2024-02-15,48762.24960536173,49520.212034460616,48762.24960536173,49183.33984375,864400
2024-02-16,49267.558997844826,49435.995096982755,48678.032650862064,48846.46875,1078900
2024-02-19,48846.47196135578,48930.69001646157,48172.7275205095,48762.25390625,1268000
2024-02-20,49099.12319352602,50193.95784449659,48846.469043302044,49351.77734375,1642700
2024-02-21,49688.64995697074,49688.64995697074,48762.25139845094,48930.6875,1131900
2024-02-22,48930.68679956896,49267.558997844826,48762.25070043103,48846.46875,788900
2024-02-23,48846.46957236842,49014.90567434211,47920.07101151316,48004.2890625,1499400
2024-02-26,48172.72628643993,48341.16239233657,47498.981862853354,47667.41796875,809500
2024-02-27,47667.415866452044,47667.415866452044,46993.67147257993,47414.76171875,1759100
2024-02-28,47583.19594887349,48593.8125,47583.19594887349,48593.8125,1090300
2024-02-29,48846.472222222226,49857.088888888895,48762.254166666666,49267.5625,2670400
2024-03-01,49520.213443899316,49604.43149397398,48930.687093376706,49351.77734375,847400
2024-03-04,49435.99327964194,49688.64741906089,49014.90304727702,49099.12109375,1252100
2024-03-05,49183.339452461805,49604.4296875,48762.2492174236,49604.4296875,1003900
2024-03-06,49857.085032626426,52046.754307708,49772.86698358483,51625.6640625,4279400
2024-03-07,51625.663050484734,52467.8435243915,50783.48257657797,51036.13671875,2509100
2024-03-08,51288.790546874996,51457.226640625,50109.737890625,50530.828125,1825500
2024-03-11,50530.83104974705,50951.921308494944,49688.65053225127,49941.3046875,2346300
2024-03-12,49941.299366804145,50530.825666243654,49688.64523847293,49772.86328125,1290300
2024-03-13,49941.30288511955,50193.95703125,49351.77654414849,50193.95703125,1485900
2024-03-14,50446.61270895443,50530.83076022146,49435.99609375,49435.99609375,1458700
2024-03-15,49435.995096982755,49520.21314655172,48341.160452586206,48846.46875,2037000
2024-03-18,48930.689477237655,49351.7797481261,47246.32839368386,47751.63671875,1833100
2024-03-19,48256.942511533394,48341.16056129174,47667.41616322496,47920.0703125,654600
2024-03-20,48004.28836225835,48088.50641201669,47498.98006370826,47920.0703125,739800
2024-03-21,48341.15874945367,48509.59484265734,48088.50460964816,48172.72265625,738100
2024-03-22,48425.37750190881,48509.59554973822,48088.50531059119,48256.94140625,698100
2024-03-25,48256.94321546053,48593.815419407896,47835.85296052632,48004.2890625,1086200
2024-03-26,48004.28836225835,48172.72446177505,47667.41616322496,47920.0703125,910400
2024-03-27,48004.2886548913,48678.033057065215,47920.07060461956,48425.37890625,598300
2024-03-28,48425.376796055505,48425.376796055505,47920.06851644449,48172.72265625,1074300
2024-03-29,48341.16309799383,48341.16309799383,47751.63671875,47751.63671875,618700
2024-04-01,47751.63351397447,48088.505708076584,47667.41546544894,47835.8515625,600200
2024-04-02,47920.070721132535,47920.070721132535,47414.762418273494,47498.98046875,1026300
2024-04-03,47498.98158482143,47751.6357421875,47162.109375,47162.109375,1435600
2024-04-04,47330.545063606194,47667.417270464604,47330.545063606194,47583.19921875,991100
2024-04-05,47583.20033979501,47583.20033979501,47246.328125,47246.328125,947600
2024-04-08,47330.5405176311,47330.5405176311,46572.578125,46572.578125,1057800
2024-04-09,46656.80190340909,46741.01995738636,46235.711633522726,46319.9296875,1017800
2024-04-10,46572.578125,46741.01421225136,46404.14203774864,46572.578125,522900
2024-04-11,46404.14662539485,46825.23688515343,46319.92857344314,46656.80078125,493900
2024-04-12,46741.01911272321,47414.76353236607,46656.801060267855,47162.109375,957300
2024-04-15,47162.11022727272,47162.11022727272,45898.839417613635,46319.9296875,926600
2024-04-16,46319.92829037409,46319.92829037409,44635.56726163321,46151.4921875,1104300
2024-04-17,46151.49048032408,46235.70852864584,45477.74609375,45477.74609375,364800
2024-04-19,45225.09316964285,45393.52927083333,43793.386309523805,44214.4765625,1184600
2024-04-22,44972.44001116071,45225.09416852678,44635.56780133928,44804.00390625,356700
2024-04-23,45056.656655365565,45140.874705188675,44046.04005748821,44635.56640625,373300
2024-04-24,44888.224733267256,45309.31502157183,44719.78861794543,45140.87890625,467200
2024-04-25,45140.87281709559,46741.01569680607,45140.87281709559,45814.6171875,1107400
2024-04-26,45814.6171875,46572.57960420496,45561.96304859835,45814.6171875,705300
2024-04-29,45814.6171875,45814.6171875,45814.6171875,45814.6171875,0
2024-04-30,45814.6171875,45814.6171875,45814.6171875,45814.6171875,0
2024-05-02,45983.05690978357,47751.63602169832,45898.838856835246,47667.41796875,1580600
2024-05-03,48004.29088128307,48088.508935460755,47667.41866457231,47751.63671875,784800
2024-05-06,47751.634909539476,48425.37931743421,47583.198807565794,48004.2890625,884900
2024-05-07,48004.28617850953,48762.24859185442,47583.19594887349,48593.8125,913700
2024-05-08,48509.595076400685,50530.828204584046,48004.28679435484,49604.4296875,2243700
2024-05-09,49604.432325575086,49688.65037706163,48425.37960476345,48509.59765625,1040100
2024-05-10,48593.81570773655,48930.68791368273,48256.94350179037,48509.59765625,784000
2024-05-13,48509.596660808435,48762.25081008348,47751.63421298331,47920.0703125,725700
2024-05-14,48004.28586088004,48425.37608772986,47920.067815510076,48088.50390625,479300
2024-05-15,48172.72545030382,48846.46986219618,48172.72545030382,48509.59765625,896300
2024-05-16,48593.81500679348,48930.68720788044,48425.37890625,48425.37890625,769400
2024-05-17,48678.03334767642,49604.43190619621,48425.37919535284,48930.6875,1434500
2024-05-20,48930.68539143599,49520.21172145329,48678.03125,48678.03125,669100
2024-05-21,48678.032650862064,49520.21314655172,48425.378502155174,48846.46875,1171200
2024-05-22,49099.123308423914,49351.77745923913,48425.37890625,48425.37890625,927200
2024-05-23,48678.03147321429,50278.17437631303,48425.37733061975,50109.73828125,1912100
2024-05-24,50109.73949353448,50109.73949353448,48678.032650862064,48846.46875,1322500
2024-05-27,48846.472222222226,49351.78055555556,48846.472222222226,49267.5625,654000
2024-05-28,49435.992763831964,51373.0078125,49183.338627049176,51373.0078125,2525000
2024-05-29,51373.01213842975,51625.66629648761,50783.4857696281,50951.921875,1467500
2024-05-30,50193.95884274873,50530.83104974705,49099.124170004216,49941.3046875,1667200
2024-05-31,49941.30155847985,49941.30155847985,49099.12109375,49099.12109375,1492400
2024-06-03,49099.12109375,49099.12109375,49099.12109375,49099.12109375,0
2024-06-04,50278.17595938518,51962.53696304968,50109.73985901873,51709.8828125,2338200
2024-06-05,52215.193049733236,55247.04296875,52046.75694312119,55247.04296875,2896100
2024-06-06,56005.00077528626,57689.36170085878,54910.166173664125,55162.8203125,2270100
2024-06-07,55247.035806332846,58447.32141706554,55247.035806332846,57184.05078125,2577800
2024-06-10,57773.57960210487,57773.57960210487,56341.872818962336,57015.6171875,2027900
2024-06-11,57015.62039455437,57436.71064857618,56173.43988651073,56931.40234375,1730800
2024-06-12,56931.4020522388,56931.4020522388,55920.78544776119,56426.09375,1706900
2024-06-13,56678.749874952366,56678.749874952366,55162.82491544398,55247.04296875,1816900
2024-06-14,54573.29485410095,54825.948996944004,52720.49780658517,53394.2421875,3852700
2024-06-17,53394.24748181997,54236.42804147013,52720.50303409984,53562.68359375,1936900
2024-06-18,53731.11970568003,53899.55581761007,53225.81136988994,53562.68359375,739100
2024-06-19,53562.67620967742,53815.33034274193,52046.75141129032,52215.1875,1464400
2024-06-20,52467.842340982286,52888.932568438,51036.135567632846,52299.40625,947800
2024-06-21,52720.49615091464,52888.93224085366,51794.09765625,51794.09765625,960200
2024-06-24,52299.40592606708,52973.15028582317,51120.3532964939,51794.09765625,950000
2024-06-25,51794.09914526609,52046.753287438114,49941.3021026712,51036.13671875,1150200
2024-06-26,51036.13640625,51204.572499999995,50362.39203125,50530.828125,848100
2024-06-27,50867.700623968645,51962.535240047444,50446.610387015266,51036.13671875,1076400
2024-06-28,51373.00859375,51625.662734375,50530.828125,50530.828125,947400
2024-07-01,51036.13492918719,51288.7890625,50699.26275143678,51288.7890625,278900
2024-07-02,51373.01311019199,51541.44921875,51120.35894735498,51541.44921875,424800
2024-07-03,51625.66156631098,51794.09765625,51373.00743140244,51794.09765625,450400
2024-07-04,52299.40631403688,52299.40631403688,51373.0078125,51373.0078125,679800
2024-07-05,51808.37473060345,51895.44762931034,50502.28125,50502.28125,1112800
2024-07-08,50502.28363253546,50502.28363253546,48499.60686779699,49109.1171875,1317900
2024-07-09,49196.18636152923,50937.64428583115,48499.60319180846,49892.76953125,1503200
2024-07-10,49979.846215647165,50153.992021276594,49109.1171875,49109.1171875,584100
2024-07-11,49544.480371614125,49544.480371614125,48934.97006827265,49022.04296875,561000
2024-07-12,49196.188720703125,49196.188720703125,48499.60551757812,48760.82421875,481400
2024-07-15,49109.117103494624,49109.117103494624,48499.60678483423,48586.6796875,402500
2024-07-16,48586.6796875,48847.898395497316,48412.53388216846,48586.6796875,888900
2024-07-17,48586.679427083334,48847.89813368056,46758.148480902775,47019.3671875,1128200
2024-07-18,47193.513035220996,48325.46076484807,46584.002719267955,47280.5859375,1203600
2024-07-19,47280.586064877716,48151.31509001359,47280.586064877716,48064.2421875,728700
2024-07-22,48064.240967235186,49196.188671173695,47628.87646572038,48499.60546875,990500
2024-07-23,48499.60795389625,48499.60795389625,47628.87890625,47628.87890625,439700
2024-07-24,47803.02339457418,47803.02339457418,46932.29437099359,47541.8046875,383300
2024-07-25,47803.02330729167,47803.02330729167,46758.148480902775,47019.3671875,416200
2024-07-26,47628.87894176136,48499.607990056815,47454.73313210227,47890.09765625,1302400
2024-07-29,48325.45690317623,48412.529798497264,47803.01953125,47803.01953125,427300
2024-07-30,47628.87631871578,48325.459518989504,47628.87631871578,47715.94921875,714700
2024-07-31,47715.9493174639,48412.5325191787,47628.87641724955,48238.38671875,926300
2024-08-01,48586.68089488636,50066.92027698863,47890.09765625,47890.09765625,1285700
2024-08-02,47890.09506862523,48238.386669124324,47454.73056800137,47977.16796875,597000
2024-08-05,47628.87445913461,47803.02025240385,45277.90625,45277.90625,1609500
2024-08-06,45974.49097091932,47019.365765712944,45364.98067395638,46409.85546875,738500
2024-08-07,46932.29146975425,46932.29146975425,45887.416706049145,46061.5625,704300
2024-08-08,46148.63799124053,46845.22120620265,45974.4921875,45974.4921875,892100
2024-08-09,46496.93231110075,47193.51556669776,46409.85940415112,46671.078125,471000
2024-08-12,46845.22138310185,47367.658796296295,46496.92977430556,47019.3671875,542700
2024-08-13,47454.731742058015,47715.950448895026,46845.221426104974,47280.5859375,732900
2024-08-14,47367.65776481149,49370.33447177962,47280.58486450853,48499.60546875,1649400
2024-08-15,48586.67836905296,49196.188671173695,48499.60546875,48499.60546875,899700
2024-08-16,48412.53266540853,49196.188769704706,48325.459764931176,49022.04296875,946500
2024-08-19,49022.04320528763,50328.13671875,48847.89740349264,50328.13671875,1178400
2024-08-20,50328.135452586204,50937.645743534486,49892.770959051726,50502.28125,970200
2024-08-21,50502.28508819687,50502.28508819687,49805.70184560105,49979.84765625,777500
2024-08-22,50153.992105263154,50328.13791118421,49283.263075657895,49631.5546875,785800
2024-08-23,49283.2617668058,50066.917872638405,49283.2617668058,49544.48046875,651200
2024-08-26,49544.48174327601,50241.06496638007,49370.3359375,49370.3359375,578500
2024-08-27,49370.335978618416,49979.846299342105,49370.335978618416,49631.5546875,692700
2024-08-28,49718.62894027657,50589.35799352134,49631.5560349521,49979.84765625,997600
2024-08-29,49979.84765625,50676.43089884582,49979.84765625,49979.84765625,824600
2024-08-30,50241.06377038043,50937.64697690217,49979.84506793478,50066.91796875,1404900
2024-09-04,49805.69921875,50241.0637224104,49631.55341728584,49805.69921875,698100
2024-09-05,49892.77339638158,50676.429523026316,49370.335978618416,49631.5546875,824400
2024-09-06,49631.55464616402,49892.773354828045,49370.3359375,49370.3359375,454100
2024-09-09,49370.33324065836,49544.47903692171,48412.53136120996,48934.96875,1129500
2024-09-10,49283.260171790236,49544.47886528029,48151.3125,48151.3125,1289900
2024-09-11,48499.60541939305,48499.60541939305,47890.0951178926,48238.38671875,649500
2024-09-12,49109.115720893504,49196.18862110785,48151.31381853565,48238.38671875,625800
2024-09-13,48325.46102105615,49022.04424298128,48325.46102105615,48847.8984375,538100
2024-09-16,48499.60678483423,49109.117103494624,48499.60678483423,48586.6796875,567100
2024-09-17,48499.60816509956,49196.19140625,48499.60816509956,49196.19140625,361500
2024-09-18,49196.190048462566,49283.26295120321,48847.8984375,48847.8984375,466900
2024-09-19,49022.045595962394,49370.33721653761,48934.972690818584,49196.19140625,358900
2024-09-20,49457.41022430314,49979.84765625,49196.191508329706,49979.84765625,946400
2024-09-23,50066.92056157448,50328.13927754791,49718.62894027657,49979.84765625,646600
2024-09-24,50241.06377038043,50328.13667119565,49805.69926630435,50066.91796875,598600
2024-09-25,50066.92056157448,50241.06637222343,49892.77475092553,49979.84765625,337400
2024-09-26,50066.9180628765,50937.64707266566,50066.9180628765,50589.35546875,1091100
2024-09-27,50763.502630876064,51198.8671474359,50415.21101762821,50937.6484375,794200
2024-09-30,51198.86572772491,51198.86572772491,50241.063817852504,50328.13671875,551500
2024-10-01,50502.28252054498,50502.28252054498,50153.990916955016,50328.13671875,559300
2024-10-02,50328.136574582604,50328.136574582604,49457.40756810193,49544.48046875,635600
2024-10-03,49805.697843309856,50241.06233494718,49457.40625,49457.40625,606400
2024-10-04,49457.407519876324,49631.553321002655,49283.26171875,49283.26171875,381200
2024-10-07,49283.26303461199,49718.62754905203,49196.19013172398,49370.3359375,414800
2024-10-08,49370.33457065941,49544.480371614125,48847.897167795294,49022.04296875,514800
2024-10-09,49109.1171875,49283.262993129436,48673.75267342642,49109.1171875,613900
2024-10-10,49283.2606152513,50415.20829722704,49196.18771663778,50241.0625,685400
2024-10-11,50415.20957201087,50676.42827445652,49979.84506793478,50066.91796875,379300
2024-10-14,50153.99082167832,50241.0637224104,49718.626318017916,49805.69921875,335400
2024-10-15,49805.69789842382,50676.426882662,49718.625,49718.625,642600
2024-10-16,49718.62641246756,50328.13671875,49718.62641246756,50328.13671875,531800
2024-10-17,50502.27980475567,50502.27980475567,49544.47794638961,49892.76953125,294700
2024-10-18,50066.92056157448,50589.35799352134,49892.77475092553,49979.84765625,245300
2024-10-21,49979.8449232553,50153.99072438163,49196.18881818684,49283.26171875,645600
2024-10-22,49109.1158203125,49196.188720703125,48673.75131835938,48760.82421875,646300
2024-10-23,48760.82421875,49196.188720703125,48412.5326171875,48760.82421875,369000
2024-10-24,48760.8228980322,48760.8228980322,48499.6042039356,48673.75,228400
2024-10-25,48673.752547860364,48760.82545045045,48064.24222972973,48325.4609375,449500
2024-10-28,48412.533840090095,48412.533840090095,48151.315132319825,48325.4609375,238900
2024-10-29,48325.45961896435,48499.60541939305,48064.2409183213,48238.38671875,258400
2024-10-30,48325.460895040764,48499.60670006793,47977.16928498641,48064.2421875,357300
2024-10-31,48151.31509001359,48934.97121263587,48064.2421875,48064.2421875,486300
2024-11-01,48412.53119349005,48847.89568264014,48151.3125,48151.3125,436900
2024-11-04,48673.752547860364,48847.898353040546,48325.4609375,48325.4609375,456700
2024-11-05,48673.752547860364,48847.898353040546,48238.38803490991,48325.4609375,271600
2024-11-06,48499.60678483423,48760.825492831544,48325.46097950269,48586.6796875,391500
2024-11-07,48760.826776079135,48847.89968103642,48412.53515625,48412.53515625,294500
2024-11-08,48499.60670006793,48673.75250509511,48064.2421875,48064.2421875,516500
2024-11-11,48151.3125,48586.67698915009,48064.23960216998,48151.3125,446500
2024-11-12,48238.38691199205,49979.8449232553,48238.38691199205,49283.26171875,1042200
2024-11-13,49370.33335167253,49631.55204665493,49022.04175836268,49457.40625,314300
2024-11-14,49457.40875668449,49457.40875668449,48760.82553475936,48847.8984375,298700
2024-11-15,48760.82545045045,48847.898353040546,48325.4609375,48325.4609375,386200
2024-11-18,49022.04415822072,49022.04415822072,48151.315132319825,48325.4609375,471600
2024-11-19,48760.82670454545,48760.82670454545,47890.09765625,47890.09765625,497100
2024-11-20,47628.87771677928,48325.4609375,47628.87771677928,48325.4609375,414600
2024-11-21,48412.53119349005,48412.53119349005,47977.166704339965,48151.3125,243200
2024-11-22,48151.31381853565,48760.8241200361,48151.31381853565,48238.38671875,382400
2024-11-25,48673.752547860364,48760.82545045045,48325.4609375,48325.4609375,388600
2024-11-26,48412.53392379679,49022.04424298128,48412.53392379679,48847.8984375,718100
2024-11-27,48847.8984375,49283.26295120321,48847.8984375,48847.8984375,432800
2024-11-28,49109.117060810815,49196.1899634009,48325.4609375,48325.4609375,342400
2024-11-29,48325.46102105615,48847.8984375,48064.24231283423,48847.8984375,436000
2024-12-02,48934.96875,49544.47903692171,48760.82295373665,48934.96875,355300
2024-12-03,48934.96875,49022.04164813167,48586.67715747331,48934.96875,374400
2024-12-04,48934.972792356275,50502.28508819687,48760.82698170732,49979.84765625,1381400
2024-12-05,50153.99086956522,50502.28247282609,49544.4805638587,50066.91796875,676400
2024-12-06,50241.0625,50937.645688908146,49892.77090554593,50241.0625,1069700
2024-12-09,50241.06377038043,50415.20957201087,49805.69926630435,50066.91796875,462400
2024-12-10,50066.9180628765,50763.50127070783,49979.84516189759,50589.35546875,735300
2024-12-11,50676.4296061198,50850.57541232639,50153.9921875,50153.9921875,817200
2024-12-12,50153.99086956522,50589.3553736413,50066.91796875,50066.91796875,507300
2024-12-13,50066.92056157448,50241.06637222343,49805.70184560105,49979.84765625,461700
2024-12-16,49979.8424274651,50153.98821989529,49805.6966350349,49892.76953125,206600
2024-12-17,50066.915323680194,50153.98821989529,49631.55084260471,49892.76953125,339400
2024-12-18,49892.77475092553,50153.99346689896,49892.77475092553,49979.84765625,270100
2024-12-19,49631.55336939807,49892.77207134227,49109.11596550967,49544.48046875,769800
2024-12-20,49544.483026825226,49718.62883711283,49109.1185011062,49196.19140625,778600
2024-12-23,49631.55341728584,50589.35532533872,49370.33471508959,49805.69921875,588200
2024-12-24,49892.77211948208,50066.91792094624,49631.55341728584,49805.69921875,510800
2024-12-25,50066.92056157448,50328.13927754791,49805.70184560105,49979.84765625,845200
2024-12-26,49799.41057001795,50521.14115798923,49799.41057001795,50250.4921875,866500
2024-12-27,50340.70703125,50340.70703125,49709.19278533826,50340.70703125,632700
2024-12-30,50250.49406751337,50611.359375,49799.412433155085,50611.359375,478700
2024-12-31,50430.92781531531,50430.92781531531,50070.0625,50070.0625,366000
2025-01-02,50340.70999606565,50340.70999606565,49709.195712960885,50160.27734375,359100
2025-01-03,50160.2784375,50250.494765625,49618.98046875,49618.98046875,367400
2025-01-06,49528.76542094217,50250.49606459888,48355.953125,48355.953125,941500
2025-01-07,48446.16796875,48897.24960719274,48446.16796875,48446.16796875,403600
2025-01-08,48446.16796875,48626.600624127095,48355.95164106145,48446.16796875,496600
2025-01-09,48446.16945545709,48716.81844682836,48265.736794542914,48355.953125,411400
2025-01-10,48355.953125,48716.81844682836,48355.953125,48355.953125,475600
2025-01-13,48175.51698243993,49077.68022181146,48085.300658502776,48807.03125,462200
2025-01-14,48716.81680045871,49167.8984375,48716.81680045871,49167.8984375,329200
2025-01-15,49618.98046875,49618.98046875,49077.6825,49618.98046875,331800
2025-01-16,49618.98046875,49618.98046875,49077.6825,49618.98046875,331800
2025-01-17,48626.597231975655,49618.97676732209,47995.08298220974,48175.515625,637800
2025-01-20,48355.94963031423,48897.24757393715,48355.94963031423,48807.03125,200400
2025-01-21,49077.683768656716,49077.683768656716,48265.736794542914,48355.953125,257900
2025-01-22,48626.600624127095,48807.03327950419,48355.95164106145,48446.16796875,201200
2025-01-23,48716.81640625,48807.032732928245,48355.95109953704,48716.81640625,235100
2025-01-24,48446.1664875697,48807.03178729089,48446.1664875697,48536.3828125,302900
2025-01-27,48536.3828125,48536.3828125,48536.3828125,48536.3828125,0
2025-01-28,48536.3828125,48536.3828125,48536.3828125,48536.3828125,0
2025-01-29,48536.3828125,48536.3828125,48536.3828125,48536.3828125,0
2025-01-30,48536.3828125,48536.3828125,48536.3828125,48536.3828125,0
2025-01-31,48536.3828125,48536.3828125,48536.3828125,48536.3828125,0
2025-02-03,48355.95084203036,48536.383494426,47453.78758005219,47544.00390625,598200
2025-02-04,47634.22023244782,47814.652884843454,47273.354927656546,47544.00390625,438000
2025-02-05,47634.22210451977,47904.87109375,47544.005774776364,47904.87109375,269800
2025-02-06,47995.085537239094,47995.085537239094,47544.00390625,47544.00390625,352600
2025-02-07,47544.004450441316,47634.220777671755,47183.13914151956,47273.35546875,768400
2025-02-10,47092.921875,47273.35452586207,46912.489224137935,47092.921875,645100
2025-02-11,47002.7066375969,47092.92296511628,46461.40867248062,46551.625,747000
2025-02-12,46641.84078456165,46912.48976396917,46641.84078456165,46822.2734375,90500
2025-02-13,46822.27249304884,46912.488817698264,46641.83984375,46641.83984375,274800
2025-02-14,47273.35562015504,47273.35562015504,46461.40867248062,46551.625,668700
2025-02-17,46461.40433891879,46551.62065802349,46010.32274339531,46100.5390625,1115900
2025-02-18,46100.54538726807,46461.4107131958,46010.32905578613,46190.76171875,489700
2025-02-19,46190.760233918125,46371.19289108187,46100.54390533626,46280.9765625,871100
2025-02-20,46461.40773194309,46551.62405763618,46280.975080556906,46371.19140625,580300
2025-02-21,46551.62593508687,47092.92391107626,46371.19327642374,46732.05859375,751900
2025-02-24,46732.05750536737,47273.35546875,46732.05750536737,47273.35546875,713800
2025-02-25,48265.73506828483,48265.73506828483,47002.706487058684,47273.35546875,484400
2025-02-26,47363.5708512931,47363.5708512931,46912.489224137935,47092.921875,647800
2025-02-27,47092.921875,47183.138200431036,46732.05657327586,47092.921875,457200
2025-02-28,46912.487864077666,47183.13683252427,46461.40625,46461.40625,928900
2025-03-03,46912.488817698264,46912.488817698264,46461.40719445116,46641.83984375,580400
2025-03-04,46641.83931039664,47002.70460486779,46461.406663161055,46912.48828125,736100
2025-03-05,46912.49125241313,47002.70758174469,46551.62593508687,46732.05859375,480300
2025-03-06,46732.05670902237,46822.273034715465,46280.975080556906,46371.19140625,1209600
2025-03-07,46822.276039123535,46912.49237060547,46100.54538726807,46190.76171875,1424200
2025-03-10,46461.40773194309,46641.840383329276,46010.32610347762,46371.19140625,1214300
2025-03-11,46280.97805023193,46371.19438171387,45920.1127243042,46190.76171875,1571800
2025-03-12,46010.32274339531,46461.40433891879,46010.32274339531,46100.5390625,1576300
2025-03-13,46100.5390625,46461.40433891879,46010.32274339531,46100.5390625,1125100
2025-03-14,46280.97601744186,47273.35562015504,46190.75968992248,46551.625,1387600
2025-03-17,46912.49031007752,47002.7066375969,46371.192344961244,46551.625,738900
2025-03-18,46551.62065802349,46822.26961533757,46100.5390625,46100.5390625,1619800
2025-03-19,46280.976170337104,46280.976170337104,45829.89453125,45829.89453125,2188100
2025-03-20,45920.10991539032,46100.54256731719,45559.24461153656,45649.4609375,1384600
2025-03-21,45829.894135188864,45829.894135188864,45378.8125,45378.8125,1204900
2025-03-24,45378.81060558617,45469.02692885772,45017.9453125,45017.9453125,1549500
2025-03-25,45198.38122004288,45288.59754982341,44702.19140625,44702.19140625,1603600
2025-03-26,44702.19140625,45198.38122004288,44566.86691157921,44702.19140625,1262300
2025-03-27,44702.19140625,44837.515900920785,44611.975076469476,44702.19140625,988300
2025-03-28,44747.2974137931,44837.51373922414,44386.432112068964,44476.6484375,1139000
2025-03-31,44431.54230972009,44566.86680406442,44115.78515625,44115.78515625,1125000
2025-04-01,44251.10494633359,44747.29470618034,44070.672306389315,44521.75390625,955800
2025-04-02,44566.864762931036,44611.97292564655,44296.215786637935,44476.6484375,630100
2025-04-03,43574.48348043893,43574.48348043893,41364.18359375,41364.18359375,3156200
2025-04-04,38477.26306138264,40462.022234537195,38477.26306138264,39108.77734375,3848700
2025-04-08,39108.77871919014,40191.374669894365,38251.72359154929,38432.15625,3263800
2025-04-09,37439.77403982426,40236.48005243764,37439.77403982426,39785.3984375,3152100
2025-04-10,42537.0,42537.0,42491.89183457052,42537.0,598500
2025-04-11,43303.836734693876,44747.29795918367,42536.997959183675,44206.0,4010000
2025-04-14,44657.08203125,44882.62284958964,43800.02692155934,44657.08203125,2473300
2025-04-15,44251.104774929416,44296.21293474076,43123.40077964579,43935.34765625,2331300
2025-04-16,43484.26667542017,43754.91563813025,42717.4279477416,42942.96875,1343400
2025-04-17,42672.32084441489,42852.75349069149,42356.56371343085,42401.671875,1363100
2025-04-18,42762.53784978881,43303.83579725449,42582.10520063358,42717.4296875,845000
2025-04-21,42672.32328158174,42942.97226645435,42491.890625,42491.890625,472500
2025-04-22,42401.67390356759,42852.75554083959,40597.347354479614,42040.80859375,1204500
2025-04-23,43123.40223122428,43845.1328125,42762.53694058642,43845.1328125,1164100
2025-04-24,44206.00093686484,44521.75808641387,44025.56827997968,44386.43359375,1696900
2025-04-25,44386.43304924242,44657.08203125,44115.78406723485,44657.08203125,1951100
2025-04-28,44611.97591781616,46280.97805023193,44431.543254852295,46190.76171875,1966300
2025-04-29,45829.89146959459,45829.89146959459,43394.05078125,43394.05078125,4405000
2025-04-30,43394.05078125,43394.05078125,43394.05078125,43394.05078125,0
2025-05-01,43394.05078125,43394.05078125,43394.05078125,43394.05078125,0
2025-05-02,43394.05078125,43394.05078125,43394.05078125,43394.05078125,0
2025-05-05,43394.05078125,43394.05078125,43394.05078125,43394.05078125,0
2025-05-06,43213.62109375,43439.161913654745,42536.99863403575,43213.62109375,1250000
2025-05-07,43709.80967133621,43709.80967133621,43078.295393318964,43168.51171875,789500
2025-05-08,43348.9453125,43664.70245837669,43303.83714880333,43348.9453125,767300
2025-05-09,43394.05386682544,43980.460000160914,43394.05386682544,43800.02734375,858200
2025-05-12,43800.02734375,43800.02734375,43800.02734375,43800.02734375,0
2025-05-13,44386.43573053589,44657.08472889282,44206.00306496461,44611.9765625,1225700
2025-05-14,44747.2961928934,44747.2961928934,44386.43090101523,44431.5390625,1005900
2025-05-15,44296.21672190657,44792.40652225378,44296.21672190657,44657.08203125,1128000
2025-05-16,44657.081883697814,45649.46148111332,44657.081883697814,45378.8125,1279400
2025-05-19,45288.59727112676,45288.59727112676,44747.29929577465,44837.515625,753400
2025-05-20,45288.59727112676,45288.59727112676,44747.29929577465,44837.515625,753400
2025-05-21,44657.08149002259,45017.94679499247,44611.97332690135,44927.73046875,583600
2025-05-22,44927.729523689515,45063.05401020666,44657.08055065524,44747.296875,576400
2025-05-23,44747.29808660624,44837.51441339376,44566.86543303122,44792.40625,793900
2025-05-26,45017.950060035386,45017.950060035386,43935.35406660768,44611.9765625,715800
2025-05-27,45017.950060035386,45017.950060035386,43935.35406660768,44611.9765625,715800
2025-05-28,44882.625560856926,44882.625560856926,44566.86839610718,44611.9765625,590800
2025-05-29,44747.30106167846,44837.51739446411,44431.54389692871,44611.9765625,597900
2025-05-30,44657.07986992386,44927.72883883249,44431.5390625,44431.5390625,773000
2025-06-02,43980.45891483342,44521.75687070829,43800.02626287513,44341.32421875,569400
2025-06-03,43980.45891483342,44521.75687070829,43800.02626287513,44341.32421875,569400
2025-06-04,44386.43304924242,44702.19019491793,44386.43304924242,44657.08203125,604500
2025-06-05,44747.297280439125,45739.67685722305,44702.18911785803,45198.37890625,1483800
2025-06-06,45108.16366792929,45288.596322601006,44657.08203125,44657.08203125,994000
2025-06-09,44251.10843542093,44566.86558022006,44070.67578125,44070.67578125,923500
2025-06-10,44251.10843542093,44566.86558022006,44070.67578125,44070.67578125,923500
2025-06-11,44431.54108959186,44431.54108959186,44025.56761770727,44070.67578125,844500
2025-06-12,44115.783673469385,44296.216326530615,44070.675510204084,44206.0,347400
2025-06-13,44296.219397750254,44747.30106167846,44296.219397750254,44611.9765625,631300
2025-06-16,44206.00159245711,44837.515900920785,44206.00159245711,44702.19140625,976600
2025-06-17,44206.00159245711,44837.515900920785,44206.00159245711,44702.19140625,976600
2025-06-18,44747.29754754755,45829.89345595596,44702.1893846972,45063.0546875,1505900
2025-06-19,45063.05550426136,45198.379995265146,44657.08203125,44657.08203125,1297100
2025-06-20,44837.51739446411,44972.841893642566,44386.43573053589,44611.9765625,1024900
2025-06-23,44386.43090101523,44611.97170843909,44296.214578045685,44431.5390625,1049600
2025-06-24,44386.43090101523,44611.97170843909,44296.214578045685,44431.5390625,1049600
2025-06-25,44657.081759818735,44792.40625,44521.75726963746,44792.40625,710200
2025-06-26,44521.75739314115,45559.24515407554,44521.75739314115,45378.8125,1762000
2025-06-27,45739.674829826734,45829.8911509901,45378.80954517327,45559.2421875,1283600
2025-06-30,45655.157047872344,45799.02834109043,44983.75767952128,45079.671875,1923100
2025-07-01,45655.157047872344,45799.02834109043,44983.75767952128,45079.671875,1923100
2025-07-02,45079.672479189045,45079.672479189045,44600.10149536788,44648.05859375,904400
2025-07-03,44600.101697198275,44600.101697198275,44216.444908405174,44504.1875,1099500
2025-07-04,44504.1877027027,44696.01609797297,44360.31640625,44360.31640625,1535400
2025-07-07,44600.101697198275,44743.97299299569,44408.273302801725,44504.1875,1320400
2025-07-08,44600.101697198275,44743.97299299569,44408.273302801725,44504.1875,1320400
2025-07-09,44552.14399763207,44935.80078125,44552.14399763207,44935.80078125,1639400
2025-07-10,45079.671022429175,45799.02747491474,44983.75682876443,45703.11328125,2602200
2025-07-11,45751.073666515076,46374.51597014683,45751.073666515076,46134.73046875,2150900
2025-07-14,46182.68770751953,46374.51610921224,45703.116703287764,46038.81640625,1272000
2025-07-15,46182.68770751953,46374.51610921224,45703.116703287764,46038.81640625,1272000
2025-07-16,46038.816337148804,46902.04414347034,45990.85923679761,46086.7734375,2151700
2025-07-17,46086.77350667318,46182.68770751953,45703.116703287764,46038.81640625,1366400
2025-07-18,46086.77295728952,46710.21525535899,45894.94455788352,46422.47265625,2042400
2025-07-21,46086.76998984539,46374.51257042715,45751.0703125,45751.0703125,1645300
2025-07-22,46086.76998984539,46374.51257042715,45751.0703125,45751.0703125,1645300
2025-07-23,45799.02727837343,45942.89856825314,45559.24179524059,45846.984375,797900
2025-07-24,45894.94428771219,46902.04337866513,45559.24459072788,46614.30078125,2660200
2025-07-25,46949.99993223852,47957.09901147959,46710.21443718112,46997.95703125,2245700
2025-07-28,47333.65631734914,47477.52761314655,46902.0424299569,47285.69921875,2668300
2025-07-29,47333.65631734914,47477.52761314655,46902.0424299569,47285.69921875,2668300
2025-07-30,47285.697886417634,47477.52627540919,45415.37109375,45415.37109375,2638000
2025-07-31,45463.32786239496,45846.98463760504,45415.370765493695,45655.15625,2020500
2025-08-01,45751.070378082375,46422.469733735576,45559.24199075289,45703.11328125,1914100
2025-08-04,46038.816268191265,46134.73046875,45703.11656623571,46134.73046875,804800
2025-08-05,46038.816268191265,46134.73046875,45703.11656623571,46134.73046875,804800
2025-08-06,46134.727351973685,46230.64154605263,45463.32799342105,45559.2421875,2101200
2025-08-07,45655.15598849372,46182.684051385986,45415.37050536088,45846.984375,980700
2025-08-08,46038.81289308176,46038.81289308176,45607.19902220912,45751.0703125,860100
2025-08-11,46038.816130705396,46566.34423220306,46038.816130705396,46230.64453125,1467500
2025-08-12,46038.816130705396,46566.34423220306,46038.816130705396,46230.64453125,1467500
2025-08-13,46422.47279373706,46566.34409371765,46230.644393762945,46326.55859375,1258100
2025-08-14,46470.430379953075,46470.430379953075,45894.94517400939,45990.859375,1126700
2025-08-15,46134.72682346033,46134.72682346033,45799.027148029745,45942.8984375,1143800
2025-08-18,45607.19974897269,45799.02813908404,45223.54296875,45223.54296875,962200
2025-08-19,45607.19974897269,45799.02813908404,45223.54296875,45223.54296875,962200
2025-08-20,45319.45716380567,45415.37135886135,45127.62877369433,45223.54296875,1046500
2025-08-21,45223.54350350936,45223.54350350936,44648.05832637032,44839.88671875,1212700
2025-08-22,44648.058526689914,44983.758214860514,44408.273035139486,44696.015625,1406200
2025-08-25,43928.70339912281,44120.53179824562,43640.960800438595,43736.875,990900
2025-08-26,43928.70339912281,44120.53179824562,43640.960800438595,43736.875,990900
2025-08-27,43736.87459150327,44024.6171875,43593.0032935049,44024.6171875,696900
2025-08-28,44216.445448369566,44408.2738451087,43976.659952445654,44120.53125,1209900
2025-08-29,44120.53051154672,44743.97279051423,44120.53051154672,44648.05859375,545500
2025-09-01,44648.05859375,44648.05859375,44648.05859375,44648.05859375,0
2025-09-02,44648.05859375,44648.05859375,44648.05859375,44648.05859375,0
2025-09-03,44696.015962108955,44696.015962108955,44360.31627140642,44456.23046875,558900
2025-09-04,44696.015962108955,44696.015962108955,44360.31627140642,44456.23046875,558900
2025-09-05,44600.10076632166,45271.50013269639,44456.22947352707,45175.5859375,1013000
2025-09-08,45559.24312232906,45607.20022035256,44839.8866519765,44887.84375,869100
2025-09-09,45559.24312232906,45607.20022035256,44839.8866519765,44887.84375,869100
2025-09-10,44839.8873262014,44887.844424946,44312.359240010795,44408.2734375,858200
2025-09-11,44600.10190033784,44696.01609797297,44264.40220861486,44360.31640625,506700
2025-09-12,44504.1875,44600.101697198275,43832.78811961207,44504.1875,705600
2025-09-15,45031.71517833244,45079.672276498924,44743.97258933351,44791.9296875,507500
2025-09-16,45031.71517833244,45079.672276498924,44743.97258933351,44791.9296875,507500
2025-09-17,45031.713732348326,46182.684051385986,44696.01405596235,45846.984375,2744100
2025-09-18,45846.98503567653,46182.684716900105,45367.4140625,45367.4140625,983000
2025-09-19,45511.286024305555,45607.20022035256,44791.92955395299,44887.84375,1010400
2025-09-22,44216.44585954595,44552.14555696116,43640.96066397702,43832.7890625,1354200
2025-09-23,44216.44585954595,44552.14555696116,43640.96066397702,43832.7890625,1354200
2025-09-24,43928.703125,44216.445721888645,43784.83182655567,43928.703125,447500
2025-09-25,44024.61691635032,44216.4453125,43640.96012405097,44216.4453125,503600
2025-09-26,44264.4027526922,44360.31695150627,43880.74595743593,43976.66015625,468600
2025-09-29,43832.78933722527,43832.78933722527,43497.08963770604,43640.9609375,571100
2025-09-30,43832.78933722527,43832.78933722527,43497.08963770604,43640.9609375,571100
2025-10-01,43640.96135232301,43736.87555309734,43305.26164961283,43353.21875,553000
2025-10-02,43449.1328125,43688.91831367274,43353.218612030905,43449.1328125,324100
2025-10-03,43545.046875,43880.746575578196,43545.046875,43545.046875,696400
2025-10-06,44168.48814582205,44312.359442713976,43832.788453074216,44264.40234375,894200
2025-10-07,44168.48814582205,44312.359442713976,43832.788453074216,44264.40234375,894200
2025-10-08,44552.145142663045,44552.145142663045,44024.617051630434,44120.53125,690800
2025-10-09,44408.27391356094,44504.18811207835,44072.57421875,44072.57421875,517900
2025-10-10,44120.53179824562,44168.48889802632,43688.9179002193,43736.875,557300
2025-10-13,43640.960325421656,44072.57421875,43497.08902764554,44072.57421875,521600
2025-10-14,43640.960325421656,44072.57421875,43497.08902764554,44072.57421875,521600
2025-10-15,43928.70367566079,44072.57497590859,43545.046875,43545.046875,579100
2025-10-16,43593.004182493096,43832.78968404696,43401.17578125,43401.17578125,544100
2025-10-17,43449.132950774336,43736.87555309734,43257.304549225664,43353.21875,467500
2025-10-20,43209.34514825994,43401.17353959517,42202.24609375,42202.24609375,961100
2025-10-21,43209.34514825994,43401.17353959517,42202.24609375,42202.24609375,961100
2025-10-22,42346.11679204162,42681.81647215973,42202.24550056243,42633.859375,806800
2025-10-23,42633.85891723633,42969.55859375,42442.03053065709,42969.55859375,390300
2025-10-24,42969.56160616061,43784.8323062775,42729.776106126235,43593.00390625,730200
2025-10-27,43640.961006256875,43880.74650629125,43353.21840621562,43593.00390625,691600
2025-10-28,43640.961006256875,43880.74650629125,43353.21840621562,43593.00390625,691600
2025-10-29,43593.00390625,43784.8323062775,43497.08970623625,43593.00390625,405600
2025-10-30,43928.70319330601,44120.53159153005,43593.003496413934,43880.74609375,762700
2025-10-31,44024.61746102298,44024.61746102298,43545.04646471554,43832.7890625,623700
2025-11-03,43928.70245005399,44743.9731287122,43880.74535130939,44408.2734375,858900
2025-11-04,44552.14480152027,44552.14480152027,43640.959923986484,44360.31640625,851500
2025-11-05,44552.14480152027,44552.14480152027,43640.959923986484,44360.31640625,851500
2025-11-06,44120.53104685807,44408.27364064193,44024.61684893012,44264.40234375,543600
2025-11-07,44024.61691635032,44504.18790672451,44024.61691635032,44216.4453125,560000
2025-11-10,44312.35964673913,44456.23094429348,44120.53125,44120.53125,515600
2025-11-11,44072.57308360043,45319.45763221154,44024.61598557692,44887.84375,1271900
2025-11-12,44887.84355031949,45175.586137180515,44696.01515907881,45031.71484375,753600
2025-11-13,45175.58554193038,45607.19941653481,44935.80005603903,45463.328125,1122200
2025-11-14,45463.32852308917,45607.19981588376,45127.62883990181,45175.5859375,842800
2025-11-17,45175.585739087306,45655.15671296296,45175.585739087306,45319.45703125,1032700
2025-11-18,45367.414194915254,45559.24258474576,44887.84322033898,45271.5,623200
2025-11-19,45271.500265957446,45271.500265957446,44983.75767952128,45079.671875,665000
2025-11-20,45463.32858993093,45559.24278526833,45031.714710912594,45127.62890625,776700
2025-11-21,45031.71517833244,45031.71517833244,44600.10129483404,44791.9296875,542300
2025-11-24,44791.930432353736,45079.67302613759,44264.40234375,44264.40234375,863800
2025-11-25,44312.359240010795,44887.844424946,44216.4450425216,44408.2734375,435300
2025-11-26,44504.187365591395,44887.84415322581,44504.187365591395,44600.1015625,374600
2025-11-27,44839.887190193964,44839.887190193964,44456.23040140086,44504.1875,301100
2025-11-28,44504.1875,44743.97299299569,44408.273302801725,44504.1875,381200
2025-12-01,44648.0591796875,47573.442219387754,44648.0591796875,46997.95703125,4104800
2025-12-02,46997.95637523855,50259.0390625,46854.08508021231,50259.0390625,5646800
2025-12-03,51793.66690751445,52177.32369942196,49779.46875,49779.46875,3231900
2025-12-04,51793.66690751445,52177.32369942196,49779.46875,49779.46875,3231900
2025-12-05,48820.325685554715,49203.98246893825,47765.26953125,47765.26953125,2542700
2025-12-08,47765.268943843985,51026.3515625,47669.35474917763,51026.3515625,5248000
2025-12-09,52273.23595802064,53040.549513367725,51122.265625,51122.265625,4328800
2025-12-10,51122.26808252427,51218.182281553396,49299.898300970875,49395.8125,2433700
2025-12-11,49587.639818355645,50834.52437858509,49395.81142447419,50163.125,1643600
2025-12-12,49875.3815625,50450.866734375,47909.14055859375,47957.09765625,2534500
2025-12-15,48244.83958075495,49395.80990872525,47957.096998762376,48436.66796875,1509700
2025-12-16,48916.24123549323,49875.3832205029,46134.729478965186,49587.640625,2083100
2025-12-17,49683.55303455589,49683.55303455589,48053.01171875,48053.01171875,1555300
2025-12-18,49683.55303455589,49683.55303455589,48053.01171875,48053.01171875,1555300
2025-12-19,48148.92644932093,48148.92644932093,47573.44127263581,47669.35546875,1138800
2025-12-22,47669.35560263357,48244.84078093498,47429.57011167465,47573.44140625,995900
2025-12-23,47669.35573705808,47861.184130366164,46902.04216382576,47477.52734375,1429100
2025-12-24,47477.52829629867,47573.44249487705,46806.12890625,46806.12890625,997100
2025-12-25,47477.52829629867,47573.44249487705,46806.12890625,46806.12890625,997100
2025-12-26,46134.729583333334,47189.785769230766,46134.729583333334,46758.171875,1433800
2025-12-29,46806.12890625,47237.74279985271,46614.30050909324,46806.12890625,882900
2025-12-30,46902.04203156502,47861.18399540071,46422.47104964718,47573.44140625,1279000
2025-12-31,47573.442219387754,47573.442219387754,46997.95703125,46997.95703125,579700
2026-01-01,46997.95703125,46997.95703125,46997.95703125,46997.95703125,0
2026-01-02,46997.95703125,46997.95703125,46997.95703125,46997.95703125,0
2026-01-05,47141.829574616684,47189.78667489605,46086.77336847063,46134.73046875,1623700
2026-01-06,46230.641479363825,46230.641479363825,45223.542442987644,45607.19921875,1942000
2026-01-07,45655.15892396907,46854.08641672036,45655.15892396907,46518.38671875,2000300
2026-01-08,46518.386993724125,47381.61479360766,46326.55859375,46326.55859375,1599300
2026-01-09,46902.0429009193,47861.1848825332,46614.300306435136,46950.0,2041500
2026-01-12,47200.0,47450.0,46150.0,47000.0,1678300
2026-01-13,47050.0,50200.0,47050.0,50200.0,3322400
2026-01-14,51300.0,53700.0,51300.0,53700.0,4550700
2026-01-15,55000.0,57100.0,52700.0,52700.0,6078400
2026-01-16,52700.0,53800.0,51800.0,52500.0,2852800
2026-01-19,52500.0,52700.0,50200.0,51100.0,2768200
2026-01-20,52000.0,54300.0,51500.0,52300.0,3633500
2026-01-21,52000.0,52000.0,50200.0,50600.0,2222400
2026-01-22,51000.0,52000.0,50500.0,50600.0,1396700
2026-01-23,50700.0,51300.0,48900.0,49300.0,2328200
2026-01-26,49300.0,50000.0,48300.0,48500.0,1694200
2026-01-27,48950.0,49550.0,48250.0,49550.0,1290400
2026-01-28,49900.0,50300.0,48750.0,48950.0,1151800
2026-01-29,49100.0,50600.0,49000.0,50300.0,1623900
2026-01-30,51000.0,51400.0,49900.0,49900.0,1724800
2026-02-02,49900.0,50900.0,49200.0,49900.0,1193500
2026-02-03,50900.0,52400.0,50300.0,52100.0,2564900
2026-02-04,52400.0,53300.0,51600.0,51700.0,1558600
2026-02-05,52200.0,52200.0,50000.0,50100.0,1682000
2026-02-06,49500.0,49800.0,48700.0,48750.0,1886100
2026-02-09,48900.0,49450.0,48900.0,49450.0,519800
2026-02-10,49450.0,49650.0,47750.0,48350.0,1278300
2026-02-11,48400.0,48800.0,48050.0,48700.0,675500
2026-02-12,48700.0,49200.0,48500.0,48800.0,508400
2026-02-13,49000.0,49000.0,48400.0,48500.0,758900
2026-02-16,48500.0,48500.0,48500.0,48500.0,0
2026-02-17,48500.0,48500.0,48500.0,48500.0,0
2026-02-18,48500.0,48500.0,48500.0,48500.0,0
2026-02-19,48500.0,48500.0,48500.0,48500.0,0
2026-02-20,48500.0,48500.0,48500.0,48500.0,0
2026-02-23,48600.0,49150.0,48600.0,48850.0,747400
2026-02-24,48850.0,49250.0,48650.0,48800.0,812400
2026-02-25,48800.0,49900.0,48800.0,49200.0,1341700
2026-02-26,49500.0,49550.0,48800.0,49100.0,1107900
2026-02-27,49100.0,49200.0,48350.0,48400.0,1197000
2026-03-02,47050.0,47850.0,47000.0,47200.0,1618800
2026-03-03,47050.0,47850.0,47000.0,47200.0,1618800
2026-03-04,46050.0,46500.0,45200.0,46000.0,1327100
2026-03-05,46150.0,46450.0,45650.0,45650.0,768200
2026-03-06,45650.0,46200.0,45550.0,45600.0,804600
2026-03-09,43750.0,44000.0,42450.0,42450.0,3538000
2026-03-10,43600.0,44750.0,43100.0,44750.0,1473200
2026-03-11,44600.0,45000.0,44050.0,44800.0,966300
2026-03-12,44650.0,44650.0,43700.0,43750.0,824200
2026-03-13,43750.0,44650.0,43650.0,44400.0,599500
2026-03-16,44200.0,44650.0,44100.0,44500.0,465900
2026-03-17,44500.0,45200.0,44350.0,44350.0,700800
2026-03-18,44500.0,44850.0,43900.0,44450.0,577100
2026-03-19,44350.0,44450.0,43600.0,44350.0,840600
2026-03-20,44350.0,44350.0,42600.0,42600.0,1019800
2026-03-23,42500.0,43200.0,42200.0,42900.0,789200
2026-03-24,43450.0,45100.0,43250.0,45100.0,779500
2026-03-25,44800.0,45150.0,44400.0,44750.0,817400
2026-03-26,44650.0,44650.0,43600.0,43750.0,472100
2026-03-27,44000.0,44350.0,43750.0,44150.0,346700
2026-03-30,43900.0,44550.0,42050.0,44150.0,668100
2026-03-31,44250.0,44650.0,44150.0,44300.0,413500
2026-04-01,44750.0,44800.0,44350.0,44500.0,469200
2026-04-02,44700.0,44700.0,44100.0,44200.0,401600
2026-04-03,44600.0,44750.0,44100.0,44100.0,543600
2026-04-06,44200.0,44750.0,44050.0,44400.0,640800
2026-04-07,44450.0,44600.0,43900.0,44050.0,408500
2026-04-08,44950.0,45550.0,44500.0,45400.0,901300
2026-04-09,45000.0,45450.0,44850.0,45100.0,510700
2026-04-10,45150.0,45950.0,45150.0,45800.0,627600
2026-04-13,45500.0,46000.0,45250.0,45450.0,427500
2026-04-14,45750.0,45950.0,45050.0,45150.0,554900
2026-04-15,45650.0,46350.0,45150.0,46150.0,805700
2026-04-16,46200.0,46200.0,45300.0,45750.0,349400
2026-04-17,46000.0,46450.0,45300.0,45500.0,676000
2026-04-20,45500.0,45900.0,45350.0,45500.0,249100
2026-04-21,45700.0,45700.0,45150.0,45150.0,486700
2026-04-22,45200.0,45300.0,44800.0,45050.0,621600
2026-04-23,45050.0,48200.0,44850.0,48200.0,3372800
2026-04-24,48100.0,48100.0,46650.0,47000.0,825900
2026-04-27,47000.0,47000.0,47000.0,47000.0,0
2026-04-28,47250.0,49400.0,47100.0,48500.0,1524700
2026-04-29,48000.0,48500.0,47500.0,47500.0,590700
2026-04-30,47500.0,47500.0,47500.0,47500.0,0
2026-05-01,47500.0,47500.0,47500.0,47500.0,0
2026-05-04,47500.0,47800.0,46550.0,47350.0,884900
2026-05-05,47250.0,47300.0,46150.0,47050.0,1090900
2026-05-06,47000.0,47800.0,46550.0,47800.0,654100
2026-05-07,47800.0,47800.0,46500.0,46650.0,1146500
2026-05-08,46400.0,46650.0,46200.0,46250.0,886100
2026-05-11,46250.0,47800.0,45800.0,47600.0,1480800
2026-05-12,47700.0,47750.0,46550.0,47000.0,656300
2026-05-13,47000.0,47000.0,46150.0,46550.0,586800
2026-05-14,46650.0,47500.0,46650.0,47000.0,511700
2026-05-15,47450.0,49100.0,47150.0,48550.0,1646900
2026-05-18,48550.0,48650.0,47750.0,48400.0,570000
2026-05-19,48450.0,49200.0,47650.0,48500.0,972600
2026-05-20,48500.0,48500.0,47200.0,47700.0,716000
2026-05-21,48100.0,48650.0,47650.0,48000.0,665600
2026-05-22,48300.0,49350.0,48050.0,48100.0,917600
2026-05-25,48000.0,48950.0,47850.0,47900.0,439000
2026-05-26,48000.0,48000.0,47100.0,47200.0,880400
2026-05-27,47350.0,47750.0,47050.0,47750.0,437900
2026-05-28,47700.0,47700.0,47200.0,47200.0,345600
2026-05-29,47300.0,47400.0,46950.0,46950.0,520300
2026-06-01,46850.0,47250.0,46800.0,47200.0,416200
2026-06-02,47150.0,47250.0,46800.0,47000.0,596100
